Name	Oppstryn	Flo	StrynKroken	Grotli Iii	Åkerneset	Ørsta - Eitrefjell
Eier	Kommune	Kommune	Met.no	Met.No	NVE	Met.no
Point ID	7	8	1	32	31	30
Network	Hstats	Hstats	Hstats	Hstats	Hstats	Hstats
RefSystem	utm-33n	utm-33n	utm-33n	utm-33n	utm-33n	utm-33n
HOH	307	29	199	872	900	690
Missing	-99	-99	-99	-99	-99	-99
Xcoord	92543	82308	57485	116537	84028	47058
Ycoord	6891071	6893786	6893688	6897712	6921226	5922540
Min	10.0	30.0	22.0	39.0	16.0	15.0
01.01.1980	67	84	-99	-99	-99	-99
02.01.1980	54	76	-99	-99	-99	-99
03.01.1980	26	73	-99	-99	-99	-99
04.01.1980	26	31	-99	-99	-99	-99
05.01.1980	41	43	-99	-99	-99	-99
06.01.1980	45	53	-99	-99	-99	-99
07.01.1980	68	75	-99	-99	-99	-99
08.01.1980	57	82	-99	-99	-99	-99
09.01.1980	51	60	-99	-99	-99	-99
10.01.1980	44	57	-99	-99	-99	-99
11.01.1980	51	60	-99	-99	-99	-99
12.01.1980	92	87	-99	-99	-99	-99
13.01.1980	81	68	-99	-99	-99	-99
14.01.1980	80	94	-99	-99	-99	-99
15.01.1980	91	70	-99	-99	-99	-99
16.01.1980	95	90	-99	-99	-99	-99
17.01.1980	84	84	-99	-99	-99	-99
18.01.1980	99	100	-99	-99	-99	-99
19.01.1980	41	82	-99	-99	-99	-99
20.01.1980	44	43	-99	-99	-99	-99
21.01.1980	38	39	-99	-99	-99	-99
22.01.1980	42	42	-99	-99	-99	-99
23.01.1980	43	42	-99	-99	-99	-99
24.01.1980	47	52	-99	-99	-99	-99
25.01.1980	53	63	-99	-99	-99	-99
26.01.1980	94	95	-99	-99	-99	-99
27.01.1980	83	79	-99	-99	-99	-99
28.01.1980	94	95	-99	-99	-99	-99
29.01.1980	95	91	-99	-99	-99	-99
30.01.1980	45	64	-99	-99	-99	-99
31.01.1980	30	53	-99	-99	-99	-99
01.02.1980	65	76	-99	-99	-99	-99
02.02.1980	93	93	-99	-99	-99	-99
03.02.1980	95	87	-99	-99	-99	-99
04.02.1980	91	91	-99	-99	-99	-99
05.02.1980	33	80	-99	-99	-99	-99
06.02.1980	19	87	-99	-99	-99	-99
07.02.1980	23	60	-99	-99	-99	-99
08.02.1980	20	75	-99	-99	-99	-99
09.02.1980	37	48	-99	-99	-99	-99
10.02.1980	36	49	-99	-99	-99	-99
11.02.1980	54	71	-99	-99	-99	-99
12.02.1980	68	95	-99	-99	-99	-99
13.02.1980	75	94	-99	-99	-99	-99
14.02.1980	98	98	-99	-99	-99	-99
15.02.1980	81	87	-99	-99	-99	-99
16.02.1980	89	96	-99	-99	-99	-99
17.02.1980	66	86	-99	-99	-99	-99
18.02.1980	53	76	-99	-99	-99	-99
19.02.1980	60	58	-99	-99	-99	-99
20.02.1980	22	72	-99	-99	-99	-99
21.02.1980	16	42	-99	-99	-99	-99
22.02.1980	12	30	-99	-99	-99	-99
23.02.1980	26	79	-99	-99	-99	-99
24.02.1980	51	90	-99	-99	-99	-99
25.02.1980	68	91	-99	-99	-99	-99
26.02.1980	82	91	-99	-99	-99	-99
27.02.1980	81	91	-99	-99	-99	-99
28.02.1980	83	86	-99	-99	-99	-99
29.02.1980	97	-99	-99	-99	-99	-99
01.03.1980	82	89	-99	-99	-99	-99
02.03.1980	86	90	-99	-99	-99	-99
03.03.1980	85	84	-99	-99	-99	-99
04.03.1980	93	97	-99	-99	-99	-99
05.03.1980	88	94	-99	-99	-99	-99
06.03.1980	62	71	-99	-99	-99	-99
07.03.1980	45	45	-99	-99	-99	-99
08.03.1980	48	69	-99	-99	-99	-99
09.03.1980	50	70	-99	-99	-99	-99
10.03.1980	57	80	-99	-99	-99	-99
11.03.1980	45	57	-99	-99	-99	-99
12.03.1980	42	50	-99	-99	-99	-99
13.03.1980	36	45	-99	-99	-99	-99
14.03.1980	46	53	-99	-99	-99	-99
15.03.1980	42	67	-99	-99	-99	-99
16.03.1980	44	54	-99	-99	-99	-99
17.03.1980	23	37	-99	-99	-99	-99
18.03.1980	32	47	-99	-99	-99	-99
19.03.1980	46	60	-99	-99	-99	-99
20.03.1980	87	95	-99	-99	-99	-99
21.03.1980	44	67	-99	-99	-99	-99
22.03.1980	29	44	-99	-99	-99	-99
23.03.1980	22	56	-99	-99	-99	-99
24.03.1980	30	68	-99	-99	-99	-99
25.03.1980	25	50	-99	-99	-99	-99
26.03.1980	39	52	-99	-99	-99	-99
27.03.1980	32	48	-99	-99	-99	-99
28.03.1980	50	59	-99	-99	-99	-99
29.03.1980	50	60	-99	-99	-99	-99
30.03.1980	86	86	-99	-99	-99	-99
31.03.1980	66	70	-99	-99	-99	-99
01.04.1980	36	52	-99	-99	-99	-99
02.04.1980	45	66	-99	-99	-99	-99
03.04.1980	72	85	-99	-99	-99	-99
04.04.1980	80	87	-99	-99	-99	-99
05.04.1980	83	92	-99	-99	-99	-99
06.04.1980	73	76	-99	-99	-99	-99
07.04.1980	79	89	-99	-99	-99	-99
08.04.1980	95	87	-99	-99	-99	-99
09.04.1980	83	86	-99	-99	-99	-99
10.04.1980	86	93	-99	-99	-99	-99
11.04.1980	89	93	-99	-99	-99	-99
12.04.1980	83	88	-99	-99	-99	-99
13.04.1980	51	71	-99	-99	-99	-99
14.04.1980	47	70	-99	-99	-99	-99
15.04.1980	75	84	-99	-99	-99	-99
16.04.1980	72	86	-99	-99	-99	-99
17.04.1980	79	76	-99	-99	-99	-99
18.04.1980	93	92	-99	-99	-99	-99
19.04.1980	61	79	-99	-99	-99	-99
20.04.1980	93	94	-99	-99	-99	-99
21.04.1980	67	64	-99	-99	-99	-99
22.04.1980	51	73	-99	-99	-99	-99
23.04.1980	86	90	-99	-99	-99	-99
24.04.1980	48	56	-99	-99	-99	-99
25.04.1980	49	64	-99	-99	-99	-99
26.04.1980	37	70	-99	-99	-99	-99
27.04.1980	57	70	-99	-99	-99	-99
28.04.1980	69	80	-99	-99	-99	-99
29.04.1980	73	73	-99	-99	-99	-99
30.04.1980	52	64	-99	-99	-99	-99
01.05.1980	54	66	-99	-99	-99	-99
02.05.1980	54	68	-99	-99	-99	-99
03.05.1980	56	71	-99	-99	-99	-99
04.05.1980	42	64	-99	-99	-99	-99
05.05.1980	43	65	-99	-99	-99	-99
06.05.1980	62	81	-99	-99	-99	-99
07.05.1980	87	82	-99	-99	-99	-99
08.05.1980	88	83	-99	-99	-99	-99
09.05.1980	50	71	-99	-99	-99	-99
10.05.1980	57	59	-99	-99	-99	-99
11.05.1980	50	63	-99	-99	-99	-99
12.05.1980	46	64	-99	-99	-99	-99
13.05.1980	27	63	-99	-99	-99	-99
14.05.1980	43	67	-99	-99	-99	-99
15.05.1980	38	62	-99	-99	-99	-99
16.05.1980	34	58	-99	-99	-99	-99
17.05.1980	29	59	-99	-99	-99	-99
18.05.1980	37	60	-99	-99	-99	-99
19.05.1980	37	50	-99	-99	-99	-99
20.05.1980	62	72	-99	-99	-99	-99
21.05.1980	53	63	-99	-99	-99	-99
22.05.1980	69	84	-99	-99	-99	-99
23.05.1980	58	68	-99	-99	-99	-99
24.05.1980	93	89	-99	-99	-99	-99
25.05.1980	78	76	-99	-99	-99	-99
26.05.1980	90	80	-99	-99	-99	-99
27.05.1980	64	75	-99	-99	-99	-99
28.05.1980	91	87	-99	-99	-99	-99
29.05.1980	53	69	-99	-99	-99	-99
30.05.1980	57	74	-99	-99	-99	-99
31.05.1980	94	92	-99	-99	-99	-99
01.06.1980	86	73	-99	-99	-99	-99
02.06.1980	77	70	-99	-99	-99	-99
03.06.1980	52	68	-99	-99	-99	-99
04.06.1980	72	83	-99	-99	-99	-99
05.06.1980	59	72	-99	-99	-99	-99
06.06.1980	44	78	-99	-99	-99	-99
07.06.1980	51	86	-99	-99	-99	-99
08.06.1980	59	82	-99	-99	-99	-99
09.06.1980	77	88	-99	-99	-99	-99
10.06.1980	76	94	-99	-99	-99	-99
11.06.1980	63	76	-99	-99	-99	-99
12.06.1980	49	78	-99	-99	-99	-99
13.06.1980	78	82	-99	-99	-99	-99
14.06.1980	62	79	-99	-99	-99	-99
15.06.1980	32	97	-99	-99	-99	-99
16.06.1980	97	83	-99	-99	-99	-99
17.06.1980	61	78	-99	-99	-99	-99
18.06.1980	55	72	-99	-99	-99	-99
19.06.1980	51	53	-99	-99	-99	-99
20.06.1980	67	80	-99	-99	-99	-99
21.06.1980	100	72	-99	-99	-99	-99
22.06.1980	91	76	-99	-99	-99	-99
23.06.1980	73	93	-99	-99	-99	-99
24.06.1980	93	81	-99	-99	-99	-99
25.06.1980	48	63	-99	-99	-99	-99
26.06.1980	73	60	-99	-99	-99	-99
27.06.1980	88	60	-99	-99	-99	-99
28.06.1980	81	85	-99	-99	-99	-99
29.06.1980	97	80	-99	-99	-99	-99
30.06.1980	65	76	-99	-99	-99	-99
01.07.1980	53	73	-99	-99	-99	-99
02.07.1980	75	78	-99	-99	-99	-99
03.07.1980	91	84	-99	-99	-99	-99
04.07.1980	74	78	-99	-99	-99	-99
05.07.1980	61	73	-99	-99	-99	-99
06.07.1980	74	79	-99	-99	-99	-99
07.07.1980	60	80	-99	-99	-99	-99
08.07.1980	63	75	-99	-99	-99	-99
09.07.1980	71	71	-99	-99	-99	-99
10.07.1980	72	83	-99	-99	-99	-99
11.07.1980	68	73	-99	-99	-99	-99
12.07.1980	71	70	-99	-99	-99	-99
13.07.1980	90	82	-99	-99	-99	-99
14.07.1980	95	81	-99	-99	-99	-99
15.07.1980	89	82	-99	-99	-99	-99
16.07.1980	99	92	-99	-99	-99	-99
17.07.1980	91	90	-99	-99	-99	-99
18.07.1980	80	72	-99	-99	-99	-99
19.07.1980	91	95	-99	-99	-99	-99
20.07.1980	87	84	-99	-99	-99	-99
21.07.1980	92	93	-99	-99	-99	-99
22.07.1980	65	78	-99	-99	-99	-99
23.07.1980	73	75	-99	-99	-99	-99
24.07.1980	89	94	-99	-99	-99	-99
25.07.1980	62	81	-99	-99	-99	-99
26.07.1980	41	61	-99	-99	-99	-99
27.07.1980	60	69	-99	-99	-99	-99
28.07.1980	56	71	-99	-99	-99	-99
29.07.1980	63	71	-99	-99	-99	-99
30.07.1980	49	74	-99	-99	-99	-99
31.07.1980	56	71	-99	-99	-99	-99
01.08.1980	76	89	-99	-99	-99	-99
02.08.1980	76	76	-99	-99	-99	-99
03.08.1980	81	78	-99	-99	-99	-99
04.08.1980	83	90	-99	-99	-99	-99
05.08.1980	86	87	-99	-99	-99	-99
06.08.1980	87	81	-99	-99	-99	-99
07.08.1980	43	59	-99	-99	-99	-99
08.08.1980	49	60	-99	-99	-99	-99
09.08.1980	83	72	-99	-99	-99	-99
10.08.1980	68	73	-99	-99	-99	-99
11.08.1980	73	80	-99	-99	-99	-99
12.08.1980	37	54	-99	-99	-99	-99
13.08.1980	56	78	-99	-99	-99	-99
14.08.1980	39	73	-99	-99	-99	-99
15.08.1980	53	60	-99	-99	-99	-99
16.08.1980	45	71	-99	-99	-99	-99
17.08.1980	47	63	-99	-99	-99	-99
18.08.1980	49	62	-99	-99	-99	-99
19.08.1980	89	88	-99	-99	-99	-99
20.08.1980	78	95	-99	-99	-99	-99
21.08.1980	91	87	-99	-99	-99	-99
22.08.1980	90	93	-99	-99	-99	-99
23.08.1980	92	85	-99	-99	-99	-99
24.08.1980	86	78	-99	-99	-99	-99
25.08.1980	83	87	-99	-99	-99	-99
26.08.1980	84	86	-99	-99	-99	-99
27.08.1980	95	98	-99	-99	-99	-99
28.08.1980	96	97	-99	-99	-99	-99
29.08.1980	85	78	-99	-99	-99	-99
30.08.1980	62	84	-99	-99	-99	-99
31.08.1980	80	76	-99	-99	-99	-99
01.09.1980	84	89	-99	-99	-99	-99
02.09.1980	99	100	-99	-99	-99	-99
03.09.1980	94	91	-99	-99	-99	-99
04.09.1980	89	91	-99	-99	-99	-99
05.09.1980	92	98	-99	-99	-99	-99
06.09.1980	84	86	-99	-99	-99	-99
07.09.1980	90	91	-99	-99	-99	-99
08.09.1980	93	94	-99	-99	-99	-99
09.09.1980	92	86	-99	-99	-99	-99
10.09.1980	91	86	-99	-99	-99	-99
11.09.1980	92	88	-99	-99	-99	-99
12.09.1980	59	72	-99	-99	-99	-99
13.09.1980	77	78	-99	-99	-99	-99
14.09.1980	93	92	-99	-99	-99	-99
15.09.1980	88	74	-99	-99	-99	-99
16.09.1980	70	86	-99	-99	-99	-99
17.09.1980	70	72	-99	-99	-99	-99
18.09.1980	94	92	-99	-99	-99	-99
19.09.1980	94	96	-99	-99	-99	-99
20.09.1980	89	94	-99	-99	-99	-99
21.09.1980	91	89	-99	-99	-99	-99
22.09.1980	82	95	-99	-99	-99	-99
23.09.1980	88	94	-99	-99	-99	-99
24.09.1980	75	89	-99	-99	-99	-99
25.09.1980	91	85	-99	-99	-99	-99
26.09.1980	83	89	-99	-99	-99	-99
27.09.1980	52	82	-99	-99	-99	-99
28.09.1980	88	97	-99	-99	-99	-99
29.09.1980	39	82	-99	-99	-99	-99
30.09.1980	86	64	-99	-99	-99	-99
01.10.1980	84	85	-99	-99	-99	-99
02.10.1980	78	56	-99	-99	-99	-99
03.10.1980	82	82	-99	-99	-99	-99
04.10.1980	89	96	-99	-99	-99	-99
05.10.1980	76	95	-99	-99	-99	-99
06.10.1980	49	74	-99	-99	-99	-99
07.10.1980	47	90	-99	-99	-99	-99
08.10.1980	70	98	-99	-99	-99	-99
09.10.1980	43	87	-99	-99	-99	-99
10.10.1980	70	90	-99	-99	-99	-99
11.10.1980	92	81	-99	-99	-99	-99
12.10.1980	97	86	-99	-99	-99	-99
13.10.1980	84	66	-99	-99	-99	-99
14.10.1980	42	68	-99	-99	-99	-99
15.10.1980	78	92	-99	-99	-99	-99
16.10.1980	73	81	-99	-99	-99	-99
17.10.1980	47	64	-99	-99	-99	-99
18.10.1980	73	87	-99	-99	-99	-99
19.10.1980	92	93	-99	-99	-99	-99
20.10.1980	86	94	-99	-99	-99	-99
21.10.1980	87	88	-99	-99	-99	-99
22.10.1980	54	72	-99	-99	-99	-99
23.10.1980	30	55	-99	-99	-99	-99
24.10.1980	56	62	-99	-99	-99	-99
25.10.1980	60	71	-99	-99	-99	-99
26.10.1980	46	73	-99	-99	-99	-99
27.10.1980	61	82	-99	-99	-99	-99
28.10.1980	84	97	-99	-99	-99	-99
29.10.1980	69	67	-99	-99	-99	-99
30.10.1980	27	54	-99	-99	-99	-99
31.10.1980	29	56	-99	-99	-99	-99
01.11.1980	22	65	-99	-99	-99	-99
02.11.1980	35	73	-99	-99	-99	-99
03.11.1980	64	81	-99	-99	-99	-99
04.11.1980	85	64	-99	-99	-99	-99
05.11.1980	71	59	-99	-99	-99	-99
06.11.1980	72	88	-99	-99	-99	-99
07.11.1980	82	94	-99	-99	-99	-99
08.11.1980	93	96	-99	-99	-99	-99
09.11.1980	83	86	-99	-99	-99	-99
10.11.1980	87	84	-99	-99	-99	-99
11.11.1980	68	86	-99	-99	-99	-99
12.11.1980	58	81	-99	-99	-99	-99
13.11.1980	74	89	-99	-99	-99	-99
14.11.1980	68	88	-99	-99	-99	-99
15.11.1980	54	53	-99	-99	-99	-99
16.11.1980	77	79	-99	-99	-99	-99
17.11.1980	67	77	-99	-99	-99	-99
18.11.1980	50	93	-99	-99	-99	-99
19.11.1980	41	93	-99	-99	-99	-99
20.11.1980	76	86	-99	-99	-99	-99
21.11.1980	97	92	-99	-99	-99	-99
22.11.1980	95	88	-99	-99	-99	-99
23.11.1980	97	77	-99	-99	-99	-99
24.11.1980	67	80	-99	-99	-99	-99
25.11.1980	58	76	-99	-99	-99	-99
26.11.1980	70	79	-99	-99	-99	-99
27.11.1980	36	60	-99	-99	-99	-99
28.11.1980	46	66	-99	-99	-99	-99
29.11.1980	74	88	-99	-99	-99	-99
30.11.1980	84	89	-99	-99	-99	-99
01.12.1980	75	80	-99	-99	-99	-99
02.12.1980	95	91	-99	-99	-99	-99
03.12.1980	92	95	-99	-99	-99	-99
04.12.1980	41	79	-99	-99	-99	-99
05.12.1980	58	70	-99	-99	-99	-99
06.12.1980	59	70	-99	-99	-99	-99
07.12.1980	84	91	-99	-99	-99	-99
08.12.1980	99	100	-99	-99	-99	-99
09.12.1980	92	88	-99	-99	-99	-99
10.12.1980	54	83	-99	-99	-99	-99
11.12.1980	91	92	-99	-99	-99	-99
12.12.1980	95	92	-99	-99	-99	-99
13.12.1980	99	99	-99	-99	-99	-99
14.12.1980	99	100	-99	-99	-99	-99
15.12.1980	58	68	-99	-99	-99	-99
16.12.1980	88	91	-99	-99	-99	-99
17.12.1980	77	82	-99	-99	-99	-99
18.12.1980	70	85	-99	-99	-99	-99
19.12.1980	74	95	-99	-99	-99	-99
20.12.1980	40	55	-99	-99	-99	-99
21.12.1980	44	75	-99	-99	-99	-99
22.12.1980	48	80	-99	-99	-99	-99
23.12.1980	99	96	-99	-99	-99	-99
24.12.1980	99	99	-99	-99	-99	-99
25.12.1980	98	99	-99	-99	-99	-99
26.12.1980	98	99	-99	-99	-99	-99
27.12.1980	64	91	-99	-99	-99	-99
28.12.1980	76	83	-99	-99	-99	-99
29.12.1980	79	80	-99	-99	-99	-99
30.12.1980	71	86	-99	-99	-99	-99
31.12.1980	99	96	-99	-99	-99	-99
01.01.1981	99	96	-99	-99	-99	-99
02.01.1981	90	90	-99	-99	-99	-99
03.01.1981	56	59	-99	-99	-99	-99
04.01.1981	55	78	-99	-99	-99	-99
05.01.1981	57	65	-99	-99	-99	-99
06.01.1981	84	83	-99	-99	-99	-99
07.01.1981	51	98	-99	-99	-99	-99
08.01.1981	92	84	-99	-99	-99	-99
09.01.1981	78	95	-99	-99	-99	-99
10.01.1981	89	77	-99	-99	-99	-99
11.01.1981	79	90	-99	-99	-99	-99
12.01.1981	83	90	-99	-99	-99	-99
13.01.1981	92	89	-99	-99	-99	-99
14.01.1981	92	85	-99	-99	-99	-99
15.01.1981	93	93	-99	-99	-99	-99
16.01.1981	97	98	-99	-99	-99	-99
17.01.1981	44	82	-99	-99	-99	-99
18.01.1981	33	68	-99	-99	-99	-99
19.01.1981	39	76	-99	-99	-99	-99
20.01.1981	79	93	-99	-99	-99	-99
21.01.1981	97	81	-99	-99	-99	-99
22.01.1981	87	92	-99	-99	-99	-99
23.01.1981	89	85	-99	-99	-99	-99
24.01.1981	79	91	-99	-99	-99	-99
25.01.1981	90	81	-99	-99	-99	-99
26.01.1981	91	89	-99	-99	-99	-99
27.01.1981	93	82	-99	-99	-99	-99
28.01.1981	79	77	-99	-99	-99	-99
29.01.1981	99	97	-99	-99	-99	-99
30.01.1981	80	85	-99	-99	-99	-99
31.01.1981	89	79	-99	-99	-99	-99
01.02.1981	93	94	-99	-99	-99	-99
02.02.1981	90	97	-99	-99	-99	-99
03.02.1981	96	94	-99	-99	-99	-99
04.02.1981	97	96	-99	-99	-99	-99
05.02.1981	96	86	-99	-99	-99	-99
06.02.1981	84	88	-99	-99	-99	-99
07.02.1981	96	92	-99	-99	-99	-99
08.02.1981	97	99	-99	-99	-99	-99
09.02.1981	74	86	-99	-99	-99	-99
10.02.1981	72	87	-99	-99	-99	-99
11.02.1981	80	83	-99	-99	-99	-99
12.02.1981	36	60	-99	-99	-99	-99
13.02.1981	82	94	-99	-99	-99	-99
14.02.1981	97	98	-99	-99	-99	-99
15.02.1981	82	92	-99	-99	-99	-99
16.02.1981	91	91	-99	-99	-99	-99
17.02.1981	47	75	-99	-99	-99	-99
18.02.1981	29	61	-99	-99	-99	-99
19.02.1981	36	56	-99	-99	-99	-99
20.02.1981	51	85	-99	-99	-99	-99
21.02.1981	61	76	-99	-99	-99	-99
22.02.1981	48	84	-99	-99	-99	-99
23.02.1981	41	73	-99	-99	-99	-99
24.02.1981	45	53	-99	-99	-99	-99
25.02.1981	35	65	-99	-99	-99	-99
26.02.1981	57	89	-99	-99	-99	-99
27.02.1981	44	49	-99	-99	-99	-99
28.02.1981	22	32	-99	-99	-99	-99
01.03.1981	29	45	-99	-99	-99	-99
02.03.1981	44	87	-99	-99	-99	-99
03.03.1981	64	82	-99	-99	-99	-99
04.03.1981	89	92	-99	-99	-99	-99
05.03.1981	69	86	-99	-99	-99	-99
06.03.1981	44	54	-99	-99	-99	-99
07.03.1981	64	67	-99	-99	-99	-99
08.03.1981	46	68	-99	-99	-99	-99
09.03.1981	76	76	-99	-99	-99	-99
10.03.1981	55	70	-99	-99	-99	-99
11.03.1981	58	52	-99	-99	-99	-99
12.03.1981	74	51	-99	-99	-99	-99
13.03.1981	99	88	-99	-99	-99	-99
14.03.1981	50	45	-99	-99	-99	-99
15.03.1981	54	64	-99	-99	-99	-99
16.03.1981	59	79	-99	-99	-99	-99
17.03.1981	71	82	-99	-99	-99	-99
18.03.1981	42	52	-99	-99	-99	-99
19.03.1981	46	59	-99	-99	-99	-99
20.03.1981	56	77	-99	-99	-99	-99
21.03.1981	35	65	-99	-99	-99	-99
22.03.1981	86	79	-99	-99	-99	-99
23.03.1981	75	81	-99	-99	-99	-99
24.03.1981	52	67	-99	-99	-99	-99
25.03.1981	40	60	-99	-99	-99	-99
26.03.1981	45	91	-99	-99	-99	-99
27.03.1981	67	95	-99	-99	-99	-99
28.03.1981	35	63	-99	-99	-99	-99
29.03.1981	54	74	-99	-99	-99	-99
30.03.1981	53	74	-99	-99	-99	-99
31.03.1981	48	81	-99	-99	-99	-99
01.04.1981	28	55	-99	-99	-99	-99
02.04.1981	74	96	-99	-99	-99	-99
03.04.1981	90	98	-99	-99	-99	-99
04.04.1981	89	92	-99	-99	-99	-99
05.04.1981	64	81	-99	-99	-99	-99
06.04.1981	78	87	-99	-99	-99	-99
07.04.1981	63	82	-99	-99	-99	-99
08.04.1981	76	89	-99	-99	-99	-99
09.04.1981	97	99	-99	-99	-99	-99
10.04.1981	98	94	-99	-99	-99	-99
11.04.1981	78	91	-99	-99	-99	-99
12.04.1981	59	76	-99	-99	-99	-99
13.04.1981	61	67	-99	-99	-99	-99
14.04.1981	98	95	-99	-99	-99	-99
15.04.1981	56	61	-99	-99	-99	-99
16.04.1981	32	51	-99	-99	-99	-99
17.04.1981	46	63	-99	-99	-99	-99
18.04.1981	65	71	-99	-99	-99	-99
19.04.1981	48	58	-99	-99	-99	-99
20.04.1981	63	81	-99	-99	-99	-99
21.04.1981	97	95	-99	-99	-99	-99
22.04.1981	82	80	-99	-99	-99	-99
23.04.1981	52	65	-99	-99	-99	-99
24.04.1981	74	75	-99	-99	-99	-99
25.04.1981	53	66	-99	-99	-99	-99
26.04.1981	83	82	-99	-99	-99	-99
27.04.1981	70	73	-99	-99	-99	-99
28.04.1981	36	55	-99	-99	-99	-99
29.04.1981	52	76	-99	-99	-99	-99
30.04.1981	96	93	-99	-99	-99	-99
01.05.1981	56	71	-99	-99	-99	-99
02.05.1981	60	60	-99	-99	-99	-99
03.05.1981	59	71	-99	-99	-99	-99
04.05.1981	42	55	-99	-99	-99	-99
05.05.1981	52	62	-99	-99	-99	-99
06.05.1981	57	77	-99	-99	-99	-99
07.05.1981	71	88	-99	-99	-99	-99
08.05.1981	37	73	-99	-99	-99	-99
09.05.1981	37	50	-99	-99	-99	-99
10.05.1981	55	69	-99	-99	-99	-99
11.05.1981	50	73	-99	-99	-99	-99
12.05.1981	42	69	-99	-99	-99	-99
13.05.1981	39	63	-99	-99	-99	-99
14.05.1981	48	61	-99	-99	-99	-99
15.05.1981	51	73	-99	-99	-99	-99
16.05.1981	47	70	-99	-99	-99	-99
17.05.1981	43	55	-99	-99	-99	-99
18.05.1981	46	73	-99	-99	-99	-99
19.05.1981	82	94	-99	-99	-99	-99
20.05.1981	54	67	-99	-99	-99	-99
21.05.1981	39	69	-99	-99	-99	-99
22.05.1981	35	58	-99	-99	-99	-99
23.05.1981	51	71	-99	-99	-99	-99
24.05.1981	44	74	-99	-99	-99	-99
25.05.1981	50	63	-99	-99	-99	-99
26.05.1981	76	79	-99	-99	-99	-99
27.05.1981	41	69	-99	-99	-99	-99
28.05.1981	84	94	-99	-99	-99	-99
29.05.1981	61	81	-99	-99	-99	-99
30.05.1981	74	78	-99	-99	-99	-99
31.05.1981	57	74	-99	-99	-99	-99
01.06.1981	83	98	-99	-99	-99	-99
02.06.1981	70	77	-99	-99	-99	-99
03.06.1981	92	96	-99	-99	-99	-99
04.06.1981	83	92	-99	-99	-99	-99
05.06.1981	98	98	-99	-99	-99	-99
06.06.1981	92	94	-99	-99	-99	-99
07.06.1981	85	92	-99	-99	-99	-99
08.06.1981	84	89	-99	-99	-99	-99
09.06.1981	98	98	-99	-99	-99	-99
10.06.1981	84	81	-99	-99	-99	-99
11.06.1981	100	70	-99	-99	-99	-99
12.06.1981	75	73	-99	-99	-99	-99
13.06.1981	41	67	-99	-99	-99	-99
14.06.1981	98	99	-99	-99	-99	-99
15.06.1981	89	93	-99	-99	-99	-99
16.06.1981	83	84	-99	-99	-99	-99
17.06.1981	64	62	-99	-99	-99	-99
18.06.1981	46	52	-99	-99	-99	-99
19.06.1981	70	71	-99	-99	-99	-99
20.06.1981	65	63	-99	-99	-99	-99
21.06.1981	42	60	-99	-99	-99	-99
22.06.1981	88	93	-99	-99	-99	-99
23.06.1981	90	85	-99	-99	-99	-99
24.06.1981	89	86	-99	-99	-99	-99
25.06.1981	82	83	-99	-99	-99	-99
26.06.1981	60	62	-99	-99	-99	-99
27.06.1981	69	69	-99	-99	-99	-99
28.06.1981	89	73	-99	-99	-99	-99
29.06.1981	66	63	-99	-99	-99	-99
30.06.1981	98	91	-99	-99	-99	-99
01.07.1981	85	86	-99	-99	-99	-99
02.07.1981	95	92	-99	-99	-99	-99
03.07.1981	77	78	-99	-99	-99	-99
04.07.1981	93	96	-99	-99	-99	-99
05.07.1981	74	88	-99	-99	-99	-99
06.07.1981	64	80	-99	-99	-99	-99
07.07.1981	84	84	-99	-99	-99	-99
08.07.1981	86	77	-99	-99	-99	-99
09.07.1981	68	77	-99	-99	-99	-99
10.07.1981	74	79	-99	-99	-99	-99
11.07.1981	97	94	-99	-99	-99	-99
12.07.1981	98	87	-99	-99	-99	-99
13.07.1981	96	90	-99	-99	-99	-99
14.07.1981	87	90	-99	-99	-99	-99
15.07.1981	66	71	-99	-99	-99	-99
16.07.1981	79	77	-99	-99	-99	-99
17.07.1981	69	71	-99	-99	-99	-99
18.07.1981	62	76	-99	-99	-99	-99
19.07.1981	73	72	-99	-99	-99	-99
20.07.1981	87	93	-99	-99	-99	-99
21.07.1981	69	81	-99	-99	-99	-99
22.07.1981	72	76	-99	-99	-99	-99
23.07.1981	69	78	-99	-99	-99	-99
24.07.1981	92	90	-99	-99	-99	-99
25.07.1981	49	79	-99	-99	-99	-99
26.07.1981	73	78	-99	-99	-99	-99
27.07.1981	87	79	-99	-99	-99	-99
28.07.1981	70	82	-99	-99	-99	-99
29.07.1981	93	86	-99	-99	-99	-99
30.07.1981	77	74	-99	-99	-99	-99
31.07.1981	86	88	-99	-99	-99	-99
01.08.1981	90	93	-99	-99	-99	-99
02.08.1981	82	89	-99	-99	-99	-99
03.08.1981	97	96	-99	-99	-99	-99
04.08.1981	89	89	-99	-99	-99	-99
05.08.1981	94	96	-99	-99	-99	-99
06.08.1981	93	83	-99	-99	-99	-99
07.08.1981	82	82	-99	-99	-99	-99
08.08.1981	77	81	-99	-99	-99	-99
09.08.1981	88	90	-99	-99	-99	-99
10.08.1981	89	86	-99	-99	-99	-99
11.08.1981	90	92	-99	-99	-99	-99
12.08.1981	99	96	-99	-99	-99	-99
13.08.1981	97	92	-99	-99	-99	-99
14.08.1981	95	94	-99	-99	-99	-99
15.08.1981	95	88	-99	-99	-99	-99
16.08.1981	91	82	-99	-99	-99	-99
17.08.1981	73	75	-99	-99	-99	-99
18.08.1981	95	97	-99	-99	-99	-99
19.08.1981	95	96	-99	-99	-99	-99
20.08.1981	91	88	-99	-99	-99	-99
21.08.1981	80	82	-99	-99	-99	-99
22.08.1981	90	94	-99	-99	-99	-99
23.08.1981	86	79	-99	-99	-99	-99
24.08.1981	92	90	-99	-99	-99	-99
25.08.1981	85	81	-99	-99	-99	-99
26.08.1981	81	80	-99	-99	-99	-99
27.08.1981	85	79	-99	-99	-99	-99
28.08.1981	80	80	-99	-99	-99	-99
29.08.1981	65	79	-99	-99	-99	-99
30.08.1981	90	83	-99	-99	-99	-99
31.08.1981	84	81	-99	-99	-99	-99
01.09.1981	83	82	-99	-99	-99	-99
02.09.1981	90	86	-99	-99	-99	-99
03.09.1981	84	85	-99	-99	-99	-99
04.09.1981	86	-99	-99	-99	-99	-99
05.09.1981	88	-99	-99	-99	-99	-99
06.09.1981	60	-99	-99	-99	-99	-99
07.09.1981	81	-99	-99	-99	-99	-99
08.09.1981	60	86	-99	-99	-99	-99
09.09.1981	86	84	-99	-99	-99	-99
10.09.1981	81	92	-99	-99	-99	-99
11.09.1981	43	71	-99	-99	-99	-99
12.09.1981	46	87	-99	-99	-99	-99
13.09.1981	51	71	-99	-99	-99	-99
14.09.1981	63	88	-99	-99	-99	-99
15.09.1981	87	94	-99	-99	-99	-99
16.09.1981	66	92	-99	-99	-99	-99
17.09.1981	48	66	-99	-99	-99	-99
18.09.1981	47	61	-99	-99	-99	-99
19.09.1981	45	52	-99	-99	-99	-99
20.09.1981	39	49	-99	-99	-99	-99
21.09.1981	44	53	-99	-99	-99	-99
22.09.1981	95	98	-99	-99	-99	-99
23.09.1981	93	94	-99	-99	-99	-99
24.09.1981	68	94	-99	-99	-99	-99
25.09.1981	70	93	-99	-99	-99	-99
26.09.1981	85	98	-99	-99	-99	-99
27.09.1981	50	69	-99	-99	-99	-99
28.09.1981	64	86	-99	-99	-99	-99
29.09.1981	52	66	-99	-99	-99	-99
30.09.1981	75	79	-99	-99	-99	-99
01.10.1981	95	95	-99	-99	-99	-99
02.10.1981	76	95	-99	-99	-99	-99
03.10.1981	50	59	-99	-99	-99	-99
04.10.1981	92	94	-99	-99	-99	-99
05.10.1981	82	90	-99	-99	-99	-99
06.10.1981	60	78	-99	-99	-99	-99
07.10.1981	80	86	-99	-99	-99	-99
08.10.1981	74	92	-99	-99	-99	-99
09.10.1981	66	68	-99	-99	-99	-99
10.10.1981	59	83	-99	-99	-99	-99
11.10.1981	59	79	-99	-99	-99	-99
12.10.1981	91	94	-99	-99	-99	-99
13.10.1981	95	95	-99	-99	-99	-99
14.10.1981	88	90	-99	-99	-99	-99
15.10.1981	51	85	-99	-99	-99	-99
16.10.1981	84	92	-99	-99	-99	-99
17.10.1981	92	96	-99	-99	-99	-99
18.10.1981	34	62	-99	-99	-99	-99
19.10.1981	64	74	-99	-99	-99	-99
20.10.1981	63	80	-99	-99	-99	-99
21.10.1981	75	86	-99	-99	-99	-99
22.10.1981	76	93	-99	-99	-99	-99
23.10.1981	74	98	-99	-99	-99	-99
24.10.1981	63	84	-99	-99	-99	-99
25.10.1981	47	73	-99	-99	-99	-99
26.10.1981	55	83	-99	-99	-99	-99
27.10.1981	43	59	-99	-99	-99	-99
28.10.1981	52	78	-99	-99	-99	-99
29.10.1981	43	51	-99	-99	-99	-99
30.10.1981	67	82	-99	-99	-99	-99
31.10.1981	58	83	-99	-99	-99	-99
01.11.1981	84	96	-99	-99	-99	-99
02.11.1981	68	74	-99	-99	-99	-99
03.11.1981	41	67	-99	-99	-99	-99
04.11.1981	91	93	-99	-99	-99	-99
05.11.1981	91	93	-99	-99	-99	-99
06.11.1981	92	95	-99	-99	-99	-99
07.11.1981	55	88	-99	-99	-99	-99
08.11.1981	64	80	-99	-99	-99	-99
09.11.1981	71	85	-99	-99	-99	-99
10.11.1981	83	88	-99	-99	-99	-99
11.11.1981	72	68	-99	-99	-99	-99
12.11.1981	76	79	-99	-99	-99	-99
13.11.1981	93	82	-99	-99	-99	-99
14.11.1981	73	92	-99	-99	-99	-99
15.11.1981	61	83	-99	-99	-99	-99
16.11.1981	76	82	-99	-99	-99	-99
17.11.1981	30	61	-99	-99	-99	-99
18.11.1981	86	86	-99	-99	-99	-99
19.11.1981	85	84	-99	-99	-99	-99
20.11.1981	44	84	-99	-99	-99	-99
21.11.1981	79	86	-99	-99	-99	-99
22.11.1981	46	68	-99	-99	-99	-99
23.11.1981	75	95	-99	-99	-99	-99
24.11.1981	96	94	-99	-99	-99	-99
25.11.1981	92	90	-99	-99	-99	-99
26.11.1981	70	80	-99	-99	-99	-99
27.11.1981	47	56	-99	-99	-99	-99
28.11.1981	48	62	-99	-99	-99	-99
29.11.1981	87	84	-99	-99	-99	-99
30.11.1981	37	60	-99	-99	-99	-99
01.12.1981	60	76	-99	-99	-99	-99
02.12.1981	74	80	-99	-99	-99	-99
03.12.1981	81	85	-99	-99	-99	-99
04.12.1981	91	95	-99	-99	-99	-99
05.12.1981	98	94	-99	-99	-99	-99
06.12.1981	81	85	-99	-99	-99	-99
07.12.1981	68	84	-99	-99	-99	-99
08.12.1981	42	62	-99	-99	-99	-99
09.12.1981	37	55	-99	-99	-99	-99
10.12.1981	39	70	-99	-99	-99	-99
11.12.1981	60	75	-99	-99	-99	-99
12.12.1981	58	77	-99	-99	-99	-99
13.12.1981	60	78	-99	-99	-99	-99
14.12.1981	73	85	-99	-99	-99	-99
15.12.1981	90	96	-99	-99	-99	-99
16.12.1981	81	90	-99	-99	-99	-99
17.12.1981	70	81	-99	-99	-99	-99
18.12.1981	70	75	-99	-99	-99	-99
19.12.1981	43	68	-99	-99	-99	-99
20.12.1981	19	41	-99	-99	-99	-99
21.12.1981	13	36	-99	-99	-99	-99
22.12.1981	39	49	-99	-99	-99	-99
23.12.1981	39	46	-99	-99	-99	-99
24.12.1981	41	51	-99	-99	-99	-99
25.12.1981	48	68	-99	-99	-99	-99
26.12.1981	62	86	-99	-99	-99	-99
27.12.1981	85	94	-99	-99	-99	-99
28.12.1981	96	97	-99	-99	-99	-99
29.12.1981	45	70	-99	-99	-99	-99
30.12.1981	39	46	-99	-99	-99	-99
31.12.1981	42	52	-99	-99	-99	-99
01.01.1982	46	62	-99	-99	-99	-99
02.01.1982	58	90	-99	-99	-99	-99
03.01.1982	49	78	-99	-99	-99	-99
04.01.1982	49	63	-99	-99	-99	-99
05.01.1982	43	52	-99	-99	-99	-99
06.01.1982	42	65	-99	-99	-99	-99
07.01.1982	34	52	-99	-99	-99	-99
08.01.1982	56	75	-99	-99	-99	-99
09.01.1982	94	96	-99	-99	-99	-99
10.01.1982	84	88	-99	-99	-99	-99
11.01.1982	95	90	-99	-99	-99	-99
12.01.1982	81	91	-99	-99	-99	-99
13.01.1982	83	79	-99	-99	-99	-99
14.01.1982	71	57	-99	-99	-99	-99
15.01.1982	62	87	-99	-99	-99	-99
16.01.1982	59	93	-99	-99	-99	-99
17.01.1982	77	90	-99	-99	-99	-99
18.01.1982	83	95	-99	-99	-99	-99
19.01.1982	73	87	-99	-99	-99	-99
20.01.1982	60	97	-99	-99	-99	-99
21.01.1982	65	98	-99	-99	-99	-99
22.01.1982	51	95	-99	-99	-99	-99
23.01.1982	93	96	-99	-99	-99	-99
24.01.1982	95	100	-99	-99	-99	-99
25.01.1982	98	100	-99	-99	-99	-99
26.01.1982	67	76	-99	-99	-99	-99
27.01.1982	85	84	-99	-99	-99	-99
28.01.1982	50	73	-99	-99	-99	-99
29.01.1982	55	95	-99	-99	-99	-99
30.01.1982	74	93	-99	-99	-99	-99
31.01.1982	67	99	-99	-99	-99	-99
01.02.1982	72	87	-99	-99	-99	-99
02.02.1982	87	90	-99	-99	-99	-99
03.02.1982	59	78	-99	-99	-99	-99
04.02.1982	48	92	-99	-99	-99	-99
05.02.1982	48	88	-99	-99	-99	-99
06.02.1982	81	93	-99	-99	-99	-99
07.02.1982	92	93	-99	-99	-99	-99
08.02.1982	39	77	-99	-99	-99	-99
09.02.1982	69	82	-99	-99	-99	-99
10.02.1982	58	75	-99	-99	-99	-99
11.02.1982	43	80	-99	-99	-99	-99
12.02.1982	64	89	-99	-99	-99	-99
13.02.1982	37	56	-99	-99	-99	-99
14.02.1982	78	80	-99	-99	-99	-99
15.02.1982	85	96	-99	-99	-99	-99
16.02.1982	65	74	-99	-99	-99	-99
17.02.1982	62	78	-99	-99	-99	-99
18.02.1982	26	63	-99	-99	-99	-99
19.02.1982	66	92	-99	-99	-99	-99
20.02.1982	72	97	-99	-99	-99	-99
21.02.1982	50	94	-99	-99	-99	-99
22.02.1982	40	84	-99	-99	-99	-99
23.02.1982	66	88	-99	-99	-99	-99
24.02.1982	97	97	-99	-99	-99	-99
25.02.1982	60	90	-99	-99	-99	-99
26.02.1982	18	64	-99	-99	-99	-99
27.02.1982	41	52	-99	-99	-99	-99
28.02.1982	71	78	-99	-99	-99	-99
01.03.1982	82	91	-99	-99	-99	-99
02.03.1982	94	91	-99	-99	-99	-99
03.03.1982	32	43	-99	-99	-99	-99
04.03.1982	78	80	-99	-99	-99	-99
05.03.1982	81	82	-99	-99	-99	-99
06.03.1982	46	63	-99	-99	-99	-99
07.03.1982	76	95	-99	-99	-99	-99
08.03.1982	23	58	-99	-99	-99	-99
09.03.1982	34	43	-99	-99	-99	-99
10.03.1982	40	50	-99	-99	-99	-99
11.03.1982	66	70	-99	-99	-99	-99
12.03.1982	35	58	-99	-99	-99	-99
13.03.1982	37	49	-99	-99	-99	-99
14.03.1982	62	82	-99	-99	-99	-99
15.03.1982	42	70	-99	-99	-99	-99
16.03.1982	44	59	-99	-99	-99	-99
17.03.1982	44	53	-99	-99	-99	-99
18.03.1982	42	56	-99	-99	-99	-99
19.03.1982	42	66	-99	-99	-99	-99
20.03.1982	42	55	-99	-99	-99	-99
21.03.1982	41	52	-99	-99	-99	-99
22.03.1982	61	75	-99	-99	-99	-99
23.03.1982	86	84	-99	-99	-99	-99
24.03.1982	97	84	-99	-99	-99	-99
25.03.1982	71	75	-99	-99	-99	-99
26.03.1982	67	64	-99	-99	-99	-99
27.03.1982	72	82	-99	-99	-99	-99
28.03.1982	51	57	-99	-99	-99	-99
29.03.1982	35	63	-99	-99	-99	-99
30.03.1982	78	85	-99	-99	-99	-99
31.03.1982	93	94	-99	-99	-99	-99
01.04.1982	76	80	-99	-99	-99	-99
02.04.1982	66	74	-99	-99	-99	-99
03.04.1982	75	77	-99	-99	-99	-99
04.04.1982	62	69	-99	-99	-99	-99
05.04.1982	78	96	-99	-99	-99	-99
06.04.1982	73	89	-99	-99	-99	-99
07.04.1982	88	89	-99	-99	-99	-99
08.04.1982	68	72	-99	-99	-99	-99
09.04.1982	97	92	-99	-99	-99	-99
10.04.1982	94	92	-99	-99	-99	-99
11.04.1982	99	94	-99	-99	-99	-99
12.04.1982	97	93	-99	-99	-99	-99
13.04.1982	91	78	-99	-99	-99	-99
14.04.1982	92	93	-99	-99	-99	-99
15.04.1982	78	94	-99	-99	-99	-99
16.04.1982	73	77	-99	-99	-99	-99
17.04.1982	82	84	-99	-99	-99	-99
18.04.1982	82	82	-99	-99	-99	-99
19.04.1982	64	75	-99	-99	-99	-99
20.04.1982	48	73	-99	-99	-99	-99
21.04.1982	69	81	-99	-99	-99	-99
22.04.1982	71	74	-99	-99	-99	-99
23.04.1982	92	86	-99	-99	-99	-99
24.04.1982	72	78	-99	-99	-99	-99
25.04.1982	82	81	-99	-99	-99	-99
26.04.1982	58	65	-99	-99	-99	-99
27.04.1982	97	92	-99	-99	-99	-99
28.04.1982	81	85	-99	-99	-99	-99
29.04.1982	76	75	-99	-99	-99	-99
30.04.1982	58	70	-99	-99	-99	-99
01.05.1982	66	75	-99	-99	-99	-99
02.05.1982	74	76	-99	-99	-99	-99
03.05.1982	29	44	-99	-99	-99	-99
04.05.1982	44	54	-99	-99	-99	-99
05.05.1982	56	78	-99	-99	-99	-99
06.05.1982	43	60	-99	-99	-99	-99
07.05.1982	31	65	-99	-99	-99	-99
08.05.1982	40	51	-99	-99	-99	-99
09.05.1982	53	56	-99	-99	-99	-99
10.05.1982	68	81	-99	-99	-99	-99
11.05.1982	75	73	-99	-99	-99	-99
12.05.1982	81	88	-99	-99	-99	-99
13.05.1982	59	64	-99	-99	-99	-99
14.05.1982	59	67	-99	-99	-99	-99
15.05.1982	50	66	-99	-99	-99	-99
16.05.1982	54	70	-99	-99	-99	-99
17.05.1982	56	84	-99	-99	-99	-99
18.05.1982	60	72	-99	-99	-99	-99
19.05.1982	82	74	-99	-99	-99	-99
20.05.1982	63	83	-99	-99	-99	-99
21.05.1982	76	84	-99	-99	-99	-99
22.05.1982	43	70	-99	-99	-99	-99
23.05.1982	48	59	-99	-99	-99	-99
24.05.1982	86	91	-99	-99	-99	-99
25.05.1982	89	94	-99	-99	-99	-99
26.05.1982	92	91	-99	-99	-99	-99
27.05.1982	60	77	-99	-99	-99	-99
28.05.1982	67	78	-99	-99	-99	-99
29.05.1982	61	77	-99	-99	-99	-99
30.05.1982	80	69	-99	-99	-99	-99
31.05.1982	44	66	-99	-99	-99	-99
01.06.1982	51	71	-99	-99	-99	-99
02.06.1982	35	69	-99	-99	-99	-99
03.06.1982	35	67	-99	-99	-99	-99
04.06.1982	46	68	-99	-99	-99	-99
05.06.1982	74	87	-99	-99	-99	-99
06.06.1982	44	61	-99	-99	-99	-99
07.06.1982	48	61	-99	-99	-99	-99
08.06.1982	62	70	-99	-99	-99	-99
09.06.1982	40	52	-99	-99	-99	-99
10.06.1982	40	60	-99	-99	-99	-99
11.06.1982	71	64	-99	-99	-99	-99
12.06.1982	35	57	-99	-99	-99	-99
13.06.1982	54	66	-99	-99	-99	-99
14.06.1982	52	61	-99	-99	-99	-99
15.06.1982	51	67	-99	-99	-99	-99
16.06.1982	59	73	-99	-99	-99	-99
17.06.1982	53	63	-99	-99	-99	-99
18.06.1982	51	64	-99	-99	-99	-99
19.06.1982	73	75	-99	-99	-99	-99
20.06.1982	53	63	-99	-99	-99	-99
21.06.1982	57	66	-99	-99	-99	-99
22.06.1982	57	62	-99	-99	-99	-99
23.06.1982	55	73	-99	-99	-99	-99
24.06.1982	60	64	-99	-99	-99	-99
25.06.1982	54	60	-99	-99	-99	-99
26.06.1982	48	72	-99	-99	-99	-99
27.06.1982	45	70	-99	-99	-99	-99
28.06.1982	50	70	-99	-99	-99	-99
29.06.1982	47	65	-99	-99	-99	-99
30.06.1982	77	90	-99	-99	-99	-99
01.07.1982	75	82	-99	-99	-99	-99
02.07.1982	62	87	-99	-99	-99	-99
03.07.1982	91	95	-99	-99	-99	-99
04.07.1982	82	81	-99	-99	-99	-99
05.07.1982	68	81	-99	-99	-99	-99
06.07.1982	83	89	-99	-99	-99	-99
07.07.1982	68	77	-99	-99	-99	-99
08.07.1982	88	86	-99	-99	-99	-99
09.07.1982	71	78	-99	-99	-99	-99
10.07.1982	56	66	-99	-99	-99	-99
11.07.1982	77	79	-99	-99	-99	-99
12.07.1982	62	66	-99	-99	-99	-99
13.07.1982	55	72	-99	-99	-99	-99
14.07.1982	58	69	-99	-99	-99	-99
15.07.1982	58	64	-99	-99	-99	-99
16.07.1982	49	69	-99	-99	-99	-99
17.07.1982	56	71	-99	-99	-99	-99
18.07.1982	58	73	-99	-99	-99	-99
19.07.1982	80	83	-99	-99	-99	-99
20.07.1982	56	81	-99	-99	-99	-99
21.07.1982	73	77	-99	-99	-99	-99
22.07.1982	59	74	-99	-99	-99	-99
23.07.1982	75	82	-99	-99	-99	-99
24.07.1982	62	74	-99	-99	-99	-99
25.07.1982	83	91	-99	-99	-99	-99
26.07.1982	68	66	-99	-99	-99	-99
27.07.1982	76	93	-99	-99	-99	-99
28.07.1982	75	83	-99	-99	-99	-99
29.07.1982	75	76	-99	-99	-99	-99
30.07.1982	79	71	-99	-99	-99	-99
31.07.1982	71	75	-99	-99	-99	-99
01.08.1982	59	71	-99	-99	-99	-99
02.08.1982	64	69	-99	-99	-99	-99
03.08.1982	55	69	-99	-99	-99	-99
04.08.1982	57	68	-99	-99	-99	-99
05.08.1982	66	75	-99	-99	-99	-99
06.08.1982	66	74	-99	-99	-99	-99
07.08.1982	70	74	-99	-99	-99	-99
08.08.1982	84	93	-99	-99	-99	-99
09.08.1982	72	72	-99	-99	-99	-99
10.08.1982	84	90	-99	-99	-99	-99
11.08.1982	86	83	-99	-99	-99	-99
12.08.1982	74	95	-99	-99	-99	-99
13.08.1982	85	88	-99	-99	-99	-99
14.08.1982	79	87	-99	-99	-99	-99
15.08.1982	70	75	-99	-99	-99	-99
16.08.1982	19	70	-99	-99	-99	-99
17.08.1982	74	74	-99	-99	-99	-99
18.08.1982	60	72	-99	-99	-99	-99
19.08.1982	57	74	-99	-99	-99	-99
20.08.1982	59	77	-99	-99	-99	-99
21.08.1982	80	88	-99	-99	-99	-99
22.08.1982	89	88	-99	-99	-99	-99
23.08.1982	68	81	-99	-99	-99	-99
24.08.1982	88	87	-99	-99	-99	-99
25.08.1982	71	80	-99	-99	-99	-99
26.08.1982	69	70	-99	-99	-99	-99
27.08.1982	57	77	-99	-99	-99	-99
28.08.1982	85	90	-99	-99	-99	-99
29.08.1982	60	83	-99	-99	-99	-99
30.08.1982	72	95	-99	-99	-99	-99
31.08.1982	88	96	-99	-99	-99	-99
01.09.1982	79	88	-99	-99	-99	-99
02.09.1982	88	96	-99	-99	-99	-99
03.09.1982	84	91	-99	-99	-99	-99
04.09.1982	78	87	-99	-99	-99	-99
05.09.1982	72	85	-99	-99	-99	-99
06.09.1982	69	81	-99	-99	-99	-99
07.09.1982	80	91	-99	-99	-99	-99
08.09.1982	85	95	-99	-99	-99	-99
09.09.1982	82	84	-99	-99	-99	-99
10.09.1982	82	82	-99	-99	-99	-99
11.09.1982	85	88	-99	-99	-99	-99
12.09.1982	82	86	-99	-99	-99	-99
13.09.1982	93	98	-99	-99	-99	-99
14.09.1982	94	97	-99	-99	-99	-99
15.09.1982	86	88	-99	-99	-99	-99
16.09.1982	78	68	-99	-99	-99	-99
17.09.1982	89	96	-99	-99	-99	-99
18.09.1982	94	98	-99	-99	-99	-99
19.09.1982	92	87	-99	-99	-99	-99
20.09.1982	66	77	-99	-99	-99	-99
21.09.1982	33	48	-99	-99	-99	-99
22.09.1982	70	86	-99	-99	-99	-99
23.09.1982	85	91	-99	-99	-99	-99
24.09.1982	70	90	-99	-99	-99	-99
25.09.1982	43	58	-99	-99	-99	-99
26.09.1982	52	55	-99	-99	-99	-99
27.09.1982	34	83	-99	-99	-99	-99
28.09.1982	40	71	-99	-99	-99	-99
29.09.1982	60	69	-99	-99	-99	-99
30.09.1982	90	93	-99	-99	-99	-99
01.10.1982	49	92	-99	-99	-99	-99
02.10.1982	33	51	-99	-99	-99	-99
03.10.1982	43	69	-99	-99	-99	-99
04.10.1982	39	53	-99	-99	-99	-99
05.10.1982	42	53	-99	-99	-99	-99
06.10.1982	65	81	-99	-99	-99	-99
07.10.1982	48	68	-99	-99	-99	-99
08.10.1982	49	63	-99	-99	-99	-99
09.10.1982	44	64	-99	-99	-99	-99
10.10.1982	56	73	-99	-99	-99	-99
11.10.1982	71	93	-99	-99	-99	-99
12.10.1982	98	99	-99	-99	-99	-99
13.10.1982	42	57	-99	-99	-99	-99
14.10.1982	43	58	-99	-99	-99	-99
15.10.1982	63	78	-99	-99	-99	-99
16.10.1982	41	63	-99	-99	-99	-99
17.10.1982	35	49	-99	-99	-99	-99
18.10.1982	34	45	-99	-99	-99	-99
19.10.1982	40	52	-99	-99	-99	-99
20.10.1982	93	100	-99	-99	-99	-99
21.10.1982	95	97	-99	-99	-99	-99
22.10.1982	45	69	-99	-99	-99	-99
23.10.1982	92	97	-99	-99	-99	-99
24.10.1982	88	95	-99	-99	-99	-99
25.10.1982	83	80	-99	-99	-99	-99
26.10.1982	37	64	-99	-99	-99	-99
27.10.1982	93	97	-99	-99	-99	-99
28.10.1982	50	61	-99	-99	-99	-99
29.10.1982	33	57	-99	-99	-99	-99
30.10.1982	63	75	-99	-99	-99	-99
31.10.1982	58	94	-99	-99	-99	-99
01.11.1982	69	89	-99	-99	-99	-99
02.11.1982	75	84	-99	-99	-99	-99
03.11.1982	68	81	-99	-99	-99	-99
04.11.1982	44	67	-99	-99	-99	-99
05.11.1982	27	65	-99	-99	-99	-99
06.11.1982	24	75	-99	-99	-99	-99
07.11.1982	18	49	-99	-99	-99	-99
08.11.1982	36	53	-99	-99	-99	-99
09.11.1982	68	88	-99	-99	-99	-99
10.11.1982	75	73	-99	-99	-99	-99
11.11.1982	77	91	-99	-99	-99	-99
12.11.1982	41	58	-99	-99	-99	-99
13.11.1982	76	83	-99	-99	-99	-99
14.11.1982	54	66	-99	-99	-99	-99
15.11.1982	91	94	-99	-99	-99	-99
16.11.1982	79	81	-99	-99	-99	-99
17.11.1982	68	90	-99	-99	-99	-99
18.11.1982	61	79	-99	-99	-99	-99
19.11.1982	78	97	-99	-99	-99	-99
20.11.1982	90	85	-99	-99	-99	-99
21.11.1982	59	70	-99	-99	-99	-99
22.11.1982	98	91	-99	-99	-99	-99
23.11.1982	95	84	-99	-99	-99	-99
24.11.1982	79	88	-99	-99	-99	-99
25.11.1982	37	47	-99	-99	-99	-99
26.11.1982	49	68	-99	-99	-99	-99
27.11.1982	46	81	-99	-99	-99	-99
28.11.1982	66	75	-99	-99	-99	-99
29.11.1982	94	94	-99	-99	-99	-99
30.11.1982	79	85	-99	-99	-99	-99
01.12.1982	93	91	-99	-99	-99	-99
02.12.1982	81	98	-99	-99	-99	-99
03.12.1982	72	92	-99	-99	-99	-99
04.12.1982	62	91	-99	-99	-99	-99
05.12.1982	97	95	-99	-99	-99	-99
06.12.1982	98	88	-99	-99	-99	-99
07.12.1982	52	73	-99	-99	-99	-99
08.12.1982	32	39	-99	-99	-99	-99
09.12.1982	44	58	-99	-99	-99	-99
10.12.1982	49	63	-99	-99	-99	-99
11.12.1982	46	93	-99	-99	-99	-99
12.12.1982	74	94	-99	-99	-99	-99
13.12.1982	82	92	-99	-99	-99	-99
14.12.1982	49	79	-99	-99	-99	-99
15.12.1982	98	99	-99	-99	-99	-99
16.12.1982	98	97	-99	-99	-99	-99
17.12.1982	94	95	-99	-99	-99	-99
18.12.1982	98	98	-99	-99	-99	-99
19.12.1982	49	78	-99	-99	-99	-99
20.12.1982	39	52	-99	-99	-99	-99
21.12.1982	53	66	-99	-99	-99	-99
22.12.1982	82	94	-99	-99	-99	-99
23.12.1982	94	91	-99	-99	-99	-99
24.12.1982	51	73	-99	-99	-99	-99
25.12.1982	90	96	-99	-99	-99	-99
26.12.1982	78	84	-99	-99	-99	-99
27.12.1982	98	98	-99	-99	-99	-99
28.12.1982	84	90	-99	-99	-99	-99
29.12.1982	98	96	-99	-99	-99	-99
30.12.1982	88	93	-99	-99	-99	-99
31.12.1982	98	-99	-99	-99	-99	-99
01.01.1983	63	-99	-99	-99	-99	-99
02.01.1983	99	-99	-99	-99	-99	-99
03.01.1983	44	-99	-99	-99	-99	-99
04.01.1983	91	-99	-99	-99	-99	-99
05.01.1983	50	-99	-99	-99	-99	-99
06.01.1983	78	-99	-99	-99	-99	-99
07.01.1983	70	-99	-99	-99	-99	-99
08.01.1983	85	-99	-99	-99	-99	-99
09.01.1983	84	-99	-99	-99	-99	-99
10.01.1983	78	-99	-99	-99	-99	-99
11.01.1983	98	-99	-99	-99	-99	-99
12.01.1983	98	-99	-99	-99	-99	-99
13.01.1983	77	-99	-99	-99	-99	-99
14.01.1983	54	-99	-99	-99	-99	-99
15.01.1983	64	-99	-99	-99	-99	-99
16.01.1983	88	-99	-99	-99	-99	-99
17.01.1983	55	-99	-99	-99	-99	-99
18.01.1983	74	-99	-99	-99	-99	-99
19.01.1983	94	-99	-99	-99	-99	-99
20.01.1983	98	-99	-99	-99	-99	-99
21.01.1983	73	-99	-99	-99	-99	-99
22.01.1983	68	-99	-99	-99	-99	-99
23.01.1983	95	-99	-99	-99	-99	-99
24.01.1983	53	-99	-99	-99	-99	-99
25.01.1983	77	-99	-99	-99	-99	-99
26.01.1983	83	-99	-99	-99	-99	-99
27.01.1983	83	-99	-99	-99	-99	-99
28.01.1983	86	-99	-99	-99	-99	-99
29.01.1983	44	-99	-99	-99	-99	-99
30.01.1983	66	-99	-99	-99	-99	-99
31.01.1983	66	-99	-99	-99	-99	-99
01.02.1983	44	-99	-99	-99	-99	-99
02.02.1983	93	-99	-99	-99	-99	-99
03.02.1983	99	-99	-99	-99	-99	-99
04.02.1983	65	-99	-99	-99	-99	-99
05.02.1983	36	-99	-99	-99	-99	-99
06.02.1983	37	-99	-99	-99	-99	-99
07.02.1983	40	-99	-99	-99	-99	-99
08.02.1983	40	-99	-99	-99	-99	-99
09.02.1983	55	-99	-99	-99	-99	-99
10.02.1983	77	-99	-99	-99	-99	-99
11.02.1983	43	-99	-99	-99	-99	-99
12.02.1983	80	-99	-99	-99	-99	-99
13.02.1983	98	-99	-99	-99	-99	-99
14.02.1983	87	-99	-99	-99	-99	-99
15.02.1983	82	-99	-99	-99	-99	-99
16.02.1983	56	-99	-99	-99	-99	-99
17.02.1983	64	-99	-99	-99	-99	-99
18.02.1983	83	-99	-99	-99	-99	-99
19.02.1983	90	-99	-99	-99	-99	-99
20.02.1983	83	-99	-99	-99	-99	-99
21.02.1983	97	-99	-99	-99	-99	-99
22.02.1983	90	-99	-99	-99	-99	-99
23.02.1983	51	-99	-99	-99	-99	-99
24.02.1983	49	-99	-99	-99	-99	-99
25.02.1983	48	-99	-99	-99	-99	-99
26.02.1983	27	-99	-99	-99	-99	-99
27.02.1983	28	-99	-99	-99	-99	-99
28.02.1983	38	-99	-99	-99	-99	-99
01.03.1983	55	-99	-99	-99	-99	-99
02.03.1983	69	-99	-99	-99	-99	-99
03.03.1983	51	-99	-99	-99	-99	-99
04.03.1983	61	-99	-99	-99	-99	-99
05.03.1983	52	-99	-99	-99	-99	-99
06.03.1983	88	-99	-99	-99	-99	-99
07.03.1983	77	-99	-99	-99	-99	-99
08.03.1983	99	-99	-99	-99	-99	-99
09.03.1983	96	-99	-99	-99	-99	-99
10.03.1983	80	-99	-99	-99	-99	-99
11.03.1983	82	-99	-99	-99	-99	-99
12.03.1983	60	-99	-99	-99	-99	-99
13.03.1983	92	-99	-99	-99	-99	-99
14.03.1983	82	-99	-99	-99	-99	-99
15.03.1983	75	-99	-99	-99	-99	-99
16.03.1983	72	-99	-99	-99	-99	-99
17.03.1983	71	-99	-99	-99	-99	-99
18.03.1983	81	-99	-99	-99	-99	-99
19.03.1983	69	-99	-99	-99	-99	-99
20.03.1983	29	-99	-99	-99	-99	-99
21.03.1983	56	-99	-99	-99	-99	-99
22.03.1983	46	-99	-99	-99	-99	-99
23.03.1983	82	-99	-99	-99	-99	-99
24.03.1983	51	-99	-99	-99	-99	-99
25.03.1983	48	-99	-99	-99	-99	-99
26.03.1983	83	-99	-99	-99	-99	-99
27.03.1983	39	-99	-99	-99	-99	-99
28.03.1983	34	-99	-99	-99	-99	-99
29.03.1983	31	-99	-99	-99	-99	-99
30.03.1983	31	-99	-99	-99	-99	-99
31.03.1983	60	-99	-99	-99	-99	-99
01.04.1983	74	-99	-99	-99	-99	-99
02.04.1983	45	-99	-99	-99	-99	-99
03.04.1983	44	-99	-99	-99	-99	-99
04.04.1983	49	-99	-99	-99	-99	-99
05.04.1983	37	-99	-99	-99	-99	-99
06.04.1983	47	-99	-99	-99	-99	-99
07.04.1983	47	-99	-99	-99	-99	-99
08.04.1983	98	-99	-99	-99	-99	-99
09.04.1983	74	-99	-99	-99	-99	-99
10.04.1983	71	-99	-99	-99	-99	-99
11.04.1983	51	-99	-99	-99	-99	-99
12.04.1983	40	-99	-99	-99	-99	-99
13.04.1983	45	-99	-99	-99	-99	-99
14.04.1983	82	-99	-99	-99	-99	-99
15.04.1983	91	-99	-99	-99	-99	-99
16.04.1983	81	-99	-99	-99	-99	-99
17.04.1983	71	-99	-99	-99	-99	-99
18.04.1983	72	-99	-99	-99	-99	-99
19.04.1983	70	-99	-99	-99	-99	-99
20.04.1983	41	-99	-99	-99	-99	-99
21.04.1983	37	-99	-99	-99	-99	-99
22.04.1983	69	-99	-99	-99	-99	-99
23.04.1983	70	-99	-99	-99	-99	-99
24.04.1983	42	-99	-99	-99	-99	-99
25.04.1983	48	-99	-99	-99	-99	-99
26.04.1983	54	-99	-99	-99	-99	-99
27.04.1983	58	-99	-99	-99	-99	-99
28.04.1983	49	-99	-99	-99	-99	-99
29.04.1983	52	-99	-99	-99	-99	-99
30.04.1983	56	-99	-99	-99	-99	-99
01.05.1983	88	-99	-99	-99	-99	-99
02.05.1983	59	-99	-99	-99	-99	-99
03.05.1983	55	-99	-99	-99	-99	-99
04.05.1983	61	-99	-99	-99	-99	-99
05.05.1983	64	-99	-99	-99	-99	-99
06.05.1983	34	-99	-99	-99	-99	-99
07.05.1983	30	-99	-99	-99	-99	-99
08.05.1983	39	-99	-99	-99	-99	-99
09.05.1983	45	-99	-99	-99	-99	-99
10.05.1983	44	-99	-99	-99	-99	-99
11.05.1983	71	-99	-99	-99	-99	-99
12.05.1983	58	-99	-99	-99	-99	-99
13.05.1983	72	-99	-99	-99	-99	-99
14.05.1983	61	-99	-99	-99	-99	-99
15.05.1983	61	-99	-99	-99	-99	-99
16.05.1983	42	-99	-99	-99	-99	-99
17.05.1983	59	-99	-99	-99	-99	-99
18.05.1983	87	-99	-99	-99	-99	-99
19.05.1983	94	-99	-99	-99	-99	-99
20.05.1983	64	-99	-99	-99	-99	-99
21.05.1983	57	-99	-99	-99	-99	-99
22.05.1983	80	-99	-99	-99	-99	-99
23.05.1983	69	-99	-99	-99	-99	-99
24.05.1983	74	-99	-99	-99	-99	-99
25.05.1983	53	-99	-99	-99	-99	-99
26.05.1983	78	-99	-99	-99	-99	-99
27.05.1983	46	-99	-99	-99	-99	-99
28.05.1983	91	-99	-99	-99	-99	-99
29.05.1983	81	-99	-99	-99	-99	-99
30.05.1983	89	-99	-99	-99	-99	-99
31.05.1983	87	-99	-99	-99	-99	-99
01.06.1983	68	-99	-99	-99	-99	-99
02.06.1983	65	-99	-99	-99	-99	-99
03.06.1983	70	-99	-99	-99	-99	-99
04.06.1983	64	-99	-99	-99	-99	-99
05.06.1983	57	-99	-99	-99	-99	-99
06.06.1983	66	-99	-99	-99	-99	-99
07.06.1983	67	-99	-99	-99	-99	-99
08.06.1983	59	-99	-99	-99	-99	-99
09.06.1983	96	-99	-99	-99	-99	-99
10.06.1983	91	-99	-99	-99	-99	-99
11.06.1983	82	-99	-99	-99	-99	-99
12.06.1983	46	-99	-99	-99	-99	-99
13.06.1983	31	-99	-99	-99	-99	-99
14.06.1983	51	-99	-99	-99	-99	-99
15.06.1983	71	-99	-99	-99	-99	-99
16.06.1983	76	-99	-99	-99	-99	-99
17.06.1983	43	-99	-99	-99	-99	-99
18.06.1983	84	-99	-99	-99	-99	-99
19.06.1983	90	-99	-99	-99	-99	-99
20.06.1983	85	-99	-99	-99	-99	-99
21.06.1983	40	-99	-99	-99	-99	-99
22.06.1983	52	-99	-99	-99	-99	-99
23.06.1983	84	-99	-99	-99	-99	-99
24.06.1983	85	-99	-99	-99	-99	-99
25.06.1983	75	-99	-99	-99	-99	-99
26.06.1983	89	-99	-99	-99	-99	-99
27.06.1983	89	-99	-99	-99	-99	-99
28.06.1983	72	-99	-99	-99	-99	-99
29.06.1983	59	-99	-99	-99	-99	-99
30.06.1983	67	-99	-99	-99	-99	-99
01.07.1983	76	-99	-99	-99	-99	-99
02.07.1983	44	-99	-99	-99	-99	-99
03.07.1983	74	-99	-99	-99	-99	-99
04.07.1983	86	-99	-99	-99	-99	-99
05.07.1983	60	-99	-99	-99	-99	-99
06.07.1983	69	-99	-99	-99	-99	-99
07.07.1983	58	-99	-99	-99	-99	-99
08.07.1983	64	-99	-99	-99	-99	-99
09.07.1983	64	-99	-99	-99	-99	-99
10.07.1983	66	-99	-99	-99	-99	-99
11.07.1983	69	-99	-99	-99	-99	-99
12.07.1983	82	-99	-99	-99	-99	-99
13.07.1983	64	-99	-99	-99	-99	-99
14.07.1983	68	-99	-99	-99	-99	-99
15.07.1983	98	-99	-99	-99	-99	-99
16.07.1983	82	-99	-99	-99	-99	-99
17.07.1983	76	-99	-99	-99	-99	-99
18.07.1983	88	-99	-99	-99	-99	-99
19.07.1983	71	-99	-99	-99	-99	-99
20.07.1983	76	-99	-99	-99	-99	-99
21.07.1983	92	-99	-99	-99	-99	-99
22.07.1983	97	-99	-99	-99	-99	-99
23.07.1983	86	-99	-99	-99	-99	-99
24.07.1983	66	-99	-99	-99	-99	-99
25.07.1983	60	-99	-99	-99	-99	-99
26.07.1983	72	-99	-99	-99	-99	-99
27.07.1983	89	-99	-99	-99	-99	-99
28.07.1983	60	-99	-99	-99	-99	-99
29.07.1983	83	-99	-99	-99	-99	-99
30.07.1983	65	-99	-99	-99	-99	-99
31.07.1983	87	-99	-99	-99	-99	-99
01.08.1983	93	-99	-99	-99	-99	-99
02.08.1983	85	-99	-99	-99	-99	-99
03.08.1983	82	-99	-99	-99	-99	-99
04.08.1983	83	-99	-99	-99	-99	-99
05.08.1983	83	-99	-99	-99	-99	-99
06.08.1983	77	-99	-99	-99	-99	-99
07.08.1983	70	-99	-99	-99	-99	-99
08.08.1983	83	-99	-99	-99	-99	-99
09.08.1983	78	-99	-99	-99	-99	-99
10.08.1983	69	-99	-99	-99	-99	-99
11.08.1983	76	-99	-99	-99	-99	-99
12.08.1983	86	-99	-99	-99	-99	-99
13.08.1983	64	-99	-99	-99	-99	-99
14.08.1983	92	-99	-99	-99	-99	-99
15.08.1983	96	-99	-99	-99	-99	-99
16.08.1983	96	-99	-99	-99	-99	-99
17.08.1983	80	-99	-99	-99	-99	-99
18.08.1983	97	-99	-99	-99	-99	-99
19.08.1983	87	-99	-99	-99	-99	-99
20.08.1983	77	-99	-99	-99	-99	-99
21.08.1983	74	-99	-99	-99	-99	-99
22.08.1983	92	-99	-99	-99	-99	-99
23.08.1983	81	-99	-99	-99	-99	-99
24.08.1983	80	-99	-99	-99	-99	-99
25.08.1983	88	-99	-99	-99	-99	-99
26.08.1983	92	-99	-99	-99	-99	-99
27.08.1983	78	-99	-99	-99	-99	-99
28.08.1983	63	-99	-99	-99	-99	-99
29.08.1983	96	-99	-99	-99	-99	-99
30.08.1983	74	-99	-99	-99	-99	-99
31.08.1983	98	-99	-99	-99	-99	-99
01.09.1983	65	-99	-99	-99	-99	-99
02.09.1983	48	-99	-99	-99	-99	-99
03.09.1983	51	-99	-99	-99	-99	-99
04.09.1983	69	-99	-99	-99	-99	-99
05.09.1983	88	-99	-99	-99	-99	-99
06.09.1983	74	-99	-99	-99	-99	-99
07.09.1983	83	-99	-99	-99	-99	-99
08.09.1983	77	-99	-99	-99	-99	-99
09.09.1983	61	-99	-99	-99	-99	-99
10.09.1983	68	-99	-99	-99	-99	-99
11.09.1983	62	-99	-99	-99	-99	-99
12.09.1983	93	-99	-99	-99	-99	-99
13.09.1983	88	-99	-99	-99	-99	-99
14.09.1983	93	-99	-99	-99	-99	-99
15.09.1983	52	-99	-99	-99	-99	-99
16.09.1983	69	-99	-99	-99	-99	-99
17.09.1983	67	-99	-99	-99	-99	-99
18.09.1983	59	-99	-99	-99	-99	-99
19.09.1983	39	-99	-99	-99	-99	-99
20.09.1983	96	-99	-99	-99	-99	-99
21.09.1983	90	-99	-99	-99	-99	-99
22.09.1983	89	-99	-99	-99	-99	-99
23.09.1983	97	-99	-99	-99	-99	-99
24.09.1983	82	-99	-99	-99	-99	-99
25.09.1983	90	-99	-99	-99	-99	-99
26.09.1983	91	-99	-99	-99	-99	-99
27.09.1983	71	-99	-99	-99	-99	-99
28.09.1983	81	-99	-99	-99	-99	-99
29.09.1983	91	-99	-99	-99	-99	-99
30.09.1983	70	-99	-99	-99	-99	-99
01.10.1983	76	-99	-99	-99	-99	-99
02.10.1983	72	-99	-99	-99	-99	-99
03.10.1983	98	-99	-99	-99	-99	-99
04.10.1983	88	-99	-99	-99	-99	-99
05.10.1983	86	-99	-99	-99	-99	-99
06.10.1983	77	-99	-99	-99	-99	-99
07.10.1983	91	-99	-99	-99	-99	-99
08.10.1983	79	-99	-99	-99	-99	-99
09.10.1983	79	-99	-99	-99	-99	-99
10.10.1983	48	-99	-99	-99	-99	-99
11.10.1983	91	-99	-99	-99	-99	-99
12.10.1983	94	-99	-99	-99	-99	-99
13.10.1983	59	-99	-99	-99	-99	-99
14.10.1983	72	-99	-99	-99	-99	-99
15.10.1983	53	-99	-99	-99	-99	-99
16.10.1983	58	-99	-99	-99	-99	-99
17.10.1983	92	-99	-99	-99	-99	-99
18.10.1983	50	-99	-99	-99	-99	-99
19.10.1983	80	-99	-99	-99	-99	-99
20.10.1983	92	-99	-99	-99	-99	-99
21.10.1983	72	-99	-99	-99	-99	-99
22.10.1983	76	-99	-99	-99	-99	-99
23.10.1983	66	-99	-99	-99	-99	-99
24.10.1983	94	-99	-99	-99	-99	-99
25.10.1983	95	-99	-99	-99	-99	-99
26.10.1983	88	-99	-99	-99	-99	-99
27.10.1983	87	-99	-99	-99	-99	-99
28.10.1983	89	-99	-99	-99	-99	-99
29.10.1983	95	-99	-99	-99	-99	-99
30.10.1983	96	-99	-99	-99	-99	-99
31.10.1983	74	-99	-99	-99	-99	-99
01.11.1983	74	-99	-99	-99	-99	-99
02.11.1983	84	-99	-99	-99	-99	-99
03.11.1983	76	-99	-99	-99	-99	-99
04.11.1983	75	-99	-99	-99	-99	-99
05.11.1983	74	-99	-99	-99	-99	-99
06.11.1983	99	-99	-99	-99	-99	-99
07.11.1983	75	-99	-99	-99	-99	-99
08.11.1983	85	-99	-99	-99	-99	-99
09.11.1983	73	-99	-99	-99	-99	-99
10.11.1983	85	-99	-99	-99	-99	-99
11.11.1983	66	-99	-99	-99	-99	-99
12.11.1983	92	-99	-99	-99	-99	-99
13.11.1983	82	-99	-99	-99	-99	-99
14.11.1983	80	-99	-99	-99	-99	-99
15.11.1983	95	-99	-99	-99	-99	-99
16.11.1983	94	-99	-99	-99	-99	-99
17.11.1983	99	-99	-99	-99	-99	-99
18.11.1983	99	-99	-99	-99	-99	-99
19.11.1983	92	-99	-99	-99	-99	-99
20.11.1983	89	-99	-99	-99	-99	-99
21.11.1983	99	-99	-99	-99	-99	-99
22.11.1983	98	-99	-99	-99	-99	-99
23.11.1983	83	-99	-99	-99	-99	-99
24.11.1983	82	-99	-99	-99	-99	-99
25.11.1983	96	-99	-99	-99	-99	-99
26.11.1983	99	-99	-99	-99	-99	-99
27.11.1983	41	-99	-99	-99	-99	-99
28.11.1983	35	-99	-99	-99	-99	-99
29.11.1983	68	-99	-99	-99	-99	-99
30.11.1983	44	-99	-99	-99	-99	-99
01.12.1983	45	-99	-99	-99	-99	-99
02.12.1983	82	-99	-99	-99	-99	-99
03.12.1983	88	-99	-99	-99	-99	-99
04.12.1983	95	-99	-99	-99	-99	-99
05.12.1983	94	-99	-99	-99	-99	-99
06.12.1983	93	-99	-99	-99	-99	-99
07.12.1983	90	-99	-99	-99	-99	-99
08.12.1983	99	-99	-99	-99	-99	-99
09.12.1983	40	-99	-99	-99	-99	-99
10.12.1983	81	-99	-99	-99	-99	-99
11.12.1983	96	-99	-99	-99	-99	-99
12.12.1983	86	-99	-99	-99	-99	-99
13.12.1983	54	-99	-99	-99	-99	-99
14.12.1983	52	-99	-99	-99	-99	-99
15.12.1983	64	-99	-99	-99	-99	-99
16.12.1983	60	-99	-99	-99	-99	-99
17.12.1983	60	-99	-99	-99	-99	-99
18.12.1983	21	-99	-99	-99	-99	-99
19.12.1983	38	-99	-99	-99	-99	-99
20.12.1983	44	-99	-99	-99	-99	-99
21.12.1983	49	-99	-99	-99	-99	-99
22.12.1983	52	-99	-99	-99	-99	-99
23.12.1983	80	-99	-99	-99	-99	-99
24.12.1983	79	-99	-99	-99	-99	-99
25.12.1983	56	-99	-99	-99	-99	-99
26.12.1983	69	-99	-99	-99	-99	-99
27.12.1983	99	-99	-99	-99	-99	-99
28.12.1983	88	-99	-99	-99	-99	-99
29.12.1983	97	-99	-99	-99	-99	-99
30.12.1983	92	-99	-99	-99	-99	-99
31.12.1983	97	-99	-99	-99	-99	-99
01.01.1984	90	-99	-99	-99	-99	-99
02.01.1984	75	-99	-99	-99	-99	-99
03.01.1984	74	-99	-99	-99	-99	-99
04.01.1984	98	-99	-99	-99	-99	-99
05.01.1984	85	-99	-99	-99	-99	-99
06.01.1984	92	-99	-99	-99	-99	-99
07.01.1984	46	-99	-99	-99	-99	-99
08.01.1984	47	-99	-99	-99	-99	-99
09.01.1984	31	-99	-99	-99	-99	-99
10.01.1984	60	-99	-99	-99	-99	-99
11.01.1984	62	-99	-99	-99	-99	-99
12.01.1984	62	-99	-99	-99	-99	-99
13.01.1984	63	-99	-99	-99	-99	-99
14.01.1984	74	-99	-99	-99	-99	-99
15.01.1984	64	-99	-99	-99	-99	-99
16.01.1984	77	-99	-99	-99	-99	-99
17.01.1984	41	-99	-99	-99	-99	-99
18.01.1984	93	-99	-99	-99	-99	-99
19.01.1984	80	-99	-99	-99	-99	-99
20.01.1984	52	-99	-99	-99	-99	-99
21.01.1984	17	-99	-99	-99	-99	-99
22.01.1984	26	-99	-99	-99	-99	-99
23.01.1984	32	-99	-99	-99	-99	-99
24.01.1984	31	-99	-99	-99	-99	-99
25.01.1984	24	-99	-99	-99	-99	-99
26.01.1984	59	-99	-99	-99	-99	-99
27.01.1984	30	-99	-99	-99	-99	-99
28.01.1984	43	-99	-99	-99	-99	-99
29.01.1984	42	-99	-99	-99	-99	-99
30.01.1984	44	-99	-99	-99	-99	-99
31.01.1984	41	-99	-99	-99	-99	-99
01.02.1984	37	-99	-99	-99	-99	-99
02.02.1984	40	-99	-99	-99	-99	-99
03.02.1984	37	-99	-99	-99	-99	-99
04.02.1984	48	-99	-99	-99	-99	-99
05.02.1984	87	-99	-99	-99	-99	-99
06.02.1984	78	-99	-99	-99	-99	-99
07.02.1984	43	-99	-99	-99	-99	-99
08.02.1984	41	-99	-99	-99	-99	-99
09.02.1984	89	-99	-99	-99	-99	-99
10.02.1984	99	-99	-99	-99	-99	-99
11.02.1984	93	-99	-99	-99	-99	-99
12.02.1984	82	-99	-99	-99	-99	-99
13.02.1984	61	-99	-99	-99	-99	-99
14.02.1984	70	-99	-99	-99	-99	-99
15.02.1984	39	-99	-99	-99	-99	-99
16.02.1984	33	-99	-99	-99	-99	-99
17.02.1984	37	-99	-99	-99	-99	-99
18.02.1984	71	-99	-99	-99	-99	-99
19.02.1984	28	-99	-99	-99	-99	-99
20.02.1984	22	-99	-99	-99	-99	-99
21.02.1984	30	-99	-99	-99	-99	-99
22.02.1984	38	-99	-99	-99	-99	-99
23.02.1984	51	-99	-99	-99	-99	-99
24.02.1984	79	-99	-99	-99	-99	-99
25.02.1984	83	-99	-99	-99	-99	-99
26.02.1984	87	-99	-99	-99	-99	-99
27.02.1984	73	-99	-99	-99	-99	-99
28.02.1984	96	-99	-99	-99	-99	-99
29.02.1984	76	-99	-99	-99	-99	-99
01.03.1984	89	-99	-99	-99	-99	-99
02.03.1984	40	-99	-99	-99	-99	-99
03.03.1984	35	-99	-99	-99	-99	-99
04.03.1984	75	-99	-99	-99	-99	-99
05.03.1984	72	-99	-99	-99	-99	-99
06.03.1984	78	-99	-99	-99	-99	-99
07.03.1984	89	-99	-99	-99	-99	-99
08.03.1984	83	-99	-99	-99	-99	-99
09.03.1984	96	-99	-99	-99	-99	-99
10.03.1984	31	-99	-99	-99	-99	-99
11.03.1984	25	-99	-99	-99	-99	-99
12.03.1984	34	-99	-99	-99	-99	-99
13.03.1984	41	-99	-99	-99	-99	-99
14.03.1984	57	-99	-99	-99	-99	-99
15.03.1984	44	-99	-99	-99	-99	-99
16.03.1984	38	-99	-99	-99	-99	-99
17.03.1984	46	-99	-99	-99	-99	-99
18.03.1984	45	-99	-99	-99	-99	-99
19.03.1984	49	-99	-99	-99	-99	-99
20.03.1984	40	-99	-99	-99	-99	-99
21.03.1984	29	-99	-99	-99	-99	-99
22.03.1984	43	-99	-99	-99	-99	-99
23.03.1984	55	-99	-99	-99	-99	-99
24.03.1984	35	-99	-99	-99	-99	-99
25.03.1984	35	-99	-99	-99	-99	-99
26.03.1984	34	-99	-99	-99	-99	-99
27.03.1984	43	-99	-99	-99	-99	-99
28.03.1984	42	-99	-99	-99	-99	-99
29.03.1984	46	-99	-99	-99	-99	-99
30.03.1984	69	-99	-99	-99	-99	-99
31.03.1984	69	-99	-99	-99	-99	-99
01.04.1984	94	-99	-99	-99	-99	-99
02.04.1984	60	-99	-99	-99	-99	-99
03.04.1984	35	-99	-99	-99	-99	-99
04.04.1984	48	-99	-99	-99	-99	-99
05.04.1984	66	-99	-99	-99	-99	-99
06.04.1984	55	-99	-99	-99	-99	-99
07.04.1984	81	-99	-99	-99	-99	-99
08.04.1984	74	-99	-99	-99	-99	-99
09.04.1984	86	-99	-99	-99	-99	-99
10.04.1984	68	-99	-99	-99	-99	-99
11.04.1984	60	-99	-99	-99	-99	-99
12.04.1984	60	-99	-99	-99	-99	-99
13.04.1984	96	-99	-99	-99	-99	-99
14.04.1984	98	-99	-99	-99	-99	-99
15.04.1984	77	-99	-99	-99	-99	-99
16.04.1984	97	-99	-99	-99	-99	-99
17.04.1984	78	-99	-99	-99	-99	-99
18.04.1984	54	-99	-99	-99	-99	-99
19.04.1984	47	-99	-99	-99	-99	-99
20.04.1984	67	-99	-99	-99	-99	-99
21.04.1984	72	-99	-99	-99	-99	-99
22.04.1984	52	-99	-99	-99	-99	-99
23.04.1984	77	-99	-99	-99	-99	-99
24.04.1984	71	-99	-99	-99	-99	-99
25.04.1984	60	-99	-99	-99	-99	-99
26.04.1984	67	-99	-99	-99	-99	-99
27.04.1984	72	-99	-99	-99	-99	-99
28.04.1984	71	-99	-99	-99	-99	-99
29.04.1984	62	-99	-99	-99	-99	-99
30.04.1984	63	-99	-99	-99	-99	-99
01.05.1984	52	-99	-99	-99	-99	-99
02.05.1984	48	-99	-99	-99	-99	-99
03.05.1984	69	-99	-99	-99	-99	-99
04.05.1984	86	-99	-99	-99	-99	-99
05.05.1984	66	-99	-99	-99	-99	-99
06.05.1984	73	-99	-99	-99	-99	-99
07.05.1984	66	-99	-99	-99	-99	-99
08.05.1984	64	-99	-99	-99	-99	-99
09.05.1984	34	-99	-99	-99	-99	-99
10.05.1984	24	-99	-99	-99	-99	-99
11.05.1984	40	-99	-99	-99	-99	-99
12.05.1984	44	-99	-99	-99	-99	-99
13.05.1984	48	-99	-99	-99	-99	-99
14.05.1984	37	-99	-99	-99	-99	-99
15.05.1984	41	-99	-99	-99	-99	-99
16.05.1984	75	-99	-99	-99	-99	-99
17.05.1984	55	-99	-99	-99	-99	-99
18.05.1984	61	-99	-99	-99	-99	-99
19.05.1984	68	-99	-99	-99	-99	-99
20.05.1984	55	-99	-99	-99	-99	-99
21.05.1984	42	-99	-99	-99	-99	-99
22.05.1984	38	-99	-99	-99	-99	-99
23.05.1984	50	-99	-99	-99	-99	-99
24.05.1984	58	-99	-99	-99	-99	-99
25.05.1984	73	-99	-99	-99	-99	-99
26.05.1984	84	-99	-99	-99	-99	-99
27.05.1984	65	-99	-99	-99	-99	-99
28.05.1984	70	-99	-99	-99	-99	-99
29.05.1984	44	-99	-99	-99	-99	-99
30.05.1984	39	-99	-99	-99	-99	-99
31.05.1984	42	-99	-99	-99	-99	-99
01.06.1984	48	-99	-99	-99	-99	-99
02.06.1984	54	-99	-99	-99	-99	-99
03.06.1984	80	-99	-99	-99	-99	-99
04.06.1984	32	-99	-99	-99	-99	-99
05.06.1984	32	-99	-99	-99	-99	-99
06.06.1984	38	-99	-99	-99	-99	-99
07.06.1984	49	-99	-99	-99	-99	-99
08.06.1984	48	-99	-99	-99	-99	-99
09.06.1984	63	-99	-99	-99	-99	-99
10.06.1984	53	-99	-99	-99	-99	-99
11.06.1984	57	-99	-99	-99	-99	-99
12.06.1984	71	-99	-99	-99	-99	-99
13.06.1984	92	-99	-99	-99	-99	-99
14.06.1984	90	-99	-99	-99	-99	-99
15.06.1984	60	-99	-99	-99	-99	-99
16.06.1984	85	-99	-99	-99	-99	-99
17.06.1984	78	-99	-99	-99	-99	-99
18.06.1984	83	-99	-99	-99	-99	-99
19.06.1984	95	-99	-99	-99	-99	-99
20.06.1984	80	-99	-99	-99	-99	-99
21.06.1984	83	-99	-99	-99	-99	-99
22.06.1984	74	-99	-99	-99	-99	-99
23.06.1984	86	-99	-99	-99	-99	-99
24.06.1984	78	-99	-99	-99	-99	-99
25.06.1984	60	-99	-99	-99	-99	-99
26.06.1984	80	-99	-99	-99	-99	-99
27.06.1984	77	-99	-99	-99	-99	-99
28.06.1984	70	-99	-99	-99	-99	-99
29.06.1984	55	-99	-99	-99	-99	-99
30.06.1984	72	-99	-99	-99	-99	-99
01.07.1984	68	-99	-99	-99	-99	-99
02.07.1984	65	-99	-99	-99	-99	-99
03.07.1984	53	-99	-99	-99	-99	-99
04.07.1984	67	-99	-99	-99	-99	-99
05.07.1984	55	-99	-99	-99	-99	-99
06.07.1984	58	-99	-99	-99	-99	-99
07.07.1984	96	-99	-99	-99	-99	-99
08.07.1984	79	-99	-99	-99	-99	-99
09.07.1984	31	-99	-99	-99	-99	-99
10.07.1984	64	-99	-99	-99	-99	-99
11.07.1984	82	-99	-99	-99	-99	-99
12.07.1984	79	-99	-99	-99	-99	-99
13.07.1984	84	-99	-99	-99	-99	-99
14.07.1984	81	-99	-99	-99	-99	-99
15.07.1984	80	-99	-99	-99	-99	-99
16.07.1984	83	-99	-99	-99	-99	-99
17.07.1984	83	-99	-99	-99	-99	-99
18.07.1984	55	-99	-99	-99	-99	-99
19.07.1984	63	-99	-99	-99	-99	-99
20.07.1984	89	-99	-99	-99	-99	-99
21.07.1984	85	-99	-99	-99	-99	-99
22.07.1984	88	-99	-99	-99	-99	-99
23.07.1984	75	-99	-99	-99	-99	-99
24.07.1984	84	-99	-99	-99	-99	-99
25.07.1984	95	-99	-99	-99	-99	-99
26.07.1984	84	-99	-99	-99	-99	-99
27.07.1984	83	-99	-99	-99	-99	-99
28.07.1984	90	-99	-99	-99	-99	-99
29.07.1984	96	-99	-99	-99	-99	-99
30.07.1984	85	-99	-99	-99	-99	-99
31.07.1984	37	-99	-99	-99	-99	-99
01.08.1984	80	-99	-99	-99	-99	-99
02.08.1984	93	-99	-99	-99	-99	-99
03.08.1984	72	-99	-99	-99	-99	-99
04.08.1984	58	-99	-99	-99	-99	-99
05.08.1984	85	-99	-99	-99	-99	-99
06.08.1984	94	-99	-99	-99	-99	-99
07.08.1984	91	-99	-99	-99	-99	-99
08.08.1984	86	-99	-99	-99	-99	-99
09.08.1984	93	-99	-99	-99	-99	-99
10.08.1984	74	-99	-99	-99	-99	-99
11.08.1984	71	-99	-99	-99	-99	-99
12.08.1984	84	-99	-99	-99	-99	-99
13.08.1984	80	-99	-99	-99	-99	-99
14.08.1984	74	-99	-99	-99	-99	-99
15.08.1984	89	-99	-99	-99	-99	-99
16.08.1984	77	-99	-99	-99	-99	-99
17.08.1984	96	-99	-99	-99	-99	-99
18.08.1984	89	-99	-99	-99	-99	-99
19.08.1984	95	-99	-99	-99	-99	-99
20.08.1984	88	-99	-99	-99	-99	-99
21.08.1984	86	-99	-99	-99	-99	-99
22.08.1984	75	-99	-99	-99	-99	-99
23.08.1984	87	-99	-99	-99	-99	-99
24.08.1984	76	-99	-99	-99	-99	-99
25.08.1984	79	-99	-99	-99	-99	-99
26.08.1984	81	-99	-99	-99	-99	-99
27.08.1984	79	-99	-99	-99	-99	-99
28.08.1984	95	-99	-99	-99	-99	-99
29.08.1984	84	-99	-99	-99	-99	-99
30.08.1984	90	-99	-99	-99	-99	-99
31.08.1984	48	-99	-99	-99	-99	-99
01.09.1984	91	-99	-99	-99	-99	-99
02.09.1984	82	-99	-99	-99	-99	-99
03.09.1984	89	-99	-99	-99	-99	-99
04.09.1984	66	-99	-99	-99	-99	-99
05.09.1984	87	-99	-99	-99	-99	-99
06.09.1984	77	-99	-99	-99	-99	-99
07.09.1984	84	-99	-99	-99	-99	-99
08.09.1984	90	-99	-99	-99	-99	-99
09.09.1984	96	-99	-99	-99	-99	-99
10.09.1984	95	-99	-99	-99	-99	-99
11.09.1984	83	-99	-99	-99	-99	-99
12.09.1984	91	-99	-99	-99	-99	-99
13.09.1984	74	-99	-99	-99	-99	-99
14.09.1984	34	-99	-99	-99	-99	-99
15.09.1984	73	-99	-99	-99	-99	-99
16.09.1984	43	-99	-99	-99	-99	-99
17.09.1984	45	-99	-99	-99	-99	-99
18.09.1984	49	-99	-99	-99	-99	-99
19.09.1984	47	-99	-99	-99	-99	-99
20.09.1984	49	-99	-99	-99	-99	-99
21.09.1984	45	-99	-99	-99	-99	-99
22.09.1984	51	-99	-99	-99	-99	-99
23.09.1984	60	-99	-99	-99	-99	-99
24.09.1984	69	-99	-99	-99	-99	-99
25.09.1984	60	-99	-99	-99	-99	-99
26.09.1984	87	-99	-99	-99	-99	-99
27.09.1984	93	-99	-99	-99	-99	-99
28.09.1984	76	-99	-99	-99	-99	-99
29.09.1984	64	-99	-99	-99	-99	-99
30.09.1984	44	-99	-99	-99	-99	-99
01.10.1984	51	-99	-99	-99	-99	-99
02.10.1984	63	-99	-99	-99	-99	-99
03.10.1984	79	-99	-99	-99	-99	-99
04.10.1984	47	-99	-99	-99	-99	-99
05.10.1984	61	-99	-99	-99	-99	-99
06.10.1984	92	-99	-99	-99	-99	-99
07.10.1984	95	-99	-99	-99	-99	-99
08.10.1984	96	-99	-99	-99	-99	-99
09.10.1984	92	-99	-99	-99	-99	-99
10.10.1984	94	-99	-99	-99	-99	-99
11.10.1984	97	-99	-99	-99	-99	-99
12.10.1984	96	-99	-99	-99	-99	-99
13.10.1984	64	-99	-99	-99	-99	-99
14.10.1984	89	-99	-99	-99	-99	-99
15.10.1984	80	-99	-99	-99	-99	-99
16.10.1984	92	-99	-99	-99	-99	-99
17.10.1984	88	-99	-99	-99	-99	-99
18.10.1984	67	-99	-99	-99	-99	-99
19.10.1984	69	-99	-99	-99	-99	-99
20.10.1984	74	-99	-99	-99	-99	-99
21.10.1984	82	-99	-99	-99	-99	-99
22.10.1984	45	-99	-99	-99	-99	-99
23.10.1984	64	-99	-99	-99	-99	-99
24.10.1984	82	-99	-99	-99	-99	-99
25.10.1984	34	-99	-99	-99	-99	-99
26.10.1984	46	-99	-99	-99	-99	-99
27.10.1984	90	-99	-99	-99	-99	-99
28.10.1984	58	-99	-99	-99	-99	-99
29.10.1984	63	-99	-99	-99	-99	-99
30.10.1984	70	-99	-99	-99	-99	-99
31.10.1984	95	-99	-99	-99	-99	-99
01.11.1984	44	-99	-99	-99	-99	-99
02.11.1984	93	-99	-99	-99	-99	-99
03.11.1984	97	-99	-99	-99	-99	-99
04.11.1984	96	-99	-99	-99	-99	-99
05.11.1984	98	-99	-99	-99	-99	-99
06.11.1984	91	-99	-99	-99	-99	-99
07.11.1984	45	-99	-99	-99	-99	-99
08.11.1984	49	-99	-99	-99	-99	-99
09.11.1984	44	-99	-99	-99	-99	-99
10.11.1984	33	-99	-99	-99	-99	-99
11.11.1984	44	-99	-99	-99	-99	-99
12.11.1984	33	-99	-99	-99	-99	-99
13.11.1984	12	-99	-99	-99	-99	-99
14.11.1984	19	-99	-99	-99	-99	-99
15.11.1984	15	-99	-99	-99	-99	-99
16.11.1984	23	-99	-99	-99	-99	-99
17.11.1984	23	-99	-99	-99	-99	-99
18.11.1984	19	-99	-99	-99	-99	-99
19.11.1984	35	-99	-99	-99	-99	-99
20.11.1984	44	-99	-99	-99	-99	-99
21.11.1984	40	-99	-99	-99	-99	-99
22.11.1984	41	-99	-99	-99	-99	-99
23.11.1984	40	-99	-99	-99	-99	-99
24.11.1984	77	-99	-99	-99	-99	-99
25.11.1984	92	-99	-99	-99	-99	-99
26.11.1984	74	-99	-99	-99	-99	-99
27.11.1984	24	-99	-99	-99	-99	-99
28.11.1984	94	-99	-99	-99	-99	-99
29.11.1984	64	-99	-99	-99	-99	-99
30.11.1984	34	-99	-99	-99	-99	-99
01.12.1984	30	-99	-99	-99	-99	-99
02.12.1984	47	-99	-99	-99	-99	-99
03.12.1984	68	-99	-99	-99	-99	-99
04.12.1984	45	-99	-99	-99	-99	-99
05.12.1984	57	-99	-99	-99	-99	-99
06.12.1984	97	-99	-99	-99	-99	-99
07.12.1984	81	-99	-99	-99	-99	-99
08.12.1984	98	-99	-99	-99	-99	-99
09.12.1984	87	-99	-99	-99	-99	-99
10.12.1984	71	-99	-99	-99	-99	-99
11.12.1984	66	-99	-99	-99	-99	-99
12.12.1984	84	-99	-99	-99	-99	-99
13.12.1984	51	-99	-99	-99	-99	-99
14.12.1984	52	-99	-99	-99	-99	-99
15.12.1984	54	-99	-99	-99	-99	-99
16.12.1984	28	-99	-99	-99	-99	-99
17.12.1984	29	-99	-99	-99	-99	-99
18.12.1984	29	-99	-99	-99	-99	-99
19.12.1984	39	-99	-99	-99	-99	-99
20.12.1984	73	-99	-99	-99	-99	-99
21.12.1984	99	-99	-99	-99	-99	-99
22.12.1984	98	-99	-99	-99	-99	-99
23.12.1984	87	-99	-99	-99	-99	-99
24.12.1984	70	-99	-99	-99	-99	-99
25.12.1984	73	-99	-99	-99	-99	-99
26.12.1984	39	-99	-99	-99	-99	-99
27.12.1984	45	-99	-99	-99	-99	-99
28.12.1984	48	-99	-99	-99	-99	-99
29.12.1984	74	-99	-99	-99	-99	-99
30.12.1984	95	-99	-99	-99	-99	-99
31.12.1984	37	-99	-99	-99	-99	-99
01.01.1985	46	-99	-99	-99	-99	-99
02.01.1985	73	-99	-99	-99	-99	-99
03.01.1985	70	-99	-99	-99	-99	-99
04.01.1985	73	-99	-99	-99	-99	-99
05.01.1985	84	-99	-99	-99	-99	-99
06.01.1985	44	-99	-99	-99	-99	-99
07.01.1985	95	-99	-99	-99	-99	-99
08.01.1985	88	-99	-99	-99	-99	-99
09.01.1985	78	-99	-99	-99	-99	-99
10.01.1985	97	-99	-99	-99	-99	-99
11.01.1985	99	-99	-99	-99	-99	-99
12.01.1985	99	-99	-99	-99	-99	-99
13.01.1985	99	-99	-99	-99	-99	-99
14.01.1985	99	-99	-99	-99	-99	-99
15.01.1985	66	-99	-99	-99	-99	-99
16.01.1985	82	-99	-99	-99	-99	-99
17.01.1985	56	-99	-99	-99	-99	-99
18.01.1985	97	-99	-99	-99	-99	-99
19.01.1985	97	-99	-99	-99	-99	-99
20.01.1985	44	-99	-99	-99	-99	-99
21.01.1985	50	-99	-99	-99	-99	-99
22.01.1985	33	-99	-99	-99	-99	-99
23.01.1985	34	-99	-99	-99	-99	-99
24.01.1985	41	-99	-99	-99	-99	-99
25.01.1985	40	-99	-99	-99	-99	-99
26.01.1985	41	-99	-99	-99	-99	-99
27.01.1985	96	-99	-99	-99	-99	-99
28.01.1985	73	-99	-99	-99	-99	-99
29.01.1985	97	-99	-99	-99	-99	-99
30.01.1985	46	-99	-99	-99	-99	-99
31.01.1985	51	-99	-99	-99	-99	-99
01.02.1985	64	-99	-99	-99	-99	-99
02.02.1985	60	-99	-99	-99	-99	-99
03.02.1985	41	-99	-99	-99	-99	-99
04.02.1985	78	-99	-99	-99	-99	-99
05.02.1985	89	-99	-99	-99	-99	-99
06.02.1985	81	-99	-99	-99	-99	-99
07.02.1985	50	-99	-99	-99	-99	-99
08.02.1985	48	-99	-99	-99	-99	-99
09.02.1985	69	-99	-99	-99	-99	-99
10.02.1985	98	-99	-99	-99	-99	-99
11.02.1985	98	-99	-99	-99	-99	-99
12.02.1985	83	-99	-99	-99	-99	-99
13.02.1985	61	-99	-99	-99	-99	-99
14.02.1985	63	-99	-99	-99	-99	-99
15.02.1985	97	-99	-99	-99	-99	-99
16.02.1985	73	-99	-99	-99	-99	-99
17.02.1985	37	-99	-99	-99	-99	-99
18.02.1985	39	-99	-99	-99	-99	-99
19.02.1985	59	-99	-99	-99	-99	-99
20.02.1985	98	-99	-99	-99	-99	-99
21.02.1985	62	-99	-99	-99	-99	-99
22.02.1985	62	-99	-99	-99	-99	-99
23.02.1985	71	-99	-99	-99	-99	-99
24.02.1985	71	-99	-99	-99	-99	-99
25.02.1985	90	-99	-99	-99	-99	-99
26.02.1985	62	-99	-99	-99	-99	-99
27.02.1985	84	-99	-99	-99	-99	-99
28.02.1985	98	-99	-99	-99	-99	-99
01.03.1985	43	-99	-99	-99	-99	-99
02.03.1985	46	-99	-99	-99	-99	-99
03.03.1985	38	-99	-99	-99	-99	-99
04.03.1985	38	-99	-99	-99	-99	-99
05.03.1985	34	-99	-99	-99	-99	-99
06.03.1985	70	-99	-99	-99	-99	-99
07.03.1985	40	-99	-99	-99	-99	-99
08.03.1985	38	-99	-99	-99	-99	-99
09.03.1985	82	-99	-99	-99	-99	-99
10.03.1985	83	-99	-99	-99	-99	-99
11.03.1985	87	-99	-99	-99	-99	-99
12.03.1985	78	-99	-99	-99	-99	-99
13.03.1985	70	-99	-99	-99	-99	-99
14.03.1985	83	-99	-99	-99	-99	-99
15.03.1985	54	-99	-99	-99	-99	-99
16.03.1985	67	-99	-99	-99	-99	-99
17.03.1985	63	-99	-99	-99	-99	-99
18.03.1985	29	-99	-99	-99	-99	-99
19.03.1985	20	-99	-99	-99	-99	-99
20.03.1985	26	-99	-99	-99	-99	-99
21.03.1985	34	-99	-99	-99	-99	-99
22.03.1985	46	-99	-99	-99	-99	-99
23.03.1985	44	-99	-99	-99	-99	-99
24.03.1985	45	-99	-99	-99	-99	-99
25.03.1985	65	-99	-99	-99	-99	-99
26.03.1985	88	-99	-99	-99	-99	-99
27.03.1985	84	-99	-99	-99	-99	-99
28.03.1985	75	-99	-99	-99	-99	-99
29.03.1985	59	-99	-99	-99	-99	-99
30.03.1985	57	-99	-99	-99	-99	-99
31.03.1985	66	-99	-99	-99	-99	-99
01.04.1985	38	-99	-99	-99	-99	-99
02.04.1985	63	-99	-99	-99	-99	-99
03.04.1985	63	-99	-99	-99	-99	-99
04.04.1985	65	-99	-99	-99	-99	-99
05.04.1985	46	-99	-99	-99	-99	-99
06.04.1985	46	-99	-99	-99	-99	-99
07.04.1985	48	-99	-99	-99	-99	-99
08.04.1985	61	-99	-99	-99	-99	-99
09.04.1985	42	-99	-99	-99	-99	-99
10.04.1985	47	-99	-99	-99	-99	-99
11.04.1985	22	-99	-99	-99	-99	-99
12.04.1985	37	-99	-99	-99	-99	-99
13.04.1985	42	-99	-99	-99	-99	-99
14.04.1985	49	-99	-99	-99	-99	-99
15.04.1985	74	-99	-99	-99	-99	-99
16.04.1985	73	-99	-99	-99	-99	-99
17.04.1985	90	-99	-99	-99	-99	-99
18.04.1985	90	-99	-99	-99	-99	-99
19.04.1985	66	-99	-99	-99	-99	-99
20.04.1985	45	-99	-99	-99	-99	-99
21.04.1985	49	-99	-99	-99	-99	-99
22.04.1985	66	-99	-99	-99	-99	-99
23.04.1985	51	-99	-99	-99	-99	-99
24.04.1985	89	-99	-99	-99	-99	-99
25.04.1985	88	-99	-99	-99	-99	-99
26.04.1985	49	-99	-99	-99	-99	-99
27.04.1985	36	-99	-99	-99	-99	-99
28.04.1985	30	-99	-99	-99	-99	-99
29.04.1985	42	-99	-99	-99	-99	-99
30.04.1985	36	-99	-99	-99	-99	-99
01.05.1985	29	-99	-99	-99	-99	-99
02.05.1985	45	-99	-99	-99	-99	-99
03.05.1985	69	-99	-99	-99	-99	-99
04.05.1985	89	-99	-99	-99	-99	-99
05.05.1985	55	-99	-99	-99	-99	-99
06.05.1985	30	-99	-99	-99	-99	-99
07.05.1985	29	-99	-99	-99	-99	-99
08.05.1985	40	-99	-99	-99	-99	-99
09.05.1985	26	-99	-99	-99	-99	-99
10.05.1985	39	-99	-99	-99	-99	-99
11.05.1985	64	-99	-99	-99	-99	-99
12.05.1985	44	-99	-99	-99	-99	-99
13.05.1985	41	-99	-99	-99	-99	-99
14.05.1985	46	-99	-99	-99	-99	-99
15.05.1985	37	-99	-99	-99	-99	-99
16.05.1985	55	-99	-99	-99	-99	-99
17.05.1985	63	-99	-99	-99	-99	-99
18.05.1985	58	-99	-99	-99	-99	-99
19.05.1985	53	-99	-99	-99	-99	-99
20.05.1985	62	-99	-99	-99	-99	-99
21.05.1985	57	-99	-99	-99	-99	-99
22.05.1985	58	-99	-99	-99	-99	-99
23.05.1985	73	-99	-99	-99	-99	-99
24.05.1985	53	-99	-99	-99	-99	-99
25.05.1985	78	-99	-99	-99	-99	-99
26.05.1985	96	-99	-99	-99	-99	-99
27.05.1985	55	-99	-99	-99	-99	-99
28.05.1985	33	-99	-99	-99	-99	-99
29.05.1985	55	-99	-99	-99	-99	-99
30.05.1985	51	-99	-99	-99	-99	-99
31.05.1985	56	-99	-99	-99	-99	-99
01.06.1985	54	-99	-99	-99	-99	-99
02.06.1985	74	-99	-99	-99	-99	-99
03.06.1985	67	-99	-99	-99	-99	-99
04.06.1985	60	-99	-99	-99	-99	-99
05.06.1985	45	-99	-99	-99	-99	-99
06.06.1985	86	-99	-99	-99	-99	-99
07.06.1985	80	-99	-99	-99	-99	-99
08.06.1985	61	-99	-99	-99	-99	-99
09.06.1985	93	-99	-99	-99	-99	-99
10.06.1985	74	-99	-99	-99	-99	-99
11.06.1985	78	-99	-99	-99	-99	-99
12.06.1985	65	-99	-99	-99	-99	-99
13.06.1985	79	-99	-99	-99	-99	-99
14.06.1985	93	-99	-99	-99	-99	-99
15.06.1985	70	-99	-99	-99	-99	-99
16.06.1985	47	-99	-99	-99	-99	-99
17.06.1985	70	-99	-99	-99	-99	-99
18.06.1985	53	-99	-99	-99	-99	-99
19.06.1985	54	-99	-99	-99	-99	-99
20.06.1985	40	-99	-99	-99	-99	-99
21.06.1985	84	-99	-99	-99	-99	-99
22.06.1985	66	-99	-99	-99	-99	-99
23.06.1985	68	-99	-99	-99	-99	-99
24.06.1985	79	-99	-99	-99	-99	-99
25.06.1985	97	-99	-99	-99	-99	-99
26.06.1985	96	-99	-99	-99	-99	-99
27.06.1985	91	-99	-99	-99	-99	-99
28.06.1985	70	-99	-99	-99	-99	-99
29.06.1985	58	-99	-99	-99	-99	-99
30.06.1985	97	-99	-99	-99	-99	-99
01.07.1985	81	-99	-99	-99	-99	-99
02.07.1985	61	-99	-99	-99	-99	-99
03.07.1985	94	-99	-99	-99	-99	-99
04.07.1985	87	-99	-99	-99	-99	-99
05.07.1985	69	-99	-99	-99	-99	-99
06.07.1985	44	-99	-99	-99	-99	-99
07.07.1985	68	-99	-99	-99	-99	-99
08.07.1985	80	-99	-99	-99	-99	-99
09.07.1985	92	-99	-99	-99	-99	-99
10.07.1985	86	-99	-99	-99	-99	-99
11.07.1985	85	-99	-99	-99	-99	-99
12.07.1985	66	-99	-99	-99	-99	-99
13.07.1985	79	-99	-99	-99	-99	-99
14.07.1985	86	-99	-99	-99	-99	-99
15.07.1985	81	-99	-99	-99	-99	-99
16.07.1985	87	-99	-99	-99	-99	-99
17.07.1985	85	-99	-99	-99	-99	-99
18.07.1985	56	-99	-99	-99	-99	-99
19.07.1985	94	-99	-99	-99	-99	-99
20.07.1985	76	-99	-99	-99	-99	-99
21.07.1985	89	-99	-99	-99	-99	-99
22.07.1985	92	-99	-99	-99	-99	-99
23.07.1985	92	-99	-99	-99	-99	-99
24.07.1985	82	-99	-99	-99	-99	-99
25.07.1985	65	-99	-99	-99	-99	-99
26.07.1985	63	-99	-99	-99	-99	-99
27.07.1985	55	-99	-99	-99	-99	-99
28.07.1985	71	-99	-99	-99	-99	-99
29.07.1985	83	-99	-99	-99	-99	-99
30.07.1985	76	-99	-99	-99	-99	-99
31.07.1985	85	-99	-99	-99	-99	-99
01.08.1985	89	-99	-99	-99	-99	-99
02.08.1985	67	-99	-99	-99	-99	-99
03.08.1985	78	-99	-99	-99	-99	-99
04.08.1985	81	-99	-99	-99	-99	-99
05.08.1985	56	-99	-99	-99	-99	-99
06.08.1985	64	-99	-99	-99	-99	-99
07.08.1985	93	-99	-99	-99	-99	-99
08.08.1985	70	-99	-99	-99	-99	-99
09.08.1985	36	-99	-99	-99	-99	-99
10.08.1985	47	-99	-99	-99	-99	-99
11.08.1985	94	-99	-99	-99	-99	-99
12.08.1985	64	-99	-99	-99	-99	-99
13.08.1985	83	-99	-99	-99	-99	-99
14.08.1985	89	-99	-99	-99	-99	-99
15.08.1985	84	-99	-99	-99	-99	-99
16.08.1985	86	-99	-99	-99	-99	-99
17.08.1985	78	-99	-99	-99	-99	-99
18.08.1985	81	-99	-99	-99	-99	-99
19.08.1985	70	-99	-99	-99	-99	-99
20.08.1985	91	-99	-99	-99	-99	-99
21.08.1985	83	-99	-99	-99	-99	-99
22.08.1985	91	-99	-99	-99	-99	-99
23.08.1985	93	-99	-99	-99	-99	-99
24.08.1985	71	-99	-99	-99	-99	-99
25.08.1985	95	-99	-99	-99	-99	-99
26.08.1985	89	-99	-99	-99	-99	-99
27.08.1985	87	-99	-99	-99	-99	-99
28.08.1985	79	-99	-99	-99	-99	-99
29.08.1985	87	-99	-99	-99	-99	-99
30.08.1985	93	-99	-99	-99	-99	-99
31.08.1985	96	-99	-99	-99	-99	-99
01.09.1985	87	-99	-99	-99	-99	-99
02.09.1985	90	-99	-99	-99	-99	-99
03.09.1985	92	-99	-99	-99	-99	-99
04.09.1985	86	-99	-99	-99	-99	-99
05.09.1985	76	-99	-99	-99	-99	-99
06.09.1985	90	-99	-99	-99	-99	-99
07.09.1985	94	-99	-99	-99	-99	-99
08.09.1985	92	-99	-99	-99	-99	-99
09.09.1985	84	-99	-99	-99	-99	-99
10.09.1985	94	-99	-99	-99	-99	-99
11.09.1985	83	-99	-99	-99	-99	-99
12.09.1985	67	-99	-99	-99	-99	-99
13.09.1985	82	-99	-99	-99	-99	-99
14.09.1985	86	-99	-99	-99	-99	-99
15.09.1985	90	-99	-99	-99	-99	-99
16.09.1985	90	-99	-99	-99	-99	-99
17.09.1985	91	-99	-99	-99	-99	-99
18.09.1985	94	-99	-99	-99	-99	-99
19.09.1985	83	-99	-99	-99	-99	-99
20.09.1985	94	-99	-99	-99	-99	-99
21.09.1985	94	-99	-99	-99	-99	-99
22.09.1985	83	-99	-99	-99	-99	-99
23.09.1985	69	-99	-99	-99	-99	-99
24.09.1985	85	-99	-99	-99	-99	-99
25.09.1985	68	-99	-99	-99	-99	-99
26.09.1985	75	-99	-99	-99	-99	-99
27.09.1985	91	-99	-99	-99	-99	-99
28.09.1985	72	-99	-99	-99	-99	-99
29.09.1985	95	-99	-99	-99	-99	-99
30.09.1985	95	-99	-99	-99	-99	-99
01.10.1985	96	-99	-99	-99	-99	-99
02.10.1985	95	-99	-99	-99	-99	-99
03.10.1985	87	-99	-99	-99	-99	-99
04.10.1985	73	-99	-99	-99	-99	-99
05.10.1985	92	-99	-99	-99	-99	-99
06.10.1985	57	-99	-99	-99	-99	-99
07.10.1985	88	-99	-99	-99	-99	-99
08.10.1985	86	-99	-99	-99	-99	-99
09.10.1985	79	-99	-99	-99	-99	-99
10.10.1985	97	-99	-99	-99	-99	-99
11.10.1985	72	-99	-99	-99	-99	-99
12.10.1985	87	-99	-99	-99	-99	-99
13.10.1985	97	-99	-99	-99	-99	-99
14.10.1985	90	-99	-99	-99	-99	-99
15.10.1985	98	-99	-99	-99	-99	-99
16.10.1985	78	-99	-99	-99	-99	-99
17.10.1985	92	-99	-99	-99	-99	-99
18.10.1985	76	-99	-99	-99	-99	-99
19.10.1985	86	-99	-99	-99	-99	-99
20.10.1985	87	-99	-99	-99	-99	-99
21.10.1985	67	-99	-99	-99	-99	-99
22.10.1985	89	-99	-99	-99	-99	-99
23.10.1985	83	-99	-99	-99	-99	-99
24.10.1985	79	-99	-99	-99	-99	-99
25.10.1985	72	-99	-99	-99	-99	-99
26.10.1985	88	-99	-99	-99	-99	-99
27.10.1985	91	-99	-99	-99	-99	-99
28.10.1985	96	-99	-99	-99	-99	-99
29.10.1985	95	-99	-99	-99	-99	-99
30.10.1985	92	-99	-99	-99	-99	-99
31.10.1985	85	-99	-99	-99	-99	-99
01.11.1985	90	-99	-99	-99	-99	-99
02.11.1985	89	-99	-99	-99	-99	-99
03.11.1985	86	-99	-99	-99	-99	-99
04.11.1985	81	-99	-99	-99	-99	-99
05.11.1985	68	-99	-99	-99	-99	-99
06.11.1985	91	-99	-99	-99	-99	-99
07.11.1985	99	-99	-99	-99	-99	-99
08.11.1985	99	-99	-99	-99	-99	-99
09.11.1985	58	-99	-99	-99	-99	-99
10.11.1985	98	-99	-99	-99	-99	-99
11.11.1985	98	-99	-99	-99	-99	-99
12.11.1985	91	-99	-99	-99	-99	-99
13.11.1985	69	-99	-99	-99	-99	-99
14.11.1985	34	-99	-99	-99	-99	-99
15.11.1985	40	-99	-99	-99	-99	-99
16.11.1985	34	-99	-99	-99	-99	-99
17.11.1985	29	-99	-99	-99	-99	-99
18.11.1985	55	-99	-99	-99	-99	-99
19.11.1985	67	-99	-99	-99	-99	-99
20.11.1985	70	-99	-99	-99	-99	-99
21.11.1985	70	-99	-99	-99	-99	-99
22.11.1985	85	-99	-99	-99	-99	-99
23.11.1985	73	-99	-99	-99	-99	-99
24.11.1985	99	-99	-99	-99	-99	-99
25.11.1985	99	-99	-99	-99	-99	-99
26.11.1985	60	-99	-99	-99	-99	-99
27.11.1985	34	-99	-99	-99	-99	-99
28.11.1985	34	-99	-99	-99	-99	-99
29.11.1985	32	-99	-99	-99	-99	-99
30.11.1985	80	-99	-99	-99	-99	-99
01.12.1985	40	-99	-99	-99	-99	-99
02.12.1985	82	-99	-99	-99	-99	-99
03.12.1985	62	-99	-99	-99	-99	-99
04.12.1985	89	-99	-99	-99	-99	-99
05.12.1985	61	-99	-99	-99	-99	-99
06.12.1985	40	-99	-99	-99	-99	-99
07.12.1985	46	-99	-99	-99	-99	-99
08.12.1985	76	-99	-99	-99	-99	-99
09.12.1985	41	-99	-99	-99	-99	-99
10.12.1985	71	-99	-99	-99	-99	-99
11.12.1985	83	-99	-99	-99	-99	-99
12.12.1985	72	-99	-99	-99	-99	-99
13.12.1985	61	-99	-99	-99	-99	-99
14.12.1985	63	-99	-99	-99	-99	-99
15.12.1985	46	-99	-99	-99	-99	-99
16.12.1985	33	-99	-99	-99	-99	-99
17.12.1985	42	-99	-99	-99	-99	-99
18.12.1985	61	-99	-99	-99	-99	-99
19.12.1985	52	-99	-99	-99	-99	-99
20.12.1985	50	-99	-99	-99	-99	-99
21.12.1985	91	-99	-99	-99	-99	-99
22.12.1985	99	-99	-99	-99	-99	-99
23.12.1985	89	-99	-99	-99	-99	-99
24.12.1985	48	-99	-99	-99	-99	-99
25.12.1985	38	-99	-99	-99	-99	-99
26.12.1985	96	-99	-99	-99	-99	-99
27.12.1985	72	-99	-99	-99	-99	-99
28.12.1985	77	-99	-99	-99	-99	-99
29.12.1985	93	-99	-99	-99	-99	-99
30.12.1985	98	-99	-99	-99	-99	-99
31.12.1985	83	-99	-99	-99	-99	-99
01.01.1986	31	-99	-99	-99	-99	-99
02.01.1986	33	-99	-99	-99	-99	-99
03.01.1986	37	-99	-99	-99	-99	-99
04.01.1986	54	-99	-99	-99	-99	-99
05.01.1986	27	-99	-99	-99	-99	-99
06.01.1986	43	-99	-99	-99	-99	-99
07.01.1986	55	-99	-99	-99	-99	-99
08.01.1986	38	-99	-99	-99	-99	-99
09.01.1986	69	-99	-99	-99	-99	-99
10.01.1986	38	-99	-99	-99	-99	-99
11.01.1986	45	-99	-99	-99	-99	-99
12.01.1986	49	-99	-99	-99	-99	-99
13.01.1986	81	-99	-99	-99	-99	-99
14.01.1986	48	-99	-99	-99	-99	-99
15.01.1986	48	-99	-99	-99	-99	-99
16.01.1986	99	-99	-99	-99	-99	-99
17.01.1986	98	-99	-99	-99	-99	-99
18.01.1986	78	-99	-99	-99	-99	-99
19.01.1986	91	-99	-99	-99	-99	-99
20.01.1986	99	-99	-99	-99	-99	-99
21.01.1986	74	-99	-99	-99	-99	-99
22.01.1986	85	-99	-99	-99	-99	-99
23.01.1986	67	-99	-99	-99	-99	-99
24.01.1986	99	-99	-99	-99	-99	-99
25.01.1986	95	-99	-99	-99	-99	-99
26.01.1986	84	-99	-99	-99	-99	-99
27.01.1986	59	-99	-99	-99	-99	-99
28.01.1986	41	-99	-99	-99	-99	-99
29.01.1986	39	-99	-99	-99	-99	-99
30.01.1986	39	-99	-99	-99	-99	-99
31.01.1986	43	-99	-99	-99	-99	-99
01.02.1986	43	-99	-99	-99	-99	-99
02.02.1986	49	-99	-99	-99	-99	-99
03.02.1986	17	-99	-99	-99	-99	-99
04.02.1986	60	-99	-99	-99	-99	-99
05.02.1986	21	-99	-99	-99	-99	-99
06.02.1986	55	-99	-99	-99	-99	-99
07.02.1986	69	-99	-99	-99	-99	-99
08.02.1986	75	-99	-99	-99	-99	-99
09.02.1986	77	-99	-99	-99	-99	-99
10.02.1986	80	-99	-99	-99	-99	-99
11.02.1986	54	-99	-99	-99	-99	-99
12.02.1986	70	-99	-99	-99	-99	-99
13.02.1986	52	-99	-99	-99	-99	-99
14.02.1986	36	-99	-99	-99	-99	-99
15.02.1986	35	-99	-99	-99	-99	-99
16.02.1986	65	-99	-99	-99	-99	-99
17.02.1986	67	-99	-99	-99	-99	-99
18.02.1986	40	-99	-99	-99	-99	-99
19.02.1986	54	-99	-99	-99	-99	-99
20.02.1986	97	-99	-99	-99	-99	-99
21.02.1986	60	-99	-99	-99	-99	-99
22.02.1986	50	-99	-99	-99	-99	-99
23.02.1986	96	-99	-99	-99	-99	-99
24.02.1986	44	-99	-99	-99	-99	-99
25.02.1986	89	-99	-99	-99	-99	-99
26.02.1986	97	-99	-99	-99	-99	-99
27.02.1986	75	-99	-99	-99	-99	-99
28.02.1986	59	-99	-99	-99	-99	-99
01.03.1986	87	-99	-99	-99	-99	-99
02.03.1986	95	-99	-99	-99	-99	-99
03.03.1986	89	-99	-99	-99	-99	-99
04.03.1986	99	-99	-99	-99	-99	-99
05.03.1986	84	-99	-99	-99	-99	-99
06.03.1986	81	-99	-99	-99	-99	-99
07.03.1986	80	-99	-99	-99	-99	-99
08.03.1986	87	-99	-99	-99	-99	-99
09.03.1986	38	-99	-99	-99	-99	-99
10.03.1986	37	-99	-99	-99	-99	-99
11.03.1986	40	-99	-99	-99	-99	-99
12.03.1986	40	-99	-99	-99	-99	-99
13.03.1986	44	-99	-99	-99	-99	-99
14.03.1986	39	-99	-99	-99	-99	-99
15.03.1986	32	-99	-99	-99	-99	-99
16.03.1986	29	-99	-99	-99	-99	-99
17.03.1986	41	-99	-99	-99	-99	-99
18.03.1986	48	-99	-99	-99	-99	-99
19.03.1986	73	-99	-99	-99	-99	-99
20.03.1986	30	-99	-99	-99	-99	-99
21.03.1986	64	-99	-99	-99	-99	-99
22.03.1986	40	-99	-99	-99	-99	-99
23.03.1986	91	-99	-99	-99	-99	-99
24.03.1986	45	-99	-99	-99	-99	-99
25.03.1986	33	-99	-99	-99	-99	-99
26.03.1986	54	-99	-99	-99	-99	-99
27.03.1986	40	-99	-99	-99	-99	-99
28.03.1986	69	-99	-99	-99	-99	-99
29.03.1986	40	-99	-99	-99	-99	-99
30.03.1986	40	-99	-99	-99	-99	-99
31.03.1986	43	-99	-99	-99	-99	-99
01.04.1986	84	-99	-99	-99	-99	-99
02.04.1986	94	-99	-99	-99	-99	-99
03.04.1986	92	-99	-99	-99	-99	-99
04.04.1986	62	-99	-99	-99	-99	-99
05.04.1986	67	-99	-99	-99	-99	-99
06.04.1986	34	-99	-99	-99	-99	-99
07.04.1986	32	-99	-99	-99	-99	-99
08.04.1986	55	-99	-99	-99	-99	-99
09.04.1986	77	-99	-99	-99	-99	-99
10.04.1986	52	-99	-99	-99	-99	-99
11.04.1986	90	-99	-99	-99	-99	-99
12.04.1986	93	-99	-99	-99	-99	-99
13.04.1986	44	-99	-99	-99	-99	-99
14.04.1986	28	-99	-99	-99	-99	-99
15.04.1986	22	-99	-99	-99	-99	-99
16.04.1986	23	-99	-99	-99	-99	-99
17.04.1986	43	-99	-99	-99	-99	-99
18.04.1986	38	-99	-99	-99	-99	-99
19.04.1986	32	-99	-99	-99	-99	-99
20.04.1986	30	-99	-99	-99	-99	-99
21.04.1986	42	-99	-99	-99	-99	-99
22.04.1986	39	-99	-99	-99	-99	-99
23.04.1986	29	-99	-99	-99	-99	-99
24.04.1986	35	-99	-99	-99	-99	-99
25.04.1986	39	-99	-99	-99	-99	-99
26.04.1986	42	-99	-99	-99	-99	-99
27.04.1986	68	-99	-99	-99	-99	-99
28.04.1986	58	-99	-99	-99	-99	-99
29.04.1986	69	-99	-99	-99	-99	-99
30.04.1986	72	-99	-99	-99	-99	-99
01.05.1986	89	-99	-99	-99	-99	-99
02.05.1986	50	-99	-99	-99	-99	-99
03.05.1986	49	-99	-99	-99	-99	-99
04.05.1986	36	-99	-99	-99	-99	-99
05.05.1986	38	-99	-99	-99	-99	-99
06.05.1986	32	-99	-99	-99	-99	-99
07.05.1986	40	-99	-99	-99	-99	-99
08.05.1986	97	-99	-99	-99	-99	-99
09.05.1986	82	-99	-99	-99	-99	-99
10.05.1986	42	-99	-99	-99	-99	-99
11.05.1986	36	-99	-99	-99	-99	-99
12.05.1986	59	-99	-99	-99	-99	-99
13.05.1986	55	-99	-99	-99	-99	-99
14.05.1986	73	-99	-99	-99	-99	-99
15.05.1986	36	-99	-99	-99	-99	-99
16.05.1986	65	-99	-99	-99	-99	-99
17.05.1986	67	-99	-99	-99	-99	-99
18.05.1986	34	-99	-99	-99	-99	-99
19.05.1986	87	-99	-99	-99	-99	-99
20.05.1986	83	-99	-99	-99	-99	-99
21.05.1986	24	-99	-99	-99	-99	-99
22.05.1986	84	-99	-99	-99	-99	-99
23.05.1986	68	-99	-99	-99	-99	-99
24.05.1986	69	-99	-99	-99	-99	-99
25.05.1986	60	-99	-99	-99	-99	-99
26.05.1986	58	-99	-99	-99	-99	-99
27.05.1986	48	-99	-99	-99	-99	-99
28.05.1986	68	-99	-99	-99	-99	-99
29.05.1986	80	-99	-99	-99	-99	-99
30.05.1986	62	-99	-99	-99	-99	-99
31.05.1986	83	-99	-99	-99	-99	-99
01.06.1986	85	-99	-99	-99	-99	-99
02.06.1986	76	-99	-99	-99	-99	-99
03.06.1986	93	-99	-99	-99	-99	-99
04.06.1986	92	-99	-99	-99	-99	-99
05.06.1986	80	-99	-99	-99	-99	-99
06.06.1986	79	-99	-99	-99	-99	-99
07.06.1986	69	-99	-99	-99	-99	-99
08.06.1986	93	-99	-99	-99	-99	-99
09.06.1986	40	-99	-99	-99	-99	-99
10.06.1986	37	-99	-99	-99	-99	-99
11.06.1986	62	-99	-99	-99	-99	-99
12.06.1986	84	-99	-99	-99	-99	-99
13.06.1986	75	-99	-99	-99	-99	-99
14.06.1986	69	-99	-99	-99	-99	-99
15.06.1986	79	-99	-99	-99	-99	-99
16.06.1986	64	-99	-99	-99	-99	-99
17.06.1986	77	-99	-99	-99	-99	-99
18.06.1986	88	-99	-99	-99	-99	-99
19.06.1986	96	-99	-99	-99	-99	-99
20.06.1986	70	-99	-99	-99	-99	-99
21.06.1986	50	-99	-99	-99	-99	-99
22.06.1986	59	-99	-99	-99	-99	-99
23.06.1986	62	-99	-99	-99	-99	-99
24.06.1986	59	-99	-99	-99	-99	-99
25.06.1986	49	-99	-99	-99	-99	-99
26.06.1986	65	-99	-99	-99	-99	-99
27.06.1986	92	-99	-99	-99	-99	-99
28.06.1986	82	-99	-99	-99	-99	-99
29.06.1986	60	-99	-99	-99	-99	-99
30.06.1986	58	-99	-99	-99	-99	-99
01.07.1986	51	-99	-99	-99	-99	-99
02.07.1986	68	-99	-99	-99	-99	-99
03.07.1986	73	-99	-99	-99	-99	-99
04.07.1986	89	-99	-99	-99	-99	-99
05.07.1986	87	-99	-99	-99	-99	-99
06.07.1986	87	-99	-99	-99	-99	-99
07.07.1986	76	-99	-99	-99	-99	-99
08.07.1986	70	-99	-99	-99	-99	-99
09.07.1986	78	-99	-99	-99	-99	-99
10.07.1986	78	-99	-99	-99	-99	-99
11.07.1986	68	-99	-99	-99	-99	-99
12.07.1986	57	-99	-99	-99	-99	-99
13.07.1986	59	-99	-99	-99	-99	-99
14.07.1986	63	-99	-99	-99	-99	-99
15.07.1986	69	-99	-99	-99	-99	-99
16.07.1986	64	-99	-99	-99	-99	-99
17.07.1986	30	-99	-99	-99	-99	-99
18.07.1986	77	-99	-99	-99	-99	-99
19.07.1986	73	-99	-99	-99	-99	-99
20.07.1986	81	-99	-99	-99	-99	-99
21.07.1986	71	-99	-99	-99	-99	-99
22.07.1986	69	-99	-99	-99	-99	-99
23.07.1986	62	-99	-99	-99	-99	-99
24.07.1986	81	-99	-99	-99	-99	-99
25.07.1986	86	-99	-99	-99	-99	-99
26.07.1986	65	-99	-99	-99	-99	-99
27.07.1986	68	-99	-99	-99	-99	-99
28.07.1986	73	-99	-99	-99	-99	-99
29.07.1986	92	-99	-99	-99	-99	-99
30.07.1986	89	-99	-99	-99	-99	-99
31.07.1986	63	-99	-99	-99	-99	-99
01.08.1986	87	-99	-99	-99	-99	-99
02.08.1986	79	-99	-99	-99	-99	-99
03.08.1986	84	-99	-99	-99	-99	-99
04.08.1986	85	-99	-99	-99	-99	-99
05.08.1986	87	-99	-99	-99	-99	-99
06.08.1986	91	-99	-99	-99	-99	-99
07.08.1986	81	-99	-99	-99	-99	-99
08.08.1986	68	-99	-99	-99	-99	-99
09.08.1986	96	-99	-99	-99	-99	-99
10.08.1986	94	-99	-99	-99	-99	-99
11.08.1986	77	-99	-99	-99	-99	-99
12.08.1986	78	-99	-99	-99	-99	-99
13.08.1986	87	-99	-99	-99	-99	-99
14.08.1986	81	-99	-99	-99	-99	-99
15.08.1986	63	-99	-99	-99	-99	-99
16.08.1986	82	-99	-99	-99	-99	-99
17.08.1986	88	-99	-99	-99	-99	-99
18.08.1986	94	-99	-99	-99	-99	-99
19.08.1986	91	-99	-99	-99	-99	-99
20.08.1986	88	-99	-99	-99	-99	-99
21.08.1986	84	-99	-99	-99	-99	-99
22.08.1986	87	-99	-99	-99	-99	-99
23.08.1986	57	-99	-99	-99	-99	-99
24.08.1986	62	-99	-99	-99	-99	-99
25.08.1986	78	-99	-99	-99	-99	-99
26.08.1986	58	-99	-99	-99	-99	-99
27.08.1986	36	-99	-99	-99	-99	-99
28.08.1986	40	-99	-99	-99	-99	-99
29.08.1986	56	-99	-99	-99	-99	-99
30.08.1986	94	-99	-99	-99	-99	-99
31.08.1986	74	-99	-99	-99	-99	-99
01.09.1986	93	-99	-99	-99	-99	-99
02.09.1986	84	-99	-99	-99	-99	-99
03.09.1986	89	-99	-99	-99	-99	-99
04.09.1986	93	-99	-99	-99	-99	-99
05.09.1986	71	-99	-99	-99	-99	-99
06.09.1986	91	-99	-99	-99	-99	-99
07.09.1986	89	-99	-99	-99	-99	-99
08.09.1986	88	-99	-99	-99	-99	-99
09.09.1986	80	-99	-99	-99	-99	-99
10.09.1986	89	-99	-99	-99	-99	-99
11.09.1986	91	-99	-99	-99	-99	-99
12.09.1986	91	-99	-99	-99	-99	-99
13.09.1986	86	-99	-99	-99	-99	-99
14.09.1986	90	-99	-99	-99	-99	-99
15.09.1986	93	-99	-99	-99	-99	-99
16.09.1986	79	-99	-99	-99	-99	-99
17.09.1986	85	-99	-99	-99	-99	-99
18.09.1986	87	-99	-99	-99	-99	-99
19.09.1986	92	-99	-99	-99	-99	-99
20.09.1986	92	-99	-99	-99	-99	-99
21.09.1986	80	-99	-99	-99	-99	-99
22.09.1986	77	-99	-99	-99	-99	-99
23.09.1986	89	-99	-99	-99	-99	-99
24.09.1986	81	-99	-99	-99	-99	-99
25.09.1986	80	-99	-99	-99	-99	-99
26.09.1986	68	-99	-99	-99	-99	-99
27.09.1986	38	-99	-99	-99	-99	-99
28.09.1986	75	-99	-99	-99	-99	-99
29.09.1986	75	-99	-99	-99	-99	-99
30.09.1986	97	-99	-99	-99	-99	-99
01.10.1986	87	-99	-99	-99	-99	-99
02.10.1986	82	-99	-99	-99	-99	-99
03.10.1986	96	-99	-99	-99	-99	-99
04.10.1986	72	-99	-99	-99	-99	-99
05.10.1986	43	-99	-99	-99	-99	-99
06.10.1986	90	-99	-99	-99	-99	-99
07.10.1986	94	-99	-99	-99	-99	-99
08.10.1986	64	-99	-99	-99	-99	-99
09.10.1986	81	-99	-99	-99	-99	-99
10.10.1986	87	-99	-99	-99	-99	-99
11.10.1986	78	-99	-99	-99	-99	-99
12.10.1986	50	-99	-99	-99	-99	-99
13.10.1986	41	-99	-99	-99	-99	-99
14.10.1986	76	-99	-99	-99	-99	-99
15.10.1986	79	-99	-99	-99	-99	-99
16.10.1986	70	-99	-99	-99	-99	-99
17.10.1986	77	-99	-99	-99	-99	-99
18.10.1986	45	-99	-99	-99	-99	-99
19.10.1986	79	-99	-99	-99	-99	-99
20.10.1986	33	-99	-99	-99	-99	-99
21.10.1986	34	-99	-99	-99	-99	-99
22.10.1986	38	-99	-99	-99	-99	-99
23.10.1986	86	-99	-99	-99	-99	-99
24.10.1986	76	-99	-99	-99	-99	-99
25.10.1986	36	-99	-99	-99	-99	-99
26.10.1986	56	-99	-99	-99	-99	-99
27.10.1986	63	-99	-99	-99	-99	-99
28.10.1986	93	-99	-99	-99	-99	-99
29.10.1986	89	-99	-99	-99	-99	-99
30.10.1986	64	-99	-99	-99	-99	-99
31.10.1986	88	-99	-99	-99	-99	-99
01.11.1986	85	-99	-99	-99	-99	-99
02.11.1986	85	-99	-99	-99	-99	-99
03.11.1986	79	-99	-99	-99	-99	-99
04.11.1986	90	-99	-99	-99	-99	-99
05.11.1986	90	-99	-99	-99	-99	-99
06.11.1986	93	-99	-99	-99	-99	-99
07.11.1986	88	-99	-99	-99	-99	-99
08.11.1986	97	-99	-99	-99	-99	-99
09.11.1986	97	-99	-99	-99	-99	-99
10.11.1986	97	-99	-99	-99	-99	-99
11.11.1986	94	-99	-99	-99	-99	-99
12.11.1986	82	-99	-99	-99	-99	-99
13.11.1986	44	-99	-99	-99	-99	-99
14.11.1986	36	-99	-99	-99	-99	-99
15.11.1986	50	-99	-99	-99	-99	-99
16.11.1986	32	-99	-99	-99	-99	-99
17.11.1986	59	-99	-99	-99	-99	-99
18.11.1986	39	-99	-99	-99	-99	-99
19.11.1986	75	-99	-99	-99	-99	-99
20.11.1986	36	-99	-99	-99	-99	-99
21.11.1986	75	-99	-99	-99	-99	-99
22.11.1986	36	-99	-99	-99	-99	-99
23.11.1986	40	-99	-99	-99	-99	-99
24.11.1986	45	-99	-99	-99	-99	-99
25.11.1986	94	-99	-99	-99	-99	-99
26.11.1986	97	-99	-99	-99	-99	-99
27.11.1986	97	-99	-99	-99	-99	-99
28.11.1986	91	-99	-99	-99	-99	-99
29.11.1986	75	-99	-99	-99	-99	-99
30.11.1986	90	-99	-99	-99	-99	-99
01.12.1986	98	-99	-99	-99	-99	-99
02.12.1986	82	-99	-99	-99	-99	-99
03.12.1986	91	-99	-99	-99	-99	-99
04.12.1986	92	-99	-99	-99	-99	-99
05.12.1986	92	-99	-99	-99	-99	-99
06.12.1986	81	-99	-99	-99	-99	-99
07.12.1986	43	-99	-99	-99	-99	-99
08.12.1986	77	-99	-99	-99	-99	-99
09.12.1986	96	-99	-99	-99	-99	-99
10.12.1986	91	-99	-99	-99	-99	-99
11.12.1986	18	-99	-99	-99	-99	-99
12.12.1986	68	-99	-99	-99	-99	-99
13.12.1986	24	-99	-99	-99	-99	-99
14.12.1986	26	-99	-99	-99	-99	-99
15.12.1986	25	-99	-99	-99	-99	-99
16.12.1986	31	-99	-99	-99	-99	-99
17.12.1986	44	-99	-99	-99	-99	-99
18.12.1986	34	-99	-99	-99	-99	-99
19.12.1986	25	-99	-99	-99	-99	-99
20.12.1986	42	-99	-99	-99	-99	-99
21.12.1986	34	-99	-99	-99	-99	-99
22.12.1986	56	-99	-99	-99	-99	-99
23.12.1986	64	-99	-99	-99	-99	-99
24.12.1986	38	-99	-99	-99	-99	-99
25.12.1986	71	-99	-99	-99	-99	-99
26.12.1986	43	-99	-99	-99	-99	-99
27.12.1986	37	-99	-99	-99	-99	-99
28.12.1986	44	-99	-99	-99	-99	-99
29.12.1986	69	-99	-99	-99	-99	-99
30.12.1986	97	-99	-99	-99	-99	-99
31.12.1986	34	-99	-99	-99	-99	-99
01.01.1987	68	-99	-99	-99	-99	-99
02.01.1987	94	-99	-99	-99	-99	-99
03.01.1987	69	-99	-99	-99	-99	-99
04.01.1987	19	-99	-99	-99	-99	-99
05.01.1987	37	-99	-99	-99	-99	-99
06.01.1987	69	-99	-99	-99	-99	-99
07.01.1987	69	-99	-99	-99	-99	-99
08.01.1987	99	-99	-99	-99	-99	-99
09.01.1987	37	-99	-99	-99	-99	-99
10.01.1987	32	-99	-99	-99	-99	-99
11.01.1987	19	-99	-99	-99	-99	-99
12.01.1987	15	-99	-99	-99	-99	-99
13.01.1987	31	-99	-99	-99	-99	-99
14.01.1987	39	-99	-99	-99	-99	-99
15.01.1987	72	-99	-99	-99	-99	-99
16.01.1987	72	-99	-99	-99	-99	-99
17.01.1987	81	-99	-99	-99	-99	-99
18.01.1987	61	-99	-99	-99	-99	-99
19.01.1987	41	-99	-99	-99	-99	-99
20.01.1987	99	-99	-99	-99	-99	-99
21.01.1987	74	-99	-99	-99	-99	-99
22.01.1987	83	-99	-99	-99	-99	-99
23.01.1987	98	-99	-99	-99	-99	-99
24.01.1987	99	-99	-99	-99	-99	-99
25.01.1987	98	-99	-99	-99	-99	-99
26.01.1987	89	-99	-99	-99	-99	-99
27.01.1987	94	-99	-99	-99	-99	-99
28.01.1987	73	-99	-99	-99	-99	-99
29.01.1987	55	-99	-99	-99	-99	-99
30.01.1987	96	-99	-99	-99	-99	-99
31.01.1987	72	-99	-99	-99	-99	-99
01.02.1987	81	-99	-99	-99	-99	-99
02.02.1987	62	-99	-99	-99	-99	-99
03.02.1987	62	-99	-99	-99	-99	-99
04.02.1987	98	-99	-99	-99	-99	-99
05.02.1987	97	-99	-99	-99	-99	-99
06.02.1987	93	-99	-99	-99	-99	-99
07.02.1987	97	-99	-99	-99	-99	-99
08.02.1987	76	-99	-99	-99	-99	-99
09.02.1987	44	-99	-99	-99	-99	-99
10.02.1987	33	-99	-99	-99	-99	-99
11.02.1987	45	-99	-99	-99	-99	-99
12.02.1987	55	-99	-99	-99	-99	-99
13.02.1987	53	-99	-99	-99	-99	-99
14.02.1987	92	-99	-99	-99	-99	-99
15.02.1987	60	-99	-99	-99	-99	-99
16.02.1987	94	-99	-99	-99	-99	-99
17.02.1987	80	-99	-99	-99	-99	-99
18.02.1987	65	-99	-99	-99	-99	-99
19.02.1987	94	-99	-99	-99	-99	-99
20.02.1987	99	-99	-99	-99	-99	-99
21.02.1987	87	-99	-99	-99	-99	-99
22.02.1987	90	-99	-99	-99	-99	-99
23.02.1987	86	-99	-99	-99	-99	-99
24.02.1987	98	-99	-99	-99	-99	-99
25.02.1987	99	-99	-99	-99	-99	-99
26.02.1987	69	-99	-99	-99	-99	-99
27.02.1987	30	-99	-99	-99	-99	-99
28.02.1987	40	-99	-99	-99	-99	-99
01.03.1987	48	-99	-99	-99	-99	-99
02.03.1987	38	-99	-99	-99	-99	-99
03.03.1987	89	-99	-99	-99	-99	-99
04.03.1987	75	-99	-99	-99	-99	-99
05.03.1987	66	-99	-99	-99	-99	-99
06.03.1987	32	-99	-99	-99	-99	-99
07.03.1987	29	-99	-99	-99	-99	-99
08.03.1987	38	-99	-99	-99	-99	-99
09.03.1987	29	-99	-99	-99	-99	-99
10.03.1987	43	-99	-99	-99	-99	-99
11.03.1987	45	-99	-99	-99	-99	-99
12.03.1987	61	-99	-99	-99	-99	-99
13.03.1987	32	-99	-99	-99	-99	-99
14.03.1987	36	-99	-99	-99	-99	-99
15.03.1987	73	-99	-99	-99	-99	-99
16.03.1987	71	-99	-99	-99	-99	-99
17.03.1987	31	-99	-99	-99	-99	-99
18.03.1987	28	-99	-99	-99	-99	-99
19.03.1987	34	-99	-99	-99	-99	-99
20.03.1987	31	-99	-99	-99	-99	-99
21.03.1987	32	-99	-99	-99	-99	-99
22.03.1987	29	-99	-99	-99	-99	-99
23.03.1987	32	-99	-99	-99	-99	-99
24.03.1987	36	-99	-99	-99	-99	-99
25.03.1987	33	-99	-99	-99	-99	-99
26.03.1987	34	-99	-99	-99	-99	-99
27.03.1987	49	-99	-99	-99	-99	-99
28.03.1987	77	-99	-99	-99	-99	-99
29.03.1987	89	-99	-99	-99	-99	-99
30.03.1987	71	-99	-99	-99	-99	-99
31.03.1987	42	-99	-99	-99	-99	-99
01.04.1987	63	-99	-99	-99	-99	-99
02.04.1987	45	-99	-99	-99	-99	-99
03.04.1987	26	-99	-99	-99	-99	-99
04.04.1987	18	-99	-99	-99	-99	-99
05.04.1987	52	-99	-99	-99	-99	-99
06.04.1987	57	-99	-99	-99	-99	-99
07.04.1987	69	-99	-99	-99	-99	-99
08.04.1987	44	-99	-99	-99	-99	-99
09.04.1987	39	-99	-99	-99	-99	-99
10.04.1987	44	-99	-99	-99	-99	-99
11.04.1987	48	-99	-99	-99	-99	-99
12.04.1987	66	-99	-99	-99	-99	-99
13.04.1987	85	-99	-99	-99	-99	-99
14.04.1987	77	-99	-99	-99	-99	-99
15.04.1987	82	-99	-99	-99	-99	-99
16.04.1987	64	-99	-99	-99	-99	-99
17.04.1987	57	-99	-99	-99	-99	-99
18.04.1987	31	-99	-99	-99	-99	-99
19.04.1987	38	-99	-99	-99	-99	-99
20.04.1987	53	-99	-99	-99	-99	-99
21.04.1987	85	-99	-99	-99	-99	-99
22.04.1987	82	-99	-99	-99	-99	-99
23.04.1987	71	-99	-99	-99	-99	-99
24.04.1987	89	-99	-99	-99	-99	-99
25.04.1987	74	-99	-99	-99	-99	-99
26.04.1987	62	-99	-99	-99	-99	-99
27.04.1987	90	-99	-99	-99	-99	-99
28.04.1987	73	-99	-99	-99	-99	-99
29.04.1987	44	-99	-99	-99	-99	-99
30.04.1987	62	-99	-99	-99	-99	-99
01.05.1987	84	-99	-99	-99	-99	-99
02.05.1987	69	-99	-99	-99	-99	-99
03.05.1987	45	-99	-99	-99	-99	-99
04.05.1987	24	-99	-99	-99	-99	-99
05.05.1987	80	-99	-99	-99	-99	-99
06.05.1987	61	-99	-99	-99	-99	-99
07.05.1987	60	-99	-99	-99	-99	-99
08.05.1987	92	-99	-99	-99	-99	-99
09.05.1987	70	-99	-99	-99	-99	-99
10.05.1987	73	-99	-99	-99	-99	-99
11.05.1987	81	-99	-99	-99	-99	-99
12.05.1987	90	-99	-99	-99	-99	-99
13.05.1987	32	-99	-99	-99	-99	-99
14.05.1987	65	-99	-99	-99	-99	-99
15.05.1987	69	-99	-99	-99	-99	-99
16.05.1987	41	-99	-99	-99	-99	-99
17.05.1987	34	-99	-99	-99	-99	-99
18.05.1987	66	-99	-99	-99	-99	-99
19.05.1987	83	-99	-99	-99	-99	-99
20.05.1987	68	-99	-99	-99	-99	-99
21.05.1987	37	-99	-99	-99	-99	-99
22.05.1987	31	-99	-99	-99	-99	-99
23.05.1987	45	-99	-99	-99	-99	-99
24.05.1987	11	-99	-99	-99	-99	-99
25.05.1987	42	-99	-99	-99	-99	-99
26.05.1987	61	-99	-99	-99	-99	-99
27.05.1987	44	-99	-99	-99	-99	-99
28.05.1987	36	-99	-99	-99	-99	-99
29.05.1987	45	-99	-99	-99	-99	-99
30.05.1987	41	-99	-99	-99	-99	-99
31.05.1987	40	-99	-99	-99	-99	-99
01.06.1987	45	-99	-99	-99	-99	-99
02.06.1987	71	-99	-99	-99	-99	-99
03.06.1987	60	-99	-99	-99	-99	-99
04.06.1987	57	-99	-99	-99	-99	-99
05.06.1987	64	-99	-99	-99	-99	-99
06.06.1987	65	-99	-99	-99	-99	-99
07.06.1987	72	-99	-99	-99	-99	-99
08.06.1987	66	-99	-99	-99	-99	-99
09.06.1987	86	-99	-99	-99	-99	-99
10.06.1987	89	-99	-99	-99	-99	-99
11.06.1987	83	-99	-99	-99	-99	-99
12.06.1987	87	-99	-99	-99	-99	-99
13.06.1987	82	-99	-99	-99	-99	-99
14.06.1987	56	-99	-99	-99	-99	-99
15.06.1987	83	-99	-99	-99	-99	-99
16.06.1987	70	-99	-99	-99	-99	-99
17.06.1987	82	-99	-99	-99	-99	-99
18.06.1987	62	-99	-99	-99	-99	-99
19.06.1987	89	-99	-99	-99	-99	-99
20.06.1987	82	-99	-99	-99	-99	-99
21.06.1987	74	-99	-99	-99	-99	-99
22.06.1987	54	-99	-99	-99	-99	-99
23.06.1987	97	-99	-99	-99	-99	-99
24.06.1987	91	-99	-99	-99	-99	-99
25.06.1987	81	-99	-99	-99	-99	-99
26.06.1987	82	-99	-99	-99	-99	-99
27.06.1987	75	-99	-99	-99	-99	-99
28.06.1987	70	-99	-99	-99	-99	-99
29.06.1987	82	-99	-99	-99	-99	-99
30.06.1987	96	-99	-99	-99	-99	-99
01.07.1987	90	-99	-99	-99	-99	-99
02.07.1987	97	-99	-99	-99	-99	-99
03.07.1987	76	-99	-99	-99	-99	-99
04.07.1987	78	-99	-99	-99	-99	-99
05.07.1987	96	-99	-99	-99	-99	-99
06.07.1987	97	-99	-99	-99	-99	-99
07.07.1987	81	-99	-99	-99	-99	-99
08.07.1987	80	-99	-99	-99	-99	-99
09.07.1987	96	-99	-99	-99	-99	-99
10.07.1987	77	-99	-99	-99	-99	-99
11.07.1987	45	-99	-99	-99	-99	-99
12.07.1987	73	-99	-99	-99	-99	-99
13.07.1987	69	-99	-99	-99	-99	-99
14.07.1987	59	-99	-99	-99	-99	-99
15.07.1987	41	-99	-99	-99	-99	-99
16.07.1987	27	-99	-99	-99	-99	-99
17.07.1987	21	-99	-99	-99	-99	-99
18.07.1987	20	-99	-99	-99	-99	-99
19.07.1987	36	-99	-99	-99	-99	-99
20.07.1987	43	-99	-99	-99	-99	-99
21.07.1987	54	-99	-99	-99	-99	-99
22.07.1987	61	-99	-99	-99	-99	-99
23.07.1987	73	-99	-99	-99	-99	-99
24.07.1987	71	-99	-99	-99	-99	-99
25.07.1987	78	-99	-99	-99	-99	-99
26.07.1987	76	-99	-99	-99	-99	-99
27.07.1987	83	-99	-99	-99	-99	-99
28.07.1987	76	-99	-99	-99	-99	-99
29.07.1987	87	-99	-99	-99	-99	-99
30.07.1987	86	-99	-99	-99	-99	-99
31.07.1987	83	-99	-99	-99	-99	-99
01.08.1987	96	-99	-99	-99	-99	-99
02.08.1987	93	-99	-99	-99	-99	-99
03.08.1987	77	-99	-99	-99	-99	-99
04.08.1987	72	-99	-99	-99	-99	-99
05.08.1987	75	-99	-99	-99	-99	-99
06.08.1987	93	-99	-99	-99	-99	-99
07.08.1987	34	-99	-99	-99	-99	-99
08.08.1987	57	-99	-99	-99	-99	-99
09.08.1987	63	-99	-99	-99	-99	-99
10.08.1987	92	-99	-99	-99	-99	-99
11.08.1987	78	-99	-99	-99	-99	-99
12.08.1987	74	-99	-99	-99	-99	-99
13.08.1987	80	-99	-99	-99	-99	-99
14.08.1987	90	-99	-99	-99	-99	-99
15.08.1987	74	-99	-99	-99	-99	-99
16.08.1987	81	-99	-99	-99	-99	-99
17.08.1987	91	-99	-99	-99	-99	-99
18.08.1987	92	-99	-99	-99	-99	-99
19.08.1987	95	-99	-99	-99	-99	-99
20.08.1987	57	-99	-99	-99	-99	-99
21.08.1987	69	-99	-99	-99	-99	-99
22.08.1987	86	-99	-99	-99	-99	-99
23.08.1987	63	-99	-99	-99	-99	-99
24.08.1987	60	-99	-99	-99	-99	-99
25.08.1987	45	-99	-99	-99	-99	-99
26.08.1987	73	-99	-99	-99	-99	-99
27.08.1987	96	-99	-99	-99	-99	-99
28.08.1987	83	-99	-99	-99	-99	-99
29.08.1987	96	-99	-99	-99	-99	-99
30.08.1987	76	-99	-99	-99	-99	-99
31.08.1987	83	-99	-99	-99	-99	-99
01.09.1987	40	-99	-99	-99	-99	-99
02.09.1987	75	-99	-99	-99	-99	-99
03.09.1987	72	-99	-99	-99	-99	-99
04.09.1987	66	-99	-99	-99	-99	-99
05.09.1987	60	-99	-99	-99	-99	-99
06.09.1987	89	-99	-99	-99	-99	-99
07.09.1987	90	-99	-99	-99	-99	-99
08.09.1987	93	-99	-99	-99	-99	-99
09.09.1987	96	-99	-99	-99	-99	-99
10.09.1987	86	-99	-99	-99	-99	-99
11.09.1987	81	-99	-99	-99	-99	-99
12.09.1987	62	-99	-99	-99	-99	-99
13.09.1987	97	-99	-99	-99	-99	-99
14.09.1987	95	-99	-99	-99	-99	-99
15.09.1987	91	-99	-99	-99	-99	-99
16.09.1987	83	-99	-99	-99	-99	-99
17.09.1987	26	-99	-99	-99	-99	-99
18.09.1987	92	-99	-99	-99	-99	-99
19.09.1987	79	-99	-99	-99	-99	-99
20.09.1987	77	-99	-99	-99	-99	-99
21.09.1987	47	-99	-99	-99	-99	-99
22.09.1987	68	-99	-99	-99	-99	-99
23.09.1987	92	-99	-99	-99	-99	-99
24.09.1987	84	-99	-99	-99	-99	-99
25.09.1987	85	-99	-99	-99	-99	-99
26.09.1987	82	-99	-99	-99	-99	-99
27.09.1987	90	-99	-99	-99	-99	-99
28.09.1987	73	-99	-99	-99	-99	-99
29.09.1987	83	-99	-99	-99	-99	-99
30.09.1987	93	-99	-99	-99	-99	-99
01.10.1987	84	-99	-99	-99	-99	-99
02.10.1987	68	-99	-99	-99	-99	-99
03.10.1987	81	-99	-99	-99	-99	-99
04.10.1987	70	-99	-99	-99	-99	-99
05.10.1987	34	-99	-99	-99	-99	-99
06.10.1987	48	-99	-99	-99	-99	-99
07.10.1987	84	-99	-99	-99	-99	-99
08.10.1987	50	-99	-99	-99	-99	-99
09.10.1987	63	-99	-99	-99	-99	-99
10.10.1987	35	-99	-99	-99	-99	-99
11.10.1987	26	-99	-99	-99	-99	-99
12.10.1987	63	-99	-99	-99	-99	-99
13.10.1987	98	-99	-99	-99	-99	-99
14.10.1987	30	-99	-99	-99	-99	-99
15.10.1987	46	-99	-99	-99	-99	-99
16.10.1987	46	-99	-99	-99	-99	-99
17.10.1987	53	-99	-99	-99	-99	-99
18.10.1987	31	-99	-99	-99	-99	-99
19.10.1987	20	-99	-99	-99	-99	-99
20.10.1987	20	-99	-99	-99	-99	-99
21.10.1987	22	-99	-99	-99	-99	-99
22.10.1987	37	-99	-99	-99	-99	-99
23.10.1987	35	-99	-99	-99	-99	-99
24.10.1987	55	-99	-99	-99	-99	-99
25.10.1987	52	-99	-99	-99	-99	-99
26.10.1987	30	-99	-99	-99	-99	-99
27.10.1987	22	-99	-99	-99	-99	-99
28.10.1987	65	-99	-99	-99	-99	-99
29.10.1987	51	-99	-99	-99	-99	-99
30.10.1987	48	-99	-99	-99	-99	-99
31.10.1987	94	-99	-99	-99	-99	-99
01.11.1987	77	-99	-99	-99	-99	-99
02.11.1987	72	-99	-99	-99	-99	-99
03.11.1987	89	-99	-99	-99	-99	-99
04.11.1987	99	-99	-99	-99	-99	-99
05.11.1987	77	-99	-99	-99	-99	-99
06.11.1987	82	-99	-99	-99	-99	-99
07.11.1987	87	-99	-99	-99	-99	-99
08.11.1987	74	-99	-99	-99	-99	-99
09.11.1987	75	-99	-99	-99	-99	-99
10.11.1987	52	-99	-99	-99	-99	-99
11.11.1987	41	-99	-99	-99	-99	-99
12.11.1987	48	-99	-99	-99	-99	-99
13.11.1987	42	-99	-99	-99	-99	-99
14.11.1987	45	-99	-99	-99	-99	-99
15.11.1987	58	-99	-99	-99	-99	-99
16.11.1987	52	-99	-99	-99	-99	-99
17.11.1987	93	-99	-99	-99	-99	-99
18.11.1987	47	-99	-99	-99	-99	-99
19.11.1987	97	-99	-99	-99	-99	-99
20.11.1987	54	-99	-99	-99	-99	-99
21.11.1987	80	-99	-99	-99	-99	-99
22.11.1987	41	-99	-99	-99	-99	-99
23.11.1987	42	-99	-99	-99	-99	-99
24.11.1987	61	-99	-99	-99	-99	-99
25.11.1987	55	-99	-99	-99	-99	-99
26.11.1987	43	-99	-99	-99	-99	-99
27.11.1987	64	-99	-99	-99	-99	-99
28.11.1987	45	-99	-99	-99	-99	-99
29.11.1987	94	-99	-99	-99	-99	-99
30.11.1987	90	-99	-99	-99	-99	-99
01.12.1987	93	-99	-99	-99	-99	-99
02.12.1987	90	-99	-99	-99	-99	-99
03.12.1987	71	-99	-99	-99	-99	-99
04.12.1987	88	-99	-99	-99	-99	-99
05.12.1987	94	-99	-99	-99	-99	-99
06.12.1987	89	-99	-99	-99	-99	-99
07.12.1987	78	-99	-99	-99	-99	-99
08.12.1987	90	-99	-99	-99	-99	-99
09.12.1987	98	-99	-99	-99	-99	-99
10.12.1987	95	-99	-99	-99	-99	-99
11.12.1987	97	-99	-99	-99	-99	-99
12.12.1987	99	-99	-99	-99	-99	-99
13.12.1987	85	-99	-99	-99	-99	-99
14.12.1987	52	-99	-99	-99	-99	-99
15.12.1987	80	-99	-99	-99	-99	-99
16.12.1987	45	-99	-99	-99	-99	-99
17.12.1987	29	-99	-99	-99	-99	-99
18.12.1987	52	-99	-99	-99	-99	-99
19.12.1987	99	-99	-99	-99	-99	-99
20.12.1987	98	-99	-99	-99	-99	-99
21.12.1987	91	-99	-99	-99	-99	-99
22.12.1987	73	-99	-99	-99	-99	-99
23.12.1987	67	-99	-99	-99	-99	-99
24.12.1987	90	-99	-99	-99	-99	-99
25.12.1987	75	-99	-99	-99	-99	-99
26.12.1987	99	-99	-99	-99	-99	-99
27.12.1987	99	-99	-99	-99	-99	-99
28.12.1987	82	-99	-99	-99	-99	-99
29.12.1987	92	-99	-99	-99	-99	-99
30.12.1987	95	-99	-99	-99	-99	-99
31.12.1987	47	-99	-99	-99	-99	-99
01.01.1988	57	-99	-99	-99	-99	-99
02.01.1988	78	-99	-99	-99	-99	-99
03.01.1988	99	-99	-99	-99	-99	-99
04.01.1988	90	-99	-99	-99	-99	-99
05.01.1988	34	-99	-99	-99	-99	-99
06.01.1988	30	-99	-99	-99	-99	-99
07.01.1988	37	-99	-99	-99	-99	-99
08.01.1988	52	-99	-99	-99	-99	-99
09.01.1988	42	-99	-99	-99	-99	-99
10.01.1988	82	-99	-99	-99	-99	-99
11.01.1988	70	-99	-99	-99	-99	-99
12.01.1988	73	-99	-99	-99	-99	-99
13.01.1988	28	-99	-99	-99	-99	-99
14.01.1988	59	-99	-99	-99	-99	-99
15.01.1988	97	-99	-99	-99	-99	-99
16.01.1988	62	-99	-99	-99	-99	-99
17.01.1988	41	-99	-99	-99	-99	-99
18.01.1988	61	-99	-99	-99	-99	-99
19.01.1988	54	-99	-99	-99	-99	-99
20.01.1988	38	-99	-99	-99	-99	-99
21.01.1988	44	-99	-99	-99	-99	-99
22.01.1988	63	-99	-99	-99	-99	-99
23.01.1988	61	-99	-99	-99	-99	-99
24.01.1988	65	-99	-99	-99	-99	-99
25.01.1988	52	-99	-99	-99	-99	-99
26.01.1988	45	-99	-99	-99	-99	-99
27.01.1988	85	-99	-99	-99	-99	-99
28.01.1988	59	-99	-99	-99	-99	-99
29.01.1988	31	-99	-99	-99	-99	-99
30.01.1988	38	-99	-99	-99	-99	-99
31.01.1988	38	-99	-99	-99	-99	-99
01.02.1988	36	-99	-99	-99	-99	-99
02.02.1988	37	-99	-99	-99	-99	-99
03.02.1988	52	-99	-99	-99	-99	-99
04.02.1988	70	-99	-99	-99	-99	-99
05.02.1988	28	-99	-99	-99	-99	-99
06.02.1988	58	-99	-99	-99	-99	-99
07.02.1988	80	-99	-99	-99	-99	-99
08.02.1988	24	-99	-99	-99	-99	-99
09.02.1988	28	-99	-99	-99	-99	-99
10.02.1988	27	-99	-99	-99	-99	-99
11.02.1988	53	-99	-99	-99	-99	-99
12.02.1988	98	-99	-99	-99	-99	-99
13.02.1988	42	-99	-99	-99	-99	-99
14.02.1988	63	-99	-99	-99	-99	-99
15.02.1988	53	-99	-99	-99	-99	-99
16.02.1988	36	-99	-99	-99	-99	-99
17.02.1988	56	-99	-99	-99	-99	-99
18.02.1988	70	-99	-99	-99	-99	-99
19.02.1988	93	-99	-99	-99	-99	-99
20.02.1988	82	-99	-99	-99	-99	-99
21.02.1988	99	-99	-99	-99	-99	-99
22.02.1988	67	-99	-99	-99	-99	-99
23.02.1988	57	-99	-99	-99	-99	-99
24.02.1988	37	-99	-99	-99	-99	-99
25.02.1988	37	-99	-99	-99	-99	-99
26.02.1988	34	-99	-99	-99	-99	-99
27.02.1988	98	-99	-99	-99	-99	-99
28.02.1988	98	-99	-99	-99	-99	-99
29.02.1988	41	-99	-99	-99	-99	-99
01.03.1988	40	-99	-99	-99	-99	-99
02.03.1988	57	-99	-99	-99	-99	-99
03.03.1988	56	-99	-99	-99	-99	-99
04.03.1988	45	-99	-99	-99	-99	-99
05.03.1988	51	-99	-99	-99	-99	-99
06.03.1988	46	-99	-99	-99	-99	-99
07.03.1988	45	-99	-99	-99	-99	-99
08.03.1988	40	-99	-99	-99	-99	-99
09.03.1988	93	-99	-99	-99	-99	-99
10.03.1988	83	-99	-99	-99	-99	-99
11.03.1988	69	-99	-99	-99	-99	-99
12.03.1988	93	-99	-99	-99	-99	-99
13.03.1988	53	-99	-99	-99	-99	-99
14.03.1988	22	-99	-99	-99	-99	-99
15.03.1988	22	-99	-99	-99	-99	-99
16.03.1988	18	-99	-99	-99	-99	-99
17.03.1988	43	-99	-99	-99	-99	-99
18.03.1988	63	-99	-99	-99	-99	-99
19.03.1988	32	-99	-99	-99	-99	-99
20.03.1988	43	-99	-99	-99	-99	-99
21.03.1988	46	-99	-99	-99	-99	-99
22.03.1988	52	-99	-99	-99	-99	-99
23.03.1988	47	-99	-99	-99	-99	-99
24.03.1988	41	-99	-99	-99	-99	-99
25.03.1988	43	-99	-99	-99	-99	-99
26.03.1988	45	-99	-99	-99	-99	-99
27.03.1988	43	-99	-99	-99	-99	-99
28.03.1988	37	-99	-99	-99	-99	-99
29.03.1988	36	-99	-99	-99	-99	-99
30.03.1988	37	-99	-99	-99	-99	-99
31.03.1988	48	-99	-99	-99	-99	-99
01.04.1988	62	-99	-99	-99	-99	-99
02.04.1988	53	-99	-99	-99	-99	-99
03.04.1988	57	-99	-99	-99	-99	-99
04.04.1988	58	-99	-99	-99	-99	-99
05.04.1988	97	-99	-99	-99	-99	-99
06.04.1988	98	-99	-99	-99	-99	-99
07.04.1988	62	-99	-99	-99	-99	-99
08.04.1988	83	-99	-99	-99	-99	-99
09.04.1988	81	-99	-99	-99	-99	-99
10.04.1988	71	-99	-99	-99	-99	-99
11.04.1988	66	-99	-99	-99	-99	-99
12.04.1988	74	-99	-99	-99	-99	-99
13.04.1988	71	-99	-99	-99	-99	-99
14.04.1988	95	-99	-99	-99	-99	-99
15.04.1988	97	-99	-99	-99	-99	-99
16.04.1988	97	-99	-99	-99	-99	-99
17.04.1988	81	-99	-99	-99	-99	-99
18.04.1988	33	-99	-99	-99	-99	-99
19.04.1988	44	-99	-99	-99	-99	-99
20.04.1988	68	-99	-99	-99	-99	-99
21.04.1988	28	-99	-99	-99	-99	-99
22.04.1988	24	-99	-99	-99	-99	-99
23.04.1988	54	-99	-99	-99	-99	-99
24.04.1988	82	-99	-99	-99	-99	-99
25.04.1988	43	-99	-99	-99	-99	-99
26.04.1988	24	-99	-99	-99	-99	-99
27.04.1988	21	-99	-99	-99	-99	-99
28.04.1988	31	-99	-99	-99	-99	-99
29.04.1988	19	-99	-99	-99	-99	-99
30.04.1988	76	-99	-99	-99	-99	-99
01.05.1988	71	-99	-99	-99	-99	-99
02.05.1988	86	-99	-99	-99	-99	-99
03.05.1988	97	-99	-99	-99	-99	-99
04.05.1988	81	-99	-99	-99	-99	-99
05.05.1988	79	-99	-99	-99	-99	-99
06.05.1988	92	-99	-99	-99	-99	-99
07.05.1988	63	-99	-99	-99	-99	-99
08.05.1988	29	-99	-99	-99	-99	-99
09.05.1988	26	-99	-99	-99	-99	-99
10.05.1988	38	-99	-99	-99	-99	-99
11.05.1988	23	-99	-99	-99	-99	-99
12.05.1988	26	-99	-99	-99	-99	-99
13.05.1988	20	-99	-99	-99	-99	-99
14.05.1988	35	-99	-99	-99	-99	-99
15.05.1988	45	-99	-99	-99	-99	-99
16.05.1988	47	-99	-99	-99	-99	-99
17.05.1988	89	-99	-99	-99	-99	-99
18.05.1988	75	-99	-99	-99	-99	-99
19.05.1988	89	-99	-99	-99	-99	-99
20.05.1988	88	-99	-99	-99	-99	-99
21.05.1988	59	-99	-99	-99	-99	-99
22.05.1988	25	-99	-99	-99	-99	-99
23.05.1988	37	-99	-99	-99	-99	-99
24.05.1988	46	-99	-99	-99	-99	-99
25.05.1988	37	-99	-99	-99	-99	-99
26.05.1988	43	-99	-99	-99	-99	-99
27.05.1988	36	-99	-99	-99	-99	-99
28.05.1988	46	-99	-99	-99	-99	-99
29.05.1988	29	-99	-99	-99	-99	-99
30.05.1988	68	-99	-99	-99	-99	-99
31.05.1988	59	-99	-99	-99	-99	-99
01.06.1988	60	-99	-99	-99	-99	-99
02.06.1988	87	-99	-99	-99	-99	-99
03.06.1988	87	-99	-99	-99	-99	-99
04.06.1988	96	-99	-99	-99	-99	-99
05.06.1988	68	-99	-99	-99	-99	-99
06.06.1988	55	-99	-99	-99	-99	-99
07.06.1988	31	-99	-99	-99	-99	-99
08.06.1988	55	-99	-99	-99	-99	-99
09.06.1988	68	-99	-99	-99	-99	-99
10.06.1988	55	-99	-99	-99	-99	-99
11.06.1988	33	-99	-99	-99	-99	-99
12.06.1988	49	-99	-99	-99	-99	-99
13.06.1988	59	-99	-99	-99	-99	-99
14.06.1988	68	-99	-99	-99	-99	-99
15.06.1988	68	-99	-99	-99	-99	-99
16.06.1988	93	-99	-99	-99	-99	-99
17.06.1988	73	-99	-99	-99	-99	-99
18.06.1988	87	-99	-99	-99	-99	-99
19.06.1988	82	-99	-99	-99	-99	-99
20.06.1988	62	-99	-99	-99	-99	-99
21.06.1988	64	-99	-99	-99	-99	-99
22.06.1988	76	-99	-99	-99	-99	-99
23.06.1988	82	-99	-99	-99	-99	-99
24.06.1988	72	-99	-99	-99	-99	-99
25.06.1988	70	-99	-99	-99	-99	-99
26.06.1988	70	-99	-99	-99	-99	-99
27.06.1988	73	-99	-99	-99	-99	-99
28.06.1988	80	-99	-99	-99	-99	-99
29.06.1988	60	-99	-99	-99	-99	-99
30.06.1988	87	-99	-99	-99	-99	-99
01.07.1988	62	-99	-99	-99	-99	-99
02.07.1988	40	-99	-99	-99	-99	-99
03.07.1988	90	-99	-99	-99	-99	-99
04.07.1988	62	-99	-99	-99	-99	-99
05.07.1988	53	-99	-99	-99	-99	-99
06.07.1988	56	-99	-99	-99	-99	-99
07.07.1988	86	-99	-99	-99	-99	-99
08.07.1988	79	-99	-99	-99	-99	-99
09.07.1988	90	-99	-99	-99	-99	-99
10.07.1988	53	-99	-99	-99	-99	-99
11.07.1988	72	-99	-99	-99	-99	-99
12.07.1988	74	-99	-99	-99	-99	-99
13.07.1988	48	-99	-99	-99	-99	-99
14.07.1988	60	-99	-99	-99	-99	-99
15.07.1988	48	-99	-99	-99	-99	-99
16.07.1988	60	-99	-99	-99	-99	-99
17.07.1988	88	-99	-99	-99	-99	-99
18.07.1988	87	-99	-99	-99	-99	-99
19.07.1988	86	-99	-99	-99	-99	-99
20.07.1988	95	-99	-99	-99	-99	-99
21.07.1988	79	-99	-99	-99	-99	-99
22.07.1988	63	-99	-99	-99	-99	-99
23.07.1988	61	-99	-99	-99	-99	-99
24.07.1988	71	-99	-99	-99	-99	-99
25.07.1988	27	-99	-99	-99	-99	-99
26.07.1988	93	-99	-99	-99	-99	-99
27.07.1988	66	-99	-99	-99	-99	-99
28.07.1988	67	-99	-99	-99	-99	-99
29.07.1988	39	-99	-99	-99	-99	-99
30.07.1988	77	-99	-99	-99	-99	-99
31.07.1988	89	-99	-99	-99	-99	-99
01.08.1988	74	-99	-99	-99	-99	-99
02.08.1988	73	-99	-99	-99	-99	-99
03.08.1988	86	-99	-99	-99	-99	-99
04.08.1988	84	-99	-99	-99	-99	-99
05.08.1988	70	-99	-99	-99	-99	-99
06.08.1988	78	-99	-99	-99	-99	-99
07.08.1988	85	-99	-99	-99	-99	-99
08.08.1988	76	-99	-99	-99	-99	-99
09.08.1988	70	-99	-99	-99	-99	-99
10.08.1988	73	-99	-99	-99	-99	-99
11.08.1988	85	-99	-99	-99	-99	-99
12.08.1988	90	-99	-99	-99	-99	-99
13.08.1988	95	-99	-99	-99	-99	-99
14.08.1988	76	-99	-99	-99	-99	-99
15.08.1988	73	-99	-99	-99	-99	-99
16.08.1988	94	-99	-99	-99	-99	-99
17.08.1988	89	-99	-99	-99	-99	-99
18.08.1988	91	-99	-99	-99	-99	-99
19.08.1988	42	-99	-99	-99	-99	-99
20.08.1988	94	-99	-99	-99	-99	-99
21.08.1988	92	-99	-99	-99	-99	-99
22.08.1988	79	-99	-99	-99	-99	-99
23.08.1988	84	-99	-99	-99	-99	-99
24.08.1988	87	-99	-99	-99	-99	-99
25.08.1988	59	-99	-99	-99	-99	-99
26.08.1988	56	-99	-99	-99	-99	-99
27.08.1988	35	-99	-99	-99	-99	-99
28.08.1988	75	-99	-99	-99	-99	-99
29.08.1988	68	-99	-99	-99	-99	-99
30.08.1988	71	-99	-99	-99	-99	-99
31.08.1988	37	-99	-99	-99	-99	-99
01.09.1988	45	-99	-99	-99	-99	-99
02.09.1988	34	-99	-99	-99	-99	-99
03.09.1988	75	-99	-99	-99	-99	-99
04.09.1988	76	-99	-99	-99	-99	-99
05.09.1988	60	-99	-99	-99	-99	-99
06.09.1988	84	-99	-99	-99	-99	-99
07.09.1988	77	-99	-99	-99	-99	-99
08.09.1988	68	-99	-99	-99	-99	-99
09.09.1988	87	-99	-99	-99	-99	-99
10.09.1988	93	-99	-99	-99	-99	-99
11.09.1988	89	-99	-99	-99	-99	-99
12.09.1988	89	-99	-99	-99	-99	-99
13.09.1988	90	-99	-99	-99	-99	-99
14.09.1988	86	-99	-99	-99	-99	-99
15.09.1988	82	-99	-99	-99	-99	-99
16.09.1988	71	-99	-99	-99	-99	-99
17.09.1988	89	-99	-99	-99	-99	-99
18.09.1988	82	-99	-99	-99	-99	-99
19.09.1988	66	-99	-99	-99	-99	-99
20.09.1988	75	-99	-99	-99	-99	-99
21.09.1988	85	-99	-99	-99	-99	-99
22.09.1988	93	-99	-99	-99	-99	-99
23.09.1988	68	-99	-99	-99	-99	-99
24.09.1988	93	-99	-99	-99	-99	-99
25.09.1988	71	-99	-99	-99	-99	-99
26.09.1988	65	-99	-99	-99	-99	-99
27.09.1988	87	-99	-99	-99	-99	-99
28.09.1988	93	-99	-99	-99	-99	-99
29.09.1988	93	-99	-99	-99	-99	-99
30.09.1988	88	-99	-99	-99	-99	-99
01.10.1988	82	-99	-99	-99	-99	-99
02.10.1988	60	-99	-99	-99	-99	-99
03.10.1988	90	-99	-99	-99	-99	-99
04.10.1988	95	-99	-99	-99	-99	-99
05.10.1988	57	-99	-99	-99	-99	-99
06.10.1988	41	-99	-99	-99	-99	-99
07.10.1988	89	-99	-99	-99	-99	-99
08.10.1988	93	-99	-99	-99	-99	-99
09.10.1988	61	-99	-99	-99	-99	-99
10.10.1988	66	-99	-99	-99	-99	-99
11.10.1988	55	-99	-99	-99	-99	-99
12.10.1988	29	-99	-99	-99	-99	-99
13.10.1988	46	-99	-99	-99	-99	-99
14.10.1988	59	-99	-99	-99	-99	-99
15.10.1988	86	-99	-99	-99	-99	-99
16.10.1988	64	-99	-99	-99	-99	-99
17.10.1988	89	-99	-99	-99	-99	-99
18.10.1988	22	-99	-99	-99	-99	-99
19.10.1988	29	-99	-99	-99	-99	-99
20.10.1988	26	-99	-99	-99	-99	-99
21.10.1988	73	-99	-99	-99	-99	-99
22.10.1988	85	-99	-99	-99	-99	-99
23.10.1988	78	-99	-99	-99	-99	-99
24.10.1988	43	-99	-99	-99	-99	-99
25.10.1988	48	-99	-99	-99	-99	-99
26.10.1988	68	-99	-99	-99	-99	-99
27.10.1988	97	-99	-99	-99	-99	-99
28.10.1988	70	-99	-99	-99	-99	-99
29.10.1988	74	-99	-99	-99	-99	-99
30.10.1988	95	-99	-99	-99	-99	-99
31.10.1988	96	-99	-99	-99	-99	-99
01.11.1988	68	-99	-99	-99	-99	-99
02.11.1988	49	-99	-99	-99	-99	-99
03.11.1988	95	-99	-99	-99	-99	-99
04.11.1988	60	-99	-99	-99	-99	-99
05.11.1988	79	-99	-99	-99	-99	-99
06.11.1988	93	-99	-99	-99	-99	-99
07.11.1988	65	-99	-99	-99	-99	-99
08.11.1988	49	-99	-99	-99	-99	-99
09.11.1988	29	-99	-99	-99	-99	-99
10.11.1988	44	-99	-99	-99	-99	-99
11.11.1988	58	-99	-99	-99	-99	-99
12.11.1988	93	-99	-99	-99	-99	-99
13.11.1988	82	-99	-99	-99	-99	-99
14.11.1988	93	-99	-99	-99	-99	-99
15.11.1988	99	-99	-99	-99	-99	-99
16.11.1988	93	-99	-99	-99	-99	-99
17.11.1988	73	-99	-99	-99	-99	-99
18.11.1988	60	-99	-99	-99	-99	-99
19.11.1988	86	-99	-99	-99	-99	-99
20.11.1988	97	-99	-99	-99	-99	-99
21.11.1988	95	-99	-99	-99	-99	-99
22.11.1988	99	-99	-99	-99	-99	-99
23.11.1988	94	-99	-99	-99	-99	-99
24.11.1988	82	-99	-99	-99	-99	-99
25.11.1988	76	-99	-99	-99	-99	-99
26.11.1988	80	-99	-99	-99	-99	-99
27.11.1988	78	-99	-99	-99	-99	-99
28.11.1988	67	-99	-99	-99	-99	-99
29.11.1988	96	-99	-99	-99	-99	-99
30.11.1988	63	-99	-99	-99	-99	-99
01.12.1988	82	-99	-99	-99	-99	-99
02.12.1988	70	-99	-99	-99	-99	-99
03.12.1988	19	-99	-99	-99	-99	-99
04.12.1988	56	-99	-99	-99	-99	-99
05.12.1988	67	-99	-99	-99	-99	-99
06.12.1988	98	-99	-99	-99	-99	-99
07.12.1988	78	-99	-99	-99	-99	-99
08.12.1988	84	-99	-99	-99	-99	-99
09.12.1988	77	-99	-99	-99	-99	-99
10.12.1988	90	-99	-99	-99	-99	-99
11.12.1988	98	-99	-99	-99	-99	-99
12.12.1988	77	-99	-99	-99	-99	-99
13.12.1988	94	-99	-99	-99	-99	-99
14.12.1988	89	-99	-99	-99	-99	-99
15.12.1988	98	-99	-99	-99	-99	-99
16.12.1988	88	-99	-99	-99	-99	-99
17.12.1988	73	-99	-99	-99	-99	-99
18.12.1988	56	-99	-99	-99	-99	-99
19.12.1988	62	-99	-99	-99	-99	-99
20.12.1988	85	-99	-99	-99	-99	-99
21.12.1988	96	-99	-99	-99	-99	-99
22.12.1988	58	-99	-99	-99	-99	-99
23.12.1988	67	-99	-99	-99	-99	-99
24.12.1988	80	-99	-99	-99	-99	-99
25.12.1988	97	-99	-99	-99	-99	-99
26.12.1988	99	-99	-99	-99	-99	-99
27.12.1988	92	-99	-99	-99	-99	-99
28.12.1988	85	-99	-99	-99	-99	-99
29.12.1988	72	-99	-99	-99	-99	-99
30.12.1988	79	-99	-99	-99	-99	-99
31.12.1988	84	-99	-99	-99	-99	-99
01.01.1989	98	-99	-99	-99	-99	-99
02.01.1989	90	-99	-99	-99	-99	-99
03.01.1989	73	-99	-99	-99	-99	-99
04.01.1989	67	-99	-99	-99	-99	-99
05.01.1989	97	-99	-99	-99	-99	-99
06.01.1989	81	-99	-99	-99	-99	-99
07.01.1989	74	-99	-99	-99	-99	-99
08.01.1989	81	-99	-99	-99	-99	-99
09.01.1989	89	-99	-99	-99	-99	-99
10.01.1989	89	-99	-99	-99	-99	-99
11.01.1989	64	-99	-99	-99	-99	-99
12.01.1989	98	-99	-99	-99	-99	-99
13.01.1989	93	-99	-99	-99	-99	-99
14.01.1989	96	-99	-99	-99	-99	-99
15.01.1989	54	-99	-99	-99	-99	-99
16.01.1989	96	-99	-99	-99	-99	-99
17.01.1989	98	-99	-99	-99	-99	-99
18.01.1989	97	-99	-99	-99	-99	-99
19.01.1989	99	-99	-99	-99	-99	-99
20.01.1989	98	-99	-99	-99	-99	-99
21.01.1989	56	-99	-99	-99	-99	-99
22.01.1989	74	-99	-99	-99	-99	-99
23.01.1989	97	-99	-99	-99	-99	-99
24.01.1989	82	-99	-99	-99	-99	-99
25.01.1989	77	-99	-99	-99	-99	-99
26.01.1989	79	-99	-99	-99	-99	-99
27.01.1989	57	-99	-99	-99	-99	-99
28.01.1989	72	-99	-99	-99	-99	-99
29.01.1989	78	-99	-99	-99	-99	-99
30.01.1989	73	-99	-99	-99	-99	-99
31.01.1989	76	-99	-99	-99	-99	-99
01.02.1989	67	-99	-99	-99	-99	-99
02.02.1989	66	-99	-99	-99	-99	-99
03.02.1989	76	-99	-99	-99	-99	-99
04.02.1989	90	-99	-99	-99	-99	-99
05.02.1989	67	-99	-99	-99	-99	-99
06.02.1989	85	-99	-99	-99	-99	-99
07.02.1989	82	-99	-99	-99	-99	-99
08.02.1989	94	-99	-99	-99	-99	-99
09.02.1989	25	-99	-99	-99	-99	-99
10.02.1989	32	-99	-99	-99	-99	-99
11.02.1989	67	-99	-99	-99	-99	-99
12.02.1989	97	-99	-99	-99	-99	-99
13.02.1989	69	-99	-99	-99	-99	-99
14.02.1989	87	-99	-99	-99	-99	-99
15.02.1989	69	-99	-99	-99	-99	-99
16.02.1989	97	-99	-99	-99	-99	-99
17.02.1989	63	-99	-99	-99	-99	-99
18.02.1989	44	-99	-99	-99	-99	-99
19.02.1989	86	-99	-99	-99	-99	-99
20.02.1989	97	-99	-99	-99	-99	-99
21.02.1989	96	-99	-99	-99	-99	-99
22.02.1989	49	-99	-99	-99	-99	-99
23.02.1989	35	-99	-99	-99	-99	-99
24.02.1989	37	-99	-99	-99	-99	-99
25.02.1989	36	-99	-99	-99	-99	-99
26.02.1989	35	-99	-99	-99	-99	-99
27.02.1989	49	-99	-99	-99	-99	-99
28.02.1989	37	-99	-99	-99	-99	-99
01.03.1989	76	-99	-99	-99	-99	-99
02.03.1989	70	-99	-99	-99	-99	-99
03.03.1989	71	-99	-99	-99	-99	-99
04.03.1989	37	-99	-99	-99	-99	-99
05.03.1989	83	-99	-99	-99	-99	-99
06.03.1989	41	-99	-99	-99	-99	-99
07.03.1989	68	-99	-99	-99	-99	-99
08.03.1989	45	-99	-99	-99	-99	-99
09.03.1989	30	-99	-99	-99	-99	-99
10.03.1989	71	-99	-99	-99	-99	-99
11.03.1989	71	-99	-99	-99	-99	-99
12.03.1989	92	-99	-99	-99	-99	-99
13.03.1989	41	-99	-99	-99	-99	-99
14.03.1989	74	-99	-99	-99	-99	-99
15.03.1989	39	-99	-99	-99	-99	-99
16.03.1989	73	-99	-99	-99	-99	-99
17.03.1989	72	-99	-99	-99	-99	-99
18.03.1989	68	-99	-99	-99	-99	-99
19.03.1989	93	-99	-99	-99	-99	-99
20.03.1989	71	-99	-99	-99	-99	-99
21.03.1989	27	-99	-99	-99	-99	-99
22.03.1989	80	-99	-99	-99	-99	-99
23.03.1989	75	-99	-99	-99	-99	-99
24.03.1989	32	-99	-99	-99	-99	-99
25.03.1989	86	-99	-99	-99	-99	-99
26.03.1989	61	-99	-99	-99	-99	-99
27.03.1989	77	-99	-99	-99	-99	-99
28.03.1989	89	-99	-99	-99	-99	-99
29.03.1989	64	-99	-99	-99	-99	-99
30.03.1989	96	-99	-99	-99	-99	-99
31.03.1989	70	-99	-99	-99	-99	-99
01.04.1989	34	-99	-99	-99	-99	-99
02.04.1989	23	-99	-99	-99	-99	-99
03.04.1989	20	-99	-99	-99	-99	-99
04.04.1989	23	-99	-99	-99	-99	-99
05.04.1989	17	-99	-99	-99	-99	-99
06.04.1989	16	-99	-99	-99	-99	-99
07.04.1989	37	-99	-99	-99	-99	-99
08.04.1989	38	-99	-99	-99	-99	-99
09.04.1989	42	-99	-99	-99	-99	-99
10.04.1989	42	-99	-99	-99	-99	-99
11.04.1989	50	-99	-99	-99	-99	-99
12.04.1989	41	-99	-99	-99	-99	-99
13.04.1989	72	-99	-99	-99	-99	-99
14.04.1989	65	-99	-99	-99	-99	-99
15.04.1989	31	-99	-99	-99	-99	-99
16.04.1989	43	-99	-99	-99	-99	-99
17.04.1989	37	-99	-99	-99	-99	-99
18.04.1989	53	-99	-99	-99	-99	-99
19.04.1989	48	-99	-99	-99	-99	-99
20.04.1989	60	-99	-99	-99	-99	-99
21.04.1989	59	-99	-99	-99	-99	-99
22.04.1989	56	-99	-99	-99	-99	-99
23.04.1989	67	-99	-99	-99	-99	-99
24.04.1989	44	-99	-99	-99	-99	-99
25.04.1989	31	-99	-99	-99	-99	-99
26.04.1989	60	-99	-99	-99	-99	-99
27.04.1989	37	-99	-99	-99	-99	-99
28.04.1989	82	-99	-99	-99	-99	-99
29.04.1989	67	-99	-99	-99	-99	-99
30.04.1989	27	-99	-99	-99	-99	-99
01.05.1989	50	-99	-99	-99	-99	-99
02.05.1989	81	-99	-99	-99	-99	-99
03.05.1989	70	-99	-99	-99	-99	-99
04.05.1989	89	-99	-99	-99	-99	-99
05.05.1989	77	-99	-99	-99	-99	-99
06.05.1989	94	-99	-99	-99	-99	-99
07.05.1989	93	-99	-99	-99	-99	-99
08.05.1989	69	-99	-99	-99	-99	-99
09.05.1989	83	-99	-99	-99	-99	-99
10.05.1989	81	-99	-99	-99	-99	-99
11.05.1989	69	-99	-99	-99	-99	-99
12.05.1989	30	-99	-99	-99	-99	-99
13.05.1989	75	-99	-99	-99	-99	-99
14.05.1989	69	-99	-99	-99	-99	-99
15.05.1989	49	-99	-99	-99	-99	-99
16.05.1989	76	-99	-99	-99	-99	-99
17.05.1989	94	-99	-99	-99	-99	-99
18.05.1989	92	-99	-99	-99	-99	-99
19.05.1989	40	-99	-99	-99	-99	-99
20.05.1989	37	-99	-99	-99	-99	-99
21.05.1989	21	-99	-99	-99	-99	-99
22.05.1989	29	-99	-99	-99	-99	-99
23.05.1989	15	-99	-99	-99	-99	-99
24.05.1989	57	-99	-99	-99	-99	-99
25.05.1989	81	-99	-99	-99	-99	-99
26.05.1989	74	-99	-99	-99	-99	-99
27.05.1989	69	-99	-99	-99	-99	-99
28.05.1989	57	-99	-99	-99	-99	-99
29.05.1989	82	-99	-99	-99	-99	-99
30.05.1989	70	-99	-99	-99	-99	-99
31.05.1989	38	-99	-99	-99	-99	-99
01.06.1989	76	-99	-99	-99	-99	-99
02.06.1989	58	-99	-99	-99	-99	-99
03.06.1989	44	-99	-99	-99	-99	-99
04.06.1989	35	-99	-99	-99	-99	-99
05.06.1989	60	-99	-99	-99	-99	-99
06.06.1989	60	-99	-99	-99	-99	-99
07.06.1989	59	-99	-99	-99	-99	-99
08.06.1989	91	-99	-99	-99	-99	-99
09.06.1989	91	-99	-99	-99	-99	-99
10.06.1989	67	-99	-99	-99	-99	-99
11.06.1989	48	-99	-99	-99	-99	-99
12.06.1989	37	-99	-99	-99	-99	-99
13.06.1989	19	-99	-99	-99	-99	-99
14.06.1989	28	-99	-99	-99	-99	-99
15.06.1989	64	-99	-99	-99	-99	-99
16.06.1989	49	-99	-99	-99	-99	-99
17.06.1989	84	-99	-99	-99	-99	-99
18.06.1989	78	-99	-99	-99	-99	-99
19.06.1989	56	-99	-99	-99	-99	-99
20.06.1989	58	-99	-99	-99	-99	-99
21.06.1989	51	-99	-99	-99	-99	-99
22.06.1989	66	-99	-99	-99	-99	-99
23.06.1989	84	-99	-99	-99	-99	-99
24.06.1989	75	-99	-99	-99	-99	-99
25.06.1989	96	-99	-99	-99	-99	-99
26.06.1989	91	-99	-99	-99	-99	-99
27.06.1989	84	-99	-99	-99	-99	-99
28.06.1989	61	-99	-99	-99	-99	-99
29.06.1989	70	-99	-99	-99	-99	-99
30.06.1989	61	-99	-99	-99	-99	-99
01.07.1989	60	-99	-99	-99	-99	-99
02.07.1989	56	-99	-99	-99	-99	-99
03.07.1989	83	-99	-99	-99	-99	-99
04.07.1989	58	-99	-99	-99	-99	-99
05.07.1989	64	-99	-99	-99	-99	-99
06.07.1989	54	-99	-99	-99	-99	-99
07.07.1989	64	-99	-99	-99	-99	-99
08.07.1989	84	-99	-99	-99	-99	-99
09.07.1989	58	-99	-99	-99	-99	-99
10.07.1989	58	-99	-99	-99	-99	-99
11.07.1989	66	-99	-99	-99	-99	-99
12.07.1989	85	-99	-99	-99	-99	-99
13.07.1989	70	-99	-99	-99	-99	-99
14.07.1989	66	-99	-99	-99	-99	-99
15.07.1989	85	-99	-99	-99	-99	-99
16.07.1989	77	-99	-99	-99	-99	-99
17.07.1989	79	-99	-99	-99	-99	-99
18.07.1989	69	-99	-99	-99	-99	-99
19.07.1989	89	-99	-99	-99	-99	-99
20.07.1989	89	-99	-99	-99	-99	-99
21.07.1989	75	-99	-99	-99	-99	-99
22.07.1989	82	-99	-99	-99	-99	-99
23.07.1989	59	-99	-99	-99	-99	-99
24.07.1989	66	-99	-99	-99	-99	-99
25.07.1989	52	-99	-99	-99	-99	-99
26.07.1989	39	-99	-99	-99	-99	-99
27.07.1989	81	-99	-99	-99	-99	-99
28.07.1989	65	-99	-99	-99	-99	-99
29.07.1989	87	-99	-99	-99	-99	-99
30.07.1989	84	-99	-99	-99	-99	-99
31.07.1989	90	-99	-99	-99	-99	-99
01.08.1989	91	-99	-99	-99	-99	-99
02.08.1989	91	-99	-99	-99	-99	-99
03.08.1989	83	-99	-99	-99	-99	-99
04.08.1989	90	-99	-99	-99	-99	-99
05.08.1989	84	-99	-99	-99	-99	-99
06.08.1989	91	-99	-99	-99	-99	-99
07.08.1989	80	-99	-99	-99	-99	-99
08.08.1989	78	-99	-99	-99	-99	-99
09.08.1989	79	-99	-99	-99	-99	-99
10.08.1989	64	-99	-99	-99	-99	-99
11.08.1989	88	-99	-99	-99	-99	-99
12.08.1989	84	-99	-99	-99	-99	-99
13.08.1989	77	-99	-99	-99	-99	-99
14.08.1989	52	-99	-99	-99	-99	-99
15.08.1989	54	-99	-99	-99	-99	-99
16.08.1989	88	-99	-99	-99	-99	-99
17.08.1989	84	-99	-99	-99	-99	-99
18.08.1989	90	-99	-99	-99	-99	-99
19.08.1989	92	-99	-99	-99	-99	-99
20.08.1989	78	-99	-99	-99	-99	-99
21.08.1989	86	-99	-99	-99	-99	-99
22.08.1989	67	-99	-99	-99	-99	-99
23.08.1989	92	-99	-99	-99	-99	-99
24.08.1989	89	-99	-99	-99	-99	-99
25.08.1989	93	-99	-99	-99	-99	-99
26.08.1989	82	-99	-99	-99	-99	-99
27.08.1989	82	-99	-99	-99	-99	-99
28.08.1989	84	-99	-99	-99	-99	-99
29.08.1989	89	-99	-99	-99	-99	-99
30.08.1989	27	-99	-99	-99	-99	-99
31.08.1989	53	-99	-99	-99	-99	-99
01.09.1989	85	-99	-99	-99	-99	-99
02.09.1989	83	-99	-99	-99	-99	-99
03.09.1989	84	-99	-99	-99	-99	-99
04.09.1989	82	-99	-99	-99	-99	-99
05.09.1989	91	-99	-99	-99	-99	-99
06.09.1989	64	-99	-99	-99	-99	-99
07.09.1989	89	-99	-99	-99	-99	-99
08.09.1989	88	-99	-99	-99	-99	-99
09.09.1989	81	-99	-99	-99	-99	-99
10.09.1989	60	-99	-99	-99	-99	-99
11.09.1989	83	-99	-99	-99	-99	-99
12.09.1989	81	-99	-99	-99	-99	-99
13.09.1989	85	-99	-99	-99	-99	-99
14.09.1989	72	-99	-99	-99	-99	-99
15.09.1989	83	-99	-99	-99	-99	-99
16.09.1989	64	-99	-99	-99	-99	-99
17.09.1989	46	-99	-99	-99	-99	-99
18.09.1989	59	-99	-99	-99	-99	-99
19.09.1989	73	-99	-99	-99	-99	-99
20.09.1989	56	-99	-99	-99	-99	-99
21.09.1989	57	-99	-99	-99	-99	-99
22.09.1989	55	-99	-99	-99	-99	-99
23.09.1989	87	-99	-99	-99	-99	-99
24.09.1989	83	-99	-99	-99	-99	-99
25.09.1989	62	-99	-99	-99	-99	-99
26.09.1989	78	-99	-99	-99	-99	-99
27.09.1989	67	-99	-99	-99	-99	-99
28.09.1989	77	-99	-99	-99	-99	-99
29.09.1989	80	-99	-99	-99	-99	-99
30.09.1989	81	-99	-99	-99	-99	-99
01.10.1989	67	-99	-99	-99	-99	-99
02.10.1989	81	-99	-99	-99	-99	-99
03.10.1989	79	-99	-99	-99	-99	-99
04.10.1989	89	-99	-99	-99	-99	-99
05.10.1989	88	-99	-99	-99	-99	-99
06.10.1989	37	-99	-99	-99	-99	-99
07.10.1989	62	-99	-99	-99	-99	-99
08.10.1989	88	-99	-99	-99	-99	-99
09.10.1989	75	-99	-99	-99	-99	-99
10.10.1989	77	-99	-99	-99	-99	-99
11.10.1989	85	-99	-99	-99	-99	-99
12.10.1989	91	-99	-99	-99	-99	-99
13.10.1989	90	-99	-99	-99	-99	-99
14.10.1989	93	-99	-99	-99	-99	-99
15.10.1989	73	-99	-99	-99	-99	-99
16.10.1989	69	-99	-99	-99	-99	-99
17.10.1989	91	-99	-99	-99	-99	-99
18.10.1989	89	-99	-99	-99	-99	-99
19.10.1989	94	-99	-99	-99	-99	-99
20.10.1989	38	-99	-99	-99	-99	-99
21.10.1989	40	-99	-99	-99	-99	-99
22.10.1989	92	-99	-99	-99	-99	-99
23.10.1989	91	-99	-99	-99	-99	-99
24.10.1989	94	-99	-99	-99	-99	-99
25.10.1989	89	-99	-99	-99	-99	-99
26.10.1989	89	-99	-99	-99	-99	-99
27.10.1989	87	-99	-99	-99	-99	-99
28.10.1989	46	-99	-99	-99	-99	-99
29.10.1989	40	-99	-99	-99	-99	-99
30.10.1989	46	-99	-99	-99	-99	-99
31.10.1989	52	-99	-99	-99	-99	-99
01.11.1989	72	-99	-99	-99	-99	-99
02.11.1989	41	-99	-99	-99	-99	-99
03.11.1989	36	-99	-99	-99	-99	-99
04.11.1989	32	-99	-99	-99	-99	-99
05.11.1989	33	-99	-99	-99	-99	-99
06.11.1989	52	-99	-99	-99	-99	-99
07.11.1989	36	-99	-99	-99	-99	-99
08.11.1989	41	-99	-99	-99	-99	-99
09.11.1989	54	-99	-99	-99	-99	-99
10.11.1989	54	-99	-99	-99	-99	-99
11.11.1989	57	-99	-99	-99	-99	-99
12.11.1989	94	-99	-99	-99	-99	-99
13.11.1989	77	-99	-99	-99	-99	-99
14.11.1989	87	-99	-99	-99	-99	-99
15.11.1989	76	-99	-99	-99	-99	-99
16.11.1989	70	-99	-99	-99	-99	-99
17.11.1989	59	-99	-99	-99	-99	-99
18.11.1989	30	-99	-99	-99	-99	-99
19.11.1989	59	-99	-99	-99	-99	-99
20.11.1989	94	-99	-99	-99	-99	-99
21.11.1989	79	-99	-99	-99	-99	-99
22.11.1989	91	-99	-99	-99	-99	-99
23.11.1989	81	-99	-99	-99	-99	-99
24.11.1989	62	-99	-99	-99	-99	-99
25.11.1989	86	-99	-99	-99	-99	-99
26.11.1989	88	-99	-99	-99	-99	-99
27.11.1989	87	-99	-99	-99	-99	-99
28.11.1989	61	-99	-99	-99	-99	-99
29.11.1989	94	-99	-99	-99	-99	-99
30.11.1989	96	-99	-99	-99	-99	-99
01.12.1989	95	-99	-99	-99	-99	-99
02.12.1989	85	-99	-99	-99	-99	-99
03.12.1989	74	-99	-99	-99	-99	-99
04.12.1989	72	-99	-99	-99	-99	-99
05.12.1989	93	-99	-99	-99	-99	-99
06.12.1989	88	-99	-99	-99	-99	-99
07.12.1989	82	-99	-99	-99	-99	-99
08.12.1989	89	-99	-99	-99	-99	-99
09.12.1989	85	-99	-99	-99	-99	-99
10.12.1989	89	-99	-99	-99	-99	-99
11.12.1989	84	-99	-99	-99	-99	-99
12.12.1989	90	-99	-99	-99	-99	-99
13.12.1989	67	-99	-99	-99	-99	-99
14.12.1989	35	-99	-99	-99	-99	-99
15.12.1989	74	-99	-99	-99	-99	-99
16.12.1989	54	-99	-99	-99	-99	-99
17.12.1989	29	-99	-99	-99	-99	-99
18.12.1989	40	-99	-99	-99	-99	-99
19.12.1989	84	-99	-99	-99	-99	-99
20.12.1989	46	-99	-99	-99	-99	-99
21.12.1989	44	-99	-99	-99	-99	-99
22.12.1989	44	-99	-99	-99	-99	-99
23.12.1989	59	-99	-99	-99	-99	-99
24.12.1989	46	-99	-99	-99	-99	-99
25.12.1989	67	-99	-99	-99	-99	-99
26.12.1989	93	-99	-99	-99	-99	-99
27.12.1989	95	-99	-99	-99	-99	-99
28.12.1989	61	-99	-99	-99	-99	-99
29.12.1989	60	-99	-99	-99	-99	-99
30.12.1989	60	-99	-99	-99	-99	-99
31.12.1989	81	-99	-99	-99	-99	-99
01.01.1990	95	-99	-99	-99	-99	-99
02.01.1990	50	-99	-99	-99	-99	-99
03.01.1990	42	-99	-99	-99	-99	-99
04.01.1990	62	-99	-99	-99	-99	-99
05.01.1990	78	-99	-99	-99	-99	-99
06.01.1990	62	-99	-99	-99	-99	-99
07.01.1990	89	-99	-99	-99	-99	-99
08.01.1990	89	-99	-99	-99	-99	-99
09.01.1990	73	-99	-99	-99	-99	-99
10.01.1990	89	-99	-99	-99	-99	-99
11.01.1990	76	-99	-99	-99	-99	-99
12.01.1990	76	-99	-99	-99	-99	-99
13.01.1990	89	-99	-99	-99	-99	-99
14.01.1990	86	-99	-99	-99	-99	-99
15.01.1990	88	-99	-99	-99	-99	-99
16.01.1990	91	-99	-99	-99	-99	-99
17.01.1990	88	-99	-99	-99	-99	-99
18.01.1990	93	-99	-99	-99	-99	-99
19.01.1990	54	-99	-99	-99	-99	-99
20.01.1990	96	-99	-99	-99	-99	-99
21.01.1990	75	-99	-99	-99	-99	-99
22.01.1990	69	-99	-99	-99	-99	-99
23.01.1990	54	-99	-99	-99	-99	-99
24.01.1990	88	-99	-99	-99	-99	-99
25.01.1990	59	-99	-99	-99	-99	-99
26.01.1990	32	-99	-99	-99	-99	-99
27.01.1990	45	-99	-99	-99	-99	-99
28.01.1990	32	-99	-99	-99	-99	-99
29.01.1990	83	-99	-99	-99	-99	-99
30.01.1990	33	-99	-99	-99	-99	-99
31.01.1990	40	-99	-99	-99	-99	-99
01.02.1990	59	-99	-99	-99	-99	-99
02.02.1990	37	-99	-99	-99	-99	-99
03.02.1990	75	-99	-99	-99	-99	-99
04.02.1990	63	-99	-99	-99	-99	-99
05.02.1990	91	-99	-99	-99	-99	-99
06.02.1990	79	-99	-99	-99	-99	-99
07.02.1990	83	-99	-99	-99	-99	-99
08.02.1990	68	-99	-99	-99	-99	-99
09.02.1990	93	-99	-99	-99	-99	-99
10.02.1990	70	-99	-99	-99	-99	-99
11.02.1990	39	-99	-99	-99	-99	-99
12.02.1990	23	-99	-99	-99	-99	-99
13.02.1990	27	-99	-99	-99	-99	-99
14.02.1990	30	-99	-99	-99	-99	-99
15.02.1990	64	-99	-99	-99	-99	-99
16.02.1990	88	-99	-99	-99	-99	-99
17.02.1990	37	-99	-99	-99	-99	-99
18.02.1990	67	-99	-99	-99	-99	-99
19.02.1990	54	-99	-99	-99	-99	-99
20.02.1990	68	-99	-99	-99	-99	-99
21.02.1990	35	-99	-99	-99	-99	-99
22.02.1990	94	-99	-99	-99	-99	-99
23.02.1990	53	-99	-99	-99	-99	-99
24.02.1990	93	-99	-99	-99	-99	-99
25.02.1990	64	-99	-99	-99	-99	-99
26.02.1990	54	-99	-99	-99	-99	-99
27.02.1990	64	-99	-99	-99	-99	-99
28.02.1990	94	-99	-99	-99	-99	-99
01.03.1990	80	-99	-99	-99	-99	-99
02.03.1990	81	-99	-99	-99	-99	-99
03.03.1990	92	-99	-99	-99	-99	-99
04.03.1990	88	-99	-99	-99	-99	-99
05.03.1990	82	-99	-99	-99	-99	-99
06.03.1990	92	-99	-99	-99	-99	-99
07.03.1990	81	-99	-99	-99	-99	-99
08.03.1990	82	-99	-99	-99	-99	-99
09.03.1990	82	-99	-99	-99	-99	-99
10.03.1990	69	-99	-99	-99	-99	-99
11.03.1990	87	-99	-99	-99	-99	-99
12.03.1990	94	-99	-99	-99	-99	-99
13.03.1990	60	-99	-99	-99	-99	-99
14.03.1990	40	-99	-99	-99	-99	-99
15.03.1990	94	-99	-99	-99	-99	-99
16.03.1990	90	-99	-99	-99	-99	-99
17.03.1990	83	-99	-99	-99	-99	-99
18.03.1990	82	-99	-99	-99	-99	-99
19.03.1990	84	-99	-99	-99	-99	-99
20.03.1990	89	-99	-99	-99	-99	-99
21.03.1990	89	-99	-99	-99	-99	-99
22.03.1990	85	-99	-99	-99	-99	-99
23.03.1990	88	-99	-99	-99	-99	-99
24.03.1990	92	-99	-99	-99	-99	-99
25.03.1990	94	-99	-99	-99	-99	-99
26.03.1990	76	-99	-99	-99	-99	-99
27.03.1990	56	-99	-99	-99	-99	-99
28.03.1990	74	-99	-99	-99	-99	-99
29.03.1990	57	-99	-99	-99	-99	-99
30.03.1990	73	-99	-99	-99	-99	-99
31.03.1990	94	-99	-99	-99	-99	-99
01.04.1990	90	-99	-99	-99	-99	-99
02.04.1990	73	-99	-99	-99	-99	-99
03.04.1990	72	-99	-99	-99	-99	-99
04.04.1990	72	-99	-99	-99	-99	-99
05.04.1990	90	-99	-99	-99	-99	-99
06.04.1990	76	-99	-99	-99	-99	-99
07.04.1990	54	-99	-99	-99	-99	-99
08.04.1990	68	-99	-99	-99	-99	-99
09.04.1990	78	-99	-99	-99	-99	-99
10.04.1990	77	-99	-99	-99	-99	-99
11.04.1990	76	-99	-99	-99	-99	-99
12.04.1990	74	-99	-99	-99	-99	-99
13.04.1990	54	-99	-99	-99	-99	-99
14.04.1990	64	-99	-99	-99	-99	-99
15.04.1990	31	-99	-99	-99	-99	-99
16.04.1990	57	-99	-99	-99	-99	-99
17.04.1990	30	-99	-99	-99	-99	-99
18.04.1990	31	-99	-99	-99	-99	-99
19.04.1990	31	-99	-99	-99	-99	-99
20.04.1990	28	-99	-99	-99	-99	-99
21.04.1990	36	-99	-99	-99	-99	-99
22.04.1990	73	-99	-99	-99	-99	-99
23.04.1990	81	-99	-99	-99	-99	-99
24.04.1990	59	-99	-99	-99	-99	-99
25.04.1990	30	-99	-99	-99	-99	-99
26.04.1990	81	-99	-99	-99	-99	-99
27.04.1990	63	-99	-99	-99	-99	-99
28.04.1990	60	-99	-99	-99	-99	-99
29.04.1990	86	-99	-99	-99	-99	-99
30.04.1990	91	-99	-99	-99	-99	-99
01.05.1990	71	-99	-99	-99	-99	-99
02.05.1990	60	-99	-99	-99	-99	-99
03.05.1990	48	-99	-99	-99	-99	-99
04.05.1990	44	-99	-99	-99	-99	-99
05.05.1990	38	-99	-99	-99	-99	-99
06.05.1990	61	-99	-99	-99	-99	-99
07.05.1990	59	-99	-99	-99	-99	-99
08.05.1990	38	-99	-99	-99	-99	-99
09.05.1990	54	-99	-99	-99	-99	-99
10.05.1990	58	-99	-99	-99	-99	-99
11.05.1990	56	-99	-99	-99	-99	-99
12.05.1990	52	-99	-99	-99	-99	-99
13.05.1990	36	-99	-99	-99	-99	-99
14.05.1990	52	-99	-99	-99	-99	-99
15.05.1990	71	-99	-99	-99	-99	-99
16.05.1990	64	-99	-99	-99	-99	-99
17.05.1990	53	-99	-99	-99	-99	-99
18.05.1990	43	-99	-99	-99	-99	-99
19.05.1990	38	-99	-99	-99	-99	-99
20.05.1990	64	-99	-99	-99	-99	-99
21.05.1990	72	-99	-99	-99	-99	-99
22.05.1990	68	-99	-99	-99	-99	-99
23.05.1990	58	-99	-99	-99	-99	-99
24.05.1990	71	-99	-99	-99	-99	-99
25.05.1990	59	-99	-99	-99	-99	-99
26.05.1990	67	-99	-99	-99	-99	-99
27.05.1990	72	-99	-99	-99	-99	-99
28.05.1990	42	-99	-99	-99	-99	-99
29.05.1990	36	-99	-99	-99	-99	-99
30.05.1990	59	-99	-99	-99	-99	-99
31.05.1990	78	-99	-99	-99	-99	-99
01.06.1990	69	-99	-99	-99	-99	-99
02.06.1990	46	-99	-99	-99	-99	-99
03.06.1990	44	-99	-99	-99	-99	-99
04.06.1990	53	-99	-99	-99	-99	-99
05.06.1990	60	-99	-99	-99	-99	-99
06.06.1990	42	-99	-99	-99	-99	-99
07.06.1990	49	-99	-99	-99	-99	-99
08.06.1990	65	-99	-99	-99	-99	-99
09.06.1990	65	-99	-99	-99	-99	-99
10.06.1990	57	-99	-99	-99	-99	-99
11.06.1990	66	-99	-99	-99	-99	-99
12.06.1990	59	-99	-99	-99	-99	-99
13.06.1990	51	-99	-99	-99	-99	-99
14.06.1990	65	-99	-99	-99	-99	-99
15.06.1990	56	-99	-99	-99	-99	-99
16.06.1990	60	-99	-99	-99	-99	-99
17.06.1990	39	-99	-99	-99	-99	-99
18.06.1990	52	-99	-99	-99	-99	-99
19.06.1990	51	-99	-99	-99	-99	-99
20.06.1990	74	-99	-99	-99	-99	-99
21.06.1990	66	-99	-99	-99	-99	-99
22.06.1990	31	-99	-99	-99	-99	-99
23.06.1990	43	-99	-99	-99	-99	-99
24.06.1990	66	-99	-99	-99	-99	-99
25.06.1990	28	-99	-99	-99	-99	-99
26.06.1990	91	-99	-99	-99	-99	-99
27.06.1990	74	-99	-99	-99	-99	-99
28.06.1990	87	-99	-99	-99	-99	-99
29.06.1990	88	-99	-99	-99	-99	-99
30.06.1990	72	-99	-99	-99	-99	-99
01.07.1990	31	-99	-99	-99	-99	-99
02.07.1990	53	-99	-99	-99	-99	-99
03.07.1990	68	-99	-99	-99	-99	-99
04.07.1990	86	-99	-99	-99	-99	-99
05.07.1990	55	-99	-99	-99	-99	-99
06.07.1990	66	-99	-99	-99	-99	-99
07.07.1990	86	-99	-99	-99	-99	-99
08.07.1990	90	-99	-99	-99	-99	-99
09.07.1990	95	-99	-99	-99	-99	-99
10.07.1990	92	-99	-99	-99	-99	-99
11.07.1990	90	-99	-99	-99	-99	-99
12.07.1990	92	-99	-99	-99	-99	-99
13.07.1990	76	-99	-99	-99	-99	-99
14.07.1990	66	-99	-99	-99	-99	-99
15.07.1990	54	-99	-99	-99	-99	-99
16.07.1990	68	-99	-99	-99	-99	-99
17.07.1990	82	-99	-99	-99	-99	-99
18.07.1990	79	-99	-99	-99	-99	-99
19.07.1990	66	-99	-99	-99	-99	-99
20.07.1990	73	-99	-99	-99	-99	-99
21.07.1990	82	-99	-99	-99	-99	-99
22.07.1990	86	-99	-99	-99	-99	-99
23.07.1990	79	-99	-99	-99	-99	-99
24.07.1990	73	-99	-99	-99	-99	-99
25.07.1990	63	-99	-99	-99	-99	-99
26.07.1990	68	-99	-99	-99	-99	-99
27.07.1990	54	-99	-99	-99	-99	-99
28.07.1990	60	-99	-99	-99	-99	-99
29.07.1990	89	-99	-99	-99	-99	-99
30.07.1990	83	-99	-99	-99	-99	-99
31.07.1990	83	-99	-99	-99	-99	-99
01.08.1990	73	-99	-99	-99	-99	-99
02.08.1990	77	-99	-99	-99	-99	-99
03.08.1990	82	-99	-99	-99	-99	-99
04.08.1990	82	-99	-99	-99	-99	-99
05.08.1990	91	-99	-99	-99	-99	-99
06.08.1990	89	-99	-99	-99	-99	-99
07.08.1990	83	-99	-99	-99	-99	-99
08.08.1990	91	-99	-99	-99	-99	-99
09.08.1990	84	-99	-99	-99	-99	-99
10.08.1990	78	-99	-99	-99	-99	-99
11.08.1990	69	-99	-99	-99	-99	-99
12.08.1990	59	-99	-99	-99	-99	-99
13.08.1990	91	-99	-99	-99	-99	-99
14.08.1990	91	-99	-99	-99	-99	-99
15.08.1990	86	-99	-99	-99	-99	-99
16.08.1990	75	-99	-99	-99	-99	-99
17.08.1990	36	-99	-99	-99	-99	-99
18.08.1990	89	-99	-99	-99	-99	-99
19.08.1990	86	-99	-99	-99	-99	-99
20.08.1990	52	-99	-99	-99	-99	-99
21.08.1990	83	-99	-99	-99	-99	-99
22.08.1990	81	-99	-99	-99	-99	-99
23.08.1990	82	-99	-99	-99	-99	-99
24.08.1990	85	-99	-99	-99	-99	-99
25.08.1990	86	-99	-99	-99	-99	-99
26.08.1990	79	-99	-99	-99	-99	-99
27.08.1990	92	-99	-99	-99	-99	-99
28.08.1990	92	-99	-99	-99	-99	-99
29.08.1990	78	-99	-99	-99	-99	-99
30.08.1990	29	-99	-99	-99	-99	-99
31.08.1990	86	-99	-99	-99	-99	-99
01.09.1990	84	-99	-99	-99	-99	-99
02.09.1990	69	-99	-99	-99	-99	-99
03.09.1990	35	-99	-99	-99	-99	-99
04.09.1990	49	-99	-99	-99	-99	-99
05.09.1990	50	-99	-99	-99	-99	-99
06.09.1990	52	-99	-99	-99	-99	-99
07.09.1990	80	-99	-99	-99	-99	-99
08.09.1990	89	-99	-99	-99	-99	-99
09.09.1990	88	-99	-99	-99	-99	-99
10.09.1990	88	-99	-99	-99	-99	-99
11.09.1990	87	-99	-99	-99	-99	-99
12.09.1990	85	-99	-99	-99	-99	-99
13.09.1990	90	-99	-99	-99	-99	-99
14.09.1990	74	-99	-99	-99	-99	-99
15.09.1990	83	-99	-99	-99	-99	-99
16.09.1990	73	-99	-99	-99	-99	-99
17.09.1990	65	-99	-99	-99	-99	-99
18.09.1990	61	-99	-99	-99	-99	-99
19.09.1990	30	-99	-99	-99	-99	-99
20.09.1990	85	-99	-99	-99	-99	-99
21.09.1990	42	-99	-99	-99	-99	-99
22.09.1990	36	-99	-99	-99	-99	-99
23.09.1990	49	-99	-99	-99	-99	-99
24.09.1990	37	-99	-99	-99	-99	-99
25.09.1990	45	-99	-99	-99	-99	-99
26.09.1990	58	-99	-99	-99	-99	-99
27.09.1990	90	-99	-99	-99	-99	-99
28.09.1990	93	-99	-99	-99	-99	-99
29.09.1990	91	-99	-99	-99	-99	-99
30.09.1990	77	-99	-99	-99	-99	-99
01.10.1990	89	-99	-99	-99	-99	-99
02.10.1990	68	-99	-99	-99	-99	-99
03.10.1990	30	-99	-99	-99	-99	-99
04.10.1990	49	-99	-99	-99	-99	-99
05.10.1990	91	-99	-99	-99	-99	-99
06.10.1990	83	-99	-99	-99	-99	-99
07.10.1990	87	-99	-99	-99	-99	-99
08.10.1990	92	-99	-99	-99	-99	-99
09.10.1990	80	-99	-99	-99	-99	-99
10.10.1990	92	-99	-99	-99	-99	-99
11.10.1990	94	-99	-99	-99	-99	-99
12.10.1990	54	-99	-99	-99	-99	-99
13.10.1990	58	-99	-99	-99	-99	-99
14.10.1990	62	-99	-99	-99	-99	-99
15.10.1990	34	-99	-99	-99	-99	-99
16.10.1990	47	-99	-99	-99	-99	-99
17.10.1990	81	-99	-99	-99	-99	-99
18.10.1990	91	-99	-99	-99	-99	-99
19.10.1990	51	-99	-99	-99	-99	-99
20.10.1990	73	-99	-99	-99	-99	-99
21.10.1990	85	-99	-99	-99	-99	-99
22.10.1990	88	-99	-99	-99	-99	-99
23.10.1990	92	-99	-99	-99	-99	-99
24.10.1990	30	-99	-99	-99	-99	-99
25.10.1990	45	-99	-99	-99	-99	-99
26.10.1990	10	-99	-99	-99	-99	-99
27.10.1990	15	-99	-99	-99	-99	-99
28.10.1990	31	-99	-99	-99	-99	-99
29.10.1990	30	-99	-99	-99	-99	-99
30.10.1990	45	-99	-99	-99	-99	-99
31.10.1990	42	-99	-99	-99	-99	-99
01.11.1990	79	-99	-99	-99	-99	-99
02.11.1990	90	-99	-99	-99	-99	-99
03.11.1990	86	-99	-99	-99	-99	-99
04.11.1990	90	-99	-99	-99	-99	-99
05.11.1990	80	-99	-99	-99	-99	-99
06.11.1990	89	-99	-99	-99	-99	-99
07.11.1990	94	-99	-99	-99	-99	-99
08.11.1990	92	-99	-99	-99	-99	-99
09.11.1990	96	-99	-99	-99	-99	-99
10.11.1990	90	-99	-99	-99	-99	-99
11.11.1990	88	-99	-99	-99	-99	-99
12.11.1990	76	-99	-99	-99	-99	-99
13.11.1990	69	-99	-99	-99	-99	-99
14.11.1990	60	-99	-99	-99	-99	-99
15.11.1990	71	-99	-99	-99	-99	-99
16.11.1990	92	-99	-99	-99	-99	-99
17.11.1990	89	-99	-99	-99	-99	-99
18.11.1990	91	-99	-99	-99	-99	-99
19.11.1990	54	-99	-99	-99	-99	-99
20.11.1990	36	-99	-99	-99	-99	-99
21.11.1990	37	-99	-99	-99	-99	-99
22.11.1990	89	-99	-99	-99	-99	-99
23.11.1990	29	-99	-99	-99	-99	-99
24.11.1990	27	-99	-99	-99	-99	-99
25.11.1990	35	-99	-99	-99	-99	-99
26.11.1990	83	-99	-99	-99	-99	-99
27.11.1990	80	-99	-99	-99	-99	-99
28.11.1990	95	-99	-99	-99	-99	-99
29.11.1990	75	-99	-99	-99	-99	-99
30.11.1990	72	-99	-99	-99	-99	-99
01.12.1990	96	-99	-99	-99	-99	-99
02.12.1990	96	-99	-99	-99	-99	-99
03.12.1990	89	-99	-99	-99	-99	-99
04.12.1990	92	-99	-99	-99	-99	-99
05.12.1990	94	-99	-99	-99	-99	-99
06.12.1990	83	-99	-99	-99	-99	-99
07.12.1990	95	-99	-99	-99	-99	-99
08.12.1990	22	-99	-99	-99	-99	-99
09.12.1990	30	-99	-99	-99	-99	-99
10.12.1990	84	-99	-99	-99	-99	-99
11.12.1990	66	-99	-99	-99	-99	-99
12.12.1990	77	-99	-99	-99	-99	-99
13.12.1990	52	-99	-99	-99	-99	-99
14.12.1990	96	-99	-99	-99	-99	-99
15.12.1990	96	-99	-99	-99	-99	-99
16.12.1990	96	-99	-99	-99	-99	-99
17.12.1990	96	-99	-99	-99	-99	-99
18.12.1990	90	-99	-99	-99	-99	-99
19.12.1990	86	-99	-99	-99	-99	-99
20.12.1990	92	-99	-99	-99	-99	-99
21.12.1990	89	-99	-99	-99	-99	-99
22.12.1990	68	-99	-99	-99	-99	-99
23.12.1990	61	-99	-99	-99	-99	-99
24.12.1990	36	-99	-99	-99	-99	-99
25.12.1990	29	-99	-99	-99	-99	-99
26.12.1990	43	-99	-99	-99	-99	-99
27.12.1990	93	-99	-99	-99	-99	-99
28.12.1990	62	-99	-99	-99	-99	-99
29.12.1990	92	-99	-99	-99	-99	-99
30.12.1990	46	-99	-99	-99	-99	-99
31.12.1990	66	-99	-99	-99	-99	-99
01.01.1991	40	-99	-99	-99	-99	-99
02.01.1991	33	-99	-99	-99	-99	-99
03.01.1991	93	-99	-99	-99	-99	-99
04.01.1991	58	-99	-99	-99	-99	-99
05.01.1991	87	-99	-99	-99	-99	-99
06.01.1991	82	-99	-99	-99	-99	-99
07.01.1991	31	-99	-99	-99	-99	-99
08.01.1991	41	-99	-99	-99	-99	-99
09.01.1991	33	-99	-99	-99	-99	-99
10.01.1991	36	-99	-99	-99	-99	-99
11.01.1991	42	-99	-99	-99	-99	-99
12.01.1991	96	-99	-99	-99	-99	-99
13.01.1991	94	-99	-99	-99	-99	-99
14.01.1991	82	-99	-99	-99	-99	-99
15.01.1991	63	-99	-99	-99	-99	-99
16.01.1991	32	-99	-99	-99	-99	-99
17.01.1991	24	-99	-99	-99	-99	-99
18.01.1991	61	-99	-99	-99	-99	-99
19.01.1991	52	-99	-99	-99	-99	-99
20.01.1991	96	-99	-99	-99	-99	-99
21.01.1991	94	-99	-99	-99	-99	-99
22.01.1991	91	-99	-99	-99	-99	-99
23.01.1991	79	-99	-99	-99	-99	-99
24.01.1991	85	-99	-99	-99	-99	-99
25.01.1991	72	-99	-99	-99	-99	-99
26.01.1991	95	-99	-99	-99	-99	-99
27.01.1991	93	-99	-99	-99	-99	-99
28.01.1991	98	-99	-99	-99	-99	-99
29.01.1991	96	-99	-99	-99	-99	-99
30.01.1991	45	-99	-99	-99	-99	-99
31.01.1991	-99	-99	-99	-99	-99	-99
01.02.1991	-99	-99	-99	-99	-99	-99
02.02.1991	-99	-99	-99	-99	-99	-99
03.02.1991	-99	-99	-99	-99	-99	-99
04.02.1991	-99	-99	-99	-99	-99	-99
05.02.1991	-99	-99	-99	-99	-99	-99
06.02.1991	-99	-99	-99	-99	-99	-99
07.02.1991	-99	-99	-99	-99	-99	-99
08.02.1991	-99	-99	-99	-99	-99	-99
09.02.1991	-99	-99	-99	-99	-99	-99
10.02.1991	-99	-99	-99	-99	-99	-99
11.02.1991	-99	-99	-99	-99	-99	-99
12.02.1991	-99	-99	-99	-99	-99	-99
13.02.1991	-99	-99	-99	-99	-99	-99
14.02.1991	-99	-99	-99	-99	-99	-99
15.02.1991	-99	-99	-99	-99	-99	-99
16.02.1991	-99	-99	-99	-99	-99	-99
17.02.1991	-99	-99	-99	-99	-99	-99
18.02.1991	-99	-99	-99	-99	-99	-99
19.02.1991	-99	-99	-99	-99	-99	-99
20.02.1991	-99	-99	-99	-99	-99	-99
21.02.1991	-99	-99	-99	-99	-99	-99
22.02.1991	-99	-99	-99	-99	-99	-99
23.02.1991	-99	-99	-99	-99	-99	-99
24.02.1991	-99	-99	-99	-99	-99	-99
25.02.1991	-99	-99	-99	-99	-99	-99
26.02.1991	-99	-99	-99	-99	-99	-99
27.02.1991	-99	-99	-99	-99	-99	-99
28.02.1991	-99	-99	-99	-99	-99	-99
01.03.1991	-99	-99	-99	-99	-99	-99
02.03.1991	-99	-99	-99	-99	-99	-99
03.03.1991	-99	-99	-99	-99	-99	-99
04.03.1991	-99	-99	-99	-99	-99	-99
05.03.1991	-99	-99	-99	-99	-99	-99
06.03.1991	-99	-99	-99	-99	-99	-99
07.03.1991	-99	-99	-99	-99	-99	-99
08.03.1991	-99	-99	-99	-99	-99	-99
09.03.1991	-99	-99	-99	-99	-99	-99
10.03.1991	-99	-99	-99	-99	-99	-99
11.03.1991	-99	-99	-99	-99	-99	-99
12.03.1991	-99	-99	-99	-99	-99	-99
13.03.1991	-99	-99	-99	-99	-99	-99
14.03.1991	-99	-99	-99	-99	-99	-99
15.03.1991	-99	-99	-99	-99	-99	-99
16.03.1991	-99	-99	-99	-99	-99	-99
17.03.1991	-99	-99	-99	-99	-99	-99
18.03.1991	-99	-99	-99	-99	-99	-99
19.03.1991	-99	-99	-99	-99	-99	-99
20.03.1991	-99	-99	-99	-99	-99	-99
21.03.1991	-99	-99	-99	-99	-99	-99
22.03.1991	-99	-99	-99	-99	-99	-99
23.03.1991	-99	-99	-99	-99	-99	-99
24.03.1991	-99	-99	-99	-99	-99	-99
25.03.1991	-99	-99	-99	-99	-99	-99
26.03.1991	-99	-99	-99	-99	-99	-99
27.03.1991	-99	-99	-99	-99	-99	-99
28.03.1991	-99	-99	-99	-99	-99	-99
29.03.1991	-99	-99	-99	-99	-99	-99
30.03.1991	-99	-99	-99	-99	-99	-99
31.03.1991	-99	-99	-99	-99	-99	-99
01.04.1991	-99	-99	-99	-99	-99	-99
02.04.1991	-99	-99	-99	-99	-99	-99
03.04.1991	-99	-99	-99	-99	-99	-99
04.04.1991	-99	-99	-99	-99	-99	-99
05.04.1991	-99	-99	-99	-99	-99	-99
06.04.1991	-99	-99	-99	-99	-99	-99
07.04.1991	-99	-99	-99	-99	-99	-99
08.04.1991	-99	-99	-99	-99	-99	-99
09.04.1991	-99	-99	-99	-99	-99	-99
10.04.1991	-99	-99	-99	-99	-99	-99
11.04.1991	-99	-99	-99	-99	-99	-99
12.04.1991	-99	-99	-99	-99	-99	-99
13.04.1991	-99	-99	-99	-99	-99	-99
14.04.1991	-99	-99	-99	-99	-99	-99
15.04.1991	-99	-99	-99	-99	-99	-99
16.04.1991	-99	-99	-99	-99	-99	-99
17.04.1991	-99	-99	-99	-99	-99	-99
18.04.1991	-99	-99	-99	-99	-99	-99
19.04.1991	-99	-99	-99	-99	-99	-99
20.04.1991	-99	-99	-99	-99	-99	-99
21.04.1991	-99	-99	-99	-99	-99	-99
22.04.1991	-99	-99	-99	-99	-99	-99
23.04.1991	-99	-99	-99	-99	-99	-99
24.04.1991	-99	-99	-99	-99	-99	-99
25.04.1991	-99	-99	-99	-99	-99	-99
26.04.1991	-99	-99	-99	-99	-99	-99
27.04.1991	-99	-99	-99	-99	-99	-99
28.04.1991	-99	-99	-99	-99	-99	-99
29.04.1991	-99	-99	-99	-99	-99	-99
30.04.1991	-99	-99	-99	-99	-99	-99
01.05.1991	-99	-99	-99	-99	-99	-99
02.05.1991	-99	-99	-99	-99	-99	-99
03.05.1991	-99	-99	-99	-99	-99	-99
04.05.1991	-99	-99	-99	-99	-99	-99
05.05.1991	-99	-99	-99	-99	-99	-99
06.05.1991	-99	-99	-99	-99	-99	-99
07.05.1991	-99	-99	-99	-99	-99	-99
08.05.1991	-99	-99	-99	-99	-99	-99
09.05.1991	-99	-99	-99	-99	-99	-99
10.05.1991	-99	-99	-99	-99	-99	-99
11.05.1991	-99	-99	-99	-99	-99	-99
12.05.1991	-99	-99	-99	-99	-99	-99
13.05.1991	-99	-99	-99	-99	-99	-99
14.05.1991	-99	-99	-99	-99	-99	-99
15.05.1991	-99	-99	-99	-99	-99	-99
16.05.1991	-99	-99	-99	-99	-99	-99
17.05.1991	-99	-99	-99	-99	-99	-99
18.05.1991	-99	-99	-99	-99	-99	-99
19.05.1991	-99	-99	-99	-99	-99	-99
20.05.1991	-99	-99	-99	-99	-99	-99
21.05.1991	-99	-99	-99	-99	-99	-99
22.05.1991	-99	-99	-99	-99	-99	-99
23.05.1991	-99	-99	-99	-99	-99	-99
24.05.1991	-99	-99	-99	-99	-99	-99
25.05.1991	-99	-99	-99	-99	-99	-99
26.05.1991	-99	-99	-99	-99	-99	-99
27.05.1991	-99	-99	-99	-99	-99	-99
28.05.1991	-99	-99	-99	-99	-99	-99
29.05.1991	-99	-99	-99	-99	-99	-99
30.05.1991	-99	-99	-99	-99	-99	-99
31.05.1991	-99	-99	-99	-99	-99	-99
01.06.1991	-99	-99	-99	-99	-99	-99
02.06.1991	-99	-99	-99	-99	-99	-99
03.06.1991	-99	-99	-99	-99	-99	-99
04.06.1991	-99	-99	-99	-99	-99	-99
05.06.1991	-99	-99	-99	-99	-99	-99
06.06.1991	-99	-99	-99	-99	-99	-99
07.06.1991	-99	-99	-99	-99	-99	-99
08.06.1991	-99	-99	-99	-99	-99	-99
09.06.1991	-99	-99	-99	-99	-99	-99
10.06.1991	-99	-99	-99	-99	-99	-99
11.06.1991	-99	-99	-99	-99	-99	-99
12.06.1991	-99	-99	-99	-99	-99	-99
13.06.1991	-99	-99	-99	-99	-99	-99
14.06.1991	-99	-99	-99	-99	-99	-99
15.06.1991	-99	-99	-99	-99	-99	-99
16.06.1991	-99	-99	-99	-99	-99	-99
17.06.1991	-99	-99	-99	-99	-99	-99
18.06.1991	-99	-99	-99	-99	-99	-99
19.06.1991	-99	-99	-99	-99	-99	-99
20.06.1991	-99	-99	-99	-99	-99	-99
21.06.1991	-99	-99	-99	-99	-99	-99
22.06.1991	-99	-99	-99	-99	-99	-99
23.06.1991	-99	-99	-99	-99	-99	-99
24.06.1991	-99	-99	-99	-99	-99	-99
25.06.1991	-99	-99	-99	-99	-99	-99
26.06.1991	-99	-99	-99	-99	-99	-99
27.06.1991	-99	-99	-99	-99	-99	-99
28.06.1991	-99	-99	-99	-99	-99	-99
29.06.1991	-99	-99	-99	-99	-99	-99
30.06.1991	-99	-99	-99	-99	-99	-99
01.07.1991	-99	-99	-99	-99	-99	-99
02.07.1991	-99	-99	-99	-99	-99	-99
03.07.1991	-99	-99	-99	-99	-99	-99
04.07.1991	-99	-99	-99	-99	-99	-99
05.07.1991	-99	-99	-99	-99	-99	-99
06.07.1991	-99	-99	-99	-99	-99	-99
07.07.1991	-99	-99	-99	-99	-99	-99
08.07.1991	-99	-99	-99	-99	-99	-99
09.07.1991	-99	-99	-99	-99	-99	-99
10.07.1991	-99	-99	-99	-99	-99	-99
11.07.1991	-99	-99	-99	-99	-99	-99
12.07.1991	-99	-99	-99	-99	-99	-99
13.07.1991	-99	-99	-99	-99	-99	-99
14.07.1991	-99	-99	-99	-99	-99	-99
15.07.1991	-99	-99	-99	-99	-99	-99
16.07.1991	-99	-99	-99	-99	-99	-99
17.07.1991	-99	-99	-99	-99	-99	-99
18.07.1991	-99	-99	-99	-99	-99	-99
19.07.1991	-99	-99	-99	-99	-99	-99
20.07.1991	-99	-99	-99	-99	-99	-99
21.07.1991	-99	-99	-99	-99	-99	-99
22.07.1991	-99	-99	-99	-99	-99	-99
23.07.1991	-99	-99	-99	-99	-99	-99
24.07.1991	-99	-99	-99	-99	-99	-99
25.07.1991	-99	-99	-99	-99	-99	-99
26.07.1991	-99	-99	-99	-99	-99	-99
27.07.1991	-99	-99	-99	-99	-99	-99
28.07.1991	-99	-99	-99	-99	-99	-99
29.07.1991	-99	-99	-99	-99	-99	-99
30.07.1991	-99	-99	-99	-99	-99	-99
31.07.1991	-99	-99	-99	-99	-99	-99
01.08.1991	-99	-99	-99	-99	-99	-99
02.08.1991	-99	-99	-99	-99	-99	-99
03.08.1991	-99	-99	-99	-99	-99	-99
04.08.1991	-99	-99	-99	-99	-99	-99
05.08.1991	-99	-99	-99	-99	-99	-99
06.08.1991	-99	-99	-99	-99	-99	-99
07.08.1991	-99	-99	-99	-99	-99	-99
08.08.1991	-99	-99	-99	-99	-99	-99
09.08.1991	-99	-99	-99	-99	-99	-99
10.08.1991	-99	-99	-99	-99	-99	-99
11.08.1991	-99	-99	-99	-99	-99	-99
12.08.1991	-99	-99	-99	-99	-99	-99
13.08.1991	-99	-99	-99	-99	-99	-99
14.08.1991	-99	-99	-99	-99	-99	-99
15.08.1991	-99	-99	-99	-99	-99	-99
16.08.1991	-99	-99	-99	-99	-99	-99
17.08.1991	-99	-99	-99	-99	-99	-99
18.08.1991	-99	-99	-99	-99	-99	-99
19.08.1991	-99	-99	-99	-99	-99	-99
20.08.1991	-99	-99	-99	-99	-99	-99
21.08.1991	-99	-99	-99	-99	-99	-99
22.08.1991	-99	-99	-99	-99	-99	-99
23.08.1991	-99	-99	-99	-99	-99	-99
24.08.1991	-99	-99	-99	-99	-99	-99
25.08.1991	-99	-99	-99	-99	-99	-99
26.08.1991	-99	-99	-99	-99	-99	-99
27.08.1991	-99	-99	-99	-99	-99	-99
28.08.1991	-99	-99	-99	-99	-99	-99
29.08.1991	-99	-99	-99	-99	-99	-99
30.08.1991	-99	-99	-99	-99	-99	-99
31.08.1991	-99	-99	-99	-99	-99	-99
01.09.1991	-99	-99	-99	-99	-99	-99
02.09.1991	-99	-99	-99	-99	-99	-99
03.09.1991	-99	-99	-99	-99	-99	-99
04.09.1991	-99	-99	-99	-99	-99	-99
05.09.1991	-99	-99	-99	-99	-99	-99
06.09.1991	-99	-99	-99	-99	-99	-99
07.09.1991	-99	-99	-99	-99	-99	-99
08.09.1991	-99	-99	-99	-99	-99	-99
09.09.1991	-99	-99	-99	-99	-99	-99
10.09.1991	-99	-99	-99	-99	-99	-99
11.09.1991	-99	-99	-99	-99	-99	-99
12.09.1991	-99	-99	-99	-99	-99	-99
13.09.1991	-99	-99	-99	-99	-99	-99
14.09.1991	-99	-99	-99	-99	-99	-99
15.09.1991	-99	-99	-99	-99	-99	-99
16.09.1991	-99	-99	-99	-99	-99	-99
17.09.1991	-99	-99	-99	-99	-99	-99
18.09.1991	-99	-99	-99	-99	-99	-99
19.09.1991	-99	-99	-99	-99	-99	-99
20.09.1991	-99	-99	-99	-99	-99	-99
21.09.1991	-99	-99	-99	-99	-99	-99
22.09.1991	-99	-99	-99	-99	-99	-99
23.09.1991	-99	-99	-99	-99	-99	-99
24.09.1991	-99	-99	-99	-99	-99	-99
25.09.1991	-99	-99	-99	-99	-99	-99
26.09.1991	-99	-99	-99	-99	-99	-99
27.09.1991	-99	-99	-99	-99	-99	-99
28.09.1991	-99	-99	-99	-99	-99	-99
29.09.1991	-99	-99	-99	-99	-99	-99
30.09.1991	-99	-99	-99	-99	-99	-99
01.10.1991	-99	-99	-99	-99	-99	-99
02.10.1991	-99	-99	-99	-99	-99	-99
03.10.1991	-99	-99	-99	-99	-99	-99
04.10.1991	-99	-99	-99	-99	-99	-99
05.10.1991	-99	-99	-99	-99	-99	-99
06.10.1991	-99	-99	-99	-99	-99	-99
07.10.1991	-99	-99	-99	-99	-99	-99
08.10.1991	-99	-99	-99	-99	-99	-99
09.10.1991	-99	-99	-99	-99	-99	-99
10.10.1991	-99	-99	-99	-99	-99	-99
11.10.1991	-99	-99	-99	-99	-99	-99
12.10.1991	-99	-99	-99	-99	-99	-99
13.10.1991	-99	-99	-99	-99	-99	-99
14.10.1991	-99	-99	-99	-99	-99	-99
15.10.1991	-99	-99	-99	-99	-99	-99
16.10.1991	-99	-99	-99	-99	-99	-99
17.10.1991	-99	-99	-99	-99	-99	-99
18.10.1991	-99	-99	-99	-99	-99	-99
19.10.1991	-99	-99	-99	-99	-99	-99
20.10.1991	-99	-99	-99	-99	-99	-99
21.10.1991	-99	-99	-99	-99	-99	-99
22.10.1991	-99	-99	-99	-99	-99	-99
23.10.1991	-99	-99	-99	-99	-99	-99
24.10.1991	-99	-99	-99	-99	-99	-99
25.10.1991	-99	-99	-99	-99	-99	-99
26.10.1991	-99	-99	-99	-99	-99	-99
27.10.1991	-99	-99	-99	-99	-99	-99
28.10.1991	-99	-99	-99	-99	-99	-99
29.10.1991	-99	-99	-99	-99	-99	-99
30.10.1991	-99	-99	-99	-99	-99	-99
31.10.1991	-99	-99	-99	-99	-99	-99
01.11.1991	-99	-99	-99	-99	-99	-99
02.11.1991	-99	-99	-99	-99	-99	-99
03.11.1991	-99	-99	-99	-99	-99	-99
04.11.1991	-99	-99	-99	-99	-99	-99
05.11.1991	-99	-99	-99	-99	-99	-99
06.11.1991	-99	-99	-99	-99	-99	-99
07.11.1991	-99	-99	-99	-99	-99	-99
08.11.1991	-99	-99	-99	-99	-99	-99
09.11.1991	-99	-99	-99	-99	-99	-99
10.11.1991	-99	-99	-99	-99	-99	-99
11.11.1991	-99	-99	-99	-99	-99	-99
12.11.1991	-99	-99	-99	-99	-99	-99
13.11.1991	-99	-99	-99	-99	-99	-99
14.11.1991	-99	-99	-99	-99	-99	-99
15.11.1991	-99	-99	-99	-99	-99	-99
16.11.1991	-99	-99	-99	-99	-99	-99
17.11.1991	-99	-99	-99	-99	-99	-99
18.11.1991	-99	-99	-99	-99	-99	-99
19.11.1991	-99	-99	-99	-99	-99	-99
20.11.1991	-99	-99	-99	-99	-99	-99
21.11.1991	-99	-99	-99	-99	-99	-99
22.11.1991	-99	-99	-99	-99	-99	-99
23.11.1991	-99	-99	-99	-99	-99	-99
24.11.1991	-99	-99	-99	-99	-99	-99
25.11.1991	-99	-99	-99	-99	-99	-99
26.11.1991	-99	-99	-99	-99	-99	-99
27.11.1991	-99	-99	-99	-99	-99	-99
28.11.1991	-99	-99	-99	-99	-99	-99
29.11.1991	-99	-99	-99	-99	-99	-99
30.11.1991	-99	-99	-99	-99	-99	-99
01.12.1991	-99	-99	-99	-99	-99	-99
02.12.1991	-99	-99	-99	-99	-99	-99
03.12.1991	-99	-99	-99	-99	-99	-99
04.12.1991	-99	-99	-99	-99	-99	-99
05.12.1991	-99	-99	-99	-99	-99	-99
06.12.1991	-99	-99	-99	-99	-99	-99
07.12.1991	-99	-99	-99	-99	-99	-99
08.12.1991	-99	-99	-99	-99	-99	-99
09.12.1991	-99	-99	-99	-99	-99	-99
10.12.1991	-99	-99	-99	-99	-99	-99
11.12.1991	-99	-99	-99	-99	-99	-99
12.12.1991	-99	-99	-99	-99	-99	-99
13.12.1991	-99	-99	-99	-99	-99	-99
14.12.1991	-99	-99	-99	-99	-99	-99
15.12.1991	-99	-99	-99	-99	-99	-99
16.12.1991	-99	-99	-99	-99	-99	-99
17.12.1991	-99	-99	-99	-99	-99	-99
18.12.1991	-99	-99	-99	-99	-99	-99
19.12.1991	-99	-99	-99	-99	-99	-99
20.12.1991	-99	-99	-99	-99	-99	-99
21.12.1991	-99	-99	-99	-99	-99	-99
22.12.1991	-99	-99	-99	-99	-99	-99
23.12.1991	-99	-99	-99	-99	-99	-99
24.12.1991	-99	-99	-99	-99	-99	-99
25.12.1991	-99	-99	-99	-99	-99	-99
26.12.1991	-99	-99	-99	-99	-99	-99
27.12.1991	-99	-99	-99	-99	-99	-99
28.12.1991	-99	-99	-99	-99	-99	-99
29.12.1991	-99	-99	-99	-99	-99	-99
30.12.1991	-99	-99	-99	-99	-99	-99
31.12.1991	-99	-99	-99	-99	-99	-99
01.01.1992	-99	-99	-99	-99	-99	-99
02.01.1992	-99	-99	-99	-99	-99	-99
03.01.1992	-99	-99	-99	-99	-99	-99
04.01.1992	-99	-99	-99	-99	-99	-99
05.01.1992	-99	-99	-99	-99	-99	-99
06.01.1992	-99	-99	-99	-99	-99	-99
07.01.1992	-99	-99	-99	-99	-99	-99
08.01.1992	-99	-99	-99	-99	-99	-99
09.01.1992	-99	-99	-99	-99	-99	-99
10.01.1992	-99	-99	-99	-99	-99	-99
11.01.1992	-99	-99	-99	-99	-99	-99
12.01.1992	-99	-99	-99	-99	-99	-99
13.01.1992	-99	-99	-99	-99	-99	-99
14.01.1992	-99	-99	-99	-99	-99	-99
15.01.1992	-99	-99	-99	-99	-99	-99
16.01.1992	-99	-99	-99	-99	-99	-99
17.01.1992	-99	-99	-99	-99	-99	-99
18.01.1992	-99	-99	-99	-99	-99	-99
19.01.1992	-99	-99	-99	-99	-99	-99
20.01.1992	-99	-99	-99	-99	-99	-99
21.01.1992	-99	-99	-99	-99	-99	-99
22.01.1992	-99	-99	-99	-99	-99	-99
23.01.1992	-99	-99	-99	-99	-99	-99
24.01.1992	-99	-99	-99	-99	-99	-99
25.01.1992	-99	-99	-99	-99	-99	-99
26.01.1992	-99	-99	-99	-99	-99	-99
27.01.1992	-99	-99	-99	-99	-99	-99
28.01.1992	-99	-99	-99	-99	-99	-99
29.01.1992	-99	-99	-99	-99	-99	-99
30.01.1992	-99	-99	-99	-99	-99	-99
31.01.1992	-99	-99	-99	-99	-99	-99
01.02.1992	-99	-99	-99	-99	-99	-99
02.02.1992	-99	-99	-99	-99	-99	-99
03.02.1992	-99	-99	-99	-99	-99	-99
04.02.1992	-99	-99	-99	-99	-99	-99
05.02.1992	-99	-99	-99	-99	-99	-99
06.02.1992	-99	-99	-99	-99	-99	-99
07.02.1992	-99	-99	-99	-99	-99	-99
08.02.1992	-99	-99	-99	-99	-99	-99
09.02.1992	-99	-99	-99	-99	-99	-99
10.02.1992	-99	-99	-99	-99	-99	-99
11.02.1992	-99	-99	-99	-99	-99	-99
12.02.1992	-99	-99	-99	-99	-99	-99
13.02.1992	-99	-99	-99	-99	-99	-99
14.02.1992	-99	-99	-99	-99	-99	-99
15.02.1992	-99	-99	-99	-99	-99	-99
16.02.1992	-99	-99	-99	-99	-99	-99
17.02.1992	-99	-99	-99	-99	-99	-99
18.02.1992	-99	-99	-99	-99	-99	-99
19.02.1992	-99	-99	-99	-99	-99	-99
20.02.1992	-99	-99	-99	-99	-99	-99
21.02.1992	-99	-99	-99	-99	-99	-99
22.02.1992	-99	-99	-99	-99	-99	-99
23.02.1992	-99	-99	-99	-99	-99	-99
24.02.1992	-99	-99	-99	-99	-99	-99
25.02.1992	-99	-99	-99	-99	-99	-99
26.02.1992	-99	-99	-99	-99	-99	-99
27.02.1992	-99	-99	-99	-99	-99	-99
28.02.1992	-99	-99	-99	-99	-99	-99
29.02.1992	-99	-99	-99	-99	-99	-99
01.03.1992	-99	-99	-99	-99	-99	-99
02.03.1992	-99	-99	-99	-99	-99	-99
03.03.1992	-99	-99	-99	-99	-99	-99
04.03.1992	-99	-99	-99	-99	-99	-99
05.03.1992	-99	-99	-99	-99	-99	-99
06.03.1992	-99	-99	-99	-99	-99	-99
07.03.1992	-99	-99	-99	-99	-99	-99
08.03.1992	-99	-99	-99	-99	-99	-99
09.03.1992	-99	-99	-99	-99	-99	-99
10.03.1992	-99	-99	-99	-99	-99	-99
11.03.1992	-99	-99	-99	-99	-99	-99
12.03.1992	-99	-99	-99	-99	-99	-99
13.03.1992	-99	-99	-99	-99	-99	-99
14.03.1992	-99	-99	-99	-99	-99	-99
15.03.1992	-99	-99	-99	-99	-99	-99
16.03.1992	-99	-99	-99	-99	-99	-99
17.03.1992	-99	-99	-99	-99	-99	-99
18.03.1992	-99	-99	-99	-99	-99	-99
19.03.1992	-99	-99	-99	-99	-99	-99
20.03.1992	-99	-99	-99	-99	-99	-99
21.03.1992	-99	-99	-99	-99	-99	-99
22.03.1992	-99	-99	-99	-99	-99	-99
23.03.1992	-99	-99	-99	-99	-99	-99
24.03.1992	-99	-99	-99	-99	-99	-99
25.03.1992	-99	-99	-99	-99	-99	-99
26.03.1992	-99	-99	-99	-99	-99	-99
27.03.1992	-99	-99	-99	-99	-99	-99
28.03.1992	-99	-99	-99	-99	-99	-99
29.03.1992	-99	-99	-99	-99	-99	-99
30.03.1992	-99	-99	-99	-99	-99	-99
31.03.1992	-99	-99	-99	-99	-99	-99
01.04.1992	-99	-99	-99	-99	-99	-99
02.04.1992	-99	-99	-99	-99	-99	-99
03.04.1992	-99	-99	-99	-99	-99	-99
04.04.1992	-99	-99	-99	-99	-99	-99
05.04.1992	-99	-99	-99	-99	-99	-99
06.04.1992	-99	-99	-99	-99	-99	-99
07.04.1992	-99	-99	-99	-99	-99	-99
08.04.1992	-99	-99	-99	-99	-99	-99
09.04.1992	-99	-99	-99	-99	-99	-99
10.04.1992	-99	-99	-99	-99	-99	-99
11.04.1992	-99	-99	-99	-99	-99	-99
12.04.1992	-99	-99	-99	-99	-99	-99
13.04.1992	-99	-99	-99	-99	-99	-99
14.04.1992	-99	-99	-99	-99	-99	-99
15.04.1992	-99	-99	-99	-99	-99	-99
16.04.1992	-99	-99	-99	-99	-99	-99
17.04.1992	-99	-99	-99	-99	-99	-99
18.04.1992	-99	-99	-99	-99	-99	-99
19.04.1992	-99	-99	-99	-99	-99	-99
20.04.1992	-99	-99	-99	-99	-99	-99
21.04.1992	-99	-99	-99	-99	-99	-99
22.04.1992	-99	-99	-99	-99	-99	-99
23.04.1992	-99	-99	-99	-99	-99	-99
24.04.1992	-99	-99	-99	-99	-99	-99
25.04.1992	-99	-99	-99	-99	-99	-99
26.04.1992	-99	-99	-99	-99	-99	-99
27.04.1992	-99	-99	-99	-99	-99	-99
28.04.1992	-99	-99	-99	-99	-99	-99
29.04.1992	-99	-99	-99	-99	-99	-99
30.04.1992	-99	-99	-99	-99	-99	-99
01.05.1992	-99	-99	-99	-99	-99	-99
02.05.1992	-99	-99	-99	-99	-99	-99
03.05.1992	-99	-99	-99	-99	-99	-99
04.05.1992	-99	-99	-99	-99	-99	-99
05.05.1992	-99	-99	-99	-99	-99	-99
06.05.1992	-99	-99	-99	-99	-99	-99
07.05.1992	-99	-99	-99	-99	-99	-99
08.05.1992	-99	-99	-99	-99	-99	-99
09.05.1992	-99	-99	-99	-99	-99	-99
10.05.1992	-99	-99	-99	-99	-99	-99
11.05.1992	-99	-99	-99	-99	-99	-99
12.05.1992	-99	-99	-99	-99	-99	-99
13.05.1992	-99	-99	-99	-99	-99	-99
14.05.1992	-99	-99	-99	-99	-99	-99
15.05.1992	-99	-99	-99	-99	-99	-99
16.05.1992	-99	-99	-99	-99	-99	-99
17.05.1992	-99	-99	-99	-99	-99	-99
18.05.1992	-99	-99	-99	-99	-99	-99
19.05.1992	-99	-99	-99	-99	-99	-99
20.05.1992	-99	-99	-99	-99	-99	-99
21.05.1992	-99	-99	-99	-99	-99	-99
22.05.1992	-99	-99	-99	-99	-99	-99
23.05.1992	-99	-99	-99	-99	-99	-99
24.05.1992	-99	-99	-99	-99	-99	-99
25.05.1992	-99	-99	-99	-99	-99	-99
26.05.1992	-99	-99	-99	-99	-99	-99
27.05.1992	-99	-99	-99	-99	-99	-99
28.05.1992	-99	-99	-99	-99	-99	-99
29.05.1992	-99	-99	-99	-99	-99	-99
30.05.1992	-99	-99	-99	-99	-99	-99
31.05.1992	-99	-99	-99	-99	-99	-99
01.06.1992	-99	-99	-99	-99	-99	-99
02.06.1992	-99	-99	-99	-99	-99	-99
03.06.1992	-99	-99	-99	-99	-99	-99
04.06.1992	-99	-99	-99	-99	-99	-99
05.06.1992	-99	-99	-99	-99	-99	-99
06.06.1992	-99	-99	-99	-99	-99	-99
07.06.1992	-99	-99	-99	-99	-99	-99
08.06.1992	-99	-99	-99	-99	-99	-99
09.06.1992	-99	-99	-99	-99	-99	-99
10.06.1992	-99	-99	-99	-99	-99	-99
11.06.1992	-99	-99	-99	-99	-99	-99
12.06.1992	-99	-99	-99	-99	-99	-99
13.06.1992	-99	-99	-99	-99	-99	-99
14.06.1992	-99	-99	-99	-99	-99	-99
15.06.1992	-99	-99	-99	-99	-99	-99
16.06.1992	-99	-99	-99	-99	-99	-99
17.06.1992	-99	-99	-99	-99	-99	-99
18.06.1992	-99	-99	-99	-99	-99	-99
19.06.1992	-99	-99	-99	-99	-99	-99
20.06.1992	-99	-99	-99	-99	-99	-99
21.06.1992	-99	-99	-99	-99	-99	-99
22.06.1992	-99	-99	-99	-99	-99	-99
23.06.1992	-99	-99	-99	-99	-99	-99
24.06.1992	-99	-99	-99	-99	-99	-99
25.06.1992	-99	-99	-99	-99	-99	-99
26.06.1992	-99	-99	-99	-99	-99	-99
27.06.1992	-99	-99	-99	-99	-99	-99
28.06.1992	-99	-99	-99	-99	-99	-99
29.06.1992	-99	-99	-99	-99	-99	-99
30.06.1992	-99	-99	-99	-99	-99	-99
01.07.1992	-99	-99	-99	-99	-99	-99
02.07.1992	-99	-99	-99	-99	-99	-99
03.07.1992	-99	-99	-99	-99	-99	-99
04.07.1992	-99	-99	-99	-99	-99	-99
05.07.1992	-99	-99	-99	-99	-99	-99
06.07.1992	-99	-99	-99	-99	-99	-99
07.07.1992	-99	-99	-99	-99	-99	-99
08.07.1992	-99	-99	-99	-99	-99	-99
09.07.1992	-99	-99	-99	-99	-99	-99
10.07.1992	-99	-99	-99	-99	-99	-99
11.07.1992	-99	-99	-99	-99	-99	-99
12.07.1992	-99	-99	-99	-99	-99	-99
13.07.1992	-99	-99	-99	-99	-99	-99
14.07.1992	-99	-99	-99	-99	-99	-99
15.07.1992	-99	-99	-99	-99	-99	-99
16.07.1992	-99	-99	-99	-99	-99	-99
17.07.1992	-99	-99	-99	-99	-99	-99
18.07.1992	-99	-99	-99	-99	-99	-99
19.07.1992	-99	-99	-99	-99	-99	-99
20.07.1992	-99	-99	-99	-99	-99	-99
21.07.1992	-99	-99	-99	-99	-99	-99
22.07.1992	-99	-99	-99	-99	-99	-99
23.07.1992	-99	-99	-99	-99	-99	-99
24.07.1992	-99	-99	-99	-99	-99	-99
25.07.1992	-99	-99	-99	-99	-99	-99
26.07.1992	-99	-99	-99	-99	-99	-99
27.07.1992	-99	-99	-99	-99	-99	-99
28.07.1992	-99	-99	-99	-99	-99	-99
29.07.1992	-99	-99	-99	-99	-99	-99
30.07.1992	-99	-99	-99	-99	-99	-99
31.07.1992	-99	-99	-99	-99	-99	-99
01.08.1992	-99	-99	-99	-99	-99	-99
02.08.1992	-99	-99	-99	-99	-99	-99
03.08.1992	-99	-99	-99	-99	-99	-99
04.08.1992	-99	-99	-99	-99	-99	-99
05.08.1992	-99	-99	-99	-99	-99	-99
06.08.1992	-99	-99	-99	-99	-99	-99
07.08.1992	-99	-99	-99	-99	-99	-99
08.08.1992	-99	-99	-99	-99	-99	-99
09.08.1992	-99	-99	-99	-99	-99	-99
10.08.1992	-99	-99	-99	-99	-99	-99
11.08.1992	-99	-99	-99	-99	-99	-99
12.08.1992	-99	-99	-99	-99	-99	-99
13.08.1992	-99	-99	-99	-99	-99	-99
14.08.1992	-99	-99	-99	-99	-99	-99
15.08.1992	-99	-99	-99	-99	-99	-99
16.08.1992	-99	-99	-99	-99	-99	-99
17.08.1992	-99	-99	-99	-99	-99	-99
18.08.1992	-99	-99	-99	-99	-99	-99
19.08.1992	-99	-99	-99	-99	-99	-99
20.08.1992	-99	-99	-99	-99	-99	-99
21.08.1992	-99	-99	-99	-99	-99	-99
22.08.1992	-99	-99	-99	-99	-99	-99
23.08.1992	-99	-99	-99	-99	-99	-99
24.08.1992	-99	-99	-99	-99	-99	-99
25.08.1992	-99	-99	-99	-99	-99	-99
26.08.1992	-99	-99	-99	-99	-99	-99
27.08.1992	-99	-99	-99	-99	-99	-99
28.08.1992	-99	-99	-99	-99	-99	-99
29.08.1992	-99	-99	-99	-99	-99	-99
30.08.1992	-99	-99	-99	-99	-99	-99
31.08.1992	-99	-99	-99	-99	-99	-99
01.09.1992	-99	-99	-99	-99	-99	-99
02.09.1992	-99	-99	-99	-99	-99	-99
03.09.1992	-99	-99	-99	-99	-99	-99
04.09.1992	-99	-99	-99	-99	-99	-99
05.09.1992	-99	-99	-99	-99	-99	-99
06.09.1992	-99	-99	-99	-99	-99	-99
07.09.1992	-99	-99	-99	-99	-99	-99
08.09.1992	-99	-99	-99	-99	-99	-99
09.09.1992	-99	-99	-99	-99	-99	-99
10.09.1992	-99	-99	-99	-99	-99	-99
11.09.1992	-99	-99	-99	-99	-99	-99
12.09.1992	-99	-99	-99	-99	-99	-99
13.09.1992	-99	-99	-99	-99	-99	-99
14.09.1992	-99	-99	-99	-99	-99	-99
15.09.1992	-99	-99	-99	-99	-99	-99
16.09.1992	-99	-99	-99	-99	-99	-99
17.09.1992	-99	-99	-99	-99	-99	-99
18.09.1992	-99	-99	-99	-99	-99	-99
19.09.1992	-99	-99	-99	-99	-99	-99
20.09.1992	-99	-99	-99	-99	-99	-99
21.09.1992	-99	-99	-99	-99	-99	-99
22.09.1992	-99	-99	-99	-99	-99	-99
23.09.1992	-99	-99	-99	-99	-99	-99
24.09.1992	-99	-99	-99	-99	-99	-99
25.09.1992	-99	-99	-99	-99	-99	-99
26.09.1992	-99	-99	-99	-99	-99	-99
27.09.1992	-99	-99	-99	-99	-99	-99
28.09.1992	-99	-99	-99	-99	-99	-99
29.09.1992	-99	-99	-99	-99	-99	-99
30.09.1992	-99	-99	-99	-99	-99	-99
01.10.1992	-99	-99	-99	-99	-99	-99
02.10.1992	-99	-99	-99	-99	-99	-99
03.10.1992	-99	-99	-99	-99	-99	-99
04.10.1992	-99	-99	-99	-99	-99	-99
05.10.1992	-99	-99	-99	-99	-99	-99
06.10.1992	-99	-99	-99	-99	-99	-99
07.10.1992	-99	-99	-99	-99	-99	-99
08.10.1992	-99	-99	-99	-99	-99	-99
09.10.1992	-99	-99	-99	-99	-99	-99
10.10.1992	-99	-99	-99	-99	-99	-99
11.10.1992	-99	-99	-99	-99	-99	-99
12.10.1992	-99	-99	-99	-99	-99	-99
13.10.1992	-99	-99	-99	-99	-99	-99
14.10.1992	-99	-99	-99	-99	-99	-99
15.10.1992	-99	-99	-99	-99	-99	-99
16.10.1992	-99	-99	-99	-99	-99	-99
17.10.1992	-99	-99	-99	-99	-99	-99
18.10.1992	-99	-99	-99	-99	-99	-99
19.10.1992	-99	-99	-99	-99	-99	-99
20.10.1992	-99	-99	-99	-99	-99	-99
21.10.1992	-99	-99	-99	-99	-99	-99
22.10.1992	-99	-99	-99	-99	-99	-99
23.10.1992	-99	-99	-99	-99	-99	-99
24.10.1992	-99	-99	-99	-99	-99	-99
25.10.1992	-99	-99	-99	-99	-99	-99
26.10.1992	-99	-99	-99	-99	-99	-99
27.10.1992	-99	-99	-99	-99	-99	-99
28.10.1992	-99	-99	-99	-99	-99	-99
29.10.1992	-99	-99	-99	-99	-99	-99
30.10.1992	-99	-99	-99	-99	-99	-99
31.10.1992	-99	-99	-99	-99	-99	-99
01.11.1992	-99	-99	-99	-99	-99	-99
02.11.1992	-99	-99	-99	-99	-99	-99
03.11.1992	-99	-99	-99	-99	-99	-99
04.11.1992	-99	-99	-99	-99	-99	-99
05.11.1992	-99	-99	-99	-99	-99	-99
06.11.1992	-99	-99	-99	-99	-99	-99
07.11.1992	-99	-99	-99	-99	-99	-99
08.11.1992	-99	-99	-99	-99	-99	-99
09.11.1992	-99	-99	-99	-99	-99	-99
10.11.1992	-99	-99	-99	-99	-99	-99
11.11.1992	-99	-99	-99	-99	-99	-99
12.11.1992	-99	-99	-99	-99	-99	-99
13.11.1992	-99	-99	-99	-99	-99	-99
14.11.1992	-99	-99	-99	-99	-99	-99
15.11.1992	-99	-99	-99	-99	-99	-99
16.11.1992	-99	-99	-99	-99	-99	-99
17.11.1992	-99	-99	-99	-99	-99	-99
18.11.1992	-99	-99	-99	-99	-99	-99
19.11.1992	-99	-99	-99	-99	-99	-99
20.11.1992	-99	-99	-99	-99	-99	-99
21.11.1992	-99	-99	-99	-99	-99	-99
22.11.1992	-99	-99	-99	-99	-99	-99
23.11.1992	-99	-99	-99	-99	-99	-99
24.11.1992	-99	-99	-99	-99	-99	-99
25.11.1992	-99	-99	-99	-99	-99	-99
26.11.1992	-99	-99	-99	-99	-99	-99
27.11.1992	-99	-99	-99	-99	-99	-99
28.11.1992	-99	-99	-99	-99	-99	-99
29.11.1992	-99	-99	-99	-99	-99	-99
30.11.1992	-99	-99	-99	-99	-99	-99
01.12.1992	-99	-99	-99	-99	-99	-99
02.12.1992	-99	-99	-99	-99	-99	-99
03.12.1992	-99	-99	-99	-99	-99	-99
04.12.1992	-99	-99	-99	-99	-99	-99
05.12.1992	-99	-99	-99	-99	-99	-99
06.12.1992	-99	-99	-99	-99	-99	-99
07.12.1992	-99	-99	-99	-99	-99	-99
08.12.1992	-99	-99	-99	-99	-99	-99
09.12.1992	-99	-99	-99	-99	-99	-99
10.12.1992	-99	-99	-99	-99	-99	-99
11.12.1992	-99	-99	-99	-99	-99	-99
12.12.1992	-99	-99	-99	-99	-99	-99
13.12.1992	-99	-99	-99	-99	-99	-99
14.12.1992	-99	-99	-99	-99	-99	-99
15.12.1992	-99	-99	-99	-99	-99	-99
16.12.1992	-99	-99	-99	-99	-99	-99
17.12.1992	-99	-99	-99	-99	-99	-99
18.12.1992	-99	-99	-99	-99	-99	-99
19.12.1992	-99	-99	-99	-99	-99	-99
20.12.1992	-99	-99	-99	-99	-99	-99
21.12.1992	-99	-99	-99	-99	-99	-99
22.12.1992	-99	-99	-99	-99	-99	-99
23.12.1992	-99	-99	-99	-99	-99	-99
24.12.1992	-99	-99	-99	-99	-99	-99
25.12.1992	-99	-99	-99	-99	-99	-99
26.12.1992	-99	-99	-99	-99	-99	-99
27.12.1992	-99	-99	-99	-99	-99	-99
28.12.1992	-99	-99	-99	-99	-99	-99
29.12.1992	-99	-99	-99	-99	-99	-99
30.12.1992	-99	-99	-99	-99	-99	-99
31.12.1992	-99	-99	-99	-99	-99	-99
01.01.1993	-99	-99	-99	-99	-99	-99
02.01.1993	-99	-99	-99	-99	-99	-99
03.01.1993	-99	-99	-99	-99	-99	-99
04.01.1993	-99	-99	-99	-99	-99	-99
05.01.1993	-99	-99	-99	-99	-99	-99
06.01.1993	-99	-99	-99	-99	-99	-99
07.01.1993	-99	-99	-99	-99	-99	-99
08.01.1993	-99	-99	-99	-99	-99	-99
09.01.1993	-99	-99	-99	-99	-99	-99
10.01.1993	-99	-99	-99	-99	-99	-99
11.01.1993	-99	-99	-99	-99	-99	-99
12.01.1993	-99	-99	-99	-99	-99	-99
13.01.1993	-99	-99	-99	-99	-99	-99
14.01.1993	-99	-99	-99	-99	-99	-99
15.01.1993	-99	-99	-99	-99	-99	-99
16.01.1993	-99	-99	-99	-99	-99	-99
17.01.1993	-99	-99	-99	-99	-99	-99
18.01.1993	-99	-99	-99	-99	-99	-99
19.01.1993	-99	-99	-99	-99	-99	-99
20.01.1993	-99	-99	-99	-99	-99	-99
21.01.1993	-99	-99	-99	-99	-99	-99
22.01.1993	-99	-99	-99	-99	-99	-99
23.01.1993	-99	-99	-99	-99	-99	-99
24.01.1993	-99	-99	-99	-99	-99	-99
25.01.1993	-99	-99	-99	-99	-99	-99
26.01.1993	-99	-99	-99	-99	-99	-99
27.01.1993	-99	-99	-99	-99	-99	-99
28.01.1993	-99	-99	-99	-99	-99	-99
29.01.1993	-99	-99	-99	-99	-99	-99
30.01.1993	-99	-99	-99	-99	-99	-99
31.01.1993	-99	-99	-99	-99	-99	-99
01.02.1993	-99	-99	-99	-99	-99	-99
02.02.1993	-99	-99	-99	-99	-99	-99
03.02.1993	-99	-99	-99	-99	-99	-99
04.02.1993	-99	-99	-99	-99	-99	-99
05.02.1993	-99	-99	-99	-99	-99	-99
06.02.1993	-99	-99	-99	-99	-99	-99
07.02.1993	-99	-99	-99	-99	-99	-99
08.02.1993	-99	-99	-99	-99	-99	-99
09.02.1993	-99	-99	-99	-99	-99	-99
10.02.1993	-99	-99	-99	-99	-99	-99
11.02.1993	-99	-99	-99	-99	-99	-99
12.02.1993	-99	-99	-99	-99	-99	-99
13.02.1993	-99	-99	-99	-99	-99	-99
14.02.1993	-99	-99	-99	-99	-99	-99
15.02.1993	-99	-99	-99	-99	-99	-99
16.02.1993	-99	-99	-99	-99	-99	-99
17.02.1993	-99	-99	-99	-99	-99	-99
18.02.1993	-99	-99	-99	-99	-99	-99
19.02.1993	-99	-99	-99	-99	-99	-99
20.02.1993	-99	-99	-99	-99	-99	-99
21.02.1993	-99	-99	-99	-99	-99	-99
22.02.1993	-99	-99	-99	-99	-99	-99
23.02.1993	-99	-99	-99	-99	-99	-99
24.02.1993	-99	-99	-99	-99	-99	-99
25.02.1993	-99	-99	-99	-99	-99	-99
26.02.1993	-99	-99	-99	-99	-99	-99
27.02.1993	-99	-99	-99	-99	-99	-99
28.02.1993	-99	-99	-99	-99	-99	-99
01.03.1993	-99	-99	-99	-99	-99	-99
02.03.1993	-99	-99	-99	-99	-99	-99
03.03.1993	-99	-99	-99	-99	-99	-99
04.03.1993	-99	-99	-99	-99	-99	-99
05.03.1993	-99	-99	-99	-99	-99	-99
06.03.1993	-99	-99	-99	-99	-99	-99
07.03.1993	-99	-99	-99	-99	-99	-99
08.03.1993	-99	-99	-99	-99	-99	-99
09.03.1993	-99	-99	-99	-99	-99	-99
10.03.1993	-99	-99	-99	-99	-99	-99
11.03.1993	-99	-99	-99	-99	-99	-99
12.03.1993	-99	-99	-99	-99	-99	-99
13.03.1993	-99	-99	-99	-99	-99	-99
14.03.1993	-99	-99	-99	-99	-99	-99
15.03.1993	-99	-99	-99	-99	-99	-99
16.03.1993	-99	-99	-99	-99	-99	-99
17.03.1993	-99	-99	-99	-99	-99	-99
18.03.1993	-99	-99	-99	-99	-99	-99
19.03.1993	-99	-99	-99	-99	-99	-99
20.03.1993	-99	-99	-99	-99	-99	-99
21.03.1993	-99	-99	-99	-99	-99	-99
22.03.1993	-99	-99	-99	-99	-99	-99
23.03.1993	-99	-99	-99	-99	-99	-99
24.03.1993	-99	-99	-99	-99	-99	-99
25.03.1993	-99	-99	-99	-99	-99	-99
26.03.1993	-99	-99	-99	-99	-99	-99
27.03.1993	-99	-99	-99	-99	-99	-99
28.03.1993	-99	-99	-99	-99	-99	-99
29.03.1993	-99	-99	-99	-99	-99	-99
30.03.1993	-99	-99	-99	-99	-99	-99
31.03.1993	-99	-99	-99	-99	-99	-99
01.04.1993	-99	-99	-99	-99	-99	-99
02.04.1993	-99	-99	-99	-99	-99	-99
03.04.1993	-99	-99	-99	-99	-99	-99
04.04.1993	-99	-99	-99	-99	-99	-99
05.04.1993	-99	-99	-99	-99	-99	-99
06.04.1993	-99	-99	-99	-99	-99	-99
07.04.1993	-99	-99	-99	-99	-99	-99
08.04.1993	-99	-99	-99	-99	-99	-99
09.04.1993	-99	-99	-99	-99	-99	-99
10.04.1993	-99	-99	-99	-99	-99	-99
11.04.1993	-99	-99	-99	-99	-99	-99
12.04.1993	-99	-99	-99	-99	-99	-99
13.04.1993	-99	-99	-99	-99	-99	-99
14.04.1993	-99	-99	-99	-99	-99	-99
15.04.1993	-99	-99	-99	-99	-99	-99
16.04.1993	-99	-99	-99	-99	-99	-99
17.04.1993	-99	-99	-99	-99	-99	-99
18.04.1993	-99	-99	-99	-99	-99	-99
19.04.1993	-99	-99	-99	-99	-99	-99
20.04.1993	-99	-99	-99	-99	-99	-99
21.04.1993	-99	-99	-99	-99	-99	-99
22.04.1993	-99	-99	-99	-99	-99	-99
23.04.1993	-99	-99	-99	-99	-99	-99
24.04.1993	-99	-99	-99	-99	-99	-99
25.04.1993	-99	-99	-99	-99	-99	-99
26.04.1993	-99	-99	-99	-99	-99	-99
27.04.1993	-99	-99	-99	-99	-99	-99
28.04.1993	-99	-99	-99	-99	-99	-99
29.04.1993	-99	-99	-99	-99	-99	-99
30.04.1993	-99	-99	-99	-99	-99	-99
01.05.1993	-99	-99	-99	-99	-99	-99
02.05.1993	-99	-99	-99	-99	-99	-99
03.05.1993	-99	-99	-99	-99	-99	-99
04.05.1993	-99	-99	-99	-99	-99	-99
05.05.1993	-99	-99	-99	-99	-99	-99
06.05.1993	-99	-99	-99	-99	-99	-99
07.05.1993	-99	-99	-99	-99	-99	-99
08.05.1993	-99	-99	-99	-99	-99	-99
09.05.1993	-99	-99	-99	-99	-99	-99
10.05.1993	-99	-99	-99	-99	-99	-99
11.05.1993	-99	-99	-99	-99	-99	-99
12.05.1993	-99	-99	-99	-99	-99	-99
13.05.1993	-99	-99	-99	-99	-99	-99
14.05.1993	-99	-99	-99	-99	-99	-99
15.05.1993	-99	-99	-99	-99	-99	-99
16.05.1993	-99	-99	-99	-99	-99	-99
17.05.1993	-99	-99	-99	-99	-99	-99
18.05.1993	-99	-99	-99	-99	-99	-99
19.05.1993	-99	-99	-99	-99	-99	-99
20.05.1993	-99	-99	-99	-99	-99	-99
21.05.1993	-99	-99	-99	-99	-99	-99
22.05.1993	-99	-99	-99	-99	-99	-99
23.05.1993	-99	-99	-99	-99	-99	-99
24.05.1993	-99	-99	-99	-99	-99	-99
25.05.1993	-99	-99	-99	-99	-99	-99
26.05.1993	-99	-99	-99	-99	-99	-99
27.05.1993	-99	-99	-99	-99	-99	-99
28.05.1993	-99	-99	-99	-99	-99	-99
29.05.1993	-99	-99	-99	-99	-99	-99
30.05.1993	-99	-99	-99	-99	-99	-99
31.05.1993	-99	-99	-99	-99	-99	-99
01.06.1993	-99	-99	-99	-99	-99	-99
02.06.1993	-99	-99	-99	-99	-99	-99
03.06.1993	-99	-99	-99	-99	-99	-99
04.06.1993	-99	-99	-99	-99	-99	-99
05.06.1993	-99	-99	-99	-99	-99	-99
06.06.1993	-99	-99	-99	-99	-99	-99
07.06.1993	-99	-99	-99	-99	-99	-99
08.06.1993	-99	-99	-99	-99	-99	-99
09.06.1993	-99	-99	-99	-99	-99	-99
10.06.1993	-99	-99	-99	-99	-99	-99
11.06.1993	-99	-99	-99	-99	-99	-99
12.06.1993	-99	-99	-99	-99	-99	-99
13.06.1993	-99	-99	-99	-99	-99	-99
14.06.1993	-99	-99	-99	-99	-99	-99
15.06.1993	-99	-99	-99	-99	-99	-99
16.06.1993	-99	-99	-99	-99	-99	-99
17.06.1993	-99	-99	-99	-99	-99	-99
18.06.1993	-99	-99	-99	-99	-99	-99
19.06.1993	-99	-99	-99	-99	-99	-99
20.06.1993	-99	-99	-99	-99	-99	-99
21.06.1993	-99	-99	-99	-99	-99	-99
22.06.1993	-99	-99	-99	-99	-99	-99
23.06.1993	-99	-99	-99	-99	-99	-99
24.06.1993	-99	-99	-99	-99	-99	-99
25.06.1993	-99	-99	-99	-99	-99	-99
26.06.1993	-99	-99	-99	-99	-99	-99
27.06.1993	-99	-99	-99	-99	-99	-99
28.06.1993	-99	-99	-99	-99	-99	-99
29.06.1993	-99	-99	-99	-99	-99	-99
30.06.1993	-99	-99	-99	-99	-99	-99
01.07.1993	-99	-99	-99	-99	-99	-99
02.07.1993	-99	-99	-99	-99	-99	-99
03.07.1993	-99	-99	-99	-99	-99	-99
04.07.1993	-99	-99	-99	-99	-99	-99
05.07.1993	-99	-99	-99	-99	-99	-99
06.07.1993	-99	-99	-99	-99	-99	-99
07.07.1993	-99	-99	-99	-99	-99	-99
08.07.1993	-99	-99	-99	-99	-99	-99
09.07.1993	-99	-99	-99	-99	-99	-99
10.07.1993	-99	-99	-99	-99	-99	-99
11.07.1993	-99	-99	-99	-99	-99	-99
12.07.1993	-99	-99	-99	-99	-99	-99
13.07.1993	-99	-99	-99	-99	-99	-99
14.07.1993	-99	-99	-99	-99	-99	-99
15.07.1993	-99	-99	-99	-99	-99	-99
16.07.1993	-99	-99	-99	-99	-99	-99
17.07.1993	-99	-99	-99	-99	-99	-99
18.07.1993	-99	-99	-99	-99	-99	-99
19.07.1993	-99	-99	-99	-99	-99	-99
20.07.1993	-99	-99	-99	-99	-99	-99
21.07.1993	-99	-99	-99	-99	-99	-99
22.07.1993	-99	-99	-99	-99	-99	-99
23.07.1993	-99	-99	-99	-99	-99	-99
24.07.1993	-99	-99	-99	-99	-99	-99
25.07.1993	-99	-99	-99	-99	-99	-99
26.07.1993	-99	-99	-99	-99	-99	-99
27.07.1993	-99	-99	-99	-99	-99	-99
28.07.1993	-99	-99	-99	-99	-99	-99
29.07.1993	-99	-99	-99	-99	-99	-99
30.07.1993	-99	-99	-99	-99	-99	-99
31.07.1993	-99	-99	-99	-99	-99	-99
01.08.1993	-99	-99	-99	-99	-99	-99
02.08.1993	-99	-99	-99	-99	-99	-99
03.08.1993	-99	-99	-99	-99	-99	-99
04.08.1993	-99	-99	-99	-99	-99	-99
05.08.1993	-99	-99	-99	-99	-99	-99
06.08.1993	-99	-99	-99	-99	-99	-99
07.08.1993	-99	-99	-99	-99	-99	-99
08.08.1993	-99	-99	-99	-99	-99	-99
09.08.1993	-99	-99	-99	-99	-99	-99
10.08.1993	-99	-99	-99	-99	-99	-99
11.08.1993	-99	-99	-99	-99	-99	-99
12.08.1993	-99	-99	-99	-99	-99	-99
13.08.1993	-99	-99	-99	-99	-99	-99
14.08.1993	-99	-99	-99	-99	-99	-99
15.08.1993	-99	-99	-99	-99	-99	-99
16.08.1993	-99	-99	-99	-99	-99	-99
17.08.1993	-99	-99	-99	-99	-99	-99
18.08.1993	-99	-99	-99	-99	-99	-99
19.08.1993	-99	-99	-99	-99	-99	-99
20.08.1993	-99	-99	-99	-99	-99	-99
21.08.1993	-99	-99	-99	-99	-99	-99
22.08.1993	-99	-99	-99	-99	-99	-99
23.08.1993	-99	-99	-99	-99	-99	-99
24.08.1993	-99	-99	-99	-99	-99	-99
25.08.1993	-99	-99	-99	-99	-99	-99
26.08.1993	-99	-99	-99	-99	-99	-99
27.08.1993	-99	-99	-99	-99	-99	-99
28.08.1993	-99	-99	-99	-99	-99	-99
29.08.1993	-99	-99	-99	-99	-99	-99
30.08.1993	-99	-99	-99	-99	-99	-99
31.08.1993	-99	-99	-99	-99	-99	-99
01.09.1993	-99	-99	-99	-99	-99	-99
02.09.1993	-99	-99	-99	-99	-99	-99
03.09.1993	-99	-99	-99	-99	-99	-99
04.09.1993	-99	-99	-99	-99	-99	-99
05.09.1993	-99	-99	-99	-99	-99	-99
06.09.1993	-99	-99	-99	-99	-99	-99
07.09.1993	-99	-99	-99	-99	-99	-99
08.09.1993	-99	-99	-99	-99	-99	-99
09.09.1993	-99	-99	-99	-99	-99	-99
10.09.1993	-99	-99	-99	-99	-99	-99
11.09.1993	-99	-99	-99	-99	-99	-99
12.09.1993	-99	-99	-99	-99	-99	-99
13.09.1993	-99	-99	-99	-99	-99	-99
14.09.1993	-99	-99	-99	-99	-99	-99
15.09.1993	-99	-99	-99	-99	-99	-99
16.09.1993	-99	-99	-99	-99	-99	-99
17.09.1993	-99	-99	-99	-99	-99	-99
18.09.1993	-99	-99	-99	-99	-99	-99
19.09.1993	-99	-99	-99	-99	-99	-99
20.09.1993	-99	-99	-99	-99	-99	-99
21.09.1993	-99	-99	-99	-99	-99	-99
22.09.1993	-99	-99	-99	-99	-99	-99
23.09.1993	-99	-99	-99	-99	-99	-99
24.09.1993	-99	-99	-99	-99	-99	-99
25.09.1993	-99	-99	-99	-99	-99	-99
26.09.1993	-99	-99	-99	-99	-99	-99
27.09.1993	-99	-99	-99	-99	-99	-99
28.09.1993	-99	-99	-99	-99	-99	-99
29.09.1993	-99	-99	-99	-99	-99	-99
30.09.1993	-99	-99	-99	-99	-99	-99
01.10.1993	-99	-99	-99	-99	-99	-99
02.10.1993	-99	-99	-99	-99	-99	-99
03.10.1993	-99	-99	-99	-99	-99	-99
04.10.1993	-99	-99	-99	-99	-99	-99
05.10.1993	-99	-99	-99	-99	-99	-99
06.10.1993	-99	-99	-99	-99	-99	-99
07.10.1993	-99	-99	-99	-99	-99	-99
08.10.1993	-99	-99	-99	-99	-99	-99
09.10.1993	-99	-99	-99	-99	-99	-99
10.10.1993	-99	-99	-99	-99	-99	-99
11.10.1993	-99	-99	-99	-99	-99	-99
12.10.1993	-99	-99	-99	-99	-99	-99
13.10.1993	-99	-99	-99	-99	-99	-99
14.10.1993	-99	-99	-99	-99	-99	-99
15.10.1993	-99	-99	-99	-99	-99	-99
16.10.1993	-99	-99	-99	-99	-99	-99
17.10.1993	-99	-99	-99	-99	-99	-99
18.10.1993	-99	-99	-99	-99	-99	-99
19.10.1993	-99	-99	-99	-99	-99	-99
20.10.1993	-99	-99	-99	-99	-99	-99
21.10.1993	-99	-99	-99	-99	-99	-99
22.10.1993	-99	-99	-99	-99	-99	-99
23.10.1993	-99	-99	-99	-99	-99	-99
24.10.1993	-99	-99	-99	-99	-99	-99
25.10.1993	-99	-99	-99	-99	-99	-99
26.10.1993	-99	-99	-99	-99	-99	-99
27.10.1993	-99	-99	-99	-99	-99	-99
28.10.1993	-99	-99	-99	-99	-99	-99
29.10.1993	-99	-99	-99	-99	-99	-99
30.10.1993	-99	-99	-99	-99	-99	-99
31.10.1993	-99	-99	-99	-99	-99	-99
01.11.1993	-99	-99	-99	-99	-99	-99
02.11.1993	-99	-99	-99	-99	-99	-99
03.11.1993	-99	-99	-99	-99	-99	-99
04.11.1993	-99	-99	-99	-99	-99	-99
05.11.1993	-99	-99	-99	-99	-99	-99
06.11.1993	-99	-99	-99	-99	-99	-99
07.11.1993	-99	-99	-99	-99	-99	-99
08.11.1993	-99	-99	-99	-99	-99	-99
09.11.1993	-99	-99	-99	-99	-99	-99
10.11.1993	-99	-99	-99	-99	-99	-99
11.11.1993	-99	-99	-99	-99	-99	-99
12.11.1993	-99	-99	-99	-99	-99	-99
13.11.1993	-99	-99	-99	-99	-99	-99
14.11.1993	-99	-99	-99	-99	-99	-99
15.11.1993	-99	-99	-99	-99	-99	-99
16.11.1993	-99	-99	-99	-99	-99	-99
17.11.1993	-99	-99	-99	-99	-99	-99
18.11.1993	-99	-99	-99	-99	-99	-99
19.11.1993	-99	-99	-99	-99	-99	-99
20.11.1993	-99	-99	-99	-99	-99	-99
21.11.1993	-99	-99	-99	-99	-99	-99
22.11.1993	-99	-99	-99	-99	-99	-99
23.11.1993	-99	-99	-99	-99	-99	-99
24.11.1993	-99	-99	-99	-99	-99	-99
25.11.1993	-99	-99	-99	-99	-99	-99
26.11.1993	-99	-99	-99	-99	-99	-99
27.11.1993	-99	-99	-99	-99	-99	-99
28.11.1993	-99	-99	-99	-99	-99	-99
29.11.1993	-99	-99	-99	-99	-99	-99
30.11.1993	-99	-99	-99	-99	-99	-99
01.12.1993	-99	-99	-99	-99	-99	-99
02.12.1993	-99	-99	-99	-99	-99	-99
03.12.1993	-99	-99	-99	-99	-99	-99
04.12.1993	-99	-99	-99	-99	-99	-99
05.12.1993	-99	-99	-99	-99	-99	-99
06.12.1993	-99	-99	-99	-99	-99	-99
07.12.1993	-99	-99	-99	-99	-99	-99
08.12.1993	-99	-99	-99	-99	-99	-99
09.12.1993	-99	-99	-99	-99	-99	-99
10.12.1993	-99	-99	-99	-99	-99	-99
11.12.1993	-99	-99	-99	-99	-99	-99
12.12.1993	-99	-99	-99	-99	-99	-99
13.12.1993	-99	-99	-99	-99	-99	-99
14.12.1993	-99	-99	-99	-99	-99	-99
15.12.1993	-99	-99	-99	-99	-99	-99
16.12.1993	-99	-99	-99	-99	-99	-99
17.12.1993	-99	-99	-99	-99	-99	-99
18.12.1993	-99	-99	-99	-99	-99	-99
19.12.1993	-99	-99	-99	-99	-99	-99
20.12.1993	-99	-99	-99	-99	-99	-99
21.12.1993	-99	-99	-99	-99	-99	-99
22.12.1993	-99	-99	-99	-99	-99	-99
23.12.1993	-99	-99	-99	-99	-99	-99
24.12.1993	-99	-99	-99	-99	-99	-99
25.12.1993	-99	-99	-99	-99	-99	-99
26.12.1993	-99	-99	-99	-99	-99	-99
27.12.1993	-99	-99	-99	-99	-99	-99
28.12.1993	-99	-99	-99	-99	-99	-99
29.12.1993	-99	-99	-99	-99	-99	-99
30.12.1993	-99	-99	-99	-99	-99	-99
31.12.1993	-99	-99	-99	-99	-99	-99
01.01.1994	-99	-99	-99	-99	-99	-99
02.01.1994	-99	-99	-99	-99	-99	-99
03.01.1994	-99	-99	-99	-99	-99	-99
04.01.1994	-99	-99	-99	-99	-99	-99
05.01.1994	-99	-99	-99	-99	-99	-99
06.01.1994	-99	-99	-99	-99	-99	-99
07.01.1994	-99	-99	-99	-99	-99	-99
08.01.1994	-99	-99	-99	-99	-99	-99
09.01.1994	-99	-99	-99	-99	-99	-99
10.01.1994	-99	-99	-99	-99	-99	-99
11.01.1994	-99	-99	-99	-99	-99	-99
12.01.1994	-99	-99	-99	-99	-99	-99
13.01.1994	-99	-99	-99	-99	-99	-99
14.01.1994	-99	-99	-99	-99	-99	-99
15.01.1994	-99	-99	-99	-99	-99	-99
16.01.1994	-99	-99	-99	-99	-99	-99
17.01.1994	-99	-99	-99	-99	-99	-99
18.01.1994	-99	-99	-99	-99	-99	-99
19.01.1994	-99	-99	-99	-99	-99	-99
20.01.1994	-99	-99	-99	-99	-99	-99
21.01.1994	-99	-99	-99	-99	-99	-99
22.01.1994	-99	-99	-99	-99	-99	-99
23.01.1994	-99	-99	-99	-99	-99	-99
24.01.1994	-99	-99	-99	-99	-99	-99
25.01.1994	-99	-99	-99	-99	-99	-99
26.01.1994	-99	-99	-99	-99	-99	-99
27.01.1994	-99	-99	-99	-99	-99	-99
28.01.1994	-99	-99	-99	-99	-99	-99
29.01.1994	-99	-99	-99	-99	-99	-99
30.01.1994	-99	-99	-99	-99	-99	-99
31.01.1994	-99	-99	-99	-99	-99	-99
01.02.1994	-99	-99	-99	-99	-99	-99
02.02.1994	-99	-99	-99	-99	-99	-99
03.02.1994	-99	-99	-99	-99	-99	-99
04.02.1994	-99	-99	-99	-99	-99	-99
05.02.1994	-99	-99	-99	-99	-99	-99
06.02.1994	-99	-99	-99	-99	-99	-99
07.02.1994	-99	-99	-99	-99	-99	-99
08.02.1994	-99	-99	-99	-99	-99	-99
09.02.1994	-99	-99	-99	-99	-99	-99
10.02.1994	-99	-99	-99	-99	-99	-99
11.02.1994	-99	-99	-99	-99	-99	-99
12.02.1994	-99	-99	-99	-99	-99	-99
13.02.1994	-99	-99	-99	-99	-99	-99
14.02.1994	-99	-99	-99	-99	-99	-99
15.02.1994	-99	-99	-99	-99	-99	-99
16.02.1994	-99	-99	-99	-99	-99	-99
17.02.1994	-99	-99	-99	-99	-99	-99
18.02.1994	-99	-99	-99	-99	-99	-99
19.02.1994	-99	-99	-99	-99	-99	-99
20.02.1994	-99	-99	-99	-99	-99	-99
21.02.1994	-99	-99	-99	-99	-99	-99
22.02.1994	-99	-99	-99	-99	-99	-99
23.02.1994	-99	-99	-99	-99	-99	-99
24.02.1994	-99	-99	-99	-99	-99	-99
25.02.1994	-99	-99	-99	-99	-99	-99
26.02.1994	-99	-99	-99	-99	-99	-99
27.02.1994	-99	-99	-99	-99	-99	-99
28.02.1994	-99	-99	-99	-99	-99	-99
01.03.1994	-99	-99	-99	-99	-99	-99
02.03.1994	-99	-99	-99	-99	-99	-99
03.03.1994	-99	-99	-99	-99	-99	-99
04.03.1994	-99	-99	-99	-99	-99	-99
05.03.1994	-99	-99	-99	-99	-99	-99
06.03.1994	-99	-99	-99	-99	-99	-99
07.03.1994	-99	-99	-99	-99	-99	-99
08.03.1994	-99	-99	-99	-99	-99	-99
09.03.1994	-99	-99	-99	-99	-99	-99
10.03.1994	-99	-99	-99	-99	-99	-99
11.03.1994	-99	-99	-99	-99	-99	-99
12.03.1994	-99	-99	-99	-99	-99	-99
13.03.1994	-99	-99	-99	-99	-99	-99
14.03.1994	-99	-99	-99	-99	-99	-99
15.03.1994	-99	-99	-99	-99	-99	-99
16.03.1994	-99	-99	-99	-99	-99	-99
17.03.1994	-99	-99	-99	-99	-99	-99
18.03.1994	-99	-99	-99	-99	-99	-99
19.03.1994	-99	-99	-99	-99	-99	-99
20.03.1994	-99	-99	-99	-99	-99	-99
21.03.1994	-99	-99	-99	-99	-99	-99
22.03.1994	-99	-99	-99	-99	-99	-99
23.03.1994	-99	-99	-99	-99	-99	-99
24.03.1994	-99	-99	-99	-99	-99	-99
25.03.1994	-99	-99	-99	-99	-99	-99
26.03.1994	-99	-99	-99	-99	-99	-99
27.03.1994	-99	-99	-99	-99	-99	-99
28.03.1994	-99	-99	-99	-99	-99	-99
29.03.1994	-99	-99	-99	-99	-99	-99
30.03.1994	-99	-99	-99	-99	-99	-99
31.03.1994	-99	-99	-99	-99	-99	-99
01.04.1994	-99	-99	-99	-99	-99	-99
02.04.1994	-99	-99	-99	-99	-99	-99
03.04.1994	-99	-99	-99	-99	-99	-99
04.04.1994	-99	-99	-99	-99	-99	-99
05.04.1994	-99	-99	-99	-99	-99	-99
06.04.1994	-99	-99	-99	-99	-99	-99
07.04.1994	-99	-99	-99	-99	-99	-99
08.04.1994	-99	-99	-99	-99	-99	-99
09.04.1994	-99	-99	-99	-99	-99	-99
10.04.1994	-99	-99	-99	-99	-99	-99
11.04.1994	-99	-99	-99	-99	-99	-99
12.04.1994	-99	-99	-99	-99	-99	-99
13.04.1994	-99	-99	-99	-99	-99	-99
14.04.1994	-99	-99	-99	-99	-99	-99
15.04.1994	-99	-99	-99	-99	-99	-99
16.04.1994	-99	-99	-99	-99	-99	-99
17.04.1994	-99	-99	-99	-99	-99	-99
18.04.1994	-99	-99	-99	-99	-99	-99
19.04.1994	-99	-99	-99	-99	-99	-99
20.04.1994	-99	-99	-99	-99	-99	-99
21.04.1994	-99	-99	-99	-99	-99	-99
22.04.1994	-99	-99	-99	-99	-99	-99
23.04.1994	-99	-99	-99	-99	-99	-99
24.04.1994	-99	-99	-99	-99	-99	-99
25.04.1994	-99	-99	-99	-99	-99	-99
26.04.1994	-99	-99	-99	-99	-99	-99
27.04.1994	-99	-99	-99	-99	-99	-99
28.04.1994	-99	-99	-99	-99	-99	-99
29.04.1994	-99	-99	-99	-99	-99	-99
30.04.1994	-99	-99	-99	-99	-99	-99
01.05.1994	-99	-99	-99	-99	-99	-99
02.05.1994	-99	-99	-99	-99	-99	-99
03.05.1994	-99	-99	-99	-99	-99	-99
04.05.1994	-99	-99	-99	-99	-99	-99
05.05.1994	-99	-99	-99	-99	-99	-99
06.05.1994	-99	-99	-99	-99	-99	-99
07.05.1994	-99	-99	-99	-99	-99	-99
08.05.1994	-99	-99	-99	-99	-99	-99
09.05.1994	-99	-99	-99	-99	-99	-99
10.05.1994	-99	-99	-99	-99	-99	-99
11.05.1994	-99	-99	-99	-99	-99	-99
12.05.1994	-99	-99	-99	-99	-99	-99
13.05.1994	-99	-99	-99	-99	-99	-99
14.05.1994	-99	-99	-99	-99	-99	-99
15.05.1994	-99	-99	-99	-99	-99	-99
16.05.1994	-99	-99	-99	-99	-99	-99
17.05.1994	-99	-99	-99	-99	-99	-99
18.05.1994	-99	-99	-99	-99	-99	-99
19.05.1994	-99	-99	-99	-99	-99	-99
20.05.1994	-99	-99	-99	-99	-99	-99
21.05.1994	-99	-99	-99	-99	-99	-99
22.05.1994	-99	-99	-99	-99	-99	-99
23.05.1994	-99	-99	-99	-99	-99	-99
24.05.1994	-99	-99	-99	-99	-99	-99
25.05.1994	-99	-99	-99	-99	-99	-99
26.05.1994	-99	-99	-99	-99	-99	-99
27.05.1994	-99	-99	-99	-99	-99	-99
28.05.1994	-99	-99	-99	-99	-99	-99
29.05.1994	-99	-99	-99	-99	-99	-99
30.05.1994	-99	-99	-99	-99	-99	-99
31.05.1994	-99	-99	-99	-99	-99	-99
01.06.1994	-99	-99	-99	-99	-99	-99
02.06.1994	-99	-99	-99	-99	-99	-99
03.06.1994	-99	-99	-99	-99	-99	-99
04.06.1994	-99	-99	-99	-99	-99	-99
05.06.1994	-99	-99	-99	-99	-99	-99
06.06.1994	-99	-99	-99	-99	-99	-99
07.06.1994	-99	-99	-99	-99	-99	-99
08.06.1994	-99	-99	-99	-99	-99	-99
09.06.1994	-99	-99	-99	-99	-99	-99
10.06.1994	-99	-99	-99	-99	-99	-99
11.06.1994	-99	-99	-99	-99	-99	-99
12.06.1994	-99	-99	-99	-99	-99	-99
13.06.1994	-99	-99	-99	-99	-99	-99
14.06.1994	-99	-99	-99	-99	-99	-99
15.06.1994	-99	-99	-99	-99	-99	-99
16.06.1994	-99	-99	-99	-99	-99	-99
17.06.1994	-99	-99	-99	-99	-99	-99
18.06.1994	-99	-99	-99	-99	-99	-99
19.06.1994	-99	-99	-99	-99	-99	-99
20.06.1994	-99	-99	-99	-99	-99	-99
21.06.1994	-99	-99	-99	-99	-99	-99
22.06.1994	-99	-99	-99	-99	-99	-99
23.06.1994	-99	-99	-99	-99	-99	-99
24.06.1994	-99	-99	-99	-99	-99	-99
25.06.1994	-99	-99	-99	-99	-99	-99
26.06.1994	-99	-99	-99	-99	-99	-99
27.06.1994	-99	-99	-99	-99	-99	-99
28.06.1994	-99	-99	-99	-99	-99	-99
29.06.1994	-99	-99	-99	-99	-99	-99
30.06.1994	-99	-99	-99	-99	-99	-99
01.07.1994	-99	-99	-99	-99	-99	-99
02.07.1994	-99	-99	-99	-99	-99	-99
03.07.1994	-99	-99	-99	-99	-99	-99
04.07.1994	-99	-99	-99	-99	-99	-99
05.07.1994	-99	-99	-99	-99	-99	-99
06.07.1994	-99	-99	-99	-99	-99	-99
07.07.1994	-99	-99	-99	-99	-99	-99
08.07.1994	-99	-99	-99	-99	-99	-99
09.07.1994	-99	-99	-99	-99	-99	-99
10.07.1994	-99	-99	-99	-99	-99	-99
11.07.1994	-99	-99	-99	-99	-99	-99
12.07.1994	-99	-99	-99	-99	-99	-99
13.07.1994	-99	-99	-99	-99	-99	-99
14.07.1994	-99	-99	-99	-99	-99	-99
15.07.1994	-99	-99	-99	-99	-99	-99
16.07.1994	-99	-99	-99	-99	-99	-99
17.07.1994	-99	-99	-99	-99	-99	-99
18.07.1994	-99	-99	-99	-99	-99	-99
19.07.1994	-99	-99	-99	-99	-99	-99
20.07.1994	-99	-99	-99	-99	-99	-99
21.07.1994	-99	-99	-99	-99	-99	-99
22.07.1994	-99	-99	-99	-99	-99	-99
23.07.1994	-99	-99	-99	-99	-99	-99
24.07.1994	-99	-99	-99	-99	-99	-99
25.07.1994	-99	-99	-99	-99	-99	-99
26.07.1994	-99	-99	-99	-99	-99	-99
27.07.1994	-99	-99	-99	-99	-99	-99
28.07.1994	-99	-99	-99	-99	-99	-99
29.07.1994	-99	-99	-99	-99	-99	-99
30.07.1994	-99	-99	-99	-99	-99	-99
31.07.1994	-99	-99	-99	-99	-99	-99
01.08.1994	-99	-99	-99	-99	-99	-99
02.08.1994	-99	-99	-99	-99	-99	-99
03.08.1994	-99	-99	-99	-99	-99	-99
04.08.1994	-99	-99	-99	-99	-99	-99
05.08.1994	-99	-99	-99	-99	-99	-99
06.08.1994	-99	-99	-99	-99	-99	-99
07.08.1994	-99	-99	-99	-99	-99	-99
08.08.1994	-99	-99	-99	-99	-99	-99
09.08.1994	-99	-99	-99	-99	-99	-99
10.08.1994	-99	-99	-99	-99	-99	-99
11.08.1994	-99	-99	-99	-99	-99	-99
12.08.1994	-99	-99	-99	-99	-99	-99
13.08.1994	-99	-99	-99	-99	-99	-99
14.08.1994	-99	-99	-99	-99	-99	-99
15.08.1994	-99	-99	-99	-99	-99	-99
16.08.1994	-99	-99	-99	-99	-99	-99
17.08.1994	-99	-99	-99	-99	-99	-99
18.08.1994	-99	-99	-99	-99	-99	-99
19.08.1994	-99	-99	-99	-99	-99	-99
20.08.1994	-99	-99	-99	-99	-99	-99
21.08.1994	-99	-99	-99	-99	-99	-99
22.08.1994	-99	-99	-99	-99	-99	-99
23.08.1994	-99	-99	-99	-99	-99	-99
24.08.1994	-99	-99	-99	-99	-99	-99
25.08.1994	-99	-99	-99	-99	-99	-99
26.08.1994	-99	-99	-99	-99	-99	-99
27.08.1994	-99	-99	-99	-99	-99	-99
28.08.1994	-99	-99	-99	-99	-99	-99
29.08.1994	-99	-99	-99	-99	-99	-99
30.08.1994	-99	-99	-99	-99	-99	-99
31.08.1994	-99	-99	-99	-99	-99	-99
01.09.1994	-99	-99	-99	-99	-99	-99
02.09.1994	-99	-99	-99	-99	-99	-99
03.09.1994	-99	-99	-99	-99	-99	-99
04.09.1994	-99	-99	-99	-99	-99	-99
05.09.1994	-99	-99	-99	-99	-99	-99
06.09.1994	-99	-99	-99	-99	-99	-99
07.09.1994	-99	-99	-99	-99	-99	-99
08.09.1994	-99	-99	-99	-99	-99	-99
09.09.1994	-99	-99	-99	-99	-99	-99
10.09.1994	-99	-99	-99	-99	-99	-99
11.09.1994	-99	-99	-99	-99	-99	-99
12.09.1994	-99	-99	-99	-99	-99	-99
13.09.1994	-99	-99	-99	-99	-99	-99
14.09.1994	-99	-99	-99	-99	-99	-99
15.09.1994	-99	-99	-99	-99	-99	-99
16.09.1994	-99	-99	-99	-99	-99	-99
17.09.1994	-99	-99	-99	-99	-99	-99
18.09.1994	-99	-99	-99	-99	-99	-99
19.09.1994	-99	-99	-99	-99	-99	-99
20.09.1994	-99	-99	-99	-99	-99	-99
21.09.1994	-99	-99	-99	-99	-99	-99
22.09.1994	-99	-99	-99	-99	-99	-99
23.09.1994	-99	-99	-99	-99	-99	-99
24.09.1994	-99	-99	-99	-99	-99	-99
25.09.1994	-99	-99	-99	-99	-99	-99
26.09.1994	-99	-99	-99	-99	-99	-99
27.09.1994	-99	-99	-99	-99	-99	-99
28.09.1994	-99	-99	-99	-99	-99	-99
29.09.1994	-99	-99	-99	-99	-99	-99
30.09.1994	-99	-99	-99	-99	-99	-99
01.10.1994	-99	-99	-99	-99	-99	-99
02.10.1994	-99	-99	-99	-99	-99	-99
03.10.1994	-99	-99	-99	-99	-99	-99
04.10.1994	-99	-99	-99	-99	-99	-99
05.10.1994	-99	-99	-99	-99	-99	-99
06.10.1994	-99	-99	-99	-99	-99	-99
07.10.1994	-99	-99	-99	-99	-99	-99
08.10.1994	-99	-99	-99	-99	-99	-99
09.10.1994	-99	-99	-99	-99	-99	-99
10.10.1994	-99	-99	-99	-99	-99	-99
11.10.1994	-99	-99	-99	-99	-99	-99
12.10.1994	-99	-99	-99	-99	-99	-99
13.10.1994	-99	-99	-99	-99	-99	-99
14.10.1994	-99	-99	-99	-99	-99	-99
15.10.1994	-99	-99	-99	-99	-99	-99
16.10.1994	-99	-99	-99	-99	-99	-99
17.10.1994	-99	-99	-99	-99	-99	-99
18.10.1994	-99	-99	-99	-99	-99	-99
19.10.1994	-99	-99	-99	-99	-99	-99
20.10.1994	-99	-99	-99	-99	-99	-99
21.10.1994	-99	-99	-99	-99	-99	-99
22.10.1994	-99	-99	-99	-99	-99	-99
23.10.1994	-99	-99	-99	-99	-99	-99
24.10.1994	-99	-99	-99	-99	-99	-99
25.10.1994	-99	-99	-99	-99	-99	-99
26.10.1994	-99	-99	-99	-99	-99	-99
27.10.1994	-99	-99	-99	-99	-99	-99
28.10.1994	-99	-99	-99	-99	-99	-99
29.10.1994	-99	-99	-99	-99	-99	-99
30.10.1994	-99	-99	-99	-99	-99	-99
31.10.1994	-99	-99	-99	-99	-99	-99
01.11.1994	-99	-99	-99	-99	-99	-99
02.11.1994	-99	-99	-99	-99	-99	-99
03.11.1994	-99	-99	-99	-99	-99	-99
04.11.1994	-99	-99	-99	-99	-99	-99
05.11.1994	-99	-99	-99	-99	-99	-99
06.11.1994	-99	-99	-99	-99	-99	-99
07.11.1994	-99	-99	-99	-99	-99	-99
08.11.1994	-99	-99	-99	-99	-99	-99
09.11.1994	-99	-99	-99	-99	-99	-99
10.11.1994	-99	-99	-99	-99	-99	-99
11.11.1994	-99	-99	-99	-99	-99	-99
12.11.1994	-99	-99	-99	-99	-99	-99
13.11.1994	-99	-99	-99	-99	-99	-99
14.11.1994	-99	-99	-99	-99	-99	-99
15.11.1994	-99	-99	-99	-99	-99	-99
16.11.1994	-99	-99	-99	-99	-99	-99
17.11.1994	-99	-99	-99	-99	-99	-99
18.11.1994	-99	-99	-99	-99	-99	-99
19.11.1994	-99	-99	-99	-99	-99	-99
20.11.1994	-99	-99	-99	-99	-99	-99
21.11.1994	-99	-99	-99	-99	-99	-99
22.11.1994	-99	-99	-99	-99	-99	-99
23.11.1994	-99	-99	-99	-99	-99	-99
24.11.1994	-99	-99	-99	-99	-99	-99
25.11.1994	-99	-99	-99	-99	-99	-99
26.11.1994	-99	-99	-99	-99	-99	-99
27.11.1994	-99	-99	-99	-99	-99	-99
28.11.1994	-99	-99	-99	-99	-99	-99
29.11.1994	-99	-99	-99	-99	-99	-99
30.11.1994	-99	-99	-99	-99	-99	-99
01.12.1994	-99	-99	-99	-99	-99	-99
02.12.1994	-99	-99	-99	-99	-99	-99
03.12.1994	-99	-99	-99	-99	-99	-99
04.12.1994	-99	-99	-99	-99	-99	-99
05.12.1994	-99	-99	-99	-99	-99	-99
06.12.1994	-99	-99	-99	-99	-99	-99
07.12.1994	-99	-99	-99	-99	-99	-99
08.12.1994	-99	-99	-99	-99	-99	-99
09.12.1994	-99	-99	-99	-99	-99	-99
10.12.1994	-99	-99	-99	-99	-99	-99
11.12.1994	-99	-99	-99	-99	-99	-99
12.12.1994	-99	-99	-99	-99	-99	-99
13.12.1994	-99	-99	-99	-99	-99	-99
14.12.1994	-99	-99	-99	-99	-99	-99
15.12.1994	-99	-99	-99	-99	-99	-99
16.12.1994	-99	-99	-99	-99	-99	-99
17.12.1994	-99	-99	-99	-99	-99	-99
18.12.1994	-99	-99	-99	-99	-99	-99
19.12.1994	-99	-99	-99	-99	-99	-99
20.12.1994	-99	-99	-99	-99	-99	-99
21.12.1994	-99	-99	-99	-99	-99	-99
22.12.1994	-99	-99	-99	-99	-99	-99
23.12.1994	-99	-99	-99	-99	-99	-99
24.12.1994	-99	-99	-99	-99	-99	-99
25.12.1994	-99	-99	-99	-99	-99	-99
26.12.1994	-99	-99	-99	-99	-99	-99
27.12.1994	-99	-99	-99	-99	-99	-99
28.12.1994	-99	-99	-99	-99	-99	-99
29.12.1994	-99	-99	-99	-99	-99	-99
30.12.1994	-99	-99	-99	-99	-99	-99
31.12.1994	-99	-99	-99	-99	-99	-99
01.01.1995	-99	-99	-99	-99	-99	-99
02.01.1995	-99	-99	-99	-99	-99	-99
03.01.1995	-99	-99	-99	-99	-99	-99
04.01.1995	-99	-99	-99	-99	-99	-99
05.01.1995	-99	-99	-99	-99	-99	-99
06.01.1995	-99	-99	-99	-99	-99	-99
07.01.1995	-99	-99	-99	-99	-99	-99
08.01.1995	-99	-99	-99	-99	-99	-99
09.01.1995	-99	-99	-99	-99	-99	-99
10.01.1995	-99	-99	-99	-99	-99	-99
11.01.1995	-99	-99	-99	-99	-99	-99
12.01.1995	-99	-99	-99	-99	-99	-99
13.01.1995	-99	-99	-99	-99	-99	-99
14.01.1995	-99	-99	-99	-99	-99	-99
15.01.1995	-99	-99	-99	-99	-99	-99
16.01.1995	-99	-99	-99	-99	-99	-99
17.01.1995	-99	-99	-99	-99	-99	-99
18.01.1995	-99	-99	-99	-99	-99	-99
19.01.1995	-99	-99	-99	-99	-99	-99
20.01.1995	-99	-99	-99	-99	-99	-99
21.01.1995	-99	-99	-99	-99	-99	-99
22.01.1995	-99	-99	-99	-99	-99	-99
23.01.1995	-99	-99	-99	-99	-99	-99
24.01.1995	-99	-99	-99	-99	-99	-99
25.01.1995	-99	-99	-99	-99	-99	-99
26.01.1995	-99	-99	-99	-99	-99	-99
27.01.1995	-99	-99	-99	-99	-99	-99
28.01.1995	-99	-99	-99	-99	-99	-99
29.01.1995	-99	-99	-99	-99	-99	-99
30.01.1995	-99	-99	-99	-99	-99	-99
31.01.1995	-99	-99	-99	-99	-99	-99
01.02.1995	-99	-99	-99	-99	-99	-99
02.02.1995	-99	-99	-99	-99	-99	-99
03.02.1995	-99	-99	-99	-99	-99	-99
04.02.1995	-99	-99	-99	-99	-99	-99
05.02.1995	-99	-99	-99	-99	-99	-99
06.02.1995	-99	-99	-99	-99	-99	-99
07.02.1995	-99	-99	-99	-99	-99	-99
08.02.1995	-99	-99	-99	-99	-99	-99
09.02.1995	-99	-99	-99	-99	-99	-99
10.02.1995	-99	-99	-99	-99	-99	-99
11.02.1995	-99	-99	-99	-99	-99	-99
12.02.1995	-99	-99	-99	-99	-99	-99
13.02.1995	-99	-99	-99	-99	-99	-99
14.02.1995	-99	-99	-99	-99	-99	-99
15.02.1995	-99	-99	-99	-99	-99	-99
16.02.1995	-99	-99	-99	-99	-99	-99
17.02.1995	-99	-99	-99	-99	-99	-99
18.02.1995	-99	-99	-99	-99	-99	-99
19.02.1995	-99	-99	-99	-99	-99	-99
20.02.1995	-99	-99	-99	-99	-99	-99
21.02.1995	-99	-99	-99	-99	-99	-99
22.02.1995	-99	-99	-99	-99	-99	-99
23.02.1995	-99	-99	-99	-99	-99	-99
24.02.1995	-99	-99	-99	-99	-99	-99
25.02.1995	-99	-99	-99	-99	-99	-99
26.02.1995	-99	-99	-99	-99	-99	-99
27.02.1995	-99	-99	-99	-99	-99	-99
28.02.1995	-99	-99	-99	-99	-99	-99
01.03.1995	-99	-99	-99	-99	-99	-99
02.03.1995	-99	-99	-99	-99	-99	-99
03.03.1995	-99	-99	-99	-99	-99	-99
04.03.1995	-99	-99	-99	-99	-99	-99
05.03.1995	-99	-99	-99	-99	-99	-99
06.03.1995	-99	-99	-99	-99	-99	-99
07.03.1995	-99	-99	-99	-99	-99	-99
08.03.1995	-99	-99	-99	-99	-99	-99
09.03.1995	-99	-99	-99	-99	-99	-99
10.03.1995	-99	-99	-99	-99	-99	-99
11.03.1995	-99	-99	-99	-99	-99	-99
12.03.1995	-99	-99	-99	-99	-99	-99
13.03.1995	-99	-99	-99	-99	-99	-99
14.03.1995	-99	-99	-99	-99	-99	-99
15.03.1995	-99	-99	-99	-99	-99	-99
16.03.1995	-99	-99	-99	-99	-99	-99
17.03.1995	-99	-99	-99	-99	-99	-99
18.03.1995	-99	-99	-99	-99	-99	-99
19.03.1995	-99	-99	-99	-99	-99	-99
20.03.1995	-99	-99	-99	-99	-99	-99
21.03.1995	-99	-99	-99	-99	-99	-99
22.03.1995	-99	-99	-99	-99	-99	-99
23.03.1995	-99	-99	-99	-99	-99	-99
24.03.1995	-99	-99	-99	-99	-99	-99
25.03.1995	-99	-99	-99	-99	-99	-99
26.03.1995	-99	-99	-99	-99	-99	-99
27.03.1995	-99	-99	-99	-99	-99	-99
28.03.1995	-99	-99	-99	-99	-99	-99
29.03.1995	-99	-99	-99	-99	-99	-99
30.03.1995	-99	-99	-99	-99	-99	-99
31.03.1995	-99	-99	-99	-99	-99	-99
01.04.1995	-99	-99	-99	-99	-99	-99
02.04.1995	-99	-99	-99	-99	-99	-99
03.04.1995	-99	-99	-99	-99	-99	-99
04.04.1995	-99	-99	-99	-99	-99	-99
05.04.1995	-99	-99	-99	-99	-99	-99
06.04.1995	-99	-99	-99	-99	-99	-99
07.04.1995	-99	-99	-99	-99	-99	-99
08.04.1995	-99	-99	-99	-99	-99	-99
09.04.1995	-99	-99	-99	-99	-99	-99
10.04.1995	-99	-99	-99	-99	-99	-99
11.04.1995	-99	-99	-99	-99	-99	-99
12.04.1995	-99	-99	-99	-99	-99	-99
13.04.1995	-99	-99	-99	-99	-99	-99
14.04.1995	-99	-99	-99	-99	-99	-99
15.04.1995	-99	-99	-99	-99	-99	-99
16.04.1995	-99	-99	-99	-99	-99	-99
17.04.1995	-99	-99	-99	-99	-99	-99
18.04.1995	-99	-99	-99	-99	-99	-99
19.04.1995	-99	-99	-99	-99	-99	-99
20.04.1995	-99	-99	-99	-99	-99	-99
21.04.1995	-99	-99	-99	-99	-99	-99
22.04.1995	-99	-99	-99	-99	-99	-99
23.04.1995	-99	-99	-99	-99	-99	-99
24.04.1995	-99	-99	-99	-99	-99	-99
25.04.1995	-99	-99	-99	-99	-99	-99
26.04.1995	-99	-99	-99	-99	-99	-99
27.04.1995	-99	-99	-99	-99	-99	-99
28.04.1995	-99	-99	-99	-99	-99	-99
29.04.1995	-99	-99	-99	-99	-99	-99
30.04.1995	-99	-99	-99	-99	-99	-99
01.05.1995	-99	-99	-99	-99	-99	-99
02.05.1995	-99	-99	-99	-99	-99	-99
03.05.1995	-99	-99	-99	-99	-99	-99
04.05.1995	-99	-99	-99	-99	-99	-99
05.05.1995	-99	-99	-99	-99	-99	-99
06.05.1995	-99	-99	-99	-99	-99	-99
07.05.1995	-99	-99	-99	-99	-99	-99
08.05.1995	-99	-99	-99	-99	-99	-99
09.05.1995	-99	-99	-99	-99	-99	-99
10.05.1995	-99	-99	-99	-99	-99	-99
11.05.1995	-99	-99	-99	-99	-99	-99
12.05.1995	-99	-99	-99	-99	-99	-99
13.05.1995	-99	-99	-99	-99	-99	-99
14.05.1995	-99	-99	-99	-99	-99	-99
15.05.1995	-99	-99	-99	-99	-99	-99
16.05.1995	-99	-99	-99	-99	-99	-99
17.05.1995	-99	-99	-99	-99	-99	-99
18.05.1995	-99	-99	-99	-99	-99	-99
19.05.1995	-99	-99	-99	-99	-99	-99
20.05.1995	-99	-99	-99	-99	-99	-99
21.05.1995	-99	-99	-99	-99	-99	-99
22.05.1995	-99	-99	-99	-99	-99	-99
23.05.1995	-99	-99	-99	-99	-99	-99
24.05.1995	-99	-99	-99	-99	-99	-99
25.05.1995	-99	-99	-99	-99	-99	-99
26.05.1995	-99	-99	-99	-99	-99	-99
27.05.1995	-99	-99	-99	-99	-99	-99
28.05.1995	-99	-99	-99	-99	-99	-99
29.05.1995	-99	-99	-99	-99	-99	-99
30.05.1995	-99	-99	-99	-99	-99	-99
31.05.1995	-99	-99	-99	-99	-99	-99
01.06.1995	-99	-99	-99	-99	-99	-99
02.06.1995	-99	-99	-99	-99	-99	-99
03.06.1995	-99	-99	-99	-99	-99	-99
04.06.1995	-99	-99	-99	-99	-99	-99
05.06.1995	-99	-99	-99	-99	-99	-99
06.06.1995	-99	-99	-99	-99	-99	-99
07.06.1995	-99	-99	-99	-99	-99	-99
08.06.1995	-99	-99	-99	-99	-99	-99
09.06.1995	-99	-99	-99	-99	-99	-99
10.06.1995	-99	-99	-99	-99	-99	-99
11.06.1995	-99	-99	-99	-99	-99	-99
12.06.1995	-99	-99	-99	-99	-99	-99
13.06.1995	-99	-99	-99	-99	-99	-99
14.06.1995	-99	-99	-99	-99	-99	-99
15.06.1995	-99	-99	-99	-99	-99	-99
16.06.1995	-99	-99	-99	-99	-99	-99
17.06.1995	-99	-99	-99	-99	-99	-99
18.06.1995	-99	-99	-99	-99	-99	-99
19.06.1995	-99	-99	-99	-99	-99	-99
20.06.1995	-99	-99	-99	-99	-99	-99
21.06.1995	-99	-99	-99	-99	-99	-99
22.06.1995	-99	-99	-99	-99	-99	-99
23.06.1995	-99	-99	-99	-99	-99	-99
24.06.1995	-99	-99	-99	-99	-99	-99
25.06.1995	-99	-99	-99	-99	-99	-99
26.06.1995	-99	-99	-99	-99	-99	-99
27.06.1995	-99	-99	-99	-99	-99	-99
28.06.1995	-99	-99	-99	-99	-99	-99
29.06.1995	-99	-99	-99	-99	-99	-99
30.06.1995	-99	-99	-99	-99	-99	-99
01.07.1995	-99	-99	-99	-99	-99	-99
02.07.1995	-99	-99	-99	-99	-99	-99
03.07.1995	-99	-99	-99	-99	-99	-99
04.07.1995	-99	-99	-99	-99	-99	-99
05.07.1995	-99	-99	-99	-99	-99	-99
06.07.1995	-99	-99	-99	-99	-99	-99
07.07.1995	-99	-99	-99	-99	-99	-99
08.07.1995	-99	-99	-99	-99	-99	-99
09.07.1995	-99	-99	-99	-99	-99	-99
10.07.1995	-99	-99	-99	-99	-99	-99
11.07.1995	-99	-99	-99	-99	-99	-99
12.07.1995	-99	-99	-99	-99	-99	-99
13.07.1995	-99	-99	-99	-99	-99	-99
14.07.1995	-99	-99	-99	-99	-99	-99
15.07.1995	-99	-99	-99	-99	-99	-99
16.07.1995	-99	-99	-99	-99	-99	-99
17.07.1995	-99	-99	-99	-99	-99	-99
18.07.1995	-99	-99	-99	-99	-99	-99
19.07.1995	-99	-99	-99	-99	-99	-99
20.07.1995	-99	-99	-99	-99	-99	-99
21.07.1995	-99	-99	-99	-99	-99	-99
22.07.1995	-99	-99	-99	-99	-99	-99
23.07.1995	-99	-99	-99	-99	-99	-99
24.07.1995	-99	-99	-99	-99	-99	-99
25.07.1995	-99	-99	-99	-99	-99	-99
26.07.1995	-99	-99	-99	-99	-99	-99
27.07.1995	-99	-99	-99	-99	-99	-99
28.07.1995	-99	-99	-99	-99	-99	-99
29.07.1995	-99	-99	-99	-99	-99	-99
30.07.1995	-99	-99	-99	-99	-99	-99
31.07.1995	-99	-99	-99	-99	-99	-99
01.08.1995	-99	-99	-99	-99	-99	-99
02.08.1995	-99	-99	-99	-99	-99	-99
03.08.1995	-99	-99	-99	-99	-99	-99
04.08.1995	-99	-99	-99	-99	-99	-99
05.08.1995	-99	-99	-99	-99	-99	-99
06.08.1995	-99	-99	-99	-99	-99	-99
07.08.1995	-99	-99	-99	-99	-99	-99
08.08.1995	-99	-99	-99	-99	-99	-99
09.08.1995	-99	-99	-99	-99	-99	-99
10.08.1995	-99	-99	-99	-99	-99	-99
11.08.1995	-99	-99	-99	-99	-99	-99
12.08.1995	-99	-99	-99	-99	-99	-99
13.08.1995	-99	-99	-99	-99	-99	-99
14.08.1995	-99	-99	-99	-99	-99	-99
15.08.1995	-99	-99	-99	-99	-99	-99
16.08.1995	-99	-99	-99	-99	-99	-99
17.08.1995	-99	-99	-99	-99	-99	-99
18.08.1995	-99	-99	-99	-99	-99	-99
19.08.1995	-99	-99	-99	-99	-99	-99
20.08.1995	-99	-99	-99	-99	-99	-99
21.08.1995	-99	-99	-99	-99	-99	-99
22.08.1995	-99	-99	-99	-99	-99	-99
23.08.1995	-99	-99	-99	-99	-99	-99
24.08.1995	-99	-99	-99	-99	-99	-99
25.08.1995	-99	-99	-99	-99	-99	-99
26.08.1995	-99	-99	-99	-99	-99	-99
27.08.1995	-99	-99	-99	-99	-99	-99
28.08.1995	-99	-99	-99	-99	-99	-99
29.08.1995	-99	-99	-99	-99	-99	-99
30.08.1995	-99	-99	-99	-99	-99	-99
31.08.1995	-99	-99	-99	-99	-99	-99
01.09.1995	-99	-99	-99	-99	-99	-99
02.09.1995	-99	-99	-99	-99	-99	-99
03.09.1995	-99	-99	-99	-99	-99	-99
04.09.1995	-99	-99	-99	-99	-99	-99
05.09.1995	-99	-99	-99	-99	-99	-99
06.09.1995	-99	-99	-99	-99	-99	-99
07.09.1995	-99	-99	-99	-99	-99	-99
08.09.1995	-99	-99	-99	-99	-99	-99
09.09.1995	-99	-99	-99	-99	-99	-99
10.09.1995	-99	-99	-99	-99	-99	-99
11.09.1995	-99	-99	-99	-99	-99	-99
12.09.1995	-99	-99	-99	-99	-99	-99
13.09.1995	-99	-99	-99	-99	-99	-99
14.09.1995	-99	-99	-99	-99	-99	-99
15.09.1995	-99	-99	-99	-99	-99	-99
16.09.1995	-99	-99	-99	-99	-99	-99
17.09.1995	-99	-99	-99	-99	-99	-99
18.09.1995	-99	-99	-99	-99	-99	-99
19.09.1995	-99	-99	-99	-99	-99	-99
20.09.1995	-99	-99	-99	-99	-99	-99
21.09.1995	-99	-99	-99	-99	-99	-99
22.09.1995	-99	-99	-99	-99	-99	-99
23.09.1995	-99	-99	-99	-99	-99	-99
24.09.1995	-99	-99	-99	-99	-99	-99
25.09.1995	-99	-99	-99	-99	-99	-99
26.09.1995	-99	-99	-99	-99	-99	-99
27.09.1995	-99	-99	-99	-99	-99	-99
28.09.1995	-99	-99	-99	-99	-99	-99
29.09.1995	-99	-99	-99	-99	-99	-99
30.09.1995	-99	-99	-99	-99	-99	-99
01.10.1995	-99	-99	-99	-99	-99	-99
02.10.1995	-99	-99	-99	-99	-99	-99
03.10.1995	-99	-99	-99	-99	-99	-99
04.10.1995	-99	-99	-99	-99	-99	-99
05.10.1995	-99	-99	-99	-99	-99	-99
06.10.1995	-99	-99	-99	-99	-99	-99
07.10.1995	-99	-99	-99	-99	-99	-99
08.10.1995	-99	-99	-99	-99	-99	-99
09.10.1995	-99	-99	-99	-99	-99	-99
10.10.1995	-99	-99	-99	-99	-99	-99
11.10.1995	-99	-99	-99	-99	-99	-99
12.10.1995	-99	-99	-99	-99	-99	-99
13.10.1995	-99	-99	-99	-99	-99	-99
14.10.1995	-99	-99	-99	-99	-99	-99
15.10.1995	-99	-99	-99	-99	-99	-99
16.10.1995	-99	-99	-99	-99	-99	-99
17.10.1995	-99	-99	-99	-99	-99	-99
18.10.1995	-99	-99	-99	-99	-99	-99
19.10.1995	-99	-99	-99	-99	-99	-99
20.10.1995	-99	-99	-99	-99	-99	-99
21.10.1995	-99	-99	-99	-99	-99	-99
22.10.1995	-99	-99	-99	-99	-99	-99
23.10.1995	-99	-99	-99	-99	-99	-99
24.10.1995	-99	-99	-99	-99	-99	-99
25.10.1995	-99	-99	-99	-99	-99	-99
26.10.1995	-99	-99	-99	-99	-99	-99
27.10.1995	-99	-99	-99	-99	-99	-99
28.10.1995	-99	-99	-99	-99	-99	-99
29.10.1995	-99	-99	-99	-99	-99	-99
30.10.1995	-99	-99	-99	-99	-99	-99
31.10.1995	-99	-99	-99	-99	-99	-99
01.11.1995	-99	-99	-99	-99	-99	-99
02.11.1995	-99	-99	-99	-99	-99	-99
03.11.1995	-99	-99	-99	-99	-99	-99
04.11.1995	-99	-99	-99	-99	-99	-99
05.11.1995	-99	-99	-99	-99	-99	-99
06.11.1995	-99	-99	-99	-99	-99	-99
07.11.1995	-99	-99	-99	-99	-99	-99
08.11.1995	-99	-99	-99	-99	-99	-99
09.11.1995	-99	-99	-99	-99	-99	-99
10.11.1995	-99	-99	-99	-99	-99	-99
11.11.1995	-99	-99	-99	-99	-99	-99
12.11.1995	-99	-99	-99	-99	-99	-99
13.11.1995	-99	-99	-99	-99	-99	-99
14.11.1995	-99	-99	-99	-99	-99	-99
15.11.1995	-99	-99	-99	-99	-99	-99
16.11.1995	-99	-99	-99	-99	-99	-99
17.11.1995	-99	-99	-99	-99	-99	-99
18.11.1995	-99	-99	-99	-99	-99	-99
19.11.1995	-99	-99	-99	-99	-99	-99
20.11.1995	-99	-99	-99	-99	-99	-99
21.11.1995	-99	-99	-99	-99	-99	-99
22.11.1995	-99	-99	-99	-99	-99	-99
23.11.1995	-99	-99	-99	-99	-99	-99
24.11.1995	-99	-99	-99	-99	-99	-99
25.11.1995	-99	-99	-99	-99	-99	-99
26.11.1995	-99	-99	-99	-99	-99	-99
27.11.1995	-99	-99	-99	-99	-99	-99
28.11.1995	-99	-99	-99	-99	-99	-99
29.11.1995	-99	-99	-99	-99	-99	-99
30.11.1995	-99	-99	-99	-99	-99	-99
01.12.1995	-99	-99	-99	-99	-99	-99
02.12.1995	-99	-99	-99	-99	-99	-99
03.12.1995	-99	-99	-99	-99	-99	-99
04.12.1995	-99	-99	-99	-99	-99	-99
05.12.1995	-99	-99	-99	-99	-99	-99
06.12.1995	-99	-99	-99	-99	-99	-99
07.12.1995	-99	-99	-99	-99	-99	-99
08.12.1995	-99	-99	-99	-99	-99	-99
09.12.1995	-99	-99	-99	-99	-99	-99
10.12.1995	-99	-99	-99	-99	-99	-99
11.12.1995	-99	-99	-99	-99	-99	-99
12.12.1995	-99	-99	-99	-99	-99	-99
13.12.1995	-99	-99	-99	-99	-99	-99
14.12.1995	-99	-99	-99	-99	-99	-99
15.12.1995	-99	-99	-99	-99	-99	-99
16.12.1995	-99	-99	-99	-99	-99	-99
17.12.1995	-99	-99	-99	-99	-99	-99
18.12.1995	-99	-99	-99	-99	-99	-99
19.12.1995	-99	-99	-99	-99	-99	-99
20.12.1995	-99	-99	-99	-99	-99	-99
21.12.1995	-99	-99	-99	-99	-99	-99
22.12.1995	-99	-99	-99	-99	-99	-99
23.12.1995	-99	-99	-99	-99	-99	-99
24.12.1995	-99	-99	-99	-99	-99	-99
25.12.1995	-99	-99	-99	-99	-99	-99
26.12.1995	-99	-99	-99	-99	-99	-99
27.12.1995	-99	-99	-99	-99	-99	-99
28.12.1995	-99	-99	-99	-99	-99	-99
29.12.1995	-99	-99	-99	-99	-99	-99
30.12.1995	-99	-99	-99	-99	-99	-99
31.12.1995	-99	-99	-99	-99	-99	-99
01.01.1996	-99	-99	-99	-99	-99	-99
02.01.1996	-99	-99	-99	-99	-99	-99
03.01.1996	-99	-99	-99	-99	-99	-99
04.01.1996	-99	-99	-99	-99	-99	-99
05.01.1996	-99	-99	-99	-99	-99	-99
06.01.1996	-99	-99	-99	-99	-99	-99
07.01.1996	-99	-99	-99	-99	-99	-99
08.01.1996	-99	-99	-99	-99	-99	-99
09.01.1996	-99	-99	-99	-99	-99	-99
10.01.1996	-99	-99	-99	-99	-99	-99
11.01.1996	-99	-99	-99	-99	-99	-99
12.01.1996	-99	-99	-99	-99	-99	-99
13.01.1996	-99	-99	-99	-99	-99	-99
14.01.1996	-99	-99	-99	-99	-99	-99
15.01.1996	-99	-99	-99	-99	-99	-99
16.01.1996	-99	-99	-99	-99	-99	-99
17.01.1996	-99	-99	-99	-99	-99	-99
18.01.1996	-99	-99	-99	-99	-99	-99
19.01.1996	-99	-99	-99	-99	-99	-99
20.01.1996	-99	-99	-99	-99	-99	-99
21.01.1996	-99	-99	-99	-99	-99	-99
22.01.1996	-99	-99	-99	-99	-99	-99
23.01.1996	-99	-99	-99	-99	-99	-99
24.01.1996	-99	-99	-99	-99	-99	-99
25.01.1996	-99	-99	-99	-99	-99	-99
26.01.1996	-99	-99	-99	-99	-99	-99
27.01.1996	-99	-99	-99	-99	-99	-99
28.01.1996	-99	-99	-99	-99	-99	-99
29.01.1996	-99	-99	-99	-99	-99	-99
30.01.1996	-99	-99	-99	-99	-99	-99
31.01.1996	-99	-99	-99	-99	-99	-99
01.02.1996	-99	-99	-99	-99	-99	-99
02.02.1996	-99	-99	-99	-99	-99	-99
03.02.1996	-99	-99	-99	-99	-99	-99
04.02.1996	-99	-99	-99	-99	-99	-99
05.02.1996	-99	-99	-99	-99	-99	-99
06.02.1996	-99	-99	-99	-99	-99	-99
07.02.1996	-99	-99	-99	-99	-99	-99
08.02.1996	-99	-99	-99	-99	-99	-99
09.02.1996	-99	-99	-99	-99	-99	-99
10.02.1996	-99	-99	-99	-99	-99	-99
11.02.1996	-99	-99	-99	-99	-99	-99
12.02.1996	-99	-99	-99	-99	-99	-99
13.02.1996	-99	-99	-99	-99	-99	-99
14.02.1996	-99	-99	-99	-99	-99	-99
15.02.1996	-99	-99	-99	-99	-99	-99
16.02.1996	-99	-99	-99	-99	-99	-99
17.02.1996	-99	-99	-99	-99	-99	-99
18.02.1996	-99	-99	-99	-99	-99	-99
19.02.1996	-99	-99	-99	-99	-99	-99
20.02.1996	-99	-99	-99	-99	-99	-99
21.02.1996	-99	-99	-99	-99	-99	-99
22.02.1996	-99	-99	-99	-99	-99	-99
23.02.1996	-99	-99	-99	-99	-99	-99
24.02.1996	-99	-99	-99	-99	-99	-99
25.02.1996	-99	-99	-99	-99	-99	-99
26.02.1996	-99	-99	-99	-99	-99	-99
27.02.1996	-99	-99	-99	-99	-99	-99
28.02.1996	-99	-99	-99	-99	-99	-99
29.02.1996	-99	-99	-99	-99	-99	-99
01.03.1996	-99	-99	-99	-99	-99	-99
02.03.1996	-99	-99	-99	-99	-99	-99
03.03.1996	-99	-99	-99	-99	-99	-99
04.03.1996	-99	-99	-99	-99	-99	-99
05.03.1996	-99	-99	-99	-99	-99	-99
06.03.1996	-99	-99	-99	-99	-99	-99
07.03.1996	-99	-99	-99	-99	-99	-99
08.03.1996	-99	-99	-99	-99	-99	-99
09.03.1996	-99	-99	-99	-99	-99	-99
10.03.1996	-99	-99	-99	-99	-99	-99
11.03.1996	-99	-99	-99	-99	-99	-99
12.03.1996	-99	-99	-99	-99	-99	-99
13.03.1996	-99	-99	-99	-99	-99	-99
14.03.1996	-99	-99	-99	-99	-99	-99
15.03.1996	-99	-99	-99	-99	-99	-99
16.03.1996	-99	-99	-99	-99	-99	-99
17.03.1996	-99	-99	-99	-99	-99	-99
18.03.1996	-99	-99	-99	-99	-99	-99
19.03.1996	-99	-99	-99	-99	-99	-99
20.03.1996	-99	-99	-99	-99	-99	-99
21.03.1996	-99	-99	-99	-99	-99	-99
22.03.1996	-99	-99	-99	-99	-99	-99
23.03.1996	-99	-99	-99	-99	-99	-99
24.03.1996	-99	-99	-99	-99	-99	-99
25.03.1996	-99	-99	-99	-99	-99	-99
26.03.1996	-99	-99	-99	-99	-99	-99
27.03.1996	-99	-99	-99	-99	-99	-99
28.03.1996	-99	-99	-99	-99	-99	-99
29.03.1996	-99	-99	-99	-99	-99	-99
30.03.1996	-99	-99	-99	-99	-99	-99
31.03.1996	-99	-99	-99	-99	-99	-99
01.04.1996	-99	-99	-99	-99	-99	-99
02.04.1996	-99	-99	-99	-99	-99	-99
03.04.1996	-99	-99	-99	-99	-99	-99
04.04.1996	-99	-99	-99	-99	-99	-99
05.04.1996	-99	-99	-99	-99	-99	-99
06.04.1996	-99	-99	-99	-99	-99	-99
07.04.1996	-99	-99	-99	-99	-99	-99
08.04.1996	-99	-99	-99	-99	-99	-99
09.04.1996	-99	-99	-99	-99	-99	-99
10.04.1996	-99	-99	-99	-99	-99	-99
11.04.1996	-99	-99	-99	-99	-99	-99
12.04.1996	-99	-99	-99	-99	-99	-99
13.04.1996	-99	-99	-99	-99	-99	-99
14.04.1996	-99	-99	-99	-99	-99	-99
15.04.1996	-99	-99	-99	-99	-99	-99
16.04.1996	-99	-99	-99	-99	-99	-99
17.04.1996	-99	-99	-99	-99	-99	-99
18.04.1996	-99	-99	-99	-99	-99	-99
19.04.1996	-99	-99	-99	-99	-99	-99
20.04.1996	-99	-99	-99	-99	-99	-99
21.04.1996	-99	-99	-99	-99	-99	-99
22.04.1996	-99	-99	-99	-99	-99	-99
23.04.1996	-99	-99	-99	-99	-99	-99
24.04.1996	-99	-99	-99	-99	-99	-99
25.04.1996	-99	-99	-99	-99	-99	-99
26.04.1996	-99	-99	-99	-99	-99	-99
27.04.1996	-99	-99	-99	-99	-99	-99
28.04.1996	-99	-99	-99	-99	-99	-99
29.04.1996	-99	-99	-99	-99	-99	-99
30.04.1996	-99	-99	-99	-99	-99	-99
01.05.1996	-99	-99	-99	-99	-99	-99
02.05.1996	-99	-99	-99	-99	-99	-99
03.05.1996	-99	-99	-99	-99	-99	-99
04.05.1996	-99	-99	-99	-99	-99	-99
05.05.1996	-99	-99	-99	-99	-99	-99
06.05.1996	-99	-99	-99	-99	-99	-99
07.05.1996	-99	-99	-99	-99	-99	-99
08.05.1996	-99	-99	-99	-99	-99	-99
09.05.1996	-99	-99	-99	-99	-99	-99
10.05.1996	-99	-99	-99	-99	-99	-99
11.05.1996	-99	-99	-99	-99	-99	-99
12.05.1996	-99	-99	-99	-99	-99	-99
13.05.1996	-99	-99	-99	-99	-99	-99
14.05.1996	-99	-99	-99	-99	-99	-99
15.05.1996	-99	-99	-99	-99	-99	-99
16.05.1996	-99	-99	-99	-99	-99	-99
17.05.1996	-99	-99	-99	-99	-99	-99
18.05.1996	-99	-99	-99	-99	-99	-99
19.05.1996	-99	-99	-99	-99	-99	-99
20.05.1996	-99	-99	-99	-99	-99	-99
21.05.1996	-99	-99	-99	-99	-99	-99
22.05.1996	-99	-99	-99	-99	-99	-99
23.05.1996	-99	-99	-99	-99	-99	-99
24.05.1996	-99	-99	-99	-99	-99	-99
25.05.1996	-99	-99	-99	-99	-99	-99
26.05.1996	-99	-99	-99	-99	-99	-99
27.05.1996	-99	-99	-99	-99	-99	-99
28.05.1996	-99	-99	-99	-99	-99	-99
29.05.1996	-99	-99	-99	-99	-99	-99
30.05.1996	-99	-99	-99	-99	-99	-99
31.05.1996	-99	-99	-99	-99	-99	-99
01.06.1996	-99	-99	-99	-99	-99	-99
02.06.1996	-99	-99	-99	-99	-99	-99
03.06.1996	-99	-99	-99	-99	-99	-99
04.06.1996	-99	-99	-99	-99	-99	-99
05.06.1996	-99	-99	-99	-99	-99	-99
06.06.1996	-99	-99	-99	-99	-99	-99
07.06.1996	-99	-99	-99	-99	-99	-99
08.06.1996	-99	-99	-99	-99	-99	-99
09.06.1996	-99	-99	-99	-99	-99	-99
10.06.1996	-99	-99	-99	-99	-99	-99
11.06.1996	-99	-99	-99	-99	-99	-99
12.06.1996	-99	-99	-99	-99	-99	-99
13.06.1996	-99	-99	-99	-99	-99	-99
14.06.1996	-99	-99	-99	-99	-99	-99
15.06.1996	-99	-99	-99	-99	-99	-99
16.06.1996	-99	-99	-99	-99	-99	-99
17.06.1996	-99	-99	-99	-99	-99	-99
18.06.1996	-99	-99	-99	-99	-99	-99
19.06.1996	-99	-99	-99	-99	-99	-99
20.06.1996	-99	-99	-99	-99	-99	-99
21.06.1996	-99	-99	-99	-99	-99	-99
22.06.1996	-99	-99	-99	-99	-99	-99
23.06.1996	-99	-99	-99	-99	-99	-99
24.06.1996	-99	-99	-99	-99	-99	-99
25.06.1996	-99	-99	-99	-99	-99	-99
26.06.1996	-99	-99	-99	-99	-99	-99
27.06.1996	-99	-99	-99	-99	-99	-99
28.06.1996	-99	-99	-99	-99	-99	-99
29.06.1996	-99	-99	-99	-99	-99	-99
30.06.1996	-99	-99	-99	-99	-99	-99
01.07.1996	-99	-99	-99	-99	-99	-99
02.07.1996	-99	-99	-99	-99	-99	-99
03.07.1996	-99	-99	-99	-99	-99	-99
04.07.1996	-99	-99	-99	-99	-99	-99
05.07.1996	-99	-99	-99	-99	-99	-99
06.07.1996	-99	-99	-99	-99	-99	-99
07.07.1996	-99	-99	-99	-99	-99	-99
08.07.1996	-99	-99	-99	-99	-99	-99
09.07.1996	-99	-99	-99	-99	-99	-99
10.07.1996	-99	-99	-99	-99	-99	-99
11.07.1996	-99	-99	-99	-99	-99	-99
12.07.1996	-99	-99	-99	-99	-99	-99
13.07.1996	-99	-99	-99	-99	-99	-99
14.07.1996	-99	-99	-99	-99	-99	-99
15.07.1996	-99	-99	-99	-99	-99	-99
16.07.1996	-99	-99	-99	-99	-99	-99
17.07.1996	-99	-99	-99	-99	-99	-99
18.07.1996	-99	-99	-99	-99	-99	-99
19.07.1996	-99	-99	-99	-99	-99	-99
20.07.1996	-99	-99	-99	-99	-99	-99
21.07.1996	-99	-99	-99	-99	-99	-99
22.07.1996	-99	-99	-99	-99	-99	-99
23.07.1996	-99	-99	-99	-99	-99	-99
24.07.1996	-99	-99	-99	-99	-99	-99
25.07.1996	-99	-99	-99	-99	-99	-99
26.07.1996	-99	-99	-99	-99	-99	-99
27.07.1996	-99	-99	-99	-99	-99	-99
28.07.1996	-99	-99	-99	-99	-99	-99
29.07.1996	-99	-99	-99	-99	-99	-99
30.07.1996	-99	-99	-99	-99	-99	-99
31.07.1996	-99	-99	-99	-99	-99	-99
01.08.1996	-99	-99	-99	-99	-99	-99
02.08.1996	-99	-99	-99	-99	-99	-99
03.08.1996	-99	-99	-99	-99	-99	-99
04.08.1996	-99	-99	-99	-99	-99	-99
05.08.1996	-99	-99	-99	-99	-99	-99
06.08.1996	-99	-99	-99	-99	-99	-99
07.08.1996	-99	-99	-99	-99	-99	-99
08.08.1996	-99	-99	-99	-99	-99	-99
09.08.1996	-99	-99	-99	-99	-99	-99
10.08.1996	-99	-99	-99	-99	-99	-99
11.08.1996	-99	-99	-99	-99	-99	-99
12.08.1996	-99	-99	-99	-99	-99	-99
13.08.1996	-99	-99	-99	-99	-99	-99
14.08.1996	-99	-99	-99	-99	-99	-99
15.08.1996	-99	-99	-99	-99	-99	-99
16.08.1996	-99	-99	-99	-99	-99	-99
17.08.1996	-99	-99	-99	-99	-99	-99
18.08.1996	-99	-99	-99	-99	-99	-99
19.08.1996	-99	-99	-99	-99	-99	-99
20.08.1996	-99	-99	-99	-99	-99	-99
21.08.1996	-99	-99	-99	-99	-99	-99
22.08.1996	-99	-99	-99	-99	-99	-99
23.08.1996	-99	-99	-99	-99	-99	-99
24.08.1996	-99	-99	-99	-99	-99	-99
25.08.1996	-99	-99	-99	-99	-99	-99
26.08.1996	-99	-99	-99	-99	-99	-99
27.08.1996	-99	-99	-99	-99	-99	-99
28.08.1996	-99	-99	-99	-99	-99	-99
29.08.1996	-99	-99	-99	-99	-99	-99
30.08.1996	-99	-99	-99	-99	-99	-99
31.08.1996	-99	-99	-99	-99	-99	-99
01.09.1996	-99	-99	-99	-99	-99	-99
02.09.1996	-99	-99	-99	-99	-99	-99
03.09.1996	-99	-99	-99	-99	-99	-99
04.09.1996	-99	-99	-99	-99	-99	-99
05.09.1996	-99	-99	-99	-99	-99	-99
06.09.1996	-99	-99	-99	-99	-99	-99
07.09.1996	-99	-99	-99	-99	-99	-99
08.09.1996	-99	-99	-99	-99	-99	-99
09.09.1996	-99	-99	-99	-99	-99	-99
10.09.1996	-99	-99	-99	-99	-99	-99
11.09.1996	-99	-99	-99	-99	-99	-99
12.09.1996	-99	-99	-99	-99	-99	-99
13.09.1996	-99	-99	-99	-99	-99	-99
14.09.1996	-99	-99	-99	-99	-99	-99
15.09.1996	-99	-99	-99	-99	-99	-99
16.09.1996	-99	-99	-99	-99	-99	-99
17.09.1996	-99	-99	-99	-99	-99	-99
18.09.1996	-99	-99	-99	-99	-99	-99
19.09.1996	-99	-99	-99	-99	-99	-99
20.09.1996	-99	-99	-99	-99	-99	-99
21.09.1996	-99	-99	-99	-99	-99	-99
22.09.1996	-99	-99	-99	-99	-99	-99
23.09.1996	-99	-99	-99	-99	-99	-99
24.09.1996	-99	-99	-99	-99	-99	-99
25.09.1996	-99	-99	-99	-99	-99	-99
26.09.1996	-99	-99	-99	-99	-99	-99
27.09.1996	-99	-99	-99	-99	-99	-99
28.09.1996	-99	-99	-99	-99	-99	-99
29.09.1996	-99	-99	-99	-99	-99	-99
30.09.1996	-99	-99	-99	-99	-99	-99
01.10.1996	-99	-99	-99	-99	-99	-99
02.10.1996	-99	-99	-99	-99	-99	-99
03.10.1996	-99	-99	-99	-99	-99	-99
04.10.1996	-99	-99	-99	-99	-99	-99
05.10.1996	-99	-99	-99	-99	-99	-99
06.10.1996	-99	-99	-99	-99	-99	-99
07.10.1996	-99	-99	-99	-99	-99	-99
08.10.1996	-99	-99	-99	-99	-99	-99
09.10.1996	-99	-99	-99	-99	-99	-99
10.10.1996	-99	-99	-99	-99	-99	-99
11.10.1996	-99	-99	-99	-99	-99	-99
12.10.1996	-99	-99	-99	-99	-99	-99
13.10.1996	-99	-99	-99	-99	-99	-99
14.10.1996	-99	-99	-99	-99	-99	-99
15.10.1996	-99	-99	-99	-99	-99	-99
16.10.1996	-99	-99	-99	-99	-99	-99
17.10.1996	-99	-99	-99	-99	-99	-99
18.10.1996	-99	-99	-99	-99	-99	-99
19.10.1996	-99	-99	-99	-99	-99	-99
20.10.1996	-99	-99	-99	-99	-99	-99
21.10.1996	-99	-99	-99	-99	-99	-99
22.10.1996	-99	-99	-99	-99	-99	-99
23.10.1996	-99	-99	-99	-99	-99	-99
24.10.1996	-99	-99	-99	-99	-99	-99
25.10.1996	-99	-99	-99	-99	-99	-99
26.10.1996	-99	-99	-99	-99	-99	-99
27.10.1996	-99	-99	-99	-99	-99	-99
28.10.1996	-99	-99	-99	-99	-99	-99
29.10.1996	-99	-99	-99	-99	-99	-99
30.10.1996	-99	-99	-99	-99	-99	-99
31.10.1996	-99	-99	-99	-99	-99	-99
01.11.1996	-99	-99	-99	-99	-99	-99
02.11.1996	-99	-99	-99	-99	-99	-99
03.11.1996	-99	-99	-99	-99	-99	-99
04.11.1996	-99	-99	-99	-99	-99	-99
05.11.1996	-99	-99	-99	-99	-99	-99
06.11.1996	-99	-99	-99	-99	-99	-99
07.11.1996	-99	-99	-99	-99	-99	-99
08.11.1996	-99	-99	-99	-99	-99	-99
09.11.1996	-99	-99	-99	-99	-99	-99
10.11.1996	-99	-99	-99	-99	-99	-99
11.11.1996	-99	-99	-99	-99	-99	-99
12.11.1996	-99	-99	-99	-99	-99	-99
13.11.1996	-99	-99	-99	-99	-99	-99
14.11.1996	-99	-99	-99	-99	-99	-99
15.11.1996	-99	-99	-99	-99	-99	-99
16.11.1996	-99	-99	-99	-99	-99	-99
17.11.1996	-99	-99	-99	-99	-99	-99
18.11.1996	-99	-99	-99	-99	-99	-99
19.11.1996	-99	-99	-99	-99	-99	-99
20.11.1996	-99	-99	-99	-99	-99	-99
21.11.1996	-99	-99	-99	-99	-99	-99
22.11.1996	-99	-99	-99	-99	-99	-99
23.11.1996	-99	-99	-99	-99	-99	-99
24.11.1996	-99	-99	-99	-99	-99	-99
25.11.1996	-99	-99	-99	-99	-99	-99
26.11.1996	-99	-99	-99	-99	-99	-99
27.11.1996	-99	-99	-99	-99	-99	-99
28.11.1996	-99	-99	-99	-99	-99	-99
29.11.1996	-99	-99	-99	-99	-99	-99
30.11.1996	-99	-99	-99	-99	-99	-99
01.12.1996	-99	-99	-99	-99	-99	-99
02.12.1996	-99	-99	-99	-99	-99	-99
03.12.1996	-99	-99	-99	-99	-99	-99
04.12.1996	-99	-99	-99	-99	-99	-99
05.12.1996	-99	-99	-99	-99	-99	-99
06.12.1996	-99	-99	-99	-99	-99	-99
07.12.1996	-99	-99	-99	-99	-99	-99
08.12.1996	-99	-99	-99	-99	-99	-99
09.12.1996	-99	-99	-99	-99	-99	-99
10.12.1996	-99	-99	-99	-99	-99	-99
11.12.1996	-99	-99	-99	-99	-99	-99
12.12.1996	-99	-99	-99	-99	-99	-99
13.12.1996	-99	-99	-99	-99	-99	-99
14.12.1996	-99	-99	-99	-99	-99	-99
15.12.1996	-99	-99	-99	-99	-99	-99
16.12.1996	-99	-99	-99	-99	-99	-99
17.12.1996	-99	-99	-99	-99	-99	-99
18.12.1996	-99	-99	-99	-99	-99	-99
19.12.1996	-99	-99	-99	-99	-99	-99
20.12.1996	-99	-99	-99	-99	-99	-99
21.12.1996	-99	-99	-99	-99	-99	-99
22.12.1996	-99	-99	-99	-99	-99	-99
23.12.1996	-99	-99	-99	-99	-99	-99
24.12.1996	-99	-99	-99	-99	-99	-99
25.12.1996	-99	-99	-99	-99	-99	-99
26.12.1996	-99	-99	-99	-99	-99	-99
27.12.1996	-99	-99	-99	-99	-99	-99
28.12.1996	-99	-99	-99	-99	-99	-99
29.12.1996	-99	-99	-99	-99	-99	-99
30.12.1996	-99	-99	-99	-99	-99	-99
31.12.1996	-99	-99	-99	-99	-99	-99
01.01.1997	-99	-99	-99	-99	-99	-99
02.01.1997	-99	-99	-99	-99	-99	-99
03.01.1997	-99	-99	-99	-99	-99	-99
04.01.1997	-99	-99	-99	-99	-99	-99
05.01.1997	-99	-99	-99	-99	-99	-99
06.01.1997	-99	-99	-99	-99	-99	-99
07.01.1997	-99	-99	-99	-99	-99	-99
08.01.1997	-99	-99	-99	-99	-99	-99
09.01.1997	-99	-99	-99	-99	-99	-99
10.01.1997	-99	-99	-99	-99	-99	-99
11.01.1997	-99	-99	-99	-99	-99	-99
12.01.1997	-99	-99	-99	-99	-99	-99
13.01.1997	-99	-99	-99	-99	-99	-99
14.01.1997	-99	-99	-99	-99	-99	-99
15.01.1997	-99	-99	-99	-99	-99	-99
16.01.1997	-99	-99	-99	-99	-99	-99
17.01.1997	-99	-99	-99	-99	-99	-99
18.01.1997	-99	-99	-99	-99	-99	-99
19.01.1997	-99	-99	-99	-99	-99	-99
20.01.1997	-99	-99	-99	-99	-99	-99
21.01.1997	-99	-99	-99	-99	-99	-99
22.01.1997	-99	-99	-99	-99	-99	-99
23.01.1997	-99	-99	-99	-99	-99	-99
24.01.1997	-99	-99	-99	-99	-99	-99
25.01.1997	-99	-99	-99	-99	-99	-99
26.01.1997	-99	-99	-99	-99	-99	-99
27.01.1997	-99	-99	-99	-99	-99	-99
28.01.1997	-99	-99	-99	-99	-99	-99
29.01.1997	-99	-99	-99	-99	-99	-99
30.01.1997	-99	-99	-99	-99	-99	-99
31.01.1997	-99	-99	-99	-99	-99	-99
01.02.1997	-99	-99	-99	-99	-99	-99
02.02.1997	-99	-99	-99	-99	-99	-99
03.02.1997	-99	-99	-99	-99	-99	-99
04.02.1997	-99	-99	-99	-99	-99	-99
05.02.1997	-99	-99	-99	-99	-99	-99
06.02.1997	-99	-99	-99	-99	-99	-99
07.02.1997	-99	-99	-99	-99	-99	-99
08.02.1997	-99	-99	-99	-99	-99	-99
09.02.1997	-99	-99	-99	-99	-99	-99
10.02.1997	-99	-99	-99	-99	-99	-99
11.02.1997	-99	-99	-99	-99	-99	-99
12.02.1997	-99	-99	-99	-99	-99	-99
13.02.1997	-99	-99	-99	-99	-99	-99
14.02.1997	-99	-99	-99	-99	-99	-99
15.02.1997	-99	-99	-99	-99	-99	-99
16.02.1997	-99	-99	-99	-99	-99	-99
17.02.1997	-99	-99	-99	-99	-99	-99
18.02.1997	-99	-99	-99	-99	-99	-99
19.02.1997	-99	-99	-99	-99	-99	-99
20.02.1997	-99	-99	-99	-99	-99	-99
21.02.1997	-99	-99	-99	-99	-99	-99
22.02.1997	-99	-99	-99	-99	-99	-99
23.02.1997	-99	-99	-99	-99	-99	-99
24.02.1997	-99	-99	-99	-99	-99	-99
25.02.1997	-99	-99	-99	-99	-99	-99
26.02.1997	-99	-99	-99	-99	-99	-99
27.02.1997	-99	-99	-99	-99	-99	-99
28.02.1997	-99	-99	-99	-99	-99	-99
01.03.1997	-99	-99	-99	-99	-99	-99
02.03.1997	-99	-99	-99	-99	-99	-99
03.03.1997	-99	-99	-99	-99	-99	-99
04.03.1997	-99	-99	-99	-99	-99	-99
05.03.1997	-99	-99	-99	-99	-99	-99
06.03.1997	-99	-99	-99	-99	-99	-99
07.03.1997	-99	-99	-99	-99	-99	-99
08.03.1997	-99	-99	-99	-99	-99	-99
09.03.1997	-99	-99	-99	-99	-99	-99
10.03.1997	-99	-99	-99	-99	-99	-99
11.03.1997	-99	-99	-99	-99	-99	-99
12.03.1997	-99	-99	-99	-99	-99	-99
13.03.1997	-99	-99	-99	-99	-99	-99
14.03.1997	-99	-99	-99	-99	-99	-99
15.03.1997	-99	-99	-99	-99	-99	-99
16.03.1997	-99	-99	-99	-99	-99	-99
17.03.1997	-99	-99	-99	-99	-99	-99
18.03.1997	-99	-99	-99	-99	-99	-99
19.03.1997	-99	-99	-99	-99	-99	-99
20.03.1997	-99	-99	-99	-99	-99	-99
21.03.1997	-99	-99	-99	-99	-99	-99
22.03.1997	-99	-99	-99	-99	-99	-99
23.03.1997	-99	-99	-99	-99	-99	-99
24.03.1997	-99	-99	-99	-99	-99	-99
25.03.1997	-99	-99	-99	-99	-99	-99
26.03.1997	-99	-99	-99	-99	-99	-99
27.03.1997	-99	-99	-99	-99	-99	-99
28.03.1997	-99	-99	-99	-99	-99	-99
29.03.1997	-99	-99	-99	-99	-99	-99
30.03.1997	-99	-99	-99	-99	-99	-99
31.03.1997	-99	-99	-99	-99	-99	-99
01.04.1997	-99	-99	-99	-99	-99	-99
02.04.1997	-99	-99	-99	-99	-99	-99
03.04.1997	-99	-99	-99	-99	-99	-99
04.04.1997	-99	-99	-99	-99	-99	-99
05.04.1997	-99	-99	-99	-99	-99	-99
06.04.1997	-99	-99	-99	-99	-99	-99
07.04.1997	-99	-99	-99	-99	-99	-99
08.04.1997	-99	-99	-99	-99	-99	-99
09.04.1997	-99	-99	-99	-99	-99	-99
10.04.1997	-99	-99	-99	-99	-99	-99
11.04.1997	-99	-99	-99	-99	-99	-99
12.04.1997	-99	-99	-99	-99	-99	-99
13.04.1997	-99	-99	-99	-99	-99	-99
14.04.1997	-99	-99	-99	-99	-99	-99
15.04.1997	-99	-99	-99	-99	-99	-99
16.04.1997	-99	-99	-99	-99	-99	-99
17.04.1997	-99	-99	-99	-99	-99	-99
18.04.1997	-99	-99	-99	-99	-99	-99
19.04.1997	-99	-99	-99	-99	-99	-99
20.04.1997	-99	-99	-99	-99	-99	-99
21.04.1997	-99	-99	-99	-99	-99	-99
22.04.1997	-99	-99	-99	-99	-99	-99
23.04.1997	-99	-99	-99	-99	-99	-99
24.04.1997	-99	-99	-99	-99	-99	-99
25.04.1997	-99	-99	-99	-99	-99	-99
26.04.1997	-99	-99	-99	-99	-99	-99
27.04.1997	-99	-99	-99	-99	-99	-99
28.04.1997	-99	-99	-99	-99	-99	-99
29.04.1997	-99	-99	-99	-99	-99	-99
30.04.1997	-99	-99	-99	-99	-99	-99
01.05.1997	-99	-99	-99	-99	-99	-99
02.05.1997	-99	-99	-99	-99	-99	-99
03.05.1997	-99	-99	-99	-99	-99	-99
04.05.1997	-99	-99	-99	-99	-99	-99
05.05.1997	-99	-99	-99	-99	-99	-99
06.05.1997	-99	-99	-99	-99	-99	-99
07.05.1997	-99	-99	-99	-99	-99	-99
08.05.1997	-99	-99	-99	-99	-99	-99
09.05.1997	-99	-99	-99	-99	-99	-99
10.05.1997	-99	-99	-99	-99	-99	-99
11.05.1997	-99	-99	-99	-99	-99	-99
12.05.1997	-99	-99	-99	-99	-99	-99
13.05.1997	-99	-99	-99	-99	-99	-99
14.05.1997	-99	-99	-99	-99	-99	-99
15.05.1997	-99	-99	-99	-99	-99	-99
16.05.1997	-99	-99	-99	-99	-99	-99
17.05.1997	-99	-99	-99	-99	-99	-99
18.05.1997	-99	-99	-99	-99	-99	-99
19.05.1997	-99	-99	-99	-99	-99	-99
20.05.1997	-99	-99	-99	-99	-99	-99
21.05.1997	-99	-99	-99	-99	-99	-99
22.05.1997	-99	-99	-99	-99	-99	-99
23.05.1997	-99	-99	-99	-99	-99	-99
24.05.1997	-99	-99	-99	-99	-99	-99
25.05.1997	-99	-99	-99	-99	-99	-99
26.05.1997	-99	-99	-99	-99	-99	-99
27.05.1997	-99	-99	-99	-99	-99	-99
28.05.1997	-99	-99	-99	-99	-99	-99
29.05.1997	-99	-99	-99	-99	-99	-99
30.05.1997	-99	-99	-99	-99	-99	-99
31.05.1997	-99	-99	-99	-99	-99	-99
01.06.1997	-99	-99	-99	-99	-99	-99
02.06.1997	-99	-99	-99	-99	-99	-99
03.06.1997	-99	-99	-99	-99	-99	-99
04.06.1997	-99	-99	-99	-99	-99	-99
05.06.1997	-99	-99	-99	-99	-99	-99
06.06.1997	-99	-99	-99	-99	-99	-99
07.06.1997	-99	-99	-99	-99	-99	-99
08.06.1997	-99	-99	-99	-99	-99	-99
09.06.1997	-99	-99	-99	-99	-99	-99
10.06.1997	-99	-99	-99	-99	-99	-99
11.06.1997	-99	-99	-99	-99	-99	-99
12.06.1997	-99	-99	-99	-99	-99	-99
13.06.1997	-99	-99	-99	-99	-99	-99
14.06.1997	-99	-99	-99	-99	-99	-99
15.06.1997	-99	-99	-99	-99	-99	-99
16.06.1997	-99	-99	-99	-99	-99	-99
17.06.1997	-99	-99	-99	-99	-99	-99
18.06.1997	-99	-99	-99	-99	-99	-99
19.06.1997	-99	-99	-99	-99	-99	-99
20.06.1997	-99	-99	-99	-99	-99	-99
21.06.1997	-99	-99	-99	-99	-99	-99
22.06.1997	-99	-99	-99	-99	-99	-99
23.06.1997	-99	-99	-99	-99	-99	-99
24.06.1997	-99	-99	-99	-99	-99	-99
25.06.1997	-99	-99	-99	-99	-99	-99
26.06.1997	-99	-99	-99	-99	-99	-99
27.06.1997	-99	-99	-99	-99	-99	-99
28.06.1997	-99	-99	-99	-99	-99	-99
29.06.1997	-99	-99	-99	-99	-99	-99
30.06.1997	-99	-99	-99	-99	-99	-99
01.07.1997	-99	-99	-99	-99	-99	-99
02.07.1997	-99	-99	-99	-99	-99	-99
03.07.1997	-99	-99	-99	-99	-99	-99
04.07.1997	-99	-99	-99	-99	-99	-99
05.07.1997	-99	-99	-99	-99	-99	-99
06.07.1997	-99	-99	-99	-99	-99	-99
07.07.1997	-99	-99	-99	-99	-99	-99
08.07.1997	-99	-99	-99	-99	-99	-99
09.07.1997	-99	-99	-99	-99	-99	-99
10.07.1997	-99	-99	-99	-99	-99	-99
11.07.1997	-99	-99	-99	-99	-99	-99
12.07.1997	-99	-99	-99	-99	-99	-99
13.07.1997	-99	-99	-99	-99	-99	-99
14.07.1997	-99	-99	-99	-99	-99	-99
15.07.1997	-99	-99	-99	-99	-99	-99
16.07.1997	-99	-99	-99	-99	-99	-99
17.07.1997	-99	-99	-99	-99	-99	-99
18.07.1997	-99	-99	-99	-99	-99	-99
19.07.1997	-99	-99	-99	-99	-99	-99
20.07.1997	-99	-99	-99	-99	-99	-99
21.07.1997	-99	-99	-99	-99	-99	-99
22.07.1997	-99	-99	-99	-99	-99	-99
23.07.1997	-99	-99	-99	-99	-99	-99
24.07.1997	-99	-99	-99	-99	-99	-99
25.07.1997	-99	-99	-99	-99	-99	-99
26.07.1997	-99	-99	-99	-99	-99	-99
27.07.1997	-99	-99	-99	-99	-99	-99
28.07.1997	-99	-99	-99	-99	-99	-99
29.07.1997	-99	-99	-99	-99	-99	-99
30.07.1997	-99	-99	-99	-99	-99	-99
31.07.1997	-99	-99	-99	-99	-99	-99
01.08.1997	-99	-99	-99	-99	-99	-99
02.08.1997	-99	-99	-99	-99	-99	-99
03.08.1997	-99	-99	-99	-99	-99	-99
04.08.1997	-99	-99	-99	-99	-99	-99
05.08.1997	-99	-99	-99	-99	-99	-99
06.08.1997	-99	-99	-99	-99	-99	-99
07.08.1997	-99	-99	-99	-99	-99	-99
08.08.1997	-99	-99	-99	-99	-99	-99
09.08.1997	-99	-99	-99	-99	-99	-99
10.08.1997	-99	-99	-99	-99	-99	-99
11.08.1997	-99	-99	-99	-99	-99	-99
12.08.1997	-99	-99	-99	-99	-99	-99
13.08.1997	-99	-99	-99	-99	-99	-99
14.08.1997	-99	-99	-99	-99	-99	-99
15.08.1997	-99	-99	-99	-99	-99	-99
16.08.1997	-99	-99	-99	-99	-99	-99
17.08.1997	-99	-99	-99	-99	-99	-99
18.08.1997	-99	-99	-99	-99	-99	-99
19.08.1997	-99	-99	-99	-99	-99	-99
20.08.1997	-99	-99	-99	-99	-99	-99
21.08.1997	-99	-99	-99	-99	-99	-99
22.08.1997	-99	-99	-99	-99	-99	-99
23.08.1997	-99	-99	-99	-99	-99	-99
24.08.1997	-99	-99	-99	-99	-99	-99
25.08.1997	-99	-99	-99	-99	-99	-99
26.08.1997	-99	-99	-99	-99	-99	-99
27.08.1997	-99	-99	-99	-99	-99	-99
28.08.1997	-99	-99	-99	-99	-99	-99
29.08.1997	-99	-99	-99	-99	-99	-99
30.08.1997	-99	-99	-99	-99	-99	-99
31.08.1997	-99	-99	-99	-99	-99	-99
01.09.1997	-99	-99	-99	-99	-99	-99
02.09.1997	-99	-99	-99	-99	-99	-99
03.09.1997	-99	-99	-99	-99	-99	-99
04.09.1997	-99	-99	-99	-99	-99	-99
05.09.1997	-99	-99	-99	-99	-99	-99
06.09.1997	-99	-99	-99	-99	-99	-99
07.09.1997	-99	-99	-99	-99	-99	-99
08.09.1997	-99	-99	-99	-99	-99	-99
09.09.1997	-99	-99	-99	-99	-99	-99
10.09.1997	-99	-99	-99	-99	-99	-99
11.09.1997	-99	-99	-99	-99	-99	-99
12.09.1997	-99	-99	-99	-99	-99	-99
13.09.1997	-99	-99	-99	-99	-99	-99
14.09.1997	-99	-99	-99	-99	-99	-99
15.09.1997	-99	-99	-99	-99	-99	-99
16.09.1997	-99	-99	-99	-99	-99	-99
17.09.1997	-99	-99	-99	-99	-99	-99
18.09.1997	-99	-99	-99	-99	-99	-99
19.09.1997	-99	-99	-99	-99	-99	-99
20.09.1997	-99	-99	-99	-99	-99	-99
21.09.1997	-99	-99	-99	-99	-99	-99
22.09.1997	-99	-99	-99	-99	-99	-99
23.09.1997	-99	-99	-99	-99	-99	-99
24.09.1997	-99	-99	-99	-99	-99	-99
25.09.1997	-99	-99	-99	-99	-99	-99
26.09.1997	-99	-99	-99	-99	-99	-99
27.09.1997	-99	-99	-99	-99	-99	-99
28.09.1997	-99	-99	-99	-99	-99	-99
29.09.1997	-99	-99	-99	-99	-99	-99
30.09.1997	-99	-99	-99	-99	-99	-99
01.10.1997	-99	-99	-99	-99	-99	-99
02.10.1997	-99	-99	-99	-99	-99	-99
03.10.1997	-99	-99	-99	-99	-99	-99
04.10.1997	-99	-99	-99	-99	-99	-99
05.10.1997	-99	-99	-99	-99	-99	-99
06.10.1997	-99	-99	-99	-99	-99	-99
07.10.1997	-99	-99	-99	-99	-99	-99
08.10.1997	-99	-99	-99	-99	-99	-99
09.10.1997	-99	-99	-99	-99	-99	-99
10.10.1997	-99	-99	-99	-99	-99	-99
11.10.1997	-99	-99	-99	-99	-99	-99
12.10.1997	-99	-99	-99	-99	-99	-99
13.10.1997	-99	-99	-99	-99	-99	-99
14.10.1997	-99	-99	-99	-99	-99	-99
15.10.1997	-99	-99	-99	-99	-99	-99
16.10.1997	-99	-99	-99	-99	-99	-99
17.10.1997	-99	-99	-99	-99	-99	-99
18.10.1997	-99	-99	-99	-99	-99	-99
19.10.1997	-99	-99	-99	-99	-99	-99
20.10.1997	-99	-99	-99	-99	-99	-99
21.10.1997	-99	-99	-99	-99	-99	-99
22.10.1997	-99	-99	-99	-99	-99	-99
23.10.1997	-99	-99	-99	-99	-99	-99
24.10.1997	-99	-99	-99	-99	-99	-99
25.10.1997	-99	-99	-99	-99	-99	-99
26.10.1997	-99	-99	-99	-99	-99	-99
27.10.1997	-99	-99	-99	-99	-99	-99
28.10.1997	-99	-99	-99	-99	-99	-99
29.10.1997	-99	-99	-99	-99	-99	-99
30.10.1997	-99	-99	-99	-99	-99	-99
31.10.1997	-99	-99	-99	-99	-99	-99
01.11.1997	-99	-99	-99	-99	-99	-99
02.11.1997	-99	-99	-99	-99	-99	-99
03.11.1997	-99	-99	-99	-99	-99	-99
04.11.1997	-99	-99	-99	-99	-99	-99
05.11.1997	-99	-99	-99	-99	-99	-99
06.11.1997	-99	-99	-99	-99	-99	-99
07.11.1997	-99	-99	-99	-99	-99	-99
08.11.1997	-99	-99	-99	-99	-99	-99
09.11.1997	-99	-99	-99	-99	-99	-99
10.11.1997	-99	-99	-99	-99	-99	-99
11.11.1997	-99	-99	-99	-99	-99	-99
12.11.1997	-99	-99	-99	-99	-99	-99
13.11.1997	-99	-99	-99	-99	-99	-99
14.11.1997	-99	-99	-99	-99	-99	-99
15.11.1997	-99	-99	-99	-99	-99	-99
16.11.1997	-99	-99	-99	-99	-99	-99
17.11.1997	-99	-99	-99	-99	-99	-99
18.11.1997	-99	-99	-99	-99	-99	-99
19.11.1997	-99	-99	-99	-99	-99	-99
20.11.1997	-99	-99	-99	-99	-99	-99
21.11.1997	-99	-99	-99	-99	-99	-99
22.11.1997	-99	-99	-99	-99	-99	-99
23.11.1997	-99	-99	-99	-99	-99	-99
24.11.1997	-99	-99	-99	-99	-99	-99
25.11.1997	-99	-99	-99	-99	-99	-99
26.11.1997	-99	-99	-99	-99	-99	-99
27.11.1997	-99	-99	-99	-99	-99	-99
28.11.1997	-99	-99	-99	-99	-99	-99
29.11.1997	-99	-99	-99	-99	-99	-99
30.11.1997	-99	-99	-99	-99	-99	-99
01.12.1997	-99	-99	-99	-99	-99	-99
02.12.1997	-99	-99	-99	-99	-99	-99
03.12.1997	-99	-99	-99	-99	-99	-99
04.12.1997	-99	-99	-99	-99	-99	-99
05.12.1997	-99	-99	-99	-99	-99	-99
06.12.1997	-99	-99	-99	-99	-99	-99
07.12.1997	-99	-99	-99	-99	-99	-99
08.12.1997	-99	-99	-99	-99	-99	-99
09.12.1997	-99	-99	-99	-99	-99	-99
10.12.1997	-99	-99	-99	-99	-99	-99
11.12.1997	-99	-99	-99	-99	-99	-99
12.12.1997	-99	-99	-99	-99	-99	-99
13.12.1997	-99	-99	-99	-99	-99	-99
14.12.1997	-99	-99	-99	-99	-99	-99
15.12.1997	-99	-99	-99	-99	-99	-99
16.12.1997	-99	-99	-99	-99	-99	-99
17.12.1997	-99	-99	-99	-99	-99	-99
18.12.1997	-99	-99	-99	-99	-99	-99
19.12.1997	-99	-99	-99	-99	-99	-99
20.12.1997	-99	-99	-99	-99	-99	-99
21.12.1997	-99	-99	-99	-99	-99	-99
22.12.1997	-99	-99	-99	-99	-99	-99
23.12.1997	-99	-99	-99	-99	-99	-99
24.12.1997	-99	-99	-99	-99	-99	-99
25.12.1997	-99	-99	-99	-99	-99	-99
26.12.1997	-99	-99	-99	-99	-99	-99
27.12.1997	-99	-99	-99	-99	-99	-99
28.12.1997	-99	-99	-99	-99	-99	-99
29.12.1997	-99	-99	-99	-99	-99	-99
30.12.1997	-99	-99	-99	-99	-99	-99
31.12.1997	-99	-99	-99	-99	-99	-99
01.01.1998	-99	-99	-99	-99	-99	-99
02.01.1998	-99	-99	-99	-99	-99	-99
03.01.1998	-99	-99	-99	-99	-99	-99
04.01.1998	-99	-99	-99	-99	-99	-99
05.01.1998	-99	-99	-99	-99	-99	-99
06.01.1998	-99	-99	-99	-99	-99	-99
07.01.1998	-99	-99	-99	-99	-99	-99
08.01.1998	-99	-99	-99	-99	-99	-99
09.01.1998	-99	-99	-99	-99	-99	-99
10.01.1998	-99	-99	-99	-99	-99	-99
11.01.1998	-99	-99	-99	-99	-99	-99
12.01.1998	-99	-99	-99	-99	-99	-99
13.01.1998	-99	-99	-99	-99	-99	-99
14.01.1998	-99	-99	-99	-99	-99	-99
15.01.1998	-99	-99	-99	-99	-99	-99
16.01.1998	-99	-99	-99	-99	-99	-99
17.01.1998	-99	-99	-99	-99	-99	-99
18.01.1998	-99	-99	-99	-99	-99	-99
19.01.1998	-99	-99	-99	-99	-99	-99
20.01.1998	-99	-99	-99	-99	-99	-99
21.01.1998	-99	-99	-99	-99	-99	-99
22.01.1998	-99	-99	-99	-99	-99	-99
23.01.1998	-99	-99	-99	-99	-99	-99
24.01.1998	-99	-99	-99	-99	-99	-99
25.01.1998	-99	-99	-99	-99	-99	-99
26.01.1998	-99	-99	-99	-99	-99	-99
27.01.1998	-99	-99	-99	-99	-99	-99
28.01.1998	-99	-99	-99	-99	-99	-99
29.01.1998	-99	-99	-99	-99	-99	-99
30.01.1998	-99	-99	-99	-99	-99	-99
31.01.1998	-99	-99	-99	-99	-99	-99
01.02.1998	-99	-99	-99	-99	-99	-99
02.02.1998	-99	-99	-99	-99	-99	-99
03.02.1998	-99	-99	-99	-99	-99	-99
04.02.1998	-99	-99	-99	-99	-99	-99
05.02.1998	-99	-99	-99	-99	-99	-99
06.02.1998	-99	-99	-99	-99	-99	-99
07.02.1998	-99	-99	-99	-99	-99	-99
08.02.1998	-99	-99	-99	-99	-99	-99
09.02.1998	-99	-99	-99	-99	-99	-99
10.02.1998	-99	-99	-99	-99	-99	-99
11.02.1998	-99	-99	-99	-99	-99	-99
12.02.1998	-99	-99	-99	-99	-99	-99
13.02.1998	-99	-99	-99	-99	-99	-99
14.02.1998	-99	-99	-99	-99	-99	-99
15.02.1998	-99	-99	-99	-99	-99	-99
16.02.1998	-99	-99	-99	-99	-99	-99
17.02.1998	-99	-99	-99	-99	-99	-99
18.02.1998	-99	-99	-99	-99	-99	-99
19.02.1998	-99	-99	-99	-99	-99	-99
20.02.1998	-99	-99	-99	-99	-99	-99
21.02.1998	-99	-99	-99	-99	-99	-99
22.02.1998	-99	-99	-99	-99	-99	-99
23.02.1998	-99	-99	-99	-99	-99	-99
24.02.1998	-99	-99	-99	-99	-99	-99
25.02.1998	-99	-99	-99	-99	-99	-99
26.02.1998	-99	-99	-99	-99	-99	-99
27.02.1998	-99	-99	-99	-99	-99	-99
28.02.1998	-99	-99	-99	-99	-99	-99
01.03.1998	-99	-99	-99	-99	-99	-99
02.03.1998	-99	-99	-99	-99	-99	-99
03.03.1998	-99	-99	-99	-99	-99	-99
04.03.1998	-99	-99	-99	-99	-99	-99
05.03.1998	-99	-99	-99	-99	-99	-99
06.03.1998	-99	-99	-99	-99	-99	-99
07.03.1998	-99	-99	-99	-99	-99	-99
08.03.1998	-99	-99	-99	-99	-99	-99
09.03.1998	-99	-99	-99	-99	-99	-99
10.03.1998	-99	-99	-99	-99	-99	-99
11.03.1998	-99	-99	-99	-99	-99	-99
12.03.1998	-99	-99	-99	-99	-99	-99
13.03.1998	-99	-99	-99	-99	-99	-99
14.03.1998	-99	-99	-99	-99	-99	-99
15.03.1998	-99	-99	-99	-99	-99	-99
16.03.1998	-99	-99	-99	-99	-99	-99
17.03.1998	-99	-99	-99	-99	-99	-99
18.03.1998	-99	-99	-99	-99	-99	-99
19.03.1998	-99	-99	-99	-99	-99	-99
20.03.1998	-99	-99	-99	-99	-99	-99
21.03.1998	-99	-99	-99	-99	-99	-99
22.03.1998	-99	-99	-99	-99	-99	-99
23.03.1998	-99	-99	-99	-99	-99	-99
24.03.1998	-99	-99	-99	-99	-99	-99
25.03.1998	-99	-99	-99	-99	-99	-99
26.03.1998	-99	-99	-99	-99	-99	-99
27.03.1998	-99	-99	-99	-99	-99	-99
28.03.1998	-99	-99	-99	-99	-99	-99
29.03.1998	-99	-99	-99	-99	-99	-99
30.03.1998	-99	-99	-99	-99	-99	-99
31.03.1998	-99	-99	-99	-99	-99	-99
01.04.1998	-99	-99	-99	-99	-99	-99
02.04.1998	-99	-99	-99	-99	-99	-99
03.04.1998	-99	-99	-99	-99	-99	-99
04.04.1998	-99	-99	-99	-99	-99	-99
05.04.1998	-99	-99	-99	-99	-99	-99
06.04.1998	-99	-99	-99	-99	-99	-99
07.04.1998	-99	-99	-99	-99	-99	-99
08.04.1998	-99	-99	-99	-99	-99	-99
09.04.1998	-99	-99	-99	-99	-99	-99
10.04.1998	-99	-99	-99	-99	-99	-99
11.04.1998	-99	-99	-99	-99	-99	-99
12.04.1998	-99	-99	-99	-99	-99	-99
13.04.1998	-99	-99	-99	-99	-99	-99
14.04.1998	-99	-99	-99	-99	-99	-99
15.04.1998	-99	-99	-99	-99	-99	-99
16.04.1998	-99	-99	-99	-99	-99	-99
17.04.1998	-99	-99	-99	-99	-99	-99
18.04.1998	-99	-99	-99	-99	-99	-99
19.04.1998	-99	-99	-99	-99	-99	-99
20.04.1998	-99	-99	-99	-99	-99	-99
21.04.1998	-99	-99	-99	-99	-99	-99
22.04.1998	-99	-99	-99	-99	-99	-99
23.04.1998	-99	-99	-99	-99	-99	-99
24.04.1998	-99	-99	-99	-99	-99	-99
25.04.1998	-99	-99	-99	-99	-99	-99
26.04.1998	-99	-99	-99	-99	-99	-99
27.04.1998	-99	-99	-99	-99	-99	-99
28.04.1998	-99	-99	-99	-99	-99	-99
29.04.1998	-99	-99	-99	-99	-99	-99
30.04.1998	-99	-99	-99	-99	-99	-99
01.05.1998	-99	-99	-99	-99	-99	-99
02.05.1998	-99	-99	-99	-99	-99	-99
03.05.1998	-99	-99	-99	-99	-99	-99
04.05.1998	-99	-99	-99	-99	-99	-99
05.05.1998	-99	-99	-99	-99	-99	-99
06.05.1998	-99	-99	-99	-99	-99	-99
07.05.1998	-99	-99	-99	-99	-99	-99
08.05.1998	-99	-99	-99	-99	-99	-99
09.05.1998	-99	-99	-99	-99	-99	-99
10.05.1998	-99	-99	-99	-99	-99	-99
11.05.1998	-99	-99	-99	-99	-99	-99
12.05.1998	-99	-99	-99	-99	-99	-99
13.05.1998	-99	-99	-99	-99	-99	-99
14.05.1998	-99	-99	-99	-99	-99	-99
15.05.1998	-99	-99	-99	-99	-99	-99
16.05.1998	-99	-99	-99	-99	-99	-99
17.05.1998	-99	-99	-99	-99	-99	-99
18.05.1998	-99	-99	-99	-99	-99	-99
19.05.1998	-99	-99	-99	-99	-99	-99
20.05.1998	-99	-99	-99	-99	-99	-99
21.05.1998	-99	-99	-99	-99	-99	-99
22.05.1998	-99	-99	-99	-99	-99	-99
23.05.1998	-99	-99	-99	-99	-99	-99
24.05.1998	-99	-99	-99	-99	-99	-99
25.05.1998	-99	-99	-99	-99	-99	-99
26.05.1998	-99	-99	-99	-99	-99	-99
27.05.1998	-99	-99	-99	-99	-99	-99
28.05.1998	-99	-99	-99	-99	-99	-99
29.05.1998	-99	-99	-99	-99	-99	-99
30.05.1998	-99	-99	-99	-99	-99	-99
31.05.1998	-99	-99	-99	-99	-99	-99
01.06.1998	-99	-99	-99	-99	-99	-99
02.06.1998	-99	-99	-99	-99	-99	-99
03.06.1998	-99	-99	-99	-99	-99	-99
04.06.1998	-99	-99	-99	-99	-99	-99
05.06.1998	-99	-99	-99	-99	-99	-99
06.06.1998	-99	-99	-99	-99	-99	-99
07.06.1998	-99	-99	-99	-99	-99	-99
08.06.1998	-99	-99	-99	-99	-99	-99
09.06.1998	-99	-99	-99	-99	-99	-99
10.06.1998	-99	-99	-99	-99	-99	-99
11.06.1998	-99	-99	-99	-99	-99	-99
12.06.1998	-99	-99	-99	-99	-99	-99
13.06.1998	-99	-99	-99	-99	-99	-99
14.06.1998	-99	-99	-99	-99	-99	-99
15.06.1998	-99	-99	-99	-99	-99	-99
16.06.1998	-99	-99	-99	-99	-99	-99
17.06.1998	-99	-99	-99	-99	-99	-99
18.06.1998	-99	-99	-99	-99	-99	-99
19.06.1998	-99	-99	-99	-99	-99	-99
20.06.1998	-99	-99	-99	-99	-99	-99
21.06.1998	-99	-99	-99	-99	-99	-99
22.06.1998	-99	-99	-99	-99	-99	-99
23.06.1998	-99	-99	-99	-99	-99	-99
24.06.1998	-99	-99	-99	-99	-99	-99
25.06.1998	-99	-99	-99	-99	-99	-99
26.06.1998	-99	-99	-99	-99	-99	-99
27.06.1998	-99	-99	-99	-99	-99	-99
28.06.1998	-99	-99	-99	-99	-99	-99
29.06.1998	-99	-99	-99	-99	-99	-99
30.06.1998	-99	-99	-99	-99	-99	-99
01.07.1998	-99	-99	-99	-99	-99	-99
02.07.1998	-99	-99	-99	-99	-99	-99
03.07.1998	-99	-99	-99	-99	-99	-99
04.07.1998	-99	-99	-99	-99	-99	-99
05.07.1998	-99	-99	-99	-99	-99	-99
06.07.1998	-99	-99	-99	-99	-99	-99
07.07.1998	-99	-99	-99	-99	-99	-99
08.07.1998	-99	-99	-99	-99	-99	-99
09.07.1998	-99	-99	-99	-99	-99	-99
10.07.1998	-99	-99	-99	-99	-99	-99
11.07.1998	-99	-99	-99	-99	-99	-99
12.07.1998	-99	-99	-99	-99	-99	-99
13.07.1998	-99	-99	-99	-99	-99	-99
14.07.1998	-99	-99	-99	-99	-99	-99
15.07.1998	-99	-99	-99	-99	-99	-99
16.07.1998	-99	-99	-99	-99	-99	-99
17.07.1998	-99	-99	-99	-99	-99	-99
18.07.1998	-99	-99	-99	-99	-99	-99
19.07.1998	-99	-99	-99	-99	-99	-99
20.07.1998	-99	-99	-99	-99	-99	-99
21.07.1998	-99	-99	-99	-99	-99	-99
22.07.1998	-99	-99	-99	-99	-99	-99
23.07.1998	-99	-99	-99	-99	-99	-99
24.07.1998	-99	-99	-99	-99	-99	-99
25.07.1998	-99	-99	-99	-99	-99	-99
26.07.1998	-99	-99	-99	-99	-99	-99
27.07.1998	-99	-99	-99	-99	-99	-99
28.07.1998	-99	-99	-99	-99	-99	-99
29.07.1998	-99	-99	-99	-99	-99	-99
30.07.1998	-99	-99	-99	-99	-99	-99
31.07.1998	-99	-99	-99	-99	-99	-99
01.08.1998	-99	-99	-99	-99	-99	-99
02.08.1998	-99	-99	-99	-99	-99	-99
03.08.1998	-99	-99	-99	-99	-99	-99
04.08.1998	-99	-99	-99	-99	-99	-99
05.08.1998	-99	-99	-99	-99	-99	-99
06.08.1998	-99	-99	-99	-99	-99	-99
07.08.1998	-99	-99	-99	-99	-99	-99
08.08.1998	-99	-99	-99	-99	-99	-99
09.08.1998	-99	-99	-99	-99	-99	-99
10.08.1998	-99	-99	-99	-99	-99	-99
11.08.1998	-99	-99	-99	-99	-99	-99
12.08.1998	-99	-99	-99	-99	-99	-99
13.08.1998	-99	-99	-99	-99	-99	-99
14.08.1998	-99	-99	-99	-99	-99	-99
15.08.1998	-99	-99	-99	-99	-99	-99
16.08.1998	-99	-99	-99	-99	-99	-99
17.08.1998	-99	-99	-99	-99	-99	-99
18.08.1998	-99	-99	-99	-99	-99	-99
19.08.1998	-99	-99	-99	-99	-99	-99
20.08.1998	-99	-99	-99	-99	-99	-99
21.08.1998	-99	-99	-99	-99	-99	-99
22.08.1998	-99	-99	-99	-99	-99	-99
23.08.1998	-99	-99	-99	-99	-99	-99
24.08.1998	-99	-99	-99	-99	-99	-99
25.08.1998	-99	-99	-99	-99	-99	-99
26.08.1998	-99	-99	-99	-99	-99	-99
27.08.1998	-99	-99	-99	-99	-99	-99
28.08.1998	-99	-99	-99	-99	-99	-99
29.08.1998	-99	-99	-99	-99	-99	-99
30.08.1998	-99	-99	-99	-99	-99	-99
31.08.1998	-99	-99	-99	-99	-99	-99
01.09.1998	-99	-99	-99	-99	-99	-99
02.09.1998	-99	-99	-99	-99	-99	-99
03.09.1998	-99	-99	-99	-99	-99	-99
04.09.1998	-99	-99	-99	-99	-99	-99
05.09.1998	-99	-99	-99	-99	-99	-99
06.09.1998	-99	-99	-99	-99	-99	-99
07.09.1998	-99	-99	-99	-99	-99	-99
08.09.1998	-99	-99	-99	-99	-99	-99
09.09.1998	-99	-99	-99	-99	-99	-99
10.09.1998	-99	-99	-99	-99	-99	-99
11.09.1998	-99	-99	-99	-99	-99	-99
12.09.1998	-99	-99	-99	-99	-99	-99
13.09.1998	-99	-99	-99	-99	-99	-99
14.09.1998	-99	-99	-99	-99	-99	-99
15.09.1998	-99	-99	-99	-99	-99	-99
16.09.1998	-99	-99	-99	-99	-99	-99
17.09.1998	-99	-99	-99	-99	-99	-99
18.09.1998	-99	-99	-99	-99	-99	-99
19.09.1998	-99	-99	-99	-99	-99	-99
20.09.1998	-99	-99	-99	-99	-99	-99
21.09.1998	-99	-99	-99	-99	-99	-99
22.09.1998	-99	-99	-99	-99	-99	-99
23.09.1998	-99	-99	-99	-99	-99	-99
24.09.1998	-99	-99	-99	-99	-99	-99
25.09.1998	-99	-99	-99	-99	-99	-99
26.09.1998	-99	-99	-99	-99	-99	-99
27.09.1998	-99	-99	-99	-99	-99	-99
28.09.1998	-99	-99	-99	-99	-99	-99
29.09.1998	-99	-99	-99	-99	-99	-99
30.09.1998	-99	-99	-99	-99	-99	-99
01.10.1998	-99	-99	-99	-99	-99	-99
02.10.1998	-99	-99	-99	-99	-99	-99
03.10.1998	-99	-99	-99	-99	-99	-99
04.10.1998	-99	-99	-99	-99	-99	-99
05.10.1998	-99	-99	-99	-99	-99	-99
06.10.1998	-99	-99	-99	-99	-99	-99
07.10.1998	-99	-99	-99	-99	-99	-99
08.10.1998	-99	-99	-99	-99	-99	-99
09.10.1998	-99	-99	-99	-99	-99	-99
10.10.1998	-99	-99	-99	-99	-99	-99
11.10.1998	-99	-99	-99	-99	-99	-99
12.10.1998	-99	-99	-99	-99	-99	-99
13.10.1998	-99	-99	-99	-99	-99	-99
14.10.1998	-99	-99	-99	-99	-99	-99
15.10.1998	-99	-99	-99	-99	-99	-99
16.10.1998	-99	-99	-99	-99	-99	-99
17.10.1998	-99	-99	-99	-99	-99	-99
18.10.1998	-99	-99	-99	-99	-99	-99
19.10.1998	-99	-99	-99	-99	-99	-99
20.10.1998	-99	-99	-99	-99	-99	-99
21.10.1998	-99	-99	-99	-99	-99	-99
22.10.1998	-99	-99	-99	-99	-99	-99
23.10.1998	-99	-99	-99	-99	-99	-99
24.10.1998	-99	-99	-99	-99	-99	-99
25.10.1998	-99	-99	-99	-99	-99	-99
26.10.1998	-99	-99	-99	-99	-99	-99
27.10.1998	-99	-99	-99	-99	-99	-99
28.10.1998	-99	-99	-99	-99	-99	-99
29.10.1998	-99	-99	-99	-99	-99	-99
30.10.1998	-99	-99	-99	-99	-99	-99
31.10.1998	-99	-99	-99	-99	-99	-99
01.11.1998	-99	-99	-99	-99	-99	-99
02.11.1998	-99	-99	-99	-99	-99	-99
03.11.1998	-99	-99	-99	-99	-99	-99
04.11.1998	-99	-99	-99	-99	-99	-99
05.11.1998	-99	-99	-99	-99	-99	-99
06.11.1998	-99	-99	-99	-99	-99	-99
07.11.1998	-99	-99	-99	-99	-99	-99
08.11.1998	-99	-99	-99	-99	-99	-99
09.11.1998	-99	-99	-99	-99	-99	-99
10.11.1998	-99	-99	-99	-99	-99	-99
11.11.1998	-99	-99	-99	-99	-99	-99
12.11.1998	-99	-99	-99	-99	-99	-99
13.11.1998	-99	-99	-99	-99	-99	-99
14.11.1998	-99	-99	-99	-99	-99	-99
15.11.1998	-99	-99	-99	-99	-99	-99
16.11.1998	-99	-99	-99	-99	-99	-99
17.11.1998	-99	-99	-99	-99	-99	-99
18.11.1998	-99	-99	-99	-99	-99	-99
19.11.1998	-99	-99	-99	-99	-99	-99
20.11.1998	-99	-99	-99	-99	-99	-99
21.11.1998	-99	-99	-99	-99	-99	-99
22.11.1998	-99	-99	-99	-99	-99	-99
23.11.1998	-99	-99	-99	-99	-99	-99
24.11.1998	-99	-99	-99	-99	-99	-99
25.11.1998	-99	-99	-99	-99	-99	-99
26.11.1998	-99	-99	-99	-99	-99	-99
27.11.1998	-99	-99	-99	-99	-99	-99
28.11.1998	-99	-99	-99	-99	-99	-99
29.11.1998	-99	-99	-99	-99	-99	-99
30.11.1998	-99	-99	-99	-99	-99	-99
01.12.1998	-99	-99	-99	-99	-99	-99
02.12.1998	-99	-99	-99	-99	-99	-99
03.12.1998	-99	-99	-99	-99	-99	-99
04.12.1998	-99	-99	-99	-99	-99	-99
05.12.1998	-99	-99	-99	-99	-99	-99
06.12.1998	-99	-99	-99	-99	-99	-99
07.12.1998	-99	-99	-99	-99	-99	-99
08.12.1998	-99	-99	-99	-99	-99	-99
09.12.1998	-99	-99	-99	-99	-99	-99
10.12.1998	-99	-99	-99	-99	-99	-99
11.12.1998	-99	-99	-99	-99	-99	-99
12.12.1998	-99	-99	-99	-99	-99	-99
13.12.1998	-99	-99	-99	-99	-99	-99
14.12.1998	-99	-99	-99	-99	-99	-99
15.12.1998	-99	-99	-99	-99	-99	-99
16.12.1998	-99	-99	-99	-99	-99	-99
17.12.1998	-99	-99	-99	-99	-99	-99
18.12.1998	-99	-99	-99	-99	-99	-99
19.12.1998	-99	-99	-99	-99	-99	-99
20.12.1998	-99	-99	-99	-99	-99	-99
21.12.1998	-99	-99	-99	-99	-99	-99
22.12.1998	-99	-99	-99	-99	-99	-99
23.12.1998	-99	-99	-99	-99	-99	-99
24.12.1998	-99	-99	-99	-99	-99	-99
25.12.1998	-99	-99	-99	-99	-99	-99
26.12.1998	-99	-99	-99	-99	-99	-99
27.12.1998	-99	-99	-99	-99	-99	-99
28.12.1998	-99	-99	-99	-99	-99	-99
29.12.1998	-99	-99	-99	-99	-99	-99
30.12.1998	-99	-99	-99	-99	-99	-99
31.12.1998	-99	-99	-99	-99	-99	-99
01.01.1999	-99	-99	-99	-99	-99	-99
02.01.1999	-99	-99	-99	-99	-99	-99
03.01.1999	-99	-99	-99	-99	-99	-99
04.01.1999	-99	-99	-99	-99	-99	-99
05.01.1999	-99	-99	-99	-99	-99	-99
06.01.1999	-99	-99	-99	-99	-99	-99
07.01.1999	-99	-99	-99	-99	-99	-99
08.01.1999	-99	-99	-99	-99	-99	-99
09.01.1999	-99	-99	-99	-99	-99	-99
10.01.1999	-99	-99	-99	-99	-99	-99
11.01.1999	-99	-99	-99	-99	-99	-99
12.01.1999	-99	-99	-99	-99	-99	-99
13.01.1999	-99	-99	-99	-99	-99	-99
14.01.1999	-99	-99	-99	-99	-99	-99
15.01.1999	-99	-99	-99	-99	-99	-99
16.01.1999	-99	-99	-99	-99	-99	-99
17.01.1999	-99	-99	-99	-99	-99	-99
18.01.1999	-99	-99	-99	-99	-99	-99
19.01.1999	-99	-99	-99	-99	-99	-99
20.01.1999	-99	-99	-99	-99	-99	-99
21.01.1999	-99	-99	-99	-99	-99	-99
22.01.1999	-99	-99	-99	-99	-99	-99
23.01.1999	-99	-99	-99	-99	-99	-99
24.01.1999	-99	-99	-99	-99	-99	-99
25.01.1999	-99	-99	-99	-99	-99	-99
26.01.1999	-99	-99	-99	-99	-99	-99
27.01.1999	-99	-99	-99	-99	-99	-99
28.01.1999	-99	-99	-99	-99	-99	-99
29.01.1999	-99	-99	-99	-99	-99	-99
30.01.1999	-99	-99	-99	-99	-99	-99
31.01.1999	-99	-99	-99	-99	-99	-99
01.02.1999	-99	-99	-99	-99	-99	-99
02.02.1999	-99	-99	-99	-99	-99	-99
03.02.1999	-99	-99	-99	-99	-99	-99
04.02.1999	-99	-99	-99	-99	-99	-99
05.02.1999	-99	-99	-99	-99	-99	-99
06.02.1999	-99	-99	-99	-99	-99	-99
07.02.1999	-99	-99	-99	-99	-99	-99
08.02.1999	-99	-99	-99	-99	-99	-99
09.02.1999	-99	-99	-99	-99	-99	-99
10.02.1999	-99	-99	-99	-99	-99	-99
11.02.1999	-99	-99	-99	-99	-99	-99
12.02.1999	-99	-99	-99	-99	-99	-99
13.02.1999	-99	-99	-99	-99	-99	-99
14.02.1999	-99	-99	-99	-99	-99	-99
15.02.1999	-99	-99	-99	-99	-99	-99
16.02.1999	-99	-99	-99	-99	-99	-99
17.02.1999	-99	-99	-99	-99	-99	-99
18.02.1999	-99	-99	-99	-99	-99	-99
19.02.1999	-99	-99	-99	-99	-99	-99
20.02.1999	-99	-99	-99	-99	-99	-99
21.02.1999	-99	-99	-99	-99	-99	-99
22.02.1999	-99	-99	-99	-99	-99	-99
23.02.1999	-99	-99	-99	-99	-99	-99
24.02.1999	-99	-99	-99	-99	-99	-99
25.02.1999	-99	-99	-99	-99	-99	-99
26.02.1999	-99	-99	-99	-99	-99	-99
27.02.1999	-99	-99	-99	-99	-99	-99
28.02.1999	-99	-99	-99	-99	-99	-99
01.03.1999	-99	-99	-99	-99	-99	-99
02.03.1999	-99	-99	-99	-99	-99	-99
03.03.1999	-99	-99	-99	-99	-99	-99
04.03.1999	-99	-99	-99	-99	-99	-99
05.03.1999	-99	-99	-99	-99	-99	-99
06.03.1999	-99	-99	-99	-99	-99	-99
07.03.1999	-99	-99	-99	-99	-99	-99
08.03.1999	-99	-99	-99	-99	-99	-99
09.03.1999	-99	-99	-99	-99	-99	-99
10.03.1999	-99	-99	-99	-99	-99	-99
11.03.1999	-99	-99	-99	-99	-99	-99
12.03.1999	-99	-99	-99	-99	-99	-99
13.03.1999	-99	-99	-99	-99	-99	-99
14.03.1999	-99	-99	-99	-99	-99	-99
15.03.1999	-99	-99	-99	-99	-99	-99
16.03.1999	-99	-99	-99	-99	-99	-99
17.03.1999	-99	-99	-99	-99	-99	-99
18.03.1999	-99	-99	-99	-99	-99	-99
19.03.1999	-99	-99	-99	-99	-99	-99
20.03.1999	-99	-99	-99	-99	-99	-99
21.03.1999	-99	-99	-99	-99	-99	-99
22.03.1999	-99	-99	-99	-99	-99	-99
23.03.1999	-99	-99	-99	-99	-99	-99
24.03.1999	-99	-99	-99	-99	-99	-99
25.03.1999	-99	-99	-99	-99	-99	-99
26.03.1999	-99	-99	-99	-99	-99	-99
27.03.1999	-99	-99	-99	-99	-99	-99
28.03.1999	-99	-99	-99	-99	-99	-99
29.03.1999	-99	-99	-99	-99	-99	-99
30.03.1999	-99	-99	-99	-99	-99	-99
31.03.1999	-99	-99	-99	-99	-99	-99
01.04.1999	-99	-99	-99	-99	-99	-99
02.04.1999	-99	-99	-99	-99	-99	-99
03.04.1999	-99	-99	-99	-99	-99	-99
04.04.1999	-99	-99	-99	-99	-99	-99
05.04.1999	-99	-99	-99	-99	-99	-99
06.04.1999	-99	-99	-99	-99	-99	-99
07.04.1999	-99	-99	-99	-99	-99	-99
08.04.1999	-99	-99	-99	-99	-99	-99
09.04.1999	-99	-99	-99	-99	-99	-99
10.04.1999	-99	-99	-99	-99	-99	-99
11.04.1999	-99	-99	-99	-99	-99	-99
12.04.1999	-99	-99	-99	-99	-99	-99
13.04.1999	-99	-99	-99	-99	-99	-99
14.04.1999	-99	-99	-99	-99	-99	-99
15.04.1999	-99	-99	-99	-99	-99	-99
16.04.1999	-99	-99	-99	-99	-99	-99
17.04.1999	-99	-99	-99	-99	-99	-99
18.04.1999	-99	-99	-99	-99	-99	-99
19.04.1999	-99	-99	-99	-99	-99	-99
20.04.1999	-99	-99	-99	-99	-99	-99
21.04.1999	-99	-99	-99	-99	-99	-99
22.04.1999	-99	-99	-99	-99	-99	-99
23.04.1999	-99	-99	-99	-99	-99	-99
24.04.1999	-99	-99	-99	-99	-99	-99
25.04.1999	-99	-99	-99	-99	-99	-99
26.04.1999	-99	-99	-99	-99	-99	-99
27.04.1999	-99	-99	-99	-99	-99	-99
28.04.1999	-99	-99	-99	-99	-99	-99
29.04.1999	-99	-99	-99	-99	-99	-99
30.04.1999	-99	-99	-99	-99	-99	-99
01.05.1999	-99	-99	-99	-99	-99	-99
02.05.1999	-99	-99	-99	-99	-99	-99
03.05.1999	-99	-99	-99	-99	-99	-99
04.05.1999	-99	-99	-99	-99	-99	-99
05.05.1999	-99	-99	-99	-99	-99	-99
06.05.1999	-99	-99	-99	-99	-99	-99
07.05.1999	-99	-99	-99	-99	-99	-99
08.05.1999	-99	-99	-99	-99	-99	-99
09.05.1999	-99	-99	-99	-99	-99	-99
10.05.1999	-99	-99	-99	-99	-99	-99
11.05.1999	-99	-99	-99	-99	-99	-99
12.05.1999	-99	-99	-99	-99	-99	-99
13.05.1999	-99	-99	-99	-99	-99	-99
14.05.1999	-99	-99	-99	-99	-99	-99
15.05.1999	-99	-99	-99	-99	-99	-99
16.05.1999	-99	-99	-99	-99	-99	-99
17.05.1999	-99	-99	-99	-99	-99	-99
18.05.1999	-99	-99	-99	-99	-99	-99
19.05.1999	-99	-99	-99	-99	-99	-99
20.05.1999	-99	-99	-99	-99	-99	-99
21.05.1999	-99	-99	-99	-99	-99	-99
22.05.1999	-99	-99	-99	-99	-99	-99
23.05.1999	-99	-99	-99	-99	-99	-99
24.05.1999	-99	-99	-99	-99	-99	-99
25.05.1999	-99	-99	-99	-99	-99	-99
26.05.1999	-99	-99	-99	-99	-99	-99
27.05.1999	-99	-99	-99	-99	-99	-99
28.05.1999	-99	-99	-99	-99	-99	-99
29.05.1999	-99	-99	-99	-99	-99	-99
30.05.1999	-99	-99	-99	-99	-99	-99
31.05.1999	-99	-99	-99	-99	-99	-99
01.06.1999	-99	-99	-99	-99	-99	-99
02.06.1999	-99	-99	-99	-99	-99	-99
03.06.1999	-99	-99	-99	-99	-99	-99
04.06.1999	-99	-99	-99	-99	-99	-99
05.06.1999	-99	-99	-99	-99	-99	-99
06.06.1999	-99	-99	-99	-99	-99	-99
07.06.1999	-99	-99	-99	-99	-99	-99
08.06.1999	-99	-99	-99	-99	-99	-99
09.06.1999	-99	-99	-99	-99	-99	-99
10.06.1999	-99	-99	-99	-99	-99	-99
11.06.1999	-99	-99	-99	-99	-99	-99
12.06.1999	-99	-99	-99	-99	-99	-99
13.06.1999	-99	-99	-99	-99	-99	-99
14.06.1999	-99	-99	-99	-99	-99	-99
15.06.1999	-99	-99	-99	-99	-99	-99
16.06.1999	-99	-99	-99	-99	-99	-99
17.06.1999	-99	-99	-99	-99	-99	-99
18.06.1999	-99	-99	-99	-99	-99	-99
19.06.1999	-99	-99	-99	-99	-99	-99
20.06.1999	-99	-99	-99	-99	-99	-99
21.06.1999	-99	-99	-99	-99	-99	-99
22.06.1999	-99	-99	-99	-99	-99	-99
23.06.1999	-99	-99	-99	-99	-99	-99
24.06.1999	-99	-99	-99	-99	-99	-99
25.06.1999	-99	-99	-99	-99	-99	-99
26.06.1999	-99	-99	-99	-99	-99	-99
27.06.1999	-99	-99	-99	-99	-99	-99
28.06.1999	-99	-99	-99	-99	-99	-99
29.06.1999	-99	-99	-99	-99	-99	-99
30.06.1999	-99	-99	-99	-99	-99	-99
01.07.1999	-99	-99	-99	-99	-99	-99
02.07.1999	-99	-99	-99	-99	-99	-99
03.07.1999	-99	-99	-99	-99	-99	-99
04.07.1999	-99	-99	-99	-99	-99	-99
05.07.1999	-99	-99	-99	-99	-99	-99
06.07.1999	-99	-99	-99	-99	-99	-99
07.07.1999	-99	-99	-99	-99	-99	-99
08.07.1999	-99	-99	-99	-99	-99	-99
09.07.1999	-99	-99	-99	-99	-99	-99
10.07.1999	-99	-99	-99	-99	-99	-99
11.07.1999	-99	-99	-99	-99	-99	-99
12.07.1999	-99	-99	-99	-99	-99	-99
13.07.1999	-99	-99	-99	-99	-99	-99
14.07.1999	-99	-99	-99	-99	-99	-99
15.07.1999	-99	-99	-99	-99	-99	-99
16.07.1999	-99	-99	-99	-99	-99	-99
17.07.1999	-99	-99	-99	-99	-99	-99
18.07.1999	-99	-99	-99	-99	-99	-99
19.07.1999	-99	-99	-99	-99	-99	-99
20.07.1999	-99	-99	-99	-99	-99	-99
21.07.1999	-99	-99	-99	-99	-99	-99
22.07.1999	-99	-99	-99	-99	-99	-99
23.07.1999	-99	-99	-99	-99	-99	-99
24.07.1999	-99	-99	-99	-99	-99	-99
25.07.1999	-99	-99	-99	-99	-99	-99
26.07.1999	-99	-99	-99	-99	-99	-99
27.07.1999	-99	-99	-99	-99	-99	-99
28.07.1999	-99	-99	-99	-99	-99	-99
29.07.1999	-99	-99	-99	-99	-99	-99
30.07.1999	-99	-99	-99	-99	-99	-99
31.07.1999	-99	-99	-99	-99	-99	-99
01.08.1999	-99	-99	-99	-99	-99	-99
02.08.1999	-99	-99	-99	-99	-99	-99
03.08.1999	-99	-99	-99	-99	-99	-99
04.08.1999	-99	-99	-99	-99	-99	-99
05.08.1999	-99	-99	-99	-99	-99	-99
06.08.1999	-99	-99	-99	-99	-99	-99
07.08.1999	-99	-99	-99	-99	-99	-99
08.08.1999	-99	-99	-99	-99	-99	-99
09.08.1999	-99	-99	-99	-99	-99	-99
10.08.1999	-99	-99	-99	-99	-99	-99
11.08.1999	-99	-99	-99	-99	-99	-99
12.08.1999	-99	-99	-99	-99	-99	-99
13.08.1999	-99	-99	-99	-99	-99	-99
14.08.1999	-99	-99	-99	-99	-99	-99
15.08.1999	-99	-99	-99	-99	-99	-99
16.08.1999	-99	-99	-99	-99	-99	-99
17.08.1999	-99	-99	-99	-99	-99	-99
18.08.1999	-99	-99	-99	-99	-99	-99
19.08.1999	-99	-99	-99	-99	-99	-99
20.08.1999	-99	-99	-99	-99	-99	-99
21.08.1999	-99	-99	-99	-99	-99	-99
22.08.1999	-99	-99	-99	-99	-99	-99
23.08.1999	-99	-99	-99	-99	-99	-99
24.08.1999	-99	-99	-99	-99	-99	-99
25.08.1999	-99	-99	-99	-99	-99	-99
26.08.1999	-99	-99	-99	-99	-99	-99
27.08.1999	-99	-99	-99	-99	-99	-99
28.08.1999	-99	-99	-99	-99	-99	-99
29.08.1999	-99	-99	-99	-99	-99	-99
30.08.1999	-99	-99	-99	-99	-99	-99
31.08.1999	-99	-99	-99	-99	-99	-99
01.09.1999	-99	-99	-99	-99	-99	-99
02.09.1999	-99	-99	-99	-99	-99	-99
03.09.1999	-99	-99	-99	-99	-99	-99
04.09.1999	-99	-99	-99	-99	-99	-99
05.09.1999	-99	-99	-99	-99	-99	-99
06.09.1999	-99	-99	-99	-99	-99	-99
07.09.1999	-99	-99	-99	-99	-99	-99
08.09.1999	-99	-99	-99	-99	-99	-99
09.09.1999	-99	-99	-99	-99	-99	-99
10.09.1999	-99	-99	-99	-99	-99	-99
11.09.1999	-99	-99	-99	-99	-99	-99
12.09.1999	-99	-99	-99	-99	-99	-99
13.09.1999	-99	-99	-99	-99	-99	-99
14.09.1999	-99	-99	-99	-99	-99	-99
15.09.1999	-99	-99	-99	-99	-99	-99
16.09.1999	-99	-99	-99	-99	-99	-99
17.09.1999	-99	-99	-99	-99	-99	-99
18.09.1999	-99	-99	-99	-99	-99	-99
19.09.1999	-99	-99	-99	-99	-99	-99
20.09.1999	-99	-99	-99	-99	-99	-99
21.09.1999	-99	-99	-99	-99	-99	-99
22.09.1999	-99	-99	-99	-99	-99	-99
23.09.1999	-99	-99	-99	-99	-99	-99
24.09.1999	-99	-99	-99	-99	-99	-99
25.09.1999	-99	-99	-99	-99	-99	-99
26.09.1999	-99	-99	-99	-99	-99	-99
27.09.1999	-99	-99	-99	-99	-99	-99
28.09.1999	-99	-99	-99	-99	-99	-99
29.09.1999	-99	-99	-99	-99	-99	-99
30.09.1999	-99	-99	-99	-99	-99	-99
01.10.1999	-99	-99	-99	-99	-99	-99
02.10.1999	-99	-99	-99	-99	-99	-99
03.10.1999	-99	-99	-99	-99	-99	-99
04.10.1999	-99	-99	-99	-99	-99	-99
05.10.1999	-99	-99	-99	-99	-99	-99
06.10.1999	-99	-99	-99	-99	-99	-99
07.10.1999	-99	-99	-99	-99	-99	-99
08.10.1999	-99	-99	-99	-99	-99	-99
09.10.1999	-99	-99	-99	-99	-99	-99
10.10.1999	-99	-99	-99	-99	-99	-99
11.10.1999	-99	-99	-99	-99	-99	-99
12.10.1999	-99	-99	-99	-99	-99	-99
13.10.1999	-99	-99	-99	-99	-99	-99
14.10.1999	-99	-99	-99	-99	-99	-99
15.10.1999	-99	-99	-99	-99	-99	-99
16.10.1999	-99	-99	-99	-99	-99	-99
17.10.1999	-99	-99	-99	-99	-99	-99
18.10.1999	-99	-99	-99	-99	-99	-99
19.10.1999	-99	-99	-99	-99	-99	-99
20.10.1999	-99	-99	-99	-99	-99	-99
21.10.1999	-99	-99	-99	-99	-99	-99
22.10.1999	-99	-99	-99	-99	-99	-99
23.10.1999	-99	-99	-99	-99	-99	-99
24.10.1999	-99	-99	-99	-99	-99	-99
25.10.1999	-99	-99	-99	-99	-99	-99
26.10.1999	-99	-99	-99	-99	-99	-99
27.10.1999	-99	-99	-99	-99	-99	-99
28.10.1999	-99	-99	-99	-99	-99	-99
29.10.1999	-99	-99	-99	-99	-99	-99
30.10.1999	-99	-99	-99	-99	-99	-99
31.10.1999	-99	-99	-99	-99	-99	-99
01.11.1999	-99	-99	-99	-99	-99	-99
02.11.1999	-99	-99	-99	-99	-99	-99
03.11.1999	-99	-99	-99	-99	-99	-99
04.11.1999	-99	-99	-99	-99	-99	-99
05.11.1999	-99	-99	-99	-99	-99	-99
06.11.1999	-99	-99	-99	-99	-99	-99
07.11.1999	-99	-99	-99	-99	-99	-99
08.11.1999	-99	-99	-99	-99	-99	-99
09.11.1999	-99	-99	-99	-99	-99	-99
10.11.1999	-99	-99	-99	-99	-99	-99
11.11.1999	-99	-99	-99	-99	-99	-99
12.11.1999	-99	-99	-99	-99	-99	-99
13.11.1999	-99	-99	-99	-99	-99	-99
14.11.1999	-99	-99	-99	-99	-99	-99
15.11.1999	-99	-99	-99	-99	-99	-99
16.11.1999	-99	-99	-99	-99	-99	-99
17.11.1999	-99	-99	-99	-99	-99	-99
18.11.1999	-99	-99	-99	-99	-99	-99
19.11.1999	-99	-99	-99	-99	-99	-99
20.11.1999	-99	-99	-99	-99	-99	-99
21.11.1999	-99	-99	-99	-99	-99	-99
22.11.1999	-99	-99	-99	-99	-99	-99
23.11.1999	-99	-99	-99	-99	-99	-99
24.11.1999	-99	-99	-99	-99	-99	-99
25.11.1999	-99	-99	-99	-99	-99	-99
26.11.1999	-99	-99	-99	-99	-99	-99
27.11.1999	-99	-99	-99	-99	-99	-99
28.11.1999	-99	-99	-99	-99	-99	-99
29.11.1999	-99	-99	-99	-99	-99	-99
30.11.1999	-99	-99	-99	-99	-99	-99
01.12.1999	-99	-99	-99	-99	-99	-99
02.12.1999	-99	-99	-99	-99	-99	-99
03.12.1999	-99	-99	-99	-99	-99	-99
04.12.1999	-99	-99	-99	-99	-99	-99
05.12.1999	-99	-99	-99	-99	-99	-99
06.12.1999	-99	-99	-99	-99	-99	-99
07.12.1999	-99	-99	-99	-99	-99	-99
08.12.1999	-99	-99	-99	-99	-99	-99
09.12.1999	-99	-99	-99	-99	-99	-99
10.12.1999	-99	-99	-99	-99	-99	-99
11.12.1999	-99	-99	-99	-99	-99	-99
12.12.1999	-99	-99	-99	-99	-99	-99
13.12.1999	-99	-99	-99	-99	-99	-99
14.12.1999	-99	-99	-99	-99	-99	-99
15.12.1999	-99	-99	-99	-99	-99	-99
16.12.1999	-99	-99	-99	-99	-99	-99
17.12.1999	-99	-99	-99	-99	-99	-99
18.12.1999	-99	-99	-99	-99	-99	-99
19.12.1999	-99	-99	-99	-99	-99	-99
20.12.1999	-99	-99	-99	-99	-99	-99
21.12.1999	-99	-99	-99	-99	-99	-99
22.12.1999	-99	-99	-99	-99	-99	-99
23.12.1999	-99	-99	-99	-99	-99	-99
24.12.1999	-99	-99	-99	-99	-99	-99
25.12.1999	-99	-99	-99	-99	-99	-99
26.12.1999	-99	-99	-99	-99	-99	-99
27.12.1999	-99	-99	-99	-99	-99	-99
28.12.1999	-99	-99	-99	-99	-99	-99
29.12.1999	-99	-99	-99	-99	-99	-99
30.12.1999	-99	-99	-99	-99	-99	-99
31.12.1999	-99	-99	-99	-99	-99	-99
01.01.2000	-99	-99	-99	-99	-99	-99
02.01.2000	-99	-99	-99	-99	-99	-99
03.01.2000	-99	-99	-99	-99	-99	-99
04.01.2000	-99	-99	-99	-99	-99	-99
05.01.2000	-99	-99	-99	-99	-99	-99
06.01.2000	-99	-99	-99	-99	-99	-99
07.01.2000	-99	-99	-99	-99	-99	-99
08.01.2000	-99	-99	-99	-99	-99	-99
09.01.2000	-99	-99	-99	-99	-99	-99
10.01.2000	-99	-99	-99	-99	-99	-99
11.01.2000	-99	-99	-99	-99	-99	-99
12.01.2000	-99	-99	-99	-99	-99	-99
13.01.2000	-99	-99	-99	-99	-99	-99
14.01.2000	-99	-99	-99	-99	-99	-99
15.01.2000	-99	-99	-99	-99	-99	-99
16.01.2000	-99	-99	-99	-99	-99	-99
17.01.2000	-99	-99	-99	-99	-99	-99
18.01.2000	-99	-99	-99	-99	-99	-99
19.01.2000	-99	-99	-99	-99	-99	-99
20.01.2000	-99	-99	-99	-99	-99	-99
21.01.2000	-99	-99	-99	-99	-99	-99
22.01.2000	-99	-99	-99	-99	-99	-99
23.01.2000	-99	-99	-99	-99	-99	-99
24.01.2000	-99	-99	-99	-99	-99	-99
25.01.2000	-99	-99	-99	-99	-99	-99
26.01.2000	-99	-99	-99	-99	-99	-99
27.01.2000	-99	-99	-99	-99	-99	-99
28.01.2000	-99	-99	-99	-99	-99	-99
29.01.2000	-99	-99	-99	-99	-99	-99
30.01.2000	-99	-99	-99	-99	-99	-99
31.01.2000	-99	-99	-99	-99	-99	-99
01.02.2000	-99	-99	-99	-99	-99	-99
02.02.2000	-99	-99	-99	-99	-99	-99
03.02.2000	-99	-99	-99	-99	-99	-99
04.02.2000	-99	-99	-99	-99	-99	-99
05.02.2000	-99	-99	-99	-99	-99	-99
06.02.2000	-99	-99	-99	-99	-99	-99
07.02.2000	-99	-99	-99	-99	-99	-99
08.02.2000	-99	-99	-99	-99	-99	-99
09.02.2000	-99	-99	-99	-99	-99	-99
10.02.2000	-99	-99	-99	-99	-99	-99
11.02.2000	-99	-99	-99	-99	-99	-99
12.02.2000	-99	-99	-99	-99	-99	-99
13.02.2000	-99	-99	-99	-99	-99	-99
14.02.2000	-99	-99	-99	-99	-99	-99
15.02.2000	-99	-99	-99	-99	-99	-99
16.02.2000	-99	-99	-99	-99	-99	-99
17.02.2000	-99	-99	-99	-99	-99	-99
18.02.2000	-99	-99	-99	-99	-99	-99
19.02.2000	-99	-99	-99	-99	-99	-99
20.02.2000	-99	-99	-99	-99	-99	-99
21.02.2000	-99	-99	-99	-99	-99	-99
22.02.2000	-99	-99	-99	-99	-99	-99
23.02.2000	-99	-99	-99	-99	-99	-99
24.02.2000	-99	-99	-99	-99	-99	-99
25.02.2000	-99	-99	-99	-99	-99	-99
26.02.2000	-99	-99	-99	-99	-99	-99
27.02.2000	-99	-99	-99	-99	-99	-99
28.02.2000	-99	-99	-99	-99	-99	-99
29.02.2000	-99	-99	-99	-99	-99	-99
01.03.2000	-99	-99	-99	-99	-99	-99
02.03.2000	-99	-99	-99	-99	-99	-99
03.03.2000	-99	-99	-99	-99	-99	-99
04.03.2000	-99	-99	-99	-99	-99	-99
05.03.2000	-99	-99	-99	-99	-99	-99
06.03.2000	-99	-99	-99	-99	-99	-99
07.03.2000	-99	-99	-99	-99	-99	-99
08.03.2000	-99	-99	-99	-99	-99	-99
09.03.2000	-99	-99	-99	-99	-99	-99
10.03.2000	-99	-99	-99	-99	-99	-99
11.03.2000	-99	-99	-99	-99	-99	-99
12.03.2000	-99	-99	-99	-99	-99	-99
13.03.2000	-99	-99	-99	-99	-99	-99
14.03.2000	-99	-99	-99	-99	-99	-99
15.03.2000	-99	-99	-99	-99	-99	-99
16.03.2000	-99	-99	-99	-99	-99	-99
17.03.2000	-99	-99	-99	-99	-99	-99
18.03.2000	-99	-99	-99	-99	-99	-99
19.03.2000	-99	-99	-99	-99	-99	-99
20.03.2000	-99	-99	-99	-99	-99	-99
21.03.2000	-99	-99	-99	-99	-99	-99
22.03.2000	-99	-99	-99	-99	-99	-99
23.03.2000	-99	-99	-99	-99	-99	-99
24.03.2000	-99	-99	-99	-99	-99	-99
25.03.2000	-99	-99	-99	-99	-99	-99
26.03.2000	-99	-99	-99	-99	-99	-99
27.03.2000	-99	-99	-99	-99	-99	-99
28.03.2000	-99	-99	-99	-99	-99	-99
29.03.2000	-99	-99	-99	-99	-99	-99
30.03.2000	-99	-99	-99	-99	-99	-99
31.03.2000	-99	-99	-99	-99	-99	-99
01.04.2000	-99	-99	-99	-99	-99	-99
02.04.2000	-99	-99	-99	-99	-99	-99
03.04.2000	-99	-99	-99	-99	-99	-99
04.04.2000	-99	-99	-99	-99	-99	-99
05.04.2000	-99	-99	-99	-99	-99	-99
06.04.2000	-99	-99	-99	-99	-99	-99
07.04.2000	-99	-99	-99	-99	-99	-99
08.04.2000	-99	-99	-99	-99	-99	-99
09.04.2000	-99	-99	-99	-99	-99	-99
10.04.2000	-99	-99	-99	-99	-99	-99
11.04.2000	-99	-99	-99	-99	-99	-99
12.04.2000	-99	-99	-99	-99	-99	-99
13.04.2000	-99	-99	-99	-99	-99	-99
14.04.2000	-99	-99	-99	-99	-99	-99
15.04.2000	-99	-99	-99	-99	-99	-99
16.04.2000	-99	-99	-99	-99	-99	-99
17.04.2000	-99	-99	-99	-99	-99	-99
18.04.2000	-99	-99	-99	-99	-99	-99
19.04.2000	-99	-99	-99	-99	-99	-99
20.04.2000	-99	-99	-99	-99	-99	-99
21.04.2000	-99	-99	-99	-99	-99	-99
22.04.2000	-99	-99	-99	-99	-99	-99
23.04.2000	-99	-99	-99	-99	-99	-99
24.04.2000	-99	-99	-99	-99	-99	-99
25.04.2000	-99	-99	-99	-99	-99	-99
26.04.2000	-99	-99	-99	-99	-99	-99
27.04.2000	-99	-99	-99	-99	-99	-99
28.04.2000	-99	-99	-99	-99	-99	-99
29.04.2000	-99	-99	-99	-99	-99	-99
30.04.2000	-99	-99	-99	-99	-99	-99
01.05.2000	-99	-99	-99	-99	-99	-99
02.05.2000	-99	-99	-99	-99	-99	-99
03.05.2000	-99	-99	-99	-99	-99	-99
04.05.2000	-99	-99	-99	-99	-99	-99
05.05.2000	-99	-99	-99	-99	-99	-99
06.05.2000	-99	-99	-99	-99	-99	-99
07.05.2000	-99	-99	-99	-99	-99	-99
08.05.2000	-99	-99	-99	-99	-99	-99
09.05.2000	-99	-99	-99	-99	-99	-99
10.05.2000	-99	-99	-99	-99	-99	-99
11.05.2000	-99	-99	-99	-99	-99	-99
12.05.2000	-99	-99	-99	-99	-99	-99
13.05.2000	-99	-99	-99	-99	-99	-99
14.05.2000	-99	-99	-99	-99	-99	-99
15.05.2000	-99	-99	-99	-99	-99	-99
16.05.2000	-99	-99	-99	-99	-99	-99
17.05.2000	-99	-99	-99	-99	-99	-99
18.05.2000	-99	-99	-99	-99	-99	-99
19.05.2000	-99	-99	-99	-99	-99	-99
20.05.2000	-99	-99	-99	-99	-99	-99
21.05.2000	-99	-99	-99	-99	-99	-99
22.05.2000	-99	-99	-99	-99	-99	-99
23.05.2000	-99	-99	-99	-99	-99	-99
24.05.2000	-99	-99	-99	-99	-99	-99
25.05.2000	-99	-99	-99	-99	-99	-99
26.05.2000	-99	-99	-99	-99	-99	-99
27.05.2000	-99	-99	-99	-99	-99	-99
28.05.2000	-99	-99	-99	-99	-99	-99
29.05.2000	-99	-99	-99	-99	-99	-99
30.05.2000	-99	-99	-99	-99	-99	-99
31.05.2000	-99	-99	-99	-99	-99	-99
01.06.2000	-99	-99	-99	-99	-99	-99
02.06.2000	-99	-99	-99	-99	-99	-99
03.06.2000	-99	-99	-99	-99	-99	-99
04.06.2000	-99	-99	-99	-99	-99	-99
05.06.2000	-99	-99	-99	-99	-99	-99
06.06.2000	-99	-99	-99	-99	-99	-99
07.06.2000	-99	-99	-99	-99	-99	-99
08.06.2000	-99	-99	-99	-99	-99	-99
09.06.2000	-99	-99	-99	-99	-99	-99
10.06.2000	-99	-99	-99	-99	-99	-99
11.06.2000	-99	-99	-99	-99	-99	-99
12.06.2000	-99	-99	-99	-99	-99	-99
13.06.2000	-99	-99	-99	-99	-99	-99
14.06.2000	-99	-99	-99	-99	-99	-99
15.06.2000	-99	-99	-99	-99	-99	-99
16.06.2000	-99	-99	-99	-99	-99	-99
17.06.2000	-99	-99	-99	-99	-99	-99
18.06.2000	-99	-99	-99	-99	-99	-99
19.06.2000	-99	-99	-99	-99	-99	-99
20.06.2000	-99	-99	-99	-99	-99	-99
21.06.2000	-99	-99	-99	-99	-99	-99
22.06.2000	-99	-99	-99	-99	-99	-99
23.06.2000	-99	-99	-99	-99	-99	-99
24.06.2000	-99	-99	-99	-99	-99	-99
25.06.2000	-99	-99	-99	-99	-99	-99
26.06.2000	-99	-99	-99	-99	-99	-99
27.06.2000	-99	-99	-99	-99	-99	-99
28.06.2000	-99	-99	-99	-99	-99	-99
29.06.2000	-99	-99	-99	-99	-99	-99
30.06.2000	-99	-99	-99	-99	-99	-99
01.07.2000	-99	-99	-99	-99	-99	-99
02.07.2000	-99	-99	-99	-99	-99	-99
03.07.2000	-99	-99	-99	-99	-99	-99
04.07.2000	-99	-99	-99	-99	-99	-99
05.07.2000	-99	-99	-99	-99	-99	-99
06.07.2000	-99	-99	-99	-99	-99	-99
07.07.2000	-99	-99	-99	-99	-99	-99
08.07.2000	-99	-99	-99	-99	-99	-99
09.07.2000	-99	-99	-99	-99	-99	-99
10.07.2000	-99	-99	-99	-99	-99	-99
11.07.2000	-99	-99	-99	-99	-99	-99
12.07.2000	-99	-99	-99	-99	-99	-99
13.07.2000	-99	-99	-99	-99	-99	-99
14.07.2000	-99	-99	-99	-99	-99	-99
15.07.2000	-99	-99	-99	-99	-99	-99
16.07.2000	-99	-99	-99	-99	-99	-99
17.07.2000	-99	-99	-99	-99	-99	-99
18.07.2000	-99	-99	-99	-99	-99	-99
19.07.2000	-99	-99	-99	-99	-99	-99
20.07.2000	-99	-99	-99	-99	-99	-99
21.07.2000	-99	-99	-99	-99	-99	-99
22.07.2000	-99	-99	-99	-99	-99	-99
23.07.2000	-99	-99	-99	-99	-99	-99
24.07.2000	-99	-99	-99	-99	-99	-99
25.07.2000	-99	-99	-99	-99	-99	-99
26.07.2000	-99	-99	-99	-99	-99	-99
27.07.2000	-99	-99	-99	-99	-99	-99
28.07.2000	-99	-99	-99	-99	-99	-99
29.07.2000	-99	-99	-99	-99	-99	-99
30.07.2000	-99	-99	-99	-99	-99	-99
31.07.2000	-99	-99	-99	-99	-99	-99
01.08.2000	-99	-99	-99	-99	-99	-99
02.08.2000	-99	-99	-99	-99	-99	-99
03.08.2000	-99	-99	-99	-99	-99	-99
04.08.2000	-99	-99	-99	-99	-99	-99
05.08.2000	-99	-99	-99	-99	-99	-99
06.08.2000	-99	-99	-99	-99	-99	-99
07.08.2000	-99	-99	-99	-99	-99	-99
08.08.2000	-99	-99	-99	-99	-99	-99
09.08.2000	-99	-99	-99	-99	-99	-99
10.08.2000	-99	-99	-99	-99	-99	-99
11.08.2000	-99	-99	-99	-99	-99	-99
12.08.2000	-99	-99	-99	-99	-99	-99
13.08.2000	-99	-99	-99	-99	-99	-99
14.08.2000	-99	-99	-99	-99	-99	-99
15.08.2000	-99	-99	-99	-99	-99	-99
16.08.2000	-99	-99	-99	-99	-99	-99
17.08.2000	-99	-99	-99	-99	-99	-99
18.08.2000	-99	-99	-99	-99	-99	-99
19.08.2000	-99	-99	-99	-99	-99	-99
20.08.2000	-99	-99	-99	-99	-99	-99
21.08.2000	-99	-99	-99	-99	-99	-99
22.08.2000	-99	-99	-99	-99	-99	-99
23.08.2000	-99	-99	-99	-99	-99	-99
24.08.2000	-99	-99	-99	-99	-99	-99
25.08.2000	-99	-99	-99	-99	-99	-99
26.08.2000	-99	-99	-99	-99	-99	-99
27.08.2000	-99	-99	-99	-99	-99	-99
28.08.2000	-99	-99	-99	-99	-99	-99
29.08.2000	-99	-99	-99	-99	-99	-99
30.08.2000	-99	-99	-99	-99	-99	-99
31.08.2000	-99	-99	-99	-99	-99	-99
01.09.2000	-99	-99	-99	-99	-99	-99
02.09.2000	-99	-99	-99	-99	-99	-99
03.09.2000	-99	-99	-99	-99	-99	-99
04.09.2000	-99	-99	-99	-99	-99	-99
05.09.2000	-99	-99	-99	-99	-99	-99
06.09.2000	-99	-99	-99	-99	-99	-99
07.09.2000	-99	-99	-99	-99	-99	-99
08.09.2000	-99	-99	-99	-99	-99	-99
09.09.2000	-99	-99	-99	-99	-99	-99
10.09.2000	-99	-99	-99	-99	-99	-99
11.09.2000	-99	-99	-99	-99	-99	-99
12.09.2000	-99	-99	-99	-99	-99	-99
13.09.2000	-99	-99	-99	-99	-99	-99
14.09.2000	-99	-99	-99	-99	-99	-99
15.09.2000	-99	-99	-99	-99	-99	-99
16.09.2000	-99	-99	-99	-99	-99	-99
17.09.2000	-99	-99	-99	-99	-99	-99
18.09.2000	-99	-99	-99	-99	-99	-99
19.09.2000	-99	-99	-99	-99	-99	-99
20.09.2000	-99	-99	-99	-99	-99	-99
21.09.2000	-99	-99	-99	-99	-99	-99
22.09.2000	-99	-99	-99	-99	-99	-99
23.09.2000	-99	-99	-99	-99	-99	-99
24.09.2000	-99	-99	-99	-99	-99	-99
25.09.2000	-99	-99	-99	-99	-99	-99
26.09.2000	-99	-99	-99	-99	-99	-99
27.09.2000	-99	-99	-99	-99	-99	-99
28.09.2000	-99	-99	-99	-99	-99	-99
29.09.2000	-99	-99	-99	-99	-99	-99
30.09.2000	-99	-99	-99	-99	-99	-99
01.10.2000	-99	-99	-99	-99	-99	-99
02.10.2000	-99	-99	-99	-99	-99	-99
03.10.2000	-99	-99	-99	-99	-99	-99
04.10.2000	-99	-99	-99	-99	-99	-99
05.10.2000	-99	-99	-99	-99	-99	-99
06.10.2000	-99	-99	-99	-99	-99	-99
07.10.2000	-99	-99	-99	-99	-99	-99
08.10.2000	-99	-99	-99	-99	-99	-99
09.10.2000	-99	-99	-99	-99	-99	-99
10.10.2000	-99	-99	-99	-99	-99	-99
11.10.2000	-99	-99	-99	-99	-99	-99
12.10.2000	-99	-99	-99	-99	-99	-99
13.10.2000	-99	-99	-99	-99	-99	-99
14.10.2000	-99	-99	-99	-99	-99	-99
15.10.2000	-99	-99	-99	-99	-99	-99
16.10.2000	-99	-99	-99	-99	-99	-99
17.10.2000	-99	-99	-99	-99	-99	-99
18.10.2000	-99	-99	-99	-99	-99	-99
19.10.2000	-99	-99	-99	-99	-99	-99
20.10.2000	-99	-99	-99	-99	-99	-99
21.10.2000	-99	-99	-99	-99	-99	-99
22.10.2000	-99	-99	-99	-99	-99	-99
23.10.2000	-99	-99	-99	-99	-99	-99
24.10.2000	-99	-99	-99	-99	-99	-99
25.10.2000	-99	-99	-99	-99	-99	-99
26.10.2000	-99	-99	-99	-99	-99	-99
27.10.2000	-99	-99	-99	-99	-99	-99
28.10.2000	-99	-99	-99	-99	-99	-99
29.10.2000	-99	-99	-99	-99	-99	-99
30.10.2000	-99	-99	-99	-99	-99	-99
31.10.2000	-99	-99	-99	-99	-99	-99
01.11.2000	-99	-99	-99	-99	-99	-99
02.11.2000	-99	-99	-99	-99	-99	-99
03.11.2000	-99	-99	-99	-99	-99	-99
04.11.2000	-99	-99	-99	-99	-99	-99
05.11.2000	-99	-99	-99	-99	-99	-99
06.11.2000	-99	-99	-99	-99	-99	-99
07.11.2000	-99	-99	-99	-99	-99	-99
08.11.2000	-99	-99	-99	-99	-99	-99
09.11.2000	-99	-99	-99	-99	-99	-99
10.11.2000	-99	-99	-99	-99	-99	-99
11.11.2000	-99	-99	-99	-99	-99	-99
12.11.2000	-99	-99	-99	-99	-99	-99
13.11.2000	-99	-99	-99	-99	-99	-99
14.11.2000	-99	-99	-99	-99	-99	-99
15.11.2000	-99	-99	-99	-99	-99	-99
16.11.2000	-99	-99	-99	-99	-99	-99
17.11.2000	-99	-99	-99	-99	-99	-99
18.11.2000	-99	-99	-99	-99	-99	-99
19.11.2000	-99	-99	-99	-99	-99	-99
20.11.2000	-99	-99	-99	-99	-99	-99
21.11.2000	-99	-99	-99	-99	-99	-99
22.11.2000	-99	-99	-99	-99	-99	-99
23.11.2000	-99	-99	-99	-99	-99	-99
24.11.2000	-99	-99	-99	-99	-99	-99
25.11.2000	-99	-99	-99	-99	-99	-99
26.11.2000	-99	-99	-99	-99	-99	-99
27.11.2000	-99	-99	-99	-99	-99	-99
28.11.2000	-99	-99	-99	-99	-99	-99
29.11.2000	-99	-99	-99	-99	-99	-99
30.11.2000	-99	-99	-99	-99	-99	-99
01.12.2000	-99	-99	-99	-99	-99	-99
02.12.2000	-99	-99	-99	-99	-99	-99
03.12.2000	-99	-99	-99	-99	-99	-99
04.12.2000	-99	-99	-99	-99	-99	-99
05.12.2000	-99	-99	-99	-99	-99	-99
06.12.2000	-99	-99	-99	-99	-99	-99
07.12.2000	-99	-99	-99	-99	-99	-99
08.12.2000	-99	-99	-99	-99	-99	-99
09.12.2000	-99	-99	-99	-99	-99	-99
10.12.2000	-99	-99	-99	-99	-99	-99
11.12.2000	-99	-99	-99	-99	-99	-99
12.12.2000	-99	-99	-99	-99	-99	-99
13.12.2000	-99	-99	-99	-99	-99	-99
14.12.2000	-99	-99	-99	-99	-99	-99
15.12.2000	-99	-99	-99	-99	-99	-99
16.12.2000	-99	-99	-99	-99	-99	-99
17.12.2000	-99	-99	-99	-99	-99	-99
18.12.2000	-99	-99	-99	-99	-99	-99
19.12.2000	-99	-99	-99	-99	-99	-99
20.12.2000	-99	-99	-99	-99	-99	-99
21.12.2000	-99	-99	-99	-99	-99	-99
22.12.2000	-99	-99	-99	-99	-99	-99
23.12.2000	-99	-99	-99	-99	-99	-99
24.12.2000	-99	-99	-99	-99	-99	-99
25.12.2000	-99	-99	-99	-99	-99	-99
26.12.2000	-99	-99	-99	-99	-99	-99
27.12.2000	-99	-99	-99	-99	-99	-99
28.12.2000	-99	-99	-99	-99	-99	-99
29.12.2000	-99	-99	-99	-99	-99	-99
30.12.2000	-99	-99	-99	-99	-99	-99
31.12.2000	-99	-99	-99	-99	-99	-99
01.01.2001	-99	-99	-99	-99	-99	-99
02.01.2001	-99	-99	-99	-99	-99	-99
03.01.2001	-99	-99	-99	-99	-99	-99
04.01.2001	-99	-99	-99	-99	-99	-99
05.01.2001	-99	-99	-99	-99	-99	-99
06.01.2001	-99	-99	-99	-99	-99	-99
07.01.2001	-99	-99	-99	-99	-99	-99
08.01.2001	-99	-99	-99	-99	-99	-99
09.01.2001	-99	-99	-99	-99	-99	-99
10.01.2001	-99	-99	-99	-99	-99	-99
11.01.2001	-99	-99	-99	-99	-99	-99
12.01.2001	-99	-99	-99	-99	-99	-99
13.01.2001	-99	-99	-99	-99	-99	-99
14.01.2001	-99	-99	-99	-99	-99	-99
15.01.2001	-99	-99	-99	-99	-99	-99
16.01.2001	-99	-99	-99	-99	-99	-99
17.01.2001	-99	-99	-99	-99	-99	-99
18.01.2001	-99	-99	-99	-99	-99	-99
19.01.2001	-99	-99	-99	-99	-99	-99
20.01.2001	-99	-99	-99	-99	-99	-99
21.01.2001	-99	-99	-99	-99	-99	-99
22.01.2001	-99	-99	-99	-99	-99	-99
23.01.2001	-99	-99	-99	-99	-99	-99
24.01.2001	-99	-99	-99	-99	-99	-99
25.01.2001	-99	-99	-99	-99	-99	-99
26.01.2001	-99	-99	-99	-99	-99	-99
27.01.2001	-99	-99	-99	-99	-99	-99
28.01.2001	-99	-99	-99	-99	-99	-99
29.01.2001	-99	-99	-99	-99	-99	-99
30.01.2001	-99	-99	-99	-99	-99	-99
31.01.2001	-99	-99	-99	-99	-99	-99
01.02.2001	-99	-99	-99	-99	-99	-99
02.02.2001	-99	-99	-99	-99	-99	-99
03.02.2001	-99	-99	-99	-99	-99	-99
04.02.2001	-99	-99	-99	-99	-99	-99
05.02.2001	-99	-99	-99	-99	-99	-99
06.02.2001	-99	-99	-99	-99	-99	-99
07.02.2001	-99	-99	-99	-99	-99	-99
08.02.2001	-99	-99	-99	-99	-99	-99
09.02.2001	-99	-99	-99	-99	-99	-99
10.02.2001	-99	-99	-99	-99	-99	-99
11.02.2001	-99	-99	-99	-99	-99	-99
12.02.2001	-99	-99	-99	-99	-99	-99
13.02.2001	-99	-99	-99	-99	-99	-99
14.02.2001	-99	-99	-99	-99	-99	-99
15.02.2001	-99	-99	-99	-99	-99	-99
16.02.2001	-99	-99	-99	-99	-99	-99
17.02.2001	-99	-99	-99	-99	-99	-99
18.02.2001	-99	-99	-99	-99	-99	-99
19.02.2001	-99	-99	-99	-99	-99	-99
20.02.2001	-99	-99	-99	-99	-99	-99
21.02.2001	-99	-99	-99	-99	-99	-99
22.02.2001	-99	-99	-99	-99	-99	-99
23.02.2001	-99	-99	-99	-99	-99	-99
24.02.2001	-99	-99	-99	-99	-99	-99
25.02.2001	-99	-99	-99	-99	-99	-99
26.02.2001	-99	-99	-99	-99	-99	-99
27.02.2001	-99	-99	-99	-99	-99	-99
28.02.2001	-99	-99	-99	-99	-99	-99
01.03.2001	-99	-99	-99	-99	-99	-99
02.03.2001	-99	-99	-99	-99	-99	-99
03.03.2001	-99	-99	-99	-99	-99	-99
04.03.2001	-99	-99	-99	-99	-99	-99
05.03.2001	-99	-99	-99	-99	-99	-99
06.03.2001	-99	-99	-99	-99	-99	-99
07.03.2001	-99	-99	-99	-99	-99	-99
08.03.2001	-99	-99	-99	-99	-99	-99
09.03.2001	-99	-99	-99	-99	-99	-99
10.03.2001	-99	-99	-99	-99	-99	-99
11.03.2001	-99	-99	-99	-99	-99	-99
12.03.2001	-99	-99	-99	-99	-99	-99
13.03.2001	-99	-99	-99	-99	-99	-99
14.03.2001	-99	-99	-99	-99	-99	-99
15.03.2001	-99	-99	-99	-99	-99	-99
16.03.2001	-99	-99	-99	-99	-99	-99
17.03.2001	-99	-99	-99	-99	-99	-99
18.03.2001	-99	-99	-99	-99	-99	-99
19.03.2001	-99	-99	-99	-99	-99	-99
20.03.2001	-99	-99	-99	-99	-99	-99
21.03.2001	-99	-99	-99	-99	-99	-99
22.03.2001	-99	-99	-99	-99	-99	-99
23.03.2001	-99	-99	-99	-99	-99	-99
24.03.2001	-99	-99	-99	-99	-99	-99
25.03.2001	-99	-99	-99	-99	-99	-99
26.03.2001	-99	-99	-99	-99	-99	-99
27.03.2001	-99	-99	-99	-99	-99	-99
28.03.2001	-99	-99	-99	-99	-99	-99
29.03.2001	-99	-99	-99	-99	-99	-99
30.03.2001	-99	-99	-99	-99	-99	-99
31.03.2001	-99	-99	-99	-99	-99	-99
01.04.2001	-99	-99	-99	-99	-99	-99
02.04.2001	-99	-99	-99	-99	-99	-99
03.04.2001	-99	-99	-99	-99	-99	-99
04.04.2001	-99	-99	-99	-99	-99	-99
05.04.2001	-99	-99	-99	-99	-99	-99
06.04.2001	-99	-99	-99	-99	-99	-99
07.04.2001	-99	-99	-99	-99	-99	-99
08.04.2001	-99	-99	-99	-99	-99	-99
09.04.2001	-99	-99	-99	-99	-99	-99
10.04.2001	-99	-99	-99	-99	-99	-99
11.04.2001	-99	-99	-99	-99	-99	-99
12.04.2001	-99	-99	-99	-99	-99	-99
13.04.2001	-99	-99	-99	-99	-99	-99
14.04.2001	-99	-99	-99	-99	-99	-99
15.04.2001	-99	-99	-99	-99	-99	-99
16.04.2001	-99	-99	-99	-99	-99	-99
17.04.2001	-99	-99	-99	-99	-99	-99
18.04.2001	-99	-99	-99	-99	-99	-99
19.04.2001	-99	-99	-99	-99	-99	-99
20.04.2001	-99	-99	-99	-99	-99	-99
21.04.2001	-99	-99	-99	-99	-99	-99
22.04.2001	-99	-99	-99	-99	-99	-99
23.04.2001	-99	-99	-99	-99	-99	-99
24.04.2001	-99	-99	-99	-99	-99	-99
25.04.2001	-99	-99	-99	-99	-99	-99
26.04.2001	-99	-99	-99	-99	-99	-99
27.04.2001	-99	-99	-99	-99	-99	-99
28.04.2001	-99	-99	-99	-99	-99	-99
29.04.2001	-99	-99	-99	-99	-99	-99
30.04.2001	-99	-99	-99	-99	-99	-99
01.05.2001	-99	-99	-99	-99	-99	-99
02.05.2001	-99	-99	-99	-99	-99	-99
03.05.2001	-99	-99	-99	-99	-99	-99
04.05.2001	-99	-99	-99	-99	-99	-99
05.05.2001	-99	-99	-99	-99	-99	-99
06.05.2001	-99	-99	-99	-99	-99	-99
07.05.2001	-99	-99	-99	-99	-99	-99
08.05.2001	-99	-99	-99	-99	-99	-99
09.05.2001	-99	-99	-99	-99	-99	-99
10.05.2001	-99	-99	-99	-99	-99	-99
11.05.2001	-99	-99	-99	-99	-99	-99
12.05.2001	-99	-99	-99	-99	-99	-99
13.05.2001	-99	-99	-99	-99	-99	-99
14.05.2001	-99	-99	-99	-99	-99	-99
15.05.2001	-99	-99	-99	-99	-99	-99
16.05.2001	-99	-99	-99	-99	-99	-99
17.05.2001	-99	-99	-99	-99	-99	-99
18.05.2001	-99	-99	-99	-99	-99	-99
19.05.2001	-99	-99	-99	-99	-99	-99
20.05.2001	-99	-99	-99	-99	-99	-99
21.05.2001	-99	-99	-99	-99	-99	-99
22.05.2001	-99	-99	-99	-99	-99	-99
23.05.2001	-99	-99	-99	-99	-99	-99
24.05.2001	-99	-99	-99	-99	-99	-99
25.05.2001	-99	-99	-99	-99	-99	-99
26.05.2001	-99	-99	-99	-99	-99	-99
27.05.2001	-99	-99	-99	-99	-99	-99
28.05.2001	-99	-99	-99	-99	-99	-99
29.05.2001	-99	-99	-99	-99	-99	-99
30.05.2001	-99	-99	-99	-99	-99	-99
31.05.2001	-99	-99	-99	-99	-99	-99
01.06.2001	-99	-99	-99	-99	-99	-99
02.06.2001	-99	-99	-99	-99	-99	-99
03.06.2001	-99	-99	-99	-99	-99	-99
04.06.2001	-99	-99	-99	-99	-99	-99
05.06.2001	-99	-99	-99	-99	-99	-99
06.06.2001	-99	-99	-99	-99	-99	-99
07.06.2001	-99	-99	-99	-99	-99	-99
08.06.2001	-99	-99	-99	-99	-99	-99
09.06.2001	-99	-99	-99	-99	-99	-99
10.06.2001	-99	-99	-99	-99	-99	-99
11.06.2001	-99	-99	-99	-99	-99	-99
12.06.2001	-99	-99	-99	-99	-99	-99
13.06.2001	-99	-99	-99	-99	-99	-99
14.06.2001	-99	-99	-99	-99	-99	-99
15.06.2001	-99	-99	-99	-99	-99	-99
16.06.2001	-99	-99	-99	-99	-99	-99
17.06.2001	-99	-99	-99	-99	-99	-99
18.06.2001	-99	-99	-99	-99	-99	-99
19.06.2001	-99	-99	-99	-99	-99	-99
20.06.2001	-99	-99	-99	-99	-99	-99
21.06.2001	-99	-99	-99	-99	-99	-99
22.06.2001	-99	-99	-99	-99	-99	-99
23.06.2001	-99	-99	-99	-99	-99	-99
24.06.2001	-99	-99	-99	-99	-99	-99
25.06.2001	-99	-99	-99	-99	-99	-99
26.06.2001	-99	-99	-99	-99	-99	-99
27.06.2001	-99	-99	-99	-99	-99	-99
28.06.2001	-99	-99	-99	-99	-99	-99
29.06.2001	-99	-99	-99	-99	-99	-99
30.06.2001	-99	-99	-99	-99	-99	-99
01.07.2001	-99	-99	-99	-99	-99	-99
02.07.2001	-99	-99	-99	-99	-99	-99
03.07.2001	-99	-99	-99	-99	-99	-99
04.07.2001	-99	-99	-99	-99	-99	-99
05.07.2001	-99	-99	-99	-99	-99	-99
06.07.2001	-99	-99	-99	-99	-99	-99
07.07.2001	-99	-99	-99	-99	-99	-99
08.07.2001	-99	-99	-99	-99	-99	-99
09.07.2001	-99	-99	-99	-99	-99	-99
10.07.2001	-99	-99	-99	-99	-99	-99
11.07.2001	-99	-99	-99	-99	-99	-99
12.07.2001	-99	-99	-99	-99	-99	-99
13.07.2001	-99	-99	-99	-99	-99	-99
14.07.2001	-99	-99	-99	-99	-99	-99
15.07.2001	-99	-99	-99	-99	-99	-99
16.07.2001	-99	-99	-99	-99	-99	-99
17.07.2001	-99	-99	-99	-99	-99	-99
18.07.2001	-99	-99	-99	-99	-99	-99
19.07.2001	-99	-99	-99	-99	-99	-99
20.07.2001	-99	-99	-99	-99	-99	-99
21.07.2001	-99	-99	-99	-99	-99	-99
22.07.2001	-99	-99	-99	-99	-99	-99
23.07.2001	-99	-99	-99	-99	-99	-99
24.07.2001	-99	-99	-99	-99	-99	-99
25.07.2001	-99	-99	-99	-99	-99	-99
26.07.2001	-99	-99	-99	-99	-99	-99
27.07.2001	-99	-99	-99	-99	-99	-99
28.07.2001	-99	-99	-99	-99	-99	-99
29.07.2001	-99	-99	-99	-99	-99	-99
30.07.2001	-99	-99	-99	-99	-99	-99
31.07.2001	-99	-99	-99	-99	-99	-99
01.08.2001	-99	-99	-99	-99	-99	-99
02.08.2001	-99	-99	-99	-99	-99	-99
03.08.2001	-99	-99	-99	-99	-99	-99
04.08.2001	-99	-99	-99	-99	-99	-99
05.08.2001	-99	-99	-99	-99	-99	-99
06.08.2001	-99	-99	-99	-99	-99	-99
07.08.2001	-99	-99	-99	-99	-99	-99
08.08.2001	-99	-99	-99	-99	-99	-99
09.08.2001	-99	-99	-99	-99	-99	-99
10.08.2001	-99	-99	-99	-99	-99	-99
11.08.2001	-99	-99	-99	-99	-99	-99
12.08.2001	-99	-99	-99	-99	-99	-99
13.08.2001	-99	-99	-99	-99	-99	-99
14.08.2001	-99	-99	-99	-99	-99	-99
15.08.2001	-99	-99	-99	-99	-99	-99
16.08.2001	-99	-99	-99	-99	-99	-99
17.08.2001	-99	-99	-99	-99	-99	-99
18.08.2001	-99	-99	-99	-99	-99	-99
19.08.2001	-99	-99	-99	-99	-99	-99
20.08.2001	-99	-99	-99	-99	-99	-99
21.08.2001	-99	-99	-99	-99	-99	-99
22.08.2001	-99	-99	-99	-99	-99	-99
23.08.2001	-99	-99	-99	-99	-99	-99
24.08.2001	-99	-99	-99	-99	-99	-99
25.08.2001	-99	-99	-99	-99	-99	-99
26.08.2001	-99	-99	-99	-99	-99	-99
27.08.2001	-99	-99	-99	-99	-99	-99
28.08.2001	-99	-99	-99	-99	-99	-99
29.08.2001	-99	-99	-99	-99	-99	-99
30.08.2001	-99	-99	-99	-99	-99	-99
31.08.2001	-99	-99	-99	-99	-99	-99
01.09.2001	-99	-99	-99	-99	-99	-99
02.09.2001	-99	-99	-99	-99	-99	-99
03.09.2001	-99	-99	-99	-99	-99	-99
04.09.2001	-99	-99	-99	-99	-99	-99
05.09.2001	-99	-99	-99	-99	-99	-99
06.09.2001	-99	-99	-99	-99	-99	-99
07.09.2001	-99	-99	-99	-99	-99	-99
08.09.2001	-99	-99	-99	-99	-99	-99
09.09.2001	-99	-99	-99	-99	-99	-99
10.09.2001	-99	-99	-99	-99	-99	-99
11.09.2001	-99	-99	-99	-99	-99	-99
12.09.2001	-99	-99	-99	-99	-99	-99
13.09.2001	-99	-99	-99	-99	-99	-99
14.09.2001	-99	-99	-99	-99	-99	-99
15.09.2001	-99	-99	-99	-99	-99	-99
16.09.2001	-99	-99	-99	-99	-99	-99
17.09.2001	-99	-99	-99	-99	-99	-99
18.09.2001	-99	-99	-99	-99	-99	-99
19.09.2001	-99	-99	-99	-99	-99	-99
20.09.2001	-99	-99	-99	-99	-99	-99
21.09.2001	-99	-99	-99	-99	-99	-99
22.09.2001	-99	-99	-99	-99	-99	-99
23.09.2001	-99	-99	-99	-99	-99	-99
24.09.2001	-99	-99	-99	-99	-99	-99
25.09.2001	-99	-99	-99	-99	-99	-99
26.09.2001	-99	-99	-99	-99	-99	-99
27.09.2001	-99	-99	-99	-99	-99	-99
28.09.2001	-99	-99	-99	-99	-99	-99
29.09.2001	-99	-99	-99	-99	-99	-99
30.09.2001	-99	-99	-99	-99	-99	-99
01.10.2001	-99	-99	-99	-99	-99	-99
02.10.2001	-99	-99	-99	-99	-99	-99
03.10.2001	-99	-99	-99	-99	-99	-99
04.10.2001	-99	-99	-99	-99	-99	-99
05.10.2001	-99	-99	-99	-99	-99	-99
06.10.2001	-99	-99	-99	-99	-99	-99
07.10.2001	-99	-99	-99	-99	-99	-99
08.10.2001	-99	-99	-99	-99	-99	-99
09.10.2001	-99	-99	-99	-99	-99	-99
10.10.2001	-99	-99	-99	-99	-99	-99
11.10.2001	-99	-99	-99	-99	-99	-99
12.10.2001	-99	-99	-99	-99	-99	-99
13.10.2001	-99	-99	-99	-99	-99	-99
14.10.2001	-99	-99	-99	-99	-99	-99
15.10.2001	-99	-99	-99	-99	-99	-99
16.10.2001	-99	-99	-99	-99	-99	-99
17.10.2001	-99	-99	-99	-99	-99	-99
18.10.2001	-99	-99	-99	-99	-99	-99
19.10.2001	-99	-99	-99	-99	-99	-99
20.10.2001	-99	-99	-99	-99	-99	-99
21.10.2001	-99	-99	-99	-99	-99	-99
22.10.2001	-99	-99	-99	-99	-99	-99
23.10.2001	-99	-99	-99	-99	-99	-99
24.10.2001	-99	-99	-99	-99	-99	-99
25.10.2001	-99	-99	-99	-99	-99	-99
26.10.2001	-99	-99	-99	-99	-99	-99
27.10.2001	-99	-99	-99	-99	-99	-99
28.10.2001	-99	-99	-99	-99	-99	-99
29.10.2001	-99	-99	-99	-99	-99	-99
30.10.2001	-99	-99	-99	-99	-99	-99
31.10.2001	-99	-99	-99	-99	-99	-99
01.11.2001	-99	-99	-99	-99	-99	-99
02.11.2001	-99	-99	-99	-99	-99	-99
03.11.2001	-99	-99	-99	-99	-99	-99
04.11.2001	-99	-99	-99	-99	-99	-99
05.11.2001	-99	-99	-99	-99	-99	-99
06.11.2001	-99	-99	-99	-99	-99	-99
07.11.2001	-99	-99	-99	-99	-99	-99
08.11.2001	-99	-99	-99	-99	-99	-99
09.11.2001	-99	-99	-99	-99	-99	-99
10.11.2001	-99	-99	-99	-99	-99	-99
11.11.2001	-99	-99	-99	-99	-99	-99
12.11.2001	-99	-99	-99	-99	-99	-99
13.11.2001	-99	-99	-99	-99	-99	-99
14.11.2001	-99	-99	-99	-99	-99	-99
15.11.2001	-99	-99	-99	-99	-99	-99
16.11.2001	-99	-99	-99	-99	-99	-99
17.11.2001	-99	-99	-99	-99	-99	-99
18.11.2001	-99	-99	-99	-99	-99	-99
19.11.2001	-99	-99	-99	-99	-99	-99
20.11.2001	-99	-99	-99	-99	-99	-99
21.11.2001	-99	-99	-99	-99	-99	-99
22.11.2001	-99	-99	-99	-99	-99	-99
23.11.2001	-99	-99	-99	-99	-99	-99
24.11.2001	-99	-99	-99	-99	-99	-99
25.11.2001	-99	-99	-99	-99	-99	-99
26.11.2001	-99	-99	-99	-99	-99	-99
27.11.2001	-99	-99	-99	-99	-99	-99
28.11.2001	-99	-99	-99	-99	-99	-99
29.11.2001	-99	-99	-99	-99	-99	-99
30.11.2001	-99	-99	-99	-99	-99	-99
01.12.2001	-99	-99	-99	-99	-99	-99
02.12.2001	-99	-99	-99	-99	-99	-99
03.12.2001	-99	-99	-99	-99	-99	-99
04.12.2001	-99	-99	-99	-99	-99	-99
05.12.2001	-99	-99	-99	-99	-99	-99
06.12.2001	-99	-99	-99	-99	-99	-99
07.12.2001	-99	-99	-99	-99	-99	-99
08.12.2001	-99	-99	-99	-99	-99	-99
09.12.2001	-99	-99	-99	-99	-99	-99
10.12.2001	-99	-99	-99	-99	-99	-99
11.12.2001	-99	-99	-99	-99	-99	-99
12.12.2001	-99	-99	-99	-99	-99	-99
13.12.2001	-99	-99	-99	-99	-99	-99
14.12.2001	-99	-99	-99	-99	-99	-99
15.12.2001	-99	-99	-99	-99	-99	-99
16.12.2001	-99	-99	-99	-99	-99	-99
17.12.2001	-99	-99	-99	-99	-99	-99
18.12.2001	-99	-99	-99	-99	-99	-99
19.12.2001	-99	-99	-99	-99	-99	-99
20.12.2001	-99	-99	-99	-99	-99	-99
21.12.2001	-99	-99	-99	-99	-99	-99
22.12.2001	-99	-99	-99	-99	-99	-99
23.12.2001	-99	-99	-99	-99	-99	-99
24.12.2001	-99	-99	-99	-99	-99	-99
25.12.2001	-99	-99	-99	-99	-99	-99
26.12.2001	-99	-99	-99	-99	-99	-99
27.12.2001	-99	-99	-99	-99	-99	-99
28.12.2001	-99	-99	-99	-99	-99	-99
29.12.2001	-99	-99	-99	-99	-99	-99
30.12.2001	-99	-99	-99	-99	-99	-99
31.12.2001	-99	-99	-99	-99	-99	-99
01.01.2002	-99	-99	-99	-99	-99	-99
02.01.2002	-99	-99	-99	-99	-99	-99
03.01.2002	-99	-99	-99	-99	-99	-99
04.01.2002	-99	-99	-99	-99	-99	-99
05.01.2002	-99	-99	-99	-99	-99	-99
06.01.2002	-99	-99	-99	-99	-99	-99
07.01.2002	-99	-99	-99	-99	-99	-99
08.01.2002	-99	-99	-99	-99	-99	-99
09.01.2002	-99	-99	-99	-99	-99	-99
10.01.2002	-99	-99	-99	-99	-99	-99
11.01.2002	-99	-99	-99	-99	-99	-99
12.01.2002	-99	-99	-99	-99	-99	-99
13.01.2002	-99	-99	-99	-99	-99	-99
14.01.2002	-99	-99	-99	-99	-99	-99
15.01.2002	-99	-99	-99	-99	-99	-99
16.01.2002	-99	-99	-99	-99	-99	-99
17.01.2002	-99	-99	-99	-99	-99	-99
18.01.2002	-99	-99	-99	-99	-99	-99
19.01.2002	-99	-99	-99	-99	-99	-99
20.01.2002	-99	-99	-99	-99	-99	-99
21.01.2002	-99	-99	-99	-99	-99	-99
22.01.2002	-99	-99	-99	-99	-99	-99
23.01.2002	-99	-99	-99	-99	-99	-99
24.01.2002	-99	-99	-99	-99	-99	-99
25.01.2002	-99	-99	-99	-99	-99	-99
26.01.2002	-99	-99	-99	-99	-99	-99
27.01.2002	-99	-99	-99	-99	-99	-99
28.01.2002	-99	-99	-99	-99	-99	-99
29.01.2002	-99	-99	-99	-99	-99	-99
30.01.2002	-99	-99	-99	-99	-99	-99
31.01.2002	-99	-99	-99	-99	-99	-99
01.02.2002	-99	-99	-99	-99	-99	-99
02.02.2002	-99	-99	-99	-99	-99	-99
03.02.2002	-99	-99	-99	-99	-99	-99
04.02.2002	-99	-99	-99	-99	-99	-99
05.02.2002	-99	-99	-99	-99	-99	-99
06.02.2002	-99	-99	-99	-99	-99	-99
07.02.2002	-99	-99	-99	-99	-99	-99
08.02.2002	-99	-99	-99	-99	-99	-99
09.02.2002	-99	-99	-99	-99	-99	-99
10.02.2002	-99	-99	-99	-99	-99	-99
11.02.2002	-99	-99	-99	-99	-99	-99
12.02.2002	-99	-99	-99	-99	-99	-99
13.02.2002	-99	-99	-99	-99	-99	-99
14.02.2002	-99	-99	-99	-99	-99	-99
15.02.2002	-99	-99	-99	-99	-99	-99
16.02.2002	-99	-99	-99	-99	-99	-99
17.02.2002	-99	-99	-99	-99	-99	-99
18.02.2002	-99	-99	-99	-99	-99	-99
19.02.2002	-99	-99	-99	-99	-99	-99
20.02.2002	-99	-99	-99	-99	-99	-99
21.02.2002	-99	-99	-99	-99	-99	-99
22.02.2002	-99	-99	-99	-99	-99	-99
23.02.2002	-99	-99	-99	-99	-99	-99
24.02.2002	-99	-99	-99	-99	-99	-99
25.02.2002	-99	-99	-99	-99	-99	-99
26.02.2002	-99	-99	-99	-99	-99	-99
27.02.2002	-99	-99	-99	-99	-99	-99
28.02.2002	-99	-99	-99	-99	-99	-99
01.03.2002	-99	-99	-99	-99	-99	-99
02.03.2002	-99	-99	-99	-99	-99	-99
03.03.2002	-99	-99	-99	-99	-99	-99
04.03.2002	-99	-99	-99	-99	-99	-99
05.03.2002	-99	-99	-99	-99	-99	-99
06.03.2002	-99	-99	-99	-99	-99	-99
07.03.2002	-99	-99	-99	-99	-99	-99
08.03.2002	-99	-99	-99	-99	-99	-99
09.03.2002	-99	-99	-99	-99	-99	-99
10.03.2002	-99	-99	-99	-99	-99	-99
11.03.2002	-99	-99	-99	-99	-99	-99
12.03.2002	-99	-99	-99	-99	-99	-99
13.03.2002	-99	-99	-99	-99	-99	-99
14.03.2002	-99	-99	-99	-99	-99	-99
15.03.2002	-99	-99	-99	-99	-99	-99
16.03.2002	-99	-99	-99	-99	-99	-99
17.03.2002	-99	-99	-99	-99	-99	-99
18.03.2002	-99	-99	-99	-99	-99	-99
19.03.2002	-99	-99	-99	-99	-99	-99
20.03.2002	-99	-99	-99	-99	-99	-99
21.03.2002	-99	-99	-99	-99	-99	-99
22.03.2002	-99	-99	-99	-99	-99	-99
23.03.2002	-99	-99	-99	-99	-99	-99
24.03.2002	-99	-99	-99	-99	-99	-99
25.03.2002	-99	-99	-99	-99	-99	-99
26.03.2002	-99	-99	-99	-99	-99	-99
27.03.2002	-99	-99	-99	-99	-99	-99
28.03.2002	-99	-99	-99	-99	-99	-99
29.03.2002	-99	-99	-99	-99	-99	-99
30.03.2002	-99	-99	-99	-99	-99	-99
31.03.2002	-99	-99	-99	-99	-99	-99
01.04.2002	-99	-99	-99	-99	-99	-99
02.04.2002	-99	-99	-99	-99	-99	-99
03.04.2002	-99	-99	-99	-99	-99	-99
04.04.2002	-99	-99	-99	-99	-99	-99
05.04.2002	-99	-99	-99	-99	-99	-99
06.04.2002	-99	-99	-99	-99	-99	-99
07.04.2002	-99	-99	-99	-99	-99	-99
08.04.2002	-99	-99	-99	-99	-99	-99
09.04.2002	-99	-99	-99	-99	-99	-99
10.04.2002	-99	-99	-99	-99	-99	-99
11.04.2002	-99	-99	-99	-99	-99	-99
12.04.2002	-99	-99	-99	-99	-99	-99
13.04.2002	-99	-99	-99	-99	-99	-99
14.04.2002	-99	-99	-99	-99	-99	-99
15.04.2002	-99	-99	-99	-99	-99	-99
16.04.2002	-99	-99	-99	-99	-99	-99
17.04.2002	-99	-99	-99	-99	-99	-99
18.04.2002	-99	-99	-99	-99	-99	-99
19.04.2002	-99	-99	-99	-99	-99	-99
20.04.2002	-99	-99	-99	-99	-99	-99
21.04.2002	-99	-99	-99	-99	-99	-99
22.04.2002	-99	-99	-99	-99	-99	-99
23.04.2002	-99	-99	-99	-99	-99	-99
24.04.2002	-99	-99	-99	-99	-99	-99
25.04.2002	-99	-99	-99	-99	-99	-99
26.04.2002	-99	-99	-99	-99	-99	-99
27.04.2002	-99	-99	-99	-99	-99	-99
28.04.2002	-99	-99	-99	-99	-99	-99
29.04.2002	-99	-99	-99	-99	-99	-99
30.04.2002	-99	-99	-99	-99	-99	-99
01.05.2002	-99	-99	86	-99	-99	-99
02.05.2002	-99	-99	70	-99	-99	-99
03.05.2002	-99	-99	87	-99	-99	-99
04.05.2002	-99	-99	79	-99	-99	-99
05.05.2002	-99	-99	61	-99	-99	-99
06.05.2002	-99	-99	50	-99	-99	-99
07.05.2002	-99	-99	59	-99	-99	-99
08.05.2002	-99	-99	77	-99	-99	-99
09.05.2002	-99	-99	57	-99	-99	-99
10.05.2002	-99	-99	63	-99	-99	-99
11.05.2002	-99	-99	62	-99	-99	-99
12.05.2002	-99	-99	78	-99	-99	-99
13.05.2002	-99	-99	53	-99	-99	-99
14.05.2002	-99	-99	50	-99	-99	-99
15.05.2002	-99	-99	76	-99	-99	-99
16.05.2002	-99	-99	97	-99	-99	-99
17.05.2002	-99	-99	63	-99	-99	-99
18.05.2002	-99	-99	50	-99	-99	-99
19.05.2002	-99	-99	45	-99	-99	-99
20.05.2002	-99	-99	60	-99	-99	-99
21.05.2002	-99	-99	50	-99	-99	-99
22.05.2002	-99	-99	47	-99	-99	-99
23.05.2002	-99	-99	60	-99	-99	-99
24.05.2002	-99	-99	67	-99	-99	-99
25.05.2002	-99	-99	49	-99	-99	-99
26.05.2002	-99	-99	65	-99	-99	-99
27.05.2002	-99	-99	66	-99	-99	-99
28.05.2002	-99	-99	70	-99	-99	-99
29.05.2002	-99	-99	50	-99	-99	-99
30.05.2002	-99	-99	85	-99	-99	-99
31.05.2002	-99	-99	69	-99	-99	-99
01.06.2002	-99	-99	70	-99	-99	-99
02.06.2002	-99	-99	57	-99	-99	-99
03.06.2002	-99	-99	47	-99	-99	-99
04.06.2002	-99	-99	44	-99	-99	-99
05.06.2002	-99	-99	49	-99	-99	-99
06.06.2002	-99	-99	44	-99	-99	-99
07.06.2002	-99	-99	51	-99	-99	-99
08.06.2002	-99	-99	67	-99	-99	-99
09.06.2002	-99	-99	62	-99	-99	-99
10.06.2002	-99	-99	64	-99	-99	-99
11.06.2002	-99	-99	67	-99	-99	-99
12.06.2002	-99	-99	84	-99	-99	-99
13.06.2002	-99	-99	83	-99	-99	-99
14.06.2002	-99	-99	63	-99	-99	-99
15.06.2002	-99	-99	86	-99	-99	-99
16.06.2002	-99	-99	99	-99	-99	-99
17.06.2002	-99	-99	94	-99	-99	-99
18.06.2002	-99	-99	46	-99	-99	-99
19.06.2002	-99	-99	86	-99	-99	-99
20.06.2002	-99	-99	79	-99	-99	-99
21.06.2002	-99	-99	86	-99	-99	-99
22.06.2002	-99	-99	81	-99	-99	-99
23.06.2002	-99	-99	96	-99	-99	-99
24.06.2002	-99	-99	82	-99	-99	-99
25.06.2002	-99	-99	97	-99	-99	-99
26.06.2002	-99	-99	100	-99	-99	-99
27.06.2002	-99	-99	80	-99	-99	-99
28.06.2002	-99	-99	89	-99	-99	-99
29.06.2002	-99	-99	71	-99	-99	-99
30.06.2002	-99	-99	61	-99	-99	-99
01.07.2002	-99	-99	81	-99	-99	-99
02.07.2002	-99	-99	95	-99	-99	-99
03.07.2002	-99	-99	99	-99	-99	-99
04.07.2002	-99	-99	98	-99	-99	-99
05.07.2002	-99	-99	97	-99	-99	-99
06.07.2002	-99	-99	93	-99	-99	-99
07.07.2002	-99	-99	88	-99	-99	-99
08.07.2002	-99	-99	90	-99	-99	-99
09.07.2002	-99	-99	85	-99	-99	-99
10.07.2002	-99	-99	67	-99	-99	-99
11.07.2002	-99	-99	87	-99	-99	-99
12.07.2002	-99	-99	84	-99	-99	-99
13.07.2002	-99	-99	85	-99	-99	-99
14.07.2002	-99	-99	82	-99	-99	-99
15.07.2002	-99	-99	83	-99	-99	-99
16.07.2002	-99	-99	80	-99	-99	-99
17.07.2002	-99	-99	89	-99	-99	-99
18.07.2002	-99	-99	87	-99	-99	-99
19.07.2002	-99	-99	92	-99	-99	-99
20.07.2002	-99	-99	71	-99	-99	-99
21.07.2002	-99	-99	85	-99	-99	-99
22.07.2002	-99	-99	92	-99	-99	-99
23.07.2002	-99	-99	98	-99	-99	-99
24.07.2002	-99	-99	86	-99	-99	-99
25.07.2002	-99	-99	81	-99	-99	-99
26.07.2002	-99	-99	84	-99	-99	-99
27.07.2002	-99	-99	73	-99	-99	-99
28.07.2002	-99	-99	67	-99	-99	-99
29.07.2002	-99	-99	91	-99	-99	-99
30.07.2002	-99	-99	87	-99	-99	-99
31.07.2002	-99	-99	68	-99	-99	-99
01.08.2002	-99	-99	79	-99	-99	-99
02.08.2002	-99	-99	60	-99	-99	-99
03.08.2002	-99	-99	60	-99	-99	-99
04.08.2002	-99	-99	68	-99	-99	-99
05.08.2002	-99	-99	74	-99	-99	-99
06.08.2002	-99	-99	85	-99	-99	-99
07.08.2002	-99	-99	73	-99	-99	-99
08.08.2002	-99	-99	92	-99	-99	-99
09.08.2002	-99	-99	76	-99	-99	-99
10.08.2002	-99	-99	71	-99	-99	-99
11.08.2002	-99	-99	93	-99	-99	-99
12.08.2002	-99	-99	94	-99	-99	-99
13.08.2002	-99	-99	78	-99	-99	-99
14.08.2002	-99	-99	74	-99	-99	-99
15.08.2002	-99	-99	74	-99	-99	-99
16.08.2002	-99	-99	79	-99	-99	-99
17.08.2002	-99	-99	72	-99	-99	-99
18.08.2002	-99	-99	59	-99	-99	-99
19.08.2002	-99	-99	45	-99	-99	-99
20.08.2002	-99	-99	71	-99	-99	-99
21.08.2002	-99	-99	96	-99	-99	-99
22.08.2002	-99	-99	84	-99	-99	-99
23.08.2002	-99	-99	78	-99	-99	-99
24.08.2002	-99	-99	80	-99	-99	-99
25.08.2002	-99	-99	96	-99	-99	-99
26.08.2002	-99	-99	89	-99	-99	-99
27.08.2002	-99	-99	79	-99	-99	-99
28.08.2002	-99	-99	77	-99	-99	-99
29.08.2002	-99	-99	85	-99	-99	-99
30.08.2002	-99	-99	89	-99	-99	-99
31.08.2002	-99	-99	90	-99	-99	-99
01.09.2002	-99	-99	86	-99	-99	-99
02.09.2002	-99	-99	78	-99	-99	-99
03.09.2002	-99	-99	82	-99	-99	-99
04.09.2002	-99	-99	79	-99	-99	-99
05.09.2002	-99	-99	82	-99	-99	-99
06.09.2002	-99	-99	83	-99	-99	-99
07.09.2002	-99	-99	88	-99	-99	-99
08.09.2002	-99	-99	76	-99	-99	-99
09.09.2002	-99	-99	75	-99	-99	-99
10.09.2002	-99	-99	72	-99	-99	-99
11.09.2002	-99	-99	74	-99	-99	-99
12.09.2002	-99	-99	80	-99	-99	-99
13.09.2002	-99	-99	87	-99	-99	-99
14.09.2002	-99	-99	73	-99	-99	-99
15.09.2002	-99	-99	83	-99	-99	-99
16.09.2002	-99	-99	93	-99	-99	-99
17.09.2002	-99	-99	90	-99	-99	-99
18.09.2002	-99	-99	89	-99	-99	-99
19.09.2002	-99	-99	94	-99	-99	-99
20.09.2002	-99	-99	88	-99	-99	-99
21.09.2002	-99	-99	83	-99	-99	-99
22.09.2002	-99	-99	77	-99	-99	-99
23.09.2002	-99	-99	89	-99	-99	-99
24.09.2002	-99	-99	94	-99	-99	-99
25.09.2002	-99	-99	86	-99	-99	-99
26.09.2002	-99	-99	82	-99	-99	-99
27.09.2002	-99	-99	83	-99	-99	-99
28.09.2002	-99	-99	91	-99	-99	-99
29.09.2002	-99	-99	93	-99	-99	-99
30.09.2002	-99	-99	94	-99	-99	-99
01.10.2002	-99	-99	93	-99	-99	-99
02.10.2002	-99	-99	89	-99	-99	-99
03.10.2002	-99	-99	89	-99	-99	-99
04.10.2002	-99	-99	92	-99	-99	-99
05.10.2002	-99	-99	91	-99	-99	-99
06.10.2002	-99	-99	79	-99	-99	-99
07.10.2002	-99	-99	80	-99	-99	-99
08.10.2002	-99	-99	66	-99	-99	-99
09.10.2002	-99	-99	73	-99	-99	-99
10.10.2002	-99	-99	77	-99	-99	-99
11.10.2002	-99	-99	68	-99	-99	-99
12.10.2002	-99	-99	66	-99	-99	-99
13.10.2002	-99	-99	62	-99	-99	-99
14.10.2002	-99	-99	73	-99	-99	-99
15.10.2002	-99	-99	68	-99	-99	-99
16.10.2002	-99	-99	79	-99	-99	-99
17.10.2002	-99	-99	74	-99	-99	-99
18.10.2002	-99	-99	65	-99	-99	-99
19.10.2002	-99	-99	82	-99	-99	-99
20.10.2002	-99	-99	92	-99	-99	-99
21.10.2002	-99	-99	89	-99	-99	-99
22.10.2002	-99	-99	68	-99	-99	-99
23.10.2002	-99	-99	56	-99	-99	-99
24.10.2002	-99	-99	84	-99	-99	-99
25.10.2002	-99	-99	85	-99	-99	-99
26.10.2002	-99	-99	93	-99	-99	-99
27.10.2002	-99	-99	83	-99	-99	-99
28.10.2002	-99	-99	93	-99	-99	-99
29.10.2002	-99	-99	92	-99	-99	-99
30.10.2002	-99	-99	78	-99	-99	-99
31.10.2002	-99	-99	93	-99	-99	-99
01.11.2002	-99	-99	93	-99	-99	-99
02.11.2002	-99	-99	88	-99	-99	-99
03.11.2002	-99	-99	46	-99	-99	-99
04.11.2002	-99	-99	60	-99	-99	-99
05.11.2002	-99	-99	72	-99	-99	-99
06.11.2002	-99	-99	93	-99	-99	-99
07.11.2002	-99	-99	95	-99	-99	-99
08.11.2002	-99	-99	94	-99	-99	-99
09.11.2002	-99	-99	81	-99	-99	-99
10.11.2002	-99	-99	69	-99	-99	-99
11.11.2002	-99	-99	51	-99	-99	-99
12.11.2002	-99	-99	85	-99	-99	-99
13.11.2002	-99	-99	79	-99	-99	-99
14.11.2002	-99	-99	76	-99	-99	-99
15.11.2002	-99	-99	75	-99	-99	-99
16.11.2002	-99	-99	93	-99	-99	-99
17.11.2002	-99	-99	95	-99	-99	-99
18.11.2002	-99	-99	93	-99	-99	-99
19.11.2002	-99	-99	92	-99	-99	-99
20.11.2002	-99	-99	89	-99	-99	-99
21.11.2002	-99	-99	82	-99	-99	-99
22.11.2002	-99	-99	50	-99	-99	-99
23.11.2002	-99	-99	63	-99	-99	-99
24.11.2002	-99	-99	83	-99	-99	-99
25.11.2002	-99	-99	72	-99	-99	-99
26.11.2002	-99	-99	81	-99	-99	-99
27.11.2002	-99	-99	87	-99	-99	-99
28.11.2002	-99	-99	56	-99	-99	-99
29.11.2002	-99	-99	47	-99	-99	-99
30.11.2002	-99	-99	48	-99	-99	-99
01.12.2002	-99	-99	45	-99	-99	-99
02.12.2002	-99	-99	60	-99	-99	-99
03.12.2002	-99	-99	78	-99	-99	-99
04.12.2002	-99	-99	48	-99	-99	-99
05.12.2002	-99	-99	64	-99	-99	-99
06.12.2002	-99	-99	83	-99	-99	-99
07.12.2002	-99	-99	75	-99	-99	-99
08.12.2002	-99	-99	81	-99	-99	-99
09.12.2002	-99	-99	86	-99	-99	-99
10.12.2002	-99	-99	80	-99	-99	-99
11.12.2002	-99	-99	83	-99	-99	-99
12.12.2002	-99	-99	82	-99	-99	-99
13.12.2002	-99	-99	91	-99	-99	-99
14.12.2002	-99	-99	87	-99	-99	-99
15.12.2002	-99	-99	79	-99	-99	-99
16.12.2002	-99	-99	77	-99	-99	-99
17.12.2002	-99	-99	87	-99	-99	-99
18.12.2002	-99	-99	93	-99	-99	-99
19.12.2002	-99	-99	94	-99	-99	-99
20.12.2002	-99	-99	92	-99	-99	-99
21.12.2002	-99	-99	92	-99	-99	-99
22.12.2002	-99	-99	90	-99	-99	-99
23.12.2002	-99	-99	78	-99	-99	-99
24.12.2002	-99	-99	37	-99	-99	-99
25.12.2002	-99	-99	67	-99	-99	-99
26.12.2002	-99	-99	94	-99	-99	-99
27.12.2002	-99	-99	57	-99	-99	-99
28.12.2002	-99	-99	59	-99	-99	-99
29.12.2002	-99	-99	81	-99	-99	-99
30.12.2002	-99	-99	62	-99	-99	-99
31.12.2002	-99	-99	74	-99	-99	-99
01.01.2003	-99	-99	89	-99	-99	-99
02.01.2003	-99	-99	87	-99	-99	-99
03.01.2003	-99	-99	86	-99	-99	-99
04.01.2003	-99	-99	89	-99	-99	-99
05.01.2003	-99	-99	89	-99	-99	-99
06.01.2003	-99	-99	90	-99	-99	-99
07.01.2003	-99	-99	93	-99	-99	-99
08.01.2003	-99	-99	94	-99	-99	-99
09.01.2003	-99	-99	95	-99	-99	-99
10.01.2003	-99	-99	94	-99	-99	-99
11.01.2003	-99	-99	95	-99	-99	-99
12.01.2003	-99	-99	93	-99	-99	-99
13.01.2003	-99	-99	89	-99	-99	-99
14.01.2003	-99	-99	85	-99	-99	-99
15.01.2003	-99	-99	88	-99	-99	-99
16.01.2003	-99	-99	84	-99	-99	-99
17.01.2003	-99	-99	85	-99	-99	-99
18.01.2003	-99	-99	85	-99	-99	-99
19.01.2003	-99	-99	89	-99	-99	-99
20.01.2003	-99	-99	74	-99	-99	-99
21.01.2003	-99	-99	90	-99	-99	-99
22.01.2003	-99	-99	95	-99	-99	-99
23.01.2003	-99	-99	90	-99	-99	-99
24.01.2003	-99	-99	79	-99	-99	-99
25.01.2003	-99	-99	89	-99	-99	-99
26.01.2003	-99	-99	94	-99	-99	-99
27.01.2003	-99	-99	93	-99	-99	-99
28.01.2003	-99	-99	94	-99	-99	-99
29.01.2003	-99	-99	90	-99	-99	-99
30.01.2003	-99	-99	82	-99	-99	-99
31.01.2003	-99	-99	84	-99	-99	-99
01.02.2003	-99	-99	79	-99	-99	-99
02.02.2003	-99	-99	63	-99	-99	-99
03.02.2003	-99	-99	63	-99	-99	-99
04.02.2003	-99	-99	72	-99	-99	-99
05.02.2003	-99	-99	73	-99	-99	-99
06.02.2003	-99	-99	71	-99	-99	-99
07.02.2003	-99	-99	82	-99	-99	-99
08.02.2003	-99	-99	69	-99	-99	-99
09.02.2003	-99	-99	78	-99	-99	-99
10.02.2003	-99	-99	92	-99	-99	-99
11.02.2003	-99	-99	63	-99	-99	-99
12.02.2003	-99	-99	84	-99	-99	-99
13.02.2003	-99	-99	75	-99	-99	-99
14.02.2003	-99	-99	80	-99	-99	-99
15.02.2003	-99	-99	65	-99	-99	-99
16.02.2003	-99	-99	60	-99	-99	-99
17.02.2003	-99	-99	59	-99	-99	-99
18.02.2003	-99	-99	66	-99	-99	-99
19.02.2003	-99	-99	75	-99	-99	-99
20.02.2003	-99	-99	51	-99	-99	-99
21.02.2003	-99	-99	52	-99	-99	-99
22.02.2003	-99	-99	62	-99	-99	-99
23.02.2003	-99	-99	60	-99	-99	-99
24.02.2003	-99	-99	66	-99	-99	-99
25.02.2003	-99	-99	76	-99	-99	-99
26.02.2003	-99	-99	59	-99	-99	-99
27.02.2003	-99	-99	62	-99	-99	-99
28.02.2003	-99	-99	64	-99	-99	-99
01.03.2003	-99	-99	36	-99	-99	-99
02.03.2003	-99	-99	59	-99	-99	-99
03.03.2003	-99	-99	63	-99	-99	-99
04.03.2003	-99	-99	67	-99	-99	-99
05.03.2003	-99	-99	54	-99	-99	-99
06.03.2003	-99	-99	50	-99	-99	-99
07.03.2003	-99	-99	81	-99	-99	-99
08.03.2003	-99	-99	72	-99	-99	-99
09.03.2003	-99	-99	72	-99	-99	-99
10.03.2003	-99	-99	86	-99	-99	-99
11.03.2003	-99	-99	86	-99	-99	-99
12.03.2003	-99	-99	81	-99	-99	-99
13.03.2003	-99	-99	80	-99	-99	-99
14.03.2003	-99	-99	83	-99	-99	-99
15.03.2003	-99	-99	69	-99	-99	-99
16.03.2003	-99	-99	64	-99	-99	-99
17.03.2003	-99	-99	90	-99	-99	-99
18.03.2003	-99	-99	83	-99	-99	-99
19.03.2003	-99	-99	76	-99	-99	-99
20.03.2003	-99	-99	70	-99	-99	-99
21.03.2003	-99	-99	68	-99	-99	-99
22.03.2003	-99	-99	62	-99	-99	-99
23.03.2003	-99	-99	75	-99	-99	-99
24.03.2003	-99	-99	74	-99	-99	-99
25.03.2003	-99	-99	66	-99	-99	-99
26.03.2003	-99	-99	59	-99	-99	-99
27.03.2003	-99	-99	85	-99	-99	-99
28.03.2003	-99	-99	76	-99	-99	-99
29.03.2003	-99	-99	84	-99	-99	-99
30.03.2003	-99	-99	91	-99	-99	-99
31.03.2003	-99	-99	69	-99	-99	-99
01.04.2003	-99	-99	76	-99	-99	-99
02.04.2003	-99	-99	92	-99	-99	-99
03.04.2003	-99	-99	78	-99	-99	-99
04.04.2003	-99	-99	76	-99	-99	-99
05.04.2003	-99	-99	69	-99	-99	-99
06.04.2003	-99	-99	59	-99	-99	-99
07.04.2003	-99	-99	58	-99	-99	-99
08.04.2003	-99	-99	55	-99	-99	-99
09.04.2003	-99	-99	57	-99	-99	-99
10.04.2003	-99	-99	40	-99	-99	-99
11.04.2003	-99	-99	41	-99	-99	-99
12.04.2003	-99	-99	52	-99	-99	-99
13.04.2003	-99	-99	72	-99	-99	-99
14.04.2003	-99	-99	47	-99	-99	-99
15.04.2003	-99	-99	36	-99	-99	-99
16.04.2003	-99	-99	44	-99	-99	-99
17.04.2003	-99	-99	52	-99	-99	-99
18.04.2003	-99	-99	52	-99	-99	-99
19.04.2003	-99	-99	55	-99	-99	-99
20.04.2003	-99	-99	50	-99	-99	-99
21.04.2003	-99	-99	45	-99	-99	-99
22.04.2003	-99	-99	40	-99	-99	-99
23.04.2003	-99	-99	53	-99	-99	-99
24.04.2003	-99	-99	56	-99	-99	-99
25.04.2003	-99	-99	58	-99	-99	-99
26.04.2003	-99	-99	66	-99	-99	-99
27.04.2003	-99	-99	78	-99	-99	-99
28.04.2003	-99	-99	77	-99	-99	-99
29.04.2003	-99	-99	67	-99	-99	-99
30.04.2003	-99	-99	90	-99	-99	-99
01.05.2003	-99	-99	77	-99	-99	-99
02.05.2003	-99	-99	52	-99	-99	-99
03.05.2003	-99	-99	51	-99	-99	-99
04.05.2003	-99	-99	73	-99	-99	-99
05.05.2003	-99	-99	53	-99	-99	-99
06.05.2003	-99	-99	85	-99	-99	-99
07.05.2003	-99	-99	86	-99	-99	-99
08.05.2003	-99	-99	63	-99	-99	-99
09.05.2003	-99	-99	84	-99	-99	-99
10.05.2003	-99	-99	79	-99	-99	-99
11.05.2003	-99	-99	68	-99	-99	-99
12.05.2003	-99	-99	80	-99	-99	-99
13.05.2003	-99	-99	72	-99	-99	-99
14.05.2003	-99	-99	90	-99	-99	-99
15.05.2003	-99	-99	59	-99	-99	-99
16.05.2003	-99	-99	59	-99	-99	-99
17.05.2003	-99	-99	41	-99	-99	-99
18.05.2003	-99	-99	46	-99	-99	-99
19.05.2003	-99	-99	54	-99	-99	-99
20.05.2003	-99	-99	82	-99	-99	-99
21.05.2003	-99	-99	90	-99	-99	-99
22.05.2003	-99	-99	75	-99	-99	-99
23.05.2003	-99	-99	56	-99	-99	-99
24.05.2003	-99	-99	76	-99	-99	-99
25.05.2003	-99	-99	81	-99	-99	-99
26.05.2003	-99	-99	90	-99	-99	-99
27.05.2003	-99	-99	66	-99	-99	-99
28.05.2003	-99	-99	50	-99	-99	-99
29.05.2003	-99	-99	89	-99	-99	-99
30.05.2003	-99	-99	76	-99	-99	-99
31.05.2003	-99	-99	57	-99	-99	-99
01.06.2003	-99	-99	46	-99	-99	-99
02.06.2003	-99	-99	37	-99	-99	-99
03.06.2003	-99	-99	62	-99	-99	-99
04.06.2003	-99	-99	61	-99	-99	-99
05.06.2003	-99	-99	81	-99	-99	-99
06.06.2003	-99	-99	83	-99	-99	-99
07.06.2003	-99	-99	74	-99	-99	-99
08.06.2003	-99	-99	70	-99	-99	-99
09.06.2003	-99	-99	80	-99	-99	-99
10.06.2003	-99	-99	69	-99	-99	-99
11.06.2003	-99	-99	90	-99	-99	-99
12.06.2003	-99	-99	92	-99	-99	-99
13.06.2003	-99	-99	91	-99	-99	-99
14.06.2003	-99	-99	83	-99	-99	-99
15.06.2003	-99	-99	68	-99	-99	-99
16.06.2003	-99	-99	57	-99	-99	-99
17.06.2003	-99	-99	56	-99	-99	-99
18.06.2003	-99	-99	54	-99	-99	-99
19.06.2003	-99	-99	87	-99	-99	-99
20.06.2003	-99	-99	76	-99	-99	-99
21.06.2003	-99	-99	88	-99	-99	-99
22.06.2003	-99	-99	82	-99	-99	-99
23.06.2003	-99	-99	71	-99	-99	-99
24.06.2003	-99	-99	93	-99	-99	-99
25.06.2003	-99	-99	80	-99	-99	-99
26.06.2003	-99	-99	64	-99	-99	-99
27.06.2003	-99	-99	57	-99	-99	-99
28.06.2003	-99	-99	64	-99	-99	-99
29.06.2003	-99	-99	65	-99	-99	-99
30.06.2003	-99	-99	67	-99	-99	-99
01.07.2003	-99	-99	69	-99	-99	-99
02.07.2003	-99	-99	64	-99	-99	-99
03.07.2003	-99	-99	60	-99	-99	-99
04.07.2003	-99	-99	66	-99	-99	-99
05.07.2003	-99	-99	69	-99	-99	-99
06.07.2003	-99	-99	61	-99	-99	-99
07.07.2003	-99	-99	63	-99	-99	-99
08.07.2003	-99	-99	92	-99	-99	-99
09.07.2003	-99	-99	78	-99	-99	-99
10.07.2003	-99	-99	56	-99	-99	-99
11.07.2003	-99	-99	79	-99	-99	-99
12.07.2003	-99	-99	78	-99	-99	-99
13.07.2003	-99	-99	61	-99	-99	-99
14.07.2003	-99	-99	51	-99	-99	-99
15.07.2003	-99	-99	56	-99	-99	-99
16.07.2003	-99	-99	67	-99	-99	-99
17.07.2003	-99	-99	46	-99	-99	-99
18.07.2003	-99	-99	51	-99	-99	-99
19.07.2003	-99	-99	86	-99	-99	-99
20.07.2003	-99	-99	60	-99	-99	-99
21.07.2003	-99	-99	90	-99	-99	-99
22.07.2003	-99	-99	82	-99	-99	-99
23.07.2003	-99	-99	81	-99	-99	-99
24.07.2003	-99	-99	67	-99	-99	-99
25.07.2003	-99	-99	82	-99	-99	-99
26.07.2003	-99	-99	72	-99	-99	-99
27.07.2003	-99	-99	91	-99	-99	-99
28.07.2003	-99	-99	90	-99	-99	-99
29.07.2003	-99	-99	62	-99	-99	-99
30.07.2003	-99	-99	65	-99	-99	-99
31.07.2003	-99	-99	63	-99	-99	-99
01.08.2003	-99	-99	92	-99	-99	-99
02.08.2003	-99	-99	83	-99	-99	-99
03.08.2003	-99	-99	68	-99	-99	-99
04.08.2003	-99	-99	81	-99	-99	-99
05.08.2003	-99	-99	79	-99	-99	-99
06.08.2003	-99	-99	76	-99	-99	-99
07.08.2003	-99	-99	73	-99	-99	-99
08.08.2003	-99	-99	75	-99	-99	-99
09.08.2003	-99	-99	66	-99	-99	-99
10.08.2003	-99	-99	66	-99	-99	-99
11.08.2003	-99	-99	90	-99	-99	-99
12.08.2003	-99	-99	76	-99	-99	-99
13.08.2003	-99	-99	90	-99	-99	-99
14.08.2003	-99	-99	92	-99	-99	-99
15.08.2003	-99	-99	93	-99	-99	-99
16.08.2003	-99	-99	88	-99	-99	-99
17.08.2003	-99	-99	81	-99	-99	-99
18.08.2003	-99	-99	79	-99	-99	-99
19.08.2003	-99	-99	88	-99	-99	-99
20.08.2003	-99	-99	91	-99	-99	-99
21.08.2003	-99	-99	90	-99	-99	-99
22.08.2003	-99	-99	84	-99	-99	-99
23.08.2003	-99	-99	82	-99	-99	-99
24.08.2003	-99	-99	79	-99	-99	-99
25.08.2003	-99	-99	87	-99	-99	-99
26.08.2003	-99	-99	90	-99	-99	-99
27.08.2003	-99	-99	81	-99	-99	-99
28.08.2003	-99	-99	81	-99	-99	-99
29.08.2003	-99	-99	73	-99	-99	-99
30.08.2003	-99	-99	64	-99	-99	-99
31.08.2003	-99	-99	71	-99	-99	-99
01.09.2003	-99	-99	71	-99	-99	-99
02.09.2003	-99	-99	73	-99	-99	-99
03.09.2003	-99	-99	85	-99	-99	-99
04.09.2003	-99	-99	87	-99	-99	-99
05.09.2003	-99	-99	73	-99	-99	-99
06.09.2003	-99	-99	66	-99	-99	-99
07.09.2003	-99	-99	90	-99	-99	-99
08.09.2003	-99	-99	83	-99	-99	-99
09.09.2003	-99	-99	65	-99	-99	-99
10.09.2003	-99	-99	55	-99	-99	-99
11.09.2003	-99	-99	72	-99	-99	-99
12.09.2003	-99	-99	84	-99	-99	-99
13.09.2003	-99	-99	66	-99	-99	-99
14.09.2003	-99	-99	83	-99	-99	-99
15.09.2003	-99	-99	76	-99	-99	-99
16.09.2003	-99	-99	86	-99	-99	-99
17.09.2003	-99	-99	93	-99	-99	-99
18.09.2003	-99	-99	76	-99	-99	-99
19.09.2003	-99	-99	80	-99	-99	-99
20.09.2003	-99	-99	75	-99	-99	-99
21.09.2003	-99	-99	79	-99	-99	-99
22.09.2003	-99	-99	92	-99	-99	-99
23.09.2003	-99	-99	91	-99	-99	-99
24.09.2003	-99	-99	87	-99	-99	-99
25.09.2003	-99	-99	93	-99	-99	-99
26.09.2003	-99	-99	86	-99	-99	-99
27.09.2003	-99	-99	77	-99	-99	-99
28.09.2003	-99	-99	77	-99	-99	-99
29.09.2003	-99	-99	78	-99	-99	-99
30.09.2003	-99	-99	93	-99	-99	-99
01.10.2003	-99	-99	92	-99	-99	-99
02.10.2003	-99	-99	82	-99	-99	-99
03.10.2003	-99	-99	81	-99	-99	-99
04.10.2003	-99	-99	90	-99	-99	-99
05.10.2003	-99	-99	92	-99	-99	-99
06.10.2003	-99	-99	73	-99	-99	-99
07.10.2003	-99	-99	75	-99	-99	-99
08.10.2003	-99	-99	89	-99	-99	-99
09.10.2003	-99	-99	88	-99	-99	-99
10.10.2003	-99	-99	93	-99	-99	-99
11.10.2003	-99	-99	93	-99	-99	-99
12.10.2003	-99	-99	91	-99	-99	-99
13.10.2003	-99	-99	90	-99	-99	-99
14.10.2003	-99	-99	86	-99	-99	-99
15.10.2003	-99	-99	87	-99	-99	-99
16.10.2003	-99	-99	85	-99	-99	-99
17.10.2003	-99	-99	86	-99	-99	-99
18.10.2003	-99	-99	74	-99	-99	-99
19.10.2003	-99	-99	87	-99	-99	-99
20.10.2003	-99	-99	83	-99	-99	-99
21.10.2003	-99	-99	59	-99	-99	-99
22.10.2003	-99	-99	64	-99	-99	-99
23.10.2003	-99	-99	78	-99	-99	-99
24.10.2003	-99	-99	93	-99	-99	-99
25.10.2003	-99	-99	87	-99	-99	-99
26.10.2003	-99	-99	80	-99	-99	-99
27.10.2003	-99	-99	90	-99	-99	-99
28.10.2003	-99	-99	92	-99	-99	-99
29.10.2003	-99	-99	92	-99	-99	-99
30.10.2003	-99	-99	89	-99	-99	-99
31.10.2003	-99	-99	81	-99	-99	-99
01.11.2003	-99	-99	84	-99	-99	-99
02.11.2003	-99	-99	70	-99	-99	-99
03.11.2003	-99	-99	78	-99	-99	-99
04.11.2003	-99	-99	85	-99	-99	-99
05.11.2003	-99	-99	65	-99	-99	-99
06.11.2003	-99	-99	56	-99	-99	-99
07.11.2003	-99	-99	71	-99	-99	-99
08.11.2003	-99	-99	72	-99	-99	-99
09.11.2003	-99	-99	43	-99	-99	-99
10.11.2003	-99	-99	81	-99	-99	-99
11.11.2003	-99	-99	72	-99	-99	-99
12.11.2003	-99	-99	81	-99	-99	-99
13.11.2003	-99	-99	70	-99	-99	-99
14.11.2003	-99	-99	89	-99	-99	-99
15.11.2003	-99	-99	66	-99	-99	-99
16.11.2003	-99	-99	82	-99	-99	-99
17.11.2003	-99	-99	89	-99	-99	-99
18.11.2003	-99	-99	85	-99	-99	-99
19.11.2003	-99	-99	88	-99	-99	-99
20.11.2003	-99	-99	95	-99	-99	-99
21.11.2003	-99	-99	86	-99	-99	-99
22.11.2003	-99	-99	87	-99	-99	-99
23.11.2003	-99	-99	78	-99	-99	-99
24.11.2003	-99	-99	85	-99	-99	-99
25.11.2003	-99	-99	50	-99	-99	-99
26.11.2003	-99	-99	53	-99	-99	-99
27.11.2003	-99	-99	48	-99	-99	-99
28.11.2003	-99	-99	66	-99	-99	-99
29.11.2003	-99	-99	56	-99	-99	-99
30.11.2003	-99	-99	60	-99	-99	-99
01.12.2003	-99	-99	94	-99	-99	-99
02.12.2003	-99	-99	94	-99	-99	-99
03.12.2003	-99	-99	91	-99	-99	-99
04.12.2003	-99	-99	90	-99	-99	-99
05.12.2003	-99	-99	87	-99	-99	-99
06.12.2003	-99	-99	94	-99	-99	-99
07.12.2003	-99	-99	93	-99	-99	-99
08.12.2003	-99	-99	95	-99	-99	-99
09.12.2003	-99	-99	91	-99	-99	-99
10.12.2003	-99	-99	88	-99	-99	-99
11.12.2003	-99	-99	86	-99	-99	-99
12.12.2003	-99	-99	92	-99	-99	-99
13.12.2003	-99	-99	85	-99	-99	-99
14.12.2003	-99	-99	92	-99	-99	-99
15.12.2003	-99	-99	90	-99	-99	-99
16.12.2003	-99	-99	93	-99	-99	-99
17.12.2003	-99	-99	95	-99	-99	-99
18.12.2003	-99	-99	88	-99	-99	-99
19.12.2003	-99	-99	89	-99	-99	-99
20.12.2003	-99	-99	95	-99	-99	-99
21.12.2003	-99	-99	91	-99	-99	-99
22.12.2003	-99	-99	92	-99	-99	-99
23.12.2003	-99	-99	91	-99	-99	-99
24.12.2003	-99	-99	92	-99	-99	-99
25.12.2003	-99	-99	94	-99	-99	-99
26.12.2003	-99	-99	87	-99	-99	-99
27.12.2003	-99	-99	92	-99	-99	-99
28.12.2003	-99	-99	79	-99	-99	-99
29.12.2003	-99	-99	87	-99	-99	-99
30.12.2003	-99	-99	92	-99	-99	-99
31.12.2003	-99	-99	91	-99	-99	-99
01.01.2004	-99	-99	48	-99	-99	-99
02.01.2004	-99	-99	51	-99	-99	-99
03.01.2004	-99	-99	79	-99	-99	-99
04.01.2004	-99	-99	94	-99	-99	-99
05.01.2004	-99	-99	92	-99	-99	-99
06.01.2004	-99	-99	87	-99	-99	-99
07.01.2004	-99	-99	94	-99	-99	-99
08.01.2004	-99	-99	63	-99	-99	-99
09.01.2004	-99	-99	45	-99	-99	-99
10.01.2004	-99	-99	53	-99	-99	-99
11.01.2004	-99	-99	53	-99	-99	-99
12.01.2004	-99	-99	75	-99	-99	-99
13.01.2004	-99	-99	80	-99	-99	-99
14.01.2004	-99	-99	79	-99	-99	-99
15.01.2004	-99	-99	87	-99	-99	-99
16.01.2004	-99	-99	82	-99	-99	-99
17.01.2004	-99	-99	82	-99	-99	-99
18.01.2004	-99	-99	88	-99	-99	-99
19.01.2004	-99	-99	92	-99	-99	-99
20.01.2004	-99	-99	92	-99	-99	-99
21.01.2004	-99	-99	92	-99	-99	-99
22.01.2004	-99	-99	90	-99	-99	-99
23.01.2004	-99	-99	87	-99	-99	-99
24.01.2004	-99	-99	82	-99	-99	-99
25.01.2004	-99	-99	85	-99	-99	-99
26.01.2004	-99	-99	93	-99	-99	-99
27.01.2004	-99	-99	89	-99	-99	-99
28.01.2004	-99	-99	88	-99	-99	-99
29.01.2004	-99	-99	86	-99	-99	-99
30.01.2004	-99	-99	63	-99	-99	-99
31.01.2004	-99	-99	86	-99	-99	-99
01.02.2004	-99	-99	91	-99	-99	-99
02.02.2004	-99	-99	88	-99	-99	-99
03.02.2004	-99	-99	91	-99	-99	-99
04.02.2004	-99	-99	91	-99	-99	-99
05.02.2004	-99	-99	93	-99	-99	-99
06.02.2004	-99	-99	94	-99	-99	-99
07.02.2004	-99	-99	72	-99	-99	-99
08.02.2004	-99	-99	90	-99	-99	-99
09.02.2004	-99	-99	92	-99	-99	-99
10.02.2004	-99	-99	92	-99	-99	-99
11.02.2004	-99	-99	93	-99	-99	-99
12.02.2004	-99	-99	94	-99	-99	-99
13.02.2004	-99	-99	94	-99	-99	-99
14.02.2004	-99	-99	94	-99	-99	-99
15.02.2004	-99	-99	94	-99	-99	-99
16.02.2004	-99	-99	94	-99	-99	-99
17.02.2004	-99	-99	94	-99	-99	-99
18.02.2004	-99	-99	94	-99	-99	-99
19.02.2004	-99	-99	77	-99	-99	-99
20.02.2004	-99	-99	69	-99	-99	-99
21.02.2004	-99	-99	79	-99	-99	-99
22.02.2004	-99	-99	90	-99	-99	-99
23.02.2004	-99	-99	87	-99	-99	-99
24.02.2004	-99	-99	95	-99	-99	-99
25.02.2004	-99	-99	96	-99	-99	-99
26.02.2004	-99	-99	92	-99	-99	-99
27.02.2004	-99	-99	85	-99	-99	-99
28.02.2004	-99	-99	83	-99	-99	-99
29.02.2004	-99	-99	88	-99	-99	-99
01.03.2004	-99	-99	92	-99	-99	-99
02.03.2004	-99	-99	79	-99	-99	-99
03.03.2004	-99	-99	53	-99	-99	-99
04.03.2004	-99	-99	48	-99	-99	-99
05.03.2004	-99	-99	63	-99	-99	-99
06.03.2004	-99	-99	86	-99	-99	-99
07.03.2004	-99	-99	79	-99	-99	-99
08.03.2004	-99	-99	75	-99	-99	-99
09.03.2004	-99	-99	70	-99	-99	-99
10.03.2004	-99	-99	75	-99	-99	-99
11.03.2004	-99	-99	83	-99	-99	-99
12.03.2004	-99	-99	32	-99	-99	-99
13.03.2004	-99	-99	46	-99	-99	-99
14.03.2004	-99	-99	60	-99	-99	-99
15.03.2004	-99	-99	69	-99	-99	-99
16.03.2004	-99	-99	88	-99	-99	-99
17.03.2004	-99	-99	81	-99	-99	-99
18.03.2004	-99	-99	81	-99	-99	-99
19.03.2004	-99	-99	72	-99	-99	-99
20.03.2004	-99	-99	81	-99	-99	-99
21.03.2004	-99	-99	90	-99	-99	-99
22.03.2004	-99	-99	76	-99	-99	-99
23.03.2004	-99	-99	70	-99	-99	-99
24.03.2004	-99	-99	71	-99	-99	-99
25.03.2004	-99	-99	62	-99	-99	-99
26.03.2004	-99	-99	82	-99	-99	-99
27.03.2004	-99	-99	86	-99	-99	-99
28.03.2004	-99	-99	81	-99	-99	-99
29.03.2004	-99	-99	74	-99	-99	-99
30.03.2004	-99	-99	84	-99	-99	-99
31.03.2004	-99	-99	70	-99	-99	-99
01.04.2004	-99	-99	57	-99	-99	-99
02.04.2004	-99	-99	34	-99	-99	-99
03.04.2004	-99	-99	51	-99	-99	-99
04.04.2004	-99	-99	54	-99	-99	-99
05.04.2004	-99	-99	89	-99	-99	-99
06.04.2004	-99	-99	69	-99	-99	-99
07.04.2004	-99	-99	65	-99	-99	-99
08.04.2004	-99	-99	64	-99	-99	-99
09.04.2004	-99	-99	87	-99	-99	-99
10.04.2004	-99	-99	86	-99	-99	-99
11.04.2004	-99	-99	79	-99	-99	-99
12.04.2004	-99	-99	72	-99	-99	-99
13.04.2004	-99	-99	82	-99	-99	-99
14.04.2004	-99	-99	91	-99	-99	-99
15.04.2004	-99	-99	69	-99	-99	-99
16.04.2004	-99	-99	57	-99	-99	-99
17.04.2004	-99	-99	84	-99	-99	-99
18.04.2004	-99	-99	49	-99	-99	-99
19.04.2004	-99	-99	48	-99	-99	-99
20.04.2004	-99	-99	53	-99	-99	-99
21.04.2004	-99	-99	78	-99	-99	-99
22.04.2004	-99	-99	49	-99	-99	-99
23.04.2004	-99	-99	76	-99	-99	-99
24.04.2004	-99	-99	89	-99	-99	-99
25.04.2004	-99	-99	91	-99	-99	-99
26.04.2004	-99	-99	79	-99	-99	-99
27.04.2004	-99	-99	78	-99	-99	-99
28.04.2004	-99	-99	72	-99	-99	-99
29.04.2004	-99	-99	66	-99	-99	-99
30.04.2004	-99	-99	63	-99	-99	-99
01.05.2004	-99	-99	66	-99	-99	-99
02.05.2004	-99	-99	63	-99	-99	-99
03.05.2004	-99	-99	82	-99	-99	-99
04.05.2004	-99	-99	71	-99	-99	-99
05.05.2004	-99	-99	80	-99	-99	-99
06.05.2004	-99	-99	87	-99	-99	-99
07.05.2004	-99	-99	55	-99	-99	-99
08.05.2004	-99	-99	47	-99	-99	-99
09.05.2004	-99	-99	53	-99	-99	-99
10.05.2004	-99	-99	67	-99	-99	-99
11.05.2004	-99	-99	57	-99	-99	-99
12.05.2004	-99	-99	46	-99	-99	-99
13.05.2004	-99	-99	78	-99	-99	-99
14.05.2004	-99	-99	93	-99	-99	-99
15.05.2004	-99	-99	91	-99	-99	-99
16.05.2004	-99	-99	93	-99	-99	-99
17.05.2004	-99	-99	92	-99	-99	-99
18.05.2004	-99	-99	91	-99	-99	-99
19.05.2004	-99	-99	89	-99	-99	-99
20.05.2004	-99	-99	81	-99	-99	-99
21.05.2004	-99	-99	94	-99	-99	-99
22.05.2004	-99	-99	80	-99	-99	-99
23.05.2004	-99	-99	67	-99	-99	-99
24.05.2004	-99	-99	80	-99	-99	-99
25.05.2004	-99	-99	71	-99	-99	-99
26.05.2004	-99	-99	60	-99	-99	-99
27.05.2004	-99	-99	64	-99	-99	-99
28.05.2004	-99	-99	65	-99	-99	-99
29.05.2004	-99	-99	55	-99	-99	-99
30.05.2004	-99	-99	26	-99	-99	-99
31.05.2004	-99	-99	36	-99	-99	-99
01.06.2004	-99	-99	41	-99	-99	-99
02.06.2004	-99	-99	61	-99	-99	-99
03.06.2004	-99	-99	55	-99	-99	-99
04.06.2004	-99	-99	73	-99	-99	-99
05.06.2004	-99	-99	85	-99	-99	-99
06.06.2004	-99	-99	90	-99	-99	-99
07.06.2004	-99	-99	95	-99	-99	-99
08.06.2004	-99	-99	72	-99	-99	-99
09.06.2004	-99	-99	67	-99	-99	-99
10.06.2004	-99	-99	96	-99	-99	-99
11.06.2004	-99	-99	76	-99	-99	-99
12.06.2004	-99	-99	70	-99	-99	-99
13.06.2004	-99	-99	76	-99	-99	-99
14.06.2004	-99	-99	88	-99	-99	-99
15.06.2004	-99	-99	93	-99	-99	-99
16.06.2004	-99	-99	91	-99	-99	-99
17.06.2004	-99	-99	67	-99	-99	-99
18.06.2004	-99	-99	68	-99	-99	-99
19.06.2004	-99	-99	62	-99	-99	-99
20.06.2004	-99	-99	46	-99	-99	-99
21.06.2004	-99	-99	74	-99	-99	-99
22.06.2004	-99	-99	89	-99	-99	-99
23.06.2004	-99	-99	69	-99	-99	-99
24.06.2004	-99	-99	52	-99	-99	-99
25.06.2004	-99	-99	94	-99	-99	-99
26.06.2004	-99	-99	76	-99	-99	-99
27.06.2004	-99	-99	68	-99	-99	-99
28.06.2004	-99	-99	79	-99	-99	-99
29.06.2004	-99	-99	72	-99	-99	-99
30.06.2004	-99	-99	67	-99	-99	-99
01.07.2004	-99	-99	68	-99	-99	-99
02.07.2004	-99	-99	95	-99	-99	-99
03.07.2004	-99	-99	91	-99	-99	-99
04.07.2004	-99	-99	76	-99	-99	-99
05.07.2004	-99	-99	77	-99	-99	-99
06.07.2004	-99	-99	86	-99	-99	-99
07.07.2004	-99	-99	76	-99	-99	-99
08.07.2004	-99	-99	81	-99	-99	-99
09.07.2004	-99	-99	59	-99	-99	-99
10.07.2004	-99	-99	61	-99	-99	-99
11.07.2004	-99	-99	76	-99	-99	-99
12.07.2004	-99	-99	70	-99	-99	-99
13.07.2004	-99	-99	82	-99	-99	-99
14.07.2004	-99	-99	94	-99	-99	-99
15.07.2004	-99	-99	96	-99	-99	-99
16.07.2004	-99	-99	75	-99	-99	-99
17.07.2004	-99	-99	82	-99	-99	-99
18.07.2004	-99	-99	75	-99	-99	-99
19.07.2004	-99	-99	87	-99	-99	-99
20.07.2004	-99	-99	78	-99	-99	-99
21.07.2004	-99	-99	71	-99	-99	-99
22.07.2004	-99	-99	54	-99	-99	-99
23.07.2004	-99	-99	73	-99	-99	-99
24.07.2004	-99	-99	80	-99	-99	-99
25.07.2004	-99	-99	80	-99	-99	-99
26.07.2004	-99	-99	94	-99	-99	-99
27.07.2004	-99	-99	87	-99	-99	-99
28.07.2004	-99	-99	75	-99	-99	-99
29.07.2004	-99	-99	78	-99	-99	-99
30.07.2004	-99	-99	79	-99	-99	-99
31.07.2004	-99	-99	73	-99	-99	-99
01.08.2004	-99	-99	72	-99	-99	-99
02.08.2004	-99	-99	65	-99	-99	-99
03.08.2004	-99	-99	68	-99	-99	-99
04.08.2004	-99	-99	69	-99	-99	-99
05.08.2004	-99	-99	87	-99	-99	-99
06.08.2004	-99	-99	89	-99	-99	-99
07.08.2004	-99	-99	84	-99	-99	-99
08.08.2004	-99	-99	58	-99	-99	-99
09.08.2004	-99	-99	64	-99	-99	-99
10.08.2004	-99	-99	58	-99	-99	-99
11.08.2004	-99	-99	61	-99	-99	-99
12.08.2004	-99	-99	72	-99	-99	-99
13.08.2004	-99	-99	54	-99	-99	-99
14.08.2004	-99	-99	72	-99	-99	-99
15.08.2004	-99	-99	75	-99	-99	-99
16.08.2004	-99	-99	88	-99	-99	-99
17.08.2004	-99	-99	69	-99	-99	-99
18.08.2004	-99	-99	78	-99	-99	-99
19.08.2004	-99	-99	95	-99	-99	-99
20.08.2004	-99	-99	93	-99	-99	-99
21.08.2004	-99	-99	93	-99	-99	-99
22.08.2004	-99	-99	85	-99	-99	-99
23.08.2004	-99	-99	77	-99	-99	-99
24.08.2004	-99	-99	77	-99	-99	-99
25.08.2004	-99	-99	87	-99	-99	-99
26.08.2004	-99	-99	92	-99	-99	-99
27.08.2004	-99	-99	76	-99	-99	-99
28.08.2004	-99	-99	85	-99	-99	-99
29.08.2004	-99	-99	84	-99	-99	-99
30.08.2004	-99	-99	91	-99	-99	-99
31.08.2004	-99	-99	91	-99	-99	-99
01.09.2004	-99	-99	86	-99	-99	-99
02.09.2004	-99	-99	84	-99	-99	-99
03.09.2004	-99	-99	70	-99	-99	-99
04.09.2004	-99	-99	67	-99	-99	-99
05.09.2004	-99	-99	87	-99	-99	-99
06.09.2004	-99	-99	78	-99	-99	-99
07.09.2004	-99	-99	93	-99	-99	-99
08.09.2004	-99	-99	92	-99	-99	-99
09.09.2004	-99	-99	68	-99	-99	-99
10.09.2004	-99	-99	69	-99	-99	-99
11.09.2004	-99	-99	88	-99	-99	-99
12.09.2004	-99	-99	89	-99	-99	-99
13.09.2004	-99	-99	95	-99	-99	-99
14.09.2004	-99	-99	92	-99	-99	-99
15.09.2004	-99	-99	89	-99	-99	-99
16.09.2004	-99	-99	71	-99	-99	-99
17.09.2004	-99	-99	81	-99	-99	-99
18.09.2004	-99	-99	85	-99	-99	-99
19.09.2004	-99	-99	91	-99	-99	-99
20.09.2004	-99	-99	80	-99	-99	-99
21.09.2004	-99	-99	96	-99	-99	-99
22.09.2004	-99	-99	93	-99	-99	-99
23.09.2004	-99	-99	97	-99	-99	-99
24.09.2004	-99	-99	93	-99	-99	-99
25.09.2004	-99	-99	92	-99	-99	-99
26.09.2004	-99	-99	90	-99	-99	-99
27.09.2004	-99	-99	88	-99	-99	-99
28.09.2004	-99	-99	91	-99	-99	-99
29.09.2004	-99	-99	90	-99	-99	-99
30.09.2004	-99	-99	80	-99	-99	-99
01.10.2004	-99	-99	83	-99	-99	-99
02.10.2004	-99	-99	51	-99	-99	-99
03.10.2004	-99	-99	65	-99	-99	-99
04.10.2004	-99	-99	54	-99	-99	-99
05.10.2004	-99	-99	69	-99	-99	-99
06.10.2004	-99	-99	77	-99	-99	-99
07.10.2004	-99	-99	80	-99	-99	-99
08.10.2004	-99	-99	79	-99	-99	-99
09.10.2004	-99	-99	85	-99	-99	-99
10.10.2004	-99	-99	84	-99	-99	-99
11.10.2004	-99	-99	77	-99	-99	-99
12.10.2004	-99	-99	81	-99	-99	-99
13.10.2004	-99	-99	39	-99	-99	-99
14.10.2004	-99	-99	49	-99	-99	-99
15.10.2004	-99	-99	71	-99	-99	-99
16.10.2004	-99	-99	86	-99	-99	-99
17.10.2004	-99	-99	82	-99	-99	-99
18.10.2004	-99	-99	74	-99	-99	-99
19.10.2004	-99	-99	69	-99	-99	-99
20.10.2004	-99	-99	57	-99	-99	-99
21.10.2004	-99	-99	69	-99	-99	-99
22.10.2004	-99	-99	77	-99	-99	-99
23.10.2004	-99	-99	86	-99	-99	-99
24.10.2004	-99	-99	94	-99	-99	-99
25.10.2004	-99	-99	95	-99	-99	-99
26.10.2004	-99	-99	95	-99	-99	-99
27.10.2004	-99	-99	96	-99	-99	-99
28.10.2004	-99	-99	74	-99	-99	-99
29.10.2004	-99	-99	78	-99	-99	-99
30.10.2004	-99	-99	76	-99	-99	-99
31.10.2004	-99	-99	86	-99	-99	-99
01.11.2004	-99	-99	91	-99	-99	-99
02.11.2004	-99	-99	88	-99	-99	-99
03.11.2004	-99	-99	73	-99	-99	-99
04.11.2004	-99	-99	90	-99	-99	-99
05.11.2004	-99	-99	96	-99	-99	-99
06.11.2004	-99	-99	97	-99	-99	-99
07.11.2004	-99	-99	94	-99	-99	-99
08.11.2004	-99	-99	96	-99	-99	-99
09.11.2004	-99	-99	73	-99	-99	-99
10.11.2004	-99	-99	80	-99	-99	-99
11.11.2004	-99	-99	77	-99	-99	-99
12.11.2004	-99	-99	94	-99	-99	-99
13.11.2004	-99	-99	97	-99	-99	-99
14.11.2004	-99	-99	97	-99	-99	-99
15.11.2004	-99	-99	93	-99	-99	-99
16.11.2004	-99	-99	93	-99	-99	-99
17.11.2004	-99	-99	94	-99	-99	-99
18.11.2004	-99	-99	94	-99	-99	-99
19.11.2004	-99	-99	95	-99	-99	-99
20.11.2004	-99	-99	95	-99	-99	-99
21.11.2004	-99	-99	95	-99	-99	-99
22.11.2004	-99	-99	90	-99	-99	-99
23.11.2004	-99	-99	94	-99	-99	-99
24.11.2004	-99	-99	96	-99	-99	-99
25.11.2004	-99	-99	97	-99	-99	-99
26.11.2004	-99	-99	94	-99	-99	-99
27.11.2004	-99	-99	88	-99	-99	-99
28.11.2004	-99	-99	85	-99	-99	-99
29.11.2004	-99	-99	93	-99	-99	-99
30.11.2004	-99	-99	84	-99	-99	-99
01.12.2004	-99	-99	97	-99	-99	-99
02.12.2004	-99	-99	95	-99	-99	-99
03.12.2004	-99	-99	90	-99	-99	-99
04.12.2004	-99	-99	97	-99	-99	-99
05.12.2004	-99	-99	96	-99	-99	-99
06.12.2004	-99	-99	94	-99	-99	-99
07.12.2004	-99	-99	90	-99	-99	-99
08.12.2004	-99	-99	89	-99	-99	-99
09.12.2004	-99	-99	95	-99	-99	-99
10.12.2004	-99	-99	71	-99	-99	-99
11.12.2004	-99	-99	96	-99	-99	-99
12.12.2004	-99	-99	96	-99	-99	-99
13.12.2004	-99	-99	70	-99	-99	-99
14.12.2004	-99	-99	73	-99	-99	-99
15.12.2004	-99	-99	97	-99	-99	-99
16.12.2004	-99	-99	81	-99	-99	-99
17.12.2004	-99	-99	95	-99	-99	-99
18.12.2004	-99	-99	95	-99	-99	-99
19.12.2004	-99	-99	96	-99	-99	-99
20.12.2004	-99	-99	94	-99	-99	-99
21.12.2004	-99	-99	95	-99	-99	-99
22.12.2004	-99	-99	89	-99	-99	-99
23.12.2004	-99	-99	90	-99	-99	-99
24.12.2004	-99	-99	94	-99	-99	-99
25.12.2004	-99	-99	88	-99	-99	-99
26.12.2004	-99	-99	91	-99	-99	-99
27.12.2004	-99	-99	67	-99	-99	-99
28.12.2004	-99	-99	80	-99	-99	-99
29.12.2004	-99	-99	84	-99	-99	-99
30.12.2004	-99	-99	88	-99	-99	-99
31.12.2004	-99	-99	88	-99	-99	-99
01.01.2005	-99	-99	79	-99	-99	-99
02.01.2005	-99	-99	97	-99	-99	-99
03.01.2005	-99	-99	88	-99	-99	-99
04.01.2005	-99	-99	97	-99	-99	-99
05.01.2005	-99	-99	82	-99	-99	-99
06.01.2005	-99	-99	94	-99	-99	-99
07.01.2005	-99	-99	91	-99	-99	-99
08.01.2005	-99	-99	93	-99	-99	-99
09.01.2005	-99	-99	97	-99	-99	-99
10.01.2005	-99	-99	88	-99	-99	-99
11.01.2005	-99	-99	91	-99	-99	-99
12.01.2005	-99	-99	82	-99	-99	-99
13.01.2005	-99	-99	97	-99	-99	-99
14.01.2005	-99	-99	96	-99	-99	-99
15.01.2005	-99	-99	95	-99	-99	-99
16.01.2005	-99	-99	93	-99	-99	-99
17.01.2005	-99	-99	88	-99	-99	-99
18.01.2005	-99	-99	96	-99	-99	-99
19.01.2005	-99	-99	93	-99	-99	-99
20.01.2005	-99	-99	82	-99	-99	-99
21.01.2005	-99	-99	96	-99	-99	-99
22.01.2005	-99	-99	95	-99	-99	-99
23.01.2005	-99	-99	96	-99	-99	-99
24.01.2005	-99	-99	95	-99	-99	-99
25.01.2005	-99	-99	94	-99	-99	-99
26.01.2005	-99	-99	95	-99	-99	-99
27.01.2005	-99	-99	97	-99	-99	-99
28.01.2005	-99	-99	97	-99	-99	-99
29.01.2005	-99	-99	96	-99	-99	-99
30.01.2005	-99	-99	89	-99	-99	-99
31.01.2005	-99	-99	89	-99	-99	-99
01.02.2005	-99	-99	95	-99	-99	-99
02.02.2005	-99	-99	97	-99	-99	-99
03.02.2005	-99	-99	90	-99	-99	-99
04.02.2005	-99	-99	91	-99	-99	-99
05.02.2005	-99	-99	96	-99	-99	-99
06.02.2005	-99	-99	97	-99	-99	-99
07.02.2005	-99	-99	79	-99	-99	-99
08.02.2005	-99	-99	50	-99	-99	-99
09.02.2005	-99	-99	78	-99	-99	-99
10.02.2005	-99	-99	90	-99	-99	-99
11.02.2005	-99	-99	95	-99	-99	-99
12.02.2005	-99	-99	96	-99	-99	-99
13.02.2005	-99	-99	95	-99	-99	-99
14.02.2005	-99	-99	91	-99	-99	-99
15.02.2005	-99	-99	87	-99	-99	-99
16.02.2005	-99	-99	68	-99	-99	-99
17.02.2005	-99	-99	89	-99	-99	-99
18.02.2005	-99	-99	95	-99	-99	-99
19.02.2005	-99	-99	95	-99	-99	-99
20.02.2005	-99	-99	93	-99	-99	-99
21.02.2005	-99	-99	85	-99	-99	-99
22.02.2005	-99	-99	75	-99	-99	-99
23.02.2005	-99	-99	74	-99	-99	-99
24.02.2005	-99	-99	77	-99	-99	-99
25.02.2005	-99	-99	83	-99	-99	-99
26.02.2005	-99	-99	80	-99	-99	-99
27.02.2005	-99	-99	81	-99	-99	-99
28.02.2005	-99	-99	95	-99	-99	-99
01.03.2005	-99	-99	69	-99	-99	-99
02.03.2005	-99	-99	61	-99	-99	-99
03.03.2005	-99	-99	78	-99	-99	-99
04.03.2005	-99	-99	90	-99	-99	-99
05.03.2005	-99	-99	85	-99	-99	-99
06.03.2005	-99	-99	91	-99	-99	-99
07.03.2005	-99	-99	92	-99	-99	-99
08.03.2005	-99	-99	92	-99	-99	-99
09.03.2005	-99	-99	69	-99	-99	-99
10.03.2005	-99	-99	80	-99	-99	-99
11.03.2005	-99	-99	85	-99	-99	-99
12.03.2005	-99	-99	76	-99	-99	-99
13.03.2005	-99	-99	83	-99	-99	-99
14.03.2005	-99	-99	79	-99	-99	-99
15.03.2005	-99	-99	72	-99	-99	-99
16.03.2005	-99	-99	66	-99	-99	-99
17.03.2005	-99	-99	79	-99	-99	-99
18.03.2005	-99	-99	61	-99	-99	-99
19.03.2005	-99	-99	59	-99	-99	-99
20.03.2005	-99	-99	94	-99	-99	-99
21.03.2005	-99	-99	83	-99	-99	-99
22.03.2005	-99	-99	68	-99	-99	-99
23.03.2005	-99	-99	76	-99	-99	-99
24.03.2005	-99	-99	86	-99	-99	-99
25.03.2005	-99	-99	71	-99	-99	-99
26.03.2005	-99	-99	73	-99	-99	-99
27.03.2005	-99	-99	71	-99	-99	-99
28.03.2005	-99	-99	78	-99	-99	-99
29.03.2005	-99	-99	53	-99	-99	-99
30.03.2005	-99	-99	63	-99	-99	-99
31.03.2005	-99	-99	56	-99	-99	-99
01.04.2005	-99	-99	39	-99	-99	-99
02.04.2005	-99	-99	65	-99	-99	-99
03.04.2005	-99	-99	57	-99	-99	-99
04.04.2005	-99	-99	78	-99	-99	-99
05.04.2005	-99	-99	74	-99	-99	-99
06.04.2005	-99	-99	64	-99	-99	-99
07.04.2005	-99	-99	61	-99	-99	-99
08.04.2005	-99	-99	83	-99	-99	-99
09.04.2005	-99	-99	63	-99	-99	-99
10.04.2005	-99	-99	79	-99	-99	-99
11.04.2005	-99	-99	89	-99	-99	-99
12.04.2005	-99	-99	82	-99	-99	-99
13.04.2005	-99	-99	91	-99	-99	-99
14.04.2005	-99	-99	76	-99	-99	-99
15.04.2005	-99	-99	71	-99	-99	-99
16.04.2005	-99	-99	69	-99	-99	-99
17.04.2005	-99	-99	72	-99	-99	-99
18.04.2005	-99	-99	73	-99	-99	-99
19.04.2005	-99	-99	60	-99	-99	-99
20.04.2005	-99	-99	55	-99	-99	-99
21.04.2005	-99	-99	59	-99	-99	-99
22.04.2005	-99	-99	53	-99	-99	-99
23.04.2005	-99	-99	62	-99	-99	-99
24.04.2005	-99	-99	58	-99	-99	-99
25.04.2005	-99	-99	58	-99	-99	-99
26.04.2005	-99	-99	61	-99	-99	-99
27.04.2005	-99	-99	49	-99	-99	-99
28.04.2005	-99	-99	45	-99	-99	-99
29.04.2005	-99	-99	45	-99	-99	-99
30.04.2005	-99	-99	61	-99	-99	-99
01.05.2005	-99	-99	57	-99	-99	-99
02.05.2005	-99	-99	95	-99	-99	-99
03.05.2005	-99	-99	94	-99	-99	-99
04.05.2005	-99	-99	69	-99	-99	-99
05.05.2005	-99	-99	89	-99	-99	-99
06.05.2005	-99	-99	87	-99	-99	-99
07.05.2005	-99	-99	75	-99	-99	-99
08.05.2005	-99	-99	81	-99	-99	-99
09.05.2005	-99	-99	84	-99	-99	-99
10.05.2005	-99	-99	79	-99	-99	-99
11.05.2005	-99	-99	85	-99	-99	-99
12.05.2005	-99	-99	73	-99	-99	-99
13.05.2005	-99	-99	65	-99	-99	-99
14.05.2005	-99	-99	74	-99	-99	-99
15.05.2005	-99	-99	93	-99	-99	-99
16.05.2005	-99	-99	77	-99	-99	-99
17.05.2005	-99	-99	88	-99	-99	-99
18.05.2005	-99	-99	82	-99	-99	-99
19.05.2005	-99	-99	80	-99	-99	-99
20.05.2005	-99	-99	63	-99	-99	-99
21.05.2005	-99	-99	76	-99	-99	-99
22.05.2005	-99	-99	64	-99	-99	-99
23.05.2005	-99	-99	65	-99	-99	-99
24.05.2005	-99	-99	73	-99	-99	-99
25.05.2005	-99	-99	71	-99	-99	-99
26.05.2005	-99	-99	85	-99	-99	-99
27.05.2005	-99	-99	88	-99	-99	-99
28.05.2005	-99	-99	60	-99	-99	-99
29.05.2005	-99	-99	94	-99	-99	-99
30.05.2005	-99	-99	67	-99	-99	-99
31.05.2005	-99	-99	45	-99	-99	-99
01.06.2005	-99	-99	57	-99	-99	-99
02.06.2005	-99	-99	65	-99	-99	-99
03.06.2005	-99	-99	78	-99	-99	-99
04.06.2005	-99	-99	90	-99	-99	-99
05.06.2005	-99	-99	74	-99	-99	-99
06.06.2005	-99	-99	94	-99	-99	-99
07.06.2005	-99	-99	89	-99	-99	-99
08.06.2005	-99	-99	88	-99	-99	-99
09.06.2005	-99	-99	96	-99	-99	-99
10.06.2005	-99	-99	98	-99	-99	-99
11.06.2005	-99	-99	76	-99	-99	-99
12.06.2005	-99	-99	78	-99	-99	-99
13.06.2005	-99	-99	58	-99	-99	-99
14.06.2005	-99	-99	48	-99	-99	-99
15.06.2005	-99	-99	59	-99	-99	-99
16.06.2005	-99	-99	58	-99	-99	-99
17.06.2005	-99	-99	79	-99	-99	-99
18.06.2005	-99	-99	63	-99	-99	-99
19.06.2005	-99	-99	79	-99	-99	-99
20.06.2005	-99	-99	92	-99	-99	-99
21.06.2005	-99	-99	88	-99	-99	-99
22.06.2005	-99	-99	88	-99	-99	-99
23.06.2005	-99	-99	94	-99	-99	-99
24.06.2005	-99	-99	85	-99	-99	-99
25.06.2005	-99	-99	79	-99	-99	-99
26.06.2005	-99	-99	80	-99	-99	-99
27.06.2005	-99	-99	77	-99	-99	-99
28.06.2005	-99	-99	87	-99	-99	-99
29.06.2005	-99	-99	65	-99	-99	-99
30.06.2005	-99	-99	48	-99	-99	-99
01.07.2005	-99	-99	50	-99	-99	-99
02.07.2005	-99	-99	73	-99	-99	-99
03.07.2005	-99	-99	65	-99	-99	-99
04.07.2005	-99	-99	71	-99	-99	-99
05.07.2005	-99	-99	36	-99	-99	-99
06.07.2005	-99	-99	86	-99	-99	-99
07.07.2005	-99	-99	79	-99	-99	-99
08.07.2005	-99	-99	69	-99	-99	-99
09.07.2005	-99	-99	63	-99	-99	-99
10.07.2005	-99	-99	91	-99	-99	-99
11.07.2005	-99	-99	68	-99	-99	-99
12.07.2005	-99	-99	69	-99	-99	-99
13.07.2005	-99	-99	78	-99	-99	-99
14.07.2005	-99	-99	79	-99	-99	-99
15.07.2005	-99	-99	83	-99	-99	-99
16.07.2005	-99	-99	76	-99	-99	-99
17.07.2005	-99	-99	73	-99	-99	-99
18.07.2005	-99	-99	67	-99	-99	-99
19.07.2005	-99	-99	78	-99	-99	-99
20.07.2005	-99	-99	87	-99	-99	-99
21.07.2005	-99	-99	81	-99	-99	-99
22.07.2005	-99	-99	73	-99	-99	-99
23.07.2005	-99	-99	63	-99	-99	-99
24.07.2005	-99	-99	60	-99	-99	-99
25.07.2005	-99	-99	74	-99	-99	-99
26.07.2005	-99	-99	77	-99	-99	-99
27.07.2005	-99	-99	74	-99	-99	-99
28.07.2005	-99	-99	71	-99	-99	-99
29.07.2005	-99	-99	75	-99	-99	-99
30.07.2005	-99	-99	75	-99	-99	-99
31.07.2005	-99	-99	87	-99	-99	-99
01.08.2005	-99	-99	74	-99	-99	-99
02.08.2005	-99	-99	69	-99	-99	-99
03.08.2005	-99	-99	78	-99	-99	-99
04.08.2005	-99	-99	90	-99	-99	-99
05.08.2005	-99	-99	91	-99	-99	-99
06.08.2005	-99	-99	82	-99	-99	-99
07.08.2005	-99	-99	76	-99	-99	-99
08.08.2005	-99	-99	76	-99	-99	-99
09.08.2005	-99	-99	72	-99	-99	-99
10.08.2005	-99	-99	85	-99	-99	-99
11.08.2005	-99	-99	88	-99	-99	-99
12.08.2005	-99	-99	83	-99	-99	-99
13.08.2005	-99	-99	76	-99	-99	-99
14.08.2005	-99	-99	81	-99	-99	-99
15.08.2005	-99	-99	79	-99	-99	-99
16.08.2005	-99	-99	88	-99	-99	-99
17.08.2005	-99	-99	94	-99	-99	-99
18.08.2005	-99	-99	66	-99	-99	-99
19.08.2005	-99	-99	81	-99	-99	-99
20.08.2005	-99	-99	92	-99	-99	-99
21.08.2005	-99	-99	84	-99	-99	-99
22.08.2005	-99	-99	83	-99	-99	-99
23.08.2005	-99	-99	85	-99	-99	-99
24.08.2005	-99	-99	63	-99	-99	-99
25.08.2005	-99	-99	82	-99	-99	-99
26.08.2005	-99	-99	87	-99	-99	-99
27.08.2005	-99	-99	85	-99	-99	-99
28.08.2005	-99	-99	90	-99	-99	-99
29.08.2005	-99	-99	85	-99	-99	-99
30.08.2005	-99	-99	91	-99	-99	-99
31.08.2005	-99	-99	83	-99	-99	-99
01.09.2005	-99	-99	60	-99	-99	-99
02.09.2005	-99	-99	82	-99	-99	-99
03.09.2005	-99	-99	72	-99	-99	-99
04.09.2005	-99	-99	72	-99	-99	-99
05.09.2005	-99	-99	94	-99	-99	-99
06.09.2005	-99	-99	92	-99	-99	-99
07.09.2005	-99	-99	90	-99	-99	-99
08.09.2005	-99	-99	85	-99	-99	-99
09.09.2005	-99	-99	89	-99	-99	-99
10.09.2005	-99	-99	79	-99	-99	-99
11.09.2005	-99	-99	59	-99	-99	-99
12.09.2005	-99	-99	86	-99	-99	-99
13.09.2005	-99	-99	92	-99	-99	-99
14.09.2005	-99	-99	93	-99	-99	-99
15.09.2005	-99	-99	79	-99	-99	-99
16.09.2005	-99	-99	93	-99	-99	-99
17.09.2005	-99	-99	78	-99	-99	-99
18.09.2005	-99	-99	90	-99	-99	-99
19.09.2005	-99	-99	63	-99	-99	-99
20.09.2005	-99	-99	93	-99	-99	-99
21.09.2005	-99	-99	91	-99	-99	-99
22.09.2005	-99	-99	76	-99	-99	-99
23.09.2005	-99	-99	51	-99	-99	-99
24.09.2005	-99	-99	79	-99	-99	-99
25.09.2005	-99	-99	64	-99	-99	-99
26.09.2005	-99	-99	60	-99	-99	-99
27.09.2005	-99	-99	67	-99	-99	-99
28.09.2005	-99	-99	78	-99	-99	-99
29.09.2005	-99	-99	77	-99	-99	-99
30.09.2005	-99	-99	87	-99	-99	-99
01.10.2005	-99	-99	84	-99	-99	-99
02.10.2005	-99	-99	87	-99	-99	-99
03.10.2005	-99	-99	81	-99	-99	-99
04.10.2005	-99	-99	86	-99	-99	-99
05.10.2005	-99	-99	72	-99	-99	-99
06.10.2005	-99	-99	63	-99	-99	-99
07.10.2005	-99	-99	62	-99	-99	-99
08.10.2005	-99	-99	42	-99	-99	-99
09.10.2005	-99	-99	79	-99	-99	-99
10.10.2005	-99	-99	53	-99	-99	-99
11.10.2005	-99	-99	40	-99	-99	-99
12.10.2005	-99	-99	38	-99	-99	-99
13.10.2005	-99	-99	68	-99	-99	-99
14.10.2005	-99	-99	87	-99	-99	-99
15.10.2005	-99	-99	89	-99	-99	-99
16.10.2005	-99	-99	70	-99	-99	-99
17.10.2005	-99	-99	72	-99	-99	-99
18.10.2005	-99	-99	78	-99	-99	-99
19.10.2005	-99	-99	75	-99	-99	-99
20.10.2005	-99	-99	78	-99	-99	-99
21.10.2005	-99	-99	93	-99	-99	-99
22.10.2005	-99	-99	79	-99	-99	-99
23.10.2005	-99	-99	65	-99	-99	-99
24.10.2005	-99	-99	78	-99	-99	-99
25.10.2005	-99	-99	58	-99	-99	-99
26.10.2005	-99	-99	96	-99	-99	-99
27.10.2005	-99	-99	92	-99	-99	-99
28.10.2005	-99	-99	54	-99	-99	-99
29.10.2005	-99	-99	89	-99	-99	-99
30.10.2005	-99	-99	66	-99	-99	-99
31.10.2005	-99	-99	73	-99	-99	-99
01.11.2005	-99	-99	93	-99	-99	-99
02.11.2005	-99	-99	80	-99	-99	-99
03.11.2005	-99	-99	81	-99	-99	-99
04.11.2005	-99	-99	95	-99	-99	-99
05.11.2005	-99	-99	92	-99	-99	-99
06.11.2005	-99	-99	88	-99	-99	-99
07.11.2005	-99	-99	74	-99	-99	-99
08.11.2005	-99	-99	67	-99	-99	-99
09.11.2005	-99	-99	96	-99	-99	-99
10.11.2005	-99	-99	84	-99	-99	-99
11.11.2005	-99	-99	91	-99	-99	-99
12.11.2005	-99	-99	64	-99	-99	-99
13.11.2005	-99	-99	85	-99	-99	-99
14.11.2005	-99	-99	91	-99	-99	-99
15.11.2005	-99	-99	94	-99	-99	-99
16.11.2005	-99	-99	95	-99	-99	-99
17.11.2005	-99	-99	96	-99	-99	-99
18.11.2005	-99	-99	96	-99	-99	-99
19.11.2005	-99	-99	96	-99	-99	-99
20.11.2005	-99	-99	97	-99	-99	-99
21.11.2005	-99	-99	95	-99	-99	-99
22.11.2005	-99	-99	95	-99	-99	-99
23.11.2005	-99	-99	86	-99	-99	-99
24.11.2005	-99	-99	95	-99	-99	-99
25.11.2005	-99	-99	96	-99	-99	-99
26.11.2005	-99	-99	88	-99	-99	-99
27.11.2005	-99	-99	93	-99	-99	-99
28.11.2005	-99	-99	94	-99	-99	-99
29.11.2005	-99	-99	95	-99	-99	-99
30.11.2005	-99	-99	94	-99	-99	-99
01.12.2005	-99	-99	95	-99	-99	-99
02.12.2005	-99	-99	93	-99	-99	-99
03.12.2005	-99	-99	60	-99	-99	-99
04.12.2005	-99	-99	46	-99	-99	-99
05.12.2005	-99	-99	65	-99	-99	-99
06.12.2005	-99	-99	69	-99	-99	-99
07.12.2005	-99	-99	72	-99	-99	-99
08.12.2005	-99	-99	82	-99	-99	-99
09.12.2005	-99	-99	77	-99	-99	-99
10.12.2005	-99	-99	91	-99	-99	-99
11.12.2005	-99	-99	99	-99	-99	-99
12.12.2005	-99	-99	-99	-99	-99	-99
13.12.2005	-99	-99	97	-99	-99	-99
14.12.2005	-99	-99	96	-99	-99	-99
15.12.2005	-99	-99	94	-99	-99	-99
16.12.2005	-99	-99	95	-99	-99	-99
17.12.2005	-99	-99	95	-99	-99	-99
18.12.2005	-99	-99	96	-99	-99	-99
19.12.2005	-99	-99	96	-99	-99	-99
20.12.2005	-99	-99	96	-99	-99	-99
21.12.2005	-99	-99	89	-99	-99	-99
22.12.2005	-99	-99	89	-99	-99	-99
23.12.2005	-99	-99	96	-99	-99	-99
24.12.2005	-99	-99	92	-99	-99	-99
25.12.2005	-99	-99	96	-99	-99	-99
26.12.2005	-99	-99	95	-99	-99	-99
27.12.2005	-99	-99	91	-99	-99	-99
28.12.2005	-99	-99	88	-99	-99	-99
29.12.2005	-99	-99	70	-99	-99	-99
30.12.2005	-99	-99	75	-99	-99	-99
31.12.2005	-99	-99	53	-99	-99	-99
01.01.2006	-99	-99	76	-99	-99	-99
02.01.2006	-99	-99	73	-99	-99	-99
03.01.2006	-99	-99	76	-99	-99	-99
04.01.2006	-99	-99	92	-99	-99	-99
05.01.2006	-99	-99	89	-99	-99	-99
06.01.2006	-99	-99	91	-99	-99	-99
07.01.2006	-99	-99	90	-99	-99	-99
08.01.2006	-99	-99	91	-99	-99	-99
09.01.2006	-99	-99	81	-99	-99	-99
10.01.2006	-99	-99	76	-99	-99	-99
11.01.2006	-99	-99	76	-99	-99	-99
12.01.2006	-99	-99	78	-99	-99	-99
13.01.2006	-99	-99	77	-99	-99	-99
14.01.2006	-99	-99	64	-99	-99	-99
15.01.2006	-99	-99	80	-99	-99	-99
16.01.2006	-99	-99	50	-99	-99	-99
17.01.2006	-99	-99	46	-99	-99	-99
18.01.2006	-99	-99	47	-99	-99	-99
19.01.2006	-99	-99	62	-99	-99	-99
20.01.2006	-99	-99	61	-99	-99	-99
21.01.2006	-99	-99	52	-99	-99	-99
22.01.2006	-99	-99	72	-99	-99	-99
23.01.2006	-99	-99	68	-99	-99	-99
24.01.2006	-99	-99	76	-99	-99	-99
25.01.2006	-99	-99	95	-99	-99	-99
26.01.2006	-99	-99	93	-99	-99	-99
27.01.2006	-99	-99	92	-99	-99	-99
28.01.2006	-99	-99	91	-99	-99	-99
29.01.2006	-99	-99	97	-99	-99	-99
30.01.2006	-99	-99	93	-99	-99	-99
31.01.2006	-99	-99	90	-99	-99	-99
01.02.2006	-99	-99	92	-99	-99	-99
02.02.2006	-99	-99	96	-99	-99	-99
03.02.2006	-99	-99	97	-99	-99	-99
04.02.2006	-99	-99	97	-99	-99	-99
05.02.2006	-99	-99	96	-99	-99	-99
06.02.2006	-99	-99	96	-99	-99	-99
07.02.2006	-99	-99	96	-99	-99	-99
08.02.2006	-99	-99	93	-99	-99	-99
09.02.2006	-99	-99	92	-99	-99	-99
10.02.2006	-99	-99	92	-99	-99	-99
11.02.2006	-99	-99	83	-99	-99	-99
12.02.2006	-99	-99	73	-99	-99	-99
13.02.2006	-99	-99	78	-99	-99	-99
14.02.2006	-99	-99	72	-99	-99	-99
15.02.2006	-99	-99	50	-99	-99	-99
16.02.2006	-99	-99	46	-99	-99	-99
17.02.2006	-99	-99	42	-99	-99	-99
18.02.2006	-99	-99	60	-99	-99	-99
19.02.2006	-99	-99	84	-99	-99	-99
20.02.2006	-99	-99	83	-99	-99	-99
21.02.2006	-99	-99	86	-99	-99	-99
22.02.2006	-99	-99	76	-99	-99	-99
23.02.2006	-99	-99	80	-99	-99	-99
24.02.2006	-99	-99	95	-99	-99	-99
25.02.2006	-99	-99	77	-99	-99	-99
26.02.2006	-99	-99	84	-99	-99	-99
27.02.2006	-99	-99	88	-99	-99	-99
28.02.2006	-99	-99	77	-99	-99	-99
01.03.2006	-99	-99	54	-99	-99	-99
02.03.2006	-99	-99	45	-99	-99	-99
03.03.2006	-99	-99	48	-99	-99	-99
04.03.2006	-99	-99	59	-99	-99	-99
05.03.2006	-99	-99	80	-99	-99	-99
06.03.2006	-99	-99	80	-99	-99	-99
07.03.2006	-99	-99	72	-99	-99	-99
08.03.2006	-99	-99	73	-99	-99	-99
09.03.2006	-99	-99	61	-99	-99	-99
10.03.2006	-99	-99	39	-99	-99	-99
11.03.2006	-99	-99	49	-99	-99	-99
12.03.2006	-99	-99	56	-99	-99	-99
13.03.2006	-99	-99	32	-99	-99	-99
14.03.2006	-99	-99	37	-99	-99	-99
15.03.2006	-99	-99	53	-99	-99	-99
16.03.2006	-99	-99	55	-99	-99	-99
17.03.2006	-99	-99	59	-99	-99	-99
18.03.2006	-99	-99	85	-99	-99	-99
19.03.2006	-99	-99	77	-99	-99	-99
20.03.2006	-99	-99	86	-99	-99	-99
21.03.2006	-99	-99	83	-99	-99	-99
22.03.2006	-99	-99	89	-99	-99	-99
23.03.2006	-99	-99	87	-99	-99	-99
24.03.2006	-99	-99	61	-99	-99	-99
25.03.2006	-99	-99	36	-99	-99	-99
26.03.2006	-99	-99	47	-99	-99	-99
27.03.2006	-99	-99	64	-99	-99	-99
28.03.2006	-99	-99	77	-99	-99	-99
29.03.2006	-99	-99	93	-99	-99	-99
30.03.2006	-99	-99	93	-99	-99	-99
31.03.2006	-99	-99	82	-99	-99	-99
01.04.2006	-99	-99	68	-99	-99	-99
02.04.2006	-99	-99	63	-99	-99	-99
03.04.2006	-99	-99	86	-99	-99	-99
04.04.2006	-99	-99	84	-99	-99	-99
05.04.2006	-99	-99	62	-99	-99	-99
06.04.2006	-99	-99	62	-99	-99	-99
07.04.2006	-99	-99	81	-99	-99	-99
08.04.2006	-99	-99	76	-99	-99	-99
09.04.2006	-99	-99	73	-99	-99	-99
10.04.2006	-99	-99	74	-99	-99	-99
11.04.2006	-99	-99	60	-99	-99	-99
12.04.2006	-99	-99	64	-99	-99	-99
13.04.2006	-99	-99	59	-99	-99	-99
14.04.2006	-99	-99	86	-99	-99	-99
15.04.2006	-99	-99	86	-99	-99	-99
16.04.2006	-99	-99	80	-99	-99	-99
17.04.2006	-99	-99	90	-99	-99	-99
18.04.2006	-99	-99	83	-99	-99	-99
19.04.2006	-99	-99	81	-99	-99	-99
20.04.2006	-99	-99	75	-99	-99	-99
21.04.2006	-99	-99	61	-99	-99	-99
22.04.2006	-99	-99	43	-99	-99	-99
23.04.2006	-99	-99	59	-99	-99	-99
24.04.2006	-99	-99	56	-99	-99	-99
25.04.2006	-99	-99	38	-99	-99	-99
26.04.2006	-99	-99	70	-99	-99	-99
27.04.2006	-99	-99	83	-99	-99	-99
28.04.2006	-99	-99	72	-99	-99	-99
29.04.2006	-99	-99	50	-99	-99	-99
30.04.2006	-99	-99	51	-99	-99	-99
01.05.2006	-99	-99	39	-99	-99	-99
02.05.2006	-99	-99	39	-99	-99	-99
03.05.2006	-99	-99	51	-99	-99	-99
04.05.2006	-99	-99	50	-99	-99	-99
05.05.2006	-99	-99	42	-99	-99	-99
06.05.2006	-99	-99	35	-99	-99	-99
07.05.2006	-99	-99	42	-99	-99	-99
08.05.2006	-99	-99	43	-99	-99	-99
09.05.2006	-99	-99	45	-99	-99	-99
10.05.2006	-99	-99	52	-99	-99	-99
11.05.2006	-99	-99	82	-99	-99	-99
12.05.2006	-99	-99	72	-99	-99	-99
13.05.2006	-99	-99	85	-99	-99	-99
14.05.2006	-99	-99	83	-99	-99	-99
15.05.2006	-99	-99	73	-99	-99	-99
16.05.2006	-99	-99	57	-99	-99	-99
17.05.2006	-99	-99	50	-99	-99	-99
18.05.2006	-99	-99	69	-99	-99	-99
19.05.2006	-99	-99	70	-99	-99	-99
20.05.2006	-99	-99	75	-99	-99	-99
21.05.2006	-99	-99	80	-99	-99	-99
22.05.2006	-99	-99	61	-99	-99	-99
23.05.2006	-99	-99	89	-99	-99	-99
24.05.2006	-99	-99	69	-99	-99	-99
25.05.2006	-99	-99	77	-99	-99	-99
26.05.2006	-99	-99	70	-99	-99	-99
27.05.2006	-99	-99	55	-99	-99	-99
28.05.2006	-99	-99	66	-99	-99	-99
29.05.2006	-99	-99	71	-99	-99	-99
30.05.2006	-99	-99	55	-99	-99	-99
31.05.2006	-99	-99	58	-99	-99	-99
01.06.2006	-99	-99	51	-99	-99	-99
02.06.2006	-99	-99	75	-99	-99	-99
03.06.2006	-99	-99	81	-99	-99	-99
04.06.2006	-99	-99	75	-99	-99	-99
05.06.2006	-99	-99	59	-99	-99	-99
06.06.2006	-99	-99	61	-99	-99	-99
07.06.2006	-99	-99	74	-99	-99	-99
08.06.2006	-99	-99	75	-99	-99	-99
09.06.2006	-99	-99	63	-99	-99	-99
10.06.2006	-99	-99	60	-99	-99	-99
11.06.2006	-99	-99	52	-99	-99	-99
12.06.2006	-99	-99	39	-99	-99	-99
13.06.2006	-99	-99	58	-99	-99	-99
14.06.2006	-99	-99	60	-99	-99	-99
15.06.2006	-99	-99	64	-99	-99	-99
16.06.2006	-99	-99	64	-99	-99	-99
17.06.2006	-99	-99	73	-99	-99	-99
18.06.2006	-99	-99	88	-99	-99	-99
19.06.2006	-99	-99	88	-99	-99	-99
20.06.2006	-99	-99	89	-99	-99	-99
21.06.2006	-99	-99	80	-99	-99	-99
22.06.2006	-99	-99	71	-99	-99	-99
23.06.2006	-99	-99	79	-99	-99	-99
24.06.2006	-99	-99	79	-99	-99	-99
25.06.2006	-99	-99	86	-99	-99	-99
26.06.2006	-99	-99	74	-99	-99	-99
27.06.2006	-99	-99	72	-99	-99	-99
28.06.2006	-99	-99	64	-99	-99	-99
29.06.2006	-99	-99	66	-99	-99	-99
30.06.2006	-99	-99	58	-99	-99	-99
01.07.2006	-99	-99	66	-99	-99	-99
02.07.2006	-99	-99	57	-99	-99	-99
03.07.2006	-99	-99	77	-99	-99	-99
04.07.2006	-99	-99	83	-99	-99	-99
05.07.2006	-99	-99	63	-99	-99	-99
06.07.2006	-99	-99	56	-99	-99	-99
07.07.2006	-99	-99	89	-99	-99	-99
08.07.2006	-99	-99	80	-99	-99	-99
09.07.2006	-99	-99	86	-99	-99	-99
10.07.2006	-99	-99	82	-99	-99	-99
11.07.2006	-99	-99	85	-99	-99	-99
12.07.2006	-99	-99	80	-99	-99	-99
13.07.2006	-99	-99	83	-99	-99	-99
14.07.2006	-99	-99	76	-99	-99	-99
15.07.2006	-99	-99	68	-99	-99	-99
16.07.2006	-99	-99	53	-99	-99	-99
17.07.2006	-99	-99	69	-99	-99	-99
18.07.2006	-99	-99	72	-99	-99	-99
19.07.2006	-99	-99	67	-99	-99	-99
20.07.2006	-99	-99	68	-99	-99	-99
21.07.2006	-99	-99	73	-99	-99	-99
22.07.2006	-99	-99	70	-99	-99	-99
23.07.2006	-99	-99	72	-99	-99	-99
24.07.2006	-99	-99	73	-99	-99	-99
25.07.2006	-99	-99	75	-99	-99	-99
26.07.2006	-99	-99	69	-99	-99	-99
27.07.2006	-99	-99	78	-99	-99	-99
28.07.2006	-99	-99	92	-99	-99	-99
29.07.2006	-99	-99	78	-99	-99	-99
30.07.2006	-99	-99	81	-99	-99	-99
31.07.2006	-99	-99	92	-99	-99	-99
01.08.2006	-99	-99	72	-99	-99	-99
02.08.2006	-99	-99	68	-99	-99	-99
03.08.2006	-99	-99	64	-99	-99	-99
04.08.2006	-99	-99	65	-99	-99	-99
05.08.2006	-99	-99	76	-99	-99	-99
06.08.2006	-99	-99	63	-99	-99	-99
07.08.2006	-99	-99	85	-99	-99	-99
08.08.2006	-99	-99	72	-99	-99	-99
09.08.2006	-99	-99	90	-99	-99	-99
10.08.2006	-99	-99	87	-99	-99	-99
11.08.2006	-99	-99	71	-99	-99	-99
12.08.2006	-99	-99	58	-99	-99	-99
13.08.2006	-99	-99	77	-99	-99	-99
14.08.2006	-99	-99	70	-99	-99	-99
15.08.2006	-99	-99	69	-99	-99	-99
16.08.2006	-99	-99	83	-99	-99	-99
17.08.2006	-99	-99	89	-99	-99	-99
18.08.2006	-99	-99	80	-99	-99	-99
19.08.2006	-99	-99	70	-99	-99	-99
20.08.2006	-99	-99	82	-99	-99	-99
21.08.2006	-99	-99	81	-99	-99	-99
22.08.2006	-99	-99	77	-99	-99	-99
23.08.2006	-99	-99	83	-99	-99	-99
24.08.2006	-99	-99	84	-99	-99	-99
25.08.2006	-99	-99	79	-99	-99	-99
26.08.2006	-99	-99	83	-99	-99	-99
27.08.2006	-99	-99	88	-99	-99	-99
28.08.2006	-99	-99	80	-99	-99	-99
29.08.2006	-99	-99	74	-99	-99	-99
30.08.2006	-99	-99	80	-99	-99	-99
31.08.2006	-99	-99	87	-99	-99	-99
01.09.2006	-99	-99	77	-99	-99	-99
02.09.2006	-99	-99	84	-99	-99	-99
03.09.2006	-99	-99	94	-99	-99	-99
04.09.2006	-99	-99	95	-99	-99	-99
05.09.2006	-99	-99	88	-99	-99	-99
06.09.2006	-99	-99	92	-99	-99	-99
07.09.2006	-99	-99	86	-99	-99	-99
08.09.2006	-99	-99	93	-99	-99	-99
09.09.2006	-99	-99	87	-99	-99	-99
10.09.2006	-99	-99	77	-99	-99	-99
11.09.2006	-99	-99	78	-99	-99	-99
12.09.2006	-99	-99	84	-99	-99	-99
13.09.2006	-99	-99	94	-99	-99	-99
14.09.2006	-99	-99	75	-99	-99	-99
15.09.2006	-99	-99	62	-99	-99	-99
16.09.2006	-99	-99	63	-99	-99	-99
17.09.2006	-99	-99	68	-99	-99	-99
18.09.2006	-99	-99	81	-99	-99	-99
19.09.2006	-99	-99	88	-99	-99	-99
20.09.2006	-99	-99	90	-99	-99	-99
21.09.2006	-99	-99	84	-99	-99	-99
22.09.2006	-99	-99	72	-99	-99	-99
23.09.2006	-99	-99	68	-99	-99	-99
24.09.2006	-99	-99	80	-99	-99	-99
25.09.2006	-99	-99	90	-99	-99	-99
26.09.2006	-99	-99	82	-99	-99	-99
27.09.2006	-99	-99	95	-99	-99	-99
28.09.2006	-99	-99	96	-99	-99	-99
29.09.2006	-99	-99	91	-99	-99	-99
30.09.2006	-99	-99	86	-99	-99	-99
01.10.2006	-99	-99	87	-99	-99	-99
02.10.2006	-99	-99	91	-99	-99	-99
03.10.2006	-99	-99	89	-99	-99	-99
04.10.2006	-99	-99	84	-99	-99	-99
05.10.2006	-99	-99	89	-99	-99	-99
06.10.2006	-99	-99	86	-99	-99	-99
07.10.2006	-99	-99	91	-99	-99	-99
08.10.2006	-99	-99	95	-99	-99	-99
09.10.2006	-99	-99	95	-99	-99	-99
10.10.2006	-99	-99	89	-99	-99	-99
11.10.2006	-99	-99	79	-99	-99	-99
12.10.2006	-99	-99	75	-99	-99	-99
13.10.2006	-99	-99	75	-99	-99	-99
14.10.2006	-99	-99	71	-99	-99	-99
15.10.2006	-99	-99	82	-99	-99	-99
16.10.2006	-99	-99	76	-99	-99	-99
17.10.2006	-99	-99	91	-99	-99	-99
18.10.2006	-99	-99	93	-99	-99	-99
19.10.2006	-99	-99	91	-99	-99	-99
20.10.2006	-99	-99	89	-99	-99	-99
21.10.2006	-99	-99	95	-99	-99	-99
22.10.2006	-99	-99	96	-99	-99	-99
23.10.2006	-99	-99	95	-99	-99	-99
24.10.2006	-99	-99	87	-99	-99	-99
25.10.2006	-99	-99	91	-99	-99	-99
26.10.2006	-99	-99	84	-99	-99	-99
27.10.2006	-99	-99	92	-99	-99	-99
28.10.2006	-99	-99	84	-99	-99	-99
29.10.2006	-99	-99	78	-99	-99	-99
30.10.2006	-99	-99	95	-99	-99	-99
31.10.2006	-99	-99	85	-99	-99	-99
01.11.2006	-99	-99	78	-99	-99	-99
02.11.2006	-99	-99	93	-99	-99	-99
03.11.2006	-99	-99	94	-99	-99	-99
04.11.2006	-99	-99	96	-99	-99	-99
05.11.2006	-99	-99	96	-99	-99	-99
06.11.2006	-99	-99	86	-99	-99	-99
07.11.2006	-99	-99	89	-99	-99	-99
08.11.2006	-99	-99	95	-99	-99	-99
09.11.2006	-99	-99	96	-99	-99	-99
10.11.2006	-99	-99	90	-99	-99	-99
11.11.2006	-99	-99	88	-99	-99	-99
12.11.2006	-99	-99	95	-99	-99	-99
13.11.2006	-99	-99	92	-99	-99	-99
14.11.2006	-99	-99	94	-99	-99	-99
15.11.2006	-99	-99	95	-99	-99	-99
16.11.2006	-99	-99	72	-99	-99	-99
17.11.2006	-99	-99	74	-99	-99	-99
18.11.2006	-99	-99	76	-99	-99	-99
19.11.2006	-99	-99	94	-99	-99	-99
20.11.2006	-99	-99	66	-99	-99	-99
21.11.2006	-99	-99	58	-99	-99	-99
22.11.2006	-99	-99	80	-99	-99	-99
23.11.2006	-99	-99	61	-99	-99	-99
24.11.2006	-99	-99	55	-99	-99	-99
25.11.2006	-99	-99	59	-99	-99	-99
26.11.2006	-99	-99	82	-99	-99	-99
27.11.2006	-99	-99	88	-99	-99	-99
28.11.2006	-99	-99	67	-99	-99	-99
29.11.2006	-99	-99	82	-99	-99	-99
30.11.2006	-99	-99	92	-99	-99	-99
01.12.2006	-99	-99	77	-99	-99	-99
02.12.2006	-99	-99	77	-99	-99	-99
03.12.2006	-99	-99	68	-99	-99	-99
04.12.2006	-99	-99	69	-99	-99	-99
05.12.2006	-99	-99	92	-99	-99	-99
06.12.2006	-99	-99	95	-99	-99	-99
07.12.2006	-99	-99	84	-99	-99	-99
08.12.2006	-99	-99	79	-99	-99	-99
09.12.2006	-99	-99	83	-99	-99	-99
10.12.2006	-99	-99	84	-99	-99	-99
11.12.2006	-99	-99	89	-99	-99	-99
12.12.2006	-99	-99	93	-99	-99	-99
13.12.2006	-99	-99	95	-99	-99	-99
14.12.2006	-99	-99	85	-99	-99	-99
15.12.2006	-99	-99	-99	-99	-99	-99
16.12.2006	-99	-99	97	-99	-99	-99
17.12.2006	-99	-99	92	-99	-99	-99
18.12.2006	-99	-99	92	-99	-99	-99
19.12.2006	-99	-99	93	-99	-99	-99
20.12.2006	-99	-99	96	-99	-99	-99
21.12.2006	-99	-99	84	-99	-99	-99
22.12.2006	-99	-99	89	-99	-99	-99
23.12.2006	-99	-99	95	-99	-99	-99
24.12.2006	-99	-99	96	-99	-99	-99
25.12.2006	-99	-99	96	-99	-99	-99
26.12.2006	-99	-99	92	-99	-99	-99
27.12.2006	-99	-99	96	-99	-99	-99
28.12.2006	-99	-99	96	-99	-99	-99
29.12.2006	-99	-99	95	-99	-99	-99
30.12.2006	-99	-99	69	-99	-99	-99
31.12.2006	-99	-99	94	-99	-99	-99
01.01.2007	-99	-99	89	-99	-99	-99
02.01.2007	-99	-99	96	-99	-99	-99
03.01.2007	-99	-99	96	-99	-99	-99
04.01.2007	-99	-99	96	-99	-99	-99
05.01.2007	-99	-99	95	-99	-99	-99
06.01.2007	-99	-99	96	-99	-99	-99
07.01.2007	-99	-99	84	-99	-99	-99
08.01.2007	-99	-99	93	-99	-99	-99
09.01.2007	-99	-99	92	-99	-99	-99
10.01.2007	-99	-99	95	-99	-99	-99
11.01.2007	-99	-99	70	-99	-99	-99
12.01.2007	-99	-99	91	-99	-99	-99
13.01.2007	-99	-99	92	-99	-99	-99
14.01.2007	-99	-99	93	-99	-99	-99
15.01.2007	-99	-99	87	-99	-99	-99
16.01.2007	-99	-99	92	-99	-99	-99
17.01.2007	-99	-99	88	-99	-99	-99
18.01.2007	-99	-99	93	-99	-99	-99
19.01.2007	-99	-99	95	-99	-99	-99
20.01.2007	-99	-99	76	-99	-99	-99
21.01.2007	-99	-99	58	-99	-99	-99
22.01.2007	-99	-99	90	-99	-99	-99
23.01.2007	-99	-99	93	-99	-99	-99
24.01.2007	-99	-99	92	-99	-99	-99
25.01.2007	-99	-99	84	-99	-99	-99
26.01.2007	-99	-99	89	-99	-99	-99
27.01.2007	-99	-99	91	-99	-99	-99
28.01.2007	-99	-99	94	-99	-99	-99
29.01.2007	-99	-99	94	-99	-99	-99
30.01.2007	-99	-99	95	-99	-99	-99
31.01.2007	-99	-99	96	-99	-99	-99
01.02.2007	-99	-99	96	-99	-99	-99
02.02.2007	-99	-99	96	-99	-99	-99
03.02.2007	-99	-99	95	-99	-99	-99
04.02.2007	-99	-99	96	-99	-99	-99
05.02.2007	-99	-99	96	-99	-99	-99
06.02.2007	-99	-99	92	-99	-99	-99
07.02.2007	-99	-99	88	-99	-99	-99
08.02.2007	-99	-99	86	-99	-99	-99
09.02.2007	-99	-99	85	-99	-99	-99
10.02.2007	-99	-99	86	-99	-99	-99
11.02.2007	-99	-99	87	-99	-99	-99
12.02.2007	-99	-99	80	-99	-99	-99
13.02.2007	-99	-99	84	-99	-99	-99
14.02.2007	-99	-99	83	-99	-99	-99
15.02.2007	-99	-99	77	-99	-99	-99
16.02.2007	-99	-99	48	-99	-99	-99
17.02.2007	-99	-99	87	-99	-99	-99
18.02.2007	-99	-99	95	-99	-99	-99
19.02.2007	-99	-99	96	-99	-99	-99
20.02.2007	-99	-99	79	-99	-99	-99
21.02.2007	-99	-99	57	-99	-99	-99
22.02.2007	-99	-99	43	-99	-99	-99
23.02.2007	-99	-99	48	-99	-99	-99
24.02.2007	-99	-99	51	-99	-99	-99
25.02.2007	-99	-99	57	-99	-99	-99
26.02.2007	-99	-99	77	-99	-99	-99
27.02.2007	-99	-99	92	-99	-99	-99
28.02.2007	-99	-99	64	-99	-99	-99
01.03.2007	-99	-99	62	-99	-99	-99
02.03.2007	-99	-99	86	-99	-99	-99
03.03.2007	-99	-99	76	-99	-99	-99
04.03.2007	-99	-99	83	-99	-99	-99
05.03.2007	-99	-99	51	-99	-99	-99
06.03.2007	-99	-99	52	-99	-99	-99
07.03.2007	-99	-99	64	-99	-99	-99
08.03.2007	-99	-99	72	-99	-99	-99
09.03.2007	-99	-99	76	-99	-99	-99
10.03.2007	-99	-99	91	-99	-99	-99
11.03.2007	-99	-99	93	-99	-99	-99
12.03.2007	-99	-99	92	-99	-99	-99
13.03.2007	-99	-99	88	-99	-99	-99
14.03.2007	-99	-99	93	-99	-99	-99
15.03.2007	-99	-99	90	-99	-99	-99
16.03.2007	-99	-99	92	-99	-99	-99
17.03.2007	-99	-99	89	-99	-99	-99
18.03.2007	-99	-99	82	-99	-99	-99
19.03.2007	-99	-99	91	-99	-99	-99
20.03.2007	-99	-99	92	-99	-99	-99
21.03.2007	-99	-99	72	-99	-99	-99
22.03.2007	-99	-99	84	-99	-99	-99
23.03.2007	-99	-99	67	-99	-99	-99
24.03.2007	-99	-99	70	-99	-99	-99
25.03.2007	-99	-99	63	-99	-99	-99
26.03.2007	-99	-99	56	-99	-99	-99
27.03.2007	-99	-99	54	-99	-99	-99
28.03.2007	-99	-99	51	-99	-99	-99
29.03.2007	-99	-99	55	-99	-99	-99
30.03.2007	-99	-99	72	-99	-99	-99
31.03.2007	-99	-99	71	-99	-99	-99
01.04.2007	-99	-99	66	-99	-99	-99
02.04.2007	-99	-99	86	-99	-99	-99
03.04.2007	-99	-99	78	-99	-99	-99
04.04.2007	-99	-99	82	-99	-99	-99
05.04.2007	-99	-99	84	-99	-99	-99
06.04.2007	-99	-99	85	-99	-99	-99
07.04.2007	-99	-99	83	-99	-99	-99
08.04.2007	-99	-99	82	-99	-99	-99
09.04.2007	-99	-99	79	-99	-99	-99
10.04.2007	-99	-99	89	-99	-99	-99
11.04.2007	-99	-99	65	-99	-99	-99
12.04.2007	-99	-99	79	-99	-99	-99
13.04.2007	-99	-99	67	-99	-99	-99
14.04.2007	-99	-99	61	-99	-99	-99
15.04.2007	-99	-99	52	-99	-99	-99
16.04.2007	-99	-99	76	-99	-99	-99
17.04.2007	-99	-99	93	-99	-99	-99
18.04.2007	-99	-99	85	-99	-99	-99
19.04.2007	-99	-99	92	-99	-99	-99
20.04.2007	-99	-99	80	-99	-99	-99
21.04.2007	-99	-99	59	-99	-99	-99
22.04.2007	-99	-99	85	-99	-99	-99
23.04.2007	-99	-99	90	-99	-99	-99
24.04.2007	-99	-99	95	-99	-99	-99
25.04.2007	-99	-99	90	-99	-99	-99
26.04.2007	-99	-99	86	-99	-99	-99
27.04.2007	-99	-99	88	-99	-99	-99
28.04.2007	-99	-99	69	-99	-99	-99
29.04.2007	-99	-99	62	-99	-99	-99
30.04.2007	-99	-99	65	-99	-99	-99
01.05.2007	-99	-99	62	-99	-99	-99
02.05.2007	-99	-99	70	-99	-99	-99
03.05.2007	-99	-99	71	-99	-99	-99
04.05.2007	-99	-99	84	-99	-99	-99
05.05.2007	-99	-99	65	-99	-99	-99
06.05.2007	-99	-99	69	-99	-99	-99
07.05.2007	-99	-99	71	-99	-99	-99
08.05.2007	-99	-99	82	-99	-99	-99
09.05.2007	-99	-99	74	-99	-99	-99
10.05.2007	-99	-99	65	-99	-99	-99
11.05.2007	-99	-99	67	-99	-99	-99
12.05.2007	-99	-99	56	-99	-99	-99
13.05.2007	-99	-99	67	-99	-99	-99
14.05.2007	-99	-99	87	-99	-99	-99
15.05.2007	-99	-99	88	-99	-99	-99
16.05.2007	-99	-99	83	-99	-99	-99
17.05.2007	-99	-99	66	-99	-99	-99
18.05.2007	-99	-99	72	-99	-99	-99
19.05.2007	-99	-99	83	-99	-99	-99
20.05.2007	-99	-99	84	-99	-99	-99
21.05.2007	-99	-99	61	-99	-99	-99
22.05.2007	-99	-99	73	-99	-99	-99
23.05.2007	-99	-99	91	-99	-99	-99
24.05.2007	-99	-99	92	-99	-99	-99
25.05.2007	-99	-99	87	-99	-99	-99
26.05.2007	-99	-99	83	-99	-99	-99
27.05.2007	-99	-99	65	-99	-99	-99
28.05.2007	-99	-99	53	-99	-99	-99
29.05.2007	-99	-99	55	-99	-99	-99
30.05.2007	-99	-99	65	-99	-99	-99
31.05.2007	-99	-99	77	-99	-99	-99
01.06.2007	-99	-99	59	-99	-99	-99
02.06.2007	-99	-99	56	-99	-99	-99
03.06.2007	-99	-99	45	-99	-99	-99
04.06.2007	-99	-99	55	-99	-99	-99
05.06.2007	-99	-99	55	-99	-99	-99
06.06.2007	-99	-99	52	-99	-99	-99
07.06.2007	-99	-99	50	-99	-99	-99
08.06.2007	-99	-99	51	-99	-99	-99
09.06.2007	-99	-99	55	-99	-99	-99
10.06.2007	-99	-99	55	-99	-99	-99
11.06.2007	-99	-99	61	-99	-99	-99
12.06.2007	-99	-99	73	-99	-99	-99
13.06.2007	-99	-99	83	-99	-99	-99
14.06.2007	-99	-99	74	-99	-99	-99
15.06.2007	-99	-99	65	-99	-99	-99
16.06.2007	-99	-99	57	-99	-99	-99
17.06.2007	-99	-99	61	-99	-99	-99
18.06.2007	-99	-99	64	-99	-99	-99
19.06.2007	-99	-99	59	-99	-99	-99
20.06.2007	-99	-99	63	-99	-99	-99
21.06.2007	-99	-99	60	-99	-99	-99
22.06.2007	-99	-99	75	-99	-99	-99
23.06.2007	-99	-99	89	-99	-99	-99
24.06.2007	-99	-99	90	-99	-99	-99
25.06.2007	-99	-99	77	-99	-99	-99
26.06.2007	-99	-99	71	-99	-99	-99
27.06.2007	-99	-99	73	-99	-99	-99
28.06.2007	-99	-99	77	-99	-99	-99
29.06.2007	-99	-99	67	-99	-99	-99
30.06.2007	-99	-99	60	-99	-99	-99
01.07.2007	-99	-99	55	-99	-99	-99
02.07.2007	-99	-99	51	-99	-99	-99
03.07.2007	-99	-99	58	-99	-99	-99
04.07.2007	-99	-99	55	-99	-99	-99
05.07.2007	-99	-99	56	-99	-99	-99
06.07.2007	-99	-99	42	-99	-99	-99
07.07.2007	-99	-99	55	-99	-99	-99
08.07.2007	-99	-99	72	-99	-99	-99
09.07.2007	-99	-99	94	-99	-99	-99
10.07.2007	-99	-99	91	-99	-99	-99
11.07.2007	-99	-99	94	-99	-99	-99
12.07.2007	-99	-99	87	-99	-99	-99
13.07.2007	-99	-99	83	-99	-99	-99
14.07.2007	-99	-99	82	-99	-99	-99
15.07.2007	-99	-99	87	-99	-99	-99
16.07.2007	-99	-99	81	-99	-99	-99
17.07.2007	-99	-99	93	-99	-99	-99
18.07.2007	-99	-99	83	-99	-99	-99
19.07.2007	-99	-99	68	-99	-99	-99
20.07.2007	-99	-99	64	-99	-99	-99
21.07.2007	-99	-99	61	-99	-99	-99
22.07.2007	-99	-99	67	-99	-99	-99
23.07.2007	-99	-99	77	-99	-99	-99
24.07.2007	-99	-99	85	-99	-99	-99
25.07.2007	-99	-99	89	-99	-99	-99
26.07.2007	-99	-99	80	-99	-99	-99
27.07.2007	-99	-99	76	-99	-99	-99
28.07.2007	-99	-99	92	-99	-99	-99
29.07.2007	-99	-99	78	-99	-99	-99
30.07.2007	-99	-99	94	-99	-99	-99
31.07.2007	-99	-99	89	-99	-99	-99
01.08.2007	-99	-99	85	-99	-99	-99
02.08.2007	-99	-99	79	-99	-99	-99
03.08.2007	-99	-99	81	-99	-99	-99
04.08.2007	-99	-99	82	-99	-99	-99
05.08.2007	-99	-99	84	-99	-99	-99
06.08.2007	-99	-99	62	-99	-99	-99
07.08.2007	-99	-99	63	-99	-99	-99
08.08.2007	-99	-99	89	-99	-99	-99
09.08.2007	-99	-99	85	-99	-99	-99
10.08.2007	-99	-99	77	-99	-99	-99
11.08.2007	-99	-99	91	-99	-99	-99
12.08.2007	-99	-99	87	-99	-99	-99
13.08.2007	-99	-99	92	-99	-99	-99
14.08.2007	-99	-99	83	-99	-99	-99
15.08.2007	-99	-99	81	-99	-99	-99
16.08.2007	-99	-99	67	-99	-99	-99
17.08.2007	-99	-99	86	-99	-99	-99
18.08.2007	-99	-99	92	-99	-99	-99
19.08.2007	-99	-99	95	-99	-99	-99
20.08.2007	-99	-99	88	-99	-99	-99
21.08.2007	-99	-99	75	-99	-99	-99
22.08.2007	-99	-99	86	-99	-99	-99
23.08.2007	-99	-99	83	-99	-99	-99
24.08.2007	-99	-99	79	-99	-99	-99
25.08.2007	-99	-99	84	-99	-99	-99
26.08.2007	-99	-99	93	-99	-99	-99
27.08.2007	-99	-99	92	-99	-99	-99
28.08.2007	-99	-99	91	-99	-99	-99
29.08.2007	-99	-99	91	-99	-99	-99
30.08.2007	-99	-99	79	-99	-99	-99
31.08.2007	-99	-99	74	-99	-99	-99
01.09.2007	-99	-99	93	-99	-99	-99
02.09.2007	-99	-99	91	-99	-99	-99
03.09.2007	-99	-99	92	-99	-99	-99
04.09.2007	-99	-99	80	-99	-99	-99
05.09.2007	-99	-99	76	-99	-99	-99
06.09.2007	-99	-99	95	-99	-99	-99
07.09.2007	-99	-99	96	-99	-99	-99
08.09.2007	-99	-99	95	-99	-99	-99
09.09.2007	-99	-99	94	-99	-99	-99
10.09.2007	-99	-99	90	-99	-99	-99
11.09.2007	-99	-99	83	-99	-99	-99
12.09.2007	-99	-99	84	-99	-99	-99
13.09.2007	-99	-99	77	-99	-99	-99
14.09.2007	-99	-99	91	-99	-99	-99
15.09.2007	-99	-99	88	-99	-99	-99
16.09.2007	-99	-99	89	-99	-99	-99
17.09.2007	-99	-99	87	-99	-99	-99
18.09.2007	-99	-99	89	-99	-99	-99
19.09.2007	-99	-99	90	-99	-99	-99
20.09.2007	-99	-99	88	-99	-99	-99
21.09.2007	-99	-99	91	-99	-99	-99
22.09.2007	-99	-99	91	-99	-99	-99
23.09.2007	-99	-99	86	-99	-99	-99
24.09.2007	-99	-99	83	-99	-99	-99
25.09.2007	-99	-99	69	-99	-99	-99
26.09.2007	-99	-99	88	-99	-99	-99
27.09.2007	-99	-99	80	-99	-99	-99
28.09.2007	-99	-99	75	-99	-99	-99
29.09.2007	-99	-99	62	-99	-99	-99
30.09.2007	-99	-99	78	-99	-99	-99
01.10.2007	-99	-99	91	-99	-99	-99
02.10.2007	-99	-99	79	-99	-99	-99
03.10.2007	-99	-99	77	-99	-99	-99
04.10.2007	-99	-99	81	-99	-99	-99
05.10.2007	-99	-99	86	-99	-99	-99
06.10.2007	-99	-99	72	-99	-99	-99
07.10.2007	-99	-99	82	-99	-99	-99
08.10.2007	-99	-99	88	-99	-99	-99
09.10.2007	-99	-99	86	-99	-99	-99
10.10.2007	-99	-99	89	-99	-99	-99
11.10.2007	-99	-99	95	-99	-99	-99
12.10.2007	-99	-99	81	-99	-99	-99
13.10.2007	-99	-99	73	-99	-99	-99
14.10.2007	-99	-99	93	-99	-99	-99
15.10.2007	-99	-99	90	-99	-99	-99
16.10.2007	-99	-99	92	-99	-99	-99
17.10.2007	-99	-99	94	-99	-99	-99
18.10.2007	-99	-99	93	-99	-99	-99
19.10.2007	-99	-99	89	-99	-99	-99
20.10.2007	-99	-99	92	-99	-99	-99
21.10.2007	-99	-99	88	-99	-99	-99
22.10.2007	-99	-99	64	-99	-99	-99
23.10.2007	-99	-99	58	-99	-99	-99
24.10.2007	-99	-99	68	-99	-99	-99
25.10.2007	-99	-99	73	-99	-99	-99
26.10.2007	-99	-99	56	-99	-99	-99
27.10.2007	-99	-99	87	-99	-99	-99
28.10.2007	-99	-99	94	-99	-99	-99
29.10.2007	-99	-99	92	-99	-99	-99
30.10.2007	-99	-99	95	-99	-99	-99
31.10.2007	-99	-99	96	-99	-99	-99
01.11.2007	-99	-99	93	-99	-99	-99
02.11.2007	-99	-99	96	-99	-99	-99
03.11.2007	-99	-99	95	-99	-99	-99
04.11.2007	-99	-99	95	-99	-99	-99
05.11.2007	-99	-99	91	-99	-99	-99
06.11.2007	-99	-99	95	-99	-99	-99
07.11.2007	-99	-99	96	-99	-99	-99
08.11.2007	-99	-99	96	-99	-99	-99
09.11.2007	-99	-99	93	-99	-99	-99
10.11.2007	-99	-99	96	-99	-99	-99
11.11.2007	-99	-99	91	-99	-99	-99
12.11.2007	-99	-99	96	-99	-99	-99
13.11.2007	-99	-99	95	-99	-99	-99
14.11.2007	-99	-99	93	-99	-99	-99
15.11.2007	-99	-99	92	-99	-99	-99
16.11.2007	-99	-99	93	-99	-99	-99
17.11.2007	-99	-99	90	-99	-99	-99
18.11.2007	-99	-99	71	-99	-99	-99
19.11.2007	-99	-99	86	-99	-99	-99
20.11.2007	-99	-99	88	-99	-99	-99
21.11.2007	-99	-99	89	-99	-99	-99
22.11.2007	-99	-99	91	-99	-99	-99
23.11.2007	-99	-99	91	-99	-99	-99
24.11.2007	-99	-99	81	-99	-99	-99
25.11.2007	-99	-99	91	-99	-99	-99
26.11.2007	-99	-99	90	-99	-99	-99
27.11.2007	-99	-99	91	-99	-99	-99
28.11.2007	-99	-99	92	-99	-99	-99
29.11.2007	-99	-99	92	-99	-99	-99
30.11.2007	-99	-99	90	-99	-99	-99
01.12.2007	-99	-99	89	-99	-99	-99
02.12.2007	-99	-99	93	-99	-99	-99
03.12.2007	-99	-99	92	-99	-99	-99
04.12.2007	-99	-99	92	-99	-99	-99
05.12.2007	-99	-99	92	-99	-99	-99
06.12.2007	-99	-99	93	-99	-99	-99
07.12.2007	-99	-99	93	-99	-99	-99
08.12.2007	-99	-99	93	-99	-99	-99
09.12.2007	-99	-99	92	-99	-99	-99
10.12.2007	-99	-99	89	-99	-99	-99
11.12.2007	-99	-99	87	-99	-99	-99
12.12.2007	-99	-99	80	-99	-99	-99
13.12.2007	-99	-99	71	-99	-99	-99
14.12.2007	-99	-99	71	-99	-99	-99
15.12.2007	-99	-99	82	-99	-99	-99
16.12.2007	-99	-99	84	-99	-99	-99
17.12.2007	-99	-99	79	-99	-99	-99
18.12.2007	-99	-99	90	-99	-99	-99
19.12.2007	-99	-99	88	-99	-99	-99
20.12.2007	-99	-99	77	-99	-99	-99
21.12.2007	-99	-99	80	-99	-99	-99
22.12.2007	-99	-99	84	-99	-99	-99
23.12.2007	-99	-99	75	-99	-99	-99
24.12.2007	-99	-99	75	-99	-99	-99
25.12.2007	-99	-99	85	-99	-99	-99
26.12.2007	-99	-99	82	-99	-99	-99
27.12.2007	-99	-99	80	-99	-99	-99
28.12.2007	-99	-99	87	-99	-99	-99
29.12.2007	-99	-99	92	-99	-99	-99
30.12.2007	-99	-99	93	-99	-99	-99
31.12.2007	-99	-99	93	-99	-99	-99
01.01.2008	-99	-99	90	-99	-99	-99
02.01.2008	-99	-99	86	-99	-99	-99
03.01.2008	-99	-99	55	-99	-99	-99
04.01.2008	-99	-99	41	-99	-99	-99
05.01.2008	-99	-99	46	-99	-99	-99
06.01.2008	-99	-99	52	-99	-99	-99
07.01.2008	-99	-99	73	-99	-99	-99
08.01.2008	-99	-99	71	-99	-99	-99
09.01.2008	-99	-99	52	-99	-99	-99
10.01.2008	-99	-99	86	-99	-99	-99
11.01.2008	-99	-99	88	-99	-99	-99
12.01.2008	-99	-99	92	-99	-99	-99
13.01.2008	-99	-99	93	-99	-99	-99
14.01.2008	-99	-99	79	-99	-99	-99
15.01.2008	-99	-99	72	-99	-99	-99
16.01.2008	-99	-99	68	-99	-99	-99
17.01.2008	-99	-99	76	-99	-99	-99
18.01.2008	-99	-99	69	-99	-99	-99
19.01.2008	-99	-99	82	-99	-99	-99
20.01.2008	-99	-99	91	-99	-99	-99
21.01.2008	-99	-99	92	-99	-99	-99
22.01.2008	-99	-99	92	-99	-99	-99
23.01.2008	-99	-99	91	-99	-99	-99
24.01.2008	-99	-99	89	-99	-99	-99
25.01.2008	-99	-99	91	-99	-99	-99
26.01.2008	-99	-99	94	-99	-99	-99
27.01.2008	-99	-99	88	-99	-99	-99
28.01.2008	-99	-99	94	-99	-99	-99
29.01.2008	-99	-99	92	-99	-99	-99
30.01.2008	-99	-99	91	-99	-99	-99
31.01.2008	-99	-99	72	-99	-99	-99
01.02.2008	-99	-99	81	-99	-99	-99
02.02.2008	-99	-99	84	-99	-99	-99
03.02.2008	-99	-99	87	-99	-99	-99
04.02.2008	-99	-99	62	-99	-99	-99
05.02.2008	-99	-99	50	-99	-99	-99
06.02.2008	-99	-99	82	-99	-99	-99
07.02.2008	-99	-99	87	-99	-99	-99
08.02.2008	-99	-99	81	-99	-99	-99
09.02.2008	-99	-99	76	-99	-99	-99
10.02.2008	-99	-99	89	-99	-99	-99
11.02.2008	-99	-99	80	-99	-99	-99
12.02.2008	-99	-99	66	-99	-99	-99
13.02.2008	-99	-99	81	-99	-99	-99
14.02.2008	-99	-99	75	-99	-99	-99
15.02.2008	-99	-99	81	-99	-99	-99
16.02.2008	-99	-99	90	-99	-99	-99
17.02.2008	-99	-99	97	-99	-99	-99
18.02.2008	-99	-99	97	-99	-99	-99
19.02.2008	-99	-99	96	-99	-99	-99
20.02.2008	-99	-99	84	-99	-99	-99
21.02.2008	-99	-99	77	-99	-99	-99
22.02.2008	-99	-99	88	-99	-99	-99
23.02.2008	-99	-99	84	-99	-99	-99
24.02.2008	-99	-99	81	-99	-99	-99
25.02.2008	-99	-99	91	-99	-99	-99
26.02.2008	-99	-99	89	-99	-99	-99
27.02.2008	-99	-99	89	-99	-99	-99
28.02.2008	-99	-99	91	-99	-99	-99
29.02.2008	-99	-99	85	-99	-99	-99
01.03.2008	-99	-99	74	-99	-99	-99
02.03.2008	-99	-99	89	-99	-99	-99
03.03.2008	-99	-99	81	-99	-99	-99
04.03.2008	-99	-99	89	-99	-99	-99
05.03.2008	-99	-99	88	-99	-99	-99
06.03.2008	-99	-99	83	-99	-99	-99
07.03.2008	-99	-99	72	-99	-99	-99
08.03.2008	-99	-99	64	-99	-99	-99
09.03.2008	-99	-99	81	-99	-99	-99
10.03.2008	-99	-99	61	-99	-99	-99
11.03.2008	-99	-99	54	-99	-99	-99
12.03.2008	-99	-99	57	-99	-99	-99
13.03.2008	-99	-99	65	-99	-99	-99
14.03.2008	-99	-99	80	-99	-99	-99
15.03.2008	-99	-99	66	-99	-99	-99
16.03.2008	-99	-99	82	-99	-99	-99
17.03.2008	-99	-99	87	-99	-99	-99
18.03.2008	-99	-99	87	-99	-99	-99
19.03.2008	-99	-99	85	-99	-99	-99
20.03.2008	-99	-99	84	-99	-99	-99
21.03.2008	-99	-99	52	-99	-99	-99
22.03.2008	-99	-99	62	-99	-99	-99
23.03.2008	-99	-99	79	-99	-99	-99
24.03.2008	-99	-99	70	-99	-99	-99
25.03.2008	-99	-99	76	-99	-99	-99
26.03.2008	-99	-99	81	-99	-99	-99
27.03.2008	-99	-99	78	-99	-99	-99
28.03.2008	-99	-99	75	-99	-99	-99
29.03.2008	-99	-99	78	-99	-99	-99
30.03.2008	-99	-99	74	-99	-99	-99
31.03.2008	-99	-99	84	-99	-99	-99
01.04.2008	-99	-99	74	-99	-99	-99
02.04.2008	-99	-99	64	-99	-99	-99
03.04.2008	-99	-99	93	-99	-99	-99
04.04.2008	-99	-99	90	-99	-99	-99
05.04.2008	-99	-99	90	-99	-99	-99
06.04.2008	-99	-99	87	-99	-99	-99
07.04.2008	-99	-99	78	-99	-99	-99
08.04.2008	-99	-99	81	-99	-99	-99
09.04.2008	-99	-99	63	-99	-99	-99
10.04.2008	-99	-99	77	-99	-99	-99
11.04.2008	-99	-99	78	-99	-99	-99
12.04.2008	-99	-99	68	-99	-99	-99
13.04.2008	-99	-99	73	-99	-99	-99
14.04.2008	-99	-99	88	-99	-99	-99
15.04.2008	-99	-99	77	-99	-99	-99
16.04.2008	-99	-99	76	-99	-99	-99
17.04.2008	-99	-99	69	-99	-99	-99
18.04.2008	-99	-99	78	-99	-99	-99
19.04.2008	-99	-99	76	-99	-99	-99
20.04.2008	-99	-99	79	-99	-99	-99
21.04.2008	-99	-99	62	-99	-99	-99
22.04.2008	-99	-99	50	-99	-99	-99
23.04.2008	-99	-99	53	-99	-99	-99
24.04.2008	-99	-99	52	-99	-99	-99
25.04.2008	-99	-99	64	-99	-99	-99
26.04.2008	-99	-99	80	-99	-99	-99
27.04.2008	-99	-99	68	-99	-99	-99
28.04.2008	-99	-99	73	-99	-99	-99
29.04.2008	-99	-99	77	-99	-99	-99
30.04.2008	-99	-99	43	-99	-99	-99
01.05.2008	-99	-99	50	-99	-99	-99
02.05.2008	-99	-99	88	-99	-99	-99
03.05.2008	-99	-99	73	-99	-99	-99
04.05.2008	-99	-99	60	-99	-99	-99
05.05.2008	-99	-99	72	-99	-99	-99
06.05.2008	-99	-99	63	-99	-99	-99
07.05.2008	-99	-99	63	-99	-99	-99
08.05.2008	-99	-99	60	-99	-99	-99
09.05.2008	-99	-99	60	-99	-99	-99
10.05.2008	-99	-99	56	-99	-99	-99
11.05.2008	-99	-99	82	-99	-99	-99
12.05.2008	-99	-99	57	-99	-99	-99
13.05.2008	-99	-99	61	-99	-99	-99
14.05.2008	-99	-99	79	-99	-99	-99
15.05.2008	-99	-99	91	-99	-99	-99
16.05.2008	-99	-99	71	-99	-99	-99
17.05.2008	-99	-99	62	-99	-99	-99
18.05.2008	-99	-99	69	-99	-99	-99
19.05.2008	-99	-99	82	-99	-99	-99
20.05.2008	-99	-99	85	-99	-99	-99
21.05.2008	-99	-99	82	-99	-99	-99
22.05.2008	-99	-99	69	-99	-99	-99
23.05.2008	-99	-99	55	-99	-99	-99
24.05.2008	-99	-99	49	-99	-99	-99
25.05.2008	-99	-99	49	-99	-99	-99
26.05.2008	-99	-99	75	-99	-99	-99
27.05.2008	-99	-99	60	-99	-99	-99
28.05.2008	-99	-99	47	-99	-99	-99
29.05.2008	-99	-99	40	-99	-99	-99
30.05.2008	-99	-99	55	-99	-99	-99
31.05.2008	-99	-99	51	-99	-99	-99
01.06.2008	-99	-99	82	-99	-99	-99
02.06.2008	-99	-99	57	-99	-99	-99
03.06.2008	-99	-99	52	-99	-99	-99
04.06.2008	-99	-99	43	-99	-99	-99
05.06.2008	-99	-99	45	-99	-99	-99
06.06.2008	-99	-99	49	-99	-99	-99
07.06.2008	-99	-99	56	-99	-99	-99
08.06.2008	-99	-99	74	-99	-99	-99
09.06.2008	-99	-99	87	-99	-99	-99
10.06.2008	-99	-99	86	-99	-99	-99
11.06.2008	-99	-99	88	-99	-99	-99
12.06.2008	-99	-99	84	-99	-99	-99
13.06.2008	-99	-99	76	-99	-99	-99
14.06.2008	-99	-99	70	-99	-99	-99
15.06.2008	-99	-99	66	-99	-99	-99
16.06.2008	-99	-99	69	-99	-99	-99
17.06.2008	-99	-99	71	-99	-99	-99
18.06.2008	-99	-99	78	-99	-99	-99
19.06.2008	-99	-99	87	-99	-99	-99
20.06.2008	-99	-99	74	-99	-99	-99
21.06.2008	-99	-99	90	-99	-99	-99
22.06.2008	-99	-99	70	-99	-99	-99
23.06.2008	-99	-99	92	-99	-99	-99
24.06.2008	-99	-99	85	-99	-99	-99
25.06.2008	-99	-99	71	-99	-99	-99
26.06.2008	-99	-99	72	-99	-99	-99
27.06.2008	-99	-99	79	-99	-99	-99
28.06.2008	-99	-99	81	-99	-99	-99
29.06.2008	-99	-99	83	-99	-99	-99
30.06.2008	-99	-99	82	-99	-99	-99
01.07.2008	-99	-99	-99	-99	-99	-99
02.07.2008	-99	-99	72	-99	-99	-99
03.07.2008	-99	-99	45	-99	-99	-99
04.07.2008	-99	-99	41	-99	-99	-99
05.07.2008	-99	-99	52	-99	-99	-99
06.07.2008	-99	-99	54	-99	-99	-99
07.07.2008	-99	-99	44	-99	-99	-99
08.07.2008	-99	-99	54	-99	-99	-99
09.07.2008	-99	-99	57	-99	-99	-99
10.07.2008	-99	-99	70	-99	-99	-99
11.07.2008	-99	-99	73	-99	-99	-99
12.07.2008	-99	-99	85	-99	-99	-99
13.07.2008	-99	-99	80	-99	-99	-99
14.07.2008	-99	-99	81	-99	-99	-99
15.07.2008	-99	-99	83	-99	-99	-99
16.07.2008	-99	-99	88	-99	-99	-99
17.07.2008	-99	-99	92	-99	-99	-99
18.07.2008	-99	-99	85	-99	-99	-99
19.07.2008	-99	-99	66	-99	-99	-99
20.07.2008	-99	-99	67	-99	-99	-99
21.07.2008	-99	-99	78	-99	-99	-99
22.07.2008	-99	-99	84	-99	-99	-99
23.07.2008	-99	-99	80	-99	-99	-99
24.07.2008	-99	-99	66	-99	-99	-99
25.07.2008	-99	-99	60	-99	-99	-99
26.07.2008	-99	-99	56	-99	-99	-99
27.07.2008	-99	-99	53	-99	-99	-99
28.07.2008	-99	-99	58	-99	-99	-99
29.07.2008	-99	-99	58	-99	-99	-99
30.07.2008	-99	-99	73	-99	-99	-99
31.07.2008	-99	-99	80	-99	-99	-99
01.08.2008	-99	-99	67	-99	-99	-99
02.08.2008	-99	-99	85	-99	-99	-99
03.08.2008	-99	-99	86	-99	-99	-99
04.08.2008	-99	-99	74	-99	-99	-99
05.08.2008	-99	-99	64	-99	-99	-99
06.08.2008	-99	-99	75	-99	-99	-99
07.08.2008	-99	-99	77	-99	-99	-99
08.08.2008	-99	-99	77	-99	-99	-99
09.08.2008	-99	-99	69	-99	-99	-99
10.08.2008	-99	-99	73	-99	-99	-99
11.08.2008	-99	-99	76	-99	-99	-99
12.08.2008	-99	-99	82	-99	-99	-99
13.08.2008	-99	-99	87	-99	-99	-99
14.08.2008	-99	-99	90	-99	-99	-99
15.08.2008	-99	-99	79	-99	-99	-99
16.08.2008	-99	-99	72	-99	-99	-99
17.08.2008	-99	-99	64	-99	-99	-99
18.08.2008	-99	-99	61	-99	-99	-99
19.08.2008	-99	-99	67	-99	-99	-99
20.08.2008	-99	-99	75	-99	-99	-99
21.08.2008	-99	-99	70	-99	-99	-99
22.08.2008	-99	-99	73	-99	-99	-99
23.08.2008	-99	-99	76	-99	-99	-99
24.08.2008	-99	-99	61	-99	-99	-99
25.08.2008	-99	-99	57	-99	-99	-99
26.08.2008	-99	-99	78	-99	-99	-99
27.08.2008	-99	-99	86	-99	-99	-99
28.08.2008	-99	-99	92	-99	-99	-99
29.08.2008	-99	-99	80	-99	-99	-99
30.08.2008	-99	-99	94	-99	-99	-99
31.08.2008	-99	-99	84	-99	-99	-99
01.09.2008	-99	-99	72	-99	-99	-99
02.09.2008	-99	-99	93	-99	-99	-99
03.09.2008	-99	-99	96	-99	-99	-99
04.09.2008	-99	-99	81	-99	-99	-99
05.09.2008	-99	-99	89	-99	-99	-99
06.09.2008	-99	-99	78	-99	-99	-99
07.09.2008	-99	-99	78	-99	-99	-99
08.09.2008	-99	-99	75	-99	-99	-99
09.09.2008	-99	-99	67	-99	-99	-99
10.09.2008	-99	-99	51	-99	-99	-99
11.09.2008	-99	-99	55	-99	-99	-99
12.09.2008	-99	-99	58	-99	-99	-99
13.09.2008	-99	-99	70	-99	-99	-99
14.09.2008	-99	-99	81	-99	-99	-99
15.09.2008	-99	-99	78	-99	-99	-99
16.09.2008	-99	-99	75	-99	-99	-99
17.09.2008	-99	-99	78	-99	-99	-99
18.09.2008	-99	-99	77	-99	-99	-99
19.09.2008	-99	-99	87	-99	-99	-99
20.09.2008	-99	-99	79	-99	-99	-99
21.09.2008	-99	-99	70	-99	-99	-99
22.09.2008	-99	-99	94	-99	-99	-99
23.09.2008	-99	-99	87	-99	-99	-99
24.09.2008	-99	-99	92	-99	-99	-99
25.09.2008	-99	-99	88	-99	-99	-99
26.09.2008	-99	-99	82	-99	-99	-99
27.09.2008	-99	-99	78	-99	-99	-99
28.09.2008	-99	-99	92	-99	-99	-99
29.09.2008	-99	-99	86	-99	-99	-99
30.09.2008	-99	-99	81	-99	-99	-99
01.10.2008	-99	-99	79	-99	-99	-99
02.10.2008	-99	-99	89	95	-99	-99
03.10.2008	-99	-99	86	87	-99	-99
04.10.2008	-99	-99	76	76	-99	-99
05.10.2008	-99	-99	84	81	-99	-99
06.10.2008	-99	-99	94	87	-99	-99
07.10.2008	-99	-99	86	-99	-99	-99
08.10.2008	-99	-99	77	82	-99	-99
09.10.2008	-99	-99	77	75	-99	-99
10.10.2008	-99	-99	76	76	-99	-99
11.10.2008	-99	-99	85	78	-99	-99
12.10.2008	-99	-99	92	81	-99	-99
13.10.2008	-99	-99	86	79	-99	-99
14.10.2008	-99	-99	95	89	-99	-99
15.10.2008	-99	-99	92	80	-99	-99
16.10.2008	-99	-99	90	80	-99	-99
17.10.2008	-99	-99	88	-99	-99	-99
18.10.2008	-99	-99	82	75	-99	-99
19.10.2008	-99	-99	85	77	-99	-99
20.10.2008	-99	-99	77	77	-99	-99
21.10.2008	-99	-99	86	78	-99	-99
22.10.2008	-99	-99	94	84	-99	-99
23.10.2008	-99	-99	72	67	-99	-99
24.10.2008	-99	-99	87	78	-99	-99
25.10.2008	-99	-99	84	80	-99	-99
26.10.2008	-99	-99	91	81	-99	-99
27.10.2008	-99	-99	93	78	-99	-99
28.10.2008	-99	-99	93	76	-99	-99
29.10.2008	-99	-99	84	83	-99	-99
30.10.2008	-99	-99	83	82	-99	-99
31.10.2008	-99	-99	86	-99	-99	-99
01.11.2008	-99	-99	86	77	-99	-99
02.11.2008	-99	-99	86	82	-99	-99
03.11.2008	-99	-99	78	84	-99	-99
04.11.2008	-99	-99	90	89	-99	-99
05.11.2008	-99	-99	97	86	-99	-99
06.11.2008	-99	-99	88	87	-99	-99
07.11.2008	-99	-99	70	86	-99	-99
08.11.2008	-99	-99	65	82	-99	-99
09.11.2008	-99	-99	59	76	-99	-99
10.11.2008	-99	-99	79	79	-99	-99
11.11.2008	-99	-99	83	80	-99	-99
12.11.2008	-99	-99	93	92	-99	-99
13.11.2008	-99	-99	83	88	-99	-99
14.11.2008	-99	-99	93	89	-99	-99
15.11.2008	-99	-99	89	91	-99	-99
16.11.2008	-99	-99	87	84	-99	-99
17.11.2008	-99	-99	84	75	-99	-99
18.11.2008	-99	-99	87	86	-99	-99
19.11.2008	-99	-99	90	91	-99	-99
20.11.2008	-99	-99	84	90	-99	-99
21.11.2008	-99	-99	80	91	-99	-99
22.11.2008	-99	-99	89	86	-99	-99
23.11.2008	-99	-99	87	83	-99	-99
24.11.2008	-99	-99	91	84	-99	-99
25.11.2008	-99	-99	93	84	-99	-99
26.11.2008	-99	-99	93	92	-99	-99
27.11.2008	-99	-99	87	87	-99	-99
28.11.2008	-99	-99	84	81	-99	-99
29.11.2008	-99	-99	81	85	-99	-99
30.11.2008	-99	-99	83	90	-99	-99
01.12.2008	-99	-99	95	91	-99	-99
02.12.2008	-99	-99	93	90	-99	-99
03.12.2008	-99	-99	92	89	-99	-99
04.12.2008	-99	-99	87	89	-99	-99
05.12.2008	-99	-99	65	85	-99	-99
06.12.2008	-99	-99	89	86	-99	-99
07.12.2008	-99	-99	75	86	-99	-99
08.12.2008	-99	-99	94	91	-99	-99
09.12.2008	-99	-99	95	90	-99	-99
10.12.2008	-99	-99	95	83	-99	-99
11.12.2008	-99	-99	92	79	-99	-99
12.12.2008	-99	-99	88	87	-99	-99
13.12.2008	-99	-99	51	85	-99	-99
14.12.2008	-99	-99	52	81	-99	-99
15.12.2008	-99	-99	60	83	-99	-99
16.12.2008	-99	-99	62	-99	-99	-99
17.12.2008	-99	-99	83	77	-99	-99
18.12.2008	-99	-99	82	85	-99	-99
19.12.2008	-99	-99	93	83	-99	-99
20.12.2008	-99	-99	85	86	-99	-99
21.12.2008	-99	-99	91	86	-99	-99
22.12.2008	-99	-99	92	85	-99	-99
23.12.2008	-99	-99	93	86	-99	-99
24.12.2008	-99	-99	97	85	-99	-99
25.12.2008	-99	-99	85	90	-99	-99
26.12.2008	-99	-99	77	87	-99	-99
27.12.2008	-99	-99	88	87	-99	-99
28.12.2008	-99	-99	94	85	-99	-99
29.12.2008	-99	-99	72	87	-99	-99
30.12.2008	-99	-99	66	85	-99	-99
31.12.2008	-99	-99	86	80	-99	-99
01.01.2009	-99	-99	94	80	-99	-99
02.01.2009	-99	-99	95	81	-99	-99
03.01.2009	-99	-99	95	82	-99	-99
04.01.2009	-99	-99	90	80	-99	-99
05.01.2009	-99	-99	93	83	-99	-99
06.01.2009	-99	-99	94	86	-99	-99
07.01.2009	-99	-99	92	82	-99	-99
08.01.2009	-99	-99	96	87	-99	-99
09.01.2009	-99	-99	90	84	-99	-99
10.01.2009	-99	-99	52	61	-99	-99
11.01.2009	-99	-99	85	79	-99	-99
12.01.2009	-99	-99	88	85	-99	-99
13.01.2009	-99	-99	87	80	-99	-99
14.01.2009	-99	-99	94	81	-99	-99
15.01.2009	-99	-99	83	80	-99	-99
16.01.2009	-99	-99	47	79	-99	-99
17.01.2009	-99	-99	45	73	-99	-99
18.01.2009	-99	-99	45	81	-99	-99
19.01.2009	-99	-99	45	-99	-99	-99
20.01.2009	-99	-99	55	74	-99	-99
21.01.2009	-99	-99	76	74	-99	-99
22.01.2009	-99	-99	62	62	-99	-99
23.01.2009	-99	-99	48	73	-99	-99
24.01.2009	-99	-99	52	-99	-99	-99
25.01.2009	-99	-99	66	82	-99	-99
26.01.2009	-99	-99	62	86	-99	-99
27.01.2009	-99	-99	69	90	-99	-99
28.01.2009	-99	-99	87	91	-99	-99
29.01.2009	-99	-99	81	90	-99	-99
30.01.2009	-99	-99	59	88	-99	-99
31.01.2009	-99	-99	55	81	-99	-99
01.02.2009	-99	-99	89	78	-99	-99
02.02.2009	-99	-99	88	-99	-99	-99
03.02.2009	-99	-99	80	80	-99	-99
04.02.2009	-99	-99	80	83	-99	-99
05.02.2009	-99	-99	92	83	-99	-99
06.02.2009	-99	-99	91	84	-99	-99
07.02.2009	-99	-99	90	82	-99	-99
08.02.2009	-99	-99	88	79	-99	-99
09.02.2009	-99	-99	91	78	-99	-99
10.02.2009	-99	-99	90	79	-99	-99
11.02.2009	-99	-99	88	81	-99	-99
12.02.2009	-99	-99	91	85	-99	-99
13.02.2009	-99	-99	91	77	-99	-99
14.02.2009	-99	-99	92	82	-99	-99
15.02.2009	-99	-99	94	87	-99	-99
16.02.2009	-99	-99	93	89	-99	-99
17.02.2009	-99	-99	87	88	-99	-99
18.02.2009	-99	-99	90	90	-99	-99
19.02.2009	-99	-99	96	89	-99	-99
20.02.2009	-99	-99	93	80	-99	-99
21.02.2009	-99	-99	95	89	-99	-99
22.02.2009	-99	-99	96	88	-99	-99
23.02.2009	-99	-99	92	79	-99	-99
24.02.2009	-99	-99	94	84	-99	-99
25.02.2009	-99	-99	95	85	-99	-99
26.02.2009	-99	-99	88	80	-99	-99
27.02.2009	-99	-99	86	77	-99	-99
28.02.2009	-99	-99	81	75	-99	-99
01.03.2009	-99	-99	82	84	-99	-99
02.03.2009	-99	-99	76	81	-99	-99
03.03.2009	-99	-99	62	66	-99	-99
04.03.2009	-99	-99	46	69	-99	-99
05.03.2009	-99	-99	45	72	-99	-99
06.03.2009	-99	-99	62	79	-99	-99
07.03.2009	-99	-99	68	75	-99	-99
08.03.2009	-99	-99	52	75	-99	-99
09.03.2009	-99	-99	49	65	-99	-99
10.03.2009	-99	-99	70	68	-99	-99
11.03.2009	-99	-99	82	73	-99	-99
12.03.2009	-99	-99	82	76	-99	-99
13.03.2009	-99	-99	88	82	-99	-99
14.03.2009	-99	-99	73	75	-99	-99
15.03.2009	-99	-99	68	74	-99	-99
16.03.2009	-99	-99	92	80	-99	-99
17.03.2009	-99	-99	84	86	-99	-99
18.03.2009	-99	-99	92	83	-99	-99
19.03.2009	-99	-99	77	71	-99	-99
20.03.2009	-99	-99	65	-99	-99	-99
21.03.2009	-99	-99	70	76	-99	-99
22.03.2009	-99	-99	93	77	-99	-99
23.03.2009	-99	-99	81	68	-99	-99
24.03.2009	-99	-99	66	65	-99	-99
25.03.2009	-99	-99	56	69	-99	-99
26.03.2009	-99	-99	50	-99	-99	-99
27.03.2009	-99	-99	43	67	-99	-99
28.03.2009	-99	-99	69	78	-99	-99
29.03.2009	-99	-99	67	75	-99	-99
30.03.2009	-99	-99	81	77	-99	-99
31.03.2009	-99	-99	92	83	-99	-99
01.04.2009	-99	-99	83	77	-99	-99
02.04.2009	-99	-99	82	77	-99	-99
03.04.2009	-99	-99	66	72	-99	-99
04.04.2009	-99	-99	59	75	-99	-99
05.04.2009	-99	-99	81	75	-99	-99
06.04.2009	-99	-99	85	78	-99	-99
07.04.2009	-99	-99	65	72	-99	-99
08.04.2009	-99	-99	53	73	-99	-99
09.04.2009	-99	-99	66	68	-99	-99
10.04.2009	-99	-99	87	80	-99	-99
11.04.2009	-99	-99	62	66	-99	-99
12.04.2009	-99	-99	75	72	-99	-99
13.04.2009	-99	-99	66	72	-99	-99
14.04.2009	-99	-99	68	71	-99	-99
15.04.2009	-99	-99	60	73	-99	-99
16.04.2009	-99	-99	77	80	-99	-99
17.04.2009	-99	-99	62	74	-99	-99
18.04.2009	-99	-99	62	75	-99	-99
19.04.2009	-99	-99	67	74	-99	-99
20.04.2009	-99	-99	80	79	-99	-99
21.04.2009	-99	-99	64	71	-99	-99
22.04.2009	-99	-99	79	83	-99	-99
23.04.2009	-99	-99	54	62	-99	-99
24.04.2009	-99	-99	48	55	-99	-99
25.04.2009	-99	-99	46	54	-99	-99
26.04.2009	-99	-99	55	58	-99	-99
27.04.2009	-99	-99	62	76	-99	-99
28.04.2009	-99	-99	76	85	-99	-99
29.04.2009	-99	-99	57	73	-99	-99
30.04.2009	-99	-99	53	70	-99	-99
01.05.2009	-99	-99	54	62	-99	-99
02.05.2009	-99	-99	78	65	-99	-99
03.05.2009	-99	-99	72	62	-99	-99
04.05.2009	-99	-99	68	64	-99	-99
05.05.2009	-99	-99	87	75	-99	-99
06.05.2009	-99	-99	86	67	-99	-99
07.05.2009	-99	-99	82	66	-99	-99
08.05.2009	-99	-99	65	63	-99	-99
09.05.2009	-99	-99	82	65	-99	-99
10.05.2009	-99	-99	85	74	-99	-99
11.05.2009	-99	-99	80	70	-99	-99
12.05.2009	-99	-99	74	75	-99	-99
13.05.2009	-99	-99	58	60	-99	-99
14.05.2009	-99	-99	51	60	-99	-99
15.05.2009	-99	-99	39	51	-99	-99
16.05.2009	-99	-99	40	58	-99	-99
17.05.2009	-99	-99	39	56	-99	-99
18.05.2009	-99	-99	44	62	-99	-99
19.05.2009	-99	-99	68	70	-99	-99
20.05.2009	-99	-99	72	69	-99	-99
21.05.2009	-99	-99	73	71	-99	-99
22.05.2009	-99	-99	63	65	-99	-99
23.05.2009	-99	-99	73	71	-99	-99
24.05.2009	-99	-99	83	72	-99	-99
25.05.2009	-99	-99	70	70	-99	-99
26.05.2009	-99	-99	94	82	-99	-99
27.05.2009	-99	-99	88	79	-99	-99
28.05.2009	-99	-99	83	80	-99	-99
29.05.2009	-99	-99	66	71	-99	-99
30.05.2009	-99	-99	54	57	-99	-99
31.05.2009	-99	-99	52	55	-99	-99
01.06.2009	-99	-99	68	70	-99	-99
02.06.2009	-99	-99	71	77	-99	-99
03.06.2009	-99	-99	74	80	-99	-99
04.06.2009	-99	-99	69	75	-99	-99
05.06.2009	-99	-99	56	65	-99	-99
06.06.2009	-99	-99	53	61	-99	-99
07.06.2009	-99	-99	65	66	-99	-99
08.06.2009	-99	-99	80	-99	-99	-99
09.06.2009	-99	-99	77	70	-99	-99
10.06.2009	-99	-99	85	62	-99	-99
11.06.2009	-99	-99	90	83	-99	-99
12.06.2009	-99	-99	84	79	-99	-99
13.06.2009	-99	-99	73	74	-99	-99
14.06.2009	-99	-99	67	64	-99	-99
15.06.2009	-99	-99	67	79	-99	-99
16.06.2009	-99	-99	66	73	-99	-99
17.06.2009	-99	-99	49	48	-99	-99
18.06.2009	-99	-99	74	71	-99	-99
19.06.2009	-99	-99	68	64	-99	-99
20.06.2009	-99	-99	78	68	-99	-99
21.06.2009	-99	-99	74	65	-99	-99
22.06.2009	-99	-99	70	-99	-99	-99
23.06.2009	-99	-99	74	70	-99	-99
24.06.2009	-99	-99	60	60	-99	-99
25.06.2009	-99	-99	49	55	-99	-99
26.06.2009	-99	-99	44	54	-99	-99
27.06.2009	-99	-99	49	58	-99	-99
28.06.2009	-99	-99	52	59	-99	-99
29.06.2009	-99	-99	57	61	-99	-99
30.06.2009	-99	-99	73	78	-99	-99
01.07.2009	-99	-99	63	67	-99	-99
02.07.2009	-99	-99	64	65	-99	-99
03.07.2009	-99	-99	61	63	-99	-99
04.07.2009	-99	-99	62	62	-99	-99
05.07.2009	-99	-99	75	68	-99	-99
06.07.2009	-99	-99	66	65	-99	-99
07.07.2009	-99	-99	73	73	-99	-99
08.07.2009	-99	-99	63	82	-99	-99
09.07.2009	-99	-99	60	73	-99	-99
10.07.2009	-99	-99	74	82	-99	-99
11.07.2009	-99	-99	67	75	-99	-99
12.07.2009	-99	-99	80	70	-99	-99
13.07.2009	-99	-99	72	64	-99	-99
14.07.2009	-99	-99	74	71	-99	-99
15.07.2009	-99	-99	69	74	-99	-99
16.07.2009	-99	-99	91	82	-99	-99
17.07.2009	-99	-99	71	68	-99	-99
18.07.2009	-99	-99	63	59	-99	-99
19.07.2009	-99	-99	82	79	-99	-99
20.07.2009	-99	-99	95	88	-99	-99
21.07.2009	-99	-99	92	82	-99	-99
22.07.2009	-99	-99	78	72	-99	-99
23.07.2009	-99	-99	81	74	-99	-99
24.07.2009	-99	-99	83	73	-99	-99
25.07.2009	-99	-99	86	81	-99	-99
26.07.2009	-99	-99	81	77	-99	-99
27.07.2009	-99	-99	82	80	-99	-99
28.07.2009	-99	-99	92	75	-99	-99
29.07.2009	-99	-99	82	66	-99	-99
30.07.2009	-99	-99	66	75	-99	-99
31.07.2009	-99	-99	87	84	-99	-99
01.08.2009	-99	-99	70	70	-99	-99
02.08.2009	-99	-99	70	59	-99	-99
03.08.2009	-99	-99	70	79	-99	-99
04.08.2009	-99	-99	81	73	-99	-99
05.08.2009	-99	-99	70	67	-99	-99
06.08.2009	-99	-99	81	78	-99	-99
07.08.2009	-99	-99	73	75	-99	-99
08.08.2009	-99	-99	78	70	-99	-99
09.08.2009	-99	-99	79	72	-99	-99
10.08.2009	-99	-99	76	79	-99	-99
11.08.2009	-99	-99	89	85	-99	-99
12.08.2009	-99	-99	93	83	-99	-99
13.08.2009	-99	-99	92	77	-99	-99
14.08.2009	-99	-99	86	79	-99	-99
15.08.2009	-99	-99	92	88	-99	-99
16.08.2009	-99	-99	95	85	-99	-99
17.08.2009	-99	-99	95	82	-99	-99
18.08.2009	-99	-99	89	81	-99	-99
19.08.2009	-99	-99	70	74	-99	-99
20.08.2009	-99	-99	59	62	-99	-99
21.08.2009	-99	-99	74	66	-99	-99
22.08.2009	-99	-99	73	70	-99	-99
23.08.2009	-99	-99	71	68	-99	-99
24.08.2009	-99	-99	79	82	-99	-99
25.08.2009	-99	-99	60	71	-99	-99
26.08.2009	-99	-99	82	81	-99	-99
27.08.2009	-99	-99	91	87	-99	-99
28.08.2009	-99	-99	96	79	-99	-99
29.08.2009	-99	-99	88	73	-99	-99
30.08.2009	-99	-99	90	76	-99	-99
31.08.2009	-99	-99	95	83	-99	-99
01.09.2009	-99	-99	95	82	-99	-99
02.09.2009	-99	-99	80	77	-99	-99
03.09.2009	-99	-99	72	72	-99	-99
04.09.2009	-99	-99	88	84	-99	-99
05.09.2009	-99	-99	80	79	-99	-99
06.09.2009	-99	-99	92	84	-99	-99
07.09.2009	-99	-99	88	80	-99	-99
08.09.2009	-99	-99	87	77	-99	-99
09.09.2009	-99	-99	88	78	-99	-99
10.09.2009	-99	-99	91	79	-99	-99
11.09.2009	-99	-99	96	83	-99	-99
12.09.2009	-99	-99	91	84	-99	-99
13.09.2009	-99	-99	86	78	-99	-99
14.09.2009	-99	-99	83	71	-99	-99
15.09.2009	-99	-99	83	76	-99	-99
16.09.2009	-99	-99	95	82	-99	-99
17.09.2009	-99	-99	95	82	-99	-99
18.09.2009	-99	-99	78	75	-99	-99
19.09.2009	-99	-99	73	63	-99	-99
20.09.2009	-99	-99	87	74	-99	-99
21.09.2009	-99	-99	80	76	-99	-99
22.09.2009	-99	-99	89	74	-99	-99
23.09.2009	-99	-99	94	86	-99	-99
24.09.2009	-99	-99	94	86	-99	-99
25.09.2009	-99	-99	89	80	-99	-99
26.09.2009	-99	-99	82	77	-99	-99
27.09.2009	-99	-99	90	76	-99	-99
28.09.2009	-99	-99	94	87	-99	-99
29.09.2009	-99	-99	96	84	-99	-99
30.09.2009	-99	-99	94	80	-99	-99
01.10.2009	-99	-99	96	79	-99	-99
02.10.2009	-99	-99	95	76	-99	-99
03.10.2009	-99	-99	77	81	-99	-99
04.10.2009	-99	-99	94	85	-99	-99
05.10.2009	-99	-99	97	81	-99	-99
06.10.2009	-99	-99	93	85	-99	-99
07.10.2009	-99	-99	95	91	-99	-99
08.10.2009	-99	-99	99	86	-99	-99
09.10.2009	-99	-99	94	77	-99	-99
10.10.2009	-99	-99	78	77	-99	-99
11.10.2009	-99	-99	75	84	-99	-99
12.10.2009	-99	-99	89	80	-99	-99
13.10.2009	-99	-99	83	75	-99	-99
14.10.2009	-99	-99	57	73	-99	-99
15.10.2009	-99	-99	67	80	-99	-99
16.10.2009	-99	-99	96	81	-99	-99
17.10.2009	-99	-99	94	81	-99	-99
18.10.2009	-99	-99	86	75	-99	-99
19.10.2009	-99	-99	89	81	-99	-99
20.10.2009	-99	-99	84	81	-99	-99
21.10.2009	-99	-99	69	79	-99	-99
22.10.2009	-99	-99	56	81	-99	-99
23.10.2009	-99	-99	71	86	-99	-99
24.10.2009	-99	-99	64	86	-99	-99
25.10.2009	-99	-99	65	80	-99	-99
26.10.2009	-99	-99	86	85	-99	-99
27.10.2009	-99	-99	97	86	-99	-99
28.10.2009	-99	-99	88	85	-99	-99
29.10.2009	-99	-99	76	86	-99	-99
30.10.2009	-99	-99	85	86	-99	-99
31.10.2009	-99	-99	83	87	-99	-99
01.11.2009	-99	-99	59	88	-99	-99
02.11.2009	-99	-99	48	73	-99	-99
03.11.2009	-99	-99	53	71	-99	-99
04.11.2009	-99	-99	38	68	-99	-99
05.11.2009	-99	-99	51	73	-99	-99
06.11.2009	-99	-99	70	77	-99	-99
07.11.2009	-99	-99	58	83	-99	-99
08.11.2009	-99	-99	80	86	-99	-99
09.11.2009	-99	-99	88	88	-99	-99
10.11.2009	-99	-99	82	84	-99	-99
11.11.2009	-99	-99	81	89	-99	-99
12.11.2009	-99	-99	81	91	-99	-99
13.11.2009	-99	-99	63	88	-99	-99
14.11.2009	-99	-99	54	86	-99	-99
15.11.2009	-99	-99	64	74	-99	-99
16.11.2009	-99	-99	60	85	-99	-99
17.11.2009	-99	-99	50	82	-99	-99
18.11.2009	-99	-99	64	78	-99	-99
19.11.2009	-99	-99	90	89	-99	-99
20.11.2009	-99	-99	93	84	-99	-99
21.11.2009	-99	-99	95	83	-99	-99
22.11.2009	-99	-99	94	87	-99	-99
23.11.2009	-99	-99	80	89	-99	-99
24.11.2009	-99	-99	97	88	-99	-99
25.11.2009	-99	-99	84	79	-99	-99
26.11.2009	-99	-99	91	77	-99	-99
27.11.2009	-99	-99	98	80	-99	-99
28.11.2009	-99	-99	91	89	-99	-99
29.11.2009	-99	-99	91	83	-99	-99
30.11.2009	-99	-99	95	89	-99	-99
01.12.2009	-99	-99	96	80	-99	-99
02.12.2009	-99	-99	87	74	-99	-99
03.12.2009	-99	-99	49	62	-99	-99
04.12.2009	-99	-99	60	79	-99	-99
05.12.2009	-99	-99	57	-99	-99	-99
06.12.2009	-99	-99	47	73	-99	-99
07.12.2009	-99	-99	50	75	-99	-99
08.12.2009	-99	-99	61	81	-99	-99
09.12.2009	-99	-99	65	82	-99	-99
10.12.2009	-99	-99	82	91	-99	-99
11.12.2009	-99	-99	98	90	-99	-99
12.12.2009	-99	-99	98	88	-99	-99
13.12.2009	-99	-99	99	93	-99	-99
14.12.2009	-99	-99	99	91	-99	-99
15.12.2009	-99	-99	99	84	-99	-99
16.12.2009	-99	-99	89	78	-99	-99
17.12.2009	-99	-99	63	78	-99	-99
18.12.2009	-99	-99	80	76	-99	-99
19.12.2009	-99	-99	79	84	-99	-99
20.12.2009	-99	-99	48	77	-99	-99
21.12.2009	-99	-99	66	80	-99	-99
22.12.2009	-99	-99	80	78	-99	-99
23.12.2009	-99	-99	80	77	-99	-99
24.12.2009	-99	-99	71	82	-99	-99
25.12.2009	-99	-99	62	82	-99	-99
26.12.2009	-99	-99	60	83	-99	-99
27.12.2009	-99	-99	86	83	-99	-99
28.12.2009	-99	-99	96	84	-99	-99
29.12.2009	-99	-99	94	81	-99	-99
30.12.2009	-99	-99	95	84	-99	-99
31.12.2009	-99	-99	94	86	-99	-99
01.01.2010	-99	-99	80	81	-99	-99
02.01.2010	-99	-99	78	78	-99	-99
03.01.2010	-99	-99	93	84	-99	-99
04.01.2010	-99	-99	96	83	-99	-99
05.01.2010	-99	-99	90	79	-99	-99
06.01.2010	-99	-99	89	70	-99	-99
07.01.2010	-99	-99	86	64	-99	-99
08.01.2010	-99	-99	86	67	-99	-99
09.01.2010	-99	-99	83	73	-99	-99
10.01.2010	-99	-99	83	75	-99	-99
11.01.2010	-99	-99	78	78	-99	-99
12.01.2010	-99	-99	82	77	-99	-99
13.01.2010	-99	-99	83	78	-99	-99
14.01.2010	-99	-99	76	83	-99	-99
15.01.2010	-99	-99	67	87	-99	-99
16.01.2010	-99	-99	42	82	-99	-99
17.01.2010	-99	-99	44	69	-99	-99
18.01.2010	-99	-99	56	78	-99	-99
19.01.2010	-99	-99	94	85	-99	-99
20.01.2010	-99	-99	79	86	-99	-99
21.01.2010	-99	-99	63	79	-99	-99
22.01.2010	-99	-99	43	78	-99	-99
23.01.2010	-99	-99	57	81	-99	-99
24.01.2010	-99	-99	74	83	-99	-99
25.01.2010	-99	-99	90	87	-99	-99
26.01.2010	-99	-99	84	89	-99	-99
27.01.2010	-99	-99	97	84	-99	-99
28.01.2010	-99	-99	96	83	-99	-99
29.01.2010	-99	-99	92	79	-99	-99
30.01.2010	-99	-99	92	82	-99	-99
31.01.2010	-99	-99	89	75	-99	-99
01.02.2010	-99	-99	90	74	-99	-99
02.02.2010	-99	-99	90	76	-99	-99
03.02.2010	-99	-99	89	74	-99	-99
04.02.2010	-99	-99	89	79	-99	-99
05.02.2010	-99	-99	82	82	-99	-99
06.02.2010	-99	-99	90	82	-99	-99
07.02.2010	-99	-99	90	84	-99	-99
08.02.2010	-99	-99	95	85	-99	-99
09.02.2010	-99	-99	93	73	-99	-99
10.02.2010	-99	-99	91	82	-99	-99
11.02.2010	-99	-99	94	86	-99	-99
12.02.2010	-99	-99	94	82	-99	-99
13.02.2010	-99	-99	92	87	-99	-99
14.02.2010	-99	-99	89	82	-99	-99
15.02.2010	-99	-99	80	79	-99	-99
16.02.2010	-99	-99	80	80	-99	-99
17.02.2010	-99	-99	77	79	-99	-99
18.02.2010	-99	-99	65	76	-99	-99
19.02.2010	-99	-99	58	75	-99	-99
20.02.2010	-99	-99	52	72	-99	-99
21.02.2010	-99	-99	54	71	-99	-99
22.02.2010	-99	-99	77	70	-99	-99
23.02.2010	-99	-99	73	66	-99	-99
24.02.2010	-99	-99	68	73	-99	-99
25.02.2010	-99	-99	61	76	-99	-99
26.02.2010	-99	-99	73	78	-99	-99
27.02.2010	-99	-99	78	77	-99	-99
28.02.2010	-99	-99	74	71	-99	-99
01.03.2010	-99	-99	73	75	-99	-99
02.03.2010	-99	-99	90	75	-99	-99
03.03.2010	-99	-99	87	77	-99	-99
04.03.2010	-99	-99	89	79	-99	-99
05.03.2010	-99	-99	88	79	-99	-99
06.03.2010	-99	-99	76	78	-99	-99
07.03.2010	-99	-99	79	78	-99	-99
08.03.2010	-99	-99	96	78	-99	-99
09.03.2010	-99	-99	94	77	-99	-99
10.03.2010	-99	-99	97	81	-99	-99
11.03.2010	-99	-99	96	82	-99	-99
12.03.2010	-99	-99	92	79	-99	-99
13.03.2010	-99	-99	89	81	-99	-99
14.03.2010	-99	-99	90	80	-99	-99
15.03.2010	-99	-99	88	83	-99	-99
16.03.2010	-99	-99	94	81	-99	-99
17.03.2010	-99	-99	94	79	-99	-99
18.03.2010	-99	-99	92	81	-99	-99
19.03.2010	-99	-99	83	73	-99	-99
20.03.2010	-99	-99	95	86	-99	-99
21.03.2010	-99	-99	77	64	-99	-99
22.03.2010	-99	-99	67	60	-99	-99
23.03.2010	-99	-99	91	80	-99	-99
24.03.2010	-99	-99	75	74	-99	-99
25.03.2010	-99	-99	92	85	-99	-99
26.03.2010	-99	-99	97	86	-99	-99
27.03.2010	-99	-99	85	83	-99	-99
28.03.2010	-99	-99	91	83	-99	-99
29.03.2010	-99	-99	94	80	-99	-99
30.03.2010	-99	-99	79	71	-99	-99
31.03.2010	-99	-99	80	77	-99	-99
01.04.2010	-99	-99	72	79	-99	-99
02.04.2010	-99	-99	64	66	-99	-99
03.04.2010	-99	-99	51	61	-99	-99
04.04.2010	-99	-99	43	59	-99	-99
05.04.2010	-99	-99	55	60	-99	-99
06.04.2010	-99	-99	56	68	-99	-99
07.04.2010	-99	-99	69	64	-99	-99
08.04.2010	-99	-99	83	76	-99	-99
09.04.2010	-99	-99	82	78	-99	-99
10.04.2010	-99	-99	63	68	-99	-99
11.04.2010	-99	-99	54	65	-99	-99
12.04.2010	-99	-99	62	69	-99	-99
13.04.2010	-99	-99	73	69	-99	-99
14.04.2010	-99	-99	69	64	-99	-99
15.04.2010	-99	-99	89	79	-99	-99
16.04.2010	-99	-99	91	79	-99	-99
17.04.2010	-99	-99	91	87	-99	-99
18.04.2010	-99	-99	88	79	-99	-99
19.04.2010	-99	-99	70	64	-99	-99
20.04.2010	-99	-99	51	60	-99	-99
21.04.2010	-99	-99	57	68	-99	-99
22.04.2010	-99	-99	60	64	-99	-99
23.04.2010	-99	-99	78	62	-99	-99
24.04.2010	-99	-99	74	71	-99	-99
25.04.2010	-99	-99	77	74	-99	-99
26.04.2010	-99	-99	73	72	-99	-99
27.04.2010	-99	-99	74	74	-99	-99
28.04.2010	-99	-99	91	83	-99	-99
29.04.2010	-99	-99	95	83	-99	-99
30.04.2010	-99	-99	79	75	-99	-99
01.05.2010	-99	-99	83	73	-99	-99
02.05.2010	-99	-99	75	65	-99	-99
03.05.2010	-99	-99	78	71	-99	-99
04.05.2010	-99	-99	58	60	-99	-99
05.05.2010	-99	-99	53	64	-99	-99
06.05.2010	-99	-99	65	67	-99	-99
07.05.2010	-99	-99	53	62	-99	-99
08.05.2010	-99	-99	70	69	-99	-99
09.05.2010	-99	-99	69	66	-99	-99
10.05.2010	-99	-99	79	68	-99	-99
11.05.2010	-99	-99	74	61	-99	-99
12.05.2010	-99	-99	55	55	-99	-99
13.05.2010	-99	-99	50	64	-99	-99
14.05.2010	-99	-99	60	73	-99	-99
15.05.2010	-99	-99	69	76	-99	-99
16.05.2010	-99	-99	89	79	-99	-99
17.05.2010	-99	-99	93	85	-99	-99
18.05.2010	-99	-99	72	76	-99	-99
19.05.2010	-99	-99	60	66	-99	-99
20.05.2010	-99	-99	66	72	-99	-99
21.05.2010	-99	-99	56	63	-99	-99
22.05.2010	-99	-99	83	81	-99	-99
23.05.2010	-99	-99	82	79	-99	-99
24.05.2010	-99	-99	78	74	-99	-99
25.05.2010	-99	-99	79	73	-99	-99
26.05.2010	-99	-99	60	59	-99	-99
27.05.2010	-99	-99	66	61	-99	-99
28.05.2010	-99	-99	57	59	-99	-99
29.05.2010	-99	-99	66	67	-99	-99
30.05.2010	-99	-99	58	58	-99	-99
31.05.2010	-99	-99	66	63	-99	-99
01.06.2010	-99	-99	59	58	-99	-99
02.06.2010	-99	-99	76	63	-99	-99
03.06.2010	-99	-99	90	81	-99	-99
04.06.2010	-99	-99	66	68	-99	-99
05.06.2010	-99	-99	66	59	-99	-99
06.06.2010	-99	-99	64	69	-99	-99
07.06.2010	-99	-99	61	64	-99	-99
08.06.2010	-99	-99	68	68	-99	-99
09.06.2010	-99	-99	67	72	-99	-99
10.06.2010	-99	-99	60	59	-99	-99
11.06.2010	-99	-99	95	75	-99	-99
12.06.2010	-99	-99	92	86	-99	-99
13.06.2010	-99	-99	69	71	-99	-99
14.06.2010	-99	-99	64	68	-99	-99
15.06.2010	-99	-99	59	63	-99	-99
16.06.2010	-99	-99	73	69	-99	-99
17.06.2010	-99	-99	88	79	-99	-99
18.06.2010	-99	-99	88	84	-99	-99
19.06.2010	-99	-99	76	78	-99	-99
20.06.2010	-99	-99	62	65	-99	-99
21.06.2010	-99	-99	67	65	-99	-99
22.06.2010	-99	-99	74	71	-99	-99
23.06.2010	-99	-99	60	64	-99	-99
24.06.2010	-99	-99	74	67	-99	-99
25.06.2010	-99	-99	92	80	-99	-99
26.06.2010	-99	-99	81	76	-99	-99
27.06.2010	-99	-99	75	67	-99	-99
28.06.2010	-99	-99	80	72	-99	-99
29.06.2010	-99	-99	68	60	-99	-99
30.06.2010	-99	-99	88	82	-99	-99
01.07.2010	-99	-99	66	59	-99	-99
02.07.2010	-99	-99	57	58	-99	-99
03.07.2010	-99	-99	61	61	-99	-99
04.07.2010	-99	-99	58	55	-99	-99
05.07.2010	-99	-99	71	63	-99	-99
06.07.2010	-99	-99	75	72	-99	-99
07.07.2010	-99	-99	70	70	-99	-99
08.07.2010	-99	-99	66	56	-99	-99
09.07.2010	-99	-99	61	59	-99	-99
10.07.2010	-99	-99	74	66	-99	-99
11.07.2010	-99	-99	66	60	-99	-99
12.07.2010	-99	-99	64	59	-99	-99
13.07.2010	-99	-99	86	87	-99	-99
14.07.2010	-99	-99	68	71	-99	-99
15.07.2010	-99	-99	79	74	-99	-99
16.07.2010	-99	-99	64	63	-99	-99
17.07.2010	-99	-99	57	57	-99	-99
18.07.2010	-99	-99	75	66	-99	-99
19.07.2010	-99	-99	74	65	-99	-99
20.07.2010	-99	-99	90	86	-99	-99
21.07.2010	-99	-99	96	88	-99	-99
22.07.2010	-99	-99	85	80	-99	-99
23.07.2010	-99	-99	62	61	-99	-99
24.07.2010	-99	-99	66	65	-99	-99
25.07.2010	-99	-99	67	60	-99	-99
26.07.2010	-99	-99	73	74	-99	-99
27.07.2010	-99	-99	67	60	-99	-99
28.07.2010	-99	-99	78	79	-99	-99
29.07.2010	-99	-99	71	69	-99	-99
30.07.2010	-99	-99	83	80	-99	-99
31.07.2010	-99	-99	88	73	-99	-99
01.08.2010	-99	-99	89	75	-99	-99
02.08.2010	-99	-99	88	73	-99	-99
03.08.2010	-99	-99	89	76	-99	-99
04.08.2010	-99	-99	78	79	-99	-99
05.08.2010	-99	-99	66	77	-99	-99
06.08.2010	-99	-99	88	81	-99	-99
07.08.2010	-99	-99	72	72	-99	-99
08.08.2010	-99	-99	79	74	-99	-99
09.08.2010	-99	-99	80	71	-99	-99
10.08.2010	-99	-99	85	83	-99	-99
11.08.2010	-99	-99	86	81	-99	-99
12.08.2010	-99	-99	80	72	-99	-99
13.08.2010	-99	-99	93	85	-99	-99
14.08.2010	-99	-99	79	78	-99	-99
15.08.2010	-99	-99	74	70	-99	-99
16.08.2010	-99	-99	63	65	-99	-99
17.08.2010	-99	-99	65	73	-99	-99
18.08.2010	-99	-99	60	73	-99	-99
19.08.2010	-99	-99	54	77	-99	-99
20.08.2010	-99	-99	71	67	-99	-99
21.08.2010	-99	-99	76	71	-99	-99
22.08.2010	-99	-99	92	78	-99	-99
23.08.2010	-99	-99	77	71	-99	-99
24.08.2010	-99	-99	90	82	-99	-99
25.08.2010	-99	-99	92	81	-99	-99
26.08.2010	-99	-99	89	79	-99	-99
27.08.2010	-99	-99	92	75	-99	-99
28.08.2010	-99	-99	87	84	-99	-99
29.08.2010	-99	-99	78	81	-99	-99
30.08.2010	-99	-99	82	77	-99	-99
31.08.2010	-99	-99	95	83	-99	-99
01.09.2010	-99	-99	80	75	-99	-99
02.09.2010	-99	-99	73	67	-99	-99
03.09.2010	-99	-99	73	70	-99	-99
04.09.2010	-99	-99	74	71	-99	-99
05.09.2010	-99	-99	79	73	-99	-99
06.09.2010	-99	-99	77	66	-99	-99
07.09.2010	-99	-99	62	67	-99	-99
08.09.2010	-99	-99	53	61	-99	-99
09.09.2010	-99	-99	59	64	-99	-99
10.09.2010	-99	-99	54	65	-99	-99
11.09.2010	-99	-99	82	79	-99	-99
12.09.2010	-99	-99	94	79	-99	-99
13.09.2010	-99	-99	79	73	-99	-99
14.09.2010	-99	-99	88	70	-99	-99
15.09.2010	-99	-99	88	79	-99	-99
16.09.2010	-99	-99	87	82	-99	-99
17.09.2010	-99	-99	90	84	-99	-99
18.09.2010	-99	-99	96	85	-99	-99
19.09.2010	-99	-99	97	85	-99	-99
20.09.2010	-99	-99	85	81	-99	-99
21.09.2010	-99	-99	90	80	-99	-99
22.09.2010	-99	-99	97	85	-99	-99
23.09.2010	-99	-99	91	91	-99	-99
24.09.2010	-99	-99	69	77	-99	-99
25.09.2010	-99	-99	55	63	-99	-99
26.09.2010	-99	-99	72	67	-99	-99
27.09.2010	-99	-99	74	73	-99	-99
28.09.2010	-99	-99	76	75	-99	-99
29.09.2010	-99	-99	77	74	-99	-99
30.09.2010	-99	-99	76	70	-99	-99
01.10.2010	-99	-99	64	70	-99	-99
02.10.2010	-99	-99	45	67	-99	-99
03.10.2010	-99	-99	52	82	-99	-99
04.10.2010	-99	-99	71	80	-99	-99
05.10.2010	-99	-99	54	77	-99	-99
06.10.2010	-99	-99	80	82	-99	-99
07.10.2010	-99	-99	74	68	-99	-99
08.10.2010	-99	-99	75	81	-99	-99
09.10.2010	-99	-99	84	74	-99	-99
10.10.2010	-99	-99	84	78	-99	-99
11.10.2010	-99	-99	92	68	-99	-99
12.10.2010	-99	-99	87	81	-99	-99
13.10.2010	-99	-99	94	80	-99	-99
14.10.2010	-99	-99	86	77	-99	-99
15.10.2010	-99	-99	81	75	-99	-99
16.10.2010	-99	-99	83	81	-99	-99
17.10.2010	-99	-99	60	70	-99	-99
18.10.2010	-99	-99	84	68	-99	-99
19.10.2010	-99	-99	92	83	-99	-99
20.10.2010	-99	-99	94	74	-99	-99
21.10.2010	-99	-99	94	82	-99	-99
22.10.2010	-99	-99	95	87	-99	-99
23.10.2010	-99	-99	94	84	-99	-99
24.10.2010	-99	-99	96	81	-99	-99
25.10.2010	-99	-99	96	78	-99	-99
26.10.2010	-99	-99	92	76	-99	-99
27.10.2010	-99	-99	81	78	-99	-99
28.10.2010	-99	-99	93	80	-99	-99
29.10.2010	-99	-99	97	88	-99	-99
30.10.2010	-99	-99	73	72	-99	-99
31.10.2010	-99	-99	69	65	-99	-99
01.11.2010	-99	-99	96	81	-99	-99
02.11.2010	-99	-99	81	79	-99	-99
03.11.2010	-99	-99	94	83	-99	-99
04.11.2010	-99	-99	95	83	-99	-99
05.11.2010	-99	-99	97	80	-99	-99
06.11.2010	-99	-99	97	80	-99	-99
07.11.2010	-99	-99	96	78	-99	-99
08.11.2010	-99	-99	93	73	-99	-99
09.11.2010	-99	-99	89	78	-99	-99
10.11.2010	-99	-99	88	77	-99	-99
11.11.2010	-99	-99	88	77	-99	-99
12.11.2010	-99	-99	69	83	-99	-99
13.11.2010	-99	-99	84	86	-99	-99
14.11.2010	-99	-99	89	88	-99	-99
15.11.2010	-99	-99	94	91	-99	-99
16.11.2010	-99	-99	97	91	-99	-99
17.11.2010	-99	-99	90	91	-99	-99
18.11.2010	-99	-99	82	87	-99	-99
19.11.2010	-99	-99	66	82	-99	-99
20.11.2010	-99	-99	71	80	-99	-99
21.11.2010	-99	-99	75	87	-99	-99
22.11.2010	-99	-99	92	86	-99	-99
23.11.2010	-99	-99	69	80	-99	-99
24.11.2010	-99	-99	50	64	-99	-99
25.11.2010	-99	-99	59	76	-99	-99
26.11.2010	-99	-99	46	75	-99	-99
27.11.2010	-99	-99	48	73	-99	-99
28.11.2010	-99	-99	40	68	-99	-99
29.11.2010	-99	-99	51	77	-99	-99
30.11.2010	-99	-99	71	75	-99	-99
01.12.2010	-99	-99	76	75	-99	-99
02.12.2010	-99	-99	85	76	-99	-99
03.12.2010	-99	-99	78	75	-99	-99
04.12.2010	-99	-99	84	83	-99	-99
05.12.2010	-99	-99	95	84	-99	-99
06.12.2010	-99	-99	92	84	-99	-99
07.12.2010	-99	-99	93	85	-99	-99
08.12.2010	-99	-99	94	84	-99	-99
09.12.2010	-99	-99	95	83	-99	-99
10.12.2010	-99	-99	96	90	-99	-99
11.12.2010	-99	-99	97	86	-99	-99
12.12.2010	-99	-99	95	86	-99	-99
13.12.2010	-99	-99	96	91	-99	-99
14.12.2010	-99	-99	97	88	-99	-99
15.12.2010	-99	-99	95	85	-99	-99
16.12.2010	-99	-99	93	79	-99	-99
17.12.2010	-99	-99	85	80	-99	-99
18.12.2010	-99	-99	74	71	-99	-99
19.12.2010	-99	-99	77	79	-99	-99
20.12.2010	-99	-99	83	81	-99	-99
21.12.2010	-99	-99	91	81	-99	-99
22.12.2010	-99	-99	94	84	-99	-99
23.12.2010	-99	-99	90	79	-99	-99
24.12.2010	-99	-99	87	72	-99	-99
25.12.2010	-99	-99	86	72	-99	-99
26.12.2010	-99	-99	85	77	-99	-99
27.12.2010	-99	-99	87	79	-99	-99
28.12.2010	-99	-99	90	84	-99	-99
29.12.2010	-99	-99	89	86	-99	-99
30.12.2010	-99	-99	96	84	-99	-99
31.12.2010	-99	-99	95	88	-99	-99
01.01.2011	-99	-99	96	86	-99	-99
02.01.2011	-99	-99	96	79	-99	-99
03.01.2011	-99	-99	96	86	-99	-99
04.01.2011	-99	-99	97	90	-99	-99
05.01.2011	-99	-99	90	87	-99	-99
06.01.2011	-99	-99	69	79	-99	-99
07.01.2011	-99	-99	86	80	-99	-99
08.01.2011	-99	-99	64	80	-99	-99
09.01.2011	-99	-99	73	83	-99	-99
10.01.2011	-99	-99	91	84	-99	-99
11.01.2011	-99	-99	95	88	-99	-99
12.01.2011	-99	-99	94	81	-99	-99
13.01.2011	-99	-99	92	78	-99	-99
14.01.2011	-99	-99	89	75	-99	-99
15.01.2011	-99	-99	67	82	-99	-99
16.01.2011	-99	-99	97	86	-99	-99
17.01.2011	-99	-99	94	90	-99	-99
18.01.2011	-99	-99	97	91	-99	-99
19.01.2011	-99	-99	98	86	-99	-99
20.01.2011	-99	-99	96	85	-99	-99
21.01.2011	-99	-99	97	85	-99	-99
22.01.2011	-99	-99	98	87	-99	-99
23.01.2011	-99	-99	98	85	-99	-99
24.01.2011	-99	-99	98	84	-99	-99
25.01.2011	-99	-99	96	80	-99	-99
26.01.2011	-99	-99	94	85	-99	-99
27.01.2011	-99	-99	94	77	-99	-99
28.01.2011	-99	-99	82	78	-99	-99
29.01.2011	-99	-99	88	85	-99	-99
30.01.2011	-99	-99	82	74	-99	-99
31.01.2011	-99	-99	95	84	-99	-99
01.02.2011	-99	-99	89	81	-99	-99
02.02.2011	-99	-99	92	79	-99	-99
03.02.2011	-99	-99	93	82	-99	-99
04.02.2011	-99	-99	88	77	-99	-99
05.02.2011	-99	-99	95	81	-99	-99
06.02.2011	-99	-99	97	88	-99	-99
07.02.2011	-99	-99	96	87	-99	-99
08.02.2011	-99	-99	97	83	-99	-99
09.02.2011	-99	-99	94	70	-99	-99
10.02.2011	-99	-99	95	81	-99	-99
11.02.2011	-99	-99	69	57	-99	-99
12.02.2011	-99	-99	78	61	-99	-99
13.02.2011	-99	-99	59	59	-99	-99
14.02.2011	-99	-99	44	71	-99	-99
15.02.2011	-99	-99	46	74	-99	-99
16.02.2011	-99	-99	56	76	-99	-99
17.02.2011	-99	-99	56	77	-99	-99
18.02.2011	-99	-99	69	80	-99	-99
19.02.2011	-99	-99	83	82	-99	-99
20.02.2011	-99	-99	76	72	-99	-99
21.02.2011	-99	-99	72	73	-99	-99
22.02.2011	-99	-99	61	76	-99	-99
23.02.2011	-99	-99	47	73	-99	-99
24.02.2011	-99	-99	68	79	-99	-99
25.02.2011	-99	-99	80	84	-99	-99
26.02.2011	-99	-99	82	80	-99	-99
27.02.2011	-99	-99	92	83	-99	-99
28.02.2011	-99	-99	88	78	-99	-99
01.03.2011	-99	-99	69	79	-99	-99
02.03.2011	-99	-99	62	64	-99	-99
03.03.2011	-99	-99	92	78	-99	-99
04.03.2011	-99	-99	94	84	-99	-99
05.03.2011	-99	-99	84	85	-99	-99
06.03.2011	-99	-99	82	77	-99	-99
07.03.2011	-99	-99	86	83	-99	-99
08.03.2011	-99	-99	74	74	-99	-99
09.03.2011	-99	-99	88	78	-99	-99
10.03.2011	-99	-99	83	69	-99	-99
11.03.2011	-99	-99	89	71	-99	-99
12.03.2011	-99	-99	84	74	-99	-99
13.03.2011	-99	-99	80	80	-99	-99
14.03.2011	-99	-99	71	72	-99	-99
15.03.2011	-99	-99	64	69	-99	-99
16.03.2011	-99	-99	38	56	-99	-99
17.03.2011	-99	-99	41	59	-99	-99
18.03.2011	-99	-99	83	77	-99	-99
19.03.2011	-99	-99	65	61	-99	-99
20.03.2011	-99	-99	68	71	-99	-99
21.03.2011	-99	-99	93	89	-99	-99
22.03.2011	-99	-99	80	88	-99	-99
23.03.2011	-99	-99	91	89	-99	-99
24.03.2011	-99	-99	79	89	-99	-99
25.03.2011	-99	-99	76	81	-99	-99
26.03.2011	-99	-99	66	74	-99	-99
27.03.2011	-99	-99	85	80	-99	-99
28.03.2011	-99	-99	88	82	-99	-99
29.03.2011	-99	-99	81	78	-99	-99
30.03.2011	-99	-99	61	64	-99	-99
31.03.2011	-99	-99	59	66	-99	-99
01.04.2011	-99	-99	62	74	-99	-99
02.04.2011	-99	-99	82	71	-99	-99
03.04.2011	-99	-99	76	67	-99	-99
04.04.2011	-99	-99	91	76	-99	-99
05.04.2011	-99	-99	81	70	-99	-99
06.04.2011	-99	-99	88	79	-99	-99
07.04.2011	-99	-99	88	87	-99	-99
08.04.2011	-99	-99	85	86	-99	-99
09.04.2011	-99	-99	87	76	-99	-99
10.04.2011	-99	-99	81	78	-99	-99
11.04.2011	-99	-99	93	83	-99	-99
12.04.2011	-99	-99	83	76	-99	-99
13.04.2011	-99	-99	68	70	-99	-99
14.04.2011	-99	-99	76	73	-99	-99
15.04.2011	-99	-99	82	73	-99	-99
16.04.2011	-99	-99	84	80	-99	-99
17.04.2011	-99	-99	87	78	-99	-99
18.04.2011	-99	-99	87	78	-99	-99
19.04.2011	-99	-99	67	68	-99	-99
20.04.2011	-99	-99	81	74	-99	-99
21.04.2011	-99	-99	89	78	-99	-99
22.04.2011	-99	-99	68	72	-99	-99
23.04.2011	-99	-99	56	67	-99	-99
24.04.2011	-99	-99	54	-99	-99	-99
25.04.2011	-99	-99	73	71	-99	-99
26.04.2011	-99	-99	68	68	-99	-99
27.04.2011	-99	-99	64	65	-99	-99
28.04.2011	-99	-99	57	70	-99	-99
29.04.2011	-99	-99	54	68	-99	-99
30.04.2011	-99	-99	52	65	-99	-99
01.05.2011	-99	-99	44	62	-99	-99
02.05.2011	-99	-99	66	67	-99	-99
03.05.2011	-99	-99	58	59	-99	-99
04.05.2011	-99	-99	62	69	-99	-99
05.05.2011	-99	-99	61	73	-99	-99
06.05.2011	-99	-99	53	61	-99	-99
07.05.2011	-99	-99	68	65	-99	-99
08.05.2011	-99	-99	43	51	-99	-99
09.05.2011	-99	-99	35	52	-99	-99
10.05.2011	-99	-99	68	60	-99	-99
11.05.2011	-99	-99	55	63	-99	-99
12.05.2011	-99	-99	75	84	-99	-99
13.05.2011	-99	-99	81	78	-99	-99
14.05.2011	-99	-99	73	82	-99	-99
15.05.2011	-99	-99	85	89	-99	-99
16.05.2011	-99	-99	84	76	-99	-99
17.05.2011	-99	-99	90	83	-99	-99
18.05.2011	-99	-99	76	69	-99	-99
19.05.2011	-99	-99	87	75	-99	-99
20.05.2011	-99	-99	68	64	-99	-99
21.05.2011	-99	-99	80	66	-99	-99
22.05.2011	-99	-99	65	66	-99	-99
23.05.2011	-99	-99	64	63	-99	-99
24.05.2011	-99	-99	79	78	-99	-99
25.05.2011	-99	-99	89	84	-99	-99
26.05.2011	-99	-99	79	72	-99	-99
27.05.2011	-99	-99	86	82	-99	-99
28.05.2011	-99	-99	75	67	-99	-99
29.05.2011	-99	-99	75	61	-99	-99
30.05.2011	-99	-99	79	68	-99	-99
31.05.2011	-99	-99	85	83	-99	-99
01.06.2011	-99	-99	71	66	-99	-99
02.06.2011	-99	-99	72	70	-99	-99
03.06.2011	-99	-99	75	74	-99	-99
04.06.2011	-99	-99	67	71	-99	-99
05.06.2011	-99	-99	66	63	-99	-99
06.06.2011	-99	-99	92	75	-99	-99
07.06.2011	-99	-99	96	-99	-99	-99
08.06.2011	-99	-99	82	74	-99	-99
09.06.2011	-99	-99	96	85	-99	-99
10.06.2011	-99	-99	96	90	-99	-99
11.06.2011	-99	-99	93	84	-99	-99
12.06.2011	-99	-99	95	85	-99	-99
13.06.2011	-99	-99	72	71	-99	-99
14.06.2011	-99	-99	84	66	-99	-99
15.06.2011	-99	-99	85	76	-99	-99
16.06.2011	-99	-99	58	62	-99	-99
17.06.2011	-99	-99	77	72	-99	-99
18.06.2011	-99	-99	77	77	-99	-99
19.06.2011	-99	-99	78	75	-99	-99
20.06.2011	-99	-99	79	80	-99	-99
21.06.2011	-99	-99	64	65	-99	-99
22.06.2011	-99	-99	64	62	-99	-99
23.06.2011	-99	-99	83	83	-99	-99
24.06.2011	-99	-99	77	75	-99	-99
25.06.2011	-99	-99	71	65	-99	-99
26.06.2011	-99	-99	62	59	-99	-99
27.06.2011	-99	-99	92	82	-99	-99
28.06.2011	-99	-99	96	78	-99	-99
29.06.2011	-99	-99	97	79	-99	-99
30.06.2011	-99	-99	89	85	-99	-99
01.07.2011	-99	-99	83	84	-99	-99
02.07.2011	-99	-99	68	78	-99	-99
03.07.2011	-99	-99	93	86	-99	-99
04.07.2011	-99	-99	84	73	-99	-99
05.07.2011	-99	-99	75	66	-99	-99
06.07.2011	-99	-99	66	69	-99	-99
07.07.2011	-99	-99	82	70	-99	-99
08.07.2011	-99	-99	77	66	-99	-99
09.07.2011	-99	-99	78	69	-99	-99
10.07.2011	-99	-99	77	69	-99	-99
11.07.2011	-99	-99	88	74	-99	-99
12.07.2011	-99	-99	72	71	-99	-99
13.07.2011	-99	-99	64	62	-99	-99
14.07.2011	-99	-99	69	60	-99	-99
15.07.2011	-99	-99	73	69	-99	-99
16.07.2011	-99	-99	62	71	-99	-99
17.07.2011	-99	-99	76	78	-99	-99
18.07.2011	-99	-99	65	66	-99	-99
19.07.2011	-99	-99	77	75	-99	-99
20.07.2011	-99	-99	92	76	-99	-99
21.07.2011	-99	-99	85	80	-99	-99
22.07.2011	-99	-99	81	87	-99	-99
23.07.2011	-99	-99	82	83	-99	-99
24.07.2011	-99	-99	84	79	-99	-99
25.07.2011	-99	-99	94	86	-99	-99
26.07.2011	-99	-99	93	86	-99	-99
27.07.2011	-99	-99	77	72	-99	-99
28.07.2011	-99	-99	88	79	-99	-99
29.07.2011	-99	-99	79	81	-99	-99
30.07.2011	-99	-99	77	75	-99	-99
31.07.2011	-99	-99	78	63	-99	-99
01.08.2011	-99	-99	83	69	-99	-99
02.08.2011	-99	-99	80	76	-99	-99
03.08.2011	-99	-99	85	76	-99	-99
04.08.2011	-99	-99	79	80	-99	-99
05.08.2011	-99	-99	75	79	-99	-99
06.08.2011	-99	-99	84	77	-99	-99
07.08.2011	-99	-99	74	77	-99	-99
08.08.2011	-99	-99	81	74	-99	-99
09.08.2011	-99	-99	85	77	-99	-99
10.08.2011	-99	-99	76	72	-99	-99
11.08.2011	-99	-99	70	67	-99	-99
12.08.2011	-99	-99	69	68	-99	-99
13.08.2011	-99	-99	57	62	-99	-99
14.08.2011	-99	-99	49	67	-99	-99
15.08.2011	-99	-99	90	84	-99	-99
16.08.2011	-99	-99	88	83	-99	-99
17.08.2011	-99	-99	80	81	-99	-99
18.08.2011	-99	-99	88	79	-99	-99
19.08.2011	-99	-99	87	87	-99	-99
20.08.2011	-99	-99	85	78	-99	-99
21.08.2011	-99	-99	93	77	-99	-99
22.08.2011	-99	-99	89	73	-99	-99
23.08.2011	-99	-99	84	73	-99	-99
24.08.2011	-99	-99	78	73	-99	-99
25.08.2011	-99	-99	91	85	-99	-99
26.08.2011	-99	-99	83	71	-99	-99
27.08.2011	-99	-99	97	88	-99	-99
28.08.2011	-99	-99	95	86	-99	-99
29.08.2011	-99	-99	89	77	-99	-99
30.08.2011	-99	-99	93	85	-99	-99
31.08.2011	-99	-99	72	75	-99	-99
01.09.2011	-99	-99	81	78	-99	-99
02.09.2011	-99	-99	85	78	-99	-99
03.09.2011	-99	-99	97	80	-99	-99
04.09.2011	-99	-99	98	76	-99	-99
05.09.2011	-99	-99	91	83	-99	-99
06.09.2011	-99	-99	76	70	-99	-99
07.09.2011	-99	-99	85	72	-99	-99
08.09.2011	-99	-99	90	76	-99	-99
09.09.2011	-99	-99	85	79	-99	-99
10.09.2011	-99	-99	78	73	-99	-99
11.09.2011	-99	-99	95	83	-99	-99
12.09.2011	-99	-99	90	81	-99	-99
13.09.2011	-99	-99	95	84	-99	-99
14.09.2011	-99	-99	89	82	-99	-99
15.09.2011	-99	-99	92	83	-99	-99
16.09.2011	-99	-99	83	76	-99	-99
17.09.2011	-99	-99	69	70	-99	-99
18.09.2011	-99	-99	51	72	-99	-99
19.09.2011	-99	-99	83	74	-99	-99
20.09.2011	-99	-99	94	77	-99	-99
21.09.2011	-99	-99	77	72	-99	-99
22.09.2011	-99	-99	80	79	-99	-99
23.09.2011	-99	-99	84	78	-99	-99
24.09.2011	-99	-99	82	78	-99	-99
25.09.2011	-99	-99	82	66	-99	-99
26.09.2011	-99	-99	85	77	-99	-99
27.09.2011	-99	-99	90	72	-99	-99
28.09.2011	-99	-99	95	89	-99	-99
29.09.2011	-99	-99	67	73	-99	-99
30.09.2011	-99	-99	76	82	-99	-99
01.10.2011	-99	-99	89	79	-99	-99
02.10.2011	-99	-99	95	78	-99	-99
03.10.2011	-99	-99	80	81	-99	-99
04.10.2011	-99	-99	90	83	-99	-99
05.10.2011	-99	-99	93	76	-99	-99
06.10.2011	-99	-99	94	83	-99	-99
07.10.2011	-99	-99	98	90	-99	-99
08.10.2011	-99	-99	91	80	-99	-99
09.10.2011	-99	-99	86	79	-99	-99
10.10.2011	-99	-99	96	85	-99	-99
11.10.2011	-99	-99	97	86	-99	-99
12.10.2011	-99	-99	95	87	-99	-99
13.10.2011	-99	-99	85	77	-99	-99
14.10.2011	-99	-99	61	71	-99	-99
15.10.2011	-99	-99	68	79	-99	-99
16.10.2011	-99	-99	60	64	-99	-99
17.10.2011	-99	-99	61	73	-99	-99
18.10.2011	-99	-99	82	68	-99	-99
19.10.2011	-99	-99	95	84	-99	-99
20.10.2011	-99	-99	96	81	-99	-99
21.10.2011	-99	-99	90	77	-99	-99
22.10.2011	-99	-99	83	78	-99	-99
23.10.2011	-99	-99	56	64	-99	-99
24.10.2011	-99	-99	41	79	-99	-99
25.10.2011	-99	-99	39	82	-99	-99
26.10.2011	-99	-99	47	76	-99	-99
27.10.2011	-99	-99	69	80	-99	-99
28.10.2011	-99	-99	78	81	-99	-99
29.10.2011	-99	-99	60	64	-99	-99
30.10.2011	-99	-99	90	86	-99	-99
31.10.2011	-99	-99	95	91	-99	-99
01.11.2011	-99	-99	80	83	-99	-99
02.11.2011	-99	-99	87	76	-99	-99
03.11.2011	-99	-99	65	79	-99	-99
04.11.2011	-99	-99	58	85	67	-99
05.11.2011	-99	-99	83	81	71	-99
06.11.2011	-99	-99	99	92	81	-99
07.11.2011	-99	-99	83	91	-99	-99
08.11.2011	-99	-99	73	88	-99	-99
09.11.2011	-99	-99	81	77	39	-99
10.11.2011	-99	-99	91	88	63	-99
11.11.2011	-99	-99	92	95	-99	-99
12.11.2011	-99	-99	79	94	-99	-99
13.11.2011	-99	-99	94	87	87	-99
14.11.2011	-99	-99	99	82	-99	-99
15.11.2011	-99	-99	99	88	53	-99
16.11.2011	-99	-99	98	87	48	-99
17.11.2011	-99	-99	98	89	63	-99
18.11.2011	-99	-99	96	92	91	-99
19.11.2011	-99	-99	99	95	-99	-99
20.11.2011	-99	-99	87	93	-99	-99
21.11.2011	-99	-99	95	95	-99	-99
22.11.2011	-99	-99	93	94	-99	-99
23.11.2011	-99	-99	71	76	-99	-99
24.11.2011	-99	-99	93	82	-99	-99
25.11.2011	-99	-99	91	85	-99	-99
26.11.2011	-99	-99	97	91	-99	-99
27.11.2011	-99	-99	97	89	-99	-99
28.11.2011	-99	-99	95	82	-99	-99
29.11.2011	-99	-99	86	75	-99	-99
30.11.2011	-99	-99	96	90	-99	-99
01.12.2011	-99	-99	82	80	-99	-99
02.12.2011	-99	-99	95	79	-99	-99
03.12.2011	-99	-99	85	76	-99	-99
04.12.2011	-99	-99	94	85	-99	-99
05.12.2011	-99	-99	97	87	-99	-99
06.12.2011	-99	-99	96	84	-99	-99
07.12.2011	-99	-99	95	86	-99	-99
08.12.2011	-99	-99	90	79	-99	-99
09.12.2011	-99	-99	86	84	-99	-99
10.12.2011	-99	-99	99	86	-99	-99
11.12.2011	-99	-99	98	83	-99	-99
12.12.2011	-99	-99	94	83	-99	-99
13.12.2011	-99	-99	71	77	-99	-99
14.12.2011	-99	-99	69	76	-99	-99
15.12.2011	-99	-99	97	80	-99	-99
16.12.2011	-99	-99	90	84	-99	-99
17.12.2011	-99	-99	89	87	-99	-99
18.12.2011	-99	-99	98	88	-99	-99
19.12.2011	-99	-99	99	82	-99	-99
20.12.2011	-99	-99	98	85	-99	-99
21.12.2011	-99	-99	98	86	-99	-99
22.12.2011	-99	-99	98	86	-99	-99
23.12.2011	-99	-99	91	88	-99	-99
24.12.2011	-99	-99	92	76	-99	-99
25.12.2011	-99	-99	86	85	-99	-99
26.12.2011	-99	-99	92	89	-99	-99
27.12.2011	-99	-99	88	90	-99	-99
28.12.2011	-99	-99	86	83	-99	-99
29.12.2011	-99	-99	99	85	-99	-99
30.12.2011	-99	-99	99	83	-99	-99
31.12.2011	-99	-99	91	80	-99	-99
01.01.2012	-99	-99	95	87	-99	-99
02.01.2012	-99	-99	94	88	-99	-99
03.01.2012	-99	-99	95	80	-99	-99
04.01.2012	-99	-99	98	86	-99	-99
05.01.2012	-99	-99	97	84	-99	-99
06.01.2012	-99	-99	98	79	-99	-99
07.01.2012	-99	-99	99	89	-99	-99
08.01.2012	-99	-99	97	82	-99	-99
09.01.2012	-99	-99	98	83	-99	-99
10.01.2012	-99	-99	97	83	-99	-99
11.01.2012	-99	-99	96	90	-99	-99
12.01.2012	-99	-99	95	87	-99	-99
13.01.2012	-99	-99	86	84	-99	-99
14.01.2012	-99	-99	98	84	-99	-99
15.01.2012	-99	-99	98	85	-99	-99
16.01.2012	-99	-99	96	84	-99	-99
17.01.2012	-99	-99	80	88	-99	-99
18.01.2012	-99	-99	84	87	-99	-99
19.01.2012	-99	-99	98	90	-99	-99
20.01.2012	-99	-99	98	87	-99	-99
21.01.2012	-99	-99	90	82	-99	-99
22.01.2012	-99	-99	86	83	-99	-99
23.01.2012	-99	-99	76	83	-99	-99
24.01.2012	-99	-99	79	79	-99	-99
25.01.2012	-99	-99	58	81	-99	-99
26.01.2012	-99	-99	45	71	-99	-99
27.01.2012	-99	-99	43	63	-99	-99
28.01.2012	-99	-99	55	76	-99	-99
29.01.2012	-99	-99	57	79	-99	-99
30.01.2012	-99	-99	42	79	-99	-99
31.01.2012	-99	-99	61	74	-99	-99
01.02.2012	-99	-99	74	71	-99	-99
02.02.2012	-99	-99	86	78	-99	-99
03.02.2012	-99	-99	85	81	-99	-99
04.02.2012	-99	-99	81	83	-99	-99
05.02.2012	-99	-99	73	83	-99	-99
06.02.2012	-99	-99	93	81	-99	-99
07.02.2012	-99	-99	89	84	-99	-99
08.02.2012	-99	-99	76	83	-99	-99
09.02.2012	-99	-99	62	83	-99	-99
10.02.2012	-99	-99	62	84	-99	-99
11.02.2012	-99	-99	81	76	-99	-99
12.02.2012	-99	-99	96	81	-99	-99
13.02.2012	-99	-99	95	83	-99	-99
14.02.2012	-99	-99	94	88	-99	-99
15.02.2012	-99	-99	95	82	-99	-99
16.02.2012	-99	-99	97	85	-99	-99
17.02.2012	-99	-99	95	76	-99	-99
18.02.2012	-99	-99	93	75	-99	-99
19.02.2012	-99	-99	92	81	-99	-99
20.02.2012	-99	-99	94	83	-99	-99
21.02.2012	-99	-99	83	79	-99	-99
22.02.2012	-99	-99	94	87	-99	-99
23.02.2012	-99	-99	96	83	-99	-99
24.02.2012	-99	-99	95	87	-99	-99
25.02.2012	-99	-99	95	79	-99	-99
26.02.2012	-99	-99	83	75	-99	-99
27.02.2012	-99	-99	87	83	-99	-99
28.02.2012	-99	-99	97	81	-99	-99
29.02.2012	-99	-99	87	78	-99	-99
01.03.2012	-99	-99	96	81	-99	-99
02.03.2012	-99	-99	85	72	-99	-99
03.03.2012	-99	-99	53	70	-99	-99
04.03.2012	-99	-99	47	68	-99	-99
05.03.2012	-99	-99	61	79	-99	-99
06.03.2012	-99	-99	67	74	-99	-99
07.03.2012	-99	-99	62	70	-99	-99
08.03.2012	-99	-99	81	74	-99	-99
09.03.2012	-99	-99	93	80	-99	-99
10.03.2012	-99	-99	76	83	-99	-99
11.03.2012	-99	-99	94	81	-99	-99
12.03.2012	-99	-99	98	84	-99	-99
13.03.2012	-99	-99	99	85	-99	-99
14.03.2012	-99	-99	97	79	-99	-99
15.03.2012	-99	-99	70	71	-99	-99
16.03.2012	-99	-99	82	70	-99	-99
17.03.2012	-99	-99	75	73	-99	-99
18.03.2012	-99	-99	91	82	-99	-99
19.03.2012	-99	-99	86	80	-99	-99
20.03.2012	-99	-99	92	82	-99	-99
21.03.2012	-99	-99	96	80	-99	-99
22.03.2012	-99	-99	93	78	-99	-99
23.03.2012	-99	-99	86	75	-99	-99
24.03.2012	-99	-99	81	74	-99	-99
25.03.2012	-99	-99	82	78	-99	-99
26.03.2012	-99	-99	93	80	-99	-99
27.03.2012	-99	-99	87	77	-99	-99
28.03.2012	-99	-99	86	83	-99	-99
29.03.2012	-99	-99	95	85	-99	-99
30.03.2012	-99	-99	95	82	-99	-99
31.03.2012	-99	-99	91	79	-99	-99
01.04.2012	-99	-99	89	84	-99	-99
02.04.2012	-99	-99	83	82	-99	-99
03.04.2012	-99	-99	76	76	-99	-99
04.04.2012	-99	-99	72	73	-99	-99
05.04.2012	-99	-99	82	78	-99	-99
06.04.2012	-99	-99	61	69	-99	-99
07.04.2012	-99	-99	65	73	-99	-99
08.04.2012	-99	-99	81	73	-99	-99
09.04.2012	-99	-99	76	77	-99	-99
10.04.2012	-99	-99	69	81	-99	-99
11.04.2012	-99	-99	77	70	-99	-99
12.04.2012	-99	-99	70	78	-99	-99
13.04.2012	-99	-99	80	67	-99	-99
14.04.2012	-99	-99	76	76	-99	-99
15.04.2012	-99	-99	55	65	-99	-99
16.04.2012	-99	-99	63	65	-99	-99
17.04.2012	-99	-99	55	69	-99	-99
18.04.2012	-99	-99	52	64	-99	-99
19.04.2012	-99	-99	53	68	-99	-99
20.04.2012	-99	-99	45	65	-99	-99
21.04.2012	-99	-99	87	78	-99	-99
22.04.2012	-99	-99	68	72	-99	-99
23.04.2012	-99	-99	64	76	-99	-99
24.04.2012	-99	-99	85	81	-99	-99
25.04.2012	-99	-99	81	81	-99	-99
26.04.2012	-99	-99	82	81	-99	-99
27.04.2012	-99	-99	83	78	-99	-99
28.04.2012	-99	-99	93	78	-99	-99
29.04.2012	-99	-99	68	62	-99	-99
30.04.2012	-99	-99	59	58	-99	-99
01.05.2012	-99	-99	68	65	-99	-99
02.05.2012	-99	-99	71	70	-99	-99
03.05.2012	-99	-99	76	76	-99	-99
04.05.2012	-99	-99	68	71	-99	-99
05.05.2012	-99	-99	71	64	-99	-99
06.05.2012	-99	-99	76	66	-99	-99
07.05.2012	-99	-99	80	68	-99	-99
08.05.2012	-99	-99	66	64	-99	-99
09.05.2012	-99	-99	64	66	-99	-99
10.05.2012	-99	-99	50	51	-99	-99
11.05.2012	-99	-99	82	80	-99	-99
12.05.2012	-99	-99	71	73	-99	-99
13.05.2012	-99	-99	66	61	-99	-99
14.05.2012	-99	-99	81	68	85	-99
15.05.2012	-99	-99	62	56	-99	-99
16.05.2012	-99	-99	68	73	-99	-99
17.05.2012	-99	-99	81	82	98	-99
18.05.2012	-99	-99	77	76	96	-99
19.05.2012	-99	-99	66	72	91	-99
20.05.2012	-99	-99	59	73	83	-99
21.05.2012	-99	-99	51	64	55	-99
22.05.2012	-99	-99	54	68	-99	-99
23.05.2012	-99	-99	56	71	-99	-99
24.05.2012	-99	-99	55	71	-99	-99
25.05.2012	-99	-99	71	71	-99	-99
26.05.2012	-99	-99	53	65	-99	-99
27.05.2012	-99	-99	44	57	-99	-99
28.05.2012	-99	-99	61	66	-99	-99
29.05.2012	-99	-99	51	62	-99	-99
30.05.2012	-99	-99	56	63	-99	-99
31.05.2012	-99	-99	62	71	-99	-99
01.06.2012	-99	-99	64	68	-99	-99
02.06.2012	-99	-99	63	70	-99	-99
03.06.2012	-99	-99	82	82	-99	-99
04.06.2012	-99	-99	82	71	-99	-99
05.06.2012	-99	-99	79	72	-99	-99
06.06.2012	-99	-99	68	76	-99	-99
07.06.2012	-99	-99	56	66	-99	-99
08.06.2012	-99	-99	53	59	-99	-99
09.06.2012	-99	-99	55	63	-99	-99
10.06.2012	-99	-99	70	78	-99	-99
11.06.2012	-99	-99	67	81	-99	-99
12.06.2012	-99	-99	60	82	-99	-99
13.06.2012	-99	-99	72	85	-99	-99
14.06.2012	-99	-99	63	74	-99	-99
15.06.2012	-99	-99	59	59	-99	-99
16.06.2012	-99	-99	56	63	-99	-99
17.06.2012	-99	-99	74	68	-99	-99
18.06.2012	-99	-99	89	78	-99	-99
19.06.2012	-99	-99	71	73	-99	-99
20.06.2012	-99	-99	79	70	-99	-99
21.06.2012	-99	-99	55	60	-99	-99
22.06.2012	-99	-99	46	53	-99	-99
23.06.2012	-99	-99	49	62	-99	-99
24.06.2012	-99	-99	53	64	-99	-99
25.06.2012	-99	-99	69	73	-99	-99
26.06.2012	-99	-99	81	80	-99	-99
27.06.2012	-99	-99	55	64	-99	-99
28.06.2012	-99	-99	56	59	-99	-99
29.06.2012	-99	-99	77	78	-99	-99
30.06.2012	-99	-99	92	71	-99	-99
01.07.2012	-99	-99	85	68	-99	-99
02.07.2012	-99	-99	67	63	-99	-99
03.07.2012	-99	-99	59	58	-99	-99
04.07.2012	-99	-99	61	72	66	-99
05.07.2012	-99	-99	69	70	64	-99
06.07.2012	-99	-99	60	68	62	-99
07.07.2012	-99	-99	78	81	78	-99
08.07.2012	-99	-99	94	87	99	-99
09.07.2012	-99	-99	72	80	100	-99
10.07.2012	-99	-99	76	80	100	-99
11.07.2012	-99	-99	83	86	98	-99
12.07.2012	-99	-99	86	80	131	-99
13.07.2012	-99	-99	86	81	158	-99
14.07.2012	-99	-99	84	75	122	-99
15.07.2012	-99	-99	69	72	93	-99
16.07.2012	-99	-99	77	75	88	-99
17.07.2012	-99	-99	92	76	94	-99
18.07.2012	-99	-99	75	70	85	-99
19.07.2012	-99	-99	72	78	92	-99
20.07.2012	-99	-99	65	76	91	-99
21.07.2012	-99	-99	89	77	91	-99
22.07.2012	-99	-99	94	79	92	-99
23.07.2012	-99	-99	85	75	87	-99
24.07.2012	-99	-99	64	65	72	-99
25.07.2012	-99	-99	74	71	80	-99
26.07.2012	-99	-99	82	72	90	-99
27.07.2012	-99	-99	82	72	86	-99
28.07.2012	-99	-99	90	79	85	-99
29.07.2012	-99	-99	72	68	72	-99
30.07.2012	-99	-99	74	78	87	-99
31.07.2012	-99	-99	85	81	98	-99
01.08.2012	-99	-99	85	76	87	-99
02.08.2012	-99	-99	86	82	77	-99
03.08.2012	-99	-99	82	81	87	-99
04.08.2012	-99	-99	83	85	94	-99
05.08.2012	-99	-99	74	76	85	-99
06.08.2012	-99	-99	70	69	82	-99
07.08.2012	-99	-99	83	81	99	-99
08.08.2012	-99	-99	86	77	95	-99
09.08.2012	-99	-99	92	83	94	-99
10.08.2012	-99	-99	84	80	87	-99
11.08.2012	-99	-99	75	71	73	-99
12.08.2012	-99	-99	75	69	71	-99
13.08.2012	-99	-99	82	74	78	-99
14.08.2012	-99	-99	80	83	-99	-99
15.08.2012	-99	-99	78	71	83	-99
16.08.2012	-99	-99	62	70	56	-99
17.08.2012	-99	-99	78	73	83	-99
18.08.2012	-99	-99	87	83	72	-99
19.08.2012	-99	-99	86	80	90	-99
20.08.2012	-99	-99	86	79	81	-99
21.08.2012	-99	-99	94	83	96	-99
22.08.2012	-99	-99	91	84	90	-99
23.08.2012	-99	-99	87	82	99	-99
24.08.2012	-99	-99	82	75	88	-99
25.08.2012	-99	-99	93	83	79	-99
26.08.2012	-99	-99	82	80	93	-99
27.08.2012	-99	-99	69	57	65	-99
28.08.2012	-99	-99	72	73	64	-99
29.08.2012	-99	-99	59	63	60	-99
30.08.2012	-99	-99	67	72	73	-99
31.08.2012	-99	-99	83	76	88	-99
01.09.2012	-99	-99	81	79	69	-99
02.09.2012	-99	-99	92	82	93	-99
03.09.2012	-99	-99	85	77	88	-99
04.09.2012	-99	-99	77	71	87	-99
05.09.2012	-99	-99	92	84	98	-99
06.09.2012	-99	-99	89	76	88	-99
07.09.2012	-99	-99	94	78	92	-99
08.09.2012	-99	-99	90	83	86	-99
09.09.2012	-99	-99	79	81	68	-99
10.09.2012	-99	-99	72	71	64	-99
11.09.2012	-99	-99	94	77	92	-99
12.09.2012	-99	-99	87	74	87	-99
13.09.2012	-99	-99	75	70	84	-99
14.09.2012	-99	-99	88	76	89	-99
15.09.2012	-99	-99	95	81	96	-99
16.09.2012	-99	-99	91	76	88	-99
17.09.2012	-99	-99	95	80	87	-99
18.09.2012	-99	-99	96	84	91	-99
19.09.2012	-99	-99	94	80	93	-99
20.09.2012	-99	-99	86	78	88	-99
21.09.2012	-99	-99	83	79	86	-99
22.09.2012	-99	-99	84	77	84	-99
23.09.2012	-99	-99	83	73	66	-99
24.09.2012	-99	-99	71	72	56	-99
25.09.2012	-99	-99	51	68	60	-99
26.09.2012	-99	-99	73	83	70	-99
27.09.2012	-99	-99	96	83	90	-99
28.09.2012	-99	-99	92	80	73	-99
29.09.2012	-99	-99	90	86	80	-99
30.09.2012	-99	-99	86	76	78	-99
01.10.2012	-99	-99	87	71	75	-99
02.10.2012	-99	-99	81	69	72	-99
03.10.2012	-99	-99	83	77	68	-99
04.10.2012	-99	-99	60	66	65	-99
05.10.2012	-99	-99	67	72	72	-99
06.10.2012	-99	-99	81	81	79	-99
07.10.2012	-99	-99	97	87	95	-99
08.10.2012	-99	-99	97	88	98	-99
09.10.2012	-99	-99	90	77	90	-99
10.10.2012	-99	-99	94	83	93	-99
11.10.2012	-99	-99	92	79	76	-99
12.10.2012	-99	-99	75	75	57	-99
13.10.2012	-99	-99	60	68	64	-99
14.10.2012	-99	-99	63	71	65	-99
15.10.2012	-99	-99	52	71	64	-99
16.10.2012	-99	-99	64	77	69	-99
17.10.2012	-99	-99	71	81	73	-99
18.10.2012	-99	-99	87	81	80	-99
19.10.2012	-99	-99	94	85	91	-99
20.10.2012	-99	-99	90	88	73	-99
21.10.2012	-99	-99	92	88	83	-99
22.10.2012	-99	-99	95	91	90	-99
23.10.2012	-99	-99	95	88	89	-99
24.10.2012	-99	-99	91	78	99	-99
25.10.2012	-99	-99	92	84	97	-99
26.10.2012	-99	-99	89	84	97	-99
27.10.2012	-99	-99	93	81	98	-99
28.10.2012	-99	-99	93	-99	89	-99
29.10.2012	-99	-99	91	88	-99	-99
30.10.2012	-99	-99	90	83	66	-99
31.10.2012	-99	-99	68	-99	69	-99
01.11.2012	-99	-99	51	-99	60	-99
02.11.2012	-99	-99	73	-99	72	-99
03.11.2012	-99	-99	67	-99	64	-99
04.11.2012	-99	-99	87	-99	77	-99
05.11.2012	-99	-99	83	-99	76	-99
06.11.2012	-99	-99	88	-99	94	-99
07.11.2012	-99	-99	94	-99	98	-99
08.11.2012	-99	-99	95	-99	93	-99
09.11.2012	-99	-99	90	-99	72	-99
10.11.2012	-99	-99	93	-99	81	-99
11.11.2012	-99	-99	94	-99	85	-99
12.11.2012	-99	-99	95	-99	97	-99
13.11.2012	-99	-99	96	-99	79	-99
14.11.2012	-99	-99	90	-99	91	-99
15.11.2012	-99	-99	89	-99	91	-99
16.11.2012	-99	-99	85	-99	84	-99
17.11.2012	-99	-99	79	-99	80	-99
18.11.2012	-99	-99	94	-99	97	-99
19.11.2012	-99	-99	95	-99	99	-99
20.11.2012	-99	-99	72	-99	71	-99
21.11.2012	-99	-99	69	70	70	-99
22.11.2012	-99	-99	94	83	79	-99
23.11.2012	-99	-99	70	71	70	-99
24.11.2012	-99	-99	87	78	71	-99
25.11.2012	-99	-99	69	86	52	-99
26.11.2012	-99	-99	56	77	-99	-99
27.11.2012	-99	-99	68	78	70	-99
28.11.2012	-99	-99	78	85	67	-99
29.11.2012	-99	-99	79	87	76	-99
30.11.2012	-99	-99	64	83	73	-99
01.12.2012	-99	-99	42	74	64	-99
02.12.2012	-99	-99	73	74	84	-99
03.12.2012	-99	-99	69	74	63	-99
04.12.2012	-99	-99	73	75	85	-99
05.12.2012	-99	-99	69	77	-99	-99
06.12.2012	-99	-99	89	75	66	-99
07.12.2012	-99	-99	82	71	48	-99
08.12.2012	-99	-99	80	74	37	-99
09.12.2012	-99	-99	62	78	72	-99
10.12.2012	-99	-99	79	81	88	-99
11.12.2012	-99	-99	90	84	-99	-99
12.12.2012	-99	-99	92	79	73	-99
13.12.2012	-99	-99	91	83	63	-99
14.12.2012	-99	-99	67	80	57	-99
15.12.2012	-99	-99	41	72	57	-99
16.12.2012	-99	-99	50	80	66	-99
17.12.2012	-99	-99	60	84	65	-99
18.12.2012	-99	-99	72	85	51	-99
19.12.2012	-99	-99	74	85	64	-99
20.12.2012	-99	-99	84	80	63	-99
21.12.2012	-99	-99	85	81	61	-99
22.12.2012	-99	-99	44	79	60	-99
23.12.2012	-99	-99	37	73	56	-99
24.12.2012	-99	-99	51	77	-99	-99
25.12.2012	-99	-99	89	83	90	-99
26.12.2012	-99	-99	94	84	90	-99
27.12.2012	-99	-99	91	79	94	-99
28.12.2012	-99	-99	89	76	86	-99
29.12.2012	-99	-99	83	83	87	-99
30.12.2012	-99	-99	77	73	76	-99
31.12.2012	-99	-99	93	84	86	-99
01.01.2013	-99	-99	86	83	93	-99
02.01.2013	-99	-99	95	78	93	-99
03.01.2013	-99	-99	93	86	99	-99
04.01.2013	-99	-99	95	85	98	-99
05.01.2013	-99	-99	96	87	88	-99
06.01.2013	-99	-99	96	88	89	-99
07.01.2013	-99	-99	96	88	75	-99
08.01.2013	-99	-99	96	84	76	-99
09.01.2013	-99	-99	97	83	83	-99
10.01.2013	-99	-99	95	81	-99	-99
11.01.2013	-99	-99	86	75	42	-99
12.01.2013	-99	-99	85	74	44	-99
13.01.2013	-99	-99	88	73	38	-99
14.01.2013	-99	-99	77	73	58	-99
15.01.2013	-99	-99	83	75	72	-99
16.01.2013	-99	-99	70	77	64	-99
17.01.2013	-99	-99	66	75	52	-99
18.01.2013	-99	-99	77	72	50	-99
19.01.2013	-99	-99	79	76	39	-99
20.01.2013	-99	-99	76	79	67	-99
21.01.2013	-99	-99	61	76	48	-99
22.01.2013	-99	-99	72	72	22	-99
23.01.2013	-99	-99	79	71	34	-99
24.01.2013	-99	-99	80	74	64	-99
25.01.2013	-99	-99	67	78	76	-99
26.01.2013	-99	-99	65	80	71	-99
27.01.2013	-99	-99	54	77	68	-99
28.01.2013	-99	-99	79	74	79	-99
29.01.2013	-99	-99	67	75	66	-99
30.01.2013	-99	-99	85	78	85	-99
31.01.2013	-99	-99	92	77	96	-99
01.02.2013	-99	-99	94	75	96	-99
02.02.2013	-99	-99	94	82	97	-99
03.02.2013	-99	-99	87	78	77	-99
04.02.2013	-99	-99	92	82	88	-99
05.02.2013	-99	-99	95	82	84	-99
06.02.2013	-99	-99	93	75	88	-99
07.02.2013	-99	-99	91	77	68	-99
08.02.2013	-99	-99	89	75	69	-99
09.02.2013	-99	-99	86	77	67	-99
10.02.2013	-99	-99	79	75	55	-99
11.02.2013	-99	-99	85	79	70	-99
12.02.2013	-99	-99	88	79	-99	-99
13.02.2013	-99	-99	86	79	69	-99
14.02.2013	-99	-99	54	69	57	-99
15.02.2013	-99	-99	52	70	65	-99
16.02.2013	-99	-99	77	76	86	-99
17.02.2013	-99	-99	93	85	97	-99
18.02.2013	-99	-99	95	87	99	-99
19.02.2013	-99	-99	83	79	82	-99
20.02.2013	-99	-99	71	84	75	-99
21.02.2013	-99	-99	69	81	82	-99
22.02.2013	-99	-99	75	79	86	-99
23.02.2013	-99	-99	79	79	65	-99
24.02.2013	-99	-99	79	75	76	-99
25.02.2013	-99	-99	76	73	54	-99
26.02.2013	-99	-99	65	60	37	-99
27.02.2013	-99	-99	71	65	60	-99
28.02.2013	-99	-99	89	80	97	-99
01.03.2013	-99	-99	91	80	97	-99
02.03.2013	-99	-99	89	86	98	-99
03.03.2013	-99	-99	86	80	97	-99
04.03.2013	-99	-99	87	77	99	-99
05.03.2013	-99	-99	72	72	91	-99
06.03.2013	-99	-99	77	70	89	-99
07.03.2013	-99	-99	57	67	62	-99
08.03.2013	-99	-99	55	68	49	-99
09.03.2013	-99	-99	53	69	56	-99
10.03.2013	-99	-99	50	66	60	-99
11.03.2013	-99	-99	67	70	81	-99
12.03.2013	-99	-99	84	70	92	-99
13.03.2013	-99	-99	66	66	70	-99
14.03.2013	-99	-99	75	71	81	-99
15.03.2013	-99	-99	52	66	55	-99
16.03.2013	-99	-99	56	71	69	-99
17.03.2013	-99	-99	50	70	64	-99
18.03.2013	-99	-99	34	63	52	-99
19.03.2013	-99	-99	31	61	52	-99
20.03.2013	-99	-99	48	63	56	-99
21.03.2013	-99	-99	39	45	35	-99
22.03.2013	-99	-99	43	57	53	-99
23.03.2013	-99	-99	44	60	40	-99
24.03.2013	-99	-99	52	62	53	-99
25.03.2013	-99	-99	56	67	62	-99
26.03.2013	-99	-99	60	68	61	-99
27.03.2013	-99	-99	60	70	79	-99
28.03.2013	-99	-99	66	73	85	-99
29.03.2013	-99	-99	62	68	74	-99
30.03.2013	-99	-99	52	65	51	-99
31.03.2013	-99	-99	72	68	74	-99
01.04.2013	-99	-99	75	70	86	-99
02.04.2013	-99	-99	70	73	96	-99
03.04.2013	-99	-99	61	70	67	-99
04.04.2013	-99	-99	62	67	75	-99
05.04.2013	-99	-99	61	67	79	-99
06.04.2013	-99	-99	78	71	95	-99
07.04.2013	-99	-99	72	69	94	-99
08.04.2013	-99	-99	61	67	82	-99
09.04.2013	-99	-99	53	65	62	-99
10.04.2013	-99	-99	45	57	50	-99
11.04.2013	-99	-99	50	59	54	-99
12.04.2013	-99	-99	54	64	60	-99
13.04.2013	-99	-99	55	69	64	-99
14.04.2013	-99	-99	76	70	68	-99
15.04.2013	-99	-99	70	62	73	-99
16.04.2013	-99	-99	59	62	64	-99
17.04.2013	-99	-99	79	72	87	-99
18.04.2013	-99	-99	84	71	84	-99
19.04.2013	-99	-99	83	75	97	-99
20.04.2013	-99	-99	64	62	76	-99
21.04.2013	-99	-99	46	55	59	-99
22.04.2013	-99	-99	64	60	75	-99
23.04.2013	-99	-99	90	82	99	-99
24.04.2013	-99	-99	92	80	99	-99
25.04.2013	-99	-99	85	71	99	-99
26.04.2013	-99	-99	76	72	98	-99
27.04.2013	-99	-99	64	62	90	-99
28.04.2013	-99	-99	65	57	76	-99
29.04.2013	-99	-99	76	64	83	-99
30.04.2013	-99	-99	92	73	97	-99
01.05.2013	-99	-99	81	63	80	-99
02.05.2013	-99	-99	82	76	97	-99
03.05.2013	-99	-99	92	79	97	-99
04.05.2013	-99	-99	82	73	90	-99
05.05.2013	-99	-99	71	63	80	-99
06.05.2013	-99	-99	86	65	87	-99
07.05.2013	-99	-99	87	72	90	-99
08.05.2013	-99	-99	67	66	60	-99
09.05.2013	-99	-99	82	75	76	-99
10.05.2013	-99	-99	78	75	90	-99
11.05.2013	-99	-99	77	72	79	-99
12.05.2013	-99	-99	67	67	68	-99
13.05.2013	-99	-99	63	64	68	-99
14.05.2013	-99	-99	57	52	57	-99
15.05.2013	-99	-99	54	67	64	-99
16.05.2013	-99	-99	60	68	55	-99
17.05.2013	-99	-99	51	69	63	-99
18.05.2013	-99	-99	54	75	63	-99
19.05.2013	-99	-99	49	67	53	-99
20.05.2013	-99	-99	51	65	52	-99
21.05.2013	-99	-99	84	69	80	-99
22.05.2013	-99	-99	91	87	100	-99
23.05.2013	-99	-99	74	75	86	-99
24.05.2013	-99	-99	81	79	94	-99
25.05.2013	-99	-99	73	65	91	-99
26.05.2013	-99	-99	81	58	78	-99
27.05.2013	-99	-99	63	58	56	-99
28.05.2013	-99	-99	52	61	56	-99
29.05.2013	-99	-99	46	57	51	-99
30.05.2013	-99	-99	54	66	55	-99
31.05.2013	-99	-99	64	70	63	-99
01.06.2013	-99	-99	94	77	98	-99
02.06.2013	-99	-99	94	84	99	-99
03.06.2013	-99	-99	76	76	96	-99
04.06.2013	-99	-99	65	69	84	-99
05.06.2013	-99	-99	55	68	72	-99
06.06.2013	-99	-99	70	65	74	-99
07.06.2013	-99	-99	86	71	86	-99
08.06.2013	-99	-99	87	78	98	-99
09.06.2013	-99	-99	87	81	99	-99
10.06.2013	-99	-99	66	68	90	-99
11.06.2013	-99	-99	58	58	76	-99
12.06.2013	-99	-99	74	55	76	-99
13.06.2013	-99	-99	71	73	74	-99
14.06.2013	-99	-99	83	74	89	-99
15.06.2013	-99	-99	55	54	65	-99
16.06.2013	-99	-99	62	71	75	-99
17.06.2013	-99	-99	82	70	96	-99
18.06.2013	-99	-99	66	60	69	-99
19.06.2013	-99	-99	58	53	61	-99
20.06.2013	-99	-99	68	61	79	-99
21.06.2013	-99	-99	89	72	78	-99
22.06.2013	-99	-99	94	84	99	-99
23.06.2013	-99	-99	80	70	89	-99
24.06.2013	-99	-99	87	74	94	-99
25.06.2013	-99	-99	93	75	96	-99
26.06.2013	-99	-99	74	72	93	-99
27.06.2013	-99	-99	65	69	80	-99
28.06.2013	-99	-99	77	63	72	-99
29.06.2013	-99	-99	89	75	90	-99
30.06.2013	-99	-99	66	61	72	-99
01.07.2013	-99	-99	80	67	68	-99
02.07.2013	-99	-99	76	69	-99	-99
03.07.2013	-99	-99	78	65	-99	-99
04.07.2013	-99	-99	69	68	-99	-99
05.07.2013	-99	-99	80	71	88	-99
06.07.2013	-99	-99	59	60	67	-99
07.07.2013	-99	-99	58	54	71	-99
08.07.2013	-99	-99	64	56	72	-99
09.07.2013	-99	-99	85	78	92	-99
10.07.2013	-99	-99	73	65	93	-99
11.07.2013	-99	-99	75	60	94	-99
12.07.2013	-99	-99	80	62	74	-99
13.07.2013	-99	-99	83	76	90	-99
14.07.2013	-99	-99	90	76	92	-99
15.07.2013	-99	-99	89	75	95	-99
16.07.2013	-99	-99	94	86	97	-99
17.07.2013	-99	-99	94	80	95	-99
18.07.2013	-99	-99	93	77	94	-99
19.07.2013	-99	-99	83	72	94	-99
20.07.2013	-99	-99	81	69	92	-99
21.07.2013	-99	-99	80	73	99	-99
22.07.2013	-99	-99	65	57	68	-99
23.07.2013	-99	-99	63	59	59	-99
24.07.2013	-99	-99	61	65	66	-99
25.07.2013	-99	-99	59	69	63	-99
26.07.2013	-99	-99	74	65	68	-99
27.07.2013	-99	-99	81	71	-99	-99
28.07.2013	-99	-99	69	75	-99	-99
29.07.2013	-99	-99	66	63	-99	-99
30.07.2013	-99	-99	88	70	-99	-99
31.07.2013	-99	-99	92	80	95	-99
01.08.2013	-99	-99	84	70	84	-99
02.08.2013	-99	-99	90	75	67	-99
03.08.2013	-99	-99	77	67	64	-99
04.08.2013	-99	-99	71	63	66	-99
05.08.2013	-99	-99	80	66	69	-99
06.08.2013	-99	-99	92	73	75	-99
07.08.2013	-99	-99	80	70	93	-99
08.08.2013	-99	-99	79	80	98	-99
09.08.2013	-99	-99	89	79	95	-99
10.08.2013	-99	-99	76	81	88	-99
11.08.2013	-99	-99	90	85	98	-99
12.08.2013	-99	-99	94	84	99	-99
13.08.2013	-99	-99	80	81	98	-99
14.08.2013	-99	-99	73	70	91	-99
15.08.2013	-99	-99	65	62	55	-99
16.08.2013	-99	-99	92	79	74	-99
17.08.2013	-99	-99	76	64	71	-99
18.08.2013	-99	-99	81	71	73	-99
19.08.2013	-99	-99	88	71	89	-99
20.08.2013	-99	-99	84	77	90	-99
21.08.2013	-99	-99	90	81	97	-99
22.08.2013	-99	-99	80	69	90	-99
23.08.2013	-99	-99	69	70	50	-99
24.08.2013	-99	-99	61	66	54	-99
25.08.2013	-99	-99	63	67	59	-99
26.08.2013	-99	-99	62	66	63	-99
27.08.2013	-99	-99	63	66	68	-99
28.08.2013	-99	-99	79	68	81	-99
29.08.2013	-99	-99	80	73	84	-99
30.08.2013	-99	-99	71	64	56	-99
31.08.2013	-99	-99	82	69	80	-99
01.09.2013	-99	-99	93	80	83	-99
02.09.2013	-99	-99	82	69	86	-99
03.09.2013	-99	-99	79	69	84	-99
04.09.2013	-99	-99	67	63	63	-99
05.09.2013	-99	-99	57	55	50	-99
06.09.2013	-99	-99	92	71	72	-99
07.09.2013	-99	-99	96	75	70	-99
08.09.2013	-99	-99	71	68	52	-99
09.09.2013	-99	-99	65	58	40	-99
10.09.2013	-99	-99	85	68	66	-99
11.09.2013	-99	-99	86	77	91	-99
12.09.2013	-99	-99	82	70	71	-99
13.09.2013	-99	-99	84	69	86	-99
14.09.2013	-99	-99	96	76	95	-99
15.09.2013	-99	-99	82	72	72	-99
16.09.2013	-99	-99	89	81	83	-99
17.09.2013	-99	-99	63	72	58	-99
18.09.2013	-99	-99	67	65	60	-99
19.09.2013	-99	-99	76	68	63	-99
20.09.2013	-99	-99	70	70	71	-99
21.09.2013	-99	-99	79	73	80	-99
22.09.2013	-99	-99	91	77	96	-99
23.09.2013	-99	-99	89	77	94	-99
24.09.2013	-99	-99	82	77	96	-99
25.09.2013	-99	-99	81	73	86	-99
26.09.2013	-99	-99	81	68	78	-99
27.09.2013	-99	-99	81	72	73	-99
28.09.2013	-99	-99	73	70	52	-99
29.09.2013	-99	-99	77	75	68	-99
30.09.2013	-99	-99	81	79	74	-99
01.10.2013	-99	-99	86	75	66	-99
02.10.2013	-99	-99	82	90	51	-99
03.10.2013	-99	-99	69	71	44	-99
04.10.2013	-99	-99	58	72	51	-99
05.10.2013	-99	-99	92	82	90	-99
06.10.2013	-99	-99	86	79	89	-99
07.10.2013	-99	-99	96	85	95	-99
08.10.2013	-99	-99	96	88	94	-99
09.10.2013	-99	-99	95	80	96	-99
10.10.2013	-99	-99	78	72	80	-99
11.10.2013	-99	-99	87	68	61	-99
12.10.2013	-99	-99	85	69	41	-99
13.10.2013	-99	-99	80	74	45	-99
14.10.2013	-99	-99	83	80	57	-99
15.10.2013	-99	-99	93	81	91	-99
16.10.2013	-99	-99	83	80	99	-99
17.10.2013	-99	-99	87	74	99	-99
18.10.2013	-99	-99	95	77	99	-99
19.10.2013	-99	-99	94	69	97	-99
20.10.2013	-99	-99	70	70	60	-99
21.10.2013	-99	-99	64	71	65	-99
22.10.2013	-99	-99	80	84	77	-99
23.10.2013	-99	-99	93	89	77	-99
24.10.2013	-99	-99	90	77	85	-99
25.10.2013	-99	-99	91	-99	78	-99
26.10.2013	-99	-99	92	84	81	-99
27.10.2013	-99	-99	86	80	66	-99
28.10.2013	-99	-99	94	88	83	-99
29.10.2013	-99	-99	96	88	97	-99
30.10.2013	-99	-99	96	78	87	-99
31.10.2013	-99	-99	81	76	73	-99
01.11.2013	-99	-99	79	72	77	-99
02.11.2013	-99	-99	92	74	84	-99
03.11.2013	-99	-99	57	75	61	-99
04.11.2013	-99	-99	86	81	77	-99
05.11.2013	-99	-99	96	84	96	-99
06.11.2013	-99	-99	96	85	73	-99
07.11.2013	-99	-99	82	89	74	-99
08.11.2013	-99	-99	94	89	82	-99
09.11.2013	-99	-99	95	87	85	-99
10.11.2013	-99	-99	97	79	98	-99
11.11.2013	-99	-99	79	70	64	-99
12.11.2013	-99	-99	91	84	98	-99
13.11.2013	-99	-99	96	83	99	-99
14.11.2013	-99	-99	87	78	92	-99
15.11.2013	-99	-99	93	84	97	-99
16.11.2013	-99	-99	88	77	95	-99
17.11.2013	-99	-99	88	80	91	-99
18.11.2013	-99	-99	85	77	91	-99
19.11.2013	-99	-99	96	82	96	-99
20.11.2013	-99	-99	80	76	57	-99
21.11.2013	-99	-99	80	82	73	-99
22.11.2013	-99	-99	83	82	85	-99
23.11.2013	-99	-99	92	82	97	-99
24.11.2013	-99	-99	95	82	96	-99
25.11.2013	-99	-99	95	79	97	-99
26.11.2013	-99	-99	94	84	97	-99
27.11.2013	-99	-99	90	80	96	-99
28.11.2013	-99	-99	89	85	98	-99
29.11.2013	-99	-99	95	83	90	-99
30.11.2013	-99	-99	95	82	98	-99
01.12.2013	-99	-99	86	87	98	-99
02.12.2013	-99	-99	89	77	96	-99
03.12.2013	-99	-99	93	79	98	-99
04.12.2013	-99	-99	96	85	97	-99
05.12.2013	-99	-99	91	81	95	-99
06.12.2013	-99	-99	93	84	95	-99
07.12.2013	-99	-99	91	79	94	-99
08.12.2013	-99	-99	91	83	95	-99
09.12.2013	-99	-99	95	85	96	-99
10.12.2013	-99	-99	80	85	81	-99
11.12.2013	-99	-99	81	81	85	-99
12.12.2013	-99	-99	74	68	83	-99
13.12.2013	-99	-99	96	77	78	-99
14.12.2013	-99	-99	79	82	76	-99
15.12.2013	-99	-99	79	73	68	-99
16.12.2013	-99	-99	85	79	88	-99
17.12.2013	-99	-99	94	89	99	-99
18.12.2013	-99	-99	58	69	85	-99
19.12.2013	-99	-99	59	74	70	-99
20.12.2013	-99	-99	80	70	73	-99
21.12.2013	-99	-99	82	77	90	-99
22.12.2013	-99	-99	95	82	94	-99
23.12.2013	-99	-99	93	81	87	-99
24.12.2013	-99	-99	65	74	71	-99
25.12.2013	-99	-99	53	65	57	-99
26.12.2013	-99	-99	79	72	86	-99
27.12.2013	-99	-99	56	72	60	-99
28.12.2013	-99	-99	63	69	69	-99
29.12.2013	-99	-99	95	79	98	-99
30.12.2013	-99	-99	94	79	76	-99
31.12.2013	-99	-99	81	79	77	-99
01.01.2014	-99	-99	63	74	63	-99
02.01.2014	-99	-99	49	76	63	-99
03.01.2014	-99	-99	52	82	66	-99
04.01.2014	-99	-99	56	69	62	-99
05.01.2014	-99	-99	59	70	63	-99
06.01.2014	-99	-99	51	72	62	-99
07.01.2014	-99	-99	65	74	66	-99
08.01.2014	-99	-99	79	79	75	-99
09.01.2014	-99	-99	96	90	83	-99
10.01.2014	-99	-99	96	81	96	-99
11.01.2014	-99	-99	89	79	90	-99
12.01.2014	-99	-99	92	75	93	-99
13.01.2014	-99	-99	74	75	72	-99
14.01.2014	-99	-99	62	78	78	-99
15.01.2014	-99	-99	76	78	72	-99
16.01.2014	-99	-99	45	75	65	-99
17.01.2014	-99	-99	40	72	59	-99
18.01.2014	-99	-99	38	72	62	-99
19.01.2014	-99	-99	39	73	63	-99
20.01.2014	-99	-99	26	73	39	-99
21.01.2014	-99	-99	33	78	29	-99
22.01.2014	-99	-99	22	75	24	-99
23.01.2014	-99	-99	35	70	50	-99
24.01.2014	-99	-99	25	67	34	-99
25.01.2014	-99	-99	39	59	55	-99
26.01.2014	-99	-99	32	64	47	-99
27.01.2014	-99	-99	36	67	55	-99
28.01.2014	-99	-99	36	67	56	-99
29.01.2014	-99	-99	26	63	44	-99
30.01.2014	-99	-99	43	75	59	-99
31.01.2014	-99	-99	45	75	64	-99
01.02.2014	-99	-99	41	76	62	-99
02.02.2014	-99	-99	48	67	58	-99
03.02.2014	-99	-99	70	67	69	-99
04.02.2014	-99	-99	50	74	59	-99
05.02.2014	-99	-99	49	79	60	-99
06.02.2014	-99	-99	47	79	61	-99
07.02.2014	-99	-99	54	81	66	-99
08.02.2014	-99	-99	69	81	74	-99
09.02.2014	-99	-99	46	68	59	-99
10.02.2014	-99	-99	58	67	67	-99
11.02.2014	-99	-99	52	67	61	-99
12.02.2014	-99	-99	49	67	59	-99
13.02.2014	-99	-99	43	66	57	-99
14.02.2014	-99	-99	51	65	59	-99
15.02.2014	-99	-99	52	75	64	-99
16.02.2014	-99	-99	89	81	92	-99
17.02.2014	-99	-99	95	80	98	-99
18.02.2014	-99	-99	91	78	84	-99
19.02.2014	-99	-99	84	74	59	-99
20.02.2014	-99	-99	71	75	61	-99
21.02.2014	-99	-99	54	76	67	-99
22.02.2014	-99	-99	62	67	71	-99
23.02.2014	-99	-99	76	67	83	-99
24.02.2014	-99	-99	78	68	82	-99
25.02.2014	-99	-99	68	66	70	-99
26.02.2014	-99	-99	48	75	63	-99
27.02.2014	-99	-99	54	67	62	-99
28.02.2014	-99	-99	50	66	58	-99
01.03.2014	-99	-99	61	72	61	-99
02.03.2014	-99	-99	56	75	65	-99
03.03.2014	-99	-99	49	73	59	-99
04.03.2014	-99	-99	46	71	56	-99
05.03.2014	-99	-99	52	61	62	-99
06.03.2014	-99	-99	72	66	82	-99
07.03.2014	-99	-99	91	80	90	-99
08.03.2014	-99	-99	83	75	96	-99
09.03.2014	-99	-99	81	74	92	-99
10.03.2014	-99	-99	86	79	97	-99
11.03.2014	-99	-99	69	65	81	-99
12.03.2014	-99	-99	67	71	68	-99
13.03.2014	-99	-99	71	77	74	-99
14.03.2014	-99	-99	92	79	96	-99
15.03.2014	-99	-99	93	81	96	-99
16.03.2014	-99	-99	92	82	97	-99
17.03.2014	-99	-99	86	82	96	-99
18.03.2014	-99	-99	81	73	97	-99
19.03.2014	-99	-99	90	80	97	-99
20.03.2014	-99	-99	91	78	96	-99
21.03.2014	-99	-99	88	75	98	-99
22.03.2014	-99	-99	75	69	88	-99
23.03.2014	-99	-99	88	71	85	-99
24.03.2014	-99	-99	65	57	72	-99
25.03.2014	-99	-99	54	62	47	-99
26.03.2014	-99	-99	52	51	36	-99
27.03.2014	-99	-99	71	65	66	-99
28.03.2014	-99	-99	69	61	58	-99
29.03.2014	-99	-99	74	74	65	-99
30.03.2014	-99	-99	73	76	83	-99
31.03.2014	-99	-99	74	68	85	-99
01.04.2014	-99	-99	64	70	70	-99
02.04.2014	-99	-99	66	73	72	-99
03.04.2014	-99	-99	67	70	78	-99
04.04.2014	-99	-99	59	64	52	-99
05.04.2014	-99	-99	62	66	49	-99
06.04.2014	-99	-99	82	77	83	-99
07.04.2014	-99	-99	77	74	75	-99
08.04.2014	-99	-99	80	79	72	-99
09.04.2014	-99	-99	69	75	77	-99
10.04.2014	-99	-99	78	73	88	-99
11.04.2014	-99	-99	87	78	97	-99
12.04.2014	-99	-99	81	70	91	-99
13.04.2014	-99	-99	92	82	99	-99
14.04.2014	-99	-99	86	79	98	-99
15.04.2014	-99	-99	75	70	98	-99
16.04.2014	-99	-99	63	67	78	-99
17.04.2014	-99	-99	85	70	92	-99
18.04.2014	-99	-99	59	60	67	-99
19.04.2014	-99	-99	48	59	45	-99
20.04.2014	-99	-99	54	60	48	-99
21.04.2014	-99	-99	50	63	48	-99
22.04.2014	-99	-99	53	61	49	-99
23.04.2014	-99	-99	49	57	49	-99
24.04.2014	-99	-99	50	61	54	-99
25.04.2014	-99	-99	56	68	61	-99
26.04.2014	-99	-99	55	68	54	-99
27.04.2014	-99	-99	54	69	55	-99
28.04.2014	-99	-99	73	78	84	-99
29.04.2014	-99	-99	59	61	77	-99
30.04.2014	-99	-99	59	66	81	-99
01.05.2014	-99	-99	61	68	88	-99
02.05.2014	-99	-99	66	68	91	-99
03.05.2014	-99	-99	72	70	95	-99
04.05.2014	-99	-99	55	63	74	-99
05.05.2014	-99	-99	55	60	59	-99
06.05.2014	-99	-99	83	82	82	-99
07.05.2014	-99	-99	62	75	69	-99
08.05.2014	-99	-99	50	73	69	-99
09.05.2014	-99	-99	76	74	79	-99
10.05.2014	-99	-99	69	70	83	-99
11.05.2014	-99	-99	65	68	67	-99
12.05.2014	-99	-99	69	71	84	-99
13.05.2014	-99	-99	71	76	90	-99
14.05.2014	-99	-99	48	60	64	-99
15.05.2014	-99	-99	85	73	79	-99
16.05.2014	-99	-99	81	72	89	-99
17.05.2014	-99	-99	58	56	67	-99
18.05.2014	-99	-99	47	54	53	-99
19.05.2014	-99	-99	55	59	52	-99
20.05.2014	-99	-99	67	66	70	-99
21.05.2014	-99	-99	74	67	62	-99
22.05.2014	-99	-99	72	70	66	-99
23.05.2014	-99	-99	81	79	70	-99
24.05.2014	-99	-99	70	73	81	-99
25.05.2014	-99	-99	74	75	96	-99
26.05.2014	-99	-99	69	71	90	-99
27.05.2014	-99	-99	59	59	58	-99
28.05.2014	-99	-99	52	57	58	-99
29.05.2014	-99	-99	59	60	65	-99
30.05.2014	-99	-99	72	63	88	-99
31.05.2014	-99	-99	63	68	89	-99
01.06.2014	-99	-99	65	51	68	-99
02.06.2014	-99	-99	57	50	45	-99
03.06.2014	-99	-99	55	51	48	-99
04.06.2014	-99	-99	55	67	63	-99
05.06.2014	-99	-99	59	74	67	-99
06.06.2014	-99	-99	68	67	72	-99
07.06.2014	-99	-99	72	69	90	-99
08.06.2014	-99	-99	74	66	73	-99
09.06.2014	-99	-99	71	67	74	-99
10.06.2014	-99	-99	55	56	52	-99
11.06.2014	-99	-99	81	66	75	-99
12.06.2014	-99	-99	93	77	94	-99
13.06.2014	-99	-99	68	68	87	-99
14.06.2014	-99	-99	60	52	75	-99
15.06.2014	-99	-99	64	70	90	-99
16.06.2014	-99	-99	54	62	77	-99
17.06.2014	-99	-99	81	72	88	-99
18.06.2014	-99	-99	83	73	94	-99
19.06.2014	-99	-99	85	77	96	-99
20.06.2014	-99	-99	67	73	95	-99
21.06.2014	-99	-99	69	70	94	-99
22.06.2014	-99	-99	80	81	98	-99
23.06.2014	-99	-99	70	72	92	-99
24.06.2014	-99	-99	58	61	78	-99
25.06.2014	-99	-99	60	64	80	-99
26.06.2014	-99	-99	59	63	79	-99
27.06.2014	-99	-99	69	65	76	-99
28.06.2014	-99	-99	65	60	67	-99
29.06.2014	-99	-99	71	68	80	-99
30.06.2014	-99	-99	78	64	76	-99
01.07.2014	-99	-99	68	69	80	-99
02.07.2014	-99	-99	68	61	63	-99
03.07.2014	-99	-99	79	69	79	-99
04.07.2014	-99	-99	70	59	57	-99
05.07.2014	-99	-99	48	57	54	-99
06.07.2014	-99	-99	77	80	74	-99
07.07.2014	-99	-99	72	74	72	-99
08.07.2014	-99	-99	72	77	78	-99
09.07.2014	-99	-99	55	61	55	-99
10.07.2014	-99	-99	59	61	55	-99
11.07.2014	-99	-99	50	56	45	-99
12.07.2014	-99	-99	63	66	57	-99
13.07.2014	-99	-99	64	58	57	-99
14.07.2014	-99	-99	75	76	69	-99
15.07.2014	-99	-99	87	79	96	-99
16.07.2014	-99	-99	88	73	90	-99
17.07.2014	-99	-99	91	78	88	-99
18.07.2014	-99	-99	81	76	97	-99
19.07.2014	-99	-99	63	64	65	-99
20.07.2014	-99	-99	50	54	51	-99
21.07.2014	-99	-99	45	59	48	-99
22.07.2014	-99	-99	57	58	52	-99
23.07.2014	-99	-99	65	62	70	-99
24.07.2014	-99	-99	58	61	57	-99
25.07.2014	-99	-99	68	67	58	-99
26.07.2014	-99	-99	63	68	55	-99
27.07.2014	-99	-99	61	66	57	-99
28.07.2014	-99	-99	80	79	82	-99
29.07.2014	-99	-99	75	73	90	-99
30.07.2014	-99	-99	77	67	77	-99
31.07.2014	-99	-99	90	68	87	-99
01.08.2014	-99	-99	88	71	85	-99
02.08.2014	-99	-99	74	64	61	-99
03.08.2014	-99	-99	91	75	64	-99
04.08.2014	-99	-99	89	81	86	-99
05.08.2014	-99	-99	75	72	83	-99
06.08.2014	-99	-99	81	76	97	-99
07.08.2014	-99	-99	77	76	74	-99
08.08.2014	-99	-99	87	79	98	-99
09.08.2014	-99	-99	60	64	54	-99
10.08.2014	-99	-99	54	50	51	-99
11.08.2014	-99	-99	63	65	57	-99
12.08.2014	-99	-99	53	62	52	-99
13.08.2014	-99	-99	76	74	70	-99
14.08.2014	-99	-99	78	79	86	-99
15.08.2014	-99	-99	72	76	87	-99
16.08.2014	-99	-99	76	71	86	-99
17.08.2014	-99	-99	84	77	86	-99
18.08.2014	-99	-99	81	79	89	-99
19.08.2014	-99	-99	95	81	98	-99
20.08.2014	-99	-99	93	79	99	-99
21.08.2014	-99	-99	88	76	97	-99
22.08.2014	-99	-99	81	79	96	-99
23.08.2014	-99	-99	85	80	92	-99
24.08.2014	-99	-99	90	80	90	-99
25.08.2014	-99	-99	84	76	93	-99
26.08.2014	-99	-99	74	76	89	-99
27.08.2014	-99	-99	74	74	91	-99
28.08.2014	-99	-99	75	70	72	-99
29.08.2014	-99	-99	65	62	55	-99
30.08.2014	-99	-99	60	66	58	-99
31.08.2014	-99	-99	51	65	59	-99
01.09.2014	-99	-99	65	70	66	-99
02.09.2014	-99	-99	83	74	84	-99
03.09.2014	-99	-99	72	68	73	-99
04.09.2014	-99	-99	76	68	71	-99
05.09.2014	-99	-99	73	70	66	-99
06.09.2014	-99	-99	84	68	62	-99
07.09.2014	-99	-99	76	74	68	-99
08.09.2014	-99	-99	87	76	76	-99
09.09.2014	-99	-99	87	77	94	-99
10.09.2014	-99	-99	83	69	76	-99
11.09.2014	-99	-99	87	79	81	-99
12.09.2014	-99	-99	84	71	81	-99
13.09.2014	-99	-99	84	76	74	-99
14.09.2014	-99	-99	88	74	92	-99
15.09.2014	-99	-99	82	72	58	-99
16.09.2014	-99	-99	76	71	48	-99
17.09.2014	-99	-99	76	80	58	-99
18.09.2014	-99	-99	80	84	69	-99
19.09.2014	-99	-99	78	75	65	-99
20.09.2014	-99	-99	89	85	84	-99
21.09.2014	-99	-99	89	80	96	-99
22.09.2014	-99	-99	84	71	80	-99
23.09.2014	-99	-99	88	82	77	-99
24.09.2014	-99	-99	92	81	90	-99
25.09.2014	-99	-99	90	80	86	-99
26.09.2014	-99	-99	84	78	88	-99
27.09.2014	-99	-99	92	84	94	-99
28.09.2014	-99	-99	78	70	87	-99
29.09.2014	-99	-99	91	78	86	-99
30.09.2014	-99	-99	84	81	67	-99
01.10.2014	-99	-99	75	77	73	-99
02.10.2014	-99	-99	79	67	67	-99
03.10.2014	-99	-99	60	55	52	-99
04.10.2014	-99	-99	63	58	59	-99
05.10.2014	-99	-99	67	62	62	-99
06.10.2014	-99	-99	42	65	51	-99
07.10.2014	-99	-99	38	65	53	-99
08.10.2014	-99	-99	63	73	62	-99
09.10.2014	-99	-99	85	82	70	-99
10.10.2014	-99	-99	90	82	74	-99
11.10.2014	-99	-99	79	79	66	-99
12.10.2014	-99	-99	91	84	77	-99
13.10.2014	-99	-99	94	89	89	-99
14.10.2014	-99	-99	93	82	84	-99
15.10.2014	-99	-99	88	86	68	-99
16.10.2014	-99	-99	69	78	67	-99
17.10.2014	-99	-99	67	74	61	-99
18.10.2014	-99	-99	86	86	72	-99
19.10.2014	-99	-99	96	88	81	-99
20.10.2014	-99	-99	95	87	90	-99
21.10.2014	-99	-99	69	76	62	-99
22.10.2014	-99	-99	92	81	83	-99
23.10.2014	-99	-99	79	81	78	-99
24.10.2014	-99	-99	94	71	83	-99
25.10.2014	-99	-99	78	64	76	-99
26.10.2014	-99	-99	89	74	90	-99
27.10.2014	-99	-99	87	73	88	-99
28.10.2014	-99	-99	96	81	96	-99
29.10.2014	-99	-99	95	78	97	-99
30.10.2014	-99	-99	95	77	94	-99
31.10.2014	-99	-99	94	83	67	-99
01.11.2014	-99	-99	87	89	75	-99
02.11.2014	-99	-99	87	77	74	-99
03.11.2014	-99	-99	92	82	76	-99
04.11.2014	-99	-99	75	79	73	-99
05.11.2014	-99	-99	69	77	59	-99
06.11.2014	-99	-99	54	82	66	-99
07.11.2014	-99	-99	42	81	49	-99
08.11.2014	-99	-99	48	71	57	-99
09.11.2014	-99	-99	84	76	72	-99
10.11.2014	-99	-99	82	75	67	-99
11.11.2014	-99	-99	84	85	68	-99
12.11.2014	-99	-99	68	89	53	-99
13.11.2014	-99	-99	62	84	66	-99
14.11.2014	-99	-99	55	83	69	-99
15.11.2014	-99	-99	55	84	65	-99
16.11.2014	-99	-99	47	80	51	-99
17.11.2014	-99	-99	60	79	50	-99
18.11.2014	-99	-99	81	85	73	-99
19.11.2014	-99	-99	82	85	77	-99
20.11.2014	-99	-99	83	88	90	-99
21.11.2014	-99	-99	90	89	74	-99
22.11.2014	-99	-99	86	89	64	-99
23.11.2014	-99	-99	88	87	84	-99
24.11.2014	-99	-99	96	87	97	-99
25.11.2014	-99	-99	96	85	92	-99
26.11.2014	-99	-99	95	86	55	-99
27.11.2014	-99	-99	64	82	46	-99
28.11.2014	-99	-99	56	85	60	-99
29.11.2014	-99	-99	66	84	66	-99
30.11.2014	-99	-99	66	83	77	-99
01.12.2014	-99	-99	67	83	55	50
02.12.2014	-99	-99	91	83	95	81
03.12.2014	-99	-99	89	75	94	80
04.12.2014	-99	-99	95	86	79	86
05.12.2014	-99	-99	91	87	85	72
06.12.2014	-99	-99	92	73	90	80
07.12.2014	-99	-99	91	84	96	86
08.12.2014	-99	-99	96	87	98	88
09.12.2014	-99	-99	90	79	94	84
10.12.2014	-99	-99	89	70	90	94
11.12.2014	-99	-99	76	63	75	86
12.12.2014	-99	-99	74	76	64	73
13.12.2014	-99	-99	94	81	96	97
14.12.2014	-99	-99	88	74	82	86
15.12.2014	-99	-99	93	79	97	96
16.12.2014	-99	-99	94	79	97	93
17.12.2014	-99	-99	94	81	75	79
18.12.2014	-99	-99	96	84	95	95
19.12.2014	-99	-99	96	88	98	97
20.12.2014	-99	-99	96	84	97	96
21.12.2014	-99	-99	95	82	98	95
22.12.2014	-99	-99	96	85	98	98
23.12.2014	-99	-99	96	81	98	92
24.12.2014	-99	-99	92	76	93	62
25.12.2014	-99	-99	90	72	88	57
26.12.2014	-99	-99	93	83	95	-99
27.12.2014	-99	-99	92	79	80	66
28.12.2014	-99	-99	93	82	92	94
29.12.2014	-99	-99	95	83	98	100
30.12.2014	-99	-99	96	78	98	95
31.12.2014	-99	-99	84	74	80	80
01.01.2015	-99	-99	88	76	92	87
02.01.2015	-99	-99	88	87	98	99
03.01.2015	-99	-99	94	83	97	98
04.01.2015	-99	-99	95	81	97	96
05.01.2015	-99	-99	95	85	98	93
06.01.2015	-99	-99	92	84	85	83
07.01.2015	-99	-99	81	80	81	79
08.01.2015	-99	-99	92	83	97	95
09.01.2015	-99	-99	95	82	97	65
10.01.2015	-99	-99	93	83	96	87
11.01.2015	-99	-99	94	83	98	97
12.01.2015	-99	-99	88	81	98	95
13.01.2015	-99	-99	87	81	98	94
14.01.2015	-99	-99	94	73	98	96
15.01.2015	-99	-99	73	73	80	75
16.01.2015	-99	-99	75	72	80	82
17.01.2015	-99	-99	90	80	99	98
18.01.2015	-99	-99	95	78	87	88
19.01.2015	-99	-99	78	78	65	62
20.01.2015	-99	-99	58	79	60	53
21.01.2015	-99	-99	60	78	62	53
22.01.2015	-99	-99	81	79	61	58
23.01.2015	-99	-99	68	80	77	76
24.01.2015	-99	-99	90	83	94	95
25.01.2015	-99	-99	94	78	87	86
26.01.2015	-99	-99	93	83	97	97
27.01.2015	-99	-99	95	80	97	95
28.01.2015	-99	-99	92	80	90	89
29.01.2015	-99	-99	96	83	77	81
30.01.2015	-99	-99	81	69	70	78
31.01.2015	-99	-99	67	70	61	61
01.02.2015	-99	-99	84	78	82	70
02.02.2015	-99	-99	93	78	96	95
03.02.2015	-99	-99	93	77	96	95
04.02.2015	-99	-99	93	80	91	90
05.02.2015	-99	-99	88	81	88	93
06.02.2015	-99	-99	83	74	91	90
07.02.2015	-99	-99	79	87	95	87
08.02.2015	-99	-99	92	87	97	97
09.02.2015	-99	-99	96	81	99	100
10.02.2015	-99	-99	95	74	99	96
11.02.2015	-99	-99	70	70	85	83
12.02.2015	-99	-99	88	80	95	92
13.02.2015	-99	-99	94	83	83	80
14.02.2015	-99	-99	86	82	75	79
15.02.2015	-99	-99	52	71	55	51
16.02.2015	-99	-99	46	53	51	51
17.02.2015	-99	-99	84	75	95	91
18.02.2015	-99	-99	94	82	95	91
19.02.2015	-99	-99	89	76	94	90
20.02.2015	-99	-99	89	70	91	89
21.02.2015	-99	-99	78	69	88	88
22.02.2015	-99	-99	84	69	85	86
23.02.2015	-99	-99	59	71	67	70
24.02.2015	-99	-99	52	58	59	61
25.02.2015	-99	-99	77	72	79	83
26.02.2015	-99	-99	74	65	83	84
27.02.2015	-99	-99	70	62	80	83
28.02.2015	-99	-99	63	61	70	81
01.03.2015	-99	-99	62	69	68	73
02.03.2015	-99	-99	80	69	80	82
03.03.2015	-99	-99	68	74	69	73
04.03.2015	-99	-99	79	76	85	87
05.03.2015	-99	-99	92	78	96	93
06.03.2015	-99	-99	80	73	88	83
07.03.2015	-99	-99	86	77	95	88
08.03.2015	-99	-99	83	76	93	93
09.03.2015	-99	-99	74	70	87	84
10.03.2015	-99	-99	80	80	89	92
11.03.2015	-99	-99	65	60	68	59
12.03.2015	-99	-99	68	56	62	63
13.03.2015	-99	-99	43	52	36	43
14.03.2015	-99	-99	60	62	33	40
15.03.2015	-99	-99	55	60	19	30
16.03.2015	-99	-99	61	59	55	56
17.03.2015	-99	-99	64	68	58	59
18.03.2015	-99	-99	71	75	70	74
19.03.2015	-99	-99	86	79	96	95
20.03.2015	-99	-99	85	77	97	90
21.03.2015	-99	-99	38	49	43	48
22.03.2015	-99	-99	82	73	92	84
23.03.2015	-99	-99	83	76	97	91
24.03.2015	-99	-99	75	68	85	79
25.03.2015	-99	-99	56	65	58	52
26.03.2015	-99	-99	58	71	65	58
27.03.2015	-99	-99	64	74	69	69
28.03.2015	-99	-99	53	64	68	71
29.03.2015	-99	-99	69	69	83	88
30.03.2015	-99	-99	80	72	89	83
31.03.2015	-99	-99	74	67	74	71
01.04.2015	-99	-99	83	72	94	96
02.04.2015	-99	-99	88	77	97	95
03.04.2015	-99	-99	82	68	98	92
04.04.2015	-99	-99	65	69	82	71
05.04.2015	-99	-99	84	75	87	92
06.04.2015	-99	-99	81	69	90	89
07.04.2015	-99	-99	90	74	97	98
08.04.2015	-99	-99	64	59	70	73
09.04.2015	-99	-99	74	68	88	87
10.04.2015	-99	-99	59	60	67	65
11.04.2015	-99	-99	65	64	60	68
12.04.2015	-99	-99	92	72	98	93
13.04.2015	-99	-99	75	72	94	90
14.04.2015	-99	-99	84	76	91	88
15.04.2015	-99	-99	90	75	98	95
16.04.2015	-99	-99	88	76	99	97
17.04.2015	-99	-99	75	69	94	86
18.04.2015	-99	-99	83	74	93	90
19.04.2015	-99	-99	71	64	74	79
20.04.2015	-99	-99	61	55	44	55
21.04.2015	-99	-99	77	64	70	79
22.04.2015	-99	-99	78	74	92	91
23.04.2015	-99	-99	72	74	95	93
24.04.2015	-99	-99	73	65	84	80
25.04.2015	-99	-99	89	75	93	94
26.04.2015	-99	-99	86	65	90	91
27.04.2015	-99	-99	53	47	57	65
28.04.2015	-99	-99	57	55	61	69
29.04.2015	-99	-99	63	67	70	69
30.04.2015	-99	-99	70	71	77	83
01.05.2015	-99	-99	64	69	81	79
02.05.2015	-99	-99	56	66	74	71
03.05.2015	-99	-99	51	55	61	58
04.05.2015	-99	-99	60	65	60	60
05.05.2015	-99	-99	63	72	65	64
06.05.2015	-99	-99	45	56	56	56
07.05.2015	-99	-99	60	59	65	68
08.05.2015	-99	-99	73	70	87	86
09.05.2015	-99	-99	53	53	57	64
10.05.2015	-99	-99	65	60	74	74
11.05.2015	-99	-99	88	70	86	82
12.05.2015	-99	-99	77	65	75	77
13.05.2015	-99	-99	78	73	91	85
14.05.2015	-99	-99	62	62	83	75
15.05.2015	-99	-99	48	55	62	58
16.05.2015	-99	-99	81	66	77	80
17.05.2015	-99	-99	69	61	77	77
18.05.2015	-99	-99	53	53	60	56
19.05.2015	-99	-99	47	64	58	57
20.05.2015	-99	-99	90	75	94	93
21.05.2015	-99	-99	74	63	80	76
22.05.2015	-99	-99	87	75	96	94
23.05.2015	-99	-99	78	72	97	95
24.05.2015	-99	-99	86	70	76	81
25.05.2015	-99	-99	81	74	94	89
26.05.2015	-99	-99	75	70	91	89
27.05.2015	-99	-99	78	67	88	86
28.05.2015	-99	-99	67	62	64	69
29.05.2015	-99	-99	66	64	80	77
30.05.2015	-99	-99	68	69	76	75
31.05.2015	-99	-99	91	78	97	98
01.06.2015	-99	-99	88	73	90	90
02.06.2015	-99	-99	73	66	71	68
03.06.2015	-99	-99	90	79	95	97
04.06.2015	-99	-99	87	77	98	92
05.06.2015	-99	-99	62	55	68	68
06.06.2015	-99	-99	69	65	70	68
07.06.2015	-99	-99	89	73	92	90
08.06.2015	-99	-99	71	69	95	87
09.06.2015	-99	-99	68	69	82	80
10.06.2015	-99	-99	85	76	96	94
11.06.2015	-99	-99	77	70	90	89
12.06.2015	-99	-99	75	66	87	89
13.06.2015	-99	-99	74	67	93	93
14.06.2015	-99	-99	68	70	90	91
15.06.2015	-99	-99	76	73	98	98
16.06.2015	-99	-99	62	62	83	80
17.06.2015	-99	-99	84	75	79	82
18.06.2015	-99	-99	83	78	94	93
19.06.2015	-99	-99	69	70	93	91
20.06.2015	-99	-99	67	64	83	83
21.06.2015	-99	-99	56	53	65	71
22.06.2015	-99	-99	60	58	68	79
23.06.2015	-99	-99	77	76	98	99
24.06.2015	-99	-99	73	73	97	92
25.06.2015	-99	-99	78	76	95	93
26.06.2015	-99	-99	69	68	91	90
27.06.2015	-99	-99	61	61	75	78
28.06.2015	-99	-99	73	62	78	82
29.06.2015	-99	-99	87	77	92	92
30.06.2015	-99	-99	82	70	86	87
01.07.2015	-99	-99	77	71	76	73
02.07.2015	-99	-99	51	54	47	44
03.07.2015	-99	-99	76	66	76	82
04.07.2015	-99	-99	64	62	92	92
05.07.2015	-99	-99	58	55	59	62
06.07.2015	-99	-99	89	82	83	84
07.07.2015	-99	-99	87	80	97	99
08.07.2015	-99	-99	82	79	91	85
09.07.2015	-99	-99	69	72	92	85
10.07.2015	-99	-99	74	73	95	91
11.07.2015	-99	-99	70	61	58	60
12.07.2015	-99	-99	80	77	85	88
13.07.2015	-99	-99	93	81	99	99
14.07.2015	-99	-99	88	81	99	99
15.07.2015	-99	-99	93	83	99	99
16.07.2015	-99	-99	85	79	99	96
17.07.2015	-99	-99	70	57	72	73
18.07.2015	-99	-99	92	72	79	81
19.07.2015	-99	-99	88	73	92	93
20.07.2015	-99	-99	88	73	94	93
21.07.2015	-99	-99	95	81	87	87
22.07.2015	-99	-99	84	74	86	89
23.07.2015	-99	-99	83	71	83	79
24.07.2015	-99	-99	89	72	79	78
25.07.2015	-99	-99	71	66	81	82
26.07.2015	-99	-99	75	71	84	85
27.07.2015	-99	-99	70	65	86	89
28.07.2015	-99	-99	71	64	86	88
29.07.2015	-99	-99	79	82	92	95
30.07.2015	-99	-99	82	77	95	96
31.07.2015	-99	-99	77	71	93	96
01.08.2015	-99	-99	68	64	62	64
02.08.2015	-99	-99	78	75	89	84
03.08.2015	-99	-99	71	65	66	65
04.08.2015	-99	-99	66	76	62	57
05.08.2015	-99	-99	77	73	73	72
06.08.2015	-99	-99	72	67	63	65
07.08.2015	-99	-99	84	75	85	90
08.08.2015	-99	-99	83	73	82	82
09.08.2015	-99	-99	72	69	72	74
10.08.2015	-99	-99	71	66	66	71
11.08.2015	-99	-99	83	70	78	82
12.08.2015	-99	-99	74	75	84	86
13.08.2015	-99	-99	69	63	60	62
14.08.2015	-99	-99	58	52	37	43
15.08.2015	-99	-99	35	45	35	39
16.08.2015	-99	-99	73	59	58	66
17.08.2015	-99	-99	65	48	51	68
18.08.2015	-99	-99	48	45	29	35
19.08.2015	-99	-99	43	44	31	34
20.08.2015	-99	-99	50	53	36	45
21.08.2015	-99	-99	48	54	44	45
22.08.2015	-99	-99	69	62	56	59
23.08.2015	-99	-99	56	60	46	58
24.08.2015	-99	-99	51	54	42	42
25.08.2015	-99	-99	69	73	65	61
26.08.2015	-99	-99	76	68	61	66
27.08.2015	-99	-99	88	74	79	76
28.08.2015	-99	-99	92	76	84	87
29.08.2015	-99	-99	90	69	83	83
30.08.2015	-99	-99	91	72	80	84
31.08.2015	-99	-99	89	73	78	85
01.09.2015	-99	-99	82	70	84	94
02.09.2015	-99	-99	68	74	71	74
03.09.2015	-99	-99	61	72	61	64
04.09.2015	-99	-99	92	81	85	98
05.09.2015	-99	-99	83	76	95	91
06.09.2015	-99	-99	77	73	96	92
07.09.2015	-99	-99	90	82	95	97
08.09.2015	-99	-99	84	72	90	94
09.09.2015	-99	-99	82	67	43	59
10.09.2015	-99	-99	84	67	38	63
11.09.2015	-99	-99	72	59	39	54
12.09.2015	-99	-99	57	67	54	53
13.09.2015	-99	-99	64	71	59	60
14.09.2015	-99	-99	56	74	65	57
15.09.2015	-99	-99	59	75	68	63
16.09.2015	-99	-99	76	74	69	66
17.09.2015	-99	-99	79	83	71	68
18.09.2015	-99	-99	92	82	97	100
19.09.2015	-99	-99	94	80	98	99
20.09.2015	-99	-99	88	77	98	97
21.09.2015	-99	-99	83	73	85	87
22.09.2015	-99	-99	79	72	67	78
23.09.2015	-99	-99	86	76	73	77
24.09.2015	-99	-99	75	75	67	72
25.09.2015	-99	-99	90	75	83	87
26.09.2015	-99	-99	92	76	92	94
27.09.2015	-99	-99	90	75	83	88
28.09.2015	-99	-99	82	80	65	68
29.09.2015	-99	-99	58	59	51	58
30.09.2015	-99	-99	79	77	95	94
01.10.2015	-99	-99	68	71	93	87
02.10.2015	-99	-99	82	70	89	92
03.10.2015	-99	-99	77	68	80	82
04.10.2015	-99	-99	91	82	89	91
05.10.2015	-99	-99	80	71	62	63
06.10.2015	-99	-99	46	67	53	51
07.10.2015	-99	-99	39	67	47	44
08.10.2015	-99	-99	54	73	66	65
09.10.2015	-99	-99	75	85	77	77
10.10.2015	-99	-99	83	86	73	74
11.10.2015	-99	-99	86	88	66	73
12.10.2015	-99	-99	76	74	64	67
13.10.2015	-99	-99	76	76	70	76
14.10.2015	-99	-99	82	81	64	68
15.10.2015	-99	-99	73	78	50	61
16.10.2015	-99	-99	86	73	69	79
17.10.2015	-99	-99	81	83	81	89
18.10.2015	-99	-99	90	80	93	92
19.10.2015	-99	-99	89	80	95	88
20.10.2015	-99	-99	87	87	82	82
21.10.2015	-99	-99	74	75	82	80
22.10.2015	-99	-99	90	79	91	90
23.10.2015	-99	-99	82	72	84	85
24.10.2015	-99	-99	67	73	78	82
25.10.2015	-99	-99	95	85	97	94
26.10.2015	-99	-99	91	81	88	85
27.10.2015	-99	-99	82	79	72	73
28.10.2015	-99	-99	78	82	68	64
29.10.2015	-99	-99	79	89	38	46
30.10.2015	-99	-99	74	83	62	63
31.10.2015	-99	-99	74	76	77	78
01.11.2015	-99	-99	74	68	84	83
02.11.2015	-99	-99	73	76	85	80
03.11.2015	-99	-99	68	74	72	75
04.11.2015	-99	-99	95	87	94	93
05.11.2015	-99	-99	97	91	65	68
06.11.2015	-99	-99	71	90	67	63
07.11.2015	-99	-99	81	78	75	77
08.11.2015	-99	-99	78	78	75	76
09.11.2015	-99	-99	87	77	90	89
10.11.2015	-99	-99	93	84	94	95
11.11.2015	-99	-99	96	87	98	92
12.11.2015	-99	-99	96	90	84	81
13.11.2015	-99	-99	81	72	75	79
14.11.2015	-99	-99	85	82	88	90
15.11.2015	-99	-99	96	88	95	93
16.11.2015	-99	-99	78	83	73	76
17.11.2015	-99	-99	79	84	74	76
18.11.2015	-99	-99	96	87	87	85
19.11.2015	-99	-99	97	88	89	85
20.11.2015	-99	-99	96	84	90	85
21.11.2015	-99	-99	96	84	96	95
22.11.2015	-99	-99	94	84	92	93
23.11.2015	-99	-99	87	83	86	82
24.11.2015	-99	-99	80	86	82	82
25.11.2015	-99	-99	92	84	96	96
26.11.2015	-99	-99	94	82	96	95
27.11.2015	-99	-99	94	85	97	96
28.11.2015	-99	-99	93	77	90	89
29.11.2015	-99	-99	93	78	82	88
30.11.2015	-99	-99	96	83	96	94
01.12.2015	-99	-99	97	84	97	97
02.12.2015	-99	-99	92	82	90	81
03.12.2015	-99	-99	92	76	85	86
04.12.2015	-99	-99	89	78	85	86
05.12.2015	-99	-99	88	86	95	87
06.12.2015	-99	-99	92	89	98	95
07.12.2015	-99	-99	96	82	98	85
08.12.2015	-99	-99	85	80	78	78
09.12.2015	-99	-99	93	81	89	86
10.12.2015	-99	-99	88	86	98	90
11.12.2015	-99	-99	96	89	98	96
12.12.2015	-99	-99	97	83	98	98
13.12.2015	-99	-99	97	83	97	92
14.12.2015	-99	-99	96	85	97	87
15.12.2015	-99	-99	97	85	97	89
16.12.2015	-99	-99	96	82	78	73
17.12.2015	-99	-99	97	87	89	-99
18.12.2015	-99	-99	96	88	95	95
19.12.2015	-99	-99	94	78	88	85
20.12.2015	-99	-99	94	77	88	88
21.12.2015	-99	-99	92	80	94	88
22.12.2015	-99	-99	93	82	88	84
23.12.2015	-99	-99	93	81	95	90
24.12.2015	-99	-99	77	71	82	84
25.12.2015	-99	-99	91	85	98	97
26.12.2015	-99	-99	95	77	95	89
27.12.2015	-99	-99	83	75	87	52
28.12.2015	-99	-99	78	79	40	39
29.12.2015	-99	-99	39	70	47	44
30.12.2015	-99	-99	45	63	55	54
31.12.2015	-99	-99	57	69	63	71
01.01.2016	-99	-99	70	75	65	66
02.01.2016	-99	-99	50	75	58	47
03.01.2016	-99	-99	35	72	38	35
04.01.2016	-99	-99	56	76	-99	56
05.01.2016	-99	-99	57	76	-99	84
06.01.2016	-99	-99	83	79	76	84
07.01.2016	-99	-99	81	81	68	63
08.01.2016	-99	-99	79	74	59	64
09.01.2016	-99	-99	66	74	55	46
10.01.2016	-99	-99	50	77	63	58
11.01.2016	-99	-99	53	80	66	59
12.01.2016	-99	-99	77	79	86	89
13.01.2016	-99	-99	53	80	71	74
14.01.2016	-99	-99	77	79	81	79
15.01.2016	-99	-99	88	80	81	87
16.01.2016	-99	-99	88	79	79	82
17.01.2016	-99	-99	91	79	92	95
18.01.2016	-99	-99	94	76	95	96
19.01.2016	-99	-99	94	83	95	95
20.01.2016	-99	-99	93	80	94	95
21.01.2016	-99	-99	92	79	72	78
22.01.2016	-99	-99	87	79	64	67
23.01.2016	-99	-99	90	83	82	79
24.01.2016	-99	-99	95	85	85	85
25.01.2016	-99	-99	86	84	82	83
26.01.2016	-99	-99	87	78	87	88
27.01.2016	-99	-99	96	87	98	97
28.01.2016	-99	-99	97	83	98	96
29.01.2016	-99	-99	84	81	91	86
30.01.2016	-99	-99	94	90	97	93
31.01.2016	-99	-99	95	87	97	96
01.02.2016	-99	-99	95	85	97	93
02.02.2016	-99	-99	95	82	98	87
03.02.2016	-99	-99	96	83	97	98
04.02.2016	-99	-99	95	80	97	97
05.02.2016	-99	-99	95	83	96	91
06.02.2016	-99	-99	89	79	79	81
07.02.2016	-99	-99	88	76	81	77
08.02.2016	-99	-99	71	74	68	72
09.02.2016	-99	-99	83	84	74	79
10.02.2016	-99	-99	86	77	84	86
11.02.2016	-99	-99	61	73	70	68
12.02.2016	-99	-99	83	76	76	68
13.02.2016	-99	-99	81	73	72	69
14.02.2016	-99	-99	80	76	71	80
15.02.2016	-99	-99	87	80	92	94
16.02.2016	-99	-99	66	66	65	69
17.02.2016	-99	-99	60	59	69	78
18.02.2016	-99	-99	54	73	63	62
19.02.2016	-99	-99	60	77	65	67
20.02.2016	-99	-99	75	73	77	83
21.02.2016	-99	-99	95	79	86	87
22.02.2016	-99	-99	95	80	90	92
23.02.2016	-99	-99	96	84	97	96
24.02.2016	-99	-99	93	78	97	98
25.02.2016	-99	-99	96	85	97	98
26.02.2016	-99	-99	94	82	97	99
27.02.2016	-99	-99	94	80	97	99
28.02.2016	-99	-99	93	78	96	96
29.02.2016	-99	-99	72	75	73	77
01.03.2016	-99	-99	55	69	66	73
02.03.2016	-99	-99	51	69	63	67
03.03.2016	-99	-99	78	76	79	77
04.03.2016	-99	-99	67	75	68	72
05.03.2016	-99	-99	92	81	94	94
06.03.2016	-99	-99	73	75	67	71
07.03.2016	-99	-99	76	74	75	73
08.03.2016	-99	-99	67	71	53	57
09.03.2016	-99	-99	61	70	64	72
10.03.2016	-99	-99	69	73	65	67
11.03.2016	-99	-99	63	75	57	64
12.03.2016	-99	-99	70	71	60	71
13.03.2016	-99	-99	89	79	89	89
14.03.2016	-99	-99	92	83	95	92
15.03.2016	-99	-99	90	72	60	89
16.03.2016	-99	-99	85	64	44	76
17.03.2016	-99	-99	91	75	83	87
18.03.2016	-99	-99	83	76	98	93
19.03.2016	-99	-99	90	82	98	100
20.03.2016	-99	-99	92	80	98	100
21.03.2016	-99	-99	94	80	98	99
22.03.2016	-99	-99	90	75	98	99
23.03.2016	-99	-99	77	72	90	82
24.03.2016	-99	-99	74	72	69	70
25.03.2016	-99	-99	83	72	86	86
26.03.2016	-99	-99	63	63	68	75
27.03.2016	-99	-99	66	66	67	73
28.03.2016	-99	-99	51	68	58	62
29.03.2016	-99	-99	72	70	78	79
30.03.2016	-99	-99	64	58	59	68
31.03.2016	-99	-99	83	72	88	94
01.04.2016	-99	-99	70	68	85	80
02.04.2016	-99	-99	73	72	89	81
03.04.2016	-99	-99	70	71	67	72
04.04.2016	-99	-99	70	72	66	73
05.04.2016	-99	-99	86	82	79	77
06.04.2016	-99	-99	86	81	-99	81
07.04.2016	-99	-99	80	78	-99	88
08.04.2016	-99	-99	71	66	87	87
09.04.2016	-99	-99	69	68	78	80
10.04.2016	-99	-99	55	64	57	58
11.04.2016	-99	-99	57	66	54	58
12.04.2016	-99	-99	60	70	66	72
13.04.2016	-99	-99	64	65	71	77
14.04.2016	-99	-99	71	72	75	81
15.04.2016	-99	-99	90	71	95	92
16.04.2016	-99	-99	77	62	80	81
17.04.2016	-99	-99	70	63	85	80
18.04.2016	-99	-99	83	72	89	92
19.04.2016	-99	-99	89	80	98	99
20.04.2016	-99	-99	76	73	94	92
21.04.2016	-99	-99	93	79	98	98
22.04.2016	-99	-99	79	73	97	91
23.04.2016	-99	-99	74	67	94	86
24.04.2016	-99	-99	68	66	90	85
25.04.2016	-99	-99	62	63	62	61
26.04.2016	-99	-99	55	63	62	65
27.04.2016	-99	-99	48	65	56	57
28.04.2016	-99	-99	46	61	49	51
29.04.2016	-99	-99	57	66	76	72
30.04.2016	-99	-99	55	64	59	58
01.05.2016	-99	-99	52	60	60	63
02.05.2016	-99	-99	52	66	64	69
03.05.2016	-99	-99	71	71	-99	76
04.05.2016	-99	-99	52	55	-99	69
05.05.2016	-99	-99	43	55	-99	59
06.05.2016	-99	-99	50	53	-99	60
07.05.2016	-99	-99	61	59	-99	65
08.05.2016	-99	-99	56	63	-99	57
09.05.2016	-99	-99	48	67	48	54
10.05.2016	-99	-99	61	73	76	76
11.05.2016	-99	-99	57	69	56	66
12.05.2016	-99	-99	80	73	81	83
13.05.2016	-99	-99	70	66	93	90
14.05.2016	-99	-99	75	74	97	95
15.05.2016	-99	-99	66	65	91	86
16.05.2016	-99	-99	66	63	79	84
17.05.2016	-99	-99	73	72	96	89
18.05.2016	-99	-99	78	78	98	88
19.05.2016	-99	-99	60	65	77	72
20.05.2016	-99	-99	86	69	74	79
21.05.2016	-99	-99	61	59	65	65
22.05.2016	-99	-99	81	76	78	82
23.05.2016	-99	-99	84	81	98	97
24.05.2016	-99	-99	56	68	82	79
25.05.2016	-99	-99	47	54	64	69
26.05.2016	-99	-99	50	54	55	64
27.05.2016	-99	-99	45	54	38	52
28.05.2016	-99	-99	58	63	52	58
29.05.2016	-99	-99	56	65	58	56
30.05.2016	-99	-99	71	77	70	72
31.05.2016	-99	-99	87	71	85	96
01.06.2016	-99	-99	85	68	80	93
02.06.2016	-99	-99	73	66	80	86
03.06.2016	-99	-99	64	64	76	80
04.06.2016	-99	-99	54	56	70	73
05.06.2016	-99	-99	57	58	65	72
06.06.2016	-99	-99	58	55	58	63
07.06.2016	-99	-99	72	67	77	86
08.06.2016	-99	-99	49	57	73	68
09.06.2016	-99	-99	61	64	79	79
10.06.2016	-99	-99	56	54	67	70
11.06.2016	-99	-99	58	57	56	64
12.06.2016	-99	-99	62	60	65	70
13.06.2016	-99	-99	57	57	57	58
14.06.2016	-99	-99	54	56	60	65
15.06.2016	-99	-99	48	59	50	69
16.06.2016	-99	-99	58	68	69	84
17.06.2016	-99	-99	71	75	94	100
18.06.2016	-99	-99	65	72	91	88
19.06.2016	-99	-99	62	76	94	90
20.06.2016	-99	-99	71	65	58	63
21.06.2016	-99	-99	69	68	80	79
22.06.2016	-99	-99	63	66	65	67
23.06.2016	-99	-99	72	64	66	76
24.06.2016	-99	-99	78	76	73	88
25.06.2016	-99	-99	92	79	98	100
26.06.2016	-99	-99	98	86	80	83
27.06.2016	-99	-99	84	70	85	86
28.06.2016	-99	-99	71	62	75	79
29.06.2016	-99	-99	69	61	54	67
30.06.2016	-99	-99	69	68	65	69
01.07.2016	-99	-99	66	66	60	63
02.07.2016	-99	-99	71	66	74	76
03.07.2016	-99	-99	82	73	-99	80
04.07.2016	-99	-99	77	64	-99	80
05.07.2016	-99	-99	75	73	91	92
06.07.2016	-99	-99	68	71	97	95
07.07.2016	-99	-99	69	61	74	75
08.07.2016	-99	-99	64	63	71	76
09.07.2016	-99	-99	93	74	90	93
10.07.2016	-99	-99	84	69	76	84
11.07.2016	-99	-99	87	76	87	88
12.07.2016	-99	-99	85	79	98	97
13.07.2016	-99	-99	80	77	98	100
14.07.2016	-99	-99	79	77	98	100
15.07.2016	-99	-99	76	72	98	96
16.07.2016	-99	-99	91	77	93	88
17.07.2016	-99	-99	91	78	92	93
18.07.2016	-99	-99	78	72	94	92
19.07.2016	-99	-99	98	86	85	90
20.07.2016	-99	-99	66	68	71	70
21.07.2016	-99	-99	52	59	51	53
22.07.2016	-99	-99	83	71	75	92
23.07.2016	-99	-99	75	68	88	82
24.07.2016	-99	-99	75	68	77	80
25.07.2016	-99	-99	81	72	65	77
26.07.2016	-99	-99	87	73	83	81
27.07.2016	-99	-99	90	71	71	78
28.07.2016	-99	-99	87	69	79	84
29.07.2016	-99	-99	86	71	67	81
30.07.2016	-99	-99	80	72	84	82
31.07.2016	-99	-99	83	67	79	79
01.08.2016	-99	-99	81	74	80	82
02.08.2016	-99	-99	86	80	92	93
03.08.2016	-99	-99	65	67	77	74
04.08.2016	-99	-99	66	76	72	75
05.08.2016	-99	-99	75	76	93	97
06.08.2016	-99	-99	90	82	97	96
07.08.2016	-99	-99	83	70	74	77
08.08.2016	-99	-99	80	66	76	79
09.08.2016	-99	-99	92	81	95	96
10.08.2016	-99	-99	96	79	98	98
11.08.2016	-99	-99	88	73	90	87
12.08.2016	-99	-99	99	86	79	83
13.08.2016	-99	-99	100	82	98	100
14.08.2016	-99	-99	82	73	-99	96
15.08.2016	-99	-99	83	75	95	97
16.08.2016	-99	-99	76	70	74	79
17.08.2016	-99	-99	75	63	62	70
18.08.2016	-99	-99	84	64	58	74
19.08.2016	-99	-99	88	69	90	99
20.08.2016	-99	-99	70	72	62	67
21.08.2016	-99	-99	79	72	70	79
22.08.2016	-99	-99	75	79	74	75
23.08.2016	-99	-99	81	73	94	93
24.08.2016	-99	-99	99	83	82	90
25.08.2016	-99	-99	92	77	96	98
26.08.2016	-99	-99	99	83	92	93
27.08.2016	-99	-99	99	77	97	97
28.08.2016	-99	-99	86	78	81	84
29.08.2016	-99	-99	96	79	88	93
30.08.2016	-99	-99	100	86	97	95
31.08.2016	-99	-99	88	72	82	84
01.09.2016	-99	-99	91	77	96	94
02.09.2016	-99	-99	97	77	93	93
03.09.2016	-99	-99	98	76	91	94
04.09.2016	-99	-99	84	76	96	95
05.09.2016	-99	-99	71	68	66	65
06.09.2016	-99	-99	67	65	79	80
07.09.2016	-99	-99	81	71	87	90
08.09.2016	-99	-99	71	70	62	65
09.09.2016	-99	-99	78	68	67	75
10.09.2016	-99	-99	73	67	70	75
11.09.2016	-99	-99	91	77	74	77
12.09.2016	-99	-99	63	59	47	53
13.09.2016	-99	-99	66	72	54	61
14.09.2016	-99	-99	84	84	78	89
15.09.2016	-99	-99	82	82	68	72
16.09.2016	-99	-99	80	83	59	64
17.09.2016	-99	-99	98	79	82	84
18.09.2016	-99	-99	84	77	68	74
19.09.2016	-99	-99	79	77	75	77
20.09.2016	-99	-99	89	77	86	96
21.09.2016	-99	-99	92	80	74	83
22.09.2016	-99	-99	96	83	72	71
23.09.2016	-99	-99	86	77	73	75
24.09.2016	-99	-99	70	74	64	67
25.09.2016	-99	-99	41	54	50	52
26.09.2016	-99	-99	67	62	66	68
27.09.2016	-99	-99	83	72	71	76
28.09.2016	-99	-99	94	76	93	95
29.09.2016	-99	-99	99	81	89	91
30.09.2016	-99	-99	98	83	-99	97
01.10.2016	-99	-99	99	80	-99	95
02.10.2016	-99	-99	86	76	-99	67
03.10.2016	-99	-99	75	75	51	58
04.10.2016	-99	-99	72	78	35	39
05.10.2016	-99	-99	71	73	35	53
06.10.2016	-99	-99	71	74	27	40
07.10.2016	-99	-99	60	72	40	38
08.10.2016	-99	-99	73	75	48	72
09.10.2016	-99	-99	72	77	37	65
10.10.2016	-99	-99	73	80	58	60
11.10.2016	-99	-99	86	82	58	67
12.10.2016	-99	-99	88	74	46	77
13.10.2016	-99	-99	95	73	33	74
14.10.2016	-99	-99	66	58	19	23
15.10.2016	-99	-99	27	70	16	15
16.10.2016	-99	-99	33	78	35	30
17.10.2016	-99	-99	48	81	62	56
18.10.2016	-99	-99	49	82	62	56
19.10.2016	-99	-99	77	86	73	79
20.10.2016	-99	-99	83	84	70	80
21.10.2016	-99	-99	69	77	69	66
22.10.2016	-99	-99	62	77	61	64
23.10.2016	-99	-99	51	72	60	58
24.10.2016	-99	-99	71	78	63	57
25.10.2016	-99	-99	68	83	58	59
26.10.2016	-99	-99	67	85	74	78
27.10.2016	-99	-99	98	84	93	91
28.10.2016	-99	-99	98	89	94	95
29.10.2016	-99	-99	98	82	96	99
30.10.2016	-99	-99	96	85	93	91
31.10.2016	-99	-99	100	92	95	99
01.11.2016	-99	-99	100	81	97	98
02.11.2016	-99	-99	100	83	96	94
03.11.2016	-99	-99	98	84	76	78
04.11.2016	-99	-99	84	84	89	95
05.11.2016	-99	-99	51	72	67	67
06.11.2016	-99	-99	39	70	59	59
07.11.2016	-99	-99	47	76	57	59
08.11.2016	-99	-99	59	76	46	47
09.11.2016	-99	-99	43	75	61	48
10.11.2016	-99	-99	56	78	55	55
11.11.2016	-99	-99	84	84	77	75
12.11.2016	-99	-99	73	80	65	67
13.11.2016	-99	-99	96	85	80	80
14.11.2016	-99	-99	93	88	86	87
15.11.2016	-99	-99	97	81	90	89
16.11.2016	-99	-99	90	79	82	88
17.11.2016	-99	-99	100	78	79	79
18.11.2016	-99	-99	70	82	67	63
19.11.2016	-99	-99	97	88	75	78
20.11.2016	-99	-99	75	83	60	59
21.11.2016	-99	-99	80	86	72	73
22.11.2016	-99	-99	99	86	87	87
23.11.2016	-99	-99	100	83	96	99
24.11.2016	-99	-99	100	85	96	100
25.11.2016	-99	-99	100	81	96	98
26.11.2016	-99	-99	94	82	96	97
27.11.2016	-99	-99	100	79	94	83
28.11.2016	-99	-99	98	78	82	79
29.11.2016	-99	-99	93	83	89	90
30.11.2016	-99	-99	100	83	95	100
01.12.2016	-99	-99	99	87	95	97
02.12.2016	-99	-99	100	82	95	93
03.12.2016	-99	-99	100	83	96	100
04.12.2016	-99	-99	100	84	97	100
05.12.2016	-99	-99	100	79	97	95
06.12.2016	-99	-99	100	84	63	60
07.12.2016	-99	-99	94	89	87	86
08.12.2016	-99	-99	100	82	96	98
09.12.2016	-99	-99	100	81	96	99
10.12.2016	-99	-99	100	89	95	97
11.12.2016	-99	-99	91	84	96	94
12.12.2016	-99	-99	91	83	65	67
13.12.2016	-99	-99	97	82	94	96
14.12.2016	-99	-99	92	83	30	33
15.12.2016	-99	-99	100	86	76	78
16.12.2016	-99	-99	96	87	75	76
17.12.2016	-99	-99	100	89	86	85
18.12.2016	-99	-99	99	91	86	87
19.12.2016	-99	-99	92	86	84	87
20.12.2016	-99	-99	66	69	66	71
21.12.2016	-99	-99	68	72	75	80
22.12.2016	-99	-99	97	88	95	95
23.12.2016	-99	-99	91	82	93	90
24.12.2016	-99	-99	93	86	96	96
25.12.2016	-99	-99	91	89	95	92
26.12.2016	-99	-99	89	88	95	91
27.12.2016	-99	-99	85	82	95	87
28.12.2016	-99	-99	81	82	84	83
29.12.2016	-99	-99	81	78	89	87
30.12.2016	-99	-99	87	77	92	90
31.12.2016	-99	-99	100	86	96	98
01.01.2017	-99	-99	99	82	95	93
02.01.2017	-99	-99	100	80	94	98
03.01.2017	-99	-99	100	87	95	99
04.01.2017	-99	-99	99	71	92	75
05.01.2017	-99	-99	95	77	81	57
06.01.2017	-99	-99	89	72	83	82
07.01.2017	-99	-99	100	80	93	95
08.01.2017	-99	-99	92	81	90	90
09.01.2017	-99	-99	91	76	81	79
10.01.2017	-99	-99	78	77	76	75
11.01.2017	-99	-99	97	81	92	93
12.01.2017	-99	-99	100	83	90	95
13.01.2017	-99	-99	100	84	83	89
14.01.2017	-99	-99	100	78	93	96
15.01.2017	-99	-99	100	78	92	95
16.01.2017	-99	-99	98	81	55	72
17.01.2017	-99	-99	100	90	95	93
18.01.2017	-99	-99	95	78	94	94
19.01.2017	-99	-99	99	78	94	97
20.01.2017	-99	-99	100	82	97	100
21.01.2017	-99	-99	95	83	85	91
22.01.2017	-99	-99	79	82	76	85
23.01.2017	-99	-99	95	80	95	99
24.01.2017	-99	-99	81	79	75	80
25.01.2017	-99	-99	65	67	75	77
26.01.2017	-99	-99	49	65	31	36
27.01.2017	-99	-99	54	68	31	41
28.01.2017	-99	-99	62	74	62	65
29.01.2017	-99	-99	58	84	67	71
30.01.2017	-99	-99	80	82	79	92
31.01.2017	-99	-99	77	79	44	48
01.02.2017	-99	-99	67	83	60	68
02.02.2017	-99	-99	71	83	70	67
03.02.2017	-99	-99	70	90	65	67
04.02.2017	-99	-99	62	88	61	61
05.02.2017	-99	-99	52	82	65	59
06.02.2017	-99	-99	43	76	60	53
07.02.2017	-99	-99	23	64	35	31
08.02.2017	-99	-99	27	70	29	28
09.02.2017	-99	-99	33	67	31	35
10.02.2017	-99	-99	45	65	57	52
11.02.2017	-99	-99	73	80	68	59
12.02.2017	-99	-99	75	73	47	61
13.02.2017	-99	-99	75	68	53	73
14.02.2017	-99	-99	82	77	46	62
15.02.2017	-99	-99	72	77	47	49
16.02.2017	-99	-99	96	85	88	91
17.02.2017	-99	-99	99	81	96	99
18.02.2017	-99	-99	100	81	92	91
19.02.2017	-99	-99	100	84	96	100
20.02.2017	-99	-99	100	87	97	100
21.02.2017	-99	-99	93	76	95	95
22.02.2017	-99	-99	98	79	84	88
23.02.2017	-99	-99	92	74	-99	89
24.02.2017	-99	-99	96	79	-99	95
25.02.2017	-99	-99	92	79	82	76
26.02.2017	-99	-99	90	77	79	81
27.02.2017	-99	-99	59	71	64	69
28.02.2017	-99	-99	69	74	73	81
01.03.2017	-99	-99	87	66	83	84
02.03.2017	-99	-99	67	73	-99	58
03.03.2017	-99	-99	70	73	66	73
04.03.2017	-99	-99	58	76	63	63
05.03.2017	-99	-99	42	70	61	55
06.03.2017	-99	-99	28	62	48	42
07.03.2017	-99	-99	34	65	39	32
08.03.2017	-99	-99	45	59	41	44
09.03.2017	-99	-99	79	77	84	87
10.03.2017	-99	-99	94	76	90	94
11.03.2017	-99	-99	82	72	64	68
12.03.2017	-99	-99	83	72	80	77
13.03.2017	-99	-99	74	67	82	83
14.03.2017	-99	-99	81	82	93	89
15.03.2017	-99	-99	90	88	96	97
16.03.2017	-99	-99	86	78	94	88
17.03.2017	-99	-99	99	85	96	97
18.03.2017	-99	-99	87	77	95	90
19.03.2017	-99	-99	71	72	94	72
20.03.2017	-99	-99	81	70	91	82
21.03.2017	-99	-99	72	70	88	89
22.03.2017	-99	-99	94	75	94	96
23.03.2017	-99	-99	82	71	88	85
24.03.2017	-99	-99	92	81	95	96
25.03.2017	-99	-99	88	73	94	90
26.03.2017	-99	-99	100	81	94	99
27.03.2017	-99	-99	98	76	94	99
28.03.2017	-99	-99	74	74	88	87
29.03.2017	-99	-99	59	73	70	62
30.03.2017	-99	-99	87	80	76	84
31.03.2017	-99	-99	85	84	73	78
01.04.2017	-99	-99	80	73	83	89
02.04.2017	-99	-99	100	80	90	96
03.04.2017	-99	-99	64	60	54	57
04.04.2017	-99	-99	73	73	83	83
05.04.2017	-99	-99	95	82	96	98
06.04.2017	-99	-99	100	81	97	100
07.04.2017	-99	-99	87	76	90	97
08.04.2017	-99	-99	79	76	90	93
09.04.2017	-99	-99	72	72	85	89
10.04.2017	-99	-99	96	84	96	100
11.04.2017	-99	-99	83	75	95	92
12.04.2017	-99	-99	98	77	96	98
13.04.2017	-99	-99	81	74	88	84
14.04.2017	-99	-99	61	61	68	63
15.04.2017	-99	-99	73	72	68	69
16.04.2017	-99	-99	75	69	71	79
17.04.2017	-99	-99	65	71	74	78
18.04.2017	-99	-99	56	69	64	64
19.04.2017	-99	-99	66	68	78	75
20.04.2017	-99	-99	88	81	95	95
21.04.2017	-99	-99	95	81	95	99
22.04.2017	-99	-99	96	77	95	96
23.04.2017	-99	-99	92	76	95	97
24.04.2017	-99	-99	71	70	93	86
25.04.2017	-99	-99	64	62	81	75
26.04.2017	-99	-99	74	73	92	87
27.04.2017	-99	-99	67	67	69	77
28.04.2017	-99	-99	43	62	57	51
29.04.2017	-99	-99	43	62	59	58
30.04.2017	-99	-99	51	66	62	64
01.05.2017	-99	-99	47	64	54	53
02.05.2017	-99	-99	43	57	43	50
03.05.2017	-99	-99	41	57	39	50
04.05.2017	-99	-99	35	58	32	43
05.05.2017	-99	-99	43	64	49	56
06.05.2017	-99	-99	57	69	69	73
07.05.2017	-99	-99	46	64	73	68
08.05.2017	-99	-99	48	69	78	71
09.05.2017	-99	-99	73	70	94	87
10.05.2017	-99	-99	56	68	71	66
11.05.2017	-99	-99	49	60	63	63
12.05.2017	-99	-99	47	62	57	57
13.05.2017	-99	-99	45	59	52	52
14.05.2017	-99	-99	67	75	79	78
15.05.2017	-99	-99	64	72	78	73
16.05.2017	-99	-99	86	79	69	73
17.05.2017	-99	-99	60	70	64	63
18.05.2017	-99	-99	96	81	86	89
19.05.2017	-99	-99	71	71	85	81
20.05.2017	-99	-99	57	65	62	67
21.05.2017	-99	-99	88	83	96	93
22.05.2017	-99	-99	86	77	95	93
23.05.2017	-99	-99	61	65	68	66
24.05.2017	-99	-99	80	76	89	93
25.05.2017	-99	-99	97	81	94	98
26.05.2017	-99	-99	85	78	89	91
27.05.2017	-99	-99	54	63	66	64
28.05.2017	-99	-99	73	72	71	73
29.05.2017	-99	-99	79	74	89	97
30.05.2017	-99	-99	84	73	95	99
31.05.2017	-99	-99	72	68	86	87
01.06.2017	-99	-99	72	78	94	98
02.06.2017	-99	-99	65	64	74	72
03.06.2017	-99	-99	74	73	83	87
04.06.2017	-99	-99	97	79	89	99
05.06.2017	-99	-99	79	69	85	83
06.06.2017	-99	-99	75	62	66	70
07.06.2017	-99	-99	45	63	59	53
08.06.2017	-99	-99	55	66	62	64
09.06.2017	-99	-99	67	67	63	76
10.06.2017	-99	-99	88	80	86	88
11.06.2017	-99	-99	92	72	76	79
12.06.2017	-99	-99	87	81	91	94
13.06.2017	-99	-99	93	78	96	99
14.06.2017	-99	-99	81	67	78	83
15.06.2017	-99	-99	78	74	68	75
16.06.2017	-99	-99	93	78	90	95
17.06.2017	-99	-99	81	73	84	84
18.06.2017	-99	-99	78	70	84	84
19.06.2017	-99	-99	98	76	93	96
20.06.2017	-99	-99	88	78	96	100
21.06.2017	-99	-99	80	76	95	93
22.06.2017	-99	-99	77	70	75	76
23.06.2017	-99	-99	93	80	79	88
24.06.2017	-99	-99	70	66	75	80
25.06.2017	-99	-99	69	60	70	76
26.06.2017	-99	-99	75	78	93	94
27.06.2017	-99	-99	67	71	91	89
28.06.2017	-99	-99	59	58	74	82
29.06.2017	-99	-99	51	53	47	55
30.06.2017	-99	-99	36	45	37	44
01.07.2017	-99	-99	77	61	77	87
02.07.2017	-99	-99	89	69	87	89
03.07.2017	-99	-99	84	75	96	96
04.07.2017	-99	-99	65	67	87	89
05.07.2017	-99	-99	64	67	86	86
06.07.2017	-99	-99	71	65	82	82
07.07.2017	-99	-99	82	72	76	78
08.07.2017	-99	-99	92	84	96	96
09.07.2017	-99	-99	86	70	77	79
10.07.2017	-99	-99	64	61	71	79
11.07.2017	-99	-99	80	72	91	88
12.07.2017	-99	-99	87	77	96	99
13.07.2017	-99	-99	78	76	96	95
14.07.2017	-99	-99	67	68	76	75
15.07.2017	-99	-99	59	64	67	70
16.07.2017	-99	-99	75	71	87	91
17.07.2017	-99	-99	98	78	94	97
18.07.2017	-99	-99	90	77	96	95
19.07.2017	-99	-99	65	61	73	76
20.07.2017	-99	-99	49	60	39	48
21.07.2017	-99	-99	58	60	54	62
22.07.2017	-99	-99	70	63	75	89
23.07.2017	-99	-99	78	74	89	99
24.07.2017	-99	-99	87	78	61	73
25.07.2017	-99	-99	73	79	76	84
26.07.2017	-99	-99	74	77	62	68
27.07.2017	-99	-99	79	74	69	74
28.07.2017	-99	-99	89	79	83	92
29.07.2017	-99	-99	78	71	67	75
30.07.2017	-99	-99	80	71	82	84
31.07.2017	-99	-99	89	71	78	80
01.08.2017	-99	-99	89	66	75	80
02.08.2017	-99	-99	93	71	73	80
03.08.2017	-99	-99	62	66	58	62
04.08.2017	-99	-99	73	84	78	81
05.08.2017	-99	-99	100	82	96	97
06.08.2017	-99	-99	84	79	87	93
07.08.2017	-99	-99	78	73	84	86
08.08.2017	-99	-99	86	75	79	82
09.08.2017	-99	-99	76	79	69	84
10.08.2017	-99	-99	98	79	94	98
11.08.2017	-99	-99	65	68	76	76
12.08.2017	-99	-99	87	74	92	97
13.08.2017	-99	-99	90	76	87	91
14.08.2017	-99	-99	81	70	78	80
15.08.2017	-99	-99	78	70	65	69
16.08.2017	-99	-99	86	70	78	81
17.08.2017	-99	-99	69	65	57	63
18.08.2017	-99	-99	77	77	68	75
19.08.2017	-99	-99	88	77	87	92
20.08.2017	-99	-99	98	83	92	97
21.08.2017	-99	-99	82	74	96	98
22.08.2017	-99	-99	74	70	85	88
23.08.2017	-99	-99	76	72	73	85
24.08.2017	-99	-99	75	65	83	86
25.08.2017	-99	-99	75	72	83	87
26.08.2017	-99	-99	77	71	84	88
27.08.2017	-99	-99	81	70	74	83
28.08.2017	-99	-99	78	71	75	80
29.08.2017	-99	-99	69	65	75	79
30.08.2017	-99	-99	81	76	81	84
31.08.2017	-99	-99	92	75	84	90
01.09.2017	-99	-99	87	74	92	94
02.09.2017	-99	-99	76	72	68	77
03.09.2017	-99	-99	69	65	55	58
04.09.2017	-99	-99	56	66	53	53
05.09.2017	-99	-99	83	71	60	70
06.09.2017	-99	-99	97	80	81	88
07.09.2017	-99	-99	89	81	86	90
08.09.2017	-99	-99	72	75	68	70
09.09.2017	-99	-99	78	75	69	69
10.09.2017	-99	-99	82	74	65	71
11.09.2017	-99	-99	76	79	65	68
12.09.2017	-99	-99	93	76	74	80
13.09.2017	-99	-99	90	78	84	90
14.09.2017	-99	-99	94	78	96	98
15.09.2017	-99	-99	87	77	94	99
16.09.2017	-99	-99	79	74	89	89
17.09.2017	-99	-99	84	78	88	92
18.09.2017	-99	-99	89	81	97	97
19.09.2017	-99	-99	91	78	97	96
20.09.2017	-99	-99	74	86	79	78
21.09.2017	-99	-99	71	82	70	70
22.09.2017	-99	-99	73	80	70	72
23.09.2017	-99	-99	76	71	69	69
24.09.2017	-99	-99	76	77	61	61
25.09.2017	-99	-99	65	76	58	60
26.09.2017	-99	-99	57	73	57	57
27.09.2017	-99	-99	54	77	61	56
28.09.2017	-99	-99	38	66	52	47
29.09.2017	-99	-99	40	66	51	49
30.09.2017	-99	-99	45	73	57	58
01.10.2017	-99	-99	45	69	57	59
02.10.2017	-99	-99	60	72	59	66
03.10.2017	-99	-99	88	78	83	91
04.10.2017	-99	-99	93	80	87	91
05.10.2017	-99	-99	93	81	90	95
06.10.2017	-99	-99	97	85	96	100
07.10.2017	-99	-99	97	84	97	98
08.10.2017	-99	-99	87	80	91	90
09.10.2017	-99	-99	72	79	-99	61
10.10.2017	-99	-99	74	84	60	65
11.10.2017	-99	-99	93	88	76	81
12.10.2017	-99	-99	95	82	88	91
13.10.2017	-99	-99	91	85	77	81
14.10.2017	-99	-99	92	81	88	91
15.10.2017	-99	-99	94	78	85	87
16.10.2017	-99	-99	89	80	92	97
17.10.2017	-99	-99	97	89	88	88
18.10.2017	-99	-99	84	82	85	89
19.10.2017	-99	-99	71	78	39	41
20.10.2017	-99	-99	65	84	66	64
21.10.2017	-99	-99	47	83	70	63
22.10.2017	-99	-99	54	83	69	67
23.10.2017	-99	-99	62	84	75	69
24.10.2017	-99	-99	62	79	71	73
25.10.2017	-99	-99	95	86	85	91
26.10.2017	-99	-99	96	89	92	94
27.10.2017	-99	-99	93	83	97	100
28.10.2017	-99	-99	96	87	98	99
29.10.2017	-99	-99	96	84	96	90
30.10.2017	-99	-99	94	78	96	98
31.10.2017	-99	-99	99	85	94	94
01.11.2017	-99	-99	98	91	91	96
02.11.2017	-99	-99	87	79	78	88
03.11.2017	-99	-99	70	79	75	79
04.11.2017	-99	-99	87	75	85	93
05.11.2017	-99	-99	93	84	96	98
06.11.2017	-99	-99	92	73	82	82
07.11.2017	-99	-99	53	66	65	72
08.11.2017	-99	-99	79	78	77	83
09.11.2017	-99	-99	88	83	93	95
10.11.2017	-99	-99	94	85	96	100
11.11.2017	-99	-99	97	83	97	100
12.11.2017	-99	-99	96	87	97	99
13.11.2017	-99	-99	90	83	96	94
14.11.2017	-99	-99	94	85	96	98
15.11.2017	-99	-99	92	87	97	100
16.11.2017	-99	-99	85	82	97	90
17.11.2017	-99	-99	91	87	96	99
18.11.2017	-99	-99	95	87	96	96
19.11.2017	-99	-99	94	81	96	100
20.11.2017	-99	-99	86	85	96	99
21.11.2017	-99	-99	66	77	94	68
22.11.2017	-99	-99	68	82	93	68
23.11.2017	-99	-99	91	81	95	95
24.11.2017	-99	-99	90	72	94	100
25.11.2017	-99	-99	85	66	72	96
26.11.2017	-99	-99	80	80	68	80
27.11.2017	-99	-99	71	83	74	79
28.11.2017	-99	-99	64	79	51	57
29.11.2017	-99	-99	83	82	75	88
30.11.2017	-99	-99	79	80	79	90
01.12.2017	-99	-99	76	82	60	73
02.12.2017	-99	-99	92	84	93	97
03.12.2017	-99	-99	92	83	96	100
04.12.2017	-99	-99	90	81	96	100
05.12.2017	-99	-99	90	87	97	96
06.12.2017	-99	-99	79	86	95	84
07.12.2017	-99	-99	90	78	77	85
08.12.2017	-99	-99	95	85	95	100
09.12.2017	-99	-99	93	88	95	100
10.12.2017	-99	-99	80	78	76	86
11.12.2017	-99	-99	89	82	91	97
12.12.2017	-99	-99	79	79	80	88
13.12.2017	-99	-99	82	83	71	82
14.12.2017	-99	-99	69	82	63	69
15.12.2017	-99	-99	78	84	71	88
16.12.2017	-99	-99	85	88	86	100
17.12.2017	-99	-99	86	87	82	87
18.12.2017	-99	-99	91	82	90	96
19.12.2017	-99	-99	95	89	89	93
20.12.2017	-99	-99	93	82	93	96
21.12.2017	-99	-99	91	84	95	99
22.12.2017	-99	-99	94	88	97	100
23.12.2017	-99	-99	95	89	97	100
24.12.2017	-99	-99	92	84	97	100
25.12.2017	-99	-99	93	88	97	100
26.12.2017	-99	-99	79	81	95	85
27.12.2017	-99	-99	80	83	94	82
28.12.2017	-99	-99	82	83	83	87
29.12.2017	-99	-99	92	87	83	86
30.12.2017	-99	-99	83	85	64	69
31.12.2017	-99	-99	75	80	61	66
01.01.2018	-99	-99	89	86	83	92
02.01.2018	-99	-99	99	82	87	93
03.01.2018	-99	-99	88	83	64	56
04.01.2018	-99	-99	67	83	68	60
05.01.2018	-99	-99	76	81	74	72
06.01.2018	-99	-99	94	80	87	90
07.01.2018	-99	-99	94	82	93	96
08.01.2018	-99	-99	87	75	72	84
09.01.2018	-99	-99	76	76	19	27
10.01.2018	-99	-99	34	58	30	34
11.01.2018	-99	-99	73	84	69	72
12.01.2018	-99	-99	90	88	58	73
13.01.2018	-99	-99	83	87	32	41
14.01.2018	-99	-99	50	75	57	63
15.01.2018	-99	-99	52	76	58	69
16.01.2018	-99	-99	71	84	68	79
17.01.2018	-99	-99	68	79	64	61
18.01.2018	-99	-99	72	81	64	64
19.01.2018	-99	-99	62	79	66	71
20.01.2018	-99	-99	68	81	61	57
21.01.2018	-99	-99	72	80	59	63
22.01.2018	-99	-99	57	77	49	57
23.01.2018	-99	-99	84	82	85	85
24.01.2018	-99	-99	86	81	85	91
25.01.2018	-99	-99	97	85	97	100
26.01.2018	-99	-99	100	76	95	100
27.01.2018	-99	-99	80	79	76	82
28.01.2018	-99	-99	78	82	82	86
29.01.2018	-99	-99	98	84	96	99
30.01.2018	-99	-99	100	80	96	96
31.01.2018	-99	-99	97	80	78	83
01.02.2018	-99	-99	96	73	66	74
02.02.2018	-99	-99	76	76	60	63
03.02.2018	-99	-99	67	72	56	62
04.02.2018	-99	-99	80	80	81	91
05.02.2018	-99	-99	83	81	74	77
06.02.2018	-99	-99	75	82	64	70
07.02.2018	-99	-99	89	82	84	92
08.02.2018	-99	-99	82	74	82	83
09.02.2018	-99	-99	82	77	82	90
10.02.2018	-99	-99	80	72	73	82
11.02.2018	-99	-99	55	72	64	75
12.02.2018	-99	-99	76	77	77	83
13.02.2018	-99	-99	73	74	61	69
14.02.2018	-99	-99	49	61	56	69
15.02.2018	-99	-99	45	67	54	60
16.02.2018	-99	-99	71	75	72	79
17.02.2018	-99	-99	77	82	67	72
18.02.2018	-99	-99	76	84	76	84
19.02.2018	-99	-99	78	79	60	68
20.02.2018	-99	-99	66	79	64	70
21.02.2018	-99	-99	97	81	91	100
22.02.2018	-99	-99	93	77	-99	74
23.02.2018	-99	-99	75	74	52	63
24.02.2018	-99	-99	66	79	57	72
25.02.2018	-99	-99	77	81	86	89
26.02.2018	-99	-99	84	75	85	88
27.02.2018	-99	-99	38	61	45	45
28.02.2018	-99	-99	37	59	45	42
01.03.2018	-99	-99	55	62	36	41
02.03.2018	-99	-99	55	56	32	45
03.03.2018	-99	-99	70	74	79	81
04.03.2018	-99	-99	77	74	79	78
05.03.2018	-99	-99	60	73	70	74
06.03.2018	-99	-99	68	73	78	69
07.03.2018	-99	-99	74	77	75	77
08.03.2018	-99	-99	67	81	68	73
09.03.2018	-99	-99	87	79	90	97
10.03.2018	-99	-99	81	75	73	76
11.03.2018	-99	-99	63	74	61	59
12.03.2018	-99	-99	67	77	81	80
13.03.2018	-99	-99	49	69	53	64
14.03.2018	-99	-99	52	61	41	49
15.03.2018	-99	-99	37	66	50	45
16.03.2018	-99	-99	28	58	44	44
17.03.2018	-99	-99	42	60	36	43
18.03.2018	-99	-99	68	66	66	86
19.03.2018	-99	-99	89	82	95	98
20.03.2018	-99	-99	92	76	95	99
21.03.2018	-99	-99	98	80	96	100
22.03.2018	-99	-99	90	76	95	90
23.03.2018	-99	-99	66	66	56	62
24.03.2018	-99	-99	78	71	88	94
25.03.2018	-99	-99	89	77	91	94
26.03.2018	-99	-99	54	47	56	60
27.03.2018	-99	-99	38	44	51	59
28.03.2018	-99	-99	39	50	32	43
29.03.2018	-99	-99	46	55	38	44
30.03.2018	-99	-99	51	59	42	55
31.03.2018	-99	-99	53	60	55	69
01.04.2018	-99	-99	58	66	63	70
02.04.2018	-99	-99	67	70	82	86
03.04.2018	-99	-99	59	71	59	66
04.04.2018	-99	-99	92	77	91	97
05.04.2018	-99	-99	98	81	93	94
06.04.2018	-99	-99	81	69	83	87
07.04.2018	-99	-99	86	77	85	88
08.04.2018	-99	-99	94	84	86	93
09.04.2018	-99	-99	89	83	-99	91
10.04.2018	-99	-99	55	70	-99	72
11.04.2018	-99	-99	57	66	-99	65
12.04.2018	-99	-99	43	57	28	45
13.04.2018	-99	-99	36	39	26	42
14.04.2018	-99	-99	55	52	48	61
15.04.2018	-99	-99	63	72	52	66
16.04.2018	-99	-99	72	76	67	79
17.04.2018	-99	-99	70	68	69	74
18.04.2018	-99	-99	82	72	81	85
19.04.2018	-99	-99	64	69	70	78
20.04.2018	-99	-99	88	79	90	98
21.04.2018	-99	-99	85	74	92	95
22.04.2018	-99	-99	75	64	65	72
23.04.2018	-99	-99	82	80	79	83
24.04.2018	-99	-99	85	76	93	97
25.04.2018	-99	-99	84	74	94	99
26.04.2018	-99	-99	81	69	80	85
27.04.2018	-99	-99	81	70	84	91
28.04.2018	-99	-99	86	74	97	96
29.04.2018	-99	-99	71	70	86	84
30.04.2018	-99	-99	58	63	70	72
01.05.2018	-99	-99	61	72	70	67
02.05.2018	-99	-99	55	60	60	62
03.05.2018	-99	-99	62	68	71	73
04.05.2018	-99	-99	77	67	-99	81
05.05.2018	-99	-99	78	69	-99	86
06.05.2018	-99	-99	74	69	-99	92
07.05.2018	-99	-99	80	69	82	87
08.05.2018	-99	-99	51	53	46	47
09.05.2018	-99	-99	35	50	47	48
10.05.2018	-99	-99	58	56	60	77
11.05.2018	-99	-99	74	69	84	79
12.05.2018	-99	-99	70	72	66	74
13.05.2018	-99	-99	57	61	55	55
14.05.2018	-99	-99	59	63	57	62
15.05.2018	-99	-99	57	61	48	55
16.05.2018	-99	-99	65	72	84	83
17.05.2018	-99	-99	58	63	74	78
18.05.2018	-99	-99	60	59	72	75
19.05.2018	-99	-99	57	57	53	53
20.05.2018	-99	-99	37	47	38	41
21.05.2018	-99	-99	41	47	46	54
22.05.2018	-99	-99	70	73	86	89
23.05.2018	-99	-99	63	62	67	77
24.05.2018	-99	-99	63	46	40	49
25.05.2018	-99	-99	54	51	44	57
26.05.2018	-99	-99	68	56	71	89
27.05.2018	-99	-99	53	55	41	47
28.05.2018	-99	-99	52	59	45	55
29.05.2018	-99	-99	59	60	65	75
30.05.2018	-99	-99	51	58	49	50
31.05.2018	-99	-99	45	55	50	53
01.06.2018	-99	-99	54	64	65	68
02.06.2018	-99	-99	59	64	67	72
03.06.2018	-99	-99	63	65	73	79
04.06.2018	-99	-99	55	60	78	79
05.06.2018	-99	-99	37	55	58	57
06.06.2018	-99	-99	46	54	54	63
07.06.2018	-99	-99	57	61	66	80
08.06.2018	-99	-99	63	59	76	89
09.06.2018	-99	-99	60	57	66	77
10.06.2018	-99	-99	75	69	86	100
11.06.2018	-99	-99	71	73	91	96
12.06.2018	-99	-99	63	65	86	91
13.06.2018	-99	-99	61	67	83	83
14.06.2018	-99	-99	78	66	73	80
15.06.2018	-99	-99	83	72	87	89
16.06.2018	-99	-99	82	62	77	81
17.06.2018	-99	-99	75	70	66	68
18.06.2018	-99	-99	75	68	77	83
19.06.2018	-99	-99	86	75	91	95
20.06.2018	-99	-99	71	63	78	82
21.06.2018	-99	-99	82	73	91	-99
22.06.2018	-99	-99	69	67	82	-99
23.06.2018	-99	-99	82	70	87	98
24.06.2018	-99	-99	90	76	87	95
25.06.2018	-99	-99	87	73	86	98
26.06.2018	-99	-99	77	53	66	89
27.06.2018	-99	-99	70	46	51	73
28.06.2018	-99	-99	77	72	77	85
29.06.2018	-99	-99	59	62	72	82
30.06.2018	-99	-99	56	51	54	68
01.07.2018	-99	-99	50	55	51	52
02.07.2018	-99	-99	58	57	64	72
03.07.2018	-99	-99	67	66	85	90
04.07.2018	-99	-99	67	58	76	83
05.07.2018	-99	-99	75	67	80	89
06.07.2018	-99	-99	68	67	93	93
07.07.2018	-99	-99	64	64	85	86
08.07.2018	-99	-99	76	68	76	85
09.07.2018	-99	-99	67	66	83	93
10.07.2018	-99	-99	61	60	63	70
11.07.2018	-99	-99	75	71	60	70
12.07.2018	-99	-99	87	69	91	-99
13.07.2018	-99	-99	88	72	-99	-99
14.07.2018	-99	-99	79	65	83	-99
15.07.2018	-99	-99	66	66	67	74
16.07.2018	-99	-99	63	59	67	74
17.07.2018	-99	-99	67	69	58	67
18.07.2018	-99	-99	93	81	79	86
19.07.2018	-99	-99	72	70	89	90
20.07.2018	-99	-99	75	69	93	94
21.07.2018	-99	-99	69	74	85	78
22.07.2018	-99	-99	71	65	77	85
23.07.2018	-99	-99	76	64	76	89
24.07.2018	-99	-99	96	66	79	90
25.07.2018	-99	-99	86	72	97	97
26.07.2018	-99	-99	64	63	64	69
27.07.2018	-99	-99	52	55	41	44
28.07.2018	-99	-99	47	64	46	45
29.07.2018	-99	-99	64	58	60	65
30.07.2018	-99	-99	60	58	50	68
31.07.2018	-99	-99	83	68	65	76
01.08.2018	-99	-99	71	67	69	69
02.08.2018	-99	-99	77	73	66	77
03.08.2018	-99	-99	95	77	91	98
04.08.2018	-99	-99	93	79	96	100
05.08.2018	-99	-99	96	72	93	100
06.08.2018	-99	-99	84	66	76	87
07.08.2018	-99	-99	81	65	68	81
08.08.2018	-99	-99	82	72	63	81
09.08.2018	-99	-99	82	68	70	79
10.08.2018	-99	-99	99	86	93	99
11.08.2018	-99	-99	91	73	91	96
12.08.2018	-99	-99	79	71	90	88
13.08.2018	-99	-99	77	68	84	88
14.08.2018	-99	-99	74	68	63	69
15.08.2018	-99	-99	86	75	71	84
16.08.2018	-99	-99	99	80	77	89
17.08.2018	-99	-99	82	66	71	82
18.08.2018	-99	-99	85	72	84	91
19.08.2018	-99	-99	86	70	89	98
20.08.2018	-99	-99	94	78	96	100
21.08.2018	-99	-99	77	65	78	78
22.08.2018	-99	-99	89	72	83	92
23.08.2018	-99	-99	85	71	78	86
24.08.2018	-99	-99	97	76	92	97
25.08.2018	-99	-99	92	74	89	96
26.08.2018	-99	-99	86	72	85	90
27.08.2018	-99	-99	98	75	65	79
28.08.2018	-99	-99	81	72	69	74
29.08.2018	-99	-99	79	71	69	75
30.08.2018	-99	-99	85	74	84	95
31.08.2018	-99	-99	82	74	71	78
01.09.2018	-99	-99	76	73	64	68
02.09.2018	-99	-99	73	71	71	74
03.09.2018	-99	-99	78	76	80	86
04.09.2018	-99	-99	94	86	97	100
05.09.2018	-99	-99	91	76	89	98
06.09.2018	-99	-99	96	80	73	81
07.09.2018	-99	-99	69	73	66	62
08.09.2018	-99	-99	73	74	66	65
09.09.2018	-99	-99	65	66	61	63
10.09.2018	-99	-99	80	72	71	81
11.09.2018	-99	-99	99	79	80	90
12.09.2018	-99	-99	99	82	92	97
13.09.2018	-99	-99	99	76	88	94
14.09.2018	-99	-99	89	79	84	94
15.09.2018	-99	-99	96	79	93	99
16.09.2018	-99	-99	91	76	77	87
17.09.2018	-99	-99	87	74	87	95
18.09.2018	-99	-99	81	70	74	84
19.09.2018	-99	-99	68	61	67	75
20.09.2018	-99	-99	82	69	83	92
21.09.2018	-99	-99	99	83	84	94
22.09.2018	-99	-99	99	84	97	100
23.09.2018	-99	-99	99	87	98	100
24.09.2018	-99	-99	99	80	97	100
25.09.2018	-99	-99	97	76	92	97
26.09.2018	-99	-99	89	83	96	99
27.09.2018	-99	-99	100	87	94	98
28.09.2018	-99	-99	89	81	93	92
29.09.2018	-99	-99	97	80	93	99
30.09.2018	-99	-99	98	81	95	100
01.10.2018	-99	-99	98	79	87	94
02.10.2018	-99	-99	85	78	87	92
03.10.2018	-99	-99	98	81	96	100
04.10.2018	-99	-99	100	88	88	96
05.10.2018	-99	-99	94	78	97	96
06.10.2018	-99	-99	98	82	98	100
07.10.2018	-99	-99	77	68	81	81
08.10.2018	-99	-99	88	76	88	96
09.10.2018	-99	-99	100	88	95	99
10.10.2018	-99	-99	99	84	84	85
11.10.2018	-99	-99	64	74	43	44
12.10.2018	-99	-99	46	69	58	58
13.10.2018	-99	-99	97	76	87	92
14.10.2018	-99	-99	82	74	80	89
15.10.2018	-99	-99	99	79	84	89
16.10.2018	-99	-99	76	73	52	56
17.10.2018	-99	-99	81	73	84	92
18.10.2018	-99	-99	97	81	91	98
19.10.2018	-99	-99	82	79	77	84
20.10.2018	-99	-99	85	82	82	89
21.10.2018	-99	-99	98	88	94	98
22.10.2018	-99	-99	98	90	98	99
23.10.2018	-99	-99	100	88	98	100
24.10.2018	-99	-99	100	81	97	100
25.10.2018	-99	-99	100	82	98	100
26.10.2018	-99	-99	100	82	97	99
27.10.2018	-99	-99	97	78	95	80
28.10.2018	-99	-99	85	77	89	61
29.10.2018	-99	-99	52	74	69	43
30.10.2018	-99	-99	53	75	66	60
31.10.2018	-99	-99	73	80	72	78
01.11.2018	-99	-99	56	73	62	66
02.11.2018	-99	-99	89	84	87	95
03.11.2018	-99	-99	85	78	72	80
04.11.2018	-99	-99	36	55	53	58
05.11.2018	-99	-99	58	74	55	55
06.11.2018	-99	-99	76	83	55	59
07.11.2018	-99	-99	73	90	52	54
08.11.2018	-99	-99	83	89	65	70
09.11.2018	-99	-99	76	92	57	58
10.11.2018	-99	-99	49	80	61	56
11.11.2018	-99	-99	53	80	67	68
12.11.2018	-99	-99	96	82	78	86
13.11.2018	-99	-99	81	86	67	77
14.11.2018	-99	-99	65	82	70	78
15.11.2018	-99	-99	72	89	75	80
16.11.2018	-99	-99	75	77	76	87
17.11.2018	-99	-99	95	91	87	97
18.11.2018	-99	-99	100	92	69	96
19.11.2018	-99	-99	100	91	59	100
20.11.2018	-99	-99	100	88	27	66
21.11.2018	-99	-99	85	85	35	42
22.11.2018	-99	-99	87	85	36	72
23.11.2018	-99	-99	96	83	40	90
24.11.2018	-99	-99	99	84	64	76
25.11.2018	-99	-99	97	83	65	85
26.11.2018	-99	-99	95	84	84	94
27.11.2018	-99	-99	95	82	49	69
28.11.2018	-99	-99	63	81	38	42
29.11.2018	-99	-99	49	72	59	69
30.11.2018	-99	-99	56	64	59	81
01.12.2018	-99	-99	68	65	70	87
02.12.2018	-99	-99	77	76	72	86
03.12.2018	-99	-99	100	86	92	100
04.12.2018	-99	-99	100	81	95	100
05.12.2018	-99	-99	100	79	93	99
06.12.2018	-99	-99	100	83	76	78
07.12.2018	-99	-99	100	87	82	91
08.12.2018	-99	-99	100	85	93	98
09.12.2018	-99	-99	100	81	96	94
10.12.2018	-99	-99	100	83	96	96
11.12.2018	-99	-99	100	82	96	76
12.12.2018	-99	-99	100	75	42	50
13.12.2018	-99	-99	99	73	36	53
14.12.2018	-99	-99	98	72	37	54
15.12.2018	-99	-99	92	77	56	60
16.12.2018	-99	-99	49	68	53	52
17.12.2018	-99	-99	68	82	61	70
18.12.2018	-99	-99	78	81	47	50
19.12.2018	-99	-99	48	80	60	60
20.12.2018	-99	-99	51	77	63	60
21.12.2018	-99	-99	47	82	66	58
22.12.2018	-99	-99	85	86	82	89
23.12.2018	-99	-99	100	79	91	96
24.12.2018	-99	-99	99	85	95	99
25.12.2018	-99	-99	100	79	98	100
26.12.2018	-99	-99	100	81	94	100
27.12.2018	-99	-99	100	88	94	100
28.12.2018	-99	-99	98	87	87	95
29.12.2018	-99	-99	100	82	92	98
30.12.2018	-99	-99	100	81	95	99
31.12.2018	-99	-99	96	87	94	100
01.01.2019	-99	-99	94	89	96	98
02.01.2019	-99	-99	99	82	95	99
03.01.2019	-99	-99	100	82	98	100
04.01.2019	-99	-99	100	84	98	100
05.01.2019	-99	-99	100	86	98	100
06.01.2019	-99	-99	100	83	96	100
07.01.2019	-99	-99	100	80	89	96
08.01.2019	-99	-99	97	76	94	93
09.01.2019	-99	-99	100	80	96	97
10.01.2019	-99	-99	100	83	95	100
11.01.2019	-99	-99	97	81	93	100
12.01.2019	-99	-99	100	84	89	99
13.01.2019	-99	-99	97	85	95	99
14.01.2019	-99	-99	92	85	94	99
15.01.2019	-99	-99	100	83	94	100
16.01.2019	-99	-99	100	85	95	99
17.01.2019	-99	-99	100	78	94	94
18.01.2019	-99	-99	100	80	94	100
19.01.2019	-99	-99	100	81	95	100
20.01.2019	-99	-99	100	77	94	82
21.01.2019	-99	-99	100	80	92	93
22.01.2019	-99	-99	99	81	59	68
23.01.2019	-99	-99	98	80	58	63
24.01.2019	-99	-99	95	81	68	80
25.01.2019	-99	-99	76	82	64	66
26.01.2019	-99	-99	59	80	69	63
27.01.2019	-99	-99	55	77	67	60
28.01.2019	-99	-99	84	77	69	79
29.01.2019	-99	-99	85	80	75	85
30.01.2019	-99	-99	51	78	59	64
31.01.2019	-99	-99	44	75	57	54
01.02.2019	-99	-99	44	71	61	56
02.02.2019	-99	-99	71	77	65	70
03.02.2019	-99	-99	86	80	74	86
04.02.2019	-99	-99	83	79	63	73
05.02.2019	-99	-99	87	79	60	72
06.02.2019	-99	-99	87	79	65	77
07.02.2019	-99	-99	95	84	77	81
08.02.2019	-99	-99	76	81	74	86
09.02.2019	-99	-99	64	81	69	76
10.02.2019	-99	-99	86	79	88	90
11.02.2019	-99	-99	97	80	94	95
12.02.2019	-99	-99	98	83	96	97
13.02.2019	-99	-99	74	84	84	85
14.02.2019	-99	-99	73	73	85	90
15.02.2019	-99	-99	56	54	53	59
16.02.2019	-99	-99	92	76	89	94
17.02.2019	-99	-99	85	82	65	77
18.02.2019	-99	-99	63	67	67	83
19.02.2019	-99	-99	88	78	89	95
20.02.2019	-99	-99	86	72	90	88
21.02.2019	-99	-99	96	86	91	95
22.02.2019	-99	-99	84	91	82	89
23.02.2019	-99	-99	59	69	60	64
24.02.2019	-99	-99	80	68	80	86
25.02.2019	-99	-99	87	74	77	86
26.02.2019	-99	-99	83	69	65	75
27.02.2019	-99	-99	86	71	87	76
28.02.2019	-99	-99	91	76	97	85
01.03.2019	-99	-99	88	76	96	92
02.03.2019	-99	-99	83	77	86	93
03.03.2019	-99	-99	83	81	78	83
04.03.2019	-99	-99	80	83	77	84
05.03.2019	-99	-99	79	74	75	87
06.03.2019	-99	-99	78	80	81	85
07.03.2019	-99	-99	84	81	84	84
08.03.2019	-99	-99	90	74	91	93
09.03.2019	-99	-99	66	70	76	73
10.03.2019	-99	-99	76	76	91	96
11.03.2019	-99	-99	76	71	86	85
12.03.2019	-99	-99	54	78	65	77
13.03.2019	-99	-99	61	80	87	82
14.03.2019	-99	-99	84	78	83	82
15.03.2019	-99	-99	64	77	68	74
16.03.2019	-99	-99	91	73	80	92
17.03.2019	-99	-99	58	68	76	76
18.03.2019	-99	-99	72	74	89	83
19.03.2019	-99	-99	67	65	68	77
20.03.2019	-99	-99	90	86	97	95
21.03.2019	-99	-99	94	79	90	95
22.03.2019	-99	-99	78	69	69	77
23.03.2019	-99	-99	80	89	95	93
24.03.2019	-99	-99	97	82	97	100
25.03.2019	-99	-99	84	75	96	93
26.03.2019	-99	-99	95	77	96	100
27.03.2019	-99	-99	86	73	90	95
28.03.2019	-99	-99	79	70	89	93
29.03.2019	-99	-99	90	82	97	95
30.03.2019	-99	-99	99	81	97	98
31.03.2019	-99	-99	89	76	95	100
01.04.2019	-99	-99	70	62	80	82
02.04.2019	-99	-99	49	54	53	59
03.04.2019	-99	-99	54	60	54	62
04.04.2019	-99	-99	66	72	66	70
05.04.2019	-99	-99	64	72	60	65
06.04.2019	-99	-99	77	75	81	94
07.04.2019	-99	-99	56	64	70	74
08.04.2019	-99	-99	40	60	54	65
09.04.2019	-99	-99	46	60	63	66
10.04.2019	-99	-99	53	66	67	68
11.04.2019	-99	-99	55	68	64	74
12.04.2019	-99	-99	59	66	68	75
13.04.2019	-99	-99	48	57	39	56
14.04.2019	-99	-99	40	58	31	43
15.04.2019	-99	-99	41	58	30	39
16.04.2019	-99	-99	38	50	30	38
17.04.2019	-99	-99	39	57	43	45
18.04.2019	-99	-99	39	64	41	43
19.04.2019	-99	-99	45	68	44	45
20.04.2019	-99	-99	43	62	46	50
21.04.2019	-99	-99	91	71	77	85
22.04.2019	-99	-99	49	54	41	39
23.04.2019	-99	-99	35	44	31	33
24.04.2019	-99	-99	34	47	36	37
25.04.2019	-99	-99	42	61	56	56
26.04.2019	-99	-99	46	64	55	55
27.04.2019	-99	-99	53	69	62	62
28.04.2019	-99	-99	71	64	61	76
29.04.2019	-99	-99	62	71	65	79
30.04.2019	-99	-99	71	75	83	91
01.05.2019	-99	-99	92	83	98	97
02.05.2019	-99	-99	92	80	97	97
03.05.2019	-99	-99	78	69	96	89
04.05.2019	-99	-99	83	77	97	97
05.05.2019	-99	-99	93	76	97	100
06.05.2019	-99	-99	72	67	85	78
07.05.2019	-99	-99	67	70	89	90
08.05.2019	-99	-99	63	58	69	76
09.05.2019	-99	-99	74	72	66	80
10.05.2019	-99	-99	96	81	91	96
11.05.2019	-99	-99	74	74	87	84
12.05.2019	-99	-99	72	70	88	88
13.05.2019	-99	-99	76	67	83	83
14.05.2019	-99	-99	58	69	71	74
15.05.2019	-99	-99	57	63	64	-99
16.05.2019	-99	-99	50	63	55	62
17.05.2019	-99	-99	45	63	47	50
18.05.2019	-99	-99	51	66	56	57
19.05.2019	-99	-99	62	76	71	77
20.05.2019	-99	-99	54	72	62	69
21.05.2019	-99	-99	56	75	66	74
22.05.2019	-99	-99	86	83	78	83
23.05.2019	-99	-99	70	62	80	86
24.05.2019	-99	-99	77	74	90	86
25.05.2019	-99	-99	73	76	98	95
26.05.2019	-99	-99	66	70	98	96
27.05.2019	-99	-99	64	73	97	98
28.05.2019	-99	-99	65	69	94	92
29.05.2019	-99	-99	81	66	88	93
30.05.2019	-99	-99	89	76	96	96
31.05.2019	-99	-99	82	77	95	99
01.06.2019	-99	-99	85	78	88	96
02.06.2019	-99	-99	87	73	80	93
03.06.2019	-99	-99	65	66	66	77
04.06.2019	-99	-99	64	60	68	90
05.06.2019	-99	-99	69	71	63	70
06.06.2019	-99	-99	58	68	56	64
07.06.2019	-99	-99	71	76	82	80
08.06.2019	-99	-99	72	69	70	84
09.06.2019	-99	-99	81	70	75	84
10.06.2019	-99	-99	72	61	77	88
11.06.2019	-99	-99	61	55	71	79
12.06.2019	-99	-99	60	70	65	75
13.06.2019	-99	-99	63	77	69	79
14.06.2019	-99	-99	48	57	50	53
15.06.2019	-99	-99	61	57	70	73
16.06.2019	-99	-99	89	75	70	79
17.06.2019	-99	-99	76	62	74	71
18.06.2019	-99	-99	84	64	77	76
19.06.2019	-99	-99	71	60	68	72
20.06.2019	-99	-99	88	68	85	86
21.06.2019	-99	-99	71	66	76	77
22.06.2019	-99	-99	83	72	87	88
23.06.2019	-99	-99	75	72	87	86
24.06.2019	-99	-99	65	60	68	78
25.06.2019	-99	-99	86	82	86	89
26.06.2019	-99	-99	75	72	98	96
27.06.2019	-99	-99	71	68	94	92
28.06.2019	-99	-99	73	72	84	87
29.06.2019	-99	-99	69	64	75	78
30.06.2019	-99	-99	88	81	87	93
01.07.2019	-99	-99	90	80	95	98
02.07.2019	-99	-99	88	81	98	100
03.07.2019	-99	-99	91	82	98	99
04.07.2019	-99	-99	80	82	98	92
05.07.2019	-99	-99	68	70	89	84
06.07.2019	-99	-99	72	78	87	89
07.07.2019	-99	-99	67	70	90	90
08.07.2019	-99	-99	72	70	88	92
09.07.2019	-99	-99	68	69	84	89
10.07.2019	-99	-99	71	62	81	92
11.07.2019	-99	-99	70	60	68	75
12.07.2019	-99	-99	65	58	62	76
13.07.2019	-99	-99	73	61	95	98
14.07.2019	-99	-99	70	71	95	94
15.07.2019	-99	-99	73	77	96	97
16.07.2019	-99	-99	64	66	85	86
17.07.2019	-99	-99	66	66	77	80
18.07.2019	-99	-99	66	66	63	71
19.07.2019	-99	-99	76	73	78	78
20.07.2019	-99	-99	77	68	65	68
21.07.2019	-99	-99	91	83	83	88
22.07.2019	-99	-99	75	70	69	71
23.07.2019	-99	-99	78	76	85	84
24.07.2019	-99	-99	62	66	61	67
25.07.2019	-99	-99	62	63	59	61
26.07.2019	-99	-99	56	65	51	56
27.07.2019	-99	-99	51	60	47	53
28.07.2019	-99	-99	50	58	46	59
29.07.2019	-99	-99	56	64	54	58
30.07.2019	-99	-99	75	83	72	72
31.07.2019	-99	-99	85	80	86	92
01.08.2019	-99	-99	78	71	90	98
02.08.2019	-99	-99	71	67	83	90
03.08.2019	-99	-99	72	64	92	93
04.08.2019	-99	-99	74	62	80	93
05.08.2019	-99	-99	75	65	92	93
06.08.2019	-99	-99	82	78	89	92
07.08.2019	-99	-99	88	79	98	98
08.08.2019	-99	-99	80	84	99	100
09.08.2019	-99	-99	72	73	89	91
10.08.2019	-99	-99	65	71	62	64
11.08.2019	-99	-99	79	78	80	85
12.08.2019	-99	-99	84	82	95	96
13.08.2019	-99	-99	92	79	98	98
14.08.2019	-99	-99	80	70	82	84
15.08.2019	-99	-99	64	61	58	60
16.08.2019	-99	-99	79	66	71	74
17.08.2019	-99	-99	87	75	68	71
18.08.2019	-99	-99	72	62	61	68
19.08.2019	-99	-99	77	69	71	75
20.08.2019	-99	-99	92	72	88	92
21.08.2019	-99	-99	79	76	79	81
22.08.2019	-99	-99	77	74	68	70
23.08.2019	-99	-99	88	78	83	85
24.08.2019	-99	-99	89	84	78	80
25.08.2019	-99	-99	72	75	74	72
26.08.2019	-99	-99	60	67	53	55
27.08.2019	-99	-99	59	70	43	53
28.08.2019	-99	-99	65	71	57	61
29.08.2019	-99	-99	90	83	80	86
30.08.2019	-99	-99	86	70	77	81
31.08.2019	-99	-99	75	66	70	71
01.09.2019	-99	-99	76	63	76	82
02.09.2019	-99	-99	77	66	79	80
03.09.2019	-99	-99	78	79	82	89
04.09.2019	-99	-99	87	89	70	75
05.09.2019	-99	-99	92	85	97	97
06.09.2019	-99	-99	89	79	84	89
07.09.2019	-99	-99	73	73	81	77
08.09.2019	-99	-99	72	70	62	62
09.09.2019	-99	-99	67	73	58	60
10.09.2019	-99	-99	78	84	69	70
11.09.2019	-99	-99	70	68	75	80
12.09.2019	-99	-99	91	81	93	95
13.09.2019	-99	-99	93	85	98	97
14.09.2019	-99	-99	89	81	94	91
15.09.2019	-99	-99	85	88	97	96
16.09.2019	-99	-99	92	79	97	98
17.09.2019	-99	-99	96	82	94	98
18.09.2019	-99	-99	94	88	98	98
19.09.2019	-99	-99	93	85	95	93
20.09.2019	-99	-99	90	80	93	93
21.09.2019	-99	-99	76	71	67	67
22.09.2019	-99	-99	75	74	46	47
23.09.2019	-99	-99	76	86	54	61
24.09.2019	-99	-99	86	87	70	91
25.09.2019	-99	-99	80	78	59	85
26.09.2019	-99	-99	65	78	67	64
27.09.2019	-99	-99	50	76	79	59
28.09.2019	-99	-99	65	80	77	71
29.09.2019	-99	-99	85	83	91	95
30.09.2019	-99	-99	90	84	94	97
01.10.2019	-99	-99	96	90	96	99
02.10.2019	-99	-99	91	77	92	90
03.10.2019	-99	-99	75	79	85	79
04.10.2019	-99	-99	67	74	68	62
05.10.2019	-99	-99	77	78	74	78
06.10.2019	-99	-99	75	74	61	81
07.10.2019	-99	-99	71	63	71	55
08.10.2019	-99	-99	88	82	79	83
09.10.2019	-99	-99	69	80	82	65
10.10.2019	-99	-99	88	90	87	76
11.10.2019	-99	-99	91	89	89	80
12.10.2019	-99	-99	95	88	95	98
13.10.2019	-99	-99	92	79	86	79
14.10.2019	-99	-99	86	85	82	71
15.10.2019	-99	-99	83	88	75	70
16.10.2019	-99	-99	76	89	82	71
17.10.2019	-99	-99	80	91	-99	69
18.10.2019	-99	-99	83	87	85	72
19.10.2019	-99	-99	81	78	90	72
20.10.2019	-99	-99	87	81	93	81
21.10.2019	-99	-99	79	78	-99	85
22.10.2019	-99	-99	89	80	90	92
23.10.2019	-99	-99	77	80	93	82
24.10.2019	-99	-99	62	66	85	71
25.10.2019	-99	-99	85	77	90	87
26.10.2019	-99	-99	74	74	91	67
27.10.2019	-99	-99	83	87	90	85
28.10.2019	-99	-99	94	79	94	97
29.10.2019	-99	-99	92	77	88	96
30.10.2019	-99	-99	96	87	98	99
31.10.2019	-99	-99	98	90	98	98
01.11.2019	-99	-99	93	89	-99	75
02.11.2019	-99	-99	82	93	-99	66
03.11.2019	-99	-99	54	68	-99	52
04.11.2019	-99	-99	56	73	-99	51
05.11.2019	-99	-99	83	81	-99	69
06.11.2019	-99	-99	80	82	-99	64
07.11.2019	-99	-99	87	84	-99	77
08.11.2019	-99	-99	83	80	72	64
09.11.2019	-99	-99	76	81	64	57
10.11.2019	-99	-99	89	82	75	75
11.11.2019	-99	-99	78	79	63	57
12.11.2019	-99	-99	73	81	70	63
13.11.2019	-99	-99	96	82	91	94
14.11.2019	-99	-99	98	87	75	69
15.11.2019	-99	-99	93	82	68	70
16.11.2019	-99	-99	80	87	61	57
17.11.2019	-99	-99	89	88	69	68
18.11.2019	-99	-99	92	90	74	70
19.11.2019	-99	-99	98	89	94	93
20.11.2019	-99	-99	95	82	59	54
21.11.2019	-99	-99	90	87	64	58
22.11.2019	-99	-99	66	89	69	58
23.11.2019	-99	-99	72	90	71	64
24.11.2019	-99	-99	80	94	-99	62
25.11.2019	-99	-99	89	95	79	80
26.11.2019	-99	-99	99	92	90	96
27.11.2019	-99	-99	99	88	73	79
28.11.2019	-99	-99	82	84	88	77
29.11.2019	-99	-99	96	80	94	95
30.11.2019	-99	-99	98	79	90	95
01.12.2019	-99	-99	98	80	94	98
02.12.2019	-99	-99	97	83	85	96
03.12.2019	-99	-99	98	87	95	94
04.12.2019	-99	-99	81	82	81	81
05.12.2019	-99	-99	93	92	88	93
06.12.2019	-99	-99	99	93	-99	97
07.12.2019	-99	-99	99	87	-99	98
08.12.2019	-99	-99	87	89	-99	89
09.12.2019	-99	-99	96	80	87	85
10.12.2019	-99	-99	84	77	60	79
11.12.2019	-99	-99	83	78	76	89
12.12.2019	-99	-99	62	64	67	85
13.12.2019	-99	-99	49	64	57	54
14.12.2019	-99	-99	58	79	63	54
15.12.2019	-99	-99	74	82	61	66
16.12.2019	-99	-99	86	93	73	80
17.12.2019	-99	-99	89	89	67	78
18.12.2019	-99	-99	99	90	79	93
19.12.2019	-99	-99	96	86	62	71
20.12.2019	-99	-99	90	88	-99	74
21.12.2019	-99	-99	54	82	-99	60
22.12.2019	-99	-99	85	92	53	62
23.12.2019	-99	-99	85	84	-99	64
24.12.2019	-99	-99	87	91	-99	75
25.12.2019	-99	-99	88	89	-99	96
26.12.2019	-99	-99	99	87	-99	96
27.12.2019	-99	-99	92	83	-99	63
28.12.2019	-99	-99	74	85	-99	78
29.12.2019	-99	-99	86	87	86	90
30.12.2019	-99	-99	93	91	87	97
31.12.2019	-99	-99	95	90	81	98
01.01.2020	-99	-99	77	76	78	87
02.01.2020	-99	-99	72	70	81	83
03.01.2020	-99	-99	83	93	76	94
04.01.2020	-99	-99	93	92	75	94
05.01.2020	-99	-99	97	93	82	94
06.01.2020	-99	-99	80	76	81	78
07.01.2020	-99	-99	76	76	81	81
08.01.2020	-99	-99	85	94	81	85
09.01.2020	-99	-99	86	88	74	81
10.01.2020	-99	-99	73	85	64	71
11.01.2020	-99	-99	81	82	80	82
12.01.2020	-99	-99	82	90	85	93
13.01.2020	-99	-99	75	71	69	80
14.01.2020	-99	-99	76	78	71	84
15.01.2020	-99	-99	84	77	87	89
16.01.2020	-99	-99	85	85	78	86
17.01.2020	-99	-99	75	75	68	69
18.01.2020	-99	-99	89	78	82	87
19.01.2020	-99	-99	80	81	-99	96
20.01.2020	-99	-99	91	81	93	97
21.01.2020	-99	-99	94	89	76	99
22.01.2020	-99	-99	97	83	74	97
23.01.2020	-99	-99	90	86	85	95
24.01.2020	-99	-99	97	88	82	99
25.01.2020	-99	-99	95	84	76	95
26.01.2020	-99	-99	63	71	68	73
27.01.2020	-99	-99	83	76	77	79
28.01.2020	-99	-99	65	76	-99	51
29.01.2020	-99	-99	71	85	-99	70
30.01.2020	-99	-99	80	91	-99	74
31.01.2020	-99	-99	74	80	-99	85
01.02.2020	-99	-99	97	86	-99	97
02.02.2020	-99	-99	98	85	-99	98
03.02.2020	-99	-99	96	78	-99	59
04.02.2020	-99	-99	96	81	-99	86
05.02.2020	-99	-99	99	89	-99	99
06.02.2020	-99	-99	98	-99	-99	97
07.02.2020	-99	-99	91	-99	-99	63
08.02.2020	-99	-99	65	-99	-99	59
09.02.2020	-99	-99	67	-99	-99	85
10.02.2020	-99	-99	96	-99	-99	98
11.02.2020	-99	-99	98	-99	-99	96
12.02.2020	-99	-99	98	-99	-99	98
13.02.2020	-99	-99	95	79	-99	96
14.02.2020	-99	-99	89	78	-99	83
15.02.2020	-99	-99	72	71	-99	76
16.02.2020	-99	-99	82	77	-99	86
17.02.2020	-99	-99	87	82	-99	95
18.02.2020	-99	-99	98	91	-99	100
19.02.2020	-99	-99	97	82	-99	90
20.02.2020	-99	-99	80	74	-99	86
21.02.2020	-99	-99	86	82	-99	93
22.02.2020	-99	-99	96	92	-99	94
23.02.2020	-99	-99	96	82	-99	98
24.02.2020	-99	-99	95	78	-99	94
25.02.2020	-99	-99	70	69	-99	47
26.02.2020	-99	-99	48	66	-99	43
27.02.2020	-99	-99	53	71	-99	64
28.02.2020	-99	-99	88	80	-99	90
29.02.2020	-99	-99	59	70	-99	60
01.03.2020	-99	-99	55	75	-99	72
02.03.2020	-99	-99	79	81	-99	70
03.03.2020	-99	-99	48	70	-99	54
04.03.2020	-99	-99	55	81	-99	63
05.03.2020	-99	-99	65	77	-99	75
06.03.2020	-99	-99	72	78	-99	77
07.03.2020	-99	-99	61	77	-99	69
08.03.2020	-99	-99	69	73	-99	84
09.03.2020	-99	-99	84	69	-99	92
10.03.2020	-99	-99	69	72	-99	71
11.03.2020	-99	-99	91	77	-99	92
12.03.2020	-99	-99	91	74	-99	94
13.03.2020	-99	-99	82	73	-99	89
14.03.2020	-99	-99	68	64	-99	80
15.03.2020	-99	-99	87	78	-99	90
16.03.2020	-99	-99	62	64	-99	69
17.03.2020	-99	-99	80	83	-99	90
18.03.2020	-99	-99	96	83	-99	96
19.03.2020	-99	-99	93	74	-99	96
20.03.2020	-99	-99	85	69	-99	87
21.03.2020	-99	-99	70	70	-99	73
22.03.2020	-99	-99	59	67	-99	77
23.03.2020	-99	-99	35	45	-99	59
24.03.2020	-99	-99	79	67	-99	83
25.03.2020	-99	-99	87	81	-99	95
26.03.2020	-99	-99	85	80	-99	84
27.03.2020	-99	-99	80	79	-99	86
28.03.2020	-99	-99	90	72	-99	84
29.03.2020	-99	-99	96	83	-99	97
30.03.2020	-99	-99	81	73	-99	93
31.03.2020	-99	-99	88	82	-99	99
01.04.2020	-99	-99	91	81	-99	99
02.04.2020	-99	-99	89	83	-99	95
03.04.2020	-99	-99	88	77	-99	94
04.04.2020	-99	-99	81	74	-99	93
05.04.2020	-99	-99	74	71	-99	77
06.04.2020	-99	-99	44	58	-99	57
07.04.2020	-99	-99	66	65	-99	75
08.04.2020	-99	-99	81	80	-99	93
09.04.2020	-99	-99	82	74	-99	97
10.04.2020	-99	-99	64	72	-99	86
11.04.2020	-99	-99	82	84	-99	83
12.04.2020	-99	-99	85	87	-99	94
13.04.2020	-99	-99	86	83	-99	92
14.04.2020	-99	-99	95	83	-99	98
15.04.2020	-99	-99	93	90	-99	100
16.04.2020	-99	-99	84	79	-99	93
17.04.2020	-99	-99	71	72	-99	78
18.04.2020	-99	-99	60	66	-99	69
19.04.2020	-99	-99	58	66	-99	62
20.04.2020	-99	-99	59	67	-99	62
21.04.2020	-99	-99	53	65	-99	52
22.04.2020	-99	-99	53	64	-99	58
23.04.2020	-99	-99	68	70	-99	81
24.04.2020	-99	-99	66	75	-99	85
25.04.2020	-99	-99	63	74	-99	85
26.04.2020	-99	-99	69	73	-99	86
27.04.2020	-99	-99	57	71	-99	74
28.04.2020	-99	-99	47	65	-99	70
29.04.2020	-99	-99	67	64	-99	76
30.04.2020	-99	-99	47	58	-99	55
01.05.2020	-99	-99	76	78	-99	84
02.05.2020	-99	-99	89	81	-99	96
03.05.2020	-99	-99	83	76	-99	95
04.05.2020	-99	-99	79	67	-99	90
05.05.2020	-99	-99	65	65	-99	81
06.05.2020	-99	-99	77	74	-99	97
07.05.2020	-99	-99	69	66	-99	86
08.05.2020	-99	-99	82	76	-99	97
09.05.2020	-99	-99	77	74	-99	92
10.05.2020	-99	-99	71	69	-99	85
11.05.2020	-99	-99	88	75	-99	96
12.05.2020	-99	-99	77	72	-99	89
13.05.2020	-99	-99	79	70	-99	92
14.05.2020	-99	-99	80	76	-99	92
15.05.2020	-99	-99	85	74	-99	96
16.05.2020	-99	-99	94	79	-99	85
17.05.2020	-99	-99	93	77	-99	88
18.05.2020	-99	-99	64	64	-99	75
19.05.2020	-99	-99	61	61	-99	-99
20.05.2020	-99	-99	47	59	-99	-99
21.05.2020	-99	-99	48	64	-99	-99
22.05.2020	-99	-99	60	72	-99	-99
23.05.2020	-99	-99	47	56	-99	65
24.05.2020	-99	-99	64	67	-99	82
25.05.2020	-99	-99	58	67	-99	73
26.05.2020	-99	-99	73	64	-99	81
27.05.2020	-99	-99	86	74	-99	93
28.05.2020	-99	-99	72	71	-99	83
29.05.2020	-99	-99	55	65	-99	67
30.05.2020	-99	-99	49	62	-99	59
31.05.2020	-99	-99	49	65	-99	62
01.06.2020	-99	-99	52	63	-99	67
02.06.2020	-99	-99	60	69	-99	83
03.06.2020	-99	-99	69	74	-99	95
04.06.2020	-99	-99	66	62	-99	75
05.06.2020	-99	-99	49	68	-99	56
06.06.2020	-99	-99	65	74	-99	77
07.06.2020	-99	-99	73	80	-99	96
08.06.2020	-99	-99	68	74	-99	92
09.06.2020	-99	-99	64	63	-99	83
10.06.2020	-99	-99	54	60	-99	61
11.06.2020	-99	-99	47	63	-99	62
12.06.2020	-99	-99	43	62	-99	47
13.06.2020	-99	-99	43	50	-99	48
14.06.2020	-99	-99	56	61	-99	72
15.06.2020	-99	-99	60	71	-99	83
16.06.2020	-99	-99	53	66	-99	68
17.06.2020	-99	-99	53	65	-99	65
18.06.2020	-99	-99	49	63	-99	64
19.06.2020	-99	-99	37	61	-99	46
20.06.2020	-99	-99	47	59	-99	58
21.06.2020	-99	-99	90	73	-99	76
22.06.2020	-99	-99	79	83	-99	87
23.06.2020	-99	-99	74	69	-99	70
24.06.2020	-99	-99	50	56	-99	60
25.06.2020	-99	-99	56	58	-99	69
26.06.2020	-99	-99	54	57	-99	70
27.06.2020	-99	-99	44	56	-99	46
28.06.2020	-99	-99	69	74	-99	73
29.06.2020	-99	-99	65	66	-99	89
30.06.2020	-99	-99	70	74	-99	89
01.07.2020	-99	-99	54	63	-99	77
02.07.2020	-99	-99	77	75	-99	88
03.07.2020	-99	-99	75	73	-99	84
04.07.2020	-99	-99	56	52	-99	68
05.07.2020	-99	-99	83	74	-99	74
06.07.2020	-99	-99	87	85	-99	93
07.07.2020	-99	-99	76	77	-99	87
08.07.2020	-99	-99	84	79	-99	97
09.07.2020	-99	-99	91	70	-99	90
10.07.2020	-99	-99	79	64	-99	89
11.07.2020	-99	-99	90	71	-99	96
12.07.2020	-99	-99	91	75	-99	91
13.07.2020	-99	-99	78	71	-99	79
14.07.2020	-99	-99	83	74	-99	86
15.07.2020	-99	-99	79	71	-99	91
16.07.2020	-99	-99	72	63	-99	76
17.07.2020	-99	-99	91	74	-99	85
18.07.2020	-99	-99	83	69	-99	72
19.07.2020	-99	-99	69	61	-99	73
20.07.2020	-99	-99	88	70	-99	94
21.07.2020	-99	-99	88	78	-99	99
22.07.2020	-99	-99	90	76	-99	97
23.07.2020	-99	-99	73	69	-99	75
24.07.2020	-99	-99	66	66	-99	77
25.07.2020	-99	-99	66	60	-99	76
26.07.2020	-99	-99	82	79	-99	69
27.07.2020	-99	-99	72	69	-99	71
28.07.2020	-99	-99	58	70	-99	60
29.07.2020	-99	-99	93	75	-99	90
30.07.2020	-99	-99	78	73	-99	85
31.07.2020	-99	-99	73	67	-99	82
01.08.2020	-99	-99	64	63	-99	60
02.08.2020	-99	-99	95	73	-99	91
03.08.2020	-99	-99	93	80	-99	93
04.08.2020	-99	-99	82	71	-99	85
05.08.2020	-99	-99	91	77	-99	78
06.08.2020	-99	-99	87	76	-99	83
07.08.2020	-99	-99	71	71	-99	67
08.08.2020	-99	-99	76	75	-99	90
09.08.2020	-99	-99	75	68	-99	84
10.08.2020	-99	-99	71	69	-99	65
11.08.2020	-99	-99	78	72	-99	82
12.08.2020	-99	-99	73	75	-99	69
13.08.2020	-99	-99	96	88	-99	95
14.08.2020	-99	-99	88	75	-99	91
15.08.2020	-99	-99	85	76	-99	83
16.08.2020	-99	-99	86	75	-99	99
17.08.2020	-99	-99	81	71	-99	85
18.08.2020	-99	-99	75	72	-99	68
19.08.2020	-99	-99	89	75	-99	90
20.08.2020	-99	-99	81	73	-99	75
21.08.2020	-99	-99	74	70	-99	66
22.08.2020	-99	-99	92	72	-99	88
23.08.2020	-99	-99	94	83	-99	97
24.08.2020	-99	-99	95	80	-99	98
25.08.2020	-99	-99	91	80	-99	97
26.08.2020	-99	-99	79	74	-99	86
27.08.2020	-99	-99	78	72	-99	89
28.08.2020	-99	-99	84	75	-99	92
29.08.2020	-99	-99	92	79	-99	96
30.08.2020	-99	-99	72	72	-99	85
31.08.2020	-99	-99	80	70	-99	84
01.09.2020	-99	-99	72	70	-99	62
02.09.2020	-99	-99	53	56	-99	53
03.09.2020	-99	-99	70	59	-99	64
04.09.2020	-99	-99	89	75	-99	84
05.09.2020	-99	-99	91	75	-99	86
06.09.2020	-99	-99	93	80	-99	94
07.09.2020	-99	-99	84	79	-99	83
08.09.2020	-99	-99	94	77	-99	96
09.09.2020	-99	-99	96	84	-99	99
10.09.2020	-99	-99	82	73	-99	90
11.09.2020	-99	-99	82	71	-99	84
12.09.2020	-99	-99	92	82	-99	94
13.09.2020	-99	-99	87	75	-99	93
14.09.2020	-99	-99	99	94	-99	98
15.09.2020	-99	-99	99	92	-99	97
16.09.2020	-99	-99	81	77	-99	81
17.09.2020	-99	-99	70	67	-99	52
18.09.2020	-99	-99	91	85	-99	98
19.09.2020	-99	-99	90	70	-99	84
20.09.2020	-99	-99	93	86	-99	93
21.09.2020	-99	-99	80	70	-99	88
22.09.2020	-99	-99	86	76	-99	91
23.09.2020	-99	-99	83	76	-99	87
24.09.2020	-99	-99	98	82	-99	90
25.09.2020	-99	-99	81	70	-99	86
26.09.2020	-99	-99	61	69	-99	77
27.09.2020	-99	-99	83	81	-99	70
28.09.2020	-99	-99	83	88	-99	68
29.09.2020	-99	-99	99	86	-99	95
30.09.2020	-99	-99	89	75	-99	77
01.10.2020	-99	-99	52	75	-99	54
02.10.2020	-99	-99	57	72	-99	53
03.10.2020	-99	-99	55	74	-99	55
04.10.2020	-99	-99	54	75	-99	60
05.10.2020	-99	-99	87	75	-99	83
06.10.2020	-99	-99	72	77	-99	58
07.10.2020	-99	-99	88	85	-99	84
08.10.2020	-99	-99	97	88	-99	91
09.10.2020	-99	-99	96	86	-99	91
10.10.2020	-99	-99	96	80	-99	95
11.10.2020	-99	-99	95	85	-99	94
12.10.2020	-99	-99	92	83	-99	89
13.10.2020	-99	-99	92	80	-99	85
14.10.2020	-99	-99	92	83	-99	88
15.10.2020	-99	-99	90	73	-99	85
16.10.2020	-99	-99	95	84	88	94
17.10.2020	-99	-99	95	86	97	96
18.10.2020	-99	-99	99	90	99	94
19.10.2020	-99	-99	98	78	99	83
20.10.2020	-99	-99	92	87	95	84
21.10.2020	-99	-99	99	90	99	98
22.10.2020	-99	-99	93	91	93	89
23.10.2020	-99	-99	90	83	77	73
24.10.2020	-99	-99	85	87	78	79
25.10.2020	-99	-99	88	74	79	81
26.10.2020	-99	-99	62	66	62	63
27.10.2020	-99	-99	81	85	70	65
28.10.2020	-99	-99	77	82	71	71
29.10.2020	-99	-99	93	87	92	91
30.10.2020	-99	-99	92	87	70	72
31.10.2020	-99	-99	77	86	66	62
01.11.2020	-99	-99	53	63	61	69
02.11.2020	-99	-99	84	75	85	88
03.11.2020	-99	-99	91	77	94	93
04.11.2020	-99	-99	94	85	96	98
05.11.2020	-99	-99	95	71	93	90
06.11.2020	-99	-99	78	76	89	88
07.11.2020	-99	-99	87	87	93	91
08.11.2020	-99	-99	92	87	93	94
09.11.2020	-99	-99	91	95	55	56
10.11.2020	-99	-99	81	96	68	75
11.11.2020	-99	-99	87	97	70	76
12.11.2020	-99	-99	55	86	62	62
13.11.2020	-99	-99	50	76	62	59
14.11.2020	-99	-99	58	74	66	74
15.11.2020	-99	-99	58	81	69	64
16.11.2020	-99	-99	80	79	74	78
17.11.2020	-99	-99	89	83	92	92
18.11.2020	-99	-99	98	95	99	98
19.11.2020	-99	-99	92	87	99	89
20.11.2020	-99	-99	95	80	92	90
21.11.2020	-99	-99	85	89	96	83
22.11.2020	-99	-99	92	96	98	97
23.11.2020	-99	-99	96	84	100	97
24.11.2020	-99	-99	98	89	98	90
25.11.2020	-99	-99	98	89	73	97
26.11.2020	-99	-99	99	84	85	93
27.11.2020	-99	-99	93	86	80	79
28.11.2020	-99	-99	80	84	72	74
29.11.2020	-99	-99	78	89	78	81
30.11.2020	-99	-99	92	89	93	92
01.12.2020	-99	-99	98	87	83	83
02.12.2020	-99	-99	61	79	67	73
03.12.2020	-99	-99	52	84	72	70
04.12.2020	-99	-99	58	79	68	59
05.12.2020	-99	-99	79	86	74	67
06.12.2020	-99	-99	95	90	76	75
07.12.2020	-99	-99	84	85	68	62
08.12.2020	-99	-99	70	83	74	67
09.12.2020	-99	-99	87	85	71	72
10.12.2020	-99	-99	67	84	69	60
11.12.2020	-99	-99	62	77	66	59
12.12.2020	-99	-99	83	83	72	62
13.12.2020	-99	-99	81	84	72	63
14.12.2020	-99	-99	50	79	64	61
15.12.2020	-99	-99	85	91	75	80
16.12.2020	-99	-99	86	93	82	80
17.12.2020	-99	-99	63	90	69	72
18.12.2020	-99	-99	76	93	69	71
19.12.2020	-99	-99	63	82	67	73
20.12.2020	-99	-99	70	61	70	76
21.12.2020	-99	-99	70	64	70	80
22.12.2020	-99	-99	72	78	75	83
23.12.2020	-99	-99	99	87	99	97
24.12.2020	-99	-99	98	81	100	96
25.12.2020	-99	-99	95	82	96	93
26.12.2020	-99	-99	78	87	81	80
27.12.2020	-99	-99	52	84	71	58
28.12.2020	-99	-99	50	73	67	58
29.12.2020	-99	-99	77	82	69	61
30.12.2020	-99	-99	88	90	75	69
31.12.2020	-99	-99	91	86	92	91
01.01.2021	-99	-99	90	80	88	88
02.01.2021	-99	-99	94	83	77	79
03.01.2021	-99	-99	93	81	53	70
04.01.2021	-99	-99	91	75	36	46
05.01.2021	-99	-99	92	80	41	50
06.01.2021	-99	-99	92	80	33	48
07.01.2021	-99	-99	87	74	43	53
08.01.2021	-99	-99	80	72	-99	73
09.01.2021	-99	-99	75	78	-99	82
10.01.2021	-99	-99	95	87	-99	95
11.01.2021	-99	-99	94	85	-99	95
12.01.2021	-99	-99	96	81	98	93
13.01.2021	-99	-99	84	72	82	59
14.01.2021	-99	-99	89	77	45	52
15.01.2021	-99	-99	88	76	64	85
16.01.2021	-99	-99	89	77	38	40
17.01.2021	-99	-99	80	81	62	67
18.01.2021	-99	-99	80	85	67	66
19.01.2021	-99	-99	62	85	64	58
20.01.2021	-99	-99	70	82	69	62
21.01.2021	-99	-99	77	82	78	77
22.01.2021	-99	-99	74	78	66	73
23.01.2021	-99	-99	97	90	95	94
24.01.2021	-99	-99	90	84	74	71
25.01.2021	-99	-99	85	77	70	79
26.01.2021	-99	-99	94	83	93	97
27.01.2021	-99	-99	91	79	67	72
28.01.2021	-99	-99	90	79	77	79
29.01.2021	-99	-99	82	81	80	85
30.01.2021	-99	-99	94	83	92	94
31.01.2021	-99	-99	95	81	91	92
01.02.2021	-99	-99	90	75	76	85
02.02.2021	-99	-99	90	74	86	84
03.02.2021	-99	-99	84	67	59	73
04.02.2021	-99	-99	76	75	52	53
05.02.2021	-99	-99	72	71	54	47
06.02.2021	-99	-99	74	70	48	47
07.02.2021	-99	-99	66	70	55	48
08.02.2021	-99	-99	62	73	53	48
09.02.2021	-99	-99	76	70	49	49
10.02.2021	-99	-99	76	76	81	81
11.02.2021	-99	-99	54	68	36	35
12.02.2021	-99	-99	63	63	26	33
13.02.2021	-99	-99	65	66	34	36
14.02.2021	-99	-99	52	64	31	27
15.02.2021	-99	-99	64	71	67	74
16.02.2021	-99	-99	62	80	67	66
17.02.2021	-99	-99	46	74	66	62
18.02.2021	-99	-99	47	80	-99	56
19.02.2021	-99	-99	50	77	-99	59
20.02.2021	-99	-99	89	84	78	78
21.02.2021	-99	-99	68	63	67	72
22.02.2021	-99	-99	81	74	72	78
23.02.2021	-99	-99	78	67	70	67
24.02.2021	-99	-99	88	71	92	88
25.02.2021	-99	-99	86	75	89	88
26.02.2021	-99	-99	93	88	97	98
27.02.2021	-99	-99	91	79	98	94
28.02.2021	-99	-99	67	69	81	79
01.03.2021	-99	-99	89	76	94	94
02.03.2021	-99	-99	99	85	96	96
03.03.2021	-99	-99	93	78	98	93
04.03.2021	-99	-99	93	75	99	91
05.03.2021	-99	-99	94	76	99	97
06.03.2021	-99	-99	92	88	99	97
07.03.2021	-99	-99	85	78	98	92
08.03.2021	-99	-99	71	73	88	71
09.03.2021	-99	-99	82	70	89	78
10.03.2021	-99	-99	51	66	66	59
11.03.2021	-99	-99	55	79	75	74
12.03.2021	-99	-99	79	71	81	85
13.03.2021	-99	-99	70	64	65	66
14.03.2021	-99	-99	62	78	61	61
15.03.2021	-99	-99	86	78	87	90
16.03.2021	-99	-99	84	71	95	90
17.03.2021	-99	-99	67	75	81	83
18.03.2021	-99	-99	88	80	99	95
19.03.2021	-99	-99	82	77	79	81
20.03.2021	-99	-99	82	82	100	94
21.03.2021	-99	-99	90	82	99	95
22.03.2021	-99	-99	89	76	97	95
23.03.2021	-99	-99	69	67	86	83
24.03.2021	-99	-99	79	69	91	92
25.03.2021	-99	-99	86	67	85	84
26.03.2021	-99	-99	63	64	-99	79
27.03.2021	-99	-99	79	63	84	84
28.03.2021	-99	-99	70	64	73	73
29.03.2021	-99	-99	78	71	89	84
30.03.2021	-99	-99	96	83	99	95
31.03.2021	-99	-99	83	74	92	91
01.04.2021	-99	-99	89	78	97	96
02.04.2021	-99	-99	84	76	100	90
03.04.2021	-99	-99	77	74	97	94
04.04.2021	-99	-99	81	82	97	96
05.04.2021	-99	-99	90	91	98	92
06.04.2021	-99	-99	92	84	100	91
07.04.2021	-99	-99	90	78	100	97
08.04.2021	-99	-99	83	73	98	95
09.04.2021	-99	-99	90	83	98	98
10.04.2021	-99	-99	94	79	100	99
11.04.2021	-99	-99	76	65	91	87
12.04.2021	-99	-99	63	63	72	68
13.04.2021	-99	-99	78	76	99	88
14.04.2021	-99	-99	73	72	90	89
15.04.2021	-99	-99	57	70	71	72
16.04.2021	-99	-99	55	62	54	54
17.04.2021	-99	-99	53	58	45	48
18.04.2021	-99	-99	56	59	49	49
19.04.2021	-99	-99	57	60	44	47
20.04.2021	-99	-99	68	64	65	68
21.04.2021	-99	-99	89	79	94	92
22.04.2021	-99	-99	84	77	97	91
23.04.2021	-99	-99	81	72	100	91
24.04.2021	-99	-99	70	71	99	83
25.04.2021	-99	-99	64	69	98	77
26.04.2021	-99	-99	52	62	70	60
27.04.2021	-99	-99	52	62	69	65
28.04.2021	-99	-99	59	65	76	72
29.04.2021	-99	-99	53	67	64	64
30.04.2021	-99	-99	55	66	70	72
01.05.2021	-99	-99	62	70	82	75
02.05.2021	-99	-99	74	80	87	84
03.05.2021	-99	-99	90	77	97	92
04.05.2021	-99	-99	66	65	72	70
05.05.2021	-99	-99	47	61	63	54
06.05.2021	-99	-99	67	58	65	68
07.05.2021	-99	-99	59	60	63	68
08.05.2021	-99	-99	78	66	85	84
09.05.2021	-99	-99	73	70	67	69
10.05.2021	-99	-99	75	79	78	80
11.05.2021	-99	-99	50	54	60	65
12.05.2021	-99	-99	69	71	77	84
13.05.2021	-99	-99	69	76	92	93
14.05.2021	-99	-99	70	71	73	83
15.05.2021	-99	-99	57	66	65	69
16.05.2021	-99	-99	95	84	95	95
17.05.2021	-99	-99	80	71	87	90
18.05.2021	-99	-99	83	72	90	93
19.05.2021	-99	-99	83	74	92	91
20.05.2021	-99	-99	84	78	99	97
21.05.2021	-99	-99	70	63	86	88
22.05.2021	-99	-99	57	59	55	60
23.05.2021	-99	-99	66	65	62	71
24.05.2021	-99	-99	66	66	69	76
25.05.2021	-99	-99	47	64	60	61
26.05.2021	-99	-99	44	57	57	55
27.05.2021	-99	-99	52	55	60	74
28.05.2021	-99	-99	57	59	64	68
29.05.2021	-99	-99	52	56	51	58
30.05.2021	-99	-99	70	62	71	82
31.05.2021	-99	-99	64	54	64	69
01.06.2021	-99	-99	55	49	43	56
02.06.2021	-99	-99	56	51	53	57
03.06.2021	-99	-99	50	54	48	44
04.06.2021	-99	-99	55	55	50	56
05.06.2021	-99	-99	74	56	74	86
06.06.2021	-99	-99	95	78	95	91
07.06.2021	-99	-99	72	62	87	86
08.06.2021	-99	-99	68	65	81	79
09.06.2021	-99	-99	61	63	65	66
10.06.2021	-99	-99	71	68	76	82
11.06.2021	-99	-99	79	69	81	91
12.06.2021	-99	-99	88	75	95	98
13.06.2021	-99	-99	88	75	93	93
14.06.2021	-99	-99	89	77	94	97
15.06.2021	-99	-99	81	76	97	95
16.06.2021	-99	-99	94	75	84	83
17.06.2021	-99	-99	92	67	79	90
18.06.2021	-99	-99	79	74	87	92
19.06.2021	-99	-99	81	81	92	95
20.06.2021	-99	-99	74	71	89	87
21.06.2021	-99	-99	86	74	95	97
22.06.2021	-99	-99	64	57	80	83
23.06.2021	-99	-99	77	65	82	85
24.06.2021	-99	-99	78	69	96	94
25.06.2021	-99	-99	83	79	97	97
26.06.2021	-99	-99	86	79	97	98
27.06.2021	-99	-99	73	62	75	79
28.06.2021	-99	-99	73	57	75	83
29.06.2021	-99	-99	76	73	94	92
30.06.2021	-99	-99	56	45	68	72
01.07.2021	-99	-99	55	48	43	61
02.07.2021	-99	-99	52	56	43	55
03.07.2021	-99	-99	64	56	57	74
04.07.2021	-99	-99	72	64	59	73
05.07.2021	-99	-99	61	64	55	64
06.07.2021	-99	-99	72	63	74	79
07.07.2021	-99	-99	78	69	69	79
08.07.2021	-99	-99	78	66	77	90
09.07.2021	-99	-99	83	65	83	94
10.07.2021	-99	-99	89	84	89	96
11.07.2021	-99	-99	86	78	88	88
12.07.2021	-99	-99	69	63	71	80
13.07.2021	-99	-99	71	66	78	92
14.07.2021	-99	-99	82	78	81	92
15.07.2021	-99	-99	71	68	80	92
16.07.2021	-99	-99	73	69	68	77
17.07.2021	-99	-99	69	68	78	86
18.07.2021	-99	-99	86	76	98	98
19.07.2021	-99	-99	72	66	86	93
20.07.2021	-99	-99	80	74	97	95
21.07.2021	-99	-99	69	56	72	83
22.07.2021	-99	-99	76	65	81	94
23.07.2021	-99	-99	72	62	81	89
24.07.2021	-99	-99	73	62	63	81
25.07.2021	-99	-99	78	67	73	84
26.07.2021	-99	-99	64	59	48	51
27.07.2021	-99	-99	67	71	62	68
28.07.2021	-99	-99	83	75	71	84
29.07.2021	-99	-99	76	76	70	86
30.07.2021	-99	-99	74	63	89	93
31.07.2021	-99	-99	70	77	92	92
01.08.2021	-99	-99	63	65	82	84
02.08.2021	-99	-99	58	60	75	78
03.08.2021	-99	-99	69	61	78	89
04.08.2021	-99	-99	72	68	84	84
05.08.2021	-99	-99	67	78	64	73
06.08.2021	-99	-99	63	67	58	57
07.08.2021	-99	-99	45	60	48	46
08.08.2021	-99	-99	61	69	63	69
09.08.2021	-99	-99	69	66	62	74
10.08.2021	-99	-99	92	82	91	93
11.08.2021	-99	-99	94	79	98	92
12.08.2021	-99	-99	91	76	82	89
13.08.2021	-99	-99	86	77	81	86
14.08.2021	-99	-99	98	84	98	96
15.08.2021	-99	-99	91	78	91	94
16.08.2021	-99	-99	81	79	86	92
17.08.2021	-99	-99	77	71	88	92
18.08.2021	-99	-99	83	75	98	94
19.08.2021	-99	-99	87	82	98	93
20.08.2021	-99	-99	90	83	96	95
21.08.2021	-99	-99	78	-99	94	93
22.08.2021	-99	-99	77	69	83	92
23.08.2021	-99	-99	79	64	78	88
24.08.2021	-99	-99	96	83	78	90
25.08.2021	-99	-99	84	73	95	95
26.08.2021	-99	-99	65	59	74	78
27.08.2021	-99	-99	68	66	64	67
28.08.2021	-99	-99	77	71	72	81
29.08.2021	-99	-99	88	73	88	98
30.08.2021	-99	-99	83	76	96	91
31.08.2021	-99	-99	82	79	96	86
01.09.2021	-99	-99	93	88	95	97
02.09.2021	-99	-99	82	72	93	96
03.09.2021	-99	-99	83	75	91	89
04.09.2021	-99	-99	80	74	76	89
05.09.2021	-99	-99	82	76	76	82
06.09.2021	-99	-99	78	84	82	92
07.09.2021	-99	-99	87	82	88	95
08.09.2021	-99	-99	95	-99	96	-99
09.09.2021	-99	-99	97	85	98	-99
10.09.2021	-99	-99	99	93	94	-99
11.09.2021	-99	-99	98	94	98	-99
12.09.2021	-99	-99	83	80	96	92
13.09.2021	-99	-99	82	73	90	88
14.09.2021	-99	-99	88	78	89	89
15.09.2021	-99	-99	92	85	68	82
16.09.2021	-99	-99	97	89	78	94
17.09.2021	-99	-99	76	80	74	76
18.09.2021	-99	-99	70	72	63	69
19.09.2021	-99	-99	75	81	70	79
20.09.2021	-99	-99	84	90	83	89
21.09.2021	-99	-99	92	79	92	96
22.09.2021	-99	-99	81	74	81	91
23.09.2021	-99	-99	87	84	93	-99
24.09.2021	-99	-99	91	83	95	98
25.09.2021	-99	-99	85	75	91	95
26.09.2021	-99	-99	78	71	63	65
27.09.2021	-99	-99	55	81	68	66
28.09.2021	-99	-99	73	65	65	61
29.09.2021	-99	-99	63	69	58	54
30.09.2021	-99	-99	66	76	68	64
01.10.2021	-99	-99	72	74	66	69
02.10.2021	-99	-99	66	55	53	56
03.10.2021	-99	-99	68	69	67	63
04.10.2021	-99	-99	66	58	65	87
05.10.2021	-99	-99	82	64	73	81
06.10.2021	-99	-99	87	74	75	83
07.10.2021	-99	-99	91	72	80	89
08.10.2021	-99	-99	96	92	90	96
09.10.2021	-99	-99	90	84	87	94
10.10.2021	-99	-99	93	88	91	94
11.10.2021	-99	-99	93	84	98	94
12.10.2021	-99	-99	97	86	96	-99
13.10.2021	-99	-99	97	87	95	96
14.10.2021	-99	-99	98	88	99	91
15.10.2021	-99	-99	96	86	99	-99
16.10.2021	-99	-99	98	85	99	-99
17.10.2021	-99	-99	96	76	100	-99
18.10.2021	-99	-99	87	75	88	58
19.10.2021	-99	-99	95	93	90	95
20.10.2021	-99	-99	99	93	96	95
21.10.2021	-99	-99	98	92	99	-99
22.10.2021	-99	-99	99	94	99	-99
23.10.2021	-99	-99	94	75	98	89
24.10.2021	-99	-99	76	67	81	89
25.10.2021	-99	-99	96	79	81	91
26.10.2021	-99	-99	89	74	81	89
27.10.2021	-99	-99	95	85	93	94
28.10.2021	-99	-99	99	93	88	96
29.10.2021	-99	-99	83	79	76	82
30.10.2021	-99	-99	58	65	62	66
31.10.2021	-99	-99	66	70	67	74
01.11.2021	-99	-99	49	70	59	57
02.11.2021	-99	-99	66	66	65	70
03.11.2021	-99	-99	91	82	75	79
04.11.2021	-99	-99	96	89	79	95
05.11.2021	-99	-99	98	91	96	96
06.11.2021	-99	-99	94	72	87	83
07.11.2021	-99	-99	74	80	78	81
08.11.2021	-99	-99	82	78	75	84
09.11.2021	-99	-99	85	76	88	89
10.11.2021	-99	-99	92	86	98	93
11.11.2021	-99	-99	92	86	89	-99
12.11.2021	-99	-99	96	82	96	70
13.11.2021	-99	-99	86	84	76	78
14.11.2021	-99	-99	92	92	65	72
15.11.2021	-99	-99	82	94	79	92
16.11.2021	-99	-99	73	78	77	89
17.11.2021	-99	-99	94	80	95	-99
18.11.2021	-99	-99	98	86	97	94
19.11.2021	-99	-99	94	87	98	-99
20.11.2021	-99	-99	99	85	100	-99
21.11.2021	-99	-99	99	79	100	97
22.11.2021	-99	-99	99	86	100	-99
23.11.2021	-99	-99	99	82	100	-99
24.11.2021	-99	-99	99	88	97	-99
25.11.2021	-99	-99	99	84	99	-99
26.11.2021	-99	-99	95	87	94	86
27.11.2021	-99	-99	92	83	84	76
28.11.2021	-99	-99	90	79	61	49
29.11.2021	-99	-99	89	80	61	78
30.11.2021	-99	-99	97	83	97	92
01.12.2021	-99	-99	93	82	84	89
02.12.2021	-99	-99	95	82	97	87
03.12.2021	-99	-99	89	80	90	81
04.12.2021	-99	-99	58	79	77	75
05.12.2021	-99	-99	62	80	78	78
06.12.2021	-99	-99	66	80	77	74
07.12.2021	-99	-99	47	78	70	67
08.12.2021	-99	-99	47	77	66	56
09.12.2021	-99	-99	50	79	66	56
10.12.2021	-99	-99	58	80	64	58
11.12.2021	-99	-99	86	88	65	68
12.12.2021	-99	-99	95	89	89	90
13.12.2021	-99	-99	86	91	-99	-99
14.12.2021	-99	-99	91	88	-99	96
15.12.2021	-99	-99	94	92	-99	-99
16.12.2021	-99	-99	97	89	-99	96
17.12.2021	-99	-99	99	85	-99	-99
18.12.2021	-99	-99	99	83	-99	-99
19.12.2021	-99	-99	93	79	-99	-99
20.12.2021	-99	-99	98	82	-99	95
21.12.2021	-99	-99	92	91	-99	94
22.12.2021	-99	-99	98	91	-99	98
23.12.2021	-99	-99	96	82	-99	-99
24.12.2021	-99	-99	90	78	-99	88
25.12.2021	-99	-99	96	84	-99	97
26.12.2021	-99	-99	99	82	-99	97
27.12.2021	-99	-99	94	80	-99	48
28.12.2021	-99	-99	79	81	-99	70
29.12.2021	-99	-99	85	84	-99	85
30.12.2021	-99	-99	95	87	-99	-99
31.12.2021	-99	-99	99	91	-99	-99
01.01.2022	-99	-99	98	82	-99	73
02.01.2022	-99	-99	95	87	-99	97
03.01.2022	-99	-99	96	83	-99	96
04.01.2022	-99	-99	93	78	-99	89
05.01.2022	-99	-99	97	81	-99	88
06.01.2022	-99	-99	94	79	-99	83
07.01.2022	-99	-99	76	79	-99	75
08.01.2022	-99	-99	69	83	-99	75
09.01.2022	-99	-99	69	81	-99	-99
10.01.2022	-99	-99	66	75	-99	63
11.01.2022	-99	-99	78	70	-99	95
12.01.2022	-99	-99	95	88	-99	98
13.01.2022	-99	-99	94	88	-99	96
14.01.2022	-99	-99	85	94	-99	-99
15.01.2022	-99	-99	87	91	-99	91
16.01.2022	-99	-99	83	92	-99	-99
17.01.2022	-99	-99	87	90	-99	-99
18.01.2022	-99	-99	93	79	-99	98
19.01.2022	-99	-99	90	87	-99	96
20.01.2022	-99	-99	91	90	-99	92
21.01.2022	-99	-99	99	89	-99	-99
22.01.2022	-99	-99	98	75	-99	95
23.01.2022	-99	-99	79	70	-99	94
24.01.2022	-99	-99	93	83	-99	-99
25.01.2022	-99	-99	96	83	-99	-99
26.01.2022	-99	-99	99	91	-99	-99
27.01.2022	-99	-99	98	88	-99	-99
28.01.2022	-99	-99	95	81	-99	-99
29.01.2022	-99	-99	97	90	-99	-99
30.01.2022	-99	-99	94	89	-99	96
31.01.2022	-99	-99	95	84	-99	85
01.02.2022	-99	-99	95	84	-99	88
02.02.2022	-99	-99	95	80	-99	99
03.02.2022	-99	-99	91	84	-99	93
04.02.2022	-99	-99	93	76	-99	-99
05.02.2022	-99	-99	90	85	-99	-99
06.02.2022	-99	-99	95	81	-99	-99
