Name	Linge	Juvvashøe	Balestrand	Sandane
Eier	Met.no	Met.no	NIBIO	Met.no
Point ID	22	23	24	25
Network	Rstats	Rstats	Rstats	Rstats
RefSystem	utm-33n	utm-33n	utm-33n	utm-33n
HOH	34	1894	15	51
Missing	-99	-99	-99	-99
Xcoord	96923	149452	45629	36019
Ycoord	6930553	6856141	6814892	6882033
01.01.1980	-99	-99	-99	-99
02.01.1980	-99	-99	-99	-99
03.01.1980	-99	-99	-99	-99
04.01.1980	-99	-99	-99	-99
05.01.1980	-99	-99	-99	-99
06.01.1980	-99	-99	-99	-99
07.01.1980	-99	-99	-99	-99
08.01.1980	-99	-99	-99	-99
09.01.1980	-99	-99	-99	-99
10.01.1980	-99	-99	-99	-99
11.01.1980	-99	-99	-99	-99
12.01.1980	-99	-99	-99	-99
13.01.1980	-99	-99	-99	-99
14.01.1980	-99	-99	-99	-99
15.01.1980	-99	-99	-99	-99
16.01.1980	-99	-99	-99	-99
17.01.1980	-99	-99	-99	-99
18.01.1980	-99	-99	-99	-99
19.01.1980	-99	-99	-99	-99
20.01.1980	-99	-99	-99	-99
21.01.1980	-99	-99	-99	-99
22.01.1980	-99	-99	-99	-99
23.01.1980	-99	-99	-99	-99
24.01.1980	-99	-99	-99	-99
25.01.1980	-99	-99	-99	-99
26.01.1980	-99	-99	-99	-99
27.01.1980	-99	-99	-99	-99
28.01.1980	-99	-99	-99	-99
29.01.1980	-99	-99	-99	-99
30.01.1980	-99	-99	-99	-99
31.01.1980	-99	-99	-99	-99
01.02.1980	-99	-99	-99	-99
02.02.1980	-99	-99	-99	-99
03.02.1980	-99	-99	-99	-99
04.02.1980	-99	-99	-99	-99
05.02.1980	-99	-99	-99	-99
06.02.1980	-99	-99	-99	-99
07.02.1980	-99	-99	-99	-99
08.02.1980	-99	-99	-99	-99
09.02.1980	-99	-99	-99	-99
10.02.1980	-99	-99	-99	-99
11.02.1980	-99	-99	-99	-99
12.02.1980	-99	-99	-99	-99
13.02.1980	-99	-99	-99	-99
14.02.1980	-99	-99	-99	-99
15.02.1980	-99	-99	-99	-99
16.02.1980	-99	-99	-99	-99
17.02.1980	-99	-99	-99	-99
18.02.1980	-99	-99	-99	-99
19.02.1980	-99	-99	-99	-99
20.02.1980	-99	-99	-99	-99
21.02.1980	-99	-99	-99	-99
22.02.1980	-99	-99	-99	-99
23.02.1980	-99	-99	-99	-99
24.02.1980	-99	-99	-99	-99
25.02.1980	-99	-99	-99	-99
26.02.1980	-99	-99	-99	-99
27.02.1980	-99	-99	-99	-99
28.02.1980	-99	-99	-99	-99
29.02.1980	-99	-99	-99	-99
01.03.1980	-99	-99	-99	-99
02.03.1980	-99	-99	-99	-99
03.03.1980	-99	-99	-99	-99
04.03.1980	-99	-99	-99	-99
05.03.1980	-99	-99	-99	-99
06.03.1980	-99	-99	-99	-99
07.03.1980	-99	-99	-99	-99
08.03.1980	-99	-99	-99	-99
09.03.1980	-99	-99	-99	-99
10.03.1980	-99	-99	-99	-99
11.03.1980	-99	-99	-99	-99
12.03.1980	-99	-99	-99	-99
13.03.1980	-99	-99	-99	-99
14.03.1980	-99	-99	-99	-99
15.03.1980	-99	-99	-99	-99
16.03.1980	-99	-99	-99	-99
17.03.1980	-99	-99	-99	-99
18.03.1980	-99	-99	-99	-99
19.03.1980	-99	-99	-99	-99
20.03.1980	-99	-99	-99	-99
21.03.1980	-99	-99	-99	-99
22.03.1980	-99	-99	-99	-99
23.03.1980	-99	-99	-99	-99
24.03.1980	-99	-99	-99	-99
25.03.1980	-99	-99	-99	-99
26.03.1980	-99	-99	-99	-99
27.03.1980	-99	-99	-99	-99
28.03.1980	-99	-99	-99	-99
29.03.1980	-99	-99	-99	-99
30.03.1980	-99	-99	-99	-99
31.03.1980	-99	-99	-99	-99
01.04.1980	-99	-99	-99	-99
02.04.1980	-99	-99	-99	-99
03.04.1980	-99	-99	-99	-99
04.04.1980	-99	-99	-99	-99
05.04.1980	-99	-99	-99	-99
06.04.1980	-99	-99	-99	-99
07.04.1980	-99	-99	-99	-99
08.04.1980	-99	-99	-99	-99
09.04.1980	-99	-99	-99	-99
10.04.1980	-99	-99	-99	-99
11.04.1980	-99	-99	-99	-99
12.04.1980	-99	-99	-99	-99
13.04.1980	-99	-99	-99	-99
14.04.1980	-99	-99	-99	-99
15.04.1980	-99	-99	-99	-99
16.04.1980	-99	-99	-99	-99
17.04.1980	-99	-99	-99	-99
18.04.1980	-99	-99	-99	-99
19.04.1980	-99	-99	-99	-99
20.04.1980	-99	-99	-99	-99
21.04.1980	-99	-99	-99	-99
22.04.1980	-99	-99	-99	-99
23.04.1980	-99	-99	-99	-99
24.04.1980	-99	-99	-99	-99
25.04.1980	-99	-99	-99	-99
26.04.1980	-99	-99	-99	-99
27.04.1980	-99	-99	-99	-99
28.04.1980	-99	-99	-99	-99
29.04.1980	-99	-99	-99	-99
30.04.1980	-99	-99	-99	-99
01.05.1980	-99	-99	-99	-99
02.05.1980	-99	-99	-99	-99
03.05.1980	-99	-99	-99	-99
04.05.1980	-99	-99	-99	-99
05.05.1980	-99	-99	-99	-99
06.05.1980	-99	-99	-99	-99
07.05.1980	-99	-99	-99	-99
08.05.1980	-99	-99	-99	-99
09.05.1980	-99	-99	-99	-99
10.05.1980	-99	-99	-99	-99
11.05.1980	-99	-99	-99	-99
12.05.1980	-99	-99	-99	-99
13.05.1980	-99	-99	-99	-99
14.05.1980	-99	-99	-99	-99
15.05.1980	-99	-99	-99	-99
16.05.1980	-99	-99	-99	-99
17.05.1980	-99	-99	-99	-99
18.05.1980	-99	-99	-99	-99
19.05.1980	-99	-99	-99	-99
20.05.1980	-99	-99	-99	-99
21.05.1980	-99	-99	-99	-99
22.05.1980	-99	-99	-99	-99
23.05.1980	-99	-99	-99	-99
24.05.1980	-99	-99	-99	-99
25.05.1980	-99	-99	-99	-99
26.05.1980	-99	-99	-99	-99
27.05.1980	-99	-99	-99	-99
28.05.1980	-99	-99	-99	-99
29.05.1980	-99	-99	-99	-99
30.05.1980	-99	-99	-99	-99
31.05.1980	-99	-99	-99	-99
01.06.1980	-99	-99	-99	-99
02.06.1980	-99	-99	-99	-99
03.06.1980	-99	-99	-99	-99
04.06.1980	-99	-99	-99	-99
05.06.1980	-99	-99	-99	-99
06.06.1980	-99	-99	-99	-99
07.06.1980	-99	-99	-99	-99
08.06.1980	-99	-99	-99	-99
09.06.1980	-99	-99	-99	-99
10.06.1980	-99	-99	-99	-99
11.06.1980	-99	-99	-99	-99
12.06.1980	-99	-99	-99	-99
13.06.1980	-99	-99	-99	-99
14.06.1980	-99	-99	-99	-99
15.06.1980	-99	-99	-99	-99
16.06.1980	-99	-99	-99	-99
17.06.1980	-99	-99	-99	-99
18.06.1980	-99	-99	-99	-99
19.06.1980	-99	-99	-99	-99
20.06.1980	-99	-99	-99	-99
21.06.1980	-99	-99	-99	-99
22.06.1980	-99	-99	-99	-99
23.06.1980	-99	-99	-99	-99
24.06.1980	-99	-99	-99	-99
25.06.1980	-99	-99	-99	-99
26.06.1980	-99	-99	-99	-99
27.06.1980	-99	-99	-99	-99
28.06.1980	-99	-99	-99	-99
29.06.1980	-99	-99	-99	-99
30.06.1980	-99	-99	-99	-99
01.07.1980	-99	-99	-99	-99
02.07.1980	-99	-99	-99	-99
03.07.1980	-99	-99	-99	-99
04.07.1980	-99	-99	-99	-99
05.07.1980	-99	-99	-99	-99
06.07.1980	-99	-99	-99	-99
07.07.1980	-99	-99	-99	-99
08.07.1980	-99	-99	-99	-99
09.07.1980	-99	-99	-99	-99
10.07.1980	-99	-99	-99	-99
11.07.1980	-99	-99	-99	-99
12.07.1980	-99	-99	-99	-99
13.07.1980	-99	-99	-99	-99
14.07.1980	-99	-99	-99	-99
15.07.1980	-99	-99	-99	-99
16.07.1980	-99	-99	-99	-99
17.07.1980	-99	-99	-99	-99
18.07.1980	-99	-99	-99	-99
19.07.1980	-99	-99	-99	-99
20.07.1980	-99	-99	-99	-99
21.07.1980	-99	-99	-99	-99
22.07.1980	-99	-99	-99	-99
23.07.1980	-99	-99	-99	-99
24.07.1980	-99	-99	-99	-99
25.07.1980	-99	-99	-99	-99
26.07.1980	-99	-99	-99	-99
27.07.1980	-99	-99	-99	-99
28.07.1980	-99	-99	-99	-99
29.07.1980	-99	-99	-99	-99
30.07.1980	-99	-99	-99	-99
31.07.1980	-99	-99	-99	-99
01.08.1980	-99	-99	-99	-99
02.08.1980	-99	-99	-99	-99
03.08.1980	-99	-99	-99	-99
04.08.1980	-99	-99	-99	-99
05.08.1980	-99	-99	-99	-99
06.08.1980	-99	-99	-99	-99
07.08.1980	-99	-99	-99	-99
08.08.1980	-99	-99	-99	-99
09.08.1980	-99	-99	-99	-99
10.08.1980	-99	-99	-99	-99
11.08.1980	-99	-99	-99	-99
12.08.1980	-99	-99	-99	-99
13.08.1980	-99	-99	-99	-99
14.08.1980	-99	-99	-99	-99
15.08.1980	-99	-99	-99	-99
16.08.1980	-99	-99	-99	-99
17.08.1980	-99	-99	-99	-99
18.08.1980	-99	-99	-99	-99
19.08.1980	-99	-99	-99	-99
20.08.1980	-99	-99	-99	-99
21.08.1980	-99	-99	-99	-99
22.08.1980	-99	-99	-99	-99
23.08.1980	-99	-99	-99	-99
24.08.1980	-99	-99	-99	-99
25.08.1980	-99	-99	-99	-99
26.08.1980	-99	-99	-99	-99
27.08.1980	-99	-99	-99	-99
28.08.1980	-99	-99	-99	-99
29.08.1980	-99	-99	-99	-99
30.08.1980	-99	-99	-99	-99
31.08.1980	-99	-99	-99	-99
01.09.1980	-99	-99	-99	-99
02.09.1980	-99	-99	-99	-99
03.09.1980	-99	-99	-99	-99
04.09.1980	-99	-99	-99	-99
05.09.1980	-99	-99	-99	-99
06.09.1980	-99	-99	-99	-99
07.09.1980	-99	-99	-99	-99
08.09.1980	-99	-99	-99	-99
09.09.1980	-99	-99	-99	-99
10.09.1980	-99	-99	-99	-99
11.09.1980	-99	-99	-99	-99
12.09.1980	-99	-99	-99	-99
13.09.1980	-99	-99	-99	-99
14.09.1980	-99	-99	-99	-99
15.09.1980	-99	-99	-99	-99
16.09.1980	-99	-99	-99	-99
17.09.1980	-99	-99	-99	-99
18.09.1980	-99	-99	-99	-99
19.09.1980	-99	-99	-99	-99
20.09.1980	-99	-99	-99	-99
21.09.1980	-99	-99	-99	-99
22.09.1980	-99	-99	-99	-99
23.09.1980	-99	-99	-99	-99
24.09.1980	-99	-99	-99	-99
25.09.1980	-99	-99	-99	-99
26.09.1980	-99	-99	-99	-99
27.09.1980	-99	-99	-99	-99
28.09.1980	-99	-99	-99	-99
29.09.1980	-99	-99	-99	-99
30.09.1980	-99	-99	-99	-99
01.10.1980	-99	-99	-99	-99
02.10.1980	-99	-99	-99	-99
03.10.1980	-99	-99	-99	-99
04.10.1980	-99	-99	-99	-99
05.10.1980	-99	-99	-99	-99
06.10.1980	-99	-99	-99	-99
07.10.1980	-99	-99	-99	-99
08.10.1980	-99	-99	-99	-99
09.10.1980	-99	-99	-99	-99
10.10.1980	-99	-99	-99	-99
11.10.1980	-99	-99	-99	-99
12.10.1980	-99	-99	-99	-99
13.10.1980	-99	-99	-99	-99
14.10.1980	-99	-99	-99	-99
15.10.1980	-99	-99	-99	-99
16.10.1980	-99	-99	-99	-99
17.10.1980	-99	-99	-99	-99
18.10.1980	-99	-99	-99	-99
19.10.1980	-99	-99	-99	-99
20.10.1980	-99	-99	-99	-99
21.10.1980	-99	-99	-99	-99
22.10.1980	-99	-99	-99	-99
23.10.1980	-99	-99	-99	-99
24.10.1980	-99	-99	-99	-99
25.10.1980	-99	-99	-99	-99
26.10.1980	-99	-99	-99	-99
27.10.1980	-99	-99	-99	-99
28.10.1980	-99	-99	-99	-99
29.10.1980	-99	-99	-99	-99
30.10.1980	-99	-99	-99	-99
31.10.1980	-99	-99	-99	-99
01.11.1980	-99	-99	-99	-99
02.11.1980	-99	-99	-99	-99
03.11.1980	-99	-99	-99	-99
04.11.1980	-99	-99	-99	-99
05.11.1980	-99	-99	-99	-99
06.11.1980	-99	-99	-99	-99
07.11.1980	-99	-99	-99	-99
08.11.1980	-99	-99	-99	-99
09.11.1980	-99	-99	-99	-99
10.11.1980	-99	-99	-99	-99
11.11.1980	-99	-99	-99	-99
12.11.1980	-99	-99	-99	-99
13.11.1980	-99	-99	-99	-99
14.11.1980	-99	-99	-99	-99
15.11.1980	-99	-99	-99	-99
16.11.1980	-99	-99	-99	-99
17.11.1980	-99	-99	-99	-99
18.11.1980	-99	-99	-99	-99
19.11.1980	-99	-99	-99	-99
20.11.1980	-99	-99	-99	-99
21.11.1980	-99	-99	-99	-99
22.11.1980	-99	-99	-99	-99
23.11.1980	-99	-99	-99	-99
24.11.1980	-99	-99	-99	-99
25.11.1980	-99	-99	-99	-99
26.11.1980	-99	-99	-99	-99
27.11.1980	-99	-99	-99	-99
28.11.1980	-99	-99	-99	-99
29.11.1980	-99	-99	-99	-99
30.11.1980	-99	-99	-99	-99
01.12.1980	-99	-99	-99	-99
02.12.1980	-99	-99	-99	-99
03.12.1980	-99	-99	-99	-99
04.12.1980	-99	-99	-99	-99
05.12.1980	-99	-99	-99	-99
06.12.1980	-99	-99	-99	-99
07.12.1980	-99	-99	-99	-99
08.12.1980	-99	-99	-99	-99
09.12.1980	-99	-99	-99	-99
10.12.1980	-99	-99	-99	-99
11.12.1980	-99	-99	-99	-99
12.12.1980	-99	-99	-99	-99
13.12.1980	-99	-99	-99	-99
14.12.1980	-99	-99	-99	-99
15.12.1980	-99	-99	-99	-99
16.12.1980	-99	-99	-99	-99
17.12.1980	-99	-99	-99	-99
18.12.1980	-99	-99	-99	-99
19.12.1980	-99	-99	-99	-99
20.12.1980	-99	-99	-99	-99
21.12.1980	-99	-99	-99	-99
22.12.1980	-99	-99	-99	-99
23.12.1980	-99	-99	-99	-99
24.12.1980	-99	-99	-99	-99
25.12.1980	-99	-99	-99	-99
26.12.1980	-99	-99	-99	-99
27.12.1980	-99	-99	-99	-99
28.12.1980	-99	-99	-99	-99
29.12.1980	-99	-99	-99	-99
30.12.1980	-99	-99	-99	-99
31.12.1980	-99	-99	-99	-99
01.01.1981	-99	-99	-99	-99
02.01.1981	-99	-99	-99	-99
03.01.1981	-99	-99	-99	-99
04.01.1981	-99	-99	-99	-99
05.01.1981	-99	-99	-99	-99
06.01.1981	-99	-99	-99	-99
07.01.1981	-99	-99	-99	-99
08.01.1981	-99	-99	-99	-99
09.01.1981	-99	-99	-99	-99
10.01.1981	-99	-99	-99	-99
11.01.1981	-99	-99	-99	-99
12.01.1981	-99	-99	-99	-99
13.01.1981	-99	-99	-99	-99
14.01.1981	-99	-99	-99	-99
15.01.1981	-99	-99	-99	-99
16.01.1981	-99	-99	-99	-99
17.01.1981	-99	-99	-99	-99
18.01.1981	-99	-99	-99	-99
19.01.1981	-99	-99	-99	-99
20.01.1981	-99	-99	-99	-99
21.01.1981	-99	-99	-99	-99
22.01.1981	-99	-99	-99	-99
23.01.1981	-99	-99	-99	-99
24.01.1981	-99	-99	-99	-99
25.01.1981	-99	-99	-99	-99
26.01.1981	-99	-99	-99	-99
27.01.1981	-99	-99	-99	-99
28.01.1981	-99	-99	-99	-99
29.01.1981	-99	-99	-99	-99
30.01.1981	-99	-99	-99	-99
31.01.1981	-99	-99	-99	-99
01.02.1981	-99	-99	-99	-99
02.02.1981	-99	-99	-99	-99
03.02.1981	-99	-99	-99	-99
04.02.1981	-99	-99	-99	-99
05.02.1981	-99	-99	-99	-99
06.02.1981	-99	-99	-99	-99
07.02.1981	-99	-99	-99	-99
08.02.1981	-99	-99	-99	-99
09.02.1981	-99	-99	-99	-99
10.02.1981	-99	-99	-99	-99
11.02.1981	-99	-99	-99	-99
12.02.1981	-99	-99	-99	-99
13.02.1981	-99	-99	-99	-99
14.02.1981	-99	-99	-99	-99
15.02.1981	-99	-99	-99	-99
16.02.1981	-99	-99	-99	-99
17.02.1981	-99	-99	-99	-99
18.02.1981	-99	-99	-99	-99
19.02.1981	-99	-99	-99	-99
20.02.1981	-99	-99	-99	-99
21.02.1981	-99	-99	-99	-99
22.02.1981	-99	-99	-99	-99
23.02.1981	-99	-99	-99	-99
24.02.1981	-99	-99	-99	-99
25.02.1981	-99	-99	-99	-99
26.02.1981	-99	-99	-99	-99
27.02.1981	-99	-99	-99	-99
28.02.1981	-99	-99	-99	-99
01.03.1981	-99	-99	-99	-99
02.03.1981	-99	-99	-99	-99
03.03.1981	-99	-99	-99	-99
04.03.1981	-99	-99	-99	-99
05.03.1981	-99	-99	-99	-99
06.03.1981	-99	-99	-99	-99
07.03.1981	-99	-99	-99	-99
08.03.1981	-99	-99	-99	-99
09.03.1981	-99	-99	-99	-99
10.03.1981	-99	-99	-99	-99
11.03.1981	-99	-99	-99	-99
12.03.1981	-99	-99	-99	-99
13.03.1981	-99	-99	-99	-99
14.03.1981	-99	-99	-99	-99
15.03.1981	-99	-99	-99	-99
16.03.1981	-99	-99	-99	-99
17.03.1981	-99	-99	-99	-99
18.03.1981	-99	-99	-99	-99
19.03.1981	-99	-99	-99	-99
20.03.1981	-99	-99	-99	-99
21.03.1981	-99	-99	-99	-99
22.03.1981	-99	-99	-99	-99
23.03.1981	-99	-99	-99	-99
24.03.1981	-99	-99	-99	-99
25.03.1981	-99	-99	-99	-99
26.03.1981	-99	-99	-99	-99
27.03.1981	-99	-99	-99	-99
28.03.1981	-99	-99	-99	-99
29.03.1981	-99	-99	-99	-99
30.03.1981	-99	-99	-99	-99
31.03.1981	-99	-99	-99	-99
01.04.1981	-99	-99	-99	-99
02.04.1981	-99	-99	-99	-99
03.04.1981	-99	-99	-99	-99
04.04.1981	-99	-99	-99	-99
05.04.1981	-99	-99	-99	-99
06.04.1981	-99	-99	-99	-99
07.04.1981	-99	-99	-99	-99
08.04.1981	-99	-99	-99	-99
09.04.1981	-99	-99	-99	-99
10.04.1981	-99	-99	-99	-99
11.04.1981	-99	-99	-99	-99
12.04.1981	-99	-99	-99	-99
13.04.1981	-99	-99	-99	-99
14.04.1981	-99	-99	-99	-99
15.04.1981	-99	-99	-99	-99
16.04.1981	-99	-99	-99	-99
17.04.1981	-99	-99	-99	-99
18.04.1981	-99	-99	-99	-99
19.04.1981	-99	-99	-99	-99
20.04.1981	-99	-99	-99	-99
21.04.1981	-99	-99	-99	-99
22.04.1981	-99	-99	-99	-99
23.04.1981	-99	-99	-99	-99
24.04.1981	-99	-99	-99	-99
25.04.1981	-99	-99	-99	-99
26.04.1981	-99	-99	-99	-99
27.04.1981	-99	-99	-99	-99
28.04.1981	-99	-99	-99	-99
29.04.1981	-99	-99	-99	-99
30.04.1981	-99	-99	-99	-99
01.05.1981	-99	-99	-99	-99
02.05.1981	-99	-99	-99	-99
03.05.1981	-99	-99	-99	-99
04.05.1981	-99	-99	-99	-99
05.05.1981	-99	-99	-99	-99
06.05.1981	-99	-99	-99	-99
07.05.1981	-99	-99	-99	-99
08.05.1981	-99	-99	-99	-99
09.05.1981	-99	-99	-99	-99
10.05.1981	-99	-99	-99	-99
11.05.1981	-99	-99	-99	-99
12.05.1981	-99	-99	-99	-99
13.05.1981	-99	-99	-99	-99
14.05.1981	-99	-99	-99	-99
15.05.1981	-99	-99	-99	-99
16.05.1981	-99	-99	-99	-99
17.05.1981	-99	-99	-99	-99
18.05.1981	-99	-99	-99	-99
19.05.1981	-99	-99	-99	-99
20.05.1981	-99	-99	-99	-99
21.05.1981	-99	-99	-99	-99
22.05.1981	-99	-99	-99	-99
23.05.1981	-99	-99	-99	-99
24.05.1981	-99	-99	-99	-99
25.05.1981	-99	-99	-99	-99
26.05.1981	-99	-99	-99	-99
27.05.1981	-99	-99	-99	-99
28.05.1981	-99	-99	-99	-99
29.05.1981	-99	-99	-99	-99
30.05.1981	-99	-99	-99	-99
31.05.1981	-99	-99	-99	-99
01.06.1981	-99	-99	-99	-99
02.06.1981	-99	-99	-99	-99
03.06.1981	-99	-99	-99	-99
04.06.1981	-99	-99	-99	-99
05.06.1981	-99	-99	-99	-99
06.06.1981	-99	-99	-99	-99
07.06.1981	-99	-99	-99	-99
08.06.1981	-99	-99	-99	-99
09.06.1981	-99	-99	-99	-99
10.06.1981	-99	-99	-99	-99
11.06.1981	-99	-99	-99	-99
12.06.1981	-99	-99	-99	-99
13.06.1981	-99	-99	-99	-99
14.06.1981	-99	-99	-99	-99
15.06.1981	-99	-99	-99	-99
16.06.1981	-99	-99	-99	-99
17.06.1981	-99	-99	-99	-99
18.06.1981	-99	-99	-99	-99
19.06.1981	-99	-99	-99	-99
20.06.1981	-99	-99	-99	-99
21.06.1981	-99	-99	-99	-99
22.06.1981	-99	-99	-99	-99
23.06.1981	-99	-99	-99	-99
24.06.1981	-99	-99	-99	-99
25.06.1981	-99	-99	-99	-99
26.06.1981	-99	-99	-99	-99
27.06.1981	-99	-99	-99	-99
28.06.1981	-99	-99	-99	-99
29.06.1981	-99	-99	-99	-99
30.06.1981	-99	-99	-99	-99
01.07.1981	-99	-99	-99	-99
02.07.1981	-99	-99	-99	-99
03.07.1981	-99	-99	-99	-99
04.07.1981	-99	-99	-99	-99
05.07.1981	-99	-99	-99	-99
06.07.1981	-99	-99	-99	-99
07.07.1981	-99	-99	-99	-99
08.07.1981	-99	-99	-99	-99
09.07.1981	-99	-99	-99	-99
10.07.1981	-99	-99	-99	-99
11.07.1981	-99	-99	-99	-99
12.07.1981	-99	-99	-99	-99
13.07.1981	-99	-99	-99	-99
14.07.1981	-99	-99	-99	-99
15.07.1981	-99	-99	-99	-99
16.07.1981	-99	-99	-99	-99
17.07.1981	-99	-99	-99	-99
18.07.1981	-99	-99	-99	-99
19.07.1981	-99	-99	-99	-99
20.07.1981	-99	-99	-99	-99
21.07.1981	-99	-99	-99	-99
22.07.1981	-99	-99	-99	-99
23.07.1981	-99	-99	-99	-99
24.07.1981	-99	-99	-99	-99
25.07.1981	-99	-99	-99	-99
26.07.1981	-99	-99	-99	-99
27.07.1981	-99	-99	-99	-99
28.07.1981	-99	-99	-99	-99
29.07.1981	-99	-99	-99	-99
30.07.1981	-99	-99	-99	-99
31.07.1981	-99	-99	-99	-99
01.08.1981	-99	-99	-99	-99
02.08.1981	-99	-99	-99	-99
03.08.1981	-99	-99	-99	-99
04.08.1981	-99	-99	-99	-99
05.08.1981	-99	-99	-99	-99
06.08.1981	-99	-99	-99	-99
07.08.1981	-99	-99	-99	-99
08.08.1981	-99	-99	-99	-99
09.08.1981	-99	-99	-99	-99
10.08.1981	-99	-99	-99	-99
11.08.1981	-99	-99	-99	-99
12.08.1981	-99	-99	-99	-99
13.08.1981	-99	-99	-99	-99
14.08.1981	-99	-99	-99	-99
15.08.1981	-99	-99	-99	-99
16.08.1981	-99	-99	-99	-99
17.08.1981	-99	-99	-99	-99
18.08.1981	-99	-99	-99	-99
19.08.1981	-99	-99	-99	-99
20.08.1981	-99	-99	-99	-99
21.08.1981	-99	-99	-99	-99
22.08.1981	-99	-99	-99	-99
23.08.1981	-99	-99	-99	-99
24.08.1981	-99	-99	-99	-99
25.08.1981	-99	-99	-99	-99
26.08.1981	-99	-99	-99	-99
27.08.1981	-99	-99	-99	-99
28.08.1981	-99	-99	-99	-99
29.08.1981	-99	-99	-99	-99
30.08.1981	-99	-99	-99	-99
31.08.1981	-99	-99	-99	-99
01.09.1981	-99	-99	-99	-99
02.09.1981	-99	-99	-99	-99
03.09.1981	-99	-99	-99	-99
04.09.1981	-99	-99	-99	-99
05.09.1981	-99	-99	-99	-99
06.09.1981	-99	-99	-99	-99
07.09.1981	-99	-99	-99	-99
08.09.1981	-99	-99	-99	-99
09.09.1981	-99	-99	-99	-99
10.09.1981	-99	-99	-99	-99
11.09.1981	-99	-99	-99	-99
12.09.1981	-99	-99	-99	-99
13.09.1981	-99	-99	-99	-99
14.09.1981	-99	-99	-99	-99
15.09.1981	-99	-99	-99	-99
16.09.1981	-99	-99	-99	-99
17.09.1981	-99	-99	-99	-99
18.09.1981	-99	-99	-99	-99
19.09.1981	-99	-99	-99	-99
20.09.1981	-99	-99	-99	-99
21.09.1981	-99	-99	-99	-99
22.09.1981	-99	-99	-99	-99
23.09.1981	-99	-99	-99	-99
24.09.1981	-99	-99	-99	-99
25.09.1981	-99	-99	-99	-99
26.09.1981	-99	-99	-99	-99
27.09.1981	-99	-99	-99	-99
28.09.1981	-99	-99	-99	-99
29.09.1981	-99	-99	-99	-99
30.09.1981	-99	-99	-99	-99
01.10.1981	-99	-99	-99	-99
02.10.1981	-99	-99	-99	-99
03.10.1981	-99	-99	-99	-99
04.10.1981	-99	-99	-99	-99
05.10.1981	-99	-99	-99	-99
06.10.1981	-99	-99	-99	-99
07.10.1981	-99	-99	-99	-99
08.10.1981	-99	-99	-99	-99
09.10.1981	-99	-99	-99	-99
10.10.1981	-99	-99	-99	-99
11.10.1981	-99	-99	-99	-99
12.10.1981	-99	-99	-99	-99
13.10.1981	-99	-99	-99	-99
14.10.1981	-99	-99	-99	-99
15.10.1981	-99	-99	-99	-99
16.10.1981	-99	-99	-99	-99
17.10.1981	-99	-99	-99	-99
18.10.1981	-99	-99	-99	-99
19.10.1981	-99	-99	-99	-99
20.10.1981	-99	-99	-99	-99
21.10.1981	-99	-99	-99	-99
22.10.1981	-99	-99	-99	-99
23.10.1981	-99	-99	-99	-99
24.10.1981	-99	-99	-99	-99
25.10.1981	-99	-99	-99	-99
26.10.1981	-99	-99	-99	-99
27.10.1981	-99	-99	-99	-99
28.10.1981	-99	-99	-99	-99
29.10.1981	-99	-99	-99	-99
30.10.1981	-99	-99	-99	-99
31.10.1981	-99	-99	-99	-99
01.11.1981	-99	-99	-99	-99
02.11.1981	-99	-99	-99	-99
03.11.1981	-99	-99	-99	-99
04.11.1981	-99	-99	-99	-99
05.11.1981	-99	-99	-99	-99
06.11.1981	-99	-99	-99	-99
07.11.1981	-99	-99	-99	-99
08.11.1981	-99	-99	-99	-99
09.11.1981	-99	-99	-99	-99
10.11.1981	-99	-99	-99	-99
11.11.1981	-99	-99	-99	-99
12.11.1981	-99	-99	-99	-99
13.11.1981	-99	-99	-99	-99
14.11.1981	-99	-99	-99	-99
15.11.1981	-99	-99	-99	-99
16.11.1981	-99	-99	-99	-99
17.11.1981	-99	-99	-99	-99
18.11.1981	-99	-99	-99	-99
19.11.1981	-99	-99	-99	-99
20.11.1981	-99	-99	-99	-99
21.11.1981	-99	-99	-99	-99
22.11.1981	-99	-99	-99	-99
23.11.1981	-99	-99	-99	-99
24.11.1981	-99	-99	-99	-99
25.11.1981	-99	-99	-99	-99
26.11.1981	-99	-99	-99	-99
27.11.1981	-99	-99	-99	-99
28.11.1981	-99	-99	-99	-99
29.11.1981	-99	-99	-99	-99
30.11.1981	-99	-99	-99	-99
01.12.1981	-99	-99	-99	-99
02.12.1981	-99	-99	-99	-99
03.12.1981	-99	-99	-99	-99
04.12.1981	-99	-99	-99	-99
05.12.1981	-99	-99	-99	-99
06.12.1981	-99	-99	-99	-99
07.12.1981	-99	-99	-99	-99
08.12.1981	-99	-99	-99	-99
09.12.1981	-99	-99	-99	-99
10.12.1981	-99	-99	-99	-99
11.12.1981	-99	-99	-99	-99
12.12.1981	-99	-99	-99	-99
13.12.1981	-99	-99	-99	-99
14.12.1981	-99	-99	-99	-99
15.12.1981	-99	-99	-99	-99
16.12.1981	-99	-99	-99	-99
17.12.1981	-99	-99	-99	-99
18.12.1981	-99	-99	-99	-99
19.12.1981	-99	-99	-99	-99
20.12.1981	-99	-99	-99	-99
21.12.1981	-99	-99	-99	-99
22.12.1981	-99	-99	-99	-99
23.12.1981	-99	-99	-99	-99
24.12.1981	-99	-99	-99	-99
25.12.1981	-99	-99	-99	-99
26.12.1981	-99	-99	-99	-99
27.12.1981	-99	-99	-99	-99
28.12.1981	-99	-99	-99	-99
29.12.1981	-99	-99	-99	-99
30.12.1981	-99	-99	-99	-99
31.12.1981	-99	-99	-99	-99
01.01.1982	-99	-99	-99	-99
02.01.1982	-99	-99	-99	-99
03.01.1982	-99	-99	-99	-99
04.01.1982	-99	-99	-99	-99
05.01.1982	-99	-99	-99	-99
06.01.1982	-99	-99	-99	-99
07.01.1982	-99	-99	-99	-99
08.01.1982	-99	-99	-99	-99
09.01.1982	-99	-99	-99	-99
10.01.1982	-99	-99	-99	-99
11.01.1982	-99	-99	-99	-99
12.01.1982	-99	-99	-99	-99
13.01.1982	-99	-99	-99	-99
14.01.1982	-99	-99	-99	-99
15.01.1982	-99	-99	-99	-99
16.01.1982	-99	-99	-99	-99
17.01.1982	-99	-99	-99	-99
18.01.1982	-99	-99	-99	-99
19.01.1982	-99	-99	-99	-99
20.01.1982	-99	-99	-99	-99
21.01.1982	-99	-99	-99	-99
22.01.1982	-99	-99	-99	-99
23.01.1982	-99	-99	-99	-99
24.01.1982	-99	-99	-99	-99
25.01.1982	-99	-99	-99	-99
26.01.1982	-99	-99	-99	-99
27.01.1982	-99	-99	-99	-99
28.01.1982	-99	-99	-99	-99
29.01.1982	-99	-99	-99	-99
30.01.1982	-99	-99	-99	-99
31.01.1982	-99	-99	-99	-99
01.02.1982	-99	-99	-99	-99
02.02.1982	-99	-99	-99	-99
03.02.1982	-99	-99	-99	-99
04.02.1982	-99	-99	-99	-99
05.02.1982	-99	-99	-99	-99
06.02.1982	-99	-99	-99	-99
07.02.1982	-99	-99	-99	-99
08.02.1982	-99	-99	-99	-99
09.02.1982	-99	-99	-99	-99
10.02.1982	-99	-99	-99	-99
11.02.1982	-99	-99	-99	-99
12.02.1982	-99	-99	-99	-99
13.02.1982	-99	-99	-99	-99
14.02.1982	-99	-99	-99	-99
15.02.1982	-99	-99	-99	-99
16.02.1982	-99	-99	-99	-99
17.02.1982	-99	-99	-99	-99
18.02.1982	-99	-99	-99	-99
19.02.1982	-99	-99	-99	-99
20.02.1982	-99	-99	-99	-99
21.02.1982	-99	-99	-99	-99
22.02.1982	-99	-99	-99	-99
23.02.1982	-99	-99	-99	-99
24.02.1982	-99	-99	-99	-99
25.02.1982	-99	-99	-99	-99
26.02.1982	-99	-99	-99	-99
27.02.1982	-99	-99	-99	-99
28.02.1982	-99	-99	-99	-99
01.03.1982	-99	-99	-99	-99
02.03.1982	-99	-99	-99	-99
03.03.1982	-99	-99	-99	-99
04.03.1982	-99	-99	-99	-99
05.03.1982	-99	-99	-99	-99
06.03.1982	-99	-99	-99	-99
07.03.1982	-99	-99	-99	-99
08.03.1982	-99	-99	-99	-99
09.03.1982	-99	-99	-99	-99
10.03.1982	-99	-99	-99	-99
11.03.1982	-99	-99	-99	-99
12.03.1982	-99	-99	-99	-99
13.03.1982	-99	-99	-99	-99
14.03.1982	-99	-99	-99	-99
15.03.1982	-99	-99	-99	-99
16.03.1982	-99	-99	-99	-99
17.03.1982	-99	-99	-99	-99
18.03.1982	-99	-99	-99	-99
19.03.1982	-99	-99	-99	-99
20.03.1982	-99	-99	-99	-99
21.03.1982	-99	-99	-99	-99
22.03.1982	-99	-99	-99	-99
23.03.1982	-99	-99	-99	-99
24.03.1982	-99	-99	-99	-99
25.03.1982	-99	-99	-99	-99
26.03.1982	-99	-99	-99	-99
27.03.1982	-99	-99	-99	-99
28.03.1982	-99	-99	-99	-99
29.03.1982	-99	-99	-99	-99
30.03.1982	-99	-99	-99	-99
31.03.1982	-99	-99	-99	-99
01.04.1982	-99	-99	-99	-99
02.04.1982	-99	-99	-99	-99
03.04.1982	-99	-99	-99	-99
04.04.1982	-99	-99	-99	-99
05.04.1982	-99	-99	-99	-99
06.04.1982	-99	-99	-99	-99
07.04.1982	-99	-99	-99	-99
08.04.1982	-99	-99	-99	-99
09.04.1982	-99	-99	-99	-99
10.04.1982	-99	-99	-99	-99
11.04.1982	-99	-99	-99	-99
12.04.1982	-99	-99	-99	-99
13.04.1982	-99	-99	-99	-99
14.04.1982	-99	-99	-99	-99
15.04.1982	-99	-99	-99	-99
16.04.1982	-99	-99	-99	-99
17.04.1982	-99	-99	-99	-99
18.04.1982	-99	-99	-99	-99
19.04.1982	-99	-99	-99	-99
20.04.1982	-99	-99	-99	-99
21.04.1982	-99	-99	-99	-99
22.04.1982	-99	-99	-99	-99
23.04.1982	-99	-99	-99	-99
24.04.1982	-99	-99	-99	-99
25.04.1982	-99	-99	-99	-99
26.04.1982	-99	-99	-99	-99
27.04.1982	-99	-99	-99	-99
28.04.1982	-99	-99	-99	-99
29.04.1982	-99	-99	-99	-99
30.04.1982	-99	-99	-99	-99
01.05.1982	-99	-99	-99	-99
02.05.1982	-99	-99	-99	-99
03.05.1982	-99	-99	-99	-99
04.05.1982	-99	-99	-99	-99
05.05.1982	-99	-99	-99	-99
06.05.1982	-99	-99	-99	-99
07.05.1982	-99	-99	-99	-99
08.05.1982	-99	-99	-99	-99
09.05.1982	-99	-99	-99	-99
10.05.1982	-99	-99	-99	-99
11.05.1982	-99	-99	-99	-99
12.05.1982	-99	-99	-99	-99
13.05.1982	-99	-99	-99	-99
14.05.1982	-99	-99	-99	-99
15.05.1982	-99	-99	-99	-99
16.05.1982	-99	-99	-99	-99
17.05.1982	-99	-99	-99	-99
18.05.1982	-99	-99	-99	-99
19.05.1982	-99	-99	-99	-99
20.05.1982	-99	-99	-99	-99
21.05.1982	-99	-99	-99	-99
22.05.1982	-99	-99	-99	-99
23.05.1982	-99	-99	-99	-99
24.05.1982	-99	-99	-99	-99
25.05.1982	-99	-99	-99	-99
26.05.1982	-99	-99	-99	-99
27.05.1982	-99	-99	-99	-99
28.05.1982	-99	-99	-99	-99
29.05.1982	-99	-99	-99	-99
30.05.1982	-99	-99	-99	-99
31.05.1982	-99	-99	-99	-99
01.06.1982	-99	-99	-99	-99
02.06.1982	-99	-99	-99	-99
03.06.1982	-99	-99	-99	-99
04.06.1982	-99	-99	-99	-99
05.06.1982	-99	-99	-99	-99
06.06.1982	-99	-99	-99	-99
07.06.1982	-99	-99	-99	-99
08.06.1982	-99	-99	-99	-99
09.06.1982	-99	-99	-99	-99
10.06.1982	-99	-99	-99	-99
11.06.1982	-99	-99	-99	-99
12.06.1982	-99	-99	-99	-99
13.06.1982	-99	-99	-99	-99
14.06.1982	-99	-99	-99	-99
15.06.1982	-99	-99	-99	-99
16.06.1982	-99	-99	-99	-99
17.06.1982	-99	-99	-99	-99
18.06.1982	-99	-99	-99	-99
19.06.1982	-99	-99	-99	-99
20.06.1982	-99	-99	-99	-99
21.06.1982	-99	-99	-99	-99
22.06.1982	-99	-99	-99	-99
23.06.1982	-99	-99	-99	-99
24.06.1982	-99	-99	-99	-99
25.06.1982	-99	-99	-99	-99
26.06.1982	-99	-99	-99	-99
27.06.1982	-99	-99	-99	-99
28.06.1982	-99	-99	-99	-99
29.06.1982	-99	-99	-99	-99
30.06.1982	-99	-99	-99	-99
01.07.1982	-99	-99	-99	-99
02.07.1982	-99	-99	-99	-99
03.07.1982	-99	-99	-99	-99
04.07.1982	-99	-99	-99	-99
05.07.1982	-99	-99	-99	-99
06.07.1982	-99	-99	-99	-99
07.07.1982	-99	-99	-99	-99
08.07.1982	-99	-99	-99	-99
09.07.1982	-99	-99	-99	-99
10.07.1982	-99	-99	-99	-99
11.07.1982	-99	-99	-99	-99
12.07.1982	-99	-99	-99	-99
13.07.1982	-99	-99	-99	-99
14.07.1982	-99	-99	-99	-99
15.07.1982	-99	-99	-99	-99
16.07.1982	-99	-99	-99	-99
17.07.1982	-99	-99	-99	-99
18.07.1982	-99	-99	-99	-99
19.07.1982	-99	-99	-99	-99
20.07.1982	-99	-99	-99	-99
21.07.1982	-99	-99	-99	-99
22.07.1982	-99	-99	-99	-99
23.07.1982	-99	-99	-99	-99
24.07.1982	-99	-99	-99	-99
25.07.1982	-99	-99	-99	-99
26.07.1982	-99	-99	-99	-99
27.07.1982	-99	-99	-99	-99
28.07.1982	-99	-99	-99	-99
29.07.1982	-99	-99	-99	-99
30.07.1982	-99	-99	-99	-99
31.07.1982	-99	-99	-99	-99
01.08.1982	-99	-99	-99	-99
02.08.1982	-99	-99	-99	-99
03.08.1982	-99	-99	-99	-99
04.08.1982	-99	-99	-99	-99
05.08.1982	-99	-99	-99	-99
06.08.1982	-99	-99	-99	-99
07.08.1982	-99	-99	-99	-99
08.08.1982	-99	-99	-99	-99
09.08.1982	-99	-99	-99	-99
10.08.1982	-99	-99	-99	-99
11.08.1982	-99	-99	-99	-99
12.08.1982	-99	-99	-99	-99
13.08.1982	-99	-99	-99	-99
14.08.1982	-99	-99	-99	-99
15.08.1982	-99	-99	-99	-99
16.08.1982	-99	-99	-99	-99
17.08.1982	-99	-99	-99	-99
18.08.1982	-99	-99	-99	-99
19.08.1982	-99	-99	-99	-99
20.08.1982	-99	-99	-99	-99
21.08.1982	-99	-99	-99	-99
22.08.1982	-99	-99	-99	-99
23.08.1982	-99	-99	-99	-99
24.08.1982	-99	-99	-99	-99
25.08.1982	-99	-99	-99	-99
26.08.1982	-99	-99	-99	-99
27.08.1982	-99	-99	-99	-99
28.08.1982	-99	-99	-99	-99
29.08.1982	-99	-99	-99	-99
30.08.1982	-99	-99	-99	-99
31.08.1982	-99	-99	-99	-99
01.09.1982	-99	-99	-99	-99
02.09.1982	-99	-99	-99	-99
03.09.1982	-99	-99	-99	-99
04.09.1982	-99	-99	-99	-99
05.09.1982	-99	-99	-99	-99
06.09.1982	-99	-99	-99	-99
07.09.1982	-99	-99	-99	-99
08.09.1982	-99	-99	-99	-99
09.09.1982	-99	-99	-99	-99
10.09.1982	-99	-99	-99	-99
11.09.1982	-99	-99	-99	-99
12.09.1982	-99	-99	-99	-99
13.09.1982	-99	-99	-99	-99
14.09.1982	-99	-99	-99	-99
15.09.1982	-99	-99	-99	-99
16.09.1982	-99	-99	-99	-99
17.09.1982	-99	-99	-99	-99
18.09.1982	-99	-99	-99	-99
19.09.1982	-99	-99	-99	-99
20.09.1982	-99	-99	-99	-99
21.09.1982	-99	-99	-99	-99
22.09.1982	-99	-99	-99	-99
23.09.1982	-99	-99	-99	-99
24.09.1982	-99	-99	-99	-99
25.09.1982	-99	-99	-99	-99
26.09.1982	-99	-99	-99	-99
27.09.1982	-99	-99	-99	-99
28.09.1982	-99	-99	-99	-99
29.09.1982	-99	-99	-99	-99
30.09.1982	-99	-99	-99	-99
01.10.1982	-99	-99	-99	-99
02.10.1982	-99	-99	-99	-99
03.10.1982	-99	-99	-99	-99
04.10.1982	-99	-99	-99	-99
05.10.1982	-99	-99	-99	-99
06.10.1982	-99	-99	-99	-99
07.10.1982	-99	-99	-99	-99
08.10.1982	-99	-99	-99	-99
09.10.1982	-99	-99	-99	-99
10.10.1982	-99	-99	-99	-99
11.10.1982	-99	-99	-99	-99
12.10.1982	-99	-99	-99	-99
13.10.1982	-99	-99	-99	-99
14.10.1982	-99	-99	-99	-99
15.10.1982	-99	-99	-99	-99
16.10.1982	-99	-99	-99	-99
17.10.1982	-99	-99	-99	-99
18.10.1982	-99	-99	-99	-99
19.10.1982	-99	-99	-99	-99
20.10.1982	-99	-99	-99	-99
21.10.1982	-99	-99	-99	-99
22.10.1982	-99	-99	-99	-99
23.10.1982	-99	-99	-99	-99
24.10.1982	-99	-99	-99	-99
25.10.1982	-99	-99	-99	-99
26.10.1982	-99	-99	-99	-99
27.10.1982	-99	-99	-99	-99
28.10.1982	-99	-99	-99	-99
29.10.1982	-99	-99	-99	-99
30.10.1982	-99	-99	-99	-99
31.10.1982	-99	-99	-99	-99
01.11.1982	-99	-99	-99	-99
02.11.1982	-99	-99	-99	-99
03.11.1982	-99	-99	-99	-99
04.11.1982	-99	-99	-99	-99
05.11.1982	-99	-99	-99	-99
06.11.1982	-99	-99	-99	-99
07.11.1982	-99	-99	-99	-99
08.11.1982	-99	-99	-99	-99
09.11.1982	-99	-99	-99	-99
10.11.1982	-99	-99	-99	-99
11.11.1982	-99	-99	-99	-99
12.11.1982	-99	-99	-99	-99
13.11.1982	-99	-99	-99	-99
14.11.1982	-99	-99	-99	-99
15.11.1982	-99	-99	-99	-99
16.11.1982	-99	-99	-99	-99
17.11.1982	-99	-99	-99	-99
18.11.1982	-99	-99	-99	-99
19.11.1982	-99	-99	-99	-99
20.11.1982	-99	-99	-99	-99
21.11.1982	-99	-99	-99	-99
22.11.1982	-99	-99	-99	-99
23.11.1982	-99	-99	-99	-99
24.11.1982	-99	-99	-99	-99
25.11.1982	-99	-99	-99	-99
26.11.1982	-99	-99	-99	-99
27.11.1982	-99	-99	-99	-99
28.11.1982	-99	-99	-99	-99
29.11.1982	-99	-99	-99	-99
30.11.1982	-99	-99	-99	-99
01.12.1982	-99	-99	-99	-99
02.12.1982	-99	-99	-99	-99
03.12.1982	-99	-99	-99	-99
04.12.1982	-99	-99	-99	-99
05.12.1982	-99	-99	-99	-99
06.12.1982	-99	-99	-99	-99
07.12.1982	-99	-99	-99	-99
08.12.1982	-99	-99	-99	-99
09.12.1982	-99	-99	-99	-99
10.12.1982	-99	-99	-99	-99
11.12.1982	-99	-99	-99	-99
12.12.1982	-99	-99	-99	-99
13.12.1982	-99	-99	-99	-99
14.12.1982	-99	-99	-99	-99
15.12.1982	-99	-99	-99	-99
16.12.1982	-99	-99	-99	-99
17.12.1982	-99	-99	-99	-99
18.12.1982	-99	-99	-99	-99
19.12.1982	-99	-99	-99	-99
20.12.1982	-99	-99	-99	-99
21.12.1982	-99	-99	-99	-99
22.12.1982	-99	-99	-99	-99
23.12.1982	-99	-99	-99	-99
24.12.1982	-99	-99	-99	-99
25.12.1982	-99	-99	-99	-99
26.12.1982	-99	-99	-99	-99
27.12.1982	-99	-99	-99	-99
28.12.1982	-99	-99	-99	-99
29.12.1982	-99	-99	-99	-99
30.12.1982	-99	-99	-99	-99
31.12.1982	-99	-99	-99	-99
01.01.1983	-99	-99	-99	-99
02.01.1983	-99	-99	-99	-99
03.01.1983	-99	-99	-99	-99
04.01.1983	-99	-99	-99	-99
05.01.1983	-99	-99	-99	-99
06.01.1983	-99	-99	-99	-99
07.01.1983	-99	-99	-99	-99
08.01.1983	-99	-99	-99	-99
09.01.1983	-99	-99	-99	-99
10.01.1983	-99	-99	-99	-99
11.01.1983	-99	-99	-99	-99
12.01.1983	-99	-99	-99	-99
13.01.1983	-99	-99	-99	-99
14.01.1983	-99	-99	-99	-99
15.01.1983	-99	-99	-99	-99
16.01.1983	-99	-99	-99	-99
17.01.1983	-99	-99	-99	-99
18.01.1983	-99	-99	-99	-99
19.01.1983	-99	-99	-99	-99
20.01.1983	-99	-99	-99	-99
21.01.1983	-99	-99	-99	-99
22.01.1983	-99	-99	-99	-99
23.01.1983	-99	-99	-99	-99
24.01.1983	-99	-99	-99	-99
25.01.1983	-99	-99	-99	-99
26.01.1983	-99	-99	-99	-99
27.01.1983	-99	-99	-99	-99
28.01.1983	-99	-99	-99	-99
29.01.1983	-99	-99	-99	-99
30.01.1983	-99	-99	-99	-99
31.01.1983	-99	-99	-99	-99
01.02.1983	-99	-99	-99	-99
02.02.1983	-99	-99	-99	-99
03.02.1983	-99	-99	-99	-99
04.02.1983	-99	-99	-99	-99
05.02.1983	-99	-99	-99	-99
06.02.1983	-99	-99	-99	-99
07.02.1983	-99	-99	-99	-99
08.02.1983	-99	-99	-99	-99
09.02.1983	-99	-99	-99	-99
10.02.1983	-99	-99	-99	-99
11.02.1983	-99	-99	-99	-99
12.02.1983	-99	-99	-99	-99
13.02.1983	-99	-99	-99	-99
14.02.1983	-99	-99	-99	-99
15.02.1983	-99	-99	-99	-99
16.02.1983	-99	-99	-99	-99
17.02.1983	-99	-99	-99	-99
18.02.1983	-99	-99	-99	-99
19.02.1983	-99	-99	-99	-99
20.02.1983	-99	-99	-99	-99
21.02.1983	-99	-99	-99	-99
22.02.1983	-99	-99	-99	-99
23.02.1983	-99	-99	-99	-99
24.02.1983	-99	-99	-99	-99
25.02.1983	-99	-99	-99	-99
26.02.1983	-99	-99	-99	-99
27.02.1983	-99	-99	-99	-99
28.02.1983	-99	-99	-99	-99
01.03.1983	-99	-99	-99	-99
02.03.1983	-99	-99	-99	-99
03.03.1983	-99	-99	-99	-99
04.03.1983	-99	-99	-99	-99
05.03.1983	-99	-99	-99	-99
06.03.1983	-99	-99	-99	-99
07.03.1983	-99	-99	-99	-99
08.03.1983	-99	-99	-99	-99
09.03.1983	-99	-99	-99	-99
10.03.1983	-99	-99	-99	-99
11.03.1983	-99	-99	-99	-99
12.03.1983	-99	-99	-99	-99
13.03.1983	-99	-99	-99	-99
14.03.1983	-99	-99	-99	-99
15.03.1983	-99	-99	-99	-99
16.03.1983	-99	-99	-99	-99
17.03.1983	-99	-99	-99	-99
18.03.1983	-99	-99	-99	-99
19.03.1983	-99	-99	-99	-99
20.03.1983	-99	-99	-99	-99
21.03.1983	-99	-99	-99	-99
22.03.1983	-99	-99	-99	-99
23.03.1983	-99	-99	-99	-99
24.03.1983	-99	-99	-99	-99
25.03.1983	-99	-99	-99	-99
26.03.1983	-99	-99	-99	-99
27.03.1983	-99	-99	-99	-99
28.03.1983	-99	-99	-99	-99
29.03.1983	-99	-99	-99	-99
30.03.1983	-99	-99	-99	-99
31.03.1983	-99	-99	-99	-99
01.04.1983	-99	-99	-99	-99
02.04.1983	-99	-99	-99	-99
03.04.1983	-99	-99	-99	-99
04.04.1983	-99	-99	-99	-99
05.04.1983	-99	-99	-99	-99
06.04.1983	-99	-99	-99	-99
07.04.1983	-99	-99	-99	-99
08.04.1983	-99	-99	-99	-99
09.04.1983	-99	-99	-99	-99
10.04.1983	-99	-99	-99	-99
11.04.1983	-99	-99	-99	-99
12.04.1983	-99	-99	-99	-99
13.04.1983	-99	-99	-99	-99
14.04.1983	-99	-99	-99	-99
15.04.1983	-99	-99	-99	-99
16.04.1983	-99	-99	-99	-99
17.04.1983	-99	-99	-99	-99
18.04.1983	-99	-99	-99	-99
19.04.1983	-99	-99	-99	-99
20.04.1983	-99	-99	-99	-99
21.04.1983	-99	-99	-99	-99
22.04.1983	-99	-99	-99	-99
23.04.1983	-99	-99	-99	-99
24.04.1983	-99	-99	-99	-99
25.04.1983	-99	-99	-99	-99
26.04.1983	-99	-99	-99	-99
27.04.1983	-99	-99	-99	-99
28.04.1983	-99	-99	-99	-99
29.04.1983	-99	-99	-99	-99
30.04.1983	-99	-99	-99	-99
01.05.1983	-99	-99	-99	-99
02.05.1983	-99	-99	-99	-99
03.05.1983	-99	-99	-99	-99
04.05.1983	-99	-99	-99	-99
05.05.1983	-99	-99	-99	-99
06.05.1983	-99	-99	-99	-99
07.05.1983	-99	-99	-99	-99
08.05.1983	-99	-99	-99	-99
09.05.1983	-99	-99	-99	-99
10.05.1983	-99	-99	-99	-99
11.05.1983	-99	-99	-99	-99
12.05.1983	-99	-99	-99	-99
13.05.1983	-99	-99	-99	-99
14.05.1983	-99	-99	-99	-99
15.05.1983	-99	-99	-99	-99
16.05.1983	-99	-99	-99	-99
17.05.1983	-99	-99	-99	-99
18.05.1983	-99	-99	-99	-99
19.05.1983	-99	-99	-99	-99
20.05.1983	-99	-99	-99	-99
21.05.1983	-99	-99	-99	-99
22.05.1983	-99	-99	-99	-99
23.05.1983	-99	-99	-99	-99
24.05.1983	-99	-99	-99	-99
25.05.1983	-99	-99	-99	-99
26.05.1983	-99	-99	-99	-99
27.05.1983	-99	-99	-99	-99
28.05.1983	-99	-99	-99	-99
29.05.1983	-99	-99	-99	-99
30.05.1983	-99	-99	-99	-99
31.05.1983	-99	-99	-99	-99
01.06.1983	-99	-99	-99	-99
02.06.1983	-99	-99	-99	-99
03.06.1983	-99	-99	-99	-99
04.06.1983	-99	-99	-99	-99
05.06.1983	-99	-99	-99	-99
06.06.1983	-99	-99	-99	-99
07.06.1983	-99	-99	-99	-99
08.06.1983	-99	-99	-99	-99
09.06.1983	-99	-99	-99	-99
10.06.1983	-99	-99	-99	-99
11.06.1983	-99	-99	-99	-99
12.06.1983	-99	-99	-99	-99
13.06.1983	-99	-99	-99	-99
14.06.1983	-99	-99	-99	-99
15.06.1983	-99	-99	-99	-99
16.06.1983	-99	-99	-99	-99
17.06.1983	-99	-99	-99	-99
18.06.1983	-99	-99	-99	-99
19.06.1983	-99	-99	-99	-99
20.06.1983	-99	-99	-99	-99
21.06.1983	-99	-99	-99	-99
22.06.1983	-99	-99	-99	-99
23.06.1983	-99	-99	-99	-99
24.06.1983	-99	-99	-99	-99
25.06.1983	-99	-99	-99	-99
26.06.1983	-99	-99	-99	-99
27.06.1983	-99	-99	-99	-99
28.06.1983	-99	-99	-99	-99
29.06.1983	-99	-99	-99	-99
30.06.1983	-99	-99	-99	-99
01.07.1983	-99	-99	-99	-99
02.07.1983	-99	-99	-99	-99
03.07.1983	-99	-99	-99	-99
04.07.1983	-99	-99	-99	-99
05.07.1983	-99	-99	-99	-99
06.07.1983	-99	-99	-99	-99
07.07.1983	-99	-99	-99	-99
08.07.1983	-99	-99	-99	-99
09.07.1983	-99	-99	-99	-99
10.07.1983	-99	-99	-99	-99
11.07.1983	-99	-99	-99	-99
12.07.1983	-99	-99	-99	-99
13.07.1983	-99	-99	-99	-99
14.07.1983	-99	-99	-99	-99
15.07.1983	-99	-99	-99	-99
16.07.1983	-99	-99	-99	-99
17.07.1983	-99	-99	-99	-99
18.07.1983	-99	-99	-99	-99
19.07.1983	-99	-99	-99	-99
20.07.1983	-99	-99	-99	-99
21.07.1983	-99	-99	-99	-99
22.07.1983	-99	-99	-99	-99
23.07.1983	-99	-99	-99	-99
24.07.1983	-99	-99	-99	-99
25.07.1983	-99	-99	-99	-99
26.07.1983	-99	-99	-99	-99
27.07.1983	-99	-99	-99	-99
28.07.1983	-99	-99	-99	-99
29.07.1983	-99	-99	-99	-99
30.07.1983	-99	-99	-99	-99
31.07.1983	-99	-99	-99	-99
01.08.1983	-99	-99	-99	-99
02.08.1983	-99	-99	-99	-99
03.08.1983	-99	-99	-99	-99
04.08.1983	-99	-99	-99	-99
05.08.1983	-99	-99	-99	-99
06.08.1983	-99	-99	-99	-99
07.08.1983	-99	-99	-99	-99
08.08.1983	-99	-99	-99	-99
09.08.1983	-99	-99	-99	-99
10.08.1983	-99	-99	-99	-99
11.08.1983	-99	-99	-99	-99
12.08.1983	-99	-99	-99	-99
13.08.1983	-99	-99	-99	-99
14.08.1983	-99	-99	-99	-99
15.08.1983	-99	-99	-99	-99
16.08.1983	-99	-99	-99	-99
17.08.1983	-99	-99	-99	-99
18.08.1983	-99	-99	-99	-99
19.08.1983	-99	-99	-99	-99
20.08.1983	-99	-99	-99	-99
21.08.1983	-99	-99	-99	-99
22.08.1983	-99	-99	-99	-99
23.08.1983	-99	-99	-99	-99
24.08.1983	-99	-99	-99	-99
25.08.1983	-99	-99	-99	-99
26.08.1983	-99	-99	-99	-99
27.08.1983	-99	-99	-99	-99
28.08.1983	-99	-99	-99	-99
29.08.1983	-99	-99	-99	-99
30.08.1983	-99	-99	-99	-99
31.08.1983	-99	-99	-99	-99
01.09.1983	-99	-99	-99	-99
02.09.1983	-99	-99	-99	-99
03.09.1983	-99	-99	-99	-99
04.09.1983	-99	-99	-99	-99
05.09.1983	-99	-99	-99	-99
06.09.1983	-99	-99	-99	-99
07.09.1983	-99	-99	-99	-99
08.09.1983	-99	-99	-99	-99
09.09.1983	-99	-99	-99	-99
10.09.1983	-99	-99	-99	-99
11.09.1983	-99	-99	-99	-99
12.09.1983	-99	-99	-99	-99
13.09.1983	-99	-99	-99	-99
14.09.1983	-99	-99	-99	-99
15.09.1983	-99	-99	-99	-99
16.09.1983	-99	-99	-99	-99
17.09.1983	-99	-99	-99	-99
18.09.1983	-99	-99	-99	-99
19.09.1983	-99	-99	-99	-99
20.09.1983	-99	-99	-99	-99
21.09.1983	-99	-99	-99	-99
22.09.1983	-99	-99	-99	-99
23.09.1983	-99	-99	-99	-99
24.09.1983	-99	-99	-99	-99
25.09.1983	-99	-99	-99	-99
26.09.1983	-99	-99	-99	-99
27.09.1983	-99	-99	-99	-99
28.09.1983	-99	-99	-99	-99
29.09.1983	-99	-99	-99	-99
30.09.1983	-99	-99	-99	-99
01.10.1983	-99	-99	-99	-99
02.10.1983	-99	-99	-99	-99
03.10.1983	-99	-99	-99	-99
04.10.1983	-99	-99	-99	-99
05.10.1983	-99	-99	-99	-99
06.10.1983	-99	-99	-99	-99
07.10.1983	-99	-99	-99	-99
08.10.1983	-99	-99	-99	-99
09.10.1983	-99	-99	-99	-99
10.10.1983	-99	-99	-99	-99
11.10.1983	-99	-99	-99	-99
12.10.1983	-99	-99	-99	-99
13.10.1983	-99	-99	-99	-99
14.10.1983	-99	-99	-99	-99
15.10.1983	-99	-99	-99	-99
16.10.1983	-99	-99	-99	-99
17.10.1983	-99	-99	-99	-99
18.10.1983	-99	-99	-99	-99
19.10.1983	-99	-99	-99	-99
20.10.1983	-99	-99	-99	-99
21.10.1983	-99	-99	-99	-99
22.10.1983	-99	-99	-99	-99
23.10.1983	-99	-99	-99	-99
24.10.1983	-99	-99	-99	-99
25.10.1983	-99	-99	-99	-99
26.10.1983	-99	-99	-99	-99
27.10.1983	-99	-99	-99	-99
28.10.1983	-99	-99	-99	-99
29.10.1983	-99	-99	-99	-99
30.10.1983	-99	-99	-99	-99
31.10.1983	-99	-99	-99	-99
01.11.1983	-99	-99	-99	-99
02.11.1983	-99	-99	-99	-99
03.11.1983	-99	-99	-99	-99
04.11.1983	-99	-99	-99	-99
05.11.1983	-99	-99	-99	-99
06.11.1983	-99	-99	-99	-99
07.11.1983	-99	-99	-99	-99
08.11.1983	-99	-99	-99	-99
09.11.1983	-99	-99	-99	-99
10.11.1983	-99	-99	-99	-99
11.11.1983	-99	-99	-99	-99
12.11.1983	-99	-99	-99	-99
13.11.1983	-99	-99	-99	-99
14.11.1983	-99	-99	-99	-99
15.11.1983	-99	-99	-99	-99
16.11.1983	-99	-99	-99	-99
17.11.1983	-99	-99	-99	-99
18.11.1983	-99	-99	-99	-99
19.11.1983	-99	-99	-99	-99
20.11.1983	-99	-99	-99	-99
21.11.1983	-99	-99	-99	-99
22.11.1983	-99	-99	-99	-99
23.11.1983	-99	-99	-99	-99
24.11.1983	-99	-99	-99	-99
25.11.1983	-99	-99	-99	-99
26.11.1983	-99	-99	-99	-99
27.11.1983	-99	-99	-99	-99
28.11.1983	-99	-99	-99	-99
29.11.1983	-99	-99	-99	-99
30.11.1983	-99	-99	-99	-99
01.12.1983	-99	-99	-99	-99
02.12.1983	-99	-99	-99	-99
03.12.1983	-99	-99	-99	-99
04.12.1983	-99	-99	-99	-99
05.12.1983	-99	-99	-99	-99
06.12.1983	-99	-99	-99	-99
07.12.1983	-99	-99	-99	-99
08.12.1983	-99	-99	-99	-99
09.12.1983	-99	-99	-99	-99
10.12.1983	-99	-99	-99	-99
11.12.1983	-99	-99	-99	-99
12.12.1983	-99	-99	-99	-99
13.12.1983	-99	-99	-99	-99
14.12.1983	-99	-99	-99	-99
15.12.1983	-99	-99	-99	-99
16.12.1983	-99	-99	-99	-99
17.12.1983	-99	-99	-99	-99
18.12.1983	-99	-99	-99	-99
19.12.1983	-99	-99	-99	-99
20.12.1983	-99	-99	-99	-99
21.12.1983	-99	-99	-99	-99
22.12.1983	-99	-99	-99	-99
23.12.1983	-99	-99	-99	-99
24.12.1983	-99	-99	-99	-99
25.12.1983	-99	-99	-99	-99
26.12.1983	-99	-99	-99	-99
27.12.1983	-99	-99	-99	-99
28.12.1983	-99	-99	-99	-99
29.12.1983	-99	-99	-99	-99
30.12.1983	-99	-99	-99	-99
31.12.1983	-99	-99	-99	-99
01.01.1984	-99	-99	-99	-99
02.01.1984	-99	-99	-99	-99
03.01.1984	-99	-99	-99	-99
04.01.1984	-99	-99	-99	-99
05.01.1984	-99	-99	-99	-99
06.01.1984	-99	-99	-99	-99
07.01.1984	-99	-99	-99	-99
08.01.1984	-99	-99	-99	-99
09.01.1984	-99	-99	-99	-99
10.01.1984	-99	-99	-99	-99
11.01.1984	-99	-99	-99	-99
12.01.1984	-99	-99	-99	-99
13.01.1984	-99	-99	-99	-99
14.01.1984	-99	-99	-99	-99
15.01.1984	-99	-99	-99	-99
16.01.1984	-99	-99	-99	-99
17.01.1984	-99	-99	-99	-99
18.01.1984	-99	-99	-99	-99
19.01.1984	-99	-99	-99	-99
20.01.1984	-99	-99	-99	-99
21.01.1984	-99	-99	-99	-99
22.01.1984	-99	-99	-99	-99
23.01.1984	-99	-99	-99	-99
24.01.1984	-99	-99	-99	-99
25.01.1984	-99	-99	-99	-99
26.01.1984	-99	-99	-99	-99
27.01.1984	-99	-99	-99	-99
28.01.1984	-99	-99	-99	-99
29.01.1984	-99	-99	-99	-99
30.01.1984	-99	-99	-99	-99
31.01.1984	-99	-99	-99	-99
01.02.1984	-99	-99	-99	-99
02.02.1984	-99	-99	-99	-99
03.02.1984	-99	-99	-99	-99
04.02.1984	-99	-99	-99	-99
05.02.1984	-99	-99	-99	-99
06.02.1984	-99	-99	-99	-99
07.02.1984	-99	-99	-99	-99
08.02.1984	-99	-99	-99	-99
09.02.1984	-99	-99	-99	-99
10.02.1984	-99	-99	-99	-99
11.02.1984	-99	-99	-99	-99
12.02.1984	-99	-99	-99	-99
13.02.1984	-99	-99	-99	-99
14.02.1984	-99	-99	-99	-99
15.02.1984	-99	-99	-99	-99
16.02.1984	-99	-99	-99	-99
17.02.1984	-99	-99	-99	-99
18.02.1984	-99	-99	-99	-99
19.02.1984	-99	-99	-99	-99
20.02.1984	-99	-99	-99	-99
21.02.1984	-99	-99	-99	-99
22.02.1984	-99	-99	-99	-99
23.02.1984	-99	-99	-99	-99
24.02.1984	-99	-99	-99	-99
25.02.1984	-99	-99	-99	-99
26.02.1984	-99	-99	-99	-99
27.02.1984	-99	-99	-99	-99
28.02.1984	-99	-99	-99	-99
29.02.1984	-99	-99	-99	-99
01.03.1984	-99	-99	-99	-99
02.03.1984	-99	-99	-99	-99
03.03.1984	-99	-99	-99	-99
04.03.1984	-99	-99	-99	-99
05.03.1984	-99	-99	-99	-99
06.03.1984	-99	-99	-99	-99
07.03.1984	-99	-99	-99	-99
08.03.1984	-99	-99	-99	-99
09.03.1984	-99	-99	-99	-99
10.03.1984	-99	-99	-99	-99
11.03.1984	-99	-99	-99	-99
12.03.1984	-99	-99	-99	-99
13.03.1984	-99	-99	-99	-99
14.03.1984	-99	-99	-99	-99
15.03.1984	-99	-99	-99	-99
16.03.1984	-99	-99	-99	-99
17.03.1984	-99	-99	-99	-99
18.03.1984	-99	-99	-99	-99
19.03.1984	-99	-99	-99	-99
20.03.1984	-99	-99	-99	-99
21.03.1984	-99	-99	-99	-99
22.03.1984	-99	-99	-99	-99
23.03.1984	-99	-99	-99	-99
24.03.1984	-99	-99	-99	-99
25.03.1984	-99	-99	-99	-99
26.03.1984	-99	-99	-99	-99
27.03.1984	-99	-99	-99	-99
28.03.1984	-99	-99	-99	-99
29.03.1984	-99	-99	-99	-99
30.03.1984	-99	-99	-99	-99
31.03.1984	-99	-99	-99	-99
01.04.1984	-99	-99	-99	-99
02.04.1984	-99	-99	-99	-99
03.04.1984	-99	-99	-99	-99
04.04.1984	-99	-99	-99	-99
05.04.1984	-99	-99	-99	-99
06.04.1984	-99	-99	-99	-99
07.04.1984	-99	-99	-99	-99
08.04.1984	-99	-99	-99	-99
09.04.1984	-99	-99	-99	-99
10.04.1984	-99	-99	-99	-99
11.04.1984	-99	-99	-99	-99
12.04.1984	-99	-99	-99	-99
13.04.1984	-99	-99	-99	-99
14.04.1984	-99	-99	-99	-99
15.04.1984	-99	-99	-99	-99
16.04.1984	-99	-99	-99	-99
17.04.1984	-99	-99	-99	-99
18.04.1984	-99	-99	-99	-99
19.04.1984	-99	-99	-99	-99
20.04.1984	-99	-99	-99	-99
21.04.1984	-99	-99	-99	-99
22.04.1984	-99	-99	-99	-99
23.04.1984	-99	-99	-99	-99
24.04.1984	-99	-99	-99	-99
25.04.1984	-99	-99	-99	-99
26.04.1984	-99	-99	-99	-99
27.04.1984	-99	-99	-99	-99
28.04.1984	-99	-99	-99	-99
29.04.1984	-99	-99	-99	-99
30.04.1984	-99	-99	-99	-99
01.05.1984	-99	-99	-99	-99
02.05.1984	-99	-99	-99	-99
03.05.1984	-99	-99	-99	-99
04.05.1984	-99	-99	-99	-99
05.05.1984	-99	-99	-99	-99
06.05.1984	-99	-99	-99	-99
07.05.1984	-99	-99	-99	-99
08.05.1984	-99	-99	-99	-99
09.05.1984	-99	-99	-99	-99
10.05.1984	-99	-99	-99	-99
11.05.1984	-99	-99	-99	-99
12.05.1984	-99	-99	-99	-99
13.05.1984	-99	-99	-99	-99
14.05.1984	-99	-99	-99	-99
15.05.1984	-99	-99	-99	-99
16.05.1984	-99	-99	-99	-99
17.05.1984	-99	-99	-99	-99
18.05.1984	-99	-99	-99	-99
19.05.1984	-99	-99	-99	-99
20.05.1984	-99	-99	-99	-99
21.05.1984	-99	-99	-99	-99
22.05.1984	-99	-99	-99	-99
23.05.1984	-99	-99	-99	-99
24.05.1984	-99	-99	-99	-99
25.05.1984	-99	-99	-99	-99
26.05.1984	-99	-99	-99	-99
27.05.1984	-99	-99	-99	-99
28.05.1984	-99	-99	-99	-99
29.05.1984	-99	-99	-99	-99
30.05.1984	-99	-99	-99	-99
31.05.1984	-99	-99	-99	-99
01.06.1984	-99	-99	-99	-99
02.06.1984	-99	-99	-99	-99
03.06.1984	-99	-99	-99	-99
04.06.1984	-99	-99	-99	-99
05.06.1984	-99	-99	-99	-99
06.06.1984	-99	-99	-99	-99
07.06.1984	-99	-99	-99	-99
08.06.1984	-99	-99	-99	-99
09.06.1984	-99	-99	-99	-99
10.06.1984	-99	-99	-99	-99
11.06.1984	-99	-99	-99	-99
12.06.1984	-99	-99	-99	-99
13.06.1984	-99	-99	-99	-99
14.06.1984	-99	-99	-99	-99
15.06.1984	-99	-99	-99	-99
16.06.1984	-99	-99	-99	-99
17.06.1984	-99	-99	-99	-99
18.06.1984	-99	-99	-99	-99
19.06.1984	-99	-99	-99	-99
20.06.1984	-99	-99	-99	-99
21.06.1984	-99	-99	-99	-99
22.06.1984	-99	-99	-99	-99
23.06.1984	-99	-99	-99	-99
24.06.1984	-99	-99	-99	-99
25.06.1984	-99	-99	-99	-99
26.06.1984	-99	-99	-99	-99
27.06.1984	-99	-99	-99	-99
28.06.1984	-99	-99	-99	-99
29.06.1984	-99	-99	-99	-99
30.06.1984	-99	-99	-99	-99
01.07.1984	-99	-99	-99	-99
02.07.1984	-99	-99	-99	-99
03.07.1984	-99	-99	-99	-99
04.07.1984	-99	-99	-99	-99
05.07.1984	-99	-99	-99	-99
06.07.1984	-99	-99	-99	-99
07.07.1984	-99	-99	-99	-99
08.07.1984	-99	-99	-99	-99
09.07.1984	-99	-99	-99	-99
10.07.1984	-99	-99	-99	-99
11.07.1984	-99	-99	-99	-99
12.07.1984	-99	-99	-99	-99
13.07.1984	-99	-99	-99	-99
14.07.1984	-99	-99	-99	-99
15.07.1984	-99	-99	-99	-99
16.07.1984	-99	-99	-99	-99
17.07.1984	-99	-99	-99	-99
18.07.1984	-99	-99	-99	-99
19.07.1984	-99	-99	-99	-99
20.07.1984	-99	-99	-99	-99
21.07.1984	-99	-99	-99	-99
22.07.1984	-99	-99	-99	-99
23.07.1984	-99	-99	-99	-99
24.07.1984	-99	-99	-99	-99
25.07.1984	-99	-99	-99	-99
26.07.1984	-99	-99	-99	-99
27.07.1984	-99	-99	-99	-99
28.07.1984	-99	-99	-99	-99
29.07.1984	-99	-99	-99	-99
30.07.1984	-99	-99	-99	-99
31.07.1984	-99	-99	-99	-99
01.08.1984	-99	-99	-99	-99
02.08.1984	-99	-99	-99	-99
03.08.1984	-99	-99	-99	-99
04.08.1984	-99	-99	-99	-99
05.08.1984	-99	-99	-99	-99
06.08.1984	-99	-99	-99	-99
07.08.1984	-99	-99	-99	-99
08.08.1984	-99	-99	-99	-99
09.08.1984	-99	-99	-99	-99
10.08.1984	-99	-99	-99	-99
11.08.1984	-99	-99	-99	-99
12.08.1984	-99	-99	-99	-99
13.08.1984	-99	-99	-99	-99
14.08.1984	-99	-99	-99	-99
15.08.1984	-99	-99	-99	-99
16.08.1984	-99	-99	-99	-99
17.08.1984	-99	-99	-99	-99
18.08.1984	-99	-99	-99	-99
19.08.1984	-99	-99	-99	-99
20.08.1984	-99	-99	-99	-99
21.08.1984	-99	-99	-99	-99
22.08.1984	-99	-99	-99	-99
23.08.1984	-99	-99	-99	-99
24.08.1984	-99	-99	-99	-99
25.08.1984	-99	-99	-99	-99
26.08.1984	-99	-99	-99	-99
27.08.1984	-99	-99	-99	-99
28.08.1984	-99	-99	-99	-99
29.08.1984	-99	-99	-99	-99
30.08.1984	-99	-99	-99	-99
31.08.1984	-99	-99	-99	-99
01.09.1984	-99	-99	-99	-99
02.09.1984	-99	-99	-99	-99
03.09.1984	-99	-99	-99	-99
04.09.1984	-99	-99	-99	-99
05.09.1984	-99	-99	-99	-99
06.09.1984	-99	-99	-99	-99
07.09.1984	-99	-99	-99	-99
08.09.1984	-99	-99	-99	-99
09.09.1984	-99	-99	-99	-99
10.09.1984	-99	-99	-99	-99
11.09.1984	-99	-99	-99	-99
12.09.1984	-99	-99	-99	-99
13.09.1984	-99	-99	-99	-99
14.09.1984	-99	-99	-99	-99
15.09.1984	-99	-99	-99	-99
16.09.1984	-99	-99	-99	-99
17.09.1984	-99	-99	-99	-99
18.09.1984	-99	-99	-99	-99
19.09.1984	-99	-99	-99	-99
20.09.1984	-99	-99	-99	-99
21.09.1984	-99	-99	-99	-99
22.09.1984	-99	-99	-99	-99
23.09.1984	-99	-99	-99	-99
24.09.1984	-99	-99	-99	-99
25.09.1984	-99	-99	-99	-99
26.09.1984	-99	-99	-99	-99
27.09.1984	-99	-99	-99	-99
28.09.1984	-99	-99	-99	-99
29.09.1984	-99	-99	-99	-99
30.09.1984	-99	-99	-99	-99
01.10.1984	-99	-99	-99	-99
02.10.1984	-99	-99	-99	-99
03.10.1984	-99	-99	-99	-99
04.10.1984	-99	-99	-99	-99
05.10.1984	-99	-99	-99	-99
06.10.1984	-99	-99	-99	-99
07.10.1984	-99	-99	-99	-99
08.10.1984	-99	-99	-99	-99
09.10.1984	-99	-99	-99	-99
10.10.1984	-99	-99	-99	-99
11.10.1984	-99	-99	-99	-99
12.10.1984	-99	-99	-99	-99
13.10.1984	-99	-99	-99	-99
14.10.1984	-99	-99	-99	-99
15.10.1984	-99	-99	-99	-99
16.10.1984	-99	-99	-99	-99
17.10.1984	-99	-99	-99	-99
18.10.1984	-99	-99	-99	-99
19.10.1984	-99	-99	-99	-99
20.10.1984	-99	-99	-99	-99
21.10.1984	-99	-99	-99	-99
22.10.1984	-99	-99	-99	-99
23.10.1984	-99	-99	-99	-99
24.10.1984	-99	-99	-99	-99
25.10.1984	-99	-99	-99	-99
26.10.1984	-99	-99	-99	-99
27.10.1984	-99	-99	-99	-99
28.10.1984	-99	-99	-99	-99
29.10.1984	-99	-99	-99	-99
30.10.1984	-99	-99	-99	-99
31.10.1984	-99	-99	-99	-99
01.11.1984	-99	-99	-99	-99
02.11.1984	-99	-99	-99	-99
03.11.1984	-99	-99	-99	-99
04.11.1984	-99	-99	-99	-99
05.11.1984	-99	-99	-99	-99
06.11.1984	-99	-99	-99	-99
07.11.1984	-99	-99	-99	-99
08.11.1984	-99	-99	-99	-99
09.11.1984	-99	-99	-99	-99
10.11.1984	-99	-99	-99	-99
11.11.1984	-99	-99	-99	-99
12.11.1984	-99	-99	-99	-99
13.11.1984	-99	-99	-99	-99
14.11.1984	-99	-99	-99	-99
15.11.1984	-99	-99	-99	-99
16.11.1984	-99	-99	-99	-99
17.11.1984	-99	-99	-99	-99
18.11.1984	-99	-99	-99	-99
19.11.1984	-99	-99	-99	-99
20.11.1984	-99	-99	-99	-99
21.11.1984	-99	-99	-99	-99
22.11.1984	-99	-99	-99	-99
23.11.1984	-99	-99	-99	-99
24.11.1984	-99	-99	-99	-99
25.11.1984	-99	-99	-99	-99
26.11.1984	-99	-99	-99	-99
27.11.1984	-99	-99	-99	-99
28.11.1984	-99	-99	-99	-99
29.11.1984	-99	-99	-99	-99
30.11.1984	-99	-99	-99	-99
01.12.1984	-99	-99	-99	-99
02.12.1984	-99	-99	-99	-99
03.12.1984	-99	-99	-99	-99
04.12.1984	-99	-99	-99	-99
05.12.1984	-99	-99	-99	-99
06.12.1984	-99	-99	-99	-99
07.12.1984	-99	-99	-99	-99
08.12.1984	-99	-99	-99	-99
09.12.1984	-99	-99	-99	-99
10.12.1984	-99	-99	-99	-99
11.12.1984	-99	-99	-99	-99
12.12.1984	-99	-99	-99	-99
13.12.1984	-99	-99	-99	-99
14.12.1984	-99	-99	-99	-99
15.12.1984	-99	-99	-99	-99
16.12.1984	-99	-99	-99	-99
17.12.1984	-99	-99	-99	-99
18.12.1984	-99	-99	-99	-99
19.12.1984	-99	-99	-99	-99
20.12.1984	-99	-99	-99	-99
21.12.1984	-99	-99	-99	-99
22.12.1984	-99	-99	-99	-99
23.12.1984	-99	-99	-99	-99
24.12.1984	-99	-99	-99	-99
25.12.1984	-99	-99	-99	-99
26.12.1984	-99	-99	-99	-99
27.12.1984	-99	-99	-99	-99
28.12.1984	-99	-99	-99	-99
29.12.1984	-99	-99	-99	-99
30.12.1984	-99	-99	-99	-99
31.12.1984	-99	-99	-99	-99
01.01.1985	-99	-99	-99	-99
02.01.1985	-99	-99	-99	-99
03.01.1985	-99	-99	-99	-99
04.01.1985	-99	-99	-99	-99
05.01.1985	-99	-99	-99	-99
06.01.1985	-99	-99	-99	-99
07.01.1985	-99	-99	-99	-99
08.01.1985	-99	-99	-99	-99
09.01.1985	-99	-99	-99	-99
10.01.1985	-99	-99	-99	-99
11.01.1985	-99	-99	-99	-99
12.01.1985	-99	-99	-99	-99
13.01.1985	-99	-99	-99	-99
14.01.1985	-99	-99	-99	-99
15.01.1985	-99	-99	-99	-99
16.01.1985	-99	-99	-99	-99
17.01.1985	-99	-99	-99	-99
18.01.1985	-99	-99	-99	-99
19.01.1985	-99	-99	-99	-99
20.01.1985	-99	-99	-99	-99
21.01.1985	-99	-99	-99	-99
22.01.1985	-99	-99	-99	-99
23.01.1985	-99	-99	-99	-99
24.01.1985	-99	-99	-99	-99
25.01.1985	-99	-99	-99	-99
26.01.1985	-99	-99	-99	-99
27.01.1985	-99	-99	-99	-99
28.01.1985	-99	-99	-99	-99
29.01.1985	-99	-99	-99	-99
30.01.1985	-99	-99	-99	-99
31.01.1985	-99	-99	-99	-99
01.02.1985	-99	-99	-99	-99
02.02.1985	-99	-99	-99	-99
03.02.1985	-99	-99	-99	-99
04.02.1985	-99	-99	-99	-99
05.02.1985	-99	-99	-99	-99
06.02.1985	-99	-99	-99	-99
07.02.1985	-99	-99	-99	-99
08.02.1985	-99	-99	-99	-99
09.02.1985	-99	-99	-99	-99
10.02.1985	-99	-99	-99	-99
11.02.1985	-99	-99	-99	-99
12.02.1985	-99	-99	-99	-99
13.02.1985	-99	-99	-99	-99
14.02.1985	-99	-99	-99	-99
15.02.1985	-99	-99	-99	-99
16.02.1985	-99	-99	-99	-99
17.02.1985	-99	-99	-99	-99
18.02.1985	-99	-99	-99	-99
19.02.1985	-99	-99	-99	-99
20.02.1985	-99	-99	-99	-99
21.02.1985	-99	-99	-99	-99
22.02.1985	-99	-99	-99	-99
23.02.1985	-99	-99	-99	-99
24.02.1985	-99	-99	-99	-99
25.02.1985	-99	-99	-99	-99
26.02.1985	-99	-99	-99	-99
27.02.1985	-99	-99	-99	-99
28.02.1985	-99	-99	-99	-99
01.03.1985	-99	-99	-99	-99
02.03.1985	-99	-99	-99	-99
03.03.1985	-99	-99	-99	-99
04.03.1985	-99	-99	-99	-99
05.03.1985	-99	-99	-99	-99
06.03.1985	-99	-99	-99	-99
07.03.1985	-99	-99	-99	-99
08.03.1985	-99	-99	-99	-99
09.03.1985	-99	-99	-99	-99
10.03.1985	-99	-99	-99	-99
11.03.1985	-99	-99	-99	-99
12.03.1985	-99	-99	-99	-99
13.03.1985	-99	-99	-99	-99
14.03.1985	-99	-99	-99	-99
15.03.1985	-99	-99	-99	-99
16.03.1985	-99	-99	-99	-99
17.03.1985	-99	-99	-99	-99
18.03.1985	-99	-99	-99	-99
19.03.1985	-99	-99	-99	-99
20.03.1985	-99	-99	-99	-99
21.03.1985	-99	-99	-99	-99
22.03.1985	-99	-99	-99	-99
23.03.1985	-99	-99	-99	-99
24.03.1985	-99	-99	-99	-99
25.03.1985	-99	-99	-99	-99
26.03.1985	-99	-99	-99	-99
27.03.1985	-99	-99	-99	-99
28.03.1985	-99	-99	-99	-99
29.03.1985	-99	-99	-99	-99
30.03.1985	-99	-99	-99	-99
31.03.1985	-99	-99	-99	-99
01.04.1985	-99	-99	-99	-99
02.04.1985	-99	-99	-99	-99
03.04.1985	-99	-99	-99	-99
04.04.1985	-99	-99	-99	-99
05.04.1985	-99	-99	-99	-99
06.04.1985	-99	-99	-99	-99
07.04.1985	-99	-99	-99	-99
08.04.1985	-99	-99	-99	-99
09.04.1985	-99	-99	-99	-99
10.04.1985	-99	-99	-99	-99
11.04.1985	-99	-99	-99	-99
12.04.1985	-99	-99	-99	-99
13.04.1985	-99	-99	-99	-99
14.04.1985	-99	-99	-99	-99
15.04.1985	-99	-99	-99	-99
16.04.1985	-99	-99	-99	-99
17.04.1985	-99	-99	-99	-99
18.04.1985	-99	-99	-99	-99
19.04.1985	-99	-99	-99	-99
20.04.1985	-99	-99	-99	-99
21.04.1985	-99	-99	-99	-99
22.04.1985	-99	-99	-99	-99
23.04.1985	-99	-99	-99	-99
24.04.1985	-99	-99	-99	-99
25.04.1985	-99	-99	-99	-99
26.04.1985	-99	-99	-99	-99
27.04.1985	-99	-99	-99	-99
28.04.1985	-99	-99	-99	-99
29.04.1985	-99	-99	-99	-99
30.04.1985	-99	-99	-99	-99
01.05.1985	-99	-99	-99	-99
02.05.1985	-99	-99	-99	-99
03.05.1985	-99	-99	-99	-99
04.05.1985	-99	-99	-99	-99
05.05.1985	-99	-99	-99	-99
06.05.1985	-99	-99	-99	-99
07.05.1985	-99	-99	-99	-99
08.05.1985	-99	-99	-99	-99
09.05.1985	-99	-99	-99	-99
10.05.1985	-99	-99	-99	-99
11.05.1985	-99	-99	-99	-99
12.05.1985	-99	-99	-99	-99
13.05.1985	-99	-99	-99	-99
14.05.1985	-99	-99	-99	-99
15.05.1985	-99	-99	-99	-99
16.05.1985	-99	-99	-99	-99
17.05.1985	-99	-99	-99	-99
18.05.1985	-99	-99	-99	-99
19.05.1985	-99	-99	-99	-99
20.05.1985	-99	-99	-99	-99
21.05.1985	-99	-99	-99	-99
22.05.1985	-99	-99	-99	-99
23.05.1985	-99	-99	-99	-99
24.05.1985	-99	-99	-99	-99
25.05.1985	-99	-99	-99	-99
26.05.1985	-99	-99	-99	-99
27.05.1985	-99	-99	-99	-99
28.05.1985	-99	-99	-99	-99
29.05.1985	-99	-99	-99	-99
30.05.1985	-99	-99	-99	-99
31.05.1985	-99	-99	-99	-99
01.06.1985	-99	-99	-99	-99
02.06.1985	-99	-99	-99	-99
03.06.1985	-99	-99	-99	-99
04.06.1985	-99	-99	-99	-99
05.06.1985	-99	-99	-99	-99
06.06.1985	-99	-99	-99	-99
07.06.1985	-99	-99	-99	-99
08.06.1985	-99	-99	-99	-99
09.06.1985	-99	-99	-99	-99
10.06.1985	-99	-99	-99	-99
11.06.1985	-99	-99	-99	-99
12.06.1985	-99	-99	-99	-99
13.06.1985	-99	-99	-99	-99
14.06.1985	-99	-99	-99	-99
15.06.1985	-99	-99	-99	-99
16.06.1985	-99	-99	-99	-99
17.06.1985	-99	-99	-99	-99
18.06.1985	-99	-99	-99	-99
19.06.1985	-99	-99	-99	-99
20.06.1985	-99	-99	-99	-99
21.06.1985	-99	-99	-99	-99
22.06.1985	-99	-99	-99	-99
23.06.1985	-99	-99	-99	-99
24.06.1985	-99	-99	-99	-99
25.06.1985	-99	-99	-99	-99
26.06.1985	-99	-99	-99	-99
27.06.1985	-99	-99	-99	-99
28.06.1985	-99	-99	-99	-99
29.06.1985	-99	-99	-99	-99
30.06.1985	-99	-99	-99	-99
01.07.1985	-99	-99	-99	-99
02.07.1985	-99	-99	-99	-99
03.07.1985	-99	-99	-99	-99
04.07.1985	-99	-99	-99	-99
05.07.1985	-99	-99	-99	-99
06.07.1985	-99	-99	-99	-99
07.07.1985	-99	-99	-99	-99
08.07.1985	-99	-99	-99	-99
09.07.1985	-99	-99	-99	-99
10.07.1985	-99	-99	-99	-99
11.07.1985	-99	-99	-99	-99
12.07.1985	-99	-99	-99	-99
13.07.1985	-99	-99	-99	-99
14.07.1985	-99	-99	-99	-99
15.07.1985	-99	-99	-99	-99
16.07.1985	-99	-99	-99	-99
17.07.1985	-99	-99	-99	-99
18.07.1985	-99	-99	-99	-99
19.07.1985	-99	-99	-99	-99
20.07.1985	-99	-99	-99	-99
21.07.1985	-99	-99	-99	-99
22.07.1985	-99	-99	-99	-99
23.07.1985	-99	-99	-99	-99
24.07.1985	-99	-99	-99	-99
25.07.1985	-99	-99	-99	-99
26.07.1985	-99	-99	-99	-99
27.07.1985	-99	-99	-99	-99
28.07.1985	-99	-99	-99	-99
29.07.1985	-99	-99	-99	-99
30.07.1985	-99	-99	-99	-99
31.07.1985	-99	-99	-99	-99
01.08.1985	-99	-99	-99	-99
02.08.1985	-99	-99	-99	-99
03.08.1985	-99	-99	-99	-99
04.08.1985	-99	-99	-99	-99
05.08.1985	-99	-99	-99	-99
06.08.1985	-99	-99	-99	-99
07.08.1985	-99	-99	-99	-99
08.08.1985	-99	-99	-99	-99
09.08.1985	-99	-99	-99	-99
10.08.1985	-99	-99	-99	-99
11.08.1985	-99	-99	-99	-99
12.08.1985	-99	-99	-99	-99
13.08.1985	-99	-99	-99	-99
14.08.1985	-99	-99	-99	-99
15.08.1985	-99	-99	-99	-99
16.08.1985	-99	-99	-99	-99
17.08.1985	-99	-99	-99	-99
18.08.1985	-99	-99	-99	-99
19.08.1985	-99	-99	-99	-99
20.08.1985	-99	-99	-99	-99
21.08.1985	-99	-99	-99	-99
22.08.1985	-99	-99	-99	-99
23.08.1985	-99	-99	-99	-99
24.08.1985	-99	-99	-99	-99
25.08.1985	-99	-99	-99	-99
26.08.1985	-99	-99	-99	-99
27.08.1985	-99	-99	-99	-99
28.08.1985	-99	-99	-99	-99
29.08.1985	-99	-99	-99	-99
30.08.1985	-99	-99	-99	-99
31.08.1985	-99	-99	-99	-99
01.09.1985	-99	-99	-99	-99
02.09.1985	-99	-99	-99	-99
03.09.1985	-99	-99	-99	-99
04.09.1985	-99	-99	-99	-99
05.09.1985	-99	-99	-99	-99
06.09.1985	-99	-99	-99	-99
07.09.1985	-99	-99	-99	-99
08.09.1985	-99	-99	-99	-99
09.09.1985	-99	-99	-99	-99
10.09.1985	-99	-99	-99	-99
11.09.1985	-99	-99	-99	-99
12.09.1985	-99	-99	-99	-99
13.09.1985	-99	-99	-99	-99
14.09.1985	-99	-99	-99	-99
15.09.1985	-99	-99	-99	-99
16.09.1985	-99	-99	-99	-99
17.09.1985	-99	-99	-99	-99
18.09.1985	-99	-99	-99	-99
19.09.1985	-99	-99	-99	-99
20.09.1985	-99	-99	-99	-99
21.09.1985	-99	-99	-99	-99
22.09.1985	-99	-99	-99	-99
23.09.1985	-99	-99	-99	-99
24.09.1985	-99	-99	-99	-99
25.09.1985	-99	-99	-99	-99
26.09.1985	-99	-99	-99	-99
27.09.1985	-99	-99	-99	-99
28.09.1985	-99	-99	-99	-99
29.09.1985	-99	-99	-99	-99
30.09.1985	-99	-99	-99	-99
01.10.1985	-99	-99	-99	-99
02.10.1985	-99	-99	-99	-99
03.10.1985	-99	-99	-99	-99
04.10.1985	-99	-99	-99	-99
05.10.1985	-99	-99	-99	-99
06.10.1985	-99	-99	-99	-99
07.10.1985	-99	-99	-99	-99
08.10.1985	-99	-99	-99	-99
09.10.1985	-99	-99	-99	-99
10.10.1985	-99	-99	-99	-99
11.10.1985	-99	-99	-99	-99
12.10.1985	-99	-99	-99	-99
13.10.1985	-99	-99	-99	-99
14.10.1985	-99	-99	-99	-99
15.10.1985	-99	-99	-99	-99
16.10.1985	-99	-99	-99	-99
17.10.1985	-99	-99	-99	-99
18.10.1985	-99	-99	-99	-99
19.10.1985	-99	-99	-99	-99
20.10.1985	-99	-99	-99	-99
21.10.1985	-99	-99	-99	-99
22.10.1985	-99	-99	-99	-99
23.10.1985	-99	-99	-99	-99
24.10.1985	-99	-99	-99	-99
25.10.1985	-99	-99	-99	-99
26.10.1985	-99	-99	-99	-99
27.10.1985	-99	-99	-99	-99
28.10.1985	-99	-99	-99	-99
29.10.1985	-99	-99	-99	-99
30.10.1985	-99	-99	-99	-99
31.10.1985	-99	-99	-99	-99
01.11.1985	-99	-99	-99	-99
02.11.1985	-99	-99	-99	-99
03.11.1985	-99	-99	-99	-99
04.11.1985	-99	-99	-99	-99
05.11.1985	-99	-99	-99	-99
06.11.1985	-99	-99	-99	-99
07.11.1985	-99	-99	-99	-99
08.11.1985	-99	-99	-99	-99
09.11.1985	-99	-99	-99	-99
10.11.1985	-99	-99	-99	-99
11.11.1985	-99	-99	-99	-99
12.11.1985	-99	-99	-99	-99
13.11.1985	-99	-99	-99	-99
14.11.1985	-99	-99	-99	-99
15.11.1985	-99	-99	-99	-99
16.11.1985	-99	-99	-99	-99
17.11.1985	-99	-99	-99	-99
18.11.1985	-99	-99	-99	-99
19.11.1985	-99	-99	-99	-99
20.11.1985	-99	-99	-99	-99
21.11.1985	-99	-99	-99	-99
22.11.1985	-99	-99	-99	-99
23.11.1985	-99	-99	-99	-99
24.11.1985	-99	-99	-99	-99
25.11.1985	-99	-99	-99	-99
26.11.1985	-99	-99	-99	-99
27.11.1985	-99	-99	-99	-99
28.11.1985	-99	-99	-99	-99
29.11.1985	-99	-99	-99	-99
30.11.1985	-99	-99	-99	-99
01.12.1985	-99	-99	-99	-99
02.12.1985	-99	-99	-99	-99
03.12.1985	-99	-99	-99	-99
04.12.1985	-99	-99	-99	-99
05.12.1985	-99	-99	-99	-99
06.12.1985	-99	-99	-99	-99
07.12.1985	-99	-99	-99	-99
08.12.1985	-99	-99	-99	-99
09.12.1985	-99	-99	-99	-99
10.12.1985	-99	-99	-99	-99
11.12.1985	-99	-99	-99	-99
12.12.1985	-99	-99	-99	-99
13.12.1985	-99	-99	-99	-99
14.12.1985	-99	-99	-99	-99
15.12.1985	-99	-99	-99	-99
16.12.1985	-99	-99	-99	-99
17.12.1985	-99	-99	-99	-99
18.12.1985	-99	-99	-99	-99
19.12.1985	-99	-99	-99	-99
20.12.1985	-99	-99	-99	-99
21.12.1985	-99	-99	-99	-99
22.12.1985	-99	-99	-99	-99
23.12.1985	-99	-99	-99	-99
24.12.1985	-99	-99	-99	-99
25.12.1985	-99	-99	-99	-99
26.12.1985	-99	-99	-99	-99
27.12.1985	-99	-99	-99	-99
28.12.1985	-99	-99	-99	-99
29.12.1985	-99	-99	-99	-99
30.12.1985	-99	-99	-99	-99
31.12.1985	-99	-99	-99	-99
01.01.1986	-99	-99	-99	-99
02.01.1986	-99	-99	-99	-99
03.01.1986	-99	-99	-99	-99
04.01.1986	-99	-99	-99	-99
05.01.1986	-99	-99	-99	-99
06.01.1986	-99	-99	-99	-99
07.01.1986	-99	-99	-99	-99
08.01.1986	-99	-99	-99	-99
09.01.1986	-99	-99	-99	-99
10.01.1986	-99	-99	-99	-99
11.01.1986	-99	-99	-99	-99
12.01.1986	-99	-99	-99	-99
13.01.1986	-99	-99	-99	-99
14.01.1986	-99	-99	-99	-99
15.01.1986	-99	-99	-99	-99
16.01.1986	-99	-99	-99	-99
17.01.1986	-99	-99	-99	-99
18.01.1986	-99	-99	-99	-99
19.01.1986	-99	-99	-99	-99
20.01.1986	-99	-99	-99	-99
21.01.1986	-99	-99	-99	-99
22.01.1986	-99	-99	-99	-99
23.01.1986	-99	-99	-99	-99
24.01.1986	-99	-99	-99	-99
25.01.1986	-99	-99	-99	-99
26.01.1986	-99	-99	-99	-99
27.01.1986	-99	-99	-99	-99
28.01.1986	-99	-99	-99	-99
29.01.1986	-99	-99	-99	-99
30.01.1986	-99	-99	-99	-99
31.01.1986	-99	-99	-99	-99
01.02.1986	-99	-99	-99	-99
02.02.1986	-99	-99	-99	-99
03.02.1986	-99	-99	-99	-99
04.02.1986	-99	-99	-99	-99
05.02.1986	-99	-99	-99	-99
06.02.1986	-99	-99	-99	-99
07.02.1986	-99	-99	-99	-99
08.02.1986	-99	-99	-99	-99
09.02.1986	-99	-99	-99	-99
10.02.1986	-99	-99	-99	-99
11.02.1986	-99	-99	-99	-99
12.02.1986	-99	-99	-99	-99
13.02.1986	-99	-99	-99	-99
14.02.1986	-99	-99	-99	-99
15.02.1986	-99	-99	-99	-99
16.02.1986	-99	-99	-99	-99
17.02.1986	-99	-99	-99	-99
18.02.1986	-99	-99	-99	-99
19.02.1986	-99	-99	-99	-99
20.02.1986	-99	-99	-99	-99
21.02.1986	-99	-99	-99	-99
22.02.1986	-99	-99	-99	-99
23.02.1986	-99	-99	-99	-99
24.02.1986	-99	-99	-99	-99
25.02.1986	-99	-99	-99	-99
26.02.1986	-99	-99	-99	-99
27.02.1986	-99	-99	-99	-99
28.02.1986	-99	-99	-99	-99
01.03.1986	-99	-99	-99	-99
02.03.1986	-99	-99	-99	-99
03.03.1986	-99	-99	-99	-99
04.03.1986	-99	-99	-99	-99
05.03.1986	-99	-99	-99	-99
06.03.1986	-99	-99	-99	-99
07.03.1986	-99	-99	-99	-99
08.03.1986	-99	-99	-99	-99
09.03.1986	-99	-99	-99	-99
10.03.1986	-99	-99	-99	-99
11.03.1986	-99	-99	-99	-99
12.03.1986	-99	-99	-99	-99
13.03.1986	-99	-99	-99	-99
14.03.1986	-99	-99	-99	-99
15.03.1986	-99	-99	-99	-99
16.03.1986	-99	-99	-99	-99
17.03.1986	-99	-99	-99	-99
18.03.1986	-99	-99	-99	-99
19.03.1986	-99	-99	-99	-99
20.03.1986	-99	-99	-99	-99
21.03.1986	-99	-99	-99	-99
22.03.1986	-99	-99	-99	-99
23.03.1986	-99	-99	-99	-99
24.03.1986	-99	-99	-99	-99
25.03.1986	-99	-99	-99	-99
26.03.1986	-99	-99	-99	-99
27.03.1986	-99	-99	-99	-99
28.03.1986	-99	-99	-99	-99
29.03.1986	-99	-99	-99	-99
30.03.1986	-99	-99	-99	-99
31.03.1986	-99	-99	-99	-99
01.04.1986	-99	-99	-99	-99
02.04.1986	-99	-99	-99	-99
03.04.1986	-99	-99	-99	-99
04.04.1986	-99	-99	-99	-99
05.04.1986	-99	-99	-99	-99
06.04.1986	-99	-99	-99	-99
07.04.1986	-99	-99	-99	-99
08.04.1986	-99	-99	-99	-99
09.04.1986	-99	-99	-99	-99
10.04.1986	-99	-99	-99	-99
11.04.1986	-99	-99	-99	-99
12.04.1986	-99	-99	-99	-99
13.04.1986	-99	-99	-99	-99
14.04.1986	-99	-99	-99	-99
15.04.1986	-99	-99	-99	-99
16.04.1986	-99	-99	-99	-99
17.04.1986	-99	-99	-99	-99
18.04.1986	-99	-99	-99	-99
19.04.1986	-99	-99	-99	-99
20.04.1986	-99	-99	-99	-99
21.04.1986	-99	-99	-99	-99
22.04.1986	-99	-99	-99	-99
23.04.1986	-99	-99	-99	-99
24.04.1986	-99	-99	-99	-99
25.04.1986	-99	-99	-99	-99
26.04.1986	-99	-99	-99	-99
27.04.1986	-99	-99	-99	-99
28.04.1986	-99	-99	-99	-99
29.04.1986	-99	-99	-99	-99
30.04.1986	-99	-99	-99	-99
01.05.1986	-99	-99	-99	-99
02.05.1986	-99	-99	-99	-99
03.05.1986	-99	-99	-99	-99
04.05.1986	-99	-99	-99	-99
05.05.1986	-99	-99	-99	-99
06.05.1986	-99	-99	-99	-99
07.05.1986	-99	-99	-99	-99
08.05.1986	-99	-99	-99	-99
09.05.1986	-99	-99	-99	-99
10.05.1986	-99	-99	-99	-99
11.05.1986	-99	-99	-99	-99
12.05.1986	-99	-99	-99	-99
13.05.1986	-99	-99	-99	-99
14.05.1986	-99	-99	-99	-99
15.05.1986	-99	-99	-99	-99
16.05.1986	-99	-99	-99	-99
17.05.1986	-99	-99	-99	-99
18.05.1986	-99	-99	-99	-99
19.05.1986	-99	-99	-99	-99
20.05.1986	-99	-99	-99	-99
21.05.1986	-99	-99	-99	-99
22.05.1986	-99	-99	-99	-99
23.05.1986	-99	-99	-99	-99
24.05.1986	-99	-99	-99	-99
25.05.1986	-99	-99	-99	-99
26.05.1986	-99	-99	-99	-99
27.05.1986	-99	-99	-99	-99
28.05.1986	-99	-99	-99	-99
29.05.1986	-99	-99	-99	-99
30.05.1986	-99	-99	-99	-99
31.05.1986	-99	-99	-99	-99
01.06.1986	-99	-99	-99	-99
02.06.1986	-99	-99	-99	-99
03.06.1986	-99	-99	-99	-99
04.06.1986	-99	-99	-99	-99
05.06.1986	-99	-99	-99	-99
06.06.1986	-99	-99	-99	-99
07.06.1986	-99	-99	-99	-99
08.06.1986	-99	-99	-99	-99
09.06.1986	-99	-99	-99	-99
10.06.1986	-99	-99	-99	-99
11.06.1986	-99	-99	-99	-99
12.06.1986	-99	-99	-99	-99
13.06.1986	-99	-99	-99	-99
14.06.1986	-99	-99	-99	-99
15.06.1986	-99	-99	-99	-99
16.06.1986	-99	-99	-99	-99
17.06.1986	-99	-99	-99	-99
18.06.1986	-99	-99	-99	-99
19.06.1986	-99	-99	-99	-99
20.06.1986	-99	-99	-99	-99
21.06.1986	-99	-99	-99	-99
22.06.1986	-99	-99	-99	-99
23.06.1986	-99	-99	-99	-99
24.06.1986	-99	-99	-99	-99
25.06.1986	-99	-99	-99	-99
26.06.1986	-99	-99	-99	-99
27.06.1986	-99	-99	-99	-99
28.06.1986	-99	-99	-99	-99
29.06.1986	-99	-99	-99	-99
30.06.1986	-99	-99	-99	-99
01.07.1986	-99	-99	-99	-99
02.07.1986	-99	-99	-99	-99
03.07.1986	-99	-99	-99	-99
04.07.1986	-99	-99	-99	-99
05.07.1986	-99	-99	-99	-99
06.07.1986	-99	-99	-99	-99
07.07.1986	-99	-99	-99	-99
08.07.1986	-99	-99	-99	-99
09.07.1986	-99	-99	-99	-99
10.07.1986	-99	-99	-99	-99
11.07.1986	-99	-99	-99	-99
12.07.1986	-99	-99	-99	-99
13.07.1986	-99	-99	-99	-99
14.07.1986	-99	-99	-99	-99
15.07.1986	-99	-99	-99	-99
16.07.1986	-99	-99	-99	-99
17.07.1986	-99	-99	-99	-99
18.07.1986	-99	-99	-99	-99
19.07.1986	-99	-99	-99	-99
20.07.1986	-99	-99	-99	-99
21.07.1986	-99	-99	-99	-99
22.07.1986	-99	-99	-99	-99
23.07.1986	-99	-99	-99	-99
24.07.1986	-99	-99	-99	-99
25.07.1986	-99	-99	-99	-99
26.07.1986	-99	-99	-99	-99
27.07.1986	-99	-99	-99	-99
28.07.1986	-99	-99	-99	-99
29.07.1986	-99	-99	-99	-99
30.07.1986	-99	-99	-99	-99
31.07.1986	-99	-99	-99	-99
01.08.1986	-99	-99	-99	-99
02.08.1986	-99	-99	-99	-99
03.08.1986	-99	-99	-99	-99
04.08.1986	-99	-99	-99	-99
05.08.1986	-99	-99	-99	-99
06.08.1986	-99	-99	-99	-99
07.08.1986	-99	-99	-99	-99
08.08.1986	-99	-99	-99	-99
09.08.1986	-99	-99	-99	-99
10.08.1986	-99	-99	-99	-99
11.08.1986	-99	-99	-99	-99
12.08.1986	-99	-99	-99	-99
13.08.1986	-99	-99	-99	-99
14.08.1986	-99	-99	-99	-99
15.08.1986	-99	-99	-99	-99
16.08.1986	-99	-99	-99	-99
17.08.1986	-99	-99	-99	-99
18.08.1986	-99	-99	-99	-99
19.08.1986	-99	-99	-99	-99
20.08.1986	-99	-99	-99	-99
21.08.1986	-99	-99	-99	-99
22.08.1986	-99	-99	-99	-99
23.08.1986	-99	-99	-99	-99
24.08.1986	-99	-99	-99	-99
25.08.1986	-99	-99	-99	-99
26.08.1986	-99	-99	-99	-99
27.08.1986	-99	-99	-99	-99
28.08.1986	-99	-99	-99	-99
29.08.1986	-99	-99	-99	-99
30.08.1986	-99	-99	-99	-99
31.08.1986	-99	-99	-99	-99
01.09.1986	-99	-99	-99	-99
02.09.1986	-99	-99	-99	-99
03.09.1986	-99	-99	-99	-99
04.09.1986	-99	-99	-99	-99
05.09.1986	-99	-99	-99	-99
06.09.1986	-99	-99	-99	-99
07.09.1986	-99	-99	-99	-99
08.09.1986	-99	-99	-99	-99
09.09.1986	-99	-99	-99	-99
10.09.1986	-99	-99	-99	-99
11.09.1986	-99	-99	-99	-99
12.09.1986	-99	-99	-99	-99
13.09.1986	-99	-99	-99	-99
14.09.1986	-99	-99	-99	-99
15.09.1986	-99	-99	-99	-99
16.09.1986	-99	-99	-99	-99
17.09.1986	-99	-99	-99	-99
18.09.1986	-99	-99	-99	-99
19.09.1986	-99	-99	-99	-99
20.09.1986	-99	-99	-99	-99
21.09.1986	-99	-99	-99	-99
22.09.1986	-99	-99	-99	-99
23.09.1986	-99	-99	-99	-99
24.09.1986	-99	-99	-99	-99
25.09.1986	-99	-99	-99	-99
26.09.1986	-99	-99	-99	-99
27.09.1986	-99	-99	-99	-99
28.09.1986	-99	-99	-99	-99
29.09.1986	-99	-99	-99	-99
30.09.1986	-99	-99	-99	-99
01.10.1986	-99	-99	-99	-99
02.10.1986	-99	-99	-99	-99
03.10.1986	-99	-99	-99	-99
04.10.1986	-99	-99	-99	-99
05.10.1986	-99	-99	-99	-99
06.10.1986	-99	-99	-99	-99
07.10.1986	-99	-99	-99	-99
08.10.1986	-99	-99	-99	-99
09.10.1986	-99	-99	-99	-99
10.10.1986	-99	-99	-99	-99
11.10.1986	-99	-99	-99	-99
12.10.1986	-99	-99	-99	-99
13.10.1986	-99	-99	-99	-99
14.10.1986	-99	-99	-99	-99
15.10.1986	-99	-99	-99	-99
16.10.1986	-99	-99	-99	-99
17.10.1986	-99	-99	-99	-99
18.10.1986	-99	-99	-99	-99
19.10.1986	-99	-99	-99	-99
20.10.1986	-99	-99	-99	-99
21.10.1986	-99	-99	-99	-99
22.10.1986	-99	-99	-99	-99
23.10.1986	-99	-99	-99	-99
24.10.1986	-99	-99	-99	-99
25.10.1986	-99	-99	-99	-99
26.10.1986	-99	-99	-99	-99
27.10.1986	-99	-99	-99	-99
28.10.1986	-99	-99	-99	-99
29.10.1986	-99	-99	-99	-99
30.10.1986	-99	-99	-99	-99
31.10.1986	-99	-99	-99	-99
01.11.1986	-99	-99	-99	-99
02.11.1986	-99	-99	-99	-99
03.11.1986	-99	-99	-99	-99
04.11.1986	-99	-99	-99	-99
05.11.1986	-99	-99	-99	-99
06.11.1986	-99	-99	-99	-99
07.11.1986	-99	-99	-99	-99
08.11.1986	-99	-99	-99	-99
09.11.1986	-99	-99	-99	-99
10.11.1986	-99	-99	-99	-99
11.11.1986	-99	-99	-99	-99
12.11.1986	-99	-99	-99	-99
13.11.1986	-99	-99	-99	-99
14.11.1986	-99	-99	-99	-99
15.11.1986	-99	-99	-99	-99
16.11.1986	-99	-99	-99	-99
17.11.1986	-99	-99	-99	-99
18.11.1986	-99	-99	-99	-99
19.11.1986	-99	-99	-99	-99
20.11.1986	-99	-99	-99	-99
21.11.1986	-99	-99	-99	-99
22.11.1986	-99	-99	-99	-99
23.11.1986	-99	-99	-99	-99
24.11.1986	-99	-99	-99	-99
25.11.1986	-99	-99	-99	-99
26.11.1986	-99	-99	-99	-99
27.11.1986	-99	-99	-99	-99
28.11.1986	-99	-99	-99	-99
29.11.1986	-99	-99	-99	-99
30.11.1986	-99	-99	-99	-99
01.12.1986	-99	-99	-99	-99
02.12.1986	-99	-99	-99	-99
03.12.1986	-99	-99	-99	-99
04.12.1986	-99	-99	-99	-99
05.12.1986	-99	-99	-99	-99
06.12.1986	-99	-99	-99	-99
07.12.1986	-99	-99	-99	-99
08.12.1986	-99	-99	-99	-99
09.12.1986	-99	-99	-99	-99
10.12.1986	-99	-99	-99	-99
11.12.1986	-99	-99	-99	-99
12.12.1986	-99	-99	-99	-99
13.12.1986	-99	-99	-99	-99
14.12.1986	-99	-99	-99	-99
15.12.1986	-99	-99	-99	-99
16.12.1986	-99	-99	-99	-99
17.12.1986	-99	-99	-99	-99
18.12.1986	-99	-99	-99	-99
19.12.1986	-99	-99	-99	-99
20.12.1986	-99	-99	-99	-99
21.12.1986	-99	-99	-99	-99
22.12.1986	-99	-99	-99	-99
23.12.1986	-99	-99	-99	-99
24.12.1986	-99	-99	-99	-99
25.12.1986	-99	-99	-99	-99
26.12.1986	-99	-99	-99	-99
27.12.1986	-99	-99	-99	-99
28.12.1986	-99	-99	-99	-99
29.12.1986	-99	-99	-99	-99
30.12.1986	-99	-99	-99	-99
31.12.1986	-99	-99	-99	-99
01.01.1987	-99	-99	-99	-99
02.01.1987	-99	-99	-99	-99
03.01.1987	-99	-99	-99	-99
04.01.1987	-99	-99	-99	-99
05.01.1987	-99	-99	-99	-99
06.01.1987	-99	-99	-99	-99
07.01.1987	-99	-99	-99	-99
08.01.1987	-99	-99	-99	-99
09.01.1987	-99	-99	-99	-99
10.01.1987	-99	-99	-99	-99
11.01.1987	-99	-99	-99	-99
12.01.1987	-99	-99	-99	-99
13.01.1987	-99	-99	-99	-99
14.01.1987	-99	-99	-99	-99
15.01.1987	-99	-99	-99	-99
16.01.1987	-99	-99	-99	-99
17.01.1987	-99	-99	-99	-99
18.01.1987	-99	-99	-99	-99
19.01.1987	-99	-99	-99	-99
20.01.1987	-99	-99	-99	-99
21.01.1987	-99	-99	-99	-99
22.01.1987	-99	-99	-99	-99
23.01.1987	-99	-99	-99	-99
24.01.1987	-99	-99	-99	-99
25.01.1987	-99	-99	-99	-99
26.01.1987	-99	-99	-99	-99
27.01.1987	-99	-99	-99	-99
28.01.1987	-99	-99	-99	-99
29.01.1987	-99	-99	-99	-99
30.01.1987	-99	-99	-99	-99
31.01.1987	-99	-99	-99	-99
01.02.1987	-99	-99	-99	-99
02.02.1987	-99	-99	-99	-99
03.02.1987	-99	-99	-99	-99
04.02.1987	-99	-99	-99	-99
05.02.1987	-99	-99	-99	-99
06.02.1987	-99	-99	-99	-99
07.02.1987	-99	-99	-99	-99
08.02.1987	-99	-99	-99	-99
09.02.1987	-99	-99	-99	-99
10.02.1987	-99	-99	-99	-99
11.02.1987	-99	-99	-99	-99
12.02.1987	-99	-99	-99	-99
13.02.1987	-99	-99	-99	-99
14.02.1987	-99	-99	-99	-99
15.02.1987	-99	-99	-99	-99
16.02.1987	-99	-99	-99	-99
17.02.1987	-99	-99	-99	-99
18.02.1987	-99	-99	-99	-99
19.02.1987	-99	-99	-99	-99
20.02.1987	-99	-99	-99	-99
21.02.1987	-99	-99	-99	-99
22.02.1987	-99	-99	-99	-99
23.02.1987	-99	-99	-99	-99
24.02.1987	-99	-99	-99	-99
25.02.1987	-99	-99	-99	-99
26.02.1987	-99	-99	-99	-99
27.02.1987	-99	-99	-99	-99
28.02.1987	-99	-99	-99	-99
01.03.1987	-99	-99	-99	-99
02.03.1987	-99	-99	-99	-99
03.03.1987	-99	-99	-99	-99
04.03.1987	-99	-99	-99	-99
05.03.1987	-99	-99	-99	-99
06.03.1987	-99	-99	-99	-99
07.03.1987	-99	-99	-99	-99
08.03.1987	-99	-99	-99	-99
09.03.1987	-99	-99	-99	-99
10.03.1987	-99	-99	-99	-99
11.03.1987	-99	-99	-99	-99
12.03.1987	-99	-99	-99	-99
13.03.1987	-99	-99	-99	-99
14.03.1987	-99	-99	-99	-99
15.03.1987	-99	-99	-99	-99
16.03.1987	-99	-99	-99	-99
17.03.1987	-99	-99	-99	-99
18.03.1987	-99	-99	-99	-99
19.03.1987	-99	-99	-99	-99
20.03.1987	-99	-99	-99	-99
21.03.1987	-99	-99	-99	-99
22.03.1987	-99	-99	-99	-99
23.03.1987	-99	-99	-99	-99
24.03.1987	-99	-99	-99	-99
25.03.1987	-99	-99	-99	-99
26.03.1987	-99	-99	-99	-99
27.03.1987	-99	-99	-99	-99
28.03.1987	-99	-99	-99	-99
29.03.1987	-99	-99	-99	-99
30.03.1987	-99	-99	-99	-99
31.03.1987	-99	-99	-99	-99
01.04.1987	-99	-99	-99	-99
02.04.1987	-99	-99	-99	-99
03.04.1987	-99	-99	-99	-99
04.04.1987	-99	-99	-99	-99
05.04.1987	-99	-99	-99	-99
06.04.1987	-99	-99	-99	-99
07.04.1987	-99	-99	-99	-99
08.04.1987	-99	-99	-99	-99
09.04.1987	-99	-99	-99	-99
10.04.1987	-99	-99	-99	-99
11.04.1987	-99	-99	-99	-99
12.04.1987	-99	-99	-99	-99
13.04.1987	-99	-99	-99	-99
14.04.1987	-99	-99	-99	-99
15.04.1987	-99	-99	-99	-99
16.04.1987	-99	-99	-99	-99
17.04.1987	-99	-99	-99	-99
18.04.1987	-99	-99	-99	-99
19.04.1987	-99	-99	-99	-99
20.04.1987	-99	-99	-99	-99
21.04.1987	-99	-99	-99	-99
22.04.1987	-99	-99	-99	-99
23.04.1987	-99	-99	-99	-99
24.04.1987	-99	-99	-99	-99
25.04.1987	-99	-99	-99	-99
26.04.1987	-99	-99	-99	-99
27.04.1987	-99	-99	-99	-99
28.04.1987	-99	-99	-99	-99
29.04.1987	-99	-99	-99	-99
30.04.1987	-99	-99	-99	-99
01.05.1987	-99	-99	-99	-99
02.05.1987	-99	-99	-99	-99
03.05.1987	-99	-99	-99	-99
04.05.1987	-99	-99	-99	-99
05.05.1987	-99	-99	-99	-99
06.05.1987	-99	-99	-99	-99
07.05.1987	-99	-99	-99	-99
08.05.1987	-99	-99	-99	-99
09.05.1987	-99	-99	-99	-99
10.05.1987	-99	-99	-99	-99
11.05.1987	-99	-99	-99	-99
12.05.1987	-99	-99	-99	-99
13.05.1987	-99	-99	-99	-99
14.05.1987	-99	-99	-99	-99
15.05.1987	-99	-99	-99	-99
16.05.1987	-99	-99	-99	-99
17.05.1987	-99	-99	-99	-99
18.05.1987	-99	-99	-99	-99
19.05.1987	-99	-99	-99	-99
20.05.1987	-99	-99	-99	-99
21.05.1987	-99	-99	-99	-99
22.05.1987	-99	-99	-99	-99
23.05.1987	-99	-99	-99	-99
24.05.1987	-99	-99	-99	-99
25.05.1987	-99	-99	-99	-99
26.05.1987	-99	-99	-99	-99
27.05.1987	-99	-99	-99	-99
28.05.1987	-99	-99	-99	-99
29.05.1987	-99	-99	-99	-99
30.05.1987	-99	-99	-99	-99
31.05.1987	-99	-99	-99	-99
01.06.1987	-99	-99	-99	-99
02.06.1987	-99	-99	-99	-99
03.06.1987	-99	-99	-99	-99
04.06.1987	-99	-99	-99	-99
05.06.1987	-99	-99	-99	-99
06.06.1987	-99	-99	-99	-99
07.06.1987	-99	-99	-99	-99
08.06.1987	-99	-99	-99	-99
09.06.1987	-99	-99	-99	-99
10.06.1987	-99	-99	-99	-99
11.06.1987	-99	-99	-99	-99
12.06.1987	-99	-99	-99	-99
13.06.1987	-99	-99	-99	-99
14.06.1987	-99	-99	-99	-99
15.06.1987	-99	-99	-99	-99
16.06.1987	-99	-99	-99	-99
17.06.1987	-99	-99	-99	-99
18.06.1987	-99	-99	-99	-99
19.06.1987	-99	-99	-99	-99
20.06.1987	-99	-99	-99	-99
21.06.1987	-99	-99	-99	-99
22.06.1987	-99	-99	-99	-99
23.06.1987	-99	-99	-99	-99
24.06.1987	-99	-99	-99	-99
25.06.1987	-99	-99	-99	-99
26.06.1987	-99	-99	-99	-99
27.06.1987	-99	-99	-99	-99
28.06.1987	-99	-99	-99	-99
29.06.1987	-99	-99	-99	-99
30.06.1987	-99	-99	-99	-99
01.07.1987	-99	-99	-99	-99
02.07.1987	-99	-99	-99	-99
03.07.1987	-99	-99	-99	-99
04.07.1987	-99	-99	-99	-99
05.07.1987	-99	-99	-99	-99
06.07.1987	-99	-99	-99	-99
07.07.1987	-99	-99	-99	-99
08.07.1987	-99	-99	-99	-99
09.07.1987	-99	-99	-99	-99
10.07.1987	-99	-99	-99	-99
11.07.1987	-99	-99	-99	-99
12.07.1987	-99	-99	-99	-99
13.07.1987	-99	-99	-99	-99
14.07.1987	-99	-99	-99	-99
15.07.1987	-99	-99	-99	-99
16.07.1987	-99	-99	-99	-99
17.07.1987	-99	-99	-99	-99
18.07.1987	-99	-99	-99	-99
19.07.1987	-99	-99	-99	-99
20.07.1987	-99	-99	-99	-99
21.07.1987	-99	-99	-99	-99
22.07.1987	-99	-99	-99	-99
23.07.1987	-99	-99	-99	-99
24.07.1987	-99	-99	-99	-99
25.07.1987	-99	-99	-99	-99
26.07.1987	-99	-99	-99	-99
27.07.1987	-99	-99	-99	-99
28.07.1987	-99	-99	-99	-99
29.07.1987	-99	-99	-99	-99
30.07.1987	-99	-99	-99	-99
31.07.1987	-99	-99	-99	-99
01.08.1987	-99	-99	-99	-99
02.08.1987	-99	-99	-99	-99
03.08.1987	-99	-99	-99	-99
04.08.1987	-99	-99	-99	-99
05.08.1987	-99	-99	-99	-99
06.08.1987	-99	-99	-99	-99
07.08.1987	-99	-99	-99	-99
08.08.1987	-99	-99	-99	-99
09.08.1987	-99	-99	-99	-99
10.08.1987	-99	-99	-99	-99
11.08.1987	-99	-99	-99	-99
12.08.1987	-99	-99	-99	-99
13.08.1987	-99	-99	-99	-99
14.08.1987	-99	-99	-99	-99
15.08.1987	-99	-99	-99	-99
16.08.1987	-99	-99	-99	-99
17.08.1987	-99	-99	-99	-99
18.08.1987	-99	-99	-99	-99
19.08.1987	-99	-99	-99	-99
20.08.1987	-99	-99	-99	-99
21.08.1987	-99	-99	-99	-99
22.08.1987	-99	-99	-99	-99
23.08.1987	-99	-99	-99	-99
24.08.1987	-99	-99	-99	-99
25.08.1987	-99	-99	-99	-99
26.08.1987	-99	-99	-99	-99
27.08.1987	-99	-99	-99	-99
28.08.1987	-99	-99	-99	-99
29.08.1987	-99	-99	-99	-99
30.08.1987	-99	-99	-99	-99
31.08.1987	-99	-99	-99	-99
01.09.1987	-99	-99	-99	-99
02.09.1987	-99	-99	-99	-99
03.09.1987	-99	-99	-99	-99
04.09.1987	-99	-99	-99	-99
05.09.1987	-99	-99	-99	-99
06.09.1987	-99	-99	-99	-99
07.09.1987	-99	-99	-99	-99
08.09.1987	-99	-99	-99	-99
09.09.1987	-99	-99	-99	-99
10.09.1987	-99	-99	-99	-99
11.09.1987	-99	-99	-99	-99
12.09.1987	-99	-99	-99	-99
13.09.1987	-99	-99	-99	-99
14.09.1987	-99	-99	-99	-99
15.09.1987	-99	-99	-99	-99
16.09.1987	-99	-99	-99	-99
17.09.1987	-99	-99	-99	-99
18.09.1987	-99	-99	-99	-99
19.09.1987	-99	-99	-99	-99
20.09.1987	-99	-99	-99	-99
21.09.1987	-99	-99	-99	-99
22.09.1987	-99	-99	-99	-99
23.09.1987	-99	-99	-99	-99
24.09.1987	-99	-99	-99	-99
25.09.1987	-99	-99	-99	-99
26.09.1987	-99	-99	-99	-99
27.09.1987	-99	-99	-99	-99
28.09.1987	-99	-99	-99	-99
29.09.1987	-99	-99	-99	-99
30.09.1987	-99	-99	-99	-99
01.10.1987	-99	-99	-99	-99
02.10.1987	-99	-99	-99	-99
03.10.1987	-99	-99	-99	-99
04.10.1987	-99	-99	-99	-99
05.10.1987	-99	-99	-99	-99
06.10.1987	-99	-99	-99	-99
07.10.1987	-99	-99	-99	-99
08.10.1987	-99	-99	-99	-99
09.10.1987	-99	-99	-99	-99
10.10.1987	-99	-99	-99	-99
11.10.1987	-99	-99	-99	-99
12.10.1987	-99	-99	-99	-99
13.10.1987	-99	-99	-99	-99
14.10.1987	-99	-99	-99	-99
15.10.1987	-99	-99	-99	-99
16.10.1987	-99	-99	-99	-99
17.10.1987	-99	-99	-99	-99
18.10.1987	-99	-99	-99	-99
19.10.1987	-99	-99	-99	-99
20.10.1987	-99	-99	-99	-99
21.10.1987	-99	-99	-99	-99
22.10.1987	-99	-99	-99	-99
23.10.1987	-99	-99	-99	-99
24.10.1987	-99	-99	-99	-99
25.10.1987	-99	-99	-99	-99
26.10.1987	-99	-99	-99	-99
27.10.1987	-99	-99	-99	-99
28.10.1987	-99	-99	-99	-99
29.10.1987	-99	-99	-99	-99
30.10.1987	-99	-99	-99	-99
31.10.1987	-99	-99	-99	-99
01.11.1987	-99	-99	-99	-99
02.11.1987	-99	-99	-99	-99
03.11.1987	-99	-99	-99	-99
04.11.1987	-99	-99	-99	-99
05.11.1987	-99	-99	-99	-99
06.11.1987	-99	-99	-99	-99
07.11.1987	-99	-99	-99	-99
08.11.1987	-99	-99	-99	-99
09.11.1987	-99	-99	-99	-99
10.11.1987	-99	-99	-99	-99
11.11.1987	-99	-99	-99	-99
12.11.1987	-99	-99	-99	-99
13.11.1987	-99	-99	-99	-99
14.11.1987	-99	-99	-99	-99
15.11.1987	-99	-99	-99	-99
16.11.1987	-99	-99	-99	-99
17.11.1987	-99	-99	-99	-99
18.11.1987	-99	-99	-99	-99
19.11.1987	-99	-99	-99	-99
20.11.1987	-99	-99	-99	-99
21.11.1987	-99	-99	-99	-99
22.11.1987	-99	-99	-99	-99
23.11.1987	-99	-99	-99	-99
24.11.1987	-99	-99	-99	-99
25.11.1987	-99	-99	-99	-99
26.11.1987	-99	-99	-99	-99
27.11.1987	-99	-99	-99	-99
28.11.1987	-99	-99	-99	-99
29.11.1987	-99	-99	-99	-99
30.11.1987	-99	-99	-99	-99
01.12.1987	-99	-99	-99	-99
02.12.1987	-99	-99	-99	-99
03.12.1987	-99	-99	-99	-99
04.12.1987	-99	-99	-99	-99
05.12.1987	-99	-99	-99	-99
06.12.1987	-99	-99	-99	-99
07.12.1987	-99	-99	-99	-99
08.12.1987	-99	-99	-99	-99
09.12.1987	-99	-99	-99	-99
10.12.1987	-99	-99	-99	-99
11.12.1987	-99	-99	-99	-99
12.12.1987	-99	-99	-99	-99
13.12.1987	-99	-99	-99	-99
14.12.1987	-99	-99	-99	-99
15.12.1987	-99	-99	-99	-99
16.12.1987	-99	-99	-99	-99
17.12.1987	-99	-99	-99	-99
18.12.1987	-99	-99	-99	-99
19.12.1987	-99	-99	-99	-99
20.12.1987	-99	-99	-99	-99
21.12.1987	-99	-99	-99	-99
22.12.1987	-99	-99	-99	-99
23.12.1987	-99	-99	-99	-99
24.12.1987	-99	-99	-99	-99
25.12.1987	-99	-99	-99	-99
26.12.1987	-99	-99	-99	-99
27.12.1987	-99	-99	-99	-99
28.12.1987	-99	-99	-99	-99
29.12.1987	-99	-99	-99	-99
30.12.1987	-99	-99	-99	-99
31.12.1987	-99	-99	-99	-99
01.01.1988	-99	-99	-99	-99
02.01.1988	-99	-99	-99	-99
03.01.1988	-99	-99	-99	-99
04.01.1988	-99	-99	-99	-99
05.01.1988	-99	-99	-99	-99
06.01.1988	-99	-99	-99	-99
07.01.1988	-99	-99	-99	-99
08.01.1988	-99	-99	-99	-99
09.01.1988	-99	-99	-99	-99
10.01.1988	-99	-99	-99	-99
11.01.1988	-99	-99	-99	-99
12.01.1988	-99	-99	-99	-99
13.01.1988	-99	-99	-99	-99
14.01.1988	-99	-99	-99	-99
15.01.1988	-99	-99	-99	-99
16.01.1988	-99	-99	-99	-99
17.01.1988	-99	-99	-99	-99
18.01.1988	-99	-99	-99	-99
19.01.1988	-99	-99	-99	-99
20.01.1988	-99	-99	-99	-99
21.01.1988	-99	-99	-99	-99
22.01.1988	-99	-99	-99	-99
23.01.1988	-99	-99	-99	-99
24.01.1988	-99	-99	-99	-99
25.01.1988	-99	-99	-99	-99
26.01.1988	-99	-99	-99	-99
27.01.1988	-99	-99	-99	-99
28.01.1988	-99	-99	-99	-99
29.01.1988	-99	-99	-99	-99
30.01.1988	-99	-99	-99	-99
31.01.1988	-99	-99	-99	-99
01.02.1988	-99	-99	-99	-99
02.02.1988	-99	-99	-99	-99
03.02.1988	-99	-99	-99	-99
04.02.1988	-99	-99	-99	-99
05.02.1988	-99	-99	-99	-99
06.02.1988	-99	-99	-99	-99
07.02.1988	-99	-99	-99	-99
08.02.1988	-99	-99	-99	-99
09.02.1988	-99	-99	-99	-99
10.02.1988	-99	-99	-99	-99
11.02.1988	-99	-99	-99	-99
12.02.1988	-99	-99	-99	-99
13.02.1988	-99	-99	-99	-99
14.02.1988	-99	-99	-99	-99
15.02.1988	-99	-99	-99	-99
16.02.1988	-99	-99	-99	-99
17.02.1988	-99	-99	-99	-99
18.02.1988	-99	-99	-99	-99
19.02.1988	-99	-99	-99	-99
20.02.1988	-99	-99	-99	-99
21.02.1988	-99	-99	-99	-99
22.02.1988	-99	-99	-99	-99
23.02.1988	-99	-99	-99	-99
24.02.1988	-99	-99	-99	-99
25.02.1988	-99	-99	-99	-99
26.02.1988	-99	-99	-99	-99
27.02.1988	-99	-99	-99	-99
28.02.1988	-99	-99	-99	-99
29.02.1988	-99	-99	-99	-99
01.03.1988	-99	-99	-99	-99
02.03.1988	-99	-99	-99	-99
03.03.1988	-99	-99	-99	-99
04.03.1988	-99	-99	-99	-99
05.03.1988	-99	-99	-99	-99
06.03.1988	-99	-99	-99	-99
07.03.1988	-99	-99	-99	-99
08.03.1988	-99	-99	-99	-99
09.03.1988	-99	-99	-99	-99
10.03.1988	-99	-99	-99	-99
11.03.1988	-99	-99	-99	-99
12.03.1988	-99	-99	-99	-99
13.03.1988	-99	-99	-99	-99
14.03.1988	-99	-99	-99	-99
15.03.1988	-99	-99	-99	-99
16.03.1988	-99	-99	-99	-99
17.03.1988	-99	-99	-99	-99
18.03.1988	-99	-99	-99	-99
19.03.1988	-99	-99	-99	-99
20.03.1988	-99	-99	-99	-99
21.03.1988	-99	-99	-99	-99
22.03.1988	-99	-99	-99	-99
23.03.1988	-99	-99	-99	-99
24.03.1988	-99	-99	-99	-99
25.03.1988	-99	-99	-99	-99
26.03.1988	-99	-99	-99	-99
27.03.1988	-99	-99	-99	-99
28.03.1988	-99	-99	-99	-99
29.03.1988	-99	-99	-99	-99
30.03.1988	-99	-99	-99	-99
31.03.1988	-99	-99	-99	-99
01.04.1988	-99	-99	-99	-99
02.04.1988	-99	-99	-99	-99
03.04.1988	-99	-99	-99	-99
04.04.1988	-99	-99	-99	-99
05.04.1988	-99	-99	-99	-99
06.04.1988	-99	-99	-99	-99
07.04.1988	-99	-99	-99	-99
08.04.1988	-99	-99	-99	-99
09.04.1988	-99	-99	-99	-99
10.04.1988	-99	-99	-99	-99
11.04.1988	-99	-99	-99	-99
12.04.1988	-99	-99	-99	-99
13.04.1988	-99	-99	-99	-99
14.04.1988	-99	-99	-99	-99
15.04.1988	-99	-99	-99	-99
16.04.1988	-99	-99	-99	-99
17.04.1988	-99	-99	-99	-99
18.04.1988	-99	-99	-99	-99
19.04.1988	-99	-99	-99	-99
20.04.1988	-99	-99	-99	-99
21.04.1988	-99	-99	-99	-99
22.04.1988	-99	-99	-99	-99
23.04.1988	-99	-99	-99	-99
24.04.1988	-99	-99	-99	-99
25.04.1988	-99	-99	-99	-99
26.04.1988	-99	-99	-99	-99
27.04.1988	-99	-99	-99	-99
28.04.1988	-99	-99	-99	-99
29.04.1988	-99	-99	-99	-99
30.04.1988	-99	-99	-99	-99
01.05.1988	-99	-99	-99	-99
02.05.1988	-99	-99	-99	-99
03.05.1988	-99	-99	-99	-99
04.05.1988	-99	-99	-99	-99
05.05.1988	-99	-99	-99	-99
06.05.1988	-99	-99	-99	-99
07.05.1988	-99	-99	-99	-99
08.05.1988	-99	-99	-99	-99
09.05.1988	-99	-99	-99	-99
10.05.1988	-99	-99	-99	-99
11.05.1988	-99	-99	-99	-99
12.05.1988	-99	-99	-99	-99
13.05.1988	-99	-99	-99	-99
14.05.1988	-99	-99	-99	-99
15.05.1988	-99	-99	-99	-99
16.05.1988	-99	-99	-99	-99
17.05.1988	-99	-99	-99	-99
18.05.1988	-99	-99	-99	-99
19.05.1988	-99	-99	-99	-99
20.05.1988	-99	-99	-99	-99
21.05.1988	-99	-99	-99	-99
22.05.1988	-99	-99	-99	-99
23.05.1988	-99	-99	-99	-99
24.05.1988	-99	-99	-99	-99
25.05.1988	-99	-99	-99	-99
26.05.1988	-99	-99	-99	-99
27.05.1988	-99	-99	-99	-99
28.05.1988	-99	-99	-99	-99
29.05.1988	-99	-99	-99	-99
30.05.1988	-99	-99	-99	-99
31.05.1988	-99	-99	-99	-99
01.06.1988	-99	-99	-99	-99
02.06.1988	-99	-99	-99	-99
03.06.1988	-99	-99	-99	-99
04.06.1988	-99	-99	-99	-99
05.06.1988	-99	-99	-99	-99
06.06.1988	-99	-99	-99	-99
07.06.1988	-99	-99	-99	-99
08.06.1988	-99	-99	-99	-99
09.06.1988	-99	-99	-99	-99
10.06.1988	-99	-99	-99	-99
11.06.1988	-99	-99	-99	-99
12.06.1988	-99	-99	-99	-99
13.06.1988	-99	-99	-99	-99
14.06.1988	-99	-99	-99	-99
15.06.1988	-99	-99	-99	-99
16.06.1988	-99	-99	-99	-99
17.06.1988	-99	-99	-99	-99
18.06.1988	-99	-99	-99	-99
19.06.1988	-99	-99	-99	-99
20.06.1988	-99	-99	-99	-99
21.06.1988	-99	-99	-99	-99
22.06.1988	-99	-99	-99	-99
23.06.1988	-99	-99	-99	-99
24.06.1988	-99	-99	-99	-99
25.06.1988	-99	-99	-99	-99
26.06.1988	-99	-99	-99	-99
27.06.1988	-99	-99	-99	-99
28.06.1988	-99	-99	-99	-99
29.06.1988	-99	-99	-99	-99
30.06.1988	-99	-99	-99	-99
01.07.1988	-99	-99	-99	-99
02.07.1988	-99	-99	-99	-99
03.07.1988	-99	-99	-99	-99
04.07.1988	-99	-99	-99	-99
05.07.1988	-99	-99	-99	-99
06.07.1988	-99	-99	-99	-99
07.07.1988	-99	-99	-99	-99
08.07.1988	-99	-99	-99	-99
09.07.1988	-99	-99	-99	-99
10.07.1988	-99	-99	-99	-99
11.07.1988	-99	-99	-99	-99
12.07.1988	-99	-99	-99	-99
13.07.1988	-99	-99	-99	-99
14.07.1988	-99	-99	-99	-99
15.07.1988	-99	-99	-99	-99
16.07.1988	-99	-99	-99	-99
17.07.1988	-99	-99	-99	-99
18.07.1988	-99	-99	-99	-99
19.07.1988	-99	-99	-99	-99
20.07.1988	-99	-99	-99	-99
21.07.1988	-99	-99	-99	-99
22.07.1988	-99	-99	-99	-99
23.07.1988	-99	-99	-99	-99
24.07.1988	-99	-99	-99	-99
25.07.1988	-99	-99	-99	-99
26.07.1988	-99	-99	-99	-99
27.07.1988	-99	-99	-99	-99
28.07.1988	-99	-99	-99	-99
29.07.1988	-99	-99	-99	-99
30.07.1988	-99	-99	-99	-99
31.07.1988	-99	-99	-99	-99
01.08.1988	-99	-99	-99	-99
02.08.1988	-99	-99	-99	-99
03.08.1988	-99	-99	-99	-99
04.08.1988	-99	-99	-99	-99
05.08.1988	-99	-99	-99	-99
06.08.1988	-99	-99	-99	-99
07.08.1988	-99	-99	-99	-99
08.08.1988	-99	-99	-99	-99
09.08.1988	-99	-99	-99	-99
10.08.1988	-99	-99	-99	-99
11.08.1988	-99	-99	-99	-99
12.08.1988	-99	-99	-99	-99
13.08.1988	-99	-99	-99	-99
14.08.1988	-99	-99	-99	-99
15.08.1988	-99	-99	-99	-99
16.08.1988	-99	-99	-99	-99
17.08.1988	-99	-99	-99	-99
18.08.1988	-99	-99	-99	-99
19.08.1988	-99	-99	-99	-99
20.08.1988	-99	-99	-99	-99
21.08.1988	-99	-99	-99	-99
22.08.1988	-99	-99	-99	-99
23.08.1988	-99	-99	-99	-99
24.08.1988	-99	-99	-99	-99
25.08.1988	-99	-99	-99	-99
26.08.1988	-99	-99	-99	-99
27.08.1988	-99	-99	-99	-99
28.08.1988	-99	-99	-99	-99
29.08.1988	-99	-99	-99	-99
30.08.1988	-99	-99	-99	-99
31.08.1988	-99	-99	-99	-99
01.09.1988	-99	-99	-99	-99
02.09.1988	-99	-99	-99	-99
03.09.1988	-99	-99	-99	-99
04.09.1988	-99	-99	-99	-99
05.09.1988	-99	-99	-99	-99
06.09.1988	-99	-99	-99	-99
07.09.1988	-99	-99	-99	-99
08.09.1988	-99	-99	-99	-99
09.09.1988	-99	-99	-99	-99
10.09.1988	-99	-99	-99	-99
11.09.1988	-99	-99	-99	-99
12.09.1988	-99	-99	-99	-99
13.09.1988	-99	-99	-99	-99
14.09.1988	-99	-99	-99	-99
15.09.1988	-99	-99	-99	-99
16.09.1988	-99	-99	-99	-99
17.09.1988	-99	-99	-99	-99
18.09.1988	-99	-99	-99	-99
19.09.1988	-99	-99	-99	-99
20.09.1988	-99	-99	-99	-99
21.09.1988	-99	-99	-99	-99
22.09.1988	-99	-99	-99	-99
23.09.1988	-99	-99	-99	-99
24.09.1988	-99	-99	-99	-99
25.09.1988	-99	-99	-99	-99
26.09.1988	-99	-99	-99	-99
27.09.1988	-99	-99	-99	-99
28.09.1988	-99	-99	-99	-99
29.09.1988	-99	-99	-99	-99
30.09.1988	-99	-99	-99	-99
01.10.1988	-99	-99	-99	-99
02.10.1988	-99	-99	-99	-99
03.10.1988	-99	-99	-99	-99
04.10.1988	-99	-99	-99	-99
05.10.1988	-99	-99	-99	-99
06.10.1988	-99	-99	-99	-99
07.10.1988	-99	-99	-99	-99
08.10.1988	-99	-99	-99	-99
09.10.1988	-99	-99	-99	-99
10.10.1988	-99	-99	-99	-99
11.10.1988	-99	-99	-99	-99
12.10.1988	-99	-99	-99	-99
13.10.1988	-99	-99	-99	-99
14.10.1988	-99	-99	-99	-99
15.10.1988	-99	-99	-99	-99
16.10.1988	-99	-99	-99	-99
17.10.1988	-99	-99	-99	-99
18.10.1988	-99	-99	-99	-99
19.10.1988	-99	-99	-99	-99
20.10.1988	-99	-99	-99	-99
21.10.1988	-99	-99	-99	-99
22.10.1988	-99	-99	-99	-99
23.10.1988	-99	-99	-99	-99
24.10.1988	-99	-99	-99	-99
25.10.1988	-99	-99	-99	-99
26.10.1988	-99	-99	-99	-99
27.10.1988	-99	-99	-99	-99
28.10.1988	-99	-99	-99	-99
29.10.1988	-99	-99	-99	-99
30.10.1988	-99	-99	-99	-99
31.10.1988	-99	-99	-99	-99
01.11.1988	-99	-99	-99	-99
02.11.1988	-99	-99	-99	-99
03.11.1988	-99	-99	-99	-99
04.11.1988	-99	-99	-99	-99
05.11.1988	-99	-99	-99	-99
06.11.1988	-99	-99	-99	-99
07.11.1988	-99	-99	-99	-99
08.11.1988	-99	-99	-99	-99
09.11.1988	-99	-99	-99	-99
10.11.1988	-99	-99	-99	-99
11.11.1988	-99	-99	-99	-99
12.11.1988	-99	-99	-99	-99
13.11.1988	-99	-99	-99	-99
14.11.1988	-99	-99	-99	-99
15.11.1988	-99	-99	-99	-99
16.11.1988	-99	-99	-99	-99
17.11.1988	-99	-99	-99	-99
18.11.1988	-99	-99	-99	-99
19.11.1988	-99	-99	-99	-99
20.11.1988	-99	-99	-99	-99
21.11.1988	-99	-99	-99	-99
22.11.1988	-99	-99	-99	-99
23.11.1988	-99	-99	-99	-99
24.11.1988	-99	-99	-99	-99
25.11.1988	-99	-99	-99	-99
26.11.1988	-99	-99	-99	-99
27.11.1988	-99	-99	-99	-99
28.11.1988	-99	-99	-99	-99
29.11.1988	-99	-99	-99	-99
30.11.1988	-99	-99	-99	-99
01.12.1988	-99	-99	-99	-99
02.12.1988	-99	-99	-99	-99
03.12.1988	-99	-99	-99	-99
04.12.1988	-99	-99	-99	-99
05.12.1988	-99	-99	-99	-99
06.12.1988	-99	-99	-99	-99
07.12.1988	-99	-99	-99	-99
08.12.1988	-99	-99	-99	-99
09.12.1988	-99	-99	-99	-99
10.12.1988	-99	-99	-99	-99
11.12.1988	-99	-99	-99	-99
12.12.1988	-99	-99	-99	-99
13.12.1988	-99	-99	-99	-99
14.12.1988	-99	-99	-99	-99
15.12.1988	-99	-99	-99	-99
16.12.1988	-99	-99	-99	-99
17.12.1988	-99	-99	-99	-99
18.12.1988	-99	-99	-99	-99
19.12.1988	-99	-99	-99	-99
20.12.1988	-99	-99	-99	-99
21.12.1988	-99	-99	-99	-99
22.12.1988	-99	-99	-99	-99
23.12.1988	-99	-99	-99	-99
24.12.1988	-99	-99	-99	-99
25.12.1988	-99	-99	-99	-99
26.12.1988	-99	-99	-99	-99
27.12.1988	-99	-99	-99	-99
28.12.1988	-99	-99	-99	-99
29.12.1988	-99	-99	-99	-99
30.12.1988	-99	-99	-99	-99
31.12.1988	-99	-99	-99	-99
01.01.1989	-99	-99	-99	-99
02.01.1989	-99	-99	-99	-99
03.01.1989	-99	-99	-99	-99
04.01.1989	-99	-99	-99	-99
05.01.1989	-99	-99	-99	-99
06.01.1989	-99	-99	-99	-99
07.01.1989	-99	-99	-99	-99
08.01.1989	-99	-99	-99	-99
09.01.1989	-99	-99	-99	-99
10.01.1989	-99	-99	-99	-99
11.01.1989	-99	-99	-99	-99
12.01.1989	-99	-99	-99	-99
13.01.1989	-99	-99	-99	-99
14.01.1989	-99	-99	-99	-99
15.01.1989	-99	-99	-99	-99
16.01.1989	-99	-99	-99	-99
17.01.1989	-99	-99	-99	-99
18.01.1989	-99	-99	-99	-99
19.01.1989	-99	-99	-99	-99
20.01.1989	-99	-99	-99	-99
21.01.1989	-99	-99	-99	-99
22.01.1989	-99	-99	-99	-99
23.01.1989	-99	-99	-99	-99
24.01.1989	-99	-99	-99	-99
25.01.1989	-99	-99	-99	-99
26.01.1989	-99	-99	-99	-99
27.01.1989	-99	-99	-99	-99
28.01.1989	-99	-99	-99	-99
29.01.1989	-99	-99	-99	-99
30.01.1989	-99	-99	-99	-99
31.01.1989	-99	-99	-99	-99
01.02.1989	-99	-99	-99	-99
02.02.1989	-99	-99	-99	-99
03.02.1989	-99	-99	-99	-99
04.02.1989	-99	-99	-99	-99
05.02.1989	-99	-99	-99	-99
06.02.1989	-99	-99	-99	-99
07.02.1989	-99	-99	-99	-99
08.02.1989	-99	-99	-99	-99
09.02.1989	-99	-99	-99	-99
10.02.1989	-99	-99	-99	-99
11.02.1989	-99	-99	-99	-99
12.02.1989	-99	-99	-99	-99
13.02.1989	-99	-99	-99	-99
14.02.1989	-99	-99	-99	-99
15.02.1989	-99	-99	-99	-99
16.02.1989	-99	-99	-99	-99
17.02.1989	-99	-99	-99	-99
18.02.1989	-99	-99	-99	-99
19.02.1989	-99	-99	-99	-99
20.02.1989	-99	-99	-99	-99
21.02.1989	-99	-99	-99	-99
22.02.1989	-99	-99	-99	-99
23.02.1989	-99	-99	-99	-99
24.02.1989	-99	-99	-99	-99
25.02.1989	-99	-99	-99	-99
26.02.1989	-99	-99	-99	-99
27.02.1989	-99	-99	-99	-99
28.02.1989	-99	-99	-99	-99
01.03.1989	-99	-99	-99	-99
02.03.1989	-99	-99	-99	-99
03.03.1989	-99	-99	-99	-99
04.03.1989	-99	-99	-99	-99
05.03.1989	-99	-99	-99	-99
06.03.1989	-99	-99	-99	-99
07.03.1989	-99	-99	-99	-99
08.03.1989	-99	-99	-99	-99
09.03.1989	-99	-99	-99	-99
10.03.1989	-99	-99	-99	-99
11.03.1989	-99	-99	-99	-99
12.03.1989	-99	-99	-99	-99
13.03.1989	-99	-99	-99	-99
14.03.1989	-99	-99	-99	-99
15.03.1989	-99	-99	-99	-99
16.03.1989	-99	-99	-99	-99
17.03.1989	-99	-99	-99	-99
18.03.1989	-99	-99	-99	-99
19.03.1989	-99	-99	-99	-99
20.03.1989	-99	-99	-99	-99
21.03.1989	-99	-99	-99	-99
22.03.1989	-99	-99	-99	-99
23.03.1989	-99	-99	-99	-99
24.03.1989	-99	-99	-99	-99
25.03.1989	-99	-99	-99	-99
26.03.1989	-99	-99	-99	-99
27.03.1989	-99	-99	-99	-99
28.03.1989	-99	-99	-99	-99
29.03.1989	-99	-99	-99	-99
30.03.1989	-99	-99	-99	-99
31.03.1989	-99	-99	-99	-99
01.04.1989	-99	-99	-99	-99
02.04.1989	-99	-99	-99	-99
03.04.1989	-99	-99	-99	-99
04.04.1989	-99	-99	-99	-99
05.04.1989	-99	-99	-99	-99
06.04.1989	-99	-99	-99	-99
07.04.1989	-99	-99	-99	-99
08.04.1989	-99	-99	-99	-99
09.04.1989	-99	-99	-99	-99
10.04.1989	-99	-99	-99	-99
11.04.1989	-99	-99	-99	-99
12.04.1989	-99	-99	-99	-99
13.04.1989	-99	-99	-99	-99
14.04.1989	-99	-99	-99	-99
15.04.1989	-99	-99	-99	-99
16.04.1989	-99	-99	-99	-99
17.04.1989	-99	-99	-99	-99
18.04.1989	-99	-99	-99	-99
19.04.1989	-99	-99	-99	-99
20.04.1989	-99	-99	-99	-99
21.04.1989	-99	-99	-99	-99
22.04.1989	-99	-99	-99	-99
23.04.1989	-99	-99	-99	-99
24.04.1989	-99	-99	-99	-99
25.04.1989	-99	-99	-99	-99
26.04.1989	-99	-99	-99	-99
27.04.1989	-99	-99	-99	-99
28.04.1989	-99	-99	-99	-99
29.04.1989	-99	-99	-99	-99
30.04.1989	-99	-99	-99	-99
01.05.1989	-99	-99	-99	-99
02.05.1989	-99	-99	-99	-99
03.05.1989	-99	-99	-99	-99
04.05.1989	-99	-99	-99	-99
05.05.1989	-99	-99	-99	-99
06.05.1989	-99	-99	-99	-99
07.05.1989	-99	-99	-99	-99
08.05.1989	-99	-99	-99	-99
09.05.1989	-99	-99	-99	-99
10.05.1989	-99	-99	-99	-99
11.05.1989	-99	-99	-99	-99
12.05.1989	-99	-99	-99	-99
13.05.1989	-99	-99	-99	-99
14.05.1989	-99	-99	-99	-99
15.05.1989	-99	-99	-99	-99
16.05.1989	-99	-99	-99	-99
17.05.1989	-99	-99	-99	-99
18.05.1989	-99	-99	-99	-99
19.05.1989	-99	-99	-99	-99
20.05.1989	-99	-99	-99	-99
21.05.1989	-99	-99	-99	-99
22.05.1989	-99	-99	-99	-99
23.05.1989	-99	-99	-99	-99
24.05.1989	-99	-99	-99	-99
25.05.1989	-99	-99	-99	-99
26.05.1989	-99	-99	-99	-99
27.05.1989	-99	-99	-99	-99
28.05.1989	-99	-99	-99	-99
29.05.1989	-99	-99	-99	-99
30.05.1989	-99	-99	-99	-99
31.05.1989	-99	-99	-99	-99
01.06.1989	-99	-99	-99	-99
02.06.1989	-99	-99	-99	-99
03.06.1989	-99	-99	-99	-99
04.06.1989	-99	-99	-99	-99
05.06.1989	-99	-99	-99	-99
06.06.1989	-99	-99	-99	-99
07.06.1989	-99	-99	-99	-99
08.06.1989	-99	-99	-99	-99
09.06.1989	-99	-99	-99	-99
10.06.1989	-99	-99	-99	-99
11.06.1989	-99	-99	-99	-99
12.06.1989	-99	-99	-99	-99
13.06.1989	-99	-99	-99	-99
14.06.1989	-99	-99	-99	-99
15.06.1989	-99	-99	-99	-99
16.06.1989	-99	-99	-99	-99
17.06.1989	-99	-99	-99	-99
18.06.1989	-99	-99	-99	-99
19.06.1989	-99	-99	-99	-99
20.06.1989	-99	-99	-99	-99
21.06.1989	-99	-99	-99	-99
22.06.1989	-99	-99	-99	-99
23.06.1989	-99	-99	-99	-99
24.06.1989	-99	-99	-99	-99
25.06.1989	-99	-99	-99	-99
26.06.1989	-99	-99	-99	-99
27.06.1989	-99	-99	-99	-99
28.06.1989	-99	-99	-99	-99
29.06.1989	-99	-99	-99	-99
30.06.1989	-99	-99	-99	-99
01.07.1989	-99	-99	-99	-99
02.07.1989	-99	-99	-99	-99
03.07.1989	-99	-99	-99	-99
04.07.1989	-99	-99	-99	-99
05.07.1989	-99	-99	-99	-99
06.07.1989	-99	-99	-99	-99
07.07.1989	-99	-99	-99	-99
08.07.1989	-99	-99	-99	-99
09.07.1989	-99	-99	-99	-99
10.07.1989	-99	-99	-99	-99
11.07.1989	-99	-99	-99	-99
12.07.1989	-99	-99	-99	-99
13.07.1989	-99	-99	-99	-99
14.07.1989	-99	-99	-99	-99
15.07.1989	-99	-99	-99	-99
16.07.1989	-99	-99	-99	-99
17.07.1989	-99	-99	-99	-99
18.07.1989	-99	-99	-99	-99
19.07.1989	-99	-99	-99	-99
20.07.1989	-99	-99	-99	-99
21.07.1989	-99	-99	-99	-99
22.07.1989	-99	-99	-99	-99
23.07.1989	-99	-99	-99	-99
24.07.1989	-99	-99	-99	-99
25.07.1989	-99	-99	-99	-99
26.07.1989	-99	-99	-99	-99
27.07.1989	-99	-99	-99	-99
28.07.1989	-99	-99	-99	-99
29.07.1989	-99	-99	-99	-99
30.07.1989	-99	-99	-99	-99
31.07.1989	-99	-99	-99	-99
01.08.1989	-99	-99	-99	-99
02.08.1989	-99	-99	-99	-99
03.08.1989	-99	-99	-99	-99
04.08.1989	-99	-99	-99	-99
05.08.1989	-99	-99	-99	-99
06.08.1989	-99	-99	-99	-99
07.08.1989	-99	-99	-99	-99
08.08.1989	-99	-99	-99	-99
09.08.1989	-99	-99	-99	-99
10.08.1989	-99	-99	-99	-99
11.08.1989	-99	-99	-99	-99
12.08.1989	-99	-99	-99	-99
13.08.1989	-99	-99	-99	-99
14.08.1989	-99	-99	-99	-99
15.08.1989	-99	-99	-99	-99
16.08.1989	-99	-99	-99	-99
17.08.1989	-99	-99	-99	-99
18.08.1989	-99	-99	-99	-99
19.08.1989	-99	-99	-99	-99
20.08.1989	-99	-99	-99	-99
21.08.1989	-99	-99	-99	-99
22.08.1989	-99	-99	-99	-99
23.08.1989	-99	-99	-99	-99
24.08.1989	-99	-99	-99	-99
25.08.1989	-99	-99	-99	-99
26.08.1989	-99	-99	-99	-99
27.08.1989	-99	-99	-99	-99
28.08.1989	-99	-99	-99	-99
29.08.1989	-99	-99	-99	-99
30.08.1989	-99	-99	-99	-99
31.08.1989	-99	-99	-99	-99
01.09.1989	-99	-99	-99	-99
02.09.1989	-99	-99	-99	-99
03.09.1989	-99	-99	-99	-99
04.09.1989	-99	-99	-99	-99
05.09.1989	-99	-99	-99	-99
06.09.1989	-99	-99	-99	-99
07.09.1989	-99	-99	-99	-99
08.09.1989	-99	-99	-99	-99
09.09.1989	-99	-99	-99	-99
10.09.1989	-99	-99	-99	-99
11.09.1989	-99	-99	-99	-99
12.09.1989	-99	-99	-99	-99
13.09.1989	-99	-99	-99	-99
14.09.1989	-99	-99	-99	-99
15.09.1989	-99	-99	-99	-99
16.09.1989	-99	-99	-99	-99
17.09.1989	-99	-99	-99	-99
18.09.1989	-99	-99	-99	-99
19.09.1989	-99	-99	-99	-99
20.09.1989	-99	-99	-99	-99
21.09.1989	-99	-99	-99	-99
22.09.1989	-99	-99	-99	-99
23.09.1989	-99	-99	-99	-99
24.09.1989	-99	-99	-99	-99
25.09.1989	-99	-99	-99	-99
26.09.1989	-99	-99	-99	-99
27.09.1989	-99	-99	-99	-99
28.09.1989	-99	-99	-99	-99
29.09.1989	-99	-99	-99	-99
30.09.1989	-99	-99	-99	-99
01.10.1989	-99	-99	-99	-99
02.10.1989	-99	-99	-99	-99
03.10.1989	-99	-99	-99	-99
04.10.1989	-99	-99	-99	-99
05.10.1989	-99	-99	-99	-99
06.10.1989	-99	-99	-99	-99
07.10.1989	-99	-99	-99	-99
08.10.1989	-99	-99	-99	-99
09.10.1989	-99	-99	-99	-99
10.10.1989	-99	-99	-99	-99
11.10.1989	-99	-99	-99	-99
12.10.1989	-99	-99	-99	-99
13.10.1989	-99	-99	-99	-99
14.10.1989	-99	-99	-99	-99
15.10.1989	-99	-99	-99	-99
16.10.1989	-99	-99	-99	-99
17.10.1989	-99	-99	-99	-99
18.10.1989	-99	-99	-99	-99
19.10.1989	-99	-99	-99	-99
20.10.1989	-99	-99	-99	-99
21.10.1989	-99	-99	-99	-99
22.10.1989	-99	-99	-99	-99
23.10.1989	-99	-99	-99	-99
24.10.1989	-99	-99	-99	-99
25.10.1989	-99	-99	-99	-99
26.10.1989	-99	-99	-99	-99
27.10.1989	-99	-99	-99	-99
28.10.1989	-99	-99	-99	-99
29.10.1989	-99	-99	-99	-99
30.10.1989	-99	-99	-99	-99
31.10.1989	-99	-99	-99	-99
01.11.1989	-99	-99	-99	-99
02.11.1989	-99	-99	-99	-99
03.11.1989	-99	-99	-99	-99
04.11.1989	-99	-99	-99	-99
05.11.1989	-99	-99	-99	-99
06.11.1989	-99	-99	-99	-99
07.11.1989	-99	-99	-99	-99
08.11.1989	-99	-99	-99	-99
09.11.1989	-99	-99	-99	-99
10.11.1989	-99	-99	-99	-99
11.11.1989	-99	-99	-99	-99
12.11.1989	-99	-99	-99	-99
13.11.1989	-99	-99	-99	-99
14.11.1989	-99	-99	-99	-99
15.11.1989	-99	-99	-99	-99
16.11.1989	-99	-99	-99	-99
17.11.1989	-99	-99	-99	-99
18.11.1989	-99	-99	-99	-99
19.11.1989	-99	-99	-99	-99
20.11.1989	-99	-99	-99	-99
21.11.1989	-99	-99	-99	-99
22.11.1989	-99	-99	-99	-99
23.11.1989	-99	-99	-99	-99
24.11.1989	-99	-99	-99	-99
25.11.1989	-99	-99	-99	-99
26.11.1989	-99	-99	-99	-99
27.11.1989	-99	-99	-99	-99
28.11.1989	-99	-99	-99	-99
29.11.1989	-99	-99	-99	-99
30.11.1989	-99	-99	-99	-99
01.12.1989	-99	-99	-99	-99
02.12.1989	-99	-99	-99	-99
03.12.1989	-99	-99	-99	-99
04.12.1989	-99	-99	-99	-99
05.12.1989	-99	-99	-99	-99
06.12.1989	-99	-99	-99	-99
07.12.1989	-99	-99	-99	-99
08.12.1989	-99	-99	-99	-99
09.12.1989	-99	-99	-99	-99
10.12.1989	-99	-99	-99	-99
11.12.1989	-99	-99	-99	-99
12.12.1989	-99	-99	-99	-99
13.12.1989	-99	-99	-99	-99
14.12.1989	-99	-99	-99	-99
15.12.1989	-99	-99	-99	-99
16.12.1989	-99	-99	-99	-99
17.12.1989	-99	-99	-99	-99
18.12.1989	-99	-99	-99	-99
19.12.1989	-99	-99	-99	-99
20.12.1989	-99	-99	-99	-99
21.12.1989	-99	-99	-99	-99
22.12.1989	-99	-99	-99	-99
23.12.1989	-99	-99	-99	-99
24.12.1989	-99	-99	-99	-99
25.12.1989	-99	-99	-99	-99
26.12.1989	-99	-99	-99	-99
27.12.1989	-99	-99	-99	-99
28.12.1989	-99	-99	-99	-99
29.12.1989	-99	-99	-99	-99
30.12.1989	-99	-99	-99	-99
31.12.1989	-99	-99	-99	-99
01.01.1990	-99	-99	-99	-99
02.01.1990	-99	-99	-99	-99
03.01.1990	-99	-99	-99	-99
04.01.1990	-99	-99	-99	-99
05.01.1990	-99	-99	-99	-99
06.01.1990	-99	-99	-99	-99
07.01.1990	-99	-99	-99	-99
08.01.1990	-99	-99	-99	-99
09.01.1990	-99	-99	-99	-99
10.01.1990	-99	-99	-99	-99
11.01.1990	-99	-99	-99	-99
12.01.1990	-99	-99	-99	-99
13.01.1990	-99	-99	-99	-99
14.01.1990	-99	-99	-99	-99
15.01.1990	-99	-99	-99	-99
16.01.1990	-99	-99	-99	-99
17.01.1990	-99	-99	-99	-99
18.01.1990	-99	-99	-99	-99
19.01.1990	-99	-99	-99	-99
20.01.1990	-99	-99	-99	-99
21.01.1990	-99	-99	-99	-99
22.01.1990	-99	-99	-99	-99
23.01.1990	-99	-99	-99	-99
24.01.1990	-99	-99	-99	-99
25.01.1990	-99	-99	-99	-99
26.01.1990	-99	-99	-99	-99
27.01.1990	-99	-99	-99	-99
28.01.1990	-99	-99	-99	-99
29.01.1990	-99	-99	-99	-99
30.01.1990	-99	-99	-99	-99
31.01.1990	-99	-99	-99	-99
01.02.1990	-99	-99	-99	-99
02.02.1990	-99	-99	-99	-99
03.02.1990	-99	-99	-99	-99
04.02.1990	-99	-99	-99	-99
05.02.1990	-99	-99	-99	-99
06.02.1990	-99	-99	-99	-99
07.02.1990	-99	-99	-99	-99
08.02.1990	-99	-99	-99	-99
09.02.1990	-99	-99	-99	-99
10.02.1990	-99	-99	-99	-99
11.02.1990	-99	-99	-99	-99
12.02.1990	-99	-99	-99	-99
13.02.1990	-99	-99	-99	-99
14.02.1990	-99	-99	-99	-99
15.02.1990	-99	-99	-99	-99
16.02.1990	-99	-99	-99	-99
17.02.1990	-99	-99	-99	-99
18.02.1990	-99	-99	-99	-99
19.02.1990	-99	-99	-99	-99
20.02.1990	-99	-99	-99	-99
21.02.1990	-99	-99	-99	-99
22.02.1990	-99	-99	-99	-99
23.02.1990	-99	-99	-99	-99
24.02.1990	-99	-99	-99	-99
25.02.1990	-99	-99	-99	-99
26.02.1990	-99	-99	-99	-99
27.02.1990	-99	-99	-99	-99
28.02.1990	-99	-99	-99	-99
01.03.1990	-99	-99	-99	-99
02.03.1990	-99	-99	-99	-99
03.03.1990	-99	-99	-99	-99
04.03.1990	-99	-99	-99	-99
05.03.1990	-99	-99	-99	-99
06.03.1990	-99	-99	-99	-99
07.03.1990	-99	-99	-99	-99
08.03.1990	-99	-99	-99	-99
09.03.1990	-99	-99	-99	-99
10.03.1990	-99	-99	-99	-99
11.03.1990	-99	-99	-99	-99
12.03.1990	-99	-99	-99	-99
13.03.1990	-99	-99	-99	-99
14.03.1990	-99	-99	-99	-99
15.03.1990	-99	-99	-99	-99
16.03.1990	-99	-99	-99	-99
17.03.1990	-99	-99	-99	-99
18.03.1990	-99	-99	-99	-99
19.03.1990	-99	-99	-99	-99
20.03.1990	-99	-99	-99	-99
21.03.1990	-99	-99	-99	-99
22.03.1990	-99	-99	-99	-99
23.03.1990	-99	-99	-99	-99
24.03.1990	-99	-99	-99	-99
25.03.1990	-99	-99	-99	-99
26.03.1990	-99	-99	-99	-99
27.03.1990	-99	-99	-99	-99
28.03.1990	-99	-99	-99	-99
29.03.1990	-99	-99	-99	-99
30.03.1990	-99	-99	-99	-99
31.03.1990	-99	-99	-99	-99
01.04.1990	-99	-99	-99	-99
02.04.1990	-99	-99	-99	-99
03.04.1990	-99	-99	-99	-99
04.04.1990	-99	-99	-99	-99
05.04.1990	-99	-99	-99	-99
06.04.1990	-99	-99	-99	-99
07.04.1990	-99	-99	-99	-99
08.04.1990	-99	-99	-99	-99
09.04.1990	-99	-99	-99	-99
10.04.1990	-99	-99	-99	-99
11.04.1990	-99	-99	-99	-99
12.04.1990	-99	-99	-99	-99
13.04.1990	-99	-99	-99	-99
14.04.1990	-99	-99	-99	-99
15.04.1990	-99	-99	-99	-99
16.04.1990	-99	-99	-99	-99
17.04.1990	-99	-99	-99	-99
18.04.1990	-99	-99	-99	-99
19.04.1990	-99	-99	-99	-99
20.04.1990	-99	-99	-99	-99
21.04.1990	-99	-99	-99	-99
22.04.1990	-99	-99	-99	-99
23.04.1990	-99	-99	-99	-99
24.04.1990	-99	-99	-99	-99
25.04.1990	-99	-99	-99	-99
26.04.1990	-99	-99	-99	-99
27.04.1990	-99	-99	-99	-99
28.04.1990	-99	-99	-99	-99
29.04.1990	-99	-99	-99	-99
30.04.1990	-99	-99	-99	-99
01.05.1990	-99	-99	-99	-99
02.05.1990	-99	-99	-99	-99
03.05.1990	-99	-99	-99	-99
04.05.1990	-99	-99	-99	-99
05.05.1990	-99	-99	-99	-99
06.05.1990	-99	-99	-99	-99
07.05.1990	-99	-99	-99	-99
08.05.1990	-99	-99	-99	-99
09.05.1990	-99	-99	-99	-99
10.05.1990	-99	-99	-99	-99
11.05.1990	-99	-99	-99	-99
12.05.1990	-99	-99	-99	-99
13.05.1990	-99	-99	-99	-99
14.05.1990	-99	-99	-99	-99
15.05.1990	-99	-99	-99	-99
16.05.1990	-99	-99	-99	-99
17.05.1990	-99	-99	-99	-99
18.05.1990	-99	-99	-99	-99
19.05.1990	-99	-99	-99	-99
20.05.1990	-99	-99	-99	-99
21.05.1990	-99	-99	-99	-99
22.05.1990	-99	-99	-99	-99
23.05.1990	-99	-99	-99	-99
24.05.1990	-99	-99	-99	-99
25.05.1990	-99	-99	-99	-99
26.05.1990	-99	-99	-99	-99
27.05.1990	-99	-99	-99	-99
28.05.1990	-99	-99	-99	-99
29.05.1990	-99	-99	-99	-99
30.05.1990	-99	-99	-99	-99
31.05.1990	-99	-99	-99	-99
01.06.1990	-99	-99	-99	-99
02.06.1990	-99	-99	-99	-99
03.06.1990	-99	-99	-99	-99
04.06.1990	-99	-99	-99	-99
05.06.1990	-99	-99	-99	-99
06.06.1990	-99	-99	-99	-99
07.06.1990	-99	-99	-99	-99
08.06.1990	-99	-99	-99	-99
09.06.1990	-99	-99	-99	-99
10.06.1990	-99	-99	-99	-99
11.06.1990	-99	-99	-99	-99
12.06.1990	-99	-99	-99	-99
13.06.1990	-99	-99	-99	-99
14.06.1990	-99	-99	-99	-99
15.06.1990	-99	-99	-99	-99
16.06.1990	-99	-99	-99	-99
17.06.1990	-99	-99	-99	-99
18.06.1990	-99	-99	-99	-99
19.06.1990	-99	-99	-99	-99
20.06.1990	-99	-99	-99	-99
21.06.1990	-99	-99	-99	-99
22.06.1990	-99	-99	-99	-99
23.06.1990	-99	-99	-99	-99
24.06.1990	-99	-99	-99	-99
25.06.1990	-99	-99	-99	-99
26.06.1990	-99	-99	-99	-99
27.06.1990	-99	-99	-99	-99
28.06.1990	-99	-99	-99	-99
29.06.1990	-99	-99	-99	-99
30.06.1990	-99	-99	-99	-99
01.07.1990	-99	-99	-99	-99
02.07.1990	-99	-99	-99	-99
03.07.1990	-99	-99	-99	-99
04.07.1990	-99	-99	-99	-99
05.07.1990	-99	-99	-99	-99
06.07.1990	-99	-99	-99	-99
07.07.1990	-99	-99	-99	-99
08.07.1990	-99	-99	-99	-99
09.07.1990	-99	-99	-99	-99
10.07.1990	-99	-99	-99	-99
11.07.1990	-99	-99	-99	-99
12.07.1990	-99	-99	-99	-99
13.07.1990	-99	-99	-99	-99
14.07.1990	-99	-99	-99	-99
15.07.1990	-99	-99	-99	-99
16.07.1990	-99	-99	-99	-99
17.07.1990	-99	-99	-99	-99
18.07.1990	-99	-99	-99	-99
19.07.1990	-99	-99	-99	-99
20.07.1990	-99	-99	-99	-99
21.07.1990	-99	-99	-99	-99
22.07.1990	-99	-99	-99	-99
23.07.1990	-99	-99	-99	-99
24.07.1990	-99	-99	-99	-99
25.07.1990	-99	-99	-99	-99
26.07.1990	-99	-99	-99	-99
27.07.1990	-99	-99	-99	-99
28.07.1990	-99	-99	-99	-99
29.07.1990	-99	-99	-99	-99
30.07.1990	-99	-99	-99	-99
31.07.1990	-99	-99	-99	-99
01.08.1990	-99	-99	-99	-99
02.08.1990	-99	-99	-99	-99
03.08.1990	-99	-99	-99	-99
04.08.1990	-99	-99	-99	-99
05.08.1990	-99	-99	-99	-99
06.08.1990	-99	-99	-99	-99
07.08.1990	-99	-99	-99	-99
08.08.1990	-99	-99	-99	-99
09.08.1990	-99	-99	-99	-99
10.08.1990	-99	-99	-99	-99
11.08.1990	-99	-99	-99	-99
12.08.1990	-99	-99	-99	-99
13.08.1990	-99	-99	-99	-99
14.08.1990	-99	-99	-99	-99
15.08.1990	-99	-99	-99	-99
16.08.1990	-99	-99	-99	-99
17.08.1990	-99	-99	-99	-99
18.08.1990	-99	-99	-99	-99
19.08.1990	-99	-99	-99	-99
20.08.1990	-99	-99	-99	-99
21.08.1990	-99	-99	-99	-99
22.08.1990	-99	-99	-99	-99
23.08.1990	-99	-99	-99	-99
24.08.1990	-99	-99	-99	-99
25.08.1990	-99	-99	-99	-99
26.08.1990	-99	-99	-99	-99
27.08.1990	-99	-99	-99	-99
28.08.1990	-99	-99	-99	-99
29.08.1990	-99	-99	-99	-99
30.08.1990	-99	-99	-99	-99
31.08.1990	-99	-99	-99	-99
01.09.1990	-99	-99	-99	-99
02.09.1990	-99	-99	-99	-99
03.09.1990	-99	-99	-99	-99
04.09.1990	-99	-99	-99	-99
05.09.1990	-99	-99	-99	-99
06.09.1990	-99	-99	-99	-99
07.09.1990	-99	-99	-99	-99
08.09.1990	-99	-99	-99	-99
09.09.1990	-99	-99	-99	-99
10.09.1990	-99	-99	-99	-99
11.09.1990	-99	-99	-99	-99
12.09.1990	-99	-99	-99	-99
13.09.1990	-99	-99	-99	-99
14.09.1990	-99	-99	-99	-99
15.09.1990	-99	-99	-99	-99
16.09.1990	-99	-99	-99	-99
17.09.1990	-99	-99	-99	-99
18.09.1990	-99	-99	-99	-99
19.09.1990	-99	-99	-99	-99
20.09.1990	-99	-99	-99	-99
21.09.1990	-99	-99	-99	-99
22.09.1990	-99	-99	-99	-99
23.09.1990	-99	-99	-99	-99
24.09.1990	-99	-99	-99	-99
25.09.1990	-99	-99	-99	-99
26.09.1990	-99	-99	-99	-99
27.09.1990	-99	-99	-99	-99
28.09.1990	-99	-99	-99	-99
29.09.1990	-99	-99	-99	-99
30.09.1990	-99	-99	-99	-99
01.10.1990	-99	-99	-99	-99
02.10.1990	-99	-99	-99	-99
03.10.1990	-99	-99	-99	-99
04.10.1990	-99	-99	-99	-99
05.10.1990	-99	-99	-99	-99
06.10.1990	-99	-99	-99	-99
07.10.1990	-99	-99	-99	-99
08.10.1990	-99	-99	-99	-99
09.10.1990	-99	-99	-99	-99
10.10.1990	-99	-99	-99	-99
11.10.1990	-99	-99	-99	-99
12.10.1990	-99	-99	-99	-99
13.10.1990	-99	-99	-99	-99
14.10.1990	-99	-99	-99	-99
15.10.1990	-99	-99	-99	-99
16.10.1990	-99	-99	-99	-99
17.10.1990	-99	-99	-99	-99
18.10.1990	-99	-99	-99	-99
19.10.1990	-99	-99	-99	-99
20.10.1990	-99	-99	-99	-99
21.10.1990	-99	-99	-99	-99
22.10.1990	-99	-99	-99	-99
23.10.1990	-99	-99	-99	-99
24.10.1990	-99	-99	-99	-99
25.10.1990	-99	-99	-99	-99
26.10.1990	-99	-99	-99	-99
27.10.1990	-99	-99	-99	-99
28.10.1990	-99	-99	-99	-99
29.10.1990	-99	-99	-99	-99
30.10.1990	-99	-99	-99	-99
31.10.1990	-99	-99	-99	-99
01.11.1990	-99	-99	-99	-99
02.11.1990	-99	-99	-99	-99
03.11.1990	-99	-99	-99	-99
04.11.1990	-99	-99	-99	-99
05.11.1990	-99	-99	-99	-99
06.11.1990	-99	-99	-99	-99
07.11.1990	-99	-99	-99	-99
08.11.1990	-99	-99	-99	-99
09.11.1990	-99	-99	-99	-99
10.11.1990	-99	-99	-99	-99
11.11.1990	-99	-99	-99	-99
12.11.1990	-99	-99	-99	-99
13.11.1990	-99	-99	-99	-99
14.11.1990	-99	-99	-99	-99
15.11.1990	-99	-99	-99	-99
16.11.1990	-99	-99	-99	-99
17.11.1990	-99	-99	-99	-99
18.11.1990	-99	-99	-99	-99
19.11.1990	-99	-99	-99	-99
20.11.1990	-99	-99	-99	-99
21.11.1990	-99	-99	-99	-99
22.11.1990	-99	-99	-99	-99
23.11.1990	-99	-99	-99	-99
24.11.1990	-99	-99	-99	-99
25.11.1990	-99	-99	-99	-99
26.11.1990	-99	-99	-99	-99
27.11.1990	-99	-99	-99	-99
28.11.1990	-99	-99	-99	-99
29.11.1990	-99	-99	-99	-99
30.11.1990	-99	-99	-99	-99
01.12.1990	-99	-99	-99	-99
02.12.1990	-99	-99	-99	-99
03.12.1990	-99	-99	-99	-99
04.12.1990	-99	-99	-99	-99
05.12.1990	-99	-99	-99	-99
06.12.1990	-99	-99	-99	-99
07.12.1990	-99	-99	-99	-99
08.12.1990	-99	-99	-99	-99
09.12.1990	-99	-99	-99	-99
10.12.1990	-99	-99	-99	-99
11.12.1990	-99	-99	-99	-99
12.12.1990	-99	-99	-99	-99
13.12.1990	-99	-99	-99	-99
14.12.1990	-99	-99	-99	-99
15.12.1990	-99	-99	-99	-99
16.12.1990	-99	-99	-99	-99
17.12.1990	-99	-99	-99	-99
18.12.1990	-99	-99	-99	-99
19.12.1990	-99	-99	-99	-99
20.12.1990	-99	-99	-99	-99
21.12.1990	-99	-99	-99	-99
22.12.1990	-99	-99	-99	-99
23.12.1990	-99	-99	-99	-99
24.12.1990	-99	-99	-99	-99
25.12.1990	-99	-99	-99	-99
26.12.1990	-99	-99	-99	-99
27.12.1990	-99	-99	-99	-99
28.12.1990	-99	-99	-99	-99
29.12.1990	-99	-99	-99	-99
30.12.1990	-99	-99	-99	-99
31.12.1990	-99	-99	-99	-99
01.01.1991	-99	-99	-99	-99
02.01.1991	-99	-99	-99	-99
03.01.1991	-99	-99	-99	-99
04.01.1991	-99	-99	-99	-99
05.01.1991	-99	-99	-99	-99
06.01.1991	-99	-99	-99	-99
07.01.1991	-99	-99	-99	-99
08.01.1991	-99	-99	-99	-99
09.01.1991	-99	-99	-99	-99
10.01.1991	-99	-99	-99	-99
11.01.1991	-99	-99	-99	-99
12.01.1991	-99	-99	-99	-99
13.01.1991	-99	-99	-99	-99
14.01.1991	-99	-99	-99	-99
15.01.1991	-99	-99	-99	-99
16.01.1991	-99	-99	-99	-99
17.01.1991	-99	-99	-99	-99
18.01.1991	-99	-99	-99	-99
19.01.1991	-99	-99	-99	-99
20.01.1991	-99	-99	-99	-99
21.01.1991	-99	-99	-99	-99
22.01.1991	-99	-99	-99	-99
23.01.1991	-99	-99	-99	-99
24.01.1991	-99	-99	-99	-99
25.01.1991	-99	-99	-99	-99
26.01.1991	-99	-99	-99	-99
27.01.1991	-99	-99	-99	-99
28.01.1991	-99	-99	-99	-99
29.01.1991	-99	-99	-99	-99
30.01.1991	-99	-99	-99	-99
31.01.1991	-99	-99	-99	-99
01.02.1991	-99	-99	-99	-99
02.02.1991	-99	-99	-99	-99
03.02.1991	-99	-99	-99	-99
04.02.1991	-99	-99	-99	-99
05.02.1991	-99	-99	-99	-99
06.02.1991	-99	-99	-99	-99
07.02.1991	-99	-99	-99	-99
08.02.1991	-99	-99	-99	-99
09.02.1991	-99	-99	-99	-99
10.02.1991	-99	-99	-99	-99
11.02.1991	-99	-99	-99	-99
12.02.1991	-99	-99	-99	-99
13.02.1991	-99	-99	-99	-99
14.02.1991	-99	-99	-99	-99
15.02.1991	-99	-99	-99	-99
16.02.1991	-99	-99	-99	-99
17.02.1991	-99	-99	-99	-99
18.02.1991	-99	-99	-99	-99
19.02.1991	-99	-99	-99	-99
20.02.1991	-99	-99	-99	-99
21.02.1991	-99	-99	-99	-99
22.02.1991	-99	-99	-99	-99
23.02.1991	-99	-99	-99	-99
24.02.1991	-99	-99	-99	-99
25.02.1991	-99	-99	-99	-99
26.02.1991	-99	-99	-99	-99
27.02.1991	-99	-99	-99	-99
28.02.1991	-99	-99	-99	-99
01.03.1991	-99	-99	-99	-99
02.03.1991	-99	-99	-99	-99
03.03.1991	-99	-99	-99	-99
04.03.1991	-99	-99	-99	-99
05.03.1991	-99	-99	-99	-99
06.03.1991	-99	-99	-99	-99
07.03.1991	-99	-99	-99	-99
08.03.1991	-99	-99	-99	-99
09.03.1991	-99	-99	-99	-99
10.03.1991	-99	-99	-99	-99
11.03.1991	-99	-99	-99	-99
12.03.1991	-99	-99	-99	-99
13.03.1991	-99	-99	-99	-99
14.03.1991	-99	-99	-99	-99
15.03.1991	-99	-99	-99	-99
16.03.1991	-99	-99	-99	-99
17.03.1991	-99	-99	-99	-99
18.03.1991	-99	-99	-99	-99
19.03.1991	-99	-99	-99	-99
20.03.1991	-99	-99	-99	-99
21.03.1991	-99	-99	-99	-99
22.03.1991	-99	-99	-99	-99
23.03.1991	-99	-99	-99	-99
24.03.1991	-99	-99	-99	-99
25.03.1991	-99	-99	-99	-99
26.03.1991	-99	-99	-99	-99
27.03.1991	-99	-99	-99	-99
28.03.1991	-99	-99	-99	-99
29.03.1991	-99	-99	-99	-99
30.03.1991	-99	-99	-99	-99
31.03.1991	-99	-99	-99	-99
01.04.1991	-99	-99	-99	-99
02.04.1991	-99	-99	-99	-99
03.04.1991	-99	-99	-99	-99
04.04.1991	-99	-99	-99	-99
05.04.1991	-99	-99	-99	-99
06.04.1991	-99	-99	-99	-99
07.04.1991	-99	-99	-99	-99
08.04.1991	-99	-99	-99	-99
09.04.1991	-99	-99	-99	-99
10.04.1991	-99	-99	-99	-99
11.04.1991	-99	-99	-99	-99
12.04.1991	-99	-99	-99	-99
13.04.1991	-99	-99	-99	-99
14.04.1991	-99	-99	-99	-99
15.04.1991	-99	-99	-99	-99
16.04.1991	-99	-99	-99	-99
17.04.1991	-99	-99	-99	-99
18.04.1991	-99	-99	-99	-99
19.04.1991	-99	-99	-99	-99
20.04.1991	-99	-99	-99	-99
21.04.1991	-99	-99	-99	-99
22.04.1991	-99	-99	-99	-99
23.04.1991	-99	-99	-99	-99
24.04.1991	-99	-99	-99	-99
25.04.1991	-99	-99	-99	-99
26.04.1991	-99	-99	-99	-99
27.04.1991	-99	-99	-99	-99
28.04.1991	-99	-99	-99	-99
29.04.1991	-99	-99	-99	-99
30.04.1991	-99	-99	-99	-99
01.05.1991	-99	-99	-99	-99
02.05.1991	-99	-99	-99	-99
03.05.1991	-99	-99	-99	-99
04.05.1991	-99	-99	-99	-99
05.05.1991	-99	-99	-99	-99
06.05.1991	-99	-99	-99	-99
07.05.1991	-99	-99	-99	-99
08.05.1991	-99	-99	-99	-99
09.05.1991	-99	-99	-99	-99
10.05.1991	-99	-99	-99	-99
11.05.1991	-99	-99	-99	-99
12.05.1991	-99	-99	-99	-99
13.05.1991	-99	-99	-99	-99
14.05.1991	-99	-99	-99	-99
15.05.1991	-99	-99	-99	-99
16.05.1991	-99	-99	-99	-99
17.05.1991	-99	-99	-99	-99
18.05.1991	-99	-99	-99	-99
19.05.1991	-99	-99	-99	-99
20.05.1991	-99	-99	-99	-99
21.05.1991	-99	-99	-99	-99
22.05.1991	-99	-99	-99	-99
23.05.1991	-99	-99	-99	-99
24.05.1991	-99	-99	-99	-99
25.05.1991	-99	-99	-99	-99
26.05.1991	-99	-99	-99	-99
27.05.1991	-99	-99	-99	-99
28.05.1991	-99	-99	-99	-99
29.05.1991	-99	-99	-99	-99
30.05.1991	-99	-99	-99	-99
31.05.1991	-99	-99	-99	-99
01.06.1991	-99	-99	-99	-99
02.06.1991	-99	-99	-99	-99
03.06.1991	-99	-99	-99	-99
04.06.1991	-99	-99	-99	-99
05.06.1991	-99	-99	-99	-99
06.06.1991	-99	-99	-99	-99
07.06.1991	-99	-99	-99	-99
08.06.1991	-99	-99	-99	-99
09.06.1991	-99	-99	-99	-99
10.06.1991	-99	-99	-99	-99
11.06.1991	-99	-99	-99	-99
12.06.1991	-99	-99	-99	-99
13.06.1991	-99	-99	-99	-99
14.06.1991	-99	-99	-99	-99
15.06.1991	-99	-99	-99	-99
16.06.1991	-99	-99	-99	-99
17.06.1991	-99	-99	-99	-99
18.06.1991	-99	-99	-99	-99
19.06.1991	-99	-99	-99	-99
20.06.1991	-99	-99	-99	-99
21.06.1991	-99	-99	-99	-99
22.06.1991	-99	-99	-99	-99
23.06.1991	-99	-99	-99	-99
24.06.1991	-99	-99	-99	-99
25.06.1991	-99	-99	-99	-99
26.06.1991	-99	-99	-99	-99
27.06.1991	-99	-99	-99	-99
28.06.1991	-99	-99	-99	-99
29.06.1991	-99	-99	-99	-99
30.06.1991	-99	-99	-99	-99
01.07.1991	-99	-99	-99	-99
02.07.1991	-99	-99	-99	-99
03.07.1991	-99	-99	-99	-99
04.07.1991	-99	-99	-99	-99
05.07.1991	-99	-99	-99	-99
06.07.1991	-99	-99	-99	-99
07.07.1991	-99	-99	-99	-99
08.07.1991	-99	-99	-99	-99
09.07.1991	-99	-99	-99	-99
10.07.1991	-99	-99	-99	-99
11.07.1991	-99	-99	-99	-99
12.07.1991	-99	-99	-99	-99
13.07.1991	-99	-99	-99	-99
14.07.1991	-99	-99	-99	-99
15.07.1991	-99	-99	-99	-99
16.07.1991	-99	-99	-99	-99
17.07.1991	-99	-99	-99	-99
18.07.1991	-99	-99	-99	-99
19.07.1991	-99	-99	-99	-99
20.07.1991	-99	-99	-99	-99
21.07.1991	-99	-99	-99	-99
22.07.1991	-99	-99	-99	-99
23.07.1991	-99	-99	-99	-99
24.07.1991	-99	-99	-99	-99
25.07.1991	-99	-99	-99	-99
26.07.1991	-99	-99	-99	-99
27.07.1991	-99	-99	-99	-99
28.07.1991	-99	-99	-99	-99
29.07.1991	-99	-99	-99	-99
30.07.1991	-99	-99	-99	-99
31.07.1991	-99	-99	-99	-99
01.08.1991	-99	-99	-99	-99
02.08.1991	-99	-99	-99	-99
03.08.1991	-99	-99	-99	-99
04.08.1991	-99	-99	-99	-99
05.08.1991	-99	-99	-99	-99
06.08.1991	-99	-99	-99	-99
07.08.1991	-99	-99	-99	-99
08.08.1991	-99	-99	-99	-99
09.08.1991	-99	-99	-99	-99
10.08.1991	-99	-99	-99	-99
11.08.1991	-99	-99	-99	-99
12.08.1991	-99	-99	-99	-99
13.08.1991	-99	-99	-99	-99
14.08.1991	-99	-99	-99	-99
15.08.1991	-99	-99	-99	-99
16.08.1991	-99	-99	-99	-99
17.08.1991	-99	-99	-99	-99
18.08.1991	-99	-99	-99	-99
19.08.1991	-99	-99	-99	-99
20.08.1991	-99	-99	-99	-99
21.08.1991	-99	-99	-99	-99
22.08.1991	-99	-99	-99	-99
23.08.1991	-99	-99	-99	-99
24.08.1991	-99	-99	-99	-99
25.08.1991	-99	-99	-99	-99
26.08.1991	-99	-99	-99	-99
27.08.1991	-99	-99	-99	-99
28.08.1991	-99	-99	-99	-99
29.08.1991	-99	-99	-99	-99
30.08.1991	-99	-99	-99	-99
31.08.1991	-99	-99	-99	-99
01.09.1991	-99	-99	-99	-99
02.09.1991	-99	-99	-99	-99
03.09.1991	-99	-99	-99	-99
04.09.1991	-99	-99	-99	-99
05.09.1991	-99	-99	-99	-99
06.09.1991	-99	-99	-99	-99
07.09.1991	-99	-99	-99	-99
08.09.1991	-99	-99	-99	-99
09.09.1991	-99	-99	-99	-99
10.09.1991	-99	-99	-99	-99
11.09.1991	-99	-99	-99	-99
12.09.1991	-99	-99	-99	-99
13.09.1991	-99	-99	-99	-99
14.09.1991	-99	-99	-99	-99
15.09.1991	-99	-99	-99	-99
16.09.1991	-99	-99	-99	-99
17.09.1991	-99	-99	-99	-99
18.09.1991	-99	-99	-99	-99
19.09.1991	-99	-99	-99	-99
20.09.1991	-99	-99	-99	-99
21.09.1991	-99	-99	-99	-99
22.09.1991	-99	-99	-99	-99
23.09.1991	-99	-99	-99	-99
24.09.1991	-99	-99	-99	-99
25.09.1991	-99	-99	-99	-99
26.09.1991	-99	-99	-99	-99
27.09.1991	-99	-99	-99	-99
28.09.1991	-99	-99	-99	-99
29.09.1991	-99	-99	-99	-99
30.09.1991	-99	-99	-99	-99
01.10.1991	-99	-99	-99	-99
02.10.1991	-99	-99	-99	-99
03.10.1991	-99	-99	-99	-99
04.10.1991	-99	-99	-99	-99
05.10.1991	-99	-99	-99	-99
06.10.1991	-99	-99	-99	-99
07.10.1991	-99	-99	-99	-99
08.10.1991	-99	-99	-99	-99
09.10.1991	-99	-99	-99	-99
10.10.1991	-99	-99	-99	-99
11.10.1991	-99	-99	-99	-99
12.10.1991	-99	-99	-99	-99
13.10.1991	-99	-99	-99	-99
14.10.1991	-99	-99	-99	-99
15.10.1991	-99	-99	-99	-99
16.10.1991	-99	-99	-99	-99
17.10.1991	-99	-99	-99	-99
18.10.1991	-99	-99	-99	-99
19.10.1991	-99	-99	-99	-99
20.10.1991	-99	-99	-99	-99
21.10.1991	-99	-99	-99	-99
22.10.1991	-99	-99	-99	-99
23.10.1991	-99	-99	-99	-99
24.10.1991	-99	-99	-99	-99
25.10.1991	-99	-99	-99	-99
26.10.1991	-99	-99	-99	-99
27.10.1991	-99	-99	-99	-99
28.10.1991	-99	-99	-99	-99
29.10.1991	-99	-99	-99	-99
30.10.1991	-99	-99	-99	-99
31.10.1991	-99	-99	-99	-99
01.11.1991	-99	-99	-99	-99
02.11.1991	-99	-99	-99	-99
03.11.1991	-99	-99	-99	-99
04.11.1991	-99	-99	-99	-99
05.11.1991	-99	-99	-99	-99
06.11.1991	-99	-99	-99	-99
07.11.1991	-99	-99	-99	-99
08.11.1991	-99	-99	-99	-99
09.11.1991	-99	-99	-99	-99
10.11.1991	-99	-99	-99	-99
11.11.1991	-99	-99	-99	-99
12.11.1991	-99	-99	-99	-99
13.11.1991	-99	-99	-99	-99
14.11.1991	-99	-99	-99	-99
15.11.1991	-99	-99	-99	-99
16.11.1991	-99	-99	-99	-99
17.11.1991	-99	-99	-99	-99
18.11.1991	-99	-99	-99	-99
19.11.1991	-99	-99	-99	-99
20.11.1991	-99	-99	-99	-99
21.11.1991	-99	-99	-99	-99
22.11.1991	-99	-99	-99	-99
23.11.1991	-99	-99	-99	-99
24.11.1991	-99	-99	-99	-99
25.11.1991	-99	-99	-99	-99
26.11.1991	-99	-99	-99	-99
27.11.1991	-99	-99	-99	-99
28.11.1991	-99	-99	-99	-99
29.11.1991	-99	-99	-99	-99
30.11.1991	-99	-99	-99	-99
01.12.1991	-99	-99	-99	-99
02.12.1991	-99	-99	-99	-99
03.12.1991	-99	-99	-99	-99
04.12.1991	-99	-99	-99	-99
05.12.1991	-99	-99	-99	-99
06.12.1991	-99	-99	-99	-99
07.12.1991	-99	-99	-99	-99
08.12.1991	-99	-99	-99	-99
09.12.1991	-99	-99	-99	-99
10.12.1991	-99	-99	-99	-99
11.12.1991	-99	-99	-99	-99
12.12.1991	-99	-99	-99	-99
13.12.1991	-99	-99	-99	-99
14.12.1991	-99	-99	-99	-99
15.12.1991	-99	-99	-99	-99
16.12.1991	-99	-99	-99	-99
17.12.1991	-99	-99	-99	-99
18.12.1991	-99	-99	-99	-99
19.12.1991	-99	-99	-99	-99
20.12.1991	-99	-99	-99	-99
21.12.1991	-99	-99	-99	-99
22.12.1991	-99	-99	-99	-99
23.12.1991	-99	-99	-99	-99
24.12.1991	-99	-99	-99	-99
25.12.1991	-99	-99	-99	-99
26.12.1991	-99	-99	-99	-99
27.12.1991	-99	-99	-99	-99
28.12.1991	-99	-99	-99	-99
29.12.1991	-99	-99	-99	-99
30.12.1991	-99	-99	-99	-99
31.12.1991	-99	-99	-99	-99
01.01.1992	-99	-99	-99	-99
02.01.1992	-99	-99	-99	-99
03.01.1992	-99	-99	-99	-99
04.01.1992	-99	-99	-99	-99
05.01.1992	-99	-99	-99	-99
06.01.1992	-99	-99	-99	-99
07.01.1992	-99	-99	-99	-99
08.01.1992	-99	-99	-99	-99
09.01.1992	-99	-99	-99	-99
10.01.1992	-99	-99	-99	-99
11.01.1992	-99	-99	-99	-99
12.01.1992	-99	-99	-99	-99
13.01.1992	-99	-99	-99	-99
14.01.1992	-99	-99	-99	-99
15.01.1992	-99	-99	-99	-99
16.01.1992	-99	-99	-99	-99
17.01.1992	-99	-99	-99	-99
18.01.1992	-99	-99	-99	-99
19.01.1992	-99	-99	-99	-99
20.01.1992	-99	-99	-99	-99
21.01.1992	-99	-99	-99	-99
22.01.1992	-99	-99	-99	-99
23.01.1992	-99	-99	-99	-99
24.01.1992	-99	-99	-99	-99
25.01.1992	-99	-99	-99	-99
26.01.1992	-99	-99	-99	-99
27.01.1992	-99	-99	-99	-99
28.01.1992	-99	-99	-99	-99
29.01.1992	-99	-99	-99	-99
30.01.1992	-99	-99	-99	-99
31.01.1992	-99	-99	-99	-99
01.02.1992	-99	-99	-99	-99
02.02.1992	-99	-99	-99	-99
03.02.1992	-99	-99	-99	-99
04.02.1992	-99	-99	-99	-99
05.02.1992	-99	-99	-99	-99
06.02.1992	-99	-99	-99	-99
07.02.1992	-99	-99	-99	-99
08.02.1992	-99	-99	-99	-99
09.02.1992	-99	-99	-99	-99
10.02.1992	-99	-99	-99	-99
11.02.1992	-99	-99	-99	-99
12.02.1992	-99	-99	-99	-99
13.02.1992	-99	-99	-99	-99
14.02.1992	-99	-99	-99	-99
15.02.1992	-99	-99	-99	-99
16.02.1992	-99	-99	-99	-99
17.02.1992	-99	-99	-99	-99
18.02.1992	-99	-99	-99	-99
19.02.1992	-99	-99	-99	-99
20.02.1992	-99	-99	-99	-99
21.02.1992	-99	-99	-99	-99
22.02.1992	-99	-99	-99	-99
23.02.1992	-99	-99	-99	-99
24.02.1992	-99	-99	-99	-99
25.02.1992	-99	-99	-99	-99
26.02.1992	-99	-99	-99	-99
27.02.1992	-99	-99	-99	-99
28.02.1992	-99	-99	-99	-99
29.02.1992	-99	-99	-99	-99
01.03.1992	-99	-99	-99	-99
02.03.1992	-99	-99	-99	-99
03.03.1992	-99	-99	-99	-99
04.03.1992	-99	-99	-99	-99
05.03.1992	-99	-99	-99	-99
06.03.1992	-99	-99	-99	-99
07.03.1992	-99	-99	-99	-99
08.03.1992	-99	-99	-99	-99
09.03.1992	-99	-99	-99	-99
10.03.1992	-99	-99	-99	-99
11.03.1992	-99	-99	-99	-99
12.03.1992	-99	-99	-99	-99
13.03.1992	-99	-99	-99	-99
14.03.1992	-99	-99	-99	-99
15.03.1992	-99	-99	-99	-99
16.03.1992	-99	-99	-99	-99
17.03.1992	-99	-99	-99	-99
18.03.1992	-99	-99	-99	-99
19.03.1992	-99	-99	-99	-99
20.03.1992	-99	-99	-99	-99
21.03.1992	-99	-99	-99	-99
22.03.1992	-99	-99	-99	-99
23.03.1992	-99	-99	-99	-99
24.03.1992	-99	-99	-99	-99
25.03.1992	-99	-99	-99	-99
26.03.1992	-99	-99	-99	-99
27.03.1992	-99	-99	-99	-99
28.03.1992	-99	-99	-99	-99
29.03.1992	-99	-99	-99	-99
30.03.1992	-99	-99	-99	-99
31.03.1992	-99	-99	-99	-99
01.04.1992	-99	-99	-99	-99
02.04.1992	-99	-99	-99	-99
03.04.1992	-99	-99	-99	-99
04.04.1992	-99	-99	-99	-99
05.04.1992	-99	-99	-99	-99
06.04.1992	-99	-99	-99	-99
07.04.1992	-99	-99	-99	-99
08.04.1992	-99	-99	-99	-99
09.04.1992	-99	-99	-99	-99
10.04.1992	-99	-99	-99	-99
11.04.1992	-99	-99	-99	-99
12.04.1992	-99	-99	-99	-99
13.04.1992	-99	-99	-99	-99
14.04.1992	-99	-99	-99	-99
15.04.1992	-99	-99	-99	-99
16.04.1992	-99	-99	-99	-99
17.04.1992	-99	-99	-99	-99
18.04.1992	-99	-99	-99	-99
19.04.1992	-99	-99	-99	-99
20.04.1992	-99	-99	-99	-99
21.04.1992	-99	-99	-99	-99
22.04.1992	-99	-99	-99	-99
23.04.1992	-99	-99	-99	-99
24.04.1992	-99	-99	-99	-99
25.04.1992	-99	-99	-99	-99
26.04.1992	-99	-99	-99	-99
27.04.1992	-99	-99	-99	-99
28.04.1992	-99	-99	-99	-99
29.04.1992	-99	-99	-99	-99
30.04.1992	-99	-99	-99	-99
01.05.1992	-99	-99	-99	-99
02.05.1992	-99	-99	-99	-99
03.05.1992	-99	-99	-99	-99
04.05.1992	-99	-99	-99	-99
05.05.1992	-99	-99	-99	-99
06.05.1992	-99	-99	-99	-99
07.05.1992	-99	-99	-99	-99
08.05.1992	-99	-99	-99	-99
09.05.1992	-99	-99	-99	-99
10.05.1992	-99	-99	-99	-99
11.05.1992	-99	-99	-99	-99
12.05.1992	-99	-99	-99	-99
13.05.1992	-99	-99	-99	-99
14.05.1992	-99	-99	-99	-99
15.05.1992	-99	-99	-99	-99
16.05.1992	-99	-99	-99	-99
17.05.1992	-99	-99	-99	-99
18.05.1992	-99	-99	-99	-99
19.05.1992	-99	-99	-99	-99
20.05.1992	-99	-99	-99	-99
21.05.1992	-99	-99	-99	-99
22.05.1992	-99	-99	-99	-99
23.05.1992	-99	-99	-99	-99
24.05.1992	-99	-99	-99	-99
25.05.1992	-99	-99	-99	-99
26.05.1992	-99	-99	-99	-99
27.05.1992	-99	-99	-99	-99
28.05.1992	-99	-99	-99	-99
29.05.1992	-99	-99	-99	-99
30.05.1992	-99	-99	-99	-99
31.05.1992	-99	-99	-99	-99
01.06.1992	-99	-99	-99	-99
02.06.1992	-99	-99	-99	-99
03.06.1992	-99	-99	-99	-99
04.06.1992	-99	-99	-99	-99
05.06.1992	-99	-99	-99	-99
06.06.1992	-99	-99	-99	-99
07.06.1992	-99	-99	-99	-99
08.06.1992	-99	-99	-99	-99
09.06.1992	-99	-99	-99	-99
10.06.1992	-99	-99	-99	-99
11.06.1992	-99	-99	-99	-99
12.06.1992	-99	-99	-99	-99
13.06.1992	-99	-99	-99	-99
14.06.1992	-99	-99	-99	-99
15.06.1992	-99	-99	-99	-99
16.06.1992	-99	-99	-99	-99
17.06.1992	-99	-99	-99	-99
18.06.1992	-99	-99	-99	-99
19.06.1992	-99	-99	-99	-99
20.06.1992	-99	-99	-99	-99
21.06.1992	-99	-99	-99	-99
22.06.1992	-99	-99	-99	-99
23.06.1992	-99	-99	-99	-99
24.06.1992	-99	-99	-99	-99
25.06.1992	-99	-99	-99	-99
26.06.1992	-99	-99	-99	-99
27.06.1992	-99	-99	-99	-99
28.06.1992	-99	-99	-99	-99
29.06.1992	-99	-99	-99	-99
30.06.1992	-99	-99	-99	-99
01.07.1992	-99	-99	-99	-99
02.07.1992	-99	-99	-99	-99
03.07.1992	-99	-99	-99	-99
04.07.1992	-99	-99	-99	-99
05.07.1992	-99	-99	-99	-99
06.07.1992	-99	-99	-99	-99
07.07.1992	-99	-99	-99	-99
08.07.1992	-99	-99	-99	-99
09.07.1992	-99	-99	-99	-99
10.07.1992	-99	-99	-99	-99
11.07.1992	-99	-99	-99	-99
12.07.1992	-99	-99	-99	-99
13.07.1992	-99	-99	-99	-99
14.07.1992	-99	-99	-99	-99
15.07.1992	-99	-99	-99	-99
16.07.1992	-99	-99	-99	-99
17.07.1992	-99	-99	-99	-99
18.07.1992	-99	-99	-99	-99
19.07.1992	-99	-99	-99	-99
20.07.1992	-99	-99	-99	-99
21.07.1992	-99	-99	-99	-99
22.07.1992	-99	-99	-99	-99
23.07.1992	-99	-99	-99	-99
24.07.1992	-99	-99	-99	-99
25.07.1992	-99	-99	-99	-99
26.07.1992	-99	-99	-99	-99
27.07.1992	-99	-99	-99	-99
28.07.1992	-99	-99	-99	-99
29.07.1992	-99	-99	-99	-99
30.07.1992	-99	-99	-99	-99
31.07.1992	-99	-99	-99	-99
01.08.1992	-99	-99	-99	-99
02.08.1992	-99	-99	-99	-99
03.08.1992	-99	-99	-99	-99
04.08.1992	-99	-99	-99	-99
05.08.1992	-99	-99	-99	-99
06.08.1992	-99	-99	-99	-99
07.08.1992	-99	-99	-99	-99
08.08.1992	-99	-99	-99	-99
09.08.1992	-99	-99	-99	-99
10.08.1992	-99	-99	-99	-99
11.08.1992	-99	-99	-99	-99
12.08.1992	-99	-99	-99	-99
13.08.1992	-99	-99	-99	-99
14.08.1992	-99	-99	-99	-99
15.08.1992	-99	-99	-99	-99
16.08.1992	-99	-99	-99	-99
17.08.1992	-99	-99	-99	-99
18.08.1992	-99	-99	-99	-99
19.08.1992	-99	-99	-99	-99
20.08.1992	-99	-99	-99	-99
21.08.1992	-99	-99	-99	-99
22.08.1992	-99	-99	-99	-99
23.08.1992	-99	-99	-99	-99
24.08.1992	-99	-99	-99	-99
25.08.1992	-99	-99	-99	-99
26.08.1992	-99	-99	-99	-99
27.08.1992	-99	-99	-99	-99
28.08.1992	-99	-99	-99	-99
29.08.1992	-99	-99	-99	-99
30.08.1992	-99	-99	-99	-99
31.08.1992	-99	-99	-99	-99
01.09.1992	-99	-99	-99	-99
02.09.1992	-99	-99	-99	-99
03.09.1992	-99	-99	-99	-99
04.09.1992	-99	-99	-99	-99
05.09.1992	-99	-99	-99	-99
06.09.1992	-99	-99	-99	-99
07.09.1992	-99	-99	-99	-99
08.09.1992	-99	-99	-99	-99
09.09.1992	-99	-99	-99	-99
10.09.1992	-99	-99	-99	-99
11.09.1992	-99	-99	-99	-99
12.09.1992	-99	-99	-99	-99
13.09.1992	-99	-99	-99	-99
14.09.1992	-99	-99	-99	-99
15.09.1992	-99	-99	-99	-99
16.09.1992	-99	-99	-99	-99
17.09.1992	-99	-99	-99	-99
18.09.1992	-99	-99	-99	-99
19.09.1992	-99	-99	-99	-99
20.09.1992	-99	-99	-99	-99
21.09.1992	-99	-99	-99	-99
22.09.1992	-99	-99	-99	-99
23.09.1992	-99	-99	-99	-99
24.09.1992	-99	-99	-99	-99
25.09.1992	-99	-99	-99	-99
26.09.1992	-99	-99	-99	-99
27.09.1992	-99	-99	-99	-99
28.09.1992	-99	-99	-99	-99
29.09.1992	-99	-99	-99	-99
30.09.1992	-99	-99	-99	-99
01.10.1992	-99	-99	-99	-99
02.10.1992	-99	-99	-99	-99
03.10.1992	-99	-99	-99	-99
04.10.1992	-99	-99	-99	-99
05.10.1992	-99	-99	-99	-99
06.10.1992	-99	-99	-99	-99
07.10.1992	-99	-99	-99	-99
08.10.1992	-99	-99	-99	-99
09.10.1992	-99	-99	-99	-99
10.10.1992	-99	-99	-99	-99
11.10.1992	-99	-99	-99	-99
12.10.1992	-99	-99	-99	-99
13.10.1992	-99	-99	-99	-99
14.10.1992	-99	-99	-99	-99
15.10.1992	-99	-99	-99	-99
16.10.1992	-99	-99	-99	-99
17.10.1992	-99	-99	-99	-99
18.10.1992	-99	-99	-99	-99
19.10.1992	-99	-99	-99	-99
20.10.1992	-99	-99	-99	-99
21.10.1992	-99	-99	-99	-99
22.10.1992	-99	-99	-99	-99
23.10.1992	-99	-99	-99	-99
24.10.1992	-99	-99	-99	-99
25.10.1992	-99	-99	-99	-99
26.10.1992	-99	-99	-99	-99
27.10.1992	-99	-99	-99	-99
28.10.1992	-99	-99	-99	-99
29.10.1992	-99	-99	-99	-99
30.10.1992	-99	-99	-99	-99
31.10.1992	-99	-99	-99	-99
01.11.1992	-99	-99	-99	-99
02.11.1992	-99	-99	-99	-99
03.11.1992	-99	-99	-99	-99
04.11.1992	-99	-99	-99	-99
05.11.1992	-99	-99	-99	-99
06.11.1992	-99	-99	-99	-99
07.11.1992	-99	-99	-99	-99
08.11.1992	-99	-99	-99	-99
09.11.1992	-99	-99	-99	-99
10.11.1992	-99	-99	-99	-99
11.11.1992	-99	-99	-99	-99
12.11.1992	-99	-99	-99	-99
13.11.1992	-99	-99	-99	-99
14.11.1992	-99	-99	-99	-99
15.11.1992	-99	-99	-99	-99
16.11.1992	-99	-99	-99	-99
17.11.1992	-99	-99	-99	-99
18.11.1992	-99	-99	-99	-99
19.11.1992	-99	-99	-99	-99
20.11.1992	-99	-99	-99	-99
21.11.1992	-99	-99	-99	-99
22.11.1992	-99	-99	-99	-99
23.11.1992	-99	-99	-99	-99
24.11.1992	-99	-99	-99	-99
25.11.1992	-99	-99	-99	-99
26.11.1992	-99	-99	-99	-99
27.11.1992	-99	-99	-99	-99
28.11.1992	-99	-99	-99	-99
29.11.1992	-99	-99	-99	-99
30.11.1992	-99	-99	-99	-99
01.12.1992	-99	-99	-99	-99
02.12.1992	-99	-99	-99	-99
03.12.1992	-99	-99	-99	-99
04.12.1992	-99	-99	-99	-99
05.12.1992	-99	-99	-99	-99
06.12.1992	-99	-99	-99	-99
07.12.1992	-99	-99	-99	-99
08.12.1992	-99	-99	-99	-99
09.12.1992	-99	-99	-99	-99
10.12.1992	-99	-99	-99	-99
11.12.1992	-99	-99	-99	-99
12.12.1992	-99	-99	-99	-99
13.12.1992	-99	-99	-99	-99
14.12.1992	-99	-99	-99	-99
15.12.1992	-99	-99	-99	-99
16.12.1992	-99	-99	-99	-99
17.12.1992	-99	-99	-99	-99
18.12.1992	-99	-99	-99	-99
19.12.1992	-99	-99	-99	-99
20.12.1992	-99	-99	-99	-99
21.12.1992	-99	-99	-99	-99
22.12.1992	-99	-99	-99	-99
23.12.1992	-99	-99	-99	-99
24.12.1992	-99	-99	-99	-99
25.12.1992	-99	-99	-99	-99
26.12.1992	-99	-99	-99	-99
27.12.1992	-99	-99	-99	-99
28.12.1992	-99	-99	-99	-99
29.12.1992	-99	-99	-99	-99
30.12.1992	-99	-99	-99	-99
31.12.1992	-99	-99	-99	-99
01.01.1993	-99	-99	-99	-99
02.01.1993	-99	-99	-99	-99
03.01.1993	-99	-99	-99	-99
04.01.1993	-99	-99	-99	-99
05.01.1993	-99	-99	-99	-99
06.01.1993	-99	-99	-99	-99
07.01.1993	-99	-99	-99	-99
08.01.1993	-99	-99	-99	-99
09.01.1993	-99	-99	-99	-99
10.01.1993	-99	-99	-99	-99
11.01.1993	-99	-99	-99	-99
12.01.1993	-99	-99	-99	-99
13.01.1993	-99	-99	-99	-99
14.01.1993	-99	-99	-99	-99
15.01.1993	-99	-99	-99	-99
16.01.1993	-99	-99	-99	-99
17.01.1993	-99	-99	-99	-99
18.01.1993	-99	-99	-99	-99
19.01.1993	-99	-99	-99	-99
20.01.1993	-99	-99	-99	-99
21.01.1993	-99	-99	-99	-99
22.01.1993	-99	-99	-99	-99
23.01.1993	-99	-99	-99	-99
24.01.1993	-99	-99	-99	-99
25.01.1993	-99	-99	-99	-99
26.01.1993	-99	-99	-99	-99
27.01.1993	-99	-99	-99	-99
28.01.1993	-99	-99	-99	-99
29.01.1993	-99	-99	-99	-99
30.01.1993	-99	-99	-99	-99
31.01.1993	-99	-99	-99	-99
01.02.1993	-99	-99	-99	-99
02.02.1993	-99	-99	-99	-99
03.02.1993	-99	-99	-99	-99
04.02.1993	-99	-99	-99	-99
05.02.1993	-99	-99	-99	-99
06.02.1993	-99	-99	-99	-99
07.02.1993	-99	-99	-99	-99
08.02.1993	-99	-99	-99	-99
09.02.1993	-99	-99	-99	-99
10.02.1993	-99	-99	-99	-99
11.02.1993	-99	-99	-99	-99
12.02.1993	-99	-99	-99	-99
13.02.1993	-99	-99	-99	-99
14.02.1993	-99	-99	-99	-99
15.02.1993	-99	-99	-99	-99
16.02.1993	-99	-99	-99	-99
17.02.1993	-99	-99	-99	-99
18.02.1993	-99	-99	-99	-99
19.02.1993	-99	-99	-99	-99
20.02.1993	-99	-99	-99	-99
21.02.1993	-99	-99	-99	-99
22.02.1993	-99	-99	-99	-99
23.02.1993	-99	-99	-99	-99
24.02.1993	-99	-99	-99	-99
25.02.1993	-99	-99	-99	-99
26.02.1993	-99	-99	-99	-99
27.02.1993	-99	-99	-99	-99
28.02.1993	-99	-99	-99	-99
01.03.1993	-99	-99	-99	-99
02.03.1993	-99	-99	-99	-99
03.03.1993	-99	-99	-99	-99
04.03.1993	-99	-99	-99	-99
05.03.1993	-99	-99	-99	-99
06.03.1993	-99	-99	-99	-99
07.03.1993	-99	-99	-99	-99
08.03.1993	-99	-99	-99	-99
09.03.1993	-99	-99	-99	-99
10.03.1993	-99	-99	-99	-99
11.03.1993	-99	-99	-99	-99
12.03.1993	-99	-99	-99	-99
13.03.1993	-99	-99	-99	-99
14.03.1993	-99	-99	-99	-99
15.03.1993	-99	-99	-99	-99
16.03.1993	-99	-99	-99	-99
17.03.1993	-99	-99	-99	-99
18.03.1993	-99	-99	-99	-99
19.03.1993	-99	-99	-99	-99
20.03.1993	-99	-99	-99	-99
21.03.1993	-99	-99	-99	-99
22.03.1993	-99	-99	-99	-99
23.03.1993	-99	-99	-99	-99
24.03.1993	-99	-99	-99	-99
25.03.1993	-99	-99	-99	-99
26.03.1993	-99	-99	-99	-99
27.03.1993	-99	-99	-99	-99
28.03.1993	-99	-99	-99	-99
29.03.1993	-99	-99	-99	-99
30.03.1993	-99	-99	-99	-99
31.03.1993	-99	-99	-99	-99
01.04.1993	-99	-99	-99	-99
02.04.1993	-99	-99	-99	-99
03.04.1993	-99	-99	-99	-99
04.04.1993	-99	-99	-99	-99
05.04.1993	-99	-99	-99	-99
06.04.1993	-99	-99	-99	-99
07.04.1993	-99	-99	-99	-99
08.04.1993	-99	-99	-99	-99
09.04.1993	-99	-99	-99	-99
10.04.1993	-99	-99	-99	-99
11.04.1993	-99	-99	-99	-99
12.04.1993	-99	-99	-99	-99
13.04.1993	-99	-99	-99	-99
14.04.1993	-99	-99	-99	-99
15.04.1993	-99	-99	-99	-99
16.04.1993	-99	-99	-99	-99
17.04.1993	-99	-99	-99	-99
18.04.1993	-99	-99	-99	-99
19.04.1993	-99	-99	-99	-99
20.04.1993	-99	-99	-99	-99
21.04.1993	-99	-99	-99	-99
22.04.1993	-99	-99	-99	-99
23.04.1993	-99	-99	-99	-99
24.04.1993	-99	-99	-99	-99
25.04.1993	-99	-99	-99	-99
26.04.1993	-99	-99	-99	-99
27.04.1993	-99	-99	-99	-99
28.04.1993	-99	-99	-99	-99
29.04.1993	-99	-99	-99	-99
30.04.1993	-99	-99	-99	-99
01.05.1993	-99	-99	-99	-99
02.05.1993	-99	-99	-99	-99
03.05.1993	-99	-99	-99	-99
04.05.1993	-99	-99	-99	-99
05.05.1993	-99	-99	-99	-99
06.05.1993	-99	-99	-99	-99
07.05.1993	-99	-99	-99	-99
08.05.1993	-99	-99	-99	-99
09.05.1993	-99	-99	-99	-99
10.05.1993	-99	-99	-99	-99
11.05.1993	-99	-99	-99	-99
12.05.1993	-99	-99	-99	-99
13.05.1993	-99	-99	-99	-99
14.05.1993	-99	-99	-99	-99
15.05.1993	-99	-99	-99	-99
16.05.1993	-99	-99	-99	-99
17.05.1993	-99	-99	-99	-99
18.05.1993	-99	-99	-99	-99
19.05.1993	-99	-99	-99	-99
20.05.1993	-99	-99	-99	-99
21.05.1993	-99	-99	-99	-99
22.05.1993	-99	-99	-99	-99
23.05.1993	-99	-99	-99	-99
24.05.1993	-99	-99	-99	-99
25.05.1993	-99	-99	-99	-99
26.05.1993	-99	-99	-99	-99
27.05.1993	-99	-99	-99	-99
28.05.1993	-99	-99	-99	-99
29.05.1993	-99	-99	-99	-99
30.05.1993	-99	-99	-99	-99
31.05.1993	-99	-99	-99	-99
01.06.1993	-99	-99	-99	-99
02.06.1993	-99	-99	-99	-99
03.06.1993	-99	-99	-99	-99
04.06.1993	-99	-99	-99	-99
05.06.1993	-99	-99	-99	-99
06.06.1993	-99	-99	-99	-99
07.06.1993	-99	-99	-99	-99
08.06.1993	-99	-99	-99	-99
09.06.1993	-99	-99	-99	-99
10.06.1993	-99	-99	-99	-99
11.06.1993	-99	-99	-99	-99
12.06.1993	-99	-99	-99	-99
13.06.1993	-99	-99	-99	-99
14.06.1993	-99	-99	-99	-99
15.06.1993	-99	-99	-99	-99
16.06.1993	-99	-99	-99	-99
17.06.1993	-99	-99	-99	-99
18.06.1993	-99	-99	-99	-99
19.06.1993	-99	-99	-99	-99
20.06.1993	-99	-99	-99	-99
21.06.1993	-99	-99	-99	-99
22.06.1993	-99	-99	-99	-99
23.06.1993	-99	-99	-99	-99
24.06.1993	-99	-99	-99	-99
25.06.1993	-99	-99	-99	-99
26.06.1993	-99	-99	-99	-99
27.06.1993	-99	-99	-99	-99
28.06.1993	-99	-99	-99	-99
29.06.1993	-99	-99	-99	-99
30.06.1993	-99	-99	-99	-99
01.07.1993	-99	-99	-99	-99
02.07.1993	-99	-99	-99	-99
03.07.1993	-99	-99	-99	-99
04.07.1993	-99	-99	-99	-99
05.07.1993	-99	-99	-99	-99
06.07.1993	-99	-99	-99	-99
07.07.1993	-99	-99	-99	-99
08.07.1993	-99	-99	-99	-99
09.07.1993	-99	-99	-99	-99
10.07.1993	-99	-99	-99	-99
11.07.1993	-99	-99	-99	-99
12.07.1993	-99	-99	-99	-99
13.07.1993	-99	-99	-99	-99
14.07.1993	-99	-99	-99	-99
15.07.1993	-99	-99	-99	-99
16.07.1993	-99	-99	-99	-99
17.07.1993	-99	-99	-99	-99
18.07.1993	-99	-99	-99	-99
19.07.1993	-99	-99	-99	-99
20.07.1993	-99	-99	-99	-99
21.07.1993	-99	-99	-99	-99
22.07.1993	-99	-99	-99	-99
23.07.1993	-99	-99	-99	-99
24.07.1993	-99	-99	-99	-99
25.07.1993	-99	-99	-99	-99
26.07.1993	-99	-99	-99	-99
27.07.1993	-99	-99	-99	-99
28.07.1993	-99	-99	-99	-99
29.07.1993	-99	-99	-99	-99
30.07.1993	-99	-99	-99	-99
31.07.1993	-99	-99	-99	-99
01.08.1993	-99	-99	-99	-99
02.08.1993	-99	-99	-99	-99
03.08.1993	-99	-99	-99	-99
04.08.1993	-99	-99	-99	-99
05.08.1993	-99	-99	-99	-99
06.08.1993	-99	-99	-99	-99
07.08.1993	-99	-99	-99	-99
08.08.1993	-99	-99	-99	-99
09.08.1993	-99	-99	-99	-99
10.08.1993	-99	-99	-99	-99
11.08.1993	-99	-99	-99	-99
12.08.1993	-99	-99	-99	-99
13.08.1993	-99	-99	-99	-99
14.08.1993	-99	-99	-99	-99
15.08.1993	-99	-99	-99	-99
16.08.1993	-99	-99	-99	-99
17.08.1993	-99	-99	-99	-99
18.08.1993	-99	-99	-99	-99
19.08.1993	-99	-99	-99	-99
20.08.1993	-99	-99	-99	-99
21.08.1993	-99	-99	-99	-99
22.08.1993	-99	-99	-99	-99
23.08.1993	-99	-99	-99	-99
24.08.1993	-99	-99	-99	-99
25.08.1993	-99	-99	-99	-99
26.08.1993	-99	-99	-99	-99
27.08.1993	-99	-99	-99	-99
28.08.1993	-99	-99	-99	-99
29.08.1993	-99	-99	-99	-99
30.08.1993	-99	-99	-99	-99
31.08.1993	-99	-99	-99	-99
01.09.1993	-99	-99	-99	-99
02.09.1993	-99	-99	-99	-99
03.09.1993	-99	-99	-99	-99
04.09.1993	-99	-99	-99	-99
05.09.1993	-99	-99	-99	-99
06.09.1993	-99	-99	-99	-99
07.09.1993	-99	-99	-99	-99
08.09.1993	-99	-99	-99	-99
09.09.1993	-99	-99	-99	-99
10.09.1993	-99	-99	-99	-99
11.09.1993	-99	-99	-99	-99
12.09.1993	-99	-99	-99	-99
13.09.1993	-99	-99	-99	-99
14.09.1993	-99	-99	-99	-99
15.09.1993	-99	-99	-99	-99
16.09.1993	-99	-99	-99	-99
17.09.1993	-99	-99	-99	-99
18.09.1993	-99	-99	-99	-99
19.09.1993	-99	-99	-99	-99
20.09.1993	-99	-99	-99	-99
21.09.1993	-99	-99	-99	-99
22.09.1993	-99	-99	-99	-99
23.09.1993	-99	-99	-99	-99
24.09.1993	-99	-99	-99	-99
25.09.1993	-99	-99	-99	-99
26.09.1993	-99	-99	-99	-99
27.09.1993	-99	-99	-99	-99
28.09.1993	-99	-99	-99	-99
29.09.1993	-99	-99	-99	-99
30.09.1993	-99	-99	-99	-99
01.10.1993	-99	-99	-99	-99
02.10.1993	-99	-99	-99	-99
03.10.1993	-99	-99	-99	-99
04.10.1993	-99	-99	-99	-99
05.10.1993	-99	-99	-99	-99
06.10.1993	-99	-99	-99	-99
07.10.1993	-99	-99	-99	-99
08.10.1993	-99	-99	-99	-99
09.10.1993	-99	-99	-99	-99
10.10.1993	-99	-99	-99	-99
11.10.1993	-99	-99	-99	-99
12.10.1993	-99	-99	-99	-99
13.10.1993	-99	-99	-99	-99
14.10.1993	-99	-99	-99	-99
15.10.1993	-99	-99	-99	-99
16.10.1993	-99	-99	-99	-99
17.10.1993	-99	-99	-99	-99
18.10.1993	-99	-99	-99	-99
19.10.1993	-99	-99	-99	-99
20.10.1993	-99	-99	-99	-99
21.10.1993	-99	-99	-99	-99
22.10.1993	-99	-99	-99	-99
23.10.1993	-99	-99	-99	-99
24.10.1993	-99	-99	-99	-99
25.10.1993	-99	-99	-99	-99
26.10.1993	-99	-99	-99	-99
27.10.1993	-99	-99	-99	-99
28.10.1993	-99	-99	-99	-99
29.10.1993	-99	-99	-99	-99
30.10.1993	-99	-99	-99	-99
31.10.1993	-99	-99	-99	-99
01.11.1993	-99	-99	-99	-99
02.11.1993	-99	-99	-99	-99
03.11.1993	-99	-99	-99	-99
04.11.1993	-99	-99	-99	-99
05.11.1993	-99	-99	-99	-99
06.11.1993	-99	-99	-99	-99
07.11.1993	-99	-99	-99	-99
08.11.1993	-99	-99	-99	-99
09.11.1993	-99	-99	-99	-99
10.11.1993	-99	-99	-99	-99
11.11.1993	-99	-99	-99	-99
12.11.1993	-99	-99	-99	-99
13.11.1993	-99	-99	-99	-99
14.11.1993	-99	-99	-99	-99
15.11.1993	-99	-99	-99	-99
16.11.1993	-99	-99	-99	-99
17.11.1993	-99	-99	-99	-99
18.11.1993	-99	-99	-99	-99
19.11.1993	-99	-99	-99	-99
20.11.1993	-99	-99	-99	-99
21.11.1993	-99	-99	-99	-99
22.11.1993	-99	-99	-99	-99
23.11.1993	-99	-99	-99	-99
24.11.1993	-99	-99	-99	-99
25.11.1993	-99	-99	-99	-99
26.11.1993	-99	-99	-99	-99
27.11.1993	-99	-99	-99	-99
28.11.1993	-99	-99	-99	-99
29.11.1993	-99	-99	-99	-99
30.11.1993	-99	-99	-99	-99
01.12.1993	-99	-99	-99	-99
02.12.1993	-99	-99	-99	-99
03.12.1993	-99	-99	-99	-99
04.12.1993	-99	-99	-99	-99
05.12.1993	-99	-99	-99	-99
06.12.1993	-99	-99	-99	-99
07.12.1993	-99	-99	-99	-99
08.12.1993	-99	-99	-99	-99
09.12.1993	-99	-99	-99	-99
10.12.1993	-99	-99	-99	-99
11.12.1993	-99	-99	-99	-99
12.12.1993	-99	-99	-99	-99
13.12.1993	-99	-99	-99	-99
14.12.1993	-99	-99	-99	-99
15.12.1993	-99	-99	-99	-99
16.12.1993	-99	-99	-99	-99
17.12.1993	-99	-99	-99	-99
18.12.1993	-99	-99	-99	-99
19.12.1993	-99	-99	-99	-99
20.12.1993	-99	-99	-99	-99
21.12.1993	-99	-99	-99	-99
22.12.1993	-99	-99	-99	-99
23.12.1993	-99	-99	-99	-99
24.12.1993	-99	-99	-99	-99
25.12.1993	-99	-99	-99	-99
26.12.1993	-99	-99	-99	-99
27.12.1993	-99	-99	-99	-99
28.12.1993	-99	-99	-99	-99
29.12.1993	-99	-99	-99	-99
30.12.1993	-99	-99	-99	-99
31.12.1993	-99	-99	-99	-99
01.01.1994	-99	-99	-99	-99
02.01.1994	-99	-99	-99	-99
03.01.1994	-99	-99	-99	-99
04.01.1994	-99	-99	-99	-99
05.01.1994	-99	-99	-99	-99
06.01.1994	-99	-99	-99	-99
07.01.1994	-99	-99	-99	-99
08.01.1994	-99	-99	-99	-99
09.01.1994	-99	-99	-99	-99
10.01.1994	-99	-99	-99	-99
11.01.1994	-99	-99	-99	-99
12.01.1994	-99	-99	-99	-99
13.01.1994	-99	-99	-99	-99
14.01.1994	-99	-99	-99	-99
15.01.1994	-99	-99	-99	-99
16.01.1994	-99	-99	-99	-99
17.01.1994	-99	-99	-99	-99
18.01.1994	-99	-99	-99	-99
19.01.1994	-99	-99	-99	-99
20.01.1994	-99	-99	-99	-99
21.01.1994	-99	-99	-99	-99
22.01.1994	-99	-99	-99	-99
23.01.1994	-99	-99	-99	-99
24.01.1994	-99	-99	-99	-99
25.01.1994	-99	-99	-99	-99
26.01.1994	-99	-99	-99	-99
27.01.1994	-99	-99	-99	-99
28.01.1994	-99	-99	-99	-99
29.01.1994	-99	-99	-99	-99
30.01.1994	-99	-99	-99	-99
31.01.1994	-99	-99	-99	-99
01.02.1994	-99	-99	-99	-99
02.02.1994	-99	-99	-99	-99
03.02.1994	-99	-99	-99	-99
04.02.1994	-99	-99	-99	-99
05.02.1994	-99	-99	-99	-99
06.02.1994	-99	-99	-99	-99
07.02.1994	-99	-99	-99	-99
08.02.1994	-99	-99	-99	-99
09.02.1994	-99	-99	-99	-99
10.02.1994	-99	-99	-99	-99
11.02.1994	-99	-99	-99	-99
12.02.1994	-99	-99	-99	-99
13.02.1994	-99	-99	-99	-99
14.02.1994	-99	-99	-99	-99
15.02.1994	-99	-99	-99	-99
16.02.1994	-99	-99	-99	-99
17.02.1994	-99	-99	-99	-99
18.02.1994	-99	-99	-99	-99
19.02.1994	-99	-99	-99	-99
20.02.1994	-99	-99	-99	-99
21.02.1994	-99	-99	-99	-99
22.02.1994	-99	-99	-99	-99
23.02.1994	-99	-99	-99	-99
24.02.1994	-99	-99	-99	-99
25.02.1994	-99	-99	-99	-99
26.02.1994	-99	-99	-99	-99
27.02.1994	-99	-99	-99	-99
28.02.1994	-99	-99	-99	-99
01.03.1994	-99	-99	-99	-99
02.03.1994	-99	-99	-99	-99
03.03.1994	-99	-99	-99	-99
04.03.1994	-99	-99	-99	-99
05.03.1994	-99	-99	-99	-99
06.03.1994	-99	-99	-99	-99
07.03.1994	-99	-99	-99	-99
08.03.1994	-99	-99	-99	-99
09.03.1994	-99	-99	-99	-99
10.03.1994	-99	-99	-99	-99
11.03.1994	-99	-99	-99	-99
12.03.1994	-99	-99	-99	-99
13.03.1994	-99	-99	-99	-99
14.03.1994	-99	-99	-99	-99
15.03.1994	-99	-99	-99	-99
16.03.1994	-99	-99	-99	-99
17.03.1994	-99	-99	-99	-99
18.03.1994	-99	-99	-99	-99
19.03.1994	-99	-99	-99	-99
20.03.1994	-99	-99	-99	-99
21.03.1994	-99	-99	-99	-99
22.03.1994	-99	-99	-99	-99
23.03.1994	-99	-99	-99	-99
24.03.1994	-99	-99	-99	-99
25.03.1994	-99	-99	-99	-99
26.03.1994	-99	-99	-99	-99
27.03.1994	-99	-99	-99	-99
28.03.1994	-99	-99	-99	-99
29.03.1994	-99	-99	-99	-99
30.03.1994	-99	-99	-99	-99
31.03.1994	-99	-99	-99	-99
01.04.1994	-99	-99	-99	-99
02.04.1994	-99	-99	-99	-99
03.04.1994	-99	-99	-99	-99
04.04.1994	-99	-99	-99	-99
05.04.1994	-99	-99	-99	-99
06.04.1994	-99	-99	-99	-99
07.04.1994	-99	-99	-99	-99
08.04.1994	-99	-99	-99	-99
09.04.1994	-99	-99	-99	-99
10.04.1994	-99	-99	-99	-99
11.04.1994	-99	-99	-99	-99
12.04.1994	-99	-99	-99	-99
13.04.1994	-99	-99	-99	-99
14.04.1994	-99	-99	-99	-99
15.04.1994	-99	-99	-99	-99
16.04.1994	-99	-99	-99	-99
17.04.1994	-99	-99	-99	-99
18.04.1994	-99	-99	-99	-99
19.04.1994	-99	-99	-99	-99
20.04.1994	-99	-99	-99	-99
21.04.1994	-99	-99	-99	-99
22.04.1994	-99	-99	-99	-99
23.04.1994	-99	-99	-99	-99
24.04.1994	-99	-99	-99	-99
25.04.1994	-99	-99	-99	-99
26.04.1994	-99	-99	-99	-99
27.04.1994	-99	-99	-99	-99
28.04.1994	-99	-99	-99	-99
29.04.1994	-99	-99	-99	-99
30.04.1994	-99	-99	-99	-99
01.05.1994	-99	-99	-99	-99
02.05.1994	-99	-99	-99	-99
03.05.1994	-99	-99	-99	-99
04.05.1994	-99	-99	-99	-99
05.05.1994	-99	-99	-99	-99
06.05.1994	-99	-99	-99	-99
07.05.1994	-99	-99	-99	-99
08.05.1994	-99	-99	-99	-99
09.05.1994	-99	-99	-99	-99
10.05.1994	-99	-99	-99	-99
11.05.1994	-99	-99	-99	-99
12.05.1994	-99	-99	-99	-99
13.05.1994	-99	-99	-99	-99
14.05.1994	-99	-99	-99	-99
15.05.1994	-99	-99	-99	-99
16.05.1994	-99	-99	-99	-99
17.05.1994	-99	-99	-99	-99
18.05.1994	-99	-99	-99	-99
19.05.1994	-99	-99	-99	-99
20.05.1994	-99	-99	-99	-99
21.05.1994	-99	-99	-99	-99
22.05.1994	-99	-99	-99	-99
23.05.1994	-99	-99	-99	-99
24.05.1994	-99	-99	-99	-99
25.05.1994	-99	-99	-99	-99
26.05.1994	-99	-99	-99	-99
27.05.1994	-99	-99	-99	-99
28.05.1994	-99	-99	-99	-99
29.05.1994	-99	-99	-99	-99
30.05.1994	-99	-99	-99	-99
31.05.1994	-99	-99	-99	-99
01.06.1994	-99	-99	-99	-99
02.06.1994	-99	-99	-99	-99
03.06.1994	-99	-99	-99	-99
04.06.1994	-99	-99	-99	-99
05.06.1994	-99	-99	-99	-99
06.06.1994	-99	-99	-99	-99
07.06.1994	-99	-99	-99	-99
08.06.1994	-99	-99	-99	-99
09.06.1994	-99	-99	-99	-99
10.06.1994	-99	-99	-99	-99
11.06.1994	-99	-99	-99	-99
12.06.1994	-99	-99	-99	-99
13.06.1994	-99	-99	-99	-99
14.06.1994	-99	-99	-99	-99
15.06.1994	-99	-99	-99	-99
16.06.1994	-99	-99	-99	-99
17.06.1994	-99	-99	-99	-99
18.06.1994	-99	-99	-99	-99
19.06.1994	-99	-99	-99	-99
20.06.1994	-99	-99	-99	-99
21.06.1994	-99	-99	-99	-99
22.06.1994	-99	-99	-99	-99
23.06.1994	-99	-99	-99	-99
24.06.1994	-99	-99	-99	-99
25.06.1994	-99	-99	-99	-99
26.06.1994	-99	-99	-99	-99
27.06.1994	-99	-99	-99	-99
28.06.1994	-99	-99	-99	-99
29.06.1994	-99	-99	-99	-99
30.06.1994	-99	-99	-99	-99
01.07.1994	-99	-99	-99	-99
02.07.1994	-99	-99	-99	-99
03.07.1994	-99	-99	-99	-99
04.07.1994	-99	-99	-99	-99
05.07.1994	-99	-99	-99	-99
06.07.1994	-99	-99	-99	-99
07.07.1994	-99	-99	-99	-99
08.07.1994	-99	-99	-99	-99
09.07.1994	-99	-99	-99	-99
10.07.1994	-99	-99	-99	-99
11.07.1994	-99	-99	-99	-99
12.07.1994	-99	-99	-99	-99
13.07.1994	-99	-99	-99	-99
14.07.1994	-99	-99	-99	-99
15.07.1994	-99	-99	-99	-99
16.07.1994	-99	-99	-99	-99
17.07.1994	-99	-99	-99	-99
18.07.1994	-99	-99	-99	-99
19.07.1994	-99	-99	-99	-99
20.07.1994	-99	-99	-99	-99
21.07.1994	-99	-99	-99	-99
22.07.1994	-99	-99	-99	-99
23.07.1994	-99	-99	-99	-99
24.07.1994	-99	-99	-99	-99
25.07.1994	-99	-99	-99	-99
26.07.1994	-99	-99	-99	-99
27.07.1994	-99	-99	-99	-99
28.07.1994	-99	-99	-99	-99
29.07.1994	-99	-99	-99	-99
30.07.1994	-99	-99	-99	-99
31.07.1994	-99	-99	-99	-99
01.08.1994	-99	-99	-99	-99
02.08.1994	-99	-99	-99	-99
03.08.1994	-99	-99	-99	-99
04.08.1994	-99	-99	-99	-99
05.08.1994	-99	-99	-99	-99
06.08.1994	-99	-99	-99	-99
07.08.1994	-99	-99	-99	-99
08.08.1994	-99	-99	-99	-99
09.08.1994	-99	-99	-99	-99
10.08.1994	-99	-99	-99	-99
11.08.1994	-99	-99	-99	-99
12.08.1994	-99	-99	-99	-99
13.08.1994	-99	-99	-99	-99
14.08.1994	-99	-99	-99	-99
15.08.1994	-99	-99	-99	-99
16.08.1994	-99	-99	-99	-99
17.08.1994	-99	-99	-99	-99
18.08.1994	-99	-99	-99	-99
19.08.1994	-99	-99	-99	-99
20.08.1994	-99	-99	-99	-99
21.08.1994	-99	-99	-99	-99
22.08.1994	-99	-99	-99	-99
23.08.1994	-99	-99	-99	-99
24.08.1994	-99	-99	-99	-99
25.08.1994	-99	-99	-99	-99
26.08.1994	-99	-99	-99	-99
27.08.1994	-99	-99	-99	-99
28.08.1994	-99	-99	-99	-99
29.08.1994	-99	-99	-99	-99
30.08.1994	-99	-99	-99	-99
31.08.1994	-99	-99	-99	-99
01.09.1994	-99	-99	-99	-99
02.09.1994	-99	-99	-99	-99
03.09.1994	-99	-99	-99	-99
04.09.1994	-99	-99	-99	-99
05.09.1994	-99	-99	-99	-99
06.09.1994	-99	-99	-99	-99
07.09.1994	-99	-99	-99	-99
08.09.1994	-99	-99	-99	-99
09.09.1994	-99	-99	-99	-99
10.09.1994	-99	-99	-99	-99
11.09.1994	-99	-99	-99	-99
12.09.1994	-99	-99	-99	-99
13.09.1994	-99	-99	-99	-99
14.09.1994	-99	-99	-99	-99
15.09.1994	-99	-99	-99	-99
16.09.1994	-99	-99	-99	-99
17.09.1994	-99	-99	-99	-99
18.09.1994	-99	-99	-99	-99
19.09.1994	-99	-99	-99	-99
20.09.1994	-99	-99	-99	-99
21.09.1994	-99	-99	-99	-99
22.09.1994	-99	-99	-99	-99
23.09.1994	-99	-99	-99	-99
24.09.1994	-99	-99	-99	-99
25.09.1994	-99	-99	-99	-99
26.09.1994	-99	-99	-99	-99
27.09.1994	-99	-99	-99	-99
28.09.1994	-99	-99	-99	-99
29.09.1994	-99	-99	-99	-99
30.09.1994	-99	-99	-99	-99
01.10.1994	-99	-99	-99	-99
02.10.1994	-99	-99	-99	-99
03.10.1994	-99	-99	-99	-99
04.10.1994	-99	-99	-99	-99
05.10.1994	-99	-99	-99	-99
06.10.1994	-99	-99	-99	-99
07.10.1994	-99	-99	-99	-99
08.10.1994	-99	-99	-99	-99
09.10.1994	-99	-99	-99	-99
10.10.1994	-99	-99	-99	-99
11.10.1994	-99	-99	-99	-99
12.10.1994	-99	-99	-99	-99
13.10.1994	-99	-99	-99	-99
14.10.1994	-99	-99	-99	-99
15.10.1994	-99	-99	-99	-99
16.10.1994	-99	-99	-99	-99
17.10.1994	-99	-99	-99	-99
18.10.1994	-99	-99	-99	-99
19.10.1994	-99	-99	-99	-99
20.10.1994	-99	-99	-99	-99
21.10.1994	-99	-99	-99	-99
22.10.1994	-99	-99	-99	-99
23.10.1994	-99	-99	-99	-99
24.10.1994	-99	-99	-99	-99
25.10.1994	-99	-99	-99	-99
26.10.1994	-99	-99	-99	-99
27.10.1994	-99	-99	-99	-99
28.10.1994	-99	-99	-99	-99
29.10.1994	-99	-99	-99	-99
30.10.1994	-99	-99	-99	-99
31.10.1994	-99	-99	-99	-99
01.11.1994	-99	-99	-99	-99
02.11.1994	-99	-99	-99	-99
03.11.1994	-99	-99	-99	-99
04.11.1994	-99	-99	-99	-99
05.11.1994	-99	-99	-99	-99
06.11.1994	-99	-99	-99	-99
07.11.1994	-99	-99	-99	-99
08.11.1994	-99	-99	-99	-99
09.11.1994	-99	-99	-99	-99
10.11.1994	-99	-99	-99	-99
11.11.1994	-99	-99	-99	-99
12.11.1994	-99	-99	-99	-99
13.11.1994	-99	-99	-99	-99
14.11.1994	-99	-99	-99	-99
15.11.1994	-99	-99	-99	-99
16.11.1994	-99	-99	-99	-99
17.11.1994	-99	-99	-99	-99
18.11.1994	-99	-99	-99	-99
19.11.1994	-99	-99	-99	-99
20.11.1994	-99	-99	-99	-99
21.11.1994	-99	-99	-99	-99
22.11.1994	-99	-99	-99	-99
23.11.1994	-99	-99	-99	-99
24.11.1994	-99	-99	-99	-99
25.11.1994	-99	-99	-99	-99
26.11.1994	-99	-99	-99	-99
27.11.1994	-99	-99	-99	-99
28.11.1994	-99	-99	-99	-99
29.11.1994	-99	-99	-99	-99
30.11.1994	-99	-99	-99	-99
01.12.1994	-99	-99	-99	-99
02.12.1994	-99	-99	-99	-99
03.12.1994	-99	-99	-99	-99
04.12.1994	-99	-99	-99	-99
05.12.1994	-99	-99	-99	-99
06.12.1994	-99	-99	-99	-99
07.12.1994	-99	-99	-99	-99
08.12.1994	-99	-99	-99	-99
09.12.1994	-99	-99	-99	-99
10.12.1994	-99	-99	-99	-99
11.12.1994	-99	-99	-99	-99
12.12.1994	-99	-99	-99	-99
13.12.1994	-99	-99	-99	-99
14.12.1994	-99	-99	-99	-99
15.12.1994	-99	-99	-99	-99
16.12.1994	-99	-99	-99	-99
17.12.1994	-99	-99	-99	-99
18.12.1994	-99	-99	-99	-99
19.12.1994	-99	-99	-99	-99
20.12.1994	-99	-99	-99	-99
21.12.1994	-99	-99	-99	-99
22.12.1994	-99	-99	-99	-99
23.12.1994	-99	-99	-99	-99
24.12.1994	-99	-99	-99	-99
25.12.1994	-99	-99	-99	-99
26.12.1994	-99	-99	-99	-99
27.12.1994	-99	-99	-99	-99
28.12.1994	-99	-99	-99	-99
29.12.1994	-99	-99	-99	-99
30.12.1994	-99	-99	-99	-99
31.12.1994	-99	-99	-99	-99
01.01.1995	-99	-99	-99	-99
02.01.1995	-99	-99	-99	-99
03.01.1995	-99	-99	-99	-99
04.01.1995	-99	-99	-99	-99
05.01.1995	-99	-99	-99	-99
06.01.1995	-99	-99	-99	-99
07.01.1995	-99	-99	-99	-99
08.01.1995	-99	-99	-99	-99
09.01.1995	-99	-99	-99	-99
10.01.1995	-99	-99	-99	-99
11.01.1995	-99	-99	-99	-99
12.01.1995	-99	-99	-99	-99
13.01.1995	-99	-99	-99	-99
14.01.1995	-99	-99	-99	-99
15.01.1995	-99	-99	-99	-99
16.01.1995	-99	-99	-99	-99
17.01.1995	-99	-99	-99	-99
18.01.1995	-99	-99	-99	-99
19.01.1995	-99	-99	-99	-99
20.01.1995	-99	-99	-99	-99
21.01.1995	-99	-99	-99	-99
22.01.1995	-99	-99	-99	-99
23.01.1995	-99	-99	-99	-99
24.01.1995	-99	-99	-99	-99
25.01.1995	-99	-99	-99	-99
26.01.1995	-99	-99	-99	-99
27.01.1995	-99	-99	-99	-99
28.01.1995	-99	-99	-99	-99
29.01.1995	-99	-99	-99	-99
30.01.1995	-99	-99	-99	-99
31.01.1995	-99	-99	-99	-99
01.02.1995	-99	-99	-99	-99
02.02.1995	-99	-99	-99	-99
03.02.1995	-99	-99	-99	-99
04.02.1995	-99	-99	-99	-99
05.02.1995	-99	-99	-99	-99
06.02.1995	-99	-99	-99	-99
07.02.1995	-99	-99	-99	-99
08.02.1995	-99	-99	-99	-99
09.02.1995	-99	-99	-99	-99
10.02.1995	-99	-99	-99	-99
11.02.1995	-99	-99	-99	-99
12.02.1995	-99	-99	-99	-99
13.02.1995	-99	-99	-99	-99
14.02.1995	-99	-99	-99	-99
15.02.1995	-99	-99	-99	-99
16.02.1995	-99	-99	-99	-99
17.02.1995	-99	-99	-99	-99
18.02.1995	-99	-99	-99	-99
19.02.1995	-99	-99	-99	-99
20.02.1995	-99	-99	-99	-99
21.02.1995	-99	-99	-99	-99
22.02.1995	-99	-99	-99	-99
23.02.1995	-99	-99	-99	-99
24.02.1995	-99	-99	-99	-99
25.02.1995	-99	-99	-99	-99
26.02.1995	-99	-99	-99	-99
27.02.1995	-99	-99	-99	-99
28.02.1995	-99	-99	-99	-99
01.03.1995	-99	-99	-99	-99
02.03.1995	-99	-99	-99	-99
03.03.1995	-99	-99	-99	-99
04.03.1995	-99	-99	-99	-99
05.03.1995	-99	-99	-99	-99
06.03.1995	-99	-99	-99	-99
07.03.1995	-99	-99	-99	-99
08.03.1995	-99	-99	-99	-99
09.03.1995	-99	-99	-99	-99
10.03.1995	-99	-99	-99	-99
11.03.1995	-99	-99	-99	-99
12.03.1995	-99	-99	-99	-99
13.03.1995	-99	-99	-99	-99
14.03.1995	-99	-99	-99	-99
15.03.1995	-99	-99	-99	-99
16.03.1995	-99	-99	-99	-99
17.03.1995	-99	-99	-99	-99
18.03.1995	-99	-99	-99	-99
19.03.1995	-99	-99	-99	-99
20.03.1995	-99	-99	-99	-99
21.03.1995	-99	-99	-99	-99
22.03.1995	-99	-99	-99	-99
23.03.1995	-99	-99	-99	-99
24.03.1995	-99	-99	-99	-99
25.03.1995	-99	-99	-99	-99
26.03.1995	-99	-99	-99	-99
27.03.1995	-99	-99	-99	-99
28.03.1995	-99	-99	-99	-99
29.03.1995	-99	-99	-99	-99
30.03.1995	-99	-99	-99	-99
31.03.1995	-99	-99	-99	-99
01.04.1995	-99	-99	-99	-99
02.04.1995	-99	-99	-99	-99
03.04.1995	-99	-99	-99	-99
04.04.1995	-99	-99	-99	-99
05.04.1995	-99	-99	-99	-99
06.04.1995	-99	-99	-99	-99
07.04.1995	-99	-99	-99	-99
08.04.1995	-99	-99	-99	-99
09.04.1995	-99	-99	-99	-99
10.04.1995	-99	-99	-99	-99
11.04.1995	-99	-99	-99	-99
12.04.1995	-99	-99	-99	-99
13.04.1995	-99	-99	-99	-99
14.04.1995	-99	-99	-99	-99
15.04.1995	-99	-99	-99	-99
16.04.1995	-99	-99	-99	-99
17.04.1995	-99	-99	-99	-99
18.04.1995	-99	-99	-99	-99
19.04.1995	-99	-99	-99	-99
20.04.1995	-99	-99	-99	-99
21.04.1995	-99	-99	-99	-99
22.04.1995	-99	-99	-99	-99
23.04.1995	-99	-99	-99	-99
24.04.1995	-99	-99	-99	-99
25.04.1995	-99	-99	-99	-99
26.04.1995	-99	-99	-99	-99
27.04.1995	-99	-99	-99	-99
28.04.1995	-99	-99	-99	-99
29.04.1995	-99	-99	-99	-99
30.04.1995	-99	-99	-99	-99
01.05.1995	-99	-99	-99	-99
02.05.1995	-99	-99	-99	-99
03.05.1995	-99	-99	-99	-99
04.05.1995	-99	-99	-99	-99
05.05.1995	-99	-99	-99	-99
06.05.1995	-99	-99	-99	-99
07.05.1995	-99	-99	-99	-99
08.05.1995	-99	-99	-99	-99
09.05.1995	-99	-99	-99	-99
10.05.1995	-99	-99	-99	-99
11.05.1995	-99	-99	-99	-99
12.05.1995	-99	-99	-99	-99
13.05.1995	-99	-99	-99	-99
14.05.1995	-99	-99	-99	-99
15.05.1995	-99	-99	-99	-99
16.05.1995	-99	-99	-99	-99
17.05.1995	-99	-99	-99	-99
18.05.1995	-99	-99	-99	-99
19.05.1995	-99	-99	-99	-99
20.05.1995	-99	-99	-99	-99
21.05.1995	-99	-99	-99	-99
22.05.1995	-99	-99	-99	-99
23.05.1995	-99	-99	-99	-99
24.05.1995	-99	-99	-99	-99
25.05.1995	-99	-99	-99	-99
26.05.1995	-99	-99	-99	-99
27.05.1995	-99	-99	-99	-99
28.05.1995	-99	-99	-99	-99
29.05.1995	-99	-99	-99	-99
30.05.1995	-99	-99	-99	-99
31.05.1995	-99	-99	-99	-99
01.06.1995	-99	-99	-99	-99
02.06.1995	-99	-99	-99	-99
03.06.1995	-99	-99	-99	-99
04.06.1995	-99	-99	-99	-99
05.06.1995	-99	-99	-99	-99
06.06.1995	-99	-99	-99	-99
07.06.1995	-99	-99	-99	-99
08.06.1995	-99	-99	-99	-99
09.06.1995	-99	-99	-99	-99
10.06.1995	-99	-99	-99	-99
11.06.1995	-99	-99	-99	-99
12.06.1995	-99	-99	-99	-99
13.06.1995	-99	-99	-99	-99
14.06.1995	-99	-99	-99	-99
15.06.1995	-99	-99	-99	-99
16.06.1995	-99	-99	-99	-99
17.06.1995	-99	-99	-99	-99
18.06.1995	-99	-99	-99	-99
19.06.1995	-99	-99	-99	-99
20.06.1995	-99	-99	-99	-99
21.06.1995	-99	-99	-99	-99
22.06.1995	-99	-99	-99	-99
23.06.1995	-99	-99	-99	-99
24.06.1995	-99	-99	-99	-99
25.06.1995	-99	-99	-99	-99
26.06.1995	-99	-99	-99	-99
27.06.1995	-99	-99	-99	-99
28.06.1995	-99	-99	-99	-99
29.06.1995	-99	-99	-99	-99
30.06.1995	-99	-99	-99	-99
01.07.1995	-99	-99	-99	-99
02.07.1995	-99	-99	-99	-99
03.07.1995	-99	-99	-99	-99
04.07.1995	-99	-99	-99	-99
05.07.1995	-99	-99	-99	-99
06.07.1995	-99	-99	-99	-99
07.07.1995	-99	-99	-99	-99
08.07.1995	-99	-99	-99	-99
09.07.1995	-99	-99	-99	-99
10.07.1995	-99	-99	-99	-99
11.07.1995	-99	-99	-99	-99
12.07.1995	-99	-99	-99	-99
13.07.1995	-99	-99	-99	-99
14.07.1995	-99	-99	-99	-99
15.07.1995	-99	-99	-99	-99
16.07.1995	-99	-99	-99	-99
17.07.1995	-99	-99	-99	-99
18.07.1995	-99	-99	-99	-99
19.07.1995	-99	-99	-99	-99
20.07.1995	-99	-99	-99	-99
21.07.1995	-99	-99	-99	-99
22.07.1995	-99	-99	-99	-99
23.07.1995	-99	-99	-99	-99
24.07.1995	-99	-99	-99	-99
25.07.1995	-99	-99	-99	-99
26.07.1995	-99	-99	-99	-99
27.07.1995	-99	-99	-99	-99
28.07.1995	-99	-99	-99	-99
29.07.1995	-99	-99	-99	-99
30.07.1995	-99	-99	-99	-99
31.07.1995	-99	-99	-99	-99
01.08.1995	-99	-99	-99	-99
02.08.1995	-99	-99	-99	-99
03.08.1995	-99	-99	-99	-99
04.08.1995	-99	-99	-99	-99
05.08.1995	-99	-99	-99	-99
06.08.1995	-99	-99	-99	-99
07.08.1995	-99	-99	-99	-99
08.08.1995	-99	-99	-99	-99
09.08.1995	-99	-99	-99	-99
10.08.1995	-99	-99	-99	-99
11.08.1995	-99	-99	-99	-99
12.08.1995	-99	-99	-99	-99
13.08.1995	-99	-99	-99	-99
14.08.1995	-99	-99	-99	-99
15.08.1995	-99	-99	-99	-99
16.08.1995	-99	-99	-99	-99
17.08.1995	-99	-99	-99	-99
18.08.1995	-99	-99	-99	-99
19.08.1995	-99	-99	-99	-99
20.08.1995	-99	-99	-99	-99
21.08.1995	-99	-99	-99	-99
22.08.1995	-99	-99	-99	-99
23.08.1995	-99	-99	-99	-99
24.08.1995	-99	-99	-99	-99
25.08.1995	-99	-99	-99	-99
26.08.1995	-99	-99	-99	-99
27.08.1995	-99	-99	-99	-99
28.08.1995	-99	-99	-99	-99
29.08.1995	-99	-99	-99	-99
30.08.1995	-99	-99	-99	-99
31.08.1995	-99	-99	-99	-99
01.09.1995	-99	-99	-99	-99
02.09.1995	-99	-99	-99	-99
03.09.1995	-99	-99	-99	-99
04.09.1995	-99	-99	-99	-99
05.09.1995	-99	-99	-99	-99
06.09.1995	-99	-99	-99	-99
07.09.1995	-99	-99	-99	-99
08.09.1995	-99	-99	-99	-99
09.09.1995	-99	-99	-99	-99
10.09.1995	-99	-99	-99	-99
11.09.1995	-99	-99	-99	-99
12.09.1995	-99	-99	-99	-99
13.09.1995	-99	-99	-99	-99
14.09.1995	-99	-99	-99	-99
15.09.1995	-99	-99	-99	-99
16.09.1995	-99	-99	-99	-99
17.09.1995	-99	-99	-99	-99
18.09.1995	-99	-99	-99	-99
19.09.1995	-99	-99	-99	-99
20.09.1995	-99	-99	-99	-99
21.09.1995	-99	-99	-99	-99
22.09.1995	-99	-99	-99	-99
23.09.1995	-99	-99	-99	-99
24.09.1995	-99	-99	-99	-99
25.09.1995	-99	-99	-99	-99
26.09.1995	-99	-99	-99	-99
27.09.1995	-99	-99	-99	-99
28.09.1995	-99	-99	-99	-99
29.09.1995	-99	-99	-99	-99
30.09.1995	-99	-99	-99	-99
01.10.1995	-99	-99	-99	-99
02.10.1995	-99	-99	-99	-99
03.10.1995	-99	-99	-99	-99
04.10.1995	-99	-99	-99	-99
05.10.1995	-99	-99	-99	-99
06.10.1995	-99	-99	-99	-99
07.10.1995	-99	-99	-99	-99
08.10.1995	-99	-99	-99	-99
09.10.1995	-99	-99	-99	-99
10.10.1995	-99	-99	-99	-99
11.10.1995	-99	-99	-99	-99
12.10.1995	-99	-99	-99	-99
13.10.1995	-99	-99	-99	-99
14.10.1995	-99	-99	-99	-99
15.10.1995	-99	-99	-99	-99
16.10.1995	-99	-99	-99	-99
17.10.1995	-99	-99	-99	-99
18.10.1995	-99	-99	-99	-99
19.10.1995	-99	-99	-99	-99
20.10.1995	-99	-99	-99	-99
21.10.1995	-99	-99	-99	-99
22.10.1995	-99	-99	-99	-99
23.10.1995	-99	-99	-99	-99
24.10.1995	-99	-99	-99	-99
25.10.1995	-99	-99	-99	-99
26.10.1995	-99	-99	-99	-99
27.10.1995	-99	-99	-99	-99
28.10.1995	-99	-99	-99	-99
29.10.1995	-99	-99	-99	-99
30.10.1995	-99	-99	-99	-99
31.10.1995	-99	-99	-99	-99
01.11.1995	-99	-99	-99	-99
02.11.1995	-99	-99	-99	-99
03.11.1995	-99	-99	-99	-99
04.11.1995	-99	-99	-99	-99
05.11.1995	-99	-99	-99	-99
06.11.1995	-99	-99	-99	-99
07.11.1995	-99	-99	-99	-99
08.11.1995	-99	-99	-99	-99
09.11.1995	-99	-99	-99	-99
10.11.1995	-99	-99	-99	-99
11.11.1995	-99	-99	-99	-99
12.11.1995	-99	-99	-99	-99
13.11.1995	-99	-99	-99	-99
14.11.1995	-99	-99	-99	-99
15.11.1995	-99	-99	-99	-99
16.11.1995	-99	-99	-99	-99
17.11.1995	-99	-99	-99	-99
18.11.1995	-99	-99	-99	-99
19.11.1995	-99	-99	-99	-99
20.11.1995	-99	-99	-99	-99
21.11.1995	-99	-99	-99	-99
22.11.1995	-99	-99	-99	-99
23.11.1995	-99	-99	-99	-99
24.11.1995	-99	-99	-99	-99
25.11.1995	-99	-99	-99	-99
26.11.1995	-99	-99	-99	-99
27.11.1995	-99	-99	-99	-99
28.11.1995	-99	-99	-99	-99
29.11.1995	-99	-99	-99	-99
30.11.1995	-99	-99	-99	-99
01.12.1995	-99	-99	-99	-99
02.12.1995	-99	-99	-99	-99
03.12.1995	-99	-99	-99	-99
04.12.1995	-99	-99	-99	-99
05.12.1995	-99	-99	-99	-99
06.12.1995	-99	-99	-99	-99
07.12.1995	-99	-99	-99	-99
08.12.1995	-99	-99	-99	-99
09.12.1995	-99	-99	-99	-99
10.12.1995	-99	-99	-99	-99
11.12.1995	-99	-99	-99	-99
12.12.1995	-99	-99	-99	-99
13.12.1995	-99	-99	-99	-99
14.12.1995	-99	-99	-99	-99
15.12.1995	-99	-99	-99	-99
16.12.1995	-99	-99	-99	-99
17.12.1995	-99	-99	-99	-99
18.12.1995	-99	-99	-99	-99
19.12.1995	-99	-99	-99	-99
20.12.1995	-99	-99	-99	-99
21.12.1995	-99	-99	-99	-99
22.12.1995	-99	-99	-99	-99
23.12.1995	-99	-99	-99	-99
24.12.1995	-99	-99	-99	-99
25.12.1995	-99	-99	-99	-99
26.12.1995	-99	-99	-99	-99
27.12.1995	-99	-99	-99	-99
28.12.1995	-99	-99	-99	-99
29.12.1995	-99	-99	-99	-99
30.12.1995	-99	-99	-99	-99
31.12.1995	-99	-99	-99	-99
01.01.1996	-99	-99	-99	-99
02.01.1996	-99	-99	-99	-99
03.01.1996	-99	-99	-99	-99
04.01.1996	-99	-99	-99	-99
05.01.1996	-99	-99	-99	-99
06.01.1996	-99	-99	-99	-99
07.01.1996	-99	-99	-99	-99
08.01.1996	-99	-99	-99	-99
09.01.1996	-99	-99	-99	-99
10.01.1996	-99	-99	-99	-99
11.01.1996	-99	-99	-99	-99
12.01.1996	-99	-99	-99	-99
13.01.1996	-99	-99	-99	-99
14.01.1996	-99	-99	-99	-99
15.01.1996	-99	-99	-99	-99
16.01.1996	-99	-99	-99	-99
17.01.1996	-99	-99	-99	-99
18.01.1996	-99	-99	-99	-99
19.01.1996	-99	-99	-99	-99
20.01.1996	-99	-99	-99	-99
21.01.1996	-99	-99	-99	-99
22.01.1996	-99	-99	-99	-99
23.01.1996	-99	-99	-99	-99
24.01.1996	-99	-99	-99	-99
25.01.1996	-99	-99	-99	-99
26.01.1996	-99	-99	-99	-99
27.01.1996	-99	-99	-99	-99
28.01.1996	-99	-99	-99	-99
29.01.1996	-99	-99	-99	-99
30.01.1996	-99	-99	-99	-99
31.01.1996	-99	-99	-99	-99
01.02.1996	-99	-99	-99	-99
02.02.1996	-99	-99	-99	-99
03.02.1996	-99	-99	-99	-99
04.02.1996	-99	-99	-99	-99
05.02.1996	-99	-99	-99	-99
06.02.1996	-99	-99	-99	-99
07.02.1996	-99	-99	-99	-99
08.02.1996	-99	-99	-99	-99
09.02.1996	-99	-99	-99	-99
10.02.1996	-99	-99	-99	-99
11.02.1996	-99	-99	-99	-99
12.02.1996	-99	-99	-99	-99
13.02.1996	-99	-99	-99	-99
14.02.1996	-99	-99	-99	-99
15.02.1996	-99	-99	-99	-99
16.02.1996	-99	-99	-99	-99
17.02.1996	-99	-99	-99	-99
18.02.1996	-99	-99	-99	-99
19.02.1996	-99	-99	-99	-99
20.02.1996	-99	-99	-99	-99
21.02.1996	-99	-99	-99	-99
22.02.1996	-99	-99	-99	-99
23.02.1996	-99	-99	-99	-99
24.02.1996	-99	-99	-99	-99
25.02.1996	-99	-99	-99	-99
26.02.1996	-99	-99	-99	-99
27.02.1996	-99	-99	-99	-99
28.02.1996	-99	-99	-99	-99
29.02.1996	-99	-99	-99	-99
01.03.1996	-99	-99	-99	-99
02.03.1996	-99	-99	-99	-99
03.03.1996	-99	-99	-99	-99
04.03.1996	-99	-99	-99	-99
05.03.1996	-99	-99	-99	-99
06.03.1996	-99	-99	-99	-99
07.03.1996	-99	-99	-99	-99
08.03.1996	-99	-99	-99	-99
09.03.1996	-99	-99	-99	-99
10.03.1996	-99	-99	-99	-99
11.03.1996	-99	-99	-99	-99
12.03.1996	-99	-99	-99	-99
13.03.1996	-99	-99	-99	-99
14.03.1996	-99	-99	-99	-99
15.03.1996	-99	-99	-99	-99
16.03.1996	-99	-99	-99	-99
17.03.1996	-99	-99	-99	-99
18.03.1996	-99	-99	-99	-99
19.03.1996	-99	-99	-99	-99
20.03.1996	-99	-99	-99	-99
21.03.1996	-99	-99	-99	-99
22.03.1996	-99	-99	-99	-99
23.03.1996	-99	-99	-99	-99
24.03.1996	-99	-99	-99	-99
25.03.1996	-99	-99	-99	-99
26.03.1996	-99	-99	-99	-99
27.03.1996	-99	-99	-99	-99
28.03.1996	-99	-99	-99	-99
29.03.1996	-99	-99	-99	-99
30.03.1996	-99	-99	-99	-99
31.03.1996	-99	-99	-99	-99
01.04.1996	-99	-99	-99	-99
02.04.1996	-99	-99	-99	-99
03.04.1996	-99	-99	-99	-99
04.04.1996	-99	-99	-99	-99
05.04.1996	-99	-99	-99	-99
06.04.1996	-99	-99	-99	-99
07.04.1996	-99	-99	-99	-99
08.04.1996	-99	-99	-99	-99
09.04.1996	-99	-99	-99	-99
10.04.1996	-99	-99	-99	-99
11.04.1996	-99	-99	-99	-99
12.04.1996	-99	-99	-99	-99
13.04.1996	-99	-99	-99	-99
14.04.1996	-99	-99	-99	-99
15.04.1996	-99	-99	-99	-99
16.04.1996	-99	-99	-99	-99
17.04.1996	-99	-99	-99	-99
18.04.1996	-99	-99	-99	-99
19.04.1996	-99	-99	-99	-99
20.04.1996	-99	-99	-99	-99
21.04.1996	-99	-99	-99	-99
22.04.1996	-99	-99	-99	-99
23.04.1996	-99	-99	-99	-99
24.04.1996	-99	-99	-99	-99
25.04.1996	-99	-99	-99	-99
26.04.1996	-99	-99	-99	-99
27.04.1996	-99	-99	-99	-99
28.04.1996	-99	-99	-99	-99
29.04.1996	-99	-99	-99	-99
30.04.1996	-99	-99	-99	-99
01.05.1996	-99	-99	-99	-99
02.05.1996	-99	-99	-99	-99
03.05.1996	-99	-99	-99	-99
04.05.1996	-99	-99	-99	-99
05.05.1996	-99	-99	-99	-99
06.05.1996	-99	-99	-99	-99
07.05.1996	-99	-99	-99	-99
08.05.1996	-99	-99	-99	-99
09.05.1996	-99	-99	-99	-99
10.05.1996	-99	-99	-99	-99
11.05.1996	-99	-99	-99	-99
12.05.1996	-99	-99	-99	-99
13.05.1996	-99	-99	-99	-99
14.05.1996	-99	-99	-99	-99
15.05.1996	-99	-99	-99	-99
16.05.1996	-99	-99	-99	-99
17.05.1996	-99	-99	-99	-99
18.05.1996	-99	-99	-99	-99
19.05.1996	-99	-99	-99	-99
20.05.1996	-99	-99	-99	-99
21.05.1996	-99	-99	-99	-99
22.05.1996	-99	-99	-99	-99
23.05.1996	-99	-99	-99	-99
24.05.1996	-99	-99	-99	-99
25.05.1996	-99	-99	-99	-99
26.05.1996	-99	-99	-99	-99
27.05.1996	-99	-99	-99	-99
28.05.1996	-99	-99	-99	-99
29.05.1996	-99	-99	-99	-99
30.05.1996	-99	-99	-99	-99
31.05.1996	-99	-99	-99	-99
01.06.1996	-99	-99	-99	-99
02.06.1996	-99	-99	-99	-99
03.06.1996	-99	-99	-99	-99
04.06.1996	-99	-99	-99	-99
05.06.1996	-99	-99	-99	-99
06.06.1996	-99	-99	-99	-99
07.06.1996	-99	-99	-99	-99
08.06.1996	-99	-99	-99	-99
09.06.1996	-99	-99	-99	-99
10.06.1996	-99	-99	-99	-99
11.06.1996	-99	-99	-99	-99
12.06.1996	-99	-99	-99	-99
13.06.1996	-99	-99	-99	-99
14.06.1996	-99	-99	-99	-99
15.06.1996	-99	-99	-99	-99
16.06.1996	-99	-99	-99	-99
17.06.1996	-99	-99	-99	-99
18.06.1996	-99	-99	-99	-99
19.06.1996	-99	-99	-99	-99
20.06.1996	-99	-99	-99	-99
21.06.1996	-99	-99	-99	-99
22.06.1996	-99	-99	-99	-99
23.06.1996	-99	-99	-99	-99
24.06.1996	-99	-99	-99	-99
25.06.1996	-99	-99	-99	-99
26.06.1996	-99	-99	-99	-99
27.06.1996	-99	-99	-99	-99
28.06.1996	-99	-99	-99	-99
29.06.1996	-99	-99	-99	-99
30.06.1996	-99	-99	-99	-99
01.07.1996	-99	-99	-99	-99
02.07.1996	-99	-99	-99	-99
03.07.1996	-99	-99	-99	-99
04.07.1996	-99	-99	-99	-99
05.07.1996	-99	-99	-99	-99
06.07.1996	-99	-99	-99	-99
07.07.1996	-99	-99	-99	-99
08.07.1996	-99	-99	-99	-99
09.07.1996	-99	-99	-99	-99
10.07.1996	-99	-99	-99	-99
11.07.1996	-99	-99	-99	-99
12.07.1996	-99	-99	-99	-99
13.07.1996	-99	-99	-99	-99
14.07.1996	-99	-99	-99	-99
15.07.1996	-99	-99	-99	-99
16.07.1996	-99	-99	-99	-99
17.07.1996	-99	-99	-99	-99
18.07.1996	-99	-99	-99	-99
19.07.1996	-99	-99	-99	-99
20.07.1996	-99	-99	-99	-99
21.07.1996	-99	-99	-99	-99
22.07.1996	-99	-99	-99	-99
23.07.1996	-99	-99	-99	-99
24.07.1996	-99	-99	-99	-99
25.07.1996	-99	-99	-99	-99
26.07.1996	-99	-99	-99	-99
27.07.1996	-99	-99	-99	-99
28.07.1996	-99	-99	-99	-99
29.07.1996	-99	-99	-99	-99
30.07.1996	-99	-99	-99	-99
31.07.1996	-99	-99	-99	-99
01.08.1996	-99	-99	-99	-99
02.08.1996	-99	-99	-99	-99
03.08.1996	-99	-99	-99	-99
04.08.1996	-99	-99	-99	-99
05.08.1996	-99	-99	-99	-99
06.08.1996	-99	-99	-99	-99
07.08.1996	-99	-99	-99	-99
08.08.1996	-99	-99	-99	-99
09.08.1996	-99	-99	-99	-99
10.08.1996	-99	-99	-99	-99
11.08.1996	-99	-99	-99	-99
12.08.1996	-99	-99	-99	-99
13.08.1996	-99	-99	-99	-99
14.08.1996	-99	-99	-99	-99
15.08.1996	-99	-99	-99	-99
16.08.1996	-99	-99	-99	-99
17.08.1996	-99	-99	-99	-99
18.08.1996	-99	-99	-99	-99
19.08.1996	-99	-99	-99	-99
20.08.1996	-99	-99	-99	-99
21.08.1996	-99	-99	-99	-99
22.08.1996	-99	-99	-99	-99
23.08.1996	-99	-99	-99	-99
24.08.1996	-99	-99	-99	-99
25.08.1996	-99	-99	-99	-99
26.08.1996	-99	-99	-99	-99
27.08.1996	-99	-99	-99	-99
28.08.1996	-99	-99	-99	-99
29.08.1996	-99	-99	-99	-99
30.08.1996	-99	-99	-99	-99
31.08.1996	-99	-99	-99	-99
01.09.1996	-99	-99	-99	-99
02.09.1996	-99	-99	-99	-99
03.09.1996	-99	-99	-99	-99
04.09.1996	-99	-99	-99	-99
05.09.1996	-99	-99	-99	-99
06.09.1996	-99	-99	-99	-99
07.09.1996	-99	-99	-99	-99
08.09.1996	-99	-99	-99	-99
09.09.1996	-99	-99	-99	-99
10.09.1996	-99	-99	-99	-99
11.09.1996	-99	-99	-99	-99
12.09.1996	-99	-99	-99	-99
13.09.1996	-99	-99	-99	-99
14.09.1996	-99	-99	-99	-99
15.09.1996	-99	-99	-99	-99
16.09.1996	-99	-99	-99	-99
17.09.1996	-99	-99	-99	-99
18.09.1996	-99	-99	-99	-99
19.09.1996	-99	-99	-99	-99
20.09.1996	-99	-99	-99	-99
21.09.1996	-99	-99	-99	-99
22.09.1996	-99	-99	-99	-99
23.09.1996	-99	-99	-99	-99
24.09.1996	-99	-99	-99	-99
25.09.1996	-99	-99	-99	-99
26.09.1996	-99	-99	-99	-99
27.09.1996	-99	-99	-99	-99
28.09.1996	-99	-99	-99	-99
29.09.1996	-99	-99	-99	-99
30.09.1996	-99	-99	-99	-99
01.10.1996	-99	-99	-99	-99
02.10.1996	-99	-99	-99	-99
03.10.1996	-99	-99	-99	-99
04.10.1996	-99	-99	-99	-99
05.10.1996	-99	-99	-99	-99
06.10.1996	-99	-99	-99	-99
07.10.1996	-99	-99	-99	-99
08.10.1996	-99	-99	-99	-99
09.10.1996	-99	-99	-99	-99
10.10.1996	-99	-99	-99	-99
11.10.1996	-99	-99	-99	-99
12.10.1996	-99	-99	-99	-99
13.10.1996	-99	-99	-99	-99
14.10.1996	-99	-99	-99	-99
15.10.1996	-99	-99	-99	-99
16.10.1996	-99	-99	-99	-99
17.10.1996	-99	-99	-99	-99
18.10.1996	-99	-99	-99	-99
19.10.1996	-99	-99	-99	-99
20.10.1996	-99	-99	-99	-99
21.10.1996	-99	-99	-99	-99
22.10.1996	-99	-99	-99	-99
23.10.1996	-99	-99	-99	-99
24.10.1996	-99	-99	-99	-99
25.10.1996	-99	-99	-99	-99
26.10.1996	-99	-99	-99	-99
27.10.1996	-99	-99	-99	-99
28.10.1996	-99	-99	-99	-99
29.10.1996	-99	-99	-99	-99
30.10.1996	-99	-99	-99	-99
31.10.1996	-99	-99	-99	-99
01.11.1996	-99	-99	-99	-99
02.11.1996	-99	-99	-99	-99
03.11.1996	-99	-99	-99	-99
04.11.1996	-99	-99	-99	-99
05.11.1996	-99	-99	-99	-99
06.11.1996	-99	-99	-99	-99
07.11.1996	-99	-99	-99	-99
08.11.1996	-99	-99	-99	-99
09.11.1996	-99	-99	-99	-99
10.11.1996	-99	-99	-99	-99
11.11.1996	-99	-99	-99	-99
12.11.1996	-99	-99	-99	-99
13.11.1996	-99	-99	-99	-99
14.11.1996	-99	-99	-99	-99
15.11.1996	-99	-99	-99	-99
16.11.1996	-99	-99	-99	-99
17.11.1996	-99	-99	-99	-99
18.11.1996	-99	-99	-99	-99
19.11.1996	-99	-99	-99	-99
20.11.1996	-99	-99	-99	-99
21.11.1996	-99	-99	-99	-99
22.11.1996	-99	-99	-99	-99
23.11.1996	-99	-99	-99	-99
24.11.1996	-99	-99	-99	-99
25.11.1996	-99	-99	-99	-99
26.11.1996	-99	-99	-99	-99
27.11.1996	-99	-99	-99	-99
28.11.1996	-99	-99	-99	-99
29.11.1996	-99	-99	-99	-99
30.11.1996	-99	-99	-99	-99
01.12.1996	-99	-99	-99	-99
02.12.1996	-99	-99	-99	-99
03.12.1996	-99	-99	-99	-99
04.12.1996	-99	-99	-99	-99
05.12.1996	-99	-99	-99	-99
06.12.1996	-99	-99	-99	-99
07.12.1996	-99	-99	-99	-99
08.12.1996	-99	-99	-99	-99
09.12.1996	-99	-99	-99	-99
10.12.1996	-99	-99	-99	-99
11.12.1996	-99	-99	-99	-99
12.12.1996	-99	-99	-99	-99
13.12.1996	-99	-99	-99	-99
14.12.1996	-99	-99	-99	-99
15.12.1996	-99	-99	-99	-99
16.12.1996	-99	-99	-99	-99
17.12.1996	-99	-99	-99	-99
18.12.1996	-99	-99	-99	-99
19.12.1996	-99	-99	-99	-99
20.12.1996	-99	-99	-99	-99
21.12.1996	-99	-99	-99	-99
22.12.1996	-99	-99	-99	-99
23.12.1996	-99	-99	-99	-99
24.12.1996	-99	-99	-99	-99
25.12.1996	-99	-99	-99	-99
26.12.1996	-99	-99	-99	-99
27.12.1996	-99	-99	-99	-99
28.12.1996	-99	-99	-99	-99
29.12.1996	-99	-99	-99	-99
30.12.1996	-99	-99	-99	-99
31.12.1996	-99	-99	-99	-99
01.01.1997	-99	-99	-99	-99
02.01.1997	-99	-99	-99	-99
03.01.1997	-99	-99	-99	-99
04.01.1997	-99	-99	-99	-99
05.01.1997	-99	-99	-99	-99
06.01.1997	-99	-99	-99	-99
07.01.1997	-99	-99	-99	-99
08.01.1997	-99	-99	-99	-99
09.01.1997	-99	-99	-99	-99
10.01.1997	-99	-99	-99	-99
11.01.1997	-99	-99	-99	-99
12.01.1997	-99	-99	-99	-99
13.01.1997	-99	-99	-99	-99
14.01.1997	-99	-99	-99	-99
15.01.1997	-99	-99	-99	-99
16.01.1997	-99	-99	-99	-99
17.01.1997	-99	-99	-99	-99
18.01.1997	-99	-99	-99	-99
19.01.1997	-99	-99	-99	-99
20.01.1997	-99	-99	-99	-99
21.01.1997	-99	-99	-99	-99
22.01.1997	-99	-99	-99	-99
23.01.1997	-99	-99	-99	-99
24.01.1997	-99	-99	-99	-99
25.01.1997	-99	-99	-99	-99
26.01.1997	-99	-99	-99	-99
27.01.1997	-99	-99	-99	-99
28.01.1997	-99	-99	-99	-99
29.01.1997	-99	-99	-99	-99
30.01.1997	-99	-99	-99	-99
31.01.1997	-99	-99	-99	-99
01.02.1997	-99	-99	-99	-99
02.02.1997	-99	-99	-99	-99
03.02.1997	-99	-99	-99	-99
04.02.1997	-99	-99	-99	-99
05.02.1997	-99	-99	-99	-99
06.02.1997	-99	-99	-99	-99
07.02.1997	-99	-99	-99	-99
08.02.1997	-99	-99	-99	-99
09.02.1997	-99	-99	-99	-99
10.02.1997	-99	-99	-99	-99
11.02.1997	-99	-99	-99	-99
12.02.1997	-99	-99	-99	-99
13.02.1997	-99	-99	-99	-99
14.02.1997	-99	-99	-99	-99
15.02.1997	-99	-99	-99	-99
16.02.1997	-99	-99	-99	-99
17.02.1997	-99	-99	-99	-99
18.02.1997	-99	-99	-99	-99
19.02.1997	-99	-99	-99	-99
20.02.1997	-99	-99	-99	-99
21.02.1997	-99	-99	-99	-99
22.02.1997	-99	-99	-99	-99
23.02.1997	-99	-99	-99	-99
24.02.1997	-99	-99	-99	-99
25.02.1997	-99	-99	-99	-99
26.02.1997	-99	-99	-99	-99
27.02.1997	-99	-99	-99	-99
28.02.1997	-99	-99	-99	-99
01.03.1997	-99	-99	-99	-99
02.03.1997	-99	-99	-99	-99
03.03.1997	-99	-99	-99	-99
04.03.1997	-99	-99	-99	-99
05.03.1997	-99	-99	-99	-99
06.03.1997	-99	-99	-99	-99
07.03.1997	-99	-99	-99	-99
08.03.1997	-99	-99	-99	-99
09.03.1997	-99	-99	-99	-99
10.03.1997	-99	-99	-99	-99
11.03.1997	-99	-99	-99	-99
12.03.1997	-99	-99	-99	-99
13.03.1997	-99	-99	-99	-99
14.03.1997	-99	-99	-99	-99
15.03.1997	-99	-99	-99	-99
16.03.1997	-99	-99	-99	-99
17.03.1997	-99	-99	-99	-99
18.03.1997	-99	-99	-99	-99
19.03.1997	-99	-99	-99	-99
20.03.1997	-99	-99	-99	-99
21.03.1997	-99	-99	-99	-99
22.03.1997	-99	-99	-99	-99
23.03.1997	-99	-99	-99	-99
24.03.1997	-99	-99	-99	-99
25.03.1997	-99	-99	-99	-99
26.03.1997	-99	-99	-99	-99
27.03.1997	-99	-99	-99	-99
28.03.1997	-99	-99	-99	-99
29.03.1997	-99	-99	-99	-99
30.03.1997	-99	-99	-99	-99
31.03.1997	-99	-99	-99	-99
01.04.1997	-99	-99	-99	-99
02.04.1997	-99	-99	-99	-99
03.04.1997	-99	-99	-99	-99
04.04.1997	-99	-99	-99	-99
05.04.1997	-99	-99	-99	-99
06.04.1997	-99	-99	-99	-99
07.04.1997	-99	-99	-99	-99
08.04.1997	-99	-99	-99	-99
09.04.1997	-99	-99	-99	-99
10.04.1997	-99	-99	-99	-99
11.04.1997	-99	-99	-99	-99
12.04.1997	-99	-99	-99	-99
13.04.1997	-99	-99	-99	-99
14.04.1997	-99	-99	-99	-99
15.04.1997	-99	-99	-99	-99
16.04.1997	-99	-99	-99	-99
17.04.1997	-99	-99	-99	-99
18.04.1997	-99	-99	-99	-99
19.04.1997	-99	-99	-99	-99
20.04.1997	-99	-99	-99	-99
21.04.1997	-99	-99	-99	-99
22.04.1997	-99	-99	-99	-99
23.04.1997	-99	-99	-99	-99
24.04.1997	-99	-99	-99	-99
25.04.1997	-99	-99	-99	-99
26.04.1997	-99	-99	-99	-99
27.04.1997	-99	-99	-99	-99
28.04.1997	-99	-99	-99	-99
29.04.1997	-99	-99	-99	-99
30.04.1997	-99	-99	-99	-99
01.05.1997	-99	-99	-99	-99
02.05.1997	-99	-99	-99	-99
03.05.1997	-99	-99	-99	-99
04.05.1997	-99	-99	-99	-99
05.05.1997	-99	-99	-99	-99
06.05.1997	-99	-99	-99	-99
07.05.1997	-99	-99	-99	-99
08.05.1997	-99	-99	-99	-99
09.05.1997	-99	-99	-99	-99
10.05.1997	-99	-99	-99	-99
11.05.1997	-99	-99	-99	-99
12.05.1997	-99	-99	-99	-99
13.05.1997	-99	-99	-99	-99
14.05.1997	-99	-99	-99	-99
15.05.1997	-99	-99	-99	-99
16.05.1997	-99	-99	-99	-99
17.05.1997	-99	-99	-99	-99
18.05.1997	-99	-99	-99	-99
19.05.1997	-99	-99	-99	-99
20.05.1997	-99	-99	-99	-99
21.05.1997	-99	-99	-99	-99
22.05.1997	-99	-99	-99	-99
23.05.1997	-99	-99	-99	-99
24.05.1997	-99	-99	-99	-99
25.05.1997	-99	-99	-99	-99
26.05.1997	-99	-99	-99	-99
27.05.1997	-99	-99	-99	-99
28.05.1997	-99	-99	-99	-99
29.05.1997	-99	-99	-99	-99
30.05.1997	-99	-99	-99	-99
31.05.1997	-99	-99	-99	-99
01.06.1997	-99	-99	-99	-99
02.06.1997	-99	-99	-99	-99
03.06.1997	-99	-99	-99	-99
04.06.1997	-99	-99	-99	-99
05.06.1997	-99	-99	-99	-99
06.06.1997	-99	-99	-99	-99
07.06.1997	-99	-99	-99	-99
08.06.1997	-99	-99	-99	-99
09.06.1997	-99	-99	-99	-99
10.06.1997	-99	-99	-99	-99
11.06.1997	-99	-99	-99	-99
12.06.1997	-99	-99	-99	-99
13.06.1997	-99	-99	-99	-99
14.06.1997	-99	-99	-99	-99
15.06.1997	-99	-99	-99	-99
16.06.1997	-99	-99	-99	-99
17.06.1997	-99	-99	-99	-99
18.06.1997	-99	-99	-99	-99
19.06.1997	-99	-99	-99	-99
20.06.1997	-99	-99	-99	-99
21.06.1997	-99	-99	-99	-99
22.06.1997	-99	-99	-99	-99
23.06.1997	-99	-99	-99	-99
24.06.1997	-99	-99	-99	-99
25.06.1997	-99	-99	-99	-99
26.06.1997	-99	-99	-99	-99
27.06.1997	-99	-99	-99	-99
28.06.1997	-99	-99	-99	-99
29.06.1997	-99	-99	-99	-99
30.06.1997	-99	-99	-99	-99
01.07.1997	-99	-99	-99	-99
02.07.1997	-99	-99	-99	-99
03.07.1997	-99	-99	-99	-99
04.07.1997	-99	-99	-99	-99
05.07.1997	-99	-99	-99	-99
06.07.1997	-99	-99	-99	-99
07.07.1997	-99	-99	-99	-99
08.07.1997	-99	-99	-99	-99
09.07.1997	-99	-99	-99	-99
10.07.1997	-99	-99	-99	-99
11.07.1997	-99	-99	-99	-99
12.07.1997	-99	-99	-99	-99
13.07.1997	-99	-99	-99	-99
14.07.1997	-99	-99	-99	-99
15.07.1997	-99	-99	-99	-99
16.07.1997	-99	-99	-99	-99
17.07.1997	-99	-99	-99	-99
18.07.1997	-99	-99	-99	-99
19.07.1997	-99	-99	-99	-99
20.07.1997	-99	-99	-99	-99
21.07.1997	-99	-99	-99	-99
22.07.1997	-99	-99	-99	-99
23.07.1997	-99	-99	-99	-99
24.07.1997	-99	-99	-99	-99
25.07.1997	-99	-99	-99	-99
26.07.1997	-99	-99	-99	-99
27.07.1997	-99	-99	-99	-99
28.07.1997	-99	-99	-99	-99
29.07.1997	-99	-99	-99	-99
30.07.1997	-99	-99	-99	-99
31.07.1997	-99	-99	-99	-99
01.08.1997	-99	-99	-99	-99
02.08.1997	-99	-99	-99	-99
03.08.1997	-99	-99	-99	-99
04.08.1997	-99	-99	-99	-99
05.08.1997	-99	-99	-99	-99
06.08.1997	-99	-99	-99	-99
07.08.1997	-99	-99	-99	-99
08.08.1997	-99	-99	-99	-99
09.08.1997	-99	-99	-99	-99
10.08.1997	-99	-99	-99	-99
11.08.1997	-99	-99	-99	-99
12.08.1997	-99	-99	-99	-99
13.08.1997	-99	-99	-99	-99
14.08.1997	-99	-99	-99	-99
15.08.1997	-99	-99	-99	-99
16.08.1997	-99	-99	-99	-99
17.08.1997	-99	-99	-99	-99
18.08.1997	-99	-99	-99	-99
19.08.1997	-99	-99	-99	-99
20.08.1997	-99	-99	-99	-99
21.08.1997	-99	-99	-99	-99
22.08.1997	-99	-99	-99	-99
23.08.1997	-99	-99	-99	-99
24.08.1997	-99	-99	-99	-99
25.08.1997	-99	-99	-99	-99
26.08.1997	-99	-99	-99	-99
27.08.1997	-99	-99	-99	-99
28.08.1997	-99	-99	-99	-99
29.08.1997	-99	-99	-99	-99
30.08.1997	-99	-99	-99	-99
31.08.1997	-99	-99	-99	-99
01.09.1997	-99	-99	-99	-99
02.09.1997	-99	-99	-99	-99
03.09.1997	-99	-99	-99	-99
04.09.1997	-99	-99	-99	-99
05.09.1997	-99	-99	-99	-99
06.09.1997	-99	-99	-99	-99
07.09.1997	-99	-99	-99	-99
08.09.1997	-99	-99	-99	-99
09.09.1997	-99	-99	-99	-99
10.09.1997	-99	-99	-99	-99
11.09.1997	-99	-99	-99	-99
12.09.1997	-99	-99	-99	-99
13.09.1997	-99	-99	-99	-99
14.09.1997	-99	-99	-99	-99
15.09.1997	-99	-99	-99	-99
16.09.1997	-99	-99	-99	-99
17.09.1997	-99	-99	-99	-99
18.09.1997	-99	-99	-99	-99
19.09.1997	-99	-99	-99	-99
20.09.1997	-99	-99	-99	-99
21.09.1997	-99	-99	-99	-99
22.09.1997	-99	-99	-99	-99
23.09.1997	-99	-99	-99	-99
24.09.1997	-99	-99	-99	-99
25.09.1997	-99	-99	-99	-99
26.09.1997	-99	-99	-99	-99
27.09.1997	-99	-99	-99	-99
28.09.1997	-99	-99	-99	-99
29.09.1997	-99	-99	-99	-99
30.09.1997	-99	-99	-99	-99
01.10.1997	-99	-99	-99	-99
02.10.1997	-99	-99	-99	-99
03.10.1997	-99	-99	-99	-99
04.10.1997	-99	-99	-99	-99
05.10.1997	-99	-99	-99	-99
06.10.1997	-99	-99	-99	-99
07.10.1997	-99	-99	-99	-99
08.10.1997	-99	-99	-99	-99
09.10.1997	-99	-99	-99	-99
10.10.1997	-99	-99	-99	-99
11.10.1997	-99	-99	-99	-99
12.10.1997	-99	-99	-99	-99
13.10.1997	-99	-99	-99	-99
14.10.1997	-99	-99	-99	-99
15.10.1997	-99	-99	-99	-99
16.10.1997	-99	-99	-99	-99
17.10.1997	-99	-99	-99	-99
18.10.1997	-99	-99	-99	-99
19.10.1997	-99	-99	-99	-99
20.10.1997	-99	-99	-99	-99
21.10.1997	-99	-99	-99	-99
22.10.1997	-99	-99	-99	-99
23.10.1997	-99	-99	-99	-99
24.10.1997	-99	-99	-99	-99
25.10.1997	-99	-99	-99	-99
26.10.1997	-99	-99	-99	-99
27.10.1997	-99	-99	-99	-99
28.10.1997	-99	-99	-99	-99
29.10.1997	-99	-99	-99	-99
30.10.1997	-99	-99	-99	-99
31.10.1997	-99	-99	-99	-99
01.11.1997	-99	-99	-99	-99
02.11.1997	-99	-99	-99	-99
03.11.1997	-99	-99	-99	-99
04.11.1997	-99	-99	-99	-99
05.11.1997	-99	-99	-99	-99
06.11.1997	-99	-99	-99	-99
07.11.1997	-99	-99	-99	-99
08.11.1997	-99	-99	-99	-99
09.11.1997	-99	-99	-99	-99
10.11.1997	-99	-99	-99	-99
11.11.1997	-99	-99	-99	-99
12.11.1997	-99	-99	-99	-99
13.11.1997	-99	-99	-99	-99
14.11.1997	-99	-99	-99	-99
15.11.1997	-99	-99	-99	-99
16.11.1997	-99	-99	-99	-99
17.11.1997	-99	-99	-99	-99
18.11.1997	-99	-99	-99	-99
19.11.1997	-99	-99	-99	-99
20.11.1997	-99	-99	-99	-99
21.11.1997	-99	-99	-99	-99
22.11.1997	-99	-99	-99	-99
23.11.1997	-99	-99	-99	-99
24.11.1997	-99	-99	-99	-99
25.11.1997	-99	-99	-99	-99
26.11.1997	-99	-99	-99	-99
27.11.1997	-99	-99	-99	-99
28.11.1997	-99	-99	-99	-99
29.11.1997	-99	-99	-99	-99
30.11.1997	-99	-99	-99	-99
01.12.1997	-99	-99	-99	-99
02.12.1997	-99	-99	-99	-99
03.12.1997	-99	-99	-99	-99
04.12.1997	-99	-99	-99	-99
05.12.1997	-99	-99	-99	-99
06.12.1997	-99	-99	-99	-99
07.12.1997	-99	-99	-99	-99
08.12.1997	-99	-99	-99	-99
09.12.1997	-99	-99	-99	-99
10.12.1997	-99	-99	-99	-99
11.12.1997	-99	-99	-99	-99
12.12.1997	-99	-99	-99	-99
13.12.1997	-99	-99	-99	-99
14.12.1997	-99	-99	-99	-99
15.12.1997	-99	-99	-99	-99
16.12.1997	-99	-99	-99	-99
17.12.1997	-99	-99	-99	-99
18.12.1997	-99	-99	-99	-99
19.12.1997	-99	-99	-99	-99
20.12.1997	-99	-99	-99	-99
21.12.1997	-99	-99	-99	-99
22.12.1997	-99	-99	-99	-99
23.12.1997	-99	-99	-99	-99
24.12.1997	-99	-99	-99	-99
25.12.1997	-99	-99	-99	-99
26.12.1997	-99	-99	-99	-99
27.12.1997	-99	-99	-99	-99
28.12.1997	-99	-99	-99	-99
29.12.1997	-99	-99	-99	-99
30.12.1997	-99	-99	-99	-99
31.12.1997	-99	-99	-99	-99
01.01.1998	-99	-99	-99	-99
02.01.1998	-99	-99	-99	-99
03.01.1998	-99	-99	-99	-99
04.01.1998	-99	-99	-99	-99
05.01.1998	-99	-99	-99	-99
06.01.1998	-99	-99	-99	-99
07.01.1998	-99	-99	-99	-99
08.01.1998	-99	-99	-99	-99
09.01.1998	-99	-99	-99	-99
10.01.1998	-99	-99	-99	-99
11.01.1998	-99	-99	-99	-99
12.01.1998	-99	-99	-99	-99
13.01.1998	-99	-99	-99	-99
14.01.1998	-99	-99	-99	-99
15.01.1998	-99	-99	-99	-99
16.01.1998	-99	-99	-99	-99
17.01.1998	-99	-99	-99	-99
18.01.1998	-99	-99	-99	-99
19.01.1998	-99	-99	-99	-99
20.01.1998	-99	-99	-99	-99
21.01.1998	-99	-99	-99	-99
22.01.1998	-99	-99	-99	-99
23.01.1998	-99	-99	-99	-99
24.01.1998	-99	-99	-99	-99
25.01.1998	-99	-99	-99	-99
26.01.1998	-99	-99	-99	-99
27.01.1998	-99	-99	-99	-99
28.01.1998	-99	-99	-99	-99
29.01.1998	-99	-99	-99	-99
30.01.1998	-99	-99	-99	-99
31.01.1998	-99	-99	-99	-99
01.02.1998	-99	-99	-99	-99
02.02.1998	-99	-99	-99	-99
03.02.1998	-99	-99	-99	-99
04.02.1998	-99	-99	-99	-99
05.02.1998	-99	-99	-99	-99
06.02.1998	-99	-99	-99	-99
07.02.1998	-99	-99	-99	-99
08.02.1998	-99	-99	-99	-99
09.02.1998	-99	-99	-99	-99
10.02.1998	-99	-99	-99	-99
11.02.1998	-99	-99	-99	-99
12.02.1998	-99	-99	-99	-99
13.02.1998	-99	-99	-99	-99
14.02.1998	-99	-99	-99	-99
15.02.1998	-99	-99	-99	-99
16.02.1998	-99	-99	-99	-99
17.02.1998	-99	-99	-99	-99
18.02.1998	-99	-99	-99	-99
19.02.1998	-99	-99	-99	-99
20.02.1998	-99	-99	-99	-99
21.02.1998	-99	-99	-99	-99
22.02.1998	-99	-99	-99	-99
23.02.1998	-99	-99	-99	-99
24.02.1998	-99	-99	-99	-99
25.02.1998	-99	-99	-99	-99
26.02.1998	-99	-99	-99	-99
27.02.1998	-99	-99	-99	-99
28.02.1998	-99	-99	-99	-99
01.03.1998	-99	-99	-99	-99
02.03.1998	-99	-99	-99	-99
03.03.1998	-99	-99	-99	-99
04.03.1998	-99	-99	-99	-99
05.03.1998	-99	-99	-99	-99
06.03.1998	-99	-99	-99	-99
07.03.1998	-99	-99	-99	-99
08.03.1998	-99	-99	-99	-99
09.03.1998	-99	-99	-99	-99
10.03.1998	-99	-99	-99	-99
11.03.1998	-99	-99	-99	-99
12.03.1998	-99	-99	-99	-99
13.03.1998	-99	-99	-99	-99
14.03.1998	-99	-99	-99	-99
15.03.1998	-99	-99	-99	-99
16.03.1998	-99	-99	-99	-99
17.03.1998	-99	-99	-99	-99
18.03.1998	-99	-99	-99	-99
19.03.1998	-99	-99	-99	-99
20.03.1998	-99	-99	-99	-99
21.03.1998	-99	-99	-99	-99
22.03.1998	-99	-99	-99	-99
23.03.1998	-99	-99	-99	-99
24.03.1998	-99	-99	-99	-99
25.03.1998	-99	-99	-99	-99
26.03.1998	-99	-99	-99	-99
27.03.1998	-99	-99	-99	-99
28.03.1998	-99	-99	-99	-99
29.03.1998	-99	-99	-99	-99
30.03.1998	-99	-99	-99	-99
31.03.1998	-99	-99	-99	-99
01.04.1998	-99	-99	-99	-99
02.04.1998	-99	-99	-99	-99
03.04.1998	-99	-99	-99	-99
04.04.1998	-99	-99	-99	-99
05.04.1998	-99	-99	-99	-99
06.04.1998	-99	-99	-99	-99
07.04.1998	-99	-99	-99	-99
08.04.1998	-99	-99	-99	-99
09.04.1998	-99	-99	-99	-99
10.04.1998	-99	-99	-99	-99
11.04.1998	-99	-99	-99	-99
12.04.1998	-99	-99	-99	-99
13.04.1998	-99	-99	-99	-99
14.04.1998	-99	-99	-99	-99
15.04.1998	-99	-99	-99	-99
16.04.1998	-99	-99	-99	-99
17.04.1998	-99	-99	-99	-99
18.04.1998	-99	-99	-99	-99
19.04.1998	-99	-99	-99	-99
20.04.1998	-99	-99	-99	-99
21.04.1998	-99	-99	-99	-99
22.04.1998	-99	-99	-99	-99
23.04.1998	-99	-99	-99	-99
24.04.1998	-99	-99	-99	-99
25.04.1998	-99	-99	-99	-99
26.04.1998	-99	-99	-99	-99
27.04.1998	-99	-99	-99	-99
28.04.1998	-99	-99	-99	-99
29.04.1998	-99	-99	-99	-99
30.04.1998	-99	-99	-99	-99
01.05.1998	-99	-99	-99	-99
02.05.1998	-99	-99	-99	-99
03.05.1998	-99	-99	-99	-99
04.05.1998	-99	-99	-99	-99
05.05.1998	-99	-99	-99	-99
06.05.1998	-99	-99	-99	-99
07.05.1998	-99	-99	-99	-99
08.05.1998	-99	-99	-99	-99
09.05.1998	-99	-99	-99	-99
10.05.1998	-99	-99	-99	-99
11.05.1998	-99	-99	-99	-99
12.05.1998	-99	-99	-99	-99
13.05.1998	-99	-99	-99	-99
14.05.1998	-99	-99	-99	-99
15.05.1998	-99	-99	-99	-99
16.05.1998	-99	-99	-99	-99
17.05.1998	-99	-99	-99	-99
18.05.1998	-99	-99	-99	-99
19.05.1998	-99	-99	-99	-99
20.05.1998	-99	-99	-99	-99
21.05.1998	-99	-99	-99	-99
22.05.1998	-99	-99	-99	-99
23.05.1998	-99	-99	-99	-99
24.05.1998	-99	-99	-99	-99
25.05.1998	-99	-99	-99	-99
26.05.1998	-99	-99	-99	-99
27.05.1998	-99	-99	-99	-99
28.05.1998	-99	-99	-99	-99
29.05.1998	-99	-99	-99	-99
30.05.1998	-99	-99	-99	-99
31.05.1998	-99	-99	-99	-99
01.06.1998	-99	-99	-99	-99
02.06.1998	-99	-99	-99	-99
03.06.1998	-99	-99	-99	-99
04.06.1998	-99	-99	-99	-99
05.06.1998	-99	-99	-99	-99
06.06.1998	-99	-99	-99	-99
07.06.1998	-99	-99	-99	-99
08.06.1998	-99	-99	-99	-99
09.06.1998	-99	-99	-99	-99
10.06.1998	-99	-99	-99	-99
11.06.1998	-99	-99	-99	-99
12.06.1998	-99	-99	-99	-99
13.06.1998	-99	-99	-99	-99
14.06.1998	-99	-99	-99	-99
15.06.1998	-99	-99	-99	-99
16.06.1998	-99	-99	-99	-99
17.06.1998	-99	-99	-99	-99
18.06.1998	-99	-99	-99	-99
19.06.1998	-99	-99	-99	-99
20.06.1998	-99	-99	-99	-99
21.06.1998	-99	-99	-99	-99
22.06.1998	-99	-99	-99	-99
23.06.1998	-99	-99	-99	-99
24.06.1998	-99	-99	-99	-99
25.06.1998	-99	-99	-99	-99
26.06.1998	-99	-99	-99	-99
27.06.1998	-99	-99	-99	-99
28.06.1998	-99	-99	-99	-99
29.06.1998	-99	-99	-99	-99
30.06.1998	-99	-99	-99	-99
01.07.1998	-99	-99	-99	-99
02.07.1998	-99	-99	-99	-99
03.07.1998	-99	-99	-99	-99
04.07.1998	-99	-99	-99	-99
05.07.1998	-99	-99	-99	-99
06.07.1998	-99	-99	-99	-99
07.07.1998	-99	-99	-99	-99
08.07.1998	-99	-99	-99	-99
09.07.1998	-99	-99	-99	-99
10.07.1998	-99	-99	-99	-99
11.07.1998	-99	-99	-99	-99
12.07.1998	-99	-99	-99	-99
13.07.1998	-99	-99	-99	-99
14.07.1998	-99	-99	-99	-99
15.07.1998	-99	-99	-99	-99
16.07.1998	-99	-99	-99	-99
17.07.1998	-99	-99	-99	-99
18.07.1998	-99	-99	-99	-99
19.07.1998	-99	-99	-99	-99
20.07.1998	-99	-99	-99	-99
21.07.1998	-99	-99	-99	-99
22.07.1998	-99	-99	-99	-99
23.07.1998	-99	-99	-99	-99
24.07.1998	-99	-99	-99	-99
25.07.1998	-99	-99	-99	-99
26.07.1998	-99	-99	-99	-99
27.07.1998	-99	-99	-99	-99
28.07.1998	-99	-99	-99	-99
29.07.1998	-99	-99	-99	-99
30.07.1998	-99	-99	-99	-99
31.07.1998	-99	-99	-99	-99
01.08.1998	-99	-99	-99	-99
02.08.1998	-99	-99	-99	-99
03.08.1998	-99	-99	-99	-99
04.08.1998	-99	-99	-99	-99
05.08.1998	-99	-99	-99	-99
06.08.1998	-99	-99	-99	-99
07.08.1998	-99	-99	-99	-99
08.08.1998	-99	-99	-99	-99
09.08.1998	-99	-99	-99	-99
10.08.1998	-99	-99	-99	-99
11.08.1998	-99	-99	-99	-99
12.08.1998	-99	-99	-99	-99
13.08.1998	-99	-99	-99	-99
14.08.1998	-99	-99	-99	-99
15.08.1998	-99	-99	-99	-99
16.08.1998	-99	-99	-99	-99
17.08.1998	-99	-99	-99	-99
18.08.1998	-99	-99	-99	-99
19.08.1998	-99	-99	-99	-99
20.08.1998	-99	-99	-99	-99
21.08.1998	-99	-99	-99	-99
22.08.1998	-99	-99	-99	-99
23.08.1998	-99	-99	-99	-99
24.08.1998	-99	-99	-99	-99
25.08.1998	-99	-99	-99	-99
26.08.1998	-99	-99	-99	-99
27.08.1998	-99	-99	-99	-99
28.08.1998	-99	-99	-99	-99
29.08.1998	-99	-99	-99	-99
30.08.1998	-99	-99	-99	-99
31.08.1998	-99	-99	-99	-99
01.09.1998	-99	-99	-99	-99
02.09.1998	-99	-99	-99	-99
03.09.1998	-99	-99	-99	-99
04.09.1998	-99	-99	-99	-99
05.09.1998	-99	-99	-99	-99
06.09.1998	-99	-99	-99	-99
07.09.1998	-99	-99	-99	-99
08.09.1998	-99	-99	-99	-99
09.09.1998	-99	-99	-99	-99
10.09.1998	-99	-99	-99	-99
11.09.1998	-99	-99	-99	-99
12.09.1998	-99	-99	-99	-99
13.09.1998	-99	-99	-99	-99
14.09.1998	-99	-99	-99	-99
15.09.1998	-99	-99	-99	-99
16.09.1998	-99	-99	-99	-99
17.09.1998	-99	-99	-99	-99
18.09.1998	-99	-99	-99	-99
19.09.1998	-99	-99	-99	-99
20.09.1998	-99	-99	-99	-99
21.09.1998	-99	-99	-99	-99
22.09.1998	-99	-99	-99	-99
23.09.1998	-99	-99	-99	-99
24.09.1998	-99	-99	-99	-99
25.09.1998	-99	-99	-99	-99
26.09.1998	-99	-99	-99	-99
27.09.1998	-99	-99	-99	-99
28.09.1998	-99	-99	-99	-99
29.09.1998	-99	-99	-99	-99
30.09.1998	-99	-99	-99	-99
01.10.1998	-99	-99	-99	-99
02.10.1998	-99	-99	-99	-99
03.10.1998	-99	-99	-99	-99
04.10.1998	-99	-99	-99	-99
05.10.1998	-99	-99	-99	-99
06.10.1998	-99	-99	-99	-99
07.10.1998	-99	-99	-99	-99
08.10.1998	-99	-99	-99	-99
09.10.1998	-99	-99	-99	-99
10.10.1998	-99	-99	-99	-99
11.10.1998	-99	-99	-99	-99
12.10.1998	-99	-99	-99	-99
13.10.1998	-99	-99	-99	-99
14.10.1998	-99	-99	-99	-99
15.10.1998	-99	-99	-99	-99
16.10.1998	-99	-99	-99	-99
17.10.1998	-99	-99	-99	-99
18.10.1998	-99	-99	-99	-99
19.10.1998	-99	-99	-99	-99
20.10.1998	-99	-99	-99	-99
21.10.1998	-99	-99	-99	-99
22.10.1998	-99	-99	-99	-99
23.10.1998	-99	-99	-99	-99
24.10.1998	-99	-99	-99	-99
25.10.1998	-99	-99	-99	-99
26.10.1998	-99	-99	-99	-99
27.10.1998	-99	-99	-99	-99
28.10.1998	-99	-99	-99	-99
29.10.1998	-99	-99	-99	-99
30.10.1998	-99	-99	-99	-99
31.10.1998	-99	-99	-99	-99
01.11.1998	-99	-99	-99	-99
02.11.1998	-99	-99	-99	-99
03.11.1998	-99	-99	-99	-99
04.11.1998	-99	-99	-99	-99
05.11.1998	-99	-99	-99	-99
06.11.1998	-99	-99	-99	-99
07.11.1998	-99	-99	-99	-99
08.11.1998	-99	-99	-99	-99
09.11.1998	-99	-99	-99	-99
10.11.1998	-99	-99	-99	-99
11.11.1998	-99	-99	-99	-99
12.11.1998	-99	-99	-99	-99
13.11.1998	-99	-99	-99	-99
14.11.1998	-99	-99	-99	-99
15.11.1998	-99	-99	-99	-99
16.11.1998	-99	-99	-99	-99
17.11.1998	-99	-99	-99	-99
18.11.1998	-99	-99	-99	-99
19.11.1998	-99	-99	-99	-99
20.11.1998	-99	-99	-99	-99
21.11.1998	-99	-99	-99	-99
22.11.1998	-99	-99	-99	-99
23.11.1998	-99	-99	-99	-99
24.11.1998	-99	-99	-99	-99
25.11.1998	-99	-99	-99	-99
26.11.1998	-99	-99	-99	-99
27.11.1998	-99	-99	-99	-99
28.11.1998	-99	-99	-99	-99
29.11.1998	-99	-99	-99	-99
30.11.1998	-99	-99	-99	-99
01.12.1998	-99	-99	-99	-99
02.12.1998	-99	-99	-99	-99
03.12.1998	-99	-99	-99	-99
04.12.1998	-99	-99	-99	-99
05.12.1998	-99	-99	-99	-99
06.12.1998	-99	-99	-99	-99
07.12.1998	-99	-99	-99	-99
08.12.1998	-99	-99	-99	-99
09.12.1998	-99	-99	-99	-99
10.12.1998	-99	-99	-99	-99
11.12.1998	-99	-99	-99	-99
12.12.1998	-99	-99	-99	-99
13.12.1998	-99	-99	-99	-99
14.12.1998	-99	-99	-99	-99
15.12.1998	-99	-99	-99	-99
16.12.1998	-99	-99	-99	-99
17.12.1998	-99	-99	-99	-99
18.12.1998	-99	-99	-99	-99
19.12.1998	-99	-99	-99	-99
20.12.1998	-99	-99	-99	-99
21.12.1998	-99	-99	-99	-99
22.12.1998	-99	-99	-99	-99
23.12.1998	-99	-99	-99	-99
24.12.1998	-99	-99	-99	-99
25.12.1998	-99	-99	-99	-99
26.12.1998	-99	-99	-99	-99
27.12.1998	-99	-99	-99	-99
28.12.1998	-99	-99	-99	-99
29.12.1998	-99	-99	-99	-99
30.12.1998	-99	-99	-99	-99
31.12.1998	-99	-99	-99	-99
01.01.1999	-99	-99	-99	-99
02.01.1999	-99	-99	-99	-99
03.01.1999	-99	-99	-99	-99
04.01.1999	-99	-99	-99	-99
05.01.1999	-99	-99	-99	-99
06.01.1999	-99	-99	-99	-99
07.01.1999	-99	-99	-99	-99
08.01.1999	-99	-99	-99	-99
09.01.1999	-99	-99	-99	-99
10.01.1999	-99	-99	-99	-99
11.01.1999	-99	-99	-99	-99
12.01.1999	-99	-99	-99	-99
13.01.1999	-99	-99	-99	-99
14.01.1999	-99	-99	-99	-99
15.01.1999	-99	-99	-99	-99
16.01.1999	-99	-99	-99	-99
17.01.1999	-99	-99	-99	-99
18.01.1999	-99	-99	-99	-99
19.01.1999	-99	-99	-99	-99
20.01.1999	-99	-99	-99	-99
21.01.1999	-99	-99	-99	-99
22.01.1999	-99	-99	-99	-99
23.01.1999	-99	-99	-99	-99
24.01.1999	-99	-99	-99	-99
25.01.1999	-99	-99	-99	-99
26.01.1999	-99	-99	-99	-99
27.01.1999	-99	-99	-99	-99
28.01.1999	-99	-99	-99	-99
29.01.1999	-99	-99	-99	-99
30.01.1999	-99	-99	-99	-99
31.01.1999	-99	-99	-99	-99
01.02.1999	-99	-99	-99	-99
02.02.1999	-99	-99	-99	-99
03.02.1999	-99	-99	-99	-99
04.02.1999	-99	-99	-99	-99
05.02.1999	-99	-99	-99	-99
06.02.1999	-99	-99	-99	-99
07.02.1999	-99	-99	-99	-99
08.02.1999	-99	-99	-99	-99
09.02.1999	-99	-99	-99	-99
10.02.1999	-99	-99	-99	-99
11.02.1999	-99	-99	-99	-99
12.02.1999	-99	-99	-99	-99
13.02.1999	-99	-99	-99	-99
14.02.1999	-99	-99	-99	-99
15.02.1999	-99	-99	-99	-99
16.02.1999	-99	-99	-99	-99
17.02.1999	-99	-99	-99	-99
18.02.1999	-99	-99	-99	-99
19.02.1999	-99	-99	-99	-99
20.02.1999	-99	-99	-99	-99
21.02.1999	-99	-99	-99	-99
22.02.1999	-99	-99	-99	-99
23.02.1999	-99	-99	-99	-99
24.02.1999	-99	-99	-99	-99
25.02.1999	-99	-99	-99	-99
26.02.1999	-99	-99	-99	-99
27.02.1999	-99	-99	-99	-99
28.02.1999	-99	-99	-99	-99
01.03.1999	-99	-99	-99	-99
02.03.1999	-99	-99	-99	-99
03.03.1999	-99	-99	-99	-99
04.03.1999	-99	-99	-99	-99
05.03.1999	-99	-99	-99	-99
06.03.1999	-99	-99	-99	-99
07.03.1999	-99	-99	-99	-99
08.03.1999	-99	-99	-99	-99
09.03.1999	-99	-99	-99	-99
10.03.1999	-99	-99	-99	-99
11.03.1999	-99	-99	-99	-99
12.03.1999	-99	-99	-99	-99
13.03.1999	-99	-99	-99	-99
14.03.1999	-99	-99	-99	-99
15.03.1999	-99	-99	-99	-99
16.03.1999	-99	-99	-99	-99
17.03.1999	-99	-99	-99	-99
18.03.1999	-99	-99	-99	-99
19.03.1999	-99	-99	-99	-99
20.03.1999	-99	-99	-99	-99
21.03.1999	-99	-99	-99	-99
22.03.1999	-99	-99	-99	-99
23.03.1999	-99	-99	-99	-99
24.03.1999	-99	-99	-99	-99
25.03.1999	-99	-99	-99	-99
26.03.1999	-99	-99	-99	-99
27.03.1999	-99	-99	-99	-99
28.03.1999	-99	-99	-99	-99
29.03.1999	-99	-99	-99	-99
30.03.1999	-99	-99	-99	-99
31.03.1999	-99	-99	-99	-99
01.04.1999	-99	-99	-99	-99
02.04.1999	-99	-99	-99	-99
03.04.1999	-99	-99	-99	-99
04.04.1999	-99	-99	-99	-99
05.04.1999	-99	-99	-99	-99
06.04.1999	-99	-99	-99	-99
07.04.1999	-99	-99	-99	-99
08.04.1999	-99	-99	-99	-99
09.04.1999	-99	-99	-99	-99
10.04.1999	-99	-99	-99	-99
11.04.1999	-99	-99	-99	-99
12.04.1999	-99	-99	-99	-99
13.04.1999	-99	-99	-99	-99
14.04.1999	-99	-99	-99	-99
15.04.1999	-99	-99	-99	-99
16.04.1999	-99	-99	-99	-99
17.04.1999	-99	-99	-99	-99
18.04.1999	-99	-99	-99	-99
19.04.1999	-99	-99	-99	-99
20.04.1999	-99	-99	-99	-99
21.04.1999	-99	-99	-99	-99
22.04.1999	-99	-99	-99	-99
23.04.1999	-99	-99	-99	-99
24.04.1999	-99	-99	-99	-99
25.04.1999	-99	-99	-99	-99
26.04.1999	-99	-99	-99	-99
27.04.1999	-99	-99	-99	-99
28.04.1999	-99	-99	-99	-99
29.04.1999	-99	-99	-99	-99
30.04.1999	-99	-99	-99	-99
01.05.1999	-99	-99	-99	-99
02.05.1999	-99	-99	-99	-99
03.05.1999	-99	-99	-99	-99
04.05.1999	-99	-99	-99	-99
05.05.1999	-99	-99	-99	-99
06.05.1999	-99	-99	-99	-99
07.05.1999	-99	-99	-99	-99
08.05.1999	-99	-99	-99	-99
09.05.1999	-99	-99	-99	-99
10.05.1999	-99	-99	-99	-99
11.05.1999	-99	-99	-99	-99
12.05.1999	-99	-99	-99	-99
13.05.1999	-99	-99	-99	-99
14.05.1999	-99	-99	-99	-99
15.05.1999	-99	-99	-99	-99
16.05.1999	-99	-99	-99	-99
17.05.1999	-99	-99	-99	-99
18.05.1999	-99	-99	-99	-99
19.05.1999	-99	-99	-99	-99
20.05.1999	-99	-99	-99	-99
21.05.1999	-99	-99	-99	-99
22.05.1999	-99	-99	-99	-99
23.05.1999	-99	-99	-99	-99
24.05.1999	-99	-99	-99	-99
25.05.1999	-99	-99	-99	-99
26.05.1999	-99	-99	-99	-99
27.05.1999	-99	-99	-99	-99
28.05.1999	-99	-99	-99	-99
29.05.1999	-99	-99	-99	-99
30.05.1999	-99	-99	-99	-99
31.05.1999	-99	-99	-99	-99
01.06.1999	-99	-99	-99	-99
02.06.1999	-99	-99	-99	-99
03.06.1999	-99	-99	-99	-99
04.06.1999	-99	-99	-99	-99
05.06.1999	-99	-99	-99	-99
06.06.1999	-99	-99	-99	-99
07.06.1999	-99	-99	-99	-99
08.06.1999	-99	-99	-99	-99
09.06.1999	-99	-99	-99	-99
10.06.1999	-99	-99	-99	-99
11.06.1999	-99	-99	-99	-99
12.06.1999	-99	-99	-99	-99
13.06.1999	-99	-99	-99	-99
14.06.1999	-99	-99	-99	-99
15.06.1999	-99	-99	-99	-99
16.06.1999	-99	-99	-99	-99
17.06.1999	-99	-99	-99	-99
18.06.1999	-99	-99	-99	-99
19.06.1999	-99	-99	-99	-99
20.06.1999	-99	-99	-99	-99
21.06.1999	-99	-99	-99	-99
22.06.1999	-99	-99	-99	-99
23.06.1999	-99	-99	-99	-99
24.06.1999	-99	-99	-99	-99
25.06.1999	-99	-99	-99	-99
26.06.1999	-99	-99	-99	-99
27.06.1999	-99	-99	-99	-99
28.06.1999	-99	-99	-99	-99
29.06.1999	-99	-99	-99	-99
30.06.1999	-99	-99	-99	-99
01.07.1999	-99	-99	-99	-99
02.07.1999	-99	-99	-99	-99
03.07.1999	-99	-99	-99	-99
04.07.1999	-99	-99	-99	-99
05.07.1999	-99	-99	-99	-99
06.07.1999	-99	-99	-99	-99
07.07.1999	-99	-99	-99	-99
08.07.1999	-99	-99	-99	-99
09.07.1999	-99	-99	-99	-99
10.07.1999	-99	-99	-99	-99
11.07.1999	-99	-99	-99	-99
12.07.1999	-99	-99	-99	-99
13.07.1999	-99	-99	-99	-99
14.07.1999	-99	-99	-99	-99
15.07.1999	-99	-99	-99	-99
16.07.1999	-99	-99	-99	-99
17.07.1999	-99	-99	-99	-99
18.07.1999	-99	-99	-99	-99
19.07.1999	-99	-99	-99	-99
20.07.1999	-99	-99	-99	-99
21.07.1999	-99	-99	-99	-99
22.07.1999	-99	-99	-99	-99
23.07.1999	-99	-99	-99	-99
24.07.1999	-99	-99	-99	-99
25.07.1999	-99	-99	-99	-99
26.07.1999	-99	-99	-99	-99
27.07.1999	-99	-99	-99	-99
28.07.1999	-99	-99	-99	-99
29.07.1999	-99	-99	-99	-99
30.07.1999	-99	-99	-99	-99
31.07.1999	-99	-99	-99	-99
01.08.1999	-99	-99	-99	-99
02.08.1999	-99	-99	-99	-99
03.08.1999	-99	-99	-99	-99
04.08.1999	-99	-99	-99	-99
05.08.1999	-99	-99	-99	-99
06.08.1999	-99	-99	-99	-99
07.08.1999	-99	-99	-99	-99
08.08.1999	-99	-99	-99	-99
09.08.1999	-99	-99	-99	-99
10.08.1999	-99	-99	-99	-99
11.08.1999	-99	-99	-99	-99
12.08.1999	-99	-99	-99	-99
13.08.1999	-99	-99	-99	-99
14.08.1999	-99	-99	-99	-99
15.08.1999	-99	-99	-99	-99
16.08.1999	-99	-99	-99	-99
17.08.1999	-99	-99	-99	-99
18.08.1999	-99	-99	-99	-99
19.08.1999	-99	-99	-99	-99
20.08.1999	-99	-99	-99	-99
21.08.1999	-99	-99	-99	-99
22.08.1999	-99	-99	-99	-99
23.08.1999	-99	-99	-99	-99
24.08.1999	-99	-99	-99	-99
25.08.1999	-99	-99	-99	-99
26.08.1999	-99	-99	-99	-99
27.08.1999	-99	-99	-99	-99
28.08.1999	-99	-99	-99	-99
29.08.1999	-99	-99	-99	-99
30.08.1999	-99	-99	-99	-99
31.08.1999	-99	-99	-99	-99
01.09.1999	-99	-99	-99	-99
02.09.1999	-99	-99	-99	-99
03.09.1999	-99	-99	-99	-99
04.09.1999	-99	-99	-99	-99
05.09.1999	-99	-99	-99	-99
06.09.1999	-99	-99	-99	-99
07.09.1999	-99	-99	-99	-99
08.09.1999	-99	-99	-99	-99
09.09.1999	-99	-99	-99	-99
10.09.1999	-99	-99	-99	-99
11.09.1999	-99	-99	-99	-99
12.09.1999	-99	-99	-99	-99
13.09.1999	-99	-99	-99	-99
14.09.1999	-99	-99	-99	-99
15.09.1999	-99	-99	-99	-99
16.09.1999	-99	-99	-99	-99
17.09.1999	-99	-99	-99	-99
18.09.1999	-99	-99	-99	-99
19.09.1999	-99	-99	-99	-99
20.09.1999	-99	-99	-99	-99
21.09.1999	-99	-99	-99	-99
22.09.1999	-99	-99	-99	-99
23.09.1999	-99	-99	-99	-99
24.09.1999	-99	-99	-99	-99
25.09.1999	-99	-99	-99	-99
26.09.1999	-99	-99	-99	-99
27.09.1999	-99	-99	-99	-99
28.09.1999	-99	-99	-99	-99
29.09.1999	-99	-99	-99	-99
30.09.1999	-99	-99	-99	-99
01.10.1999	-99	-99	-99	-99
02.10.1999	-99	-99	-99	-99
03.10.1999	-99	-99	-99	-99
04.10.1999	-99	-99	-99	-99
05.10.1999	-99	-99	-99	-99
06.10.1999	-99	-99	-99	-99
07.10.1999	-99	-99	-99	-99
08.10.1999	-99	-99	-99	-99
09.10.1999	-99	-99	-99	-99
10.10.1999	-99	-99	-99	-99
11.10.1999	-99	-99	-99	-99
12.10.1999	-99	-99	-99	-99
13.10.1999	-99	-99	-99	-99
14.10.1999	-99	-99	-99	-99
15.10.1999	-99	-99	-99	-99
16.10.1999	-99	-99	-99	-99
17.10.1999	-99	-99	-99	-99
18.10.1999	-99	-99	-99	-99
19.10.1999	-99	-99	-99	-99
20.10.1999	-99	-99	-99	-99
21.10.1999	-99	-99	-99	-99
22.10.1999	-99	-99	-99	-99
23.10.1999	-99	-99	-99	-99
24.10.1999	-99	-99	-99	-99
25.10.1999	-99	-99	-99	-99
26.10.1999	-99	-99	-99	-99
27.10.1999	-99	-99	-99	-99
28.10.1999	-99	-99	-99	-99
29.10.1999	-99	-99	-99	-99
30.10.1999	-99	-99	-99	-99
31.10.1999	-99	-99	-99	-99
01.11.1999	-99	-99	-99	-99
02.11.1999	-99	-99	-99	-99
03.11.1999	-99	-99	-99	-99
04.11.1999	-99	-99	-99	-99
05.11.1999	-99	-99	-99	-99
06.11.1999	-99	-99	-99	-99
07.11.1999	-99	-99	-99	-99
08.11.1999	-99	-99	-99	-99
09.11.1999	-99	-99	-99	-99
10.11.1999	-99	-99	-99	-99
11.11.1999	-99	-99	-99	-99
12.11.1999	-99	-99	-99	-99
13.11.1999	-99	-99	-99	-99
14.11.1999	-99	-99	-99	-99
15.11.1999	-99	-99	-99	-99
16.11.1999	-99	-99	-99	-99
17.11.1999	-99	-99	-99	-99
18.11.1999	-99	-99	-99	-99
19.11.1999	-99	-99	-99	-99
20.11.1999	-99	-99	-99	-99
21.11.1999	-99	-99	-99	-99
22.11.1999	-99	-99	-99	-99
23.11.1999	-99	-99	-99	-99
24.11.1999	-99	-99	-99	-99
25.11.1999	-99	-99	-99	-99
26.11.1999	-99	-99	-99	-99
27.11.1999	-99	-99	-99	-99
28.11.1999	-99	-99	-99	-99
29.11.1999	-99	-99	-99	-99
30.11.1999	-99	-99	-99	-99
01.12.1999	-99	-99	-99	-99
02.12.1999	-99	-99	-99	-99
03.12.1999	-99	-99	-99	-99
04.12.1999	-99	-99	-99	-99
05.12.1999	-99	-99	-99	-99
06.12.1999	-99	-99	-99	-99
07.12.1999	-99	-99	-99	-99
08.12.1999	-99	-99	-99	-99
09.12.1999	-99	-99	-99	-99
10.12.1999	-99	-99	-99	-99
11.12.1999	-99	-99	-99	-99
12.12.1999	-99	-99	-99	-99
13.12.1999	-99	-99	-99	-99
14.12.1999	-99	-99	-99	-99
15.12.1999	-99	-99	-99	-99
16.12.1999	-99	-99	-99	-99
17.12.1999	-99	-99	-99	-99
18.12.1999	-99	-99	-99	-99
19.12.1999	-99	-99	-99	-99
20.12.1999	-99	-99	-99	-99
21.12.1999	-99	-99	-99	-99
22.12.1999	-99	-99	-99	-99
23.12.1999	-99	-99	-99	-99
24.12.1999	-99	-99	-99	-99
25.12.1999	-99	-99	-99	-99
26.12.1999	-99	-99	-99	-99
27.12.1999	-99	-99	-99	-99
28.12.1999	-99	-99	-99	-99
29.12.1999	-99	-99	-99	-99
30.12.1999	-99	-99	-99	-99
31.12.1999	-99	-99	-99	-99
01.01.2000	-99	-99	-99	-99
02.01.2000	-99	-99	-99	-99
03.01.2000	-99	-99	-99	-99
04.01.2000	-99	-99	-99	-99
05.01.2000	-99	-99	-99	-99
06.01.2000	-99	-99	-99	-99
07.01.2000	-99	-99	-99	-99
08.01.2000	-99	-99	-99	-99
09.01.2000	-99	-99	-99	-99
10.01.2000	-99	-99	-99	-99
11.01.2000	-99	-99	-99	-99
12.01.2000	-99	-99	-99	-99
13.01.2000	-99	-99	-99	-99
14.01.2000	-99	-99	-99	-99
15.01.2000	-99	-99	-99	-99
16.01.2000	-99	-99	-99	-99
17.01.2000	-99	-99	-99	-99
18.01.2000	-99	-99	-99	-99
19.01.2000	-99	-99	-99	-99
20.01.2000	-99	-99	-99	-99
21.01.2000	-99	-99	-99	-99
22.01.2000	-99	-99	-99	-99
23.01.2000	-99	-99	-99	-99
24.01.2000	-99	-99	-99	-99
25.01.2000	-99	-99	-99	-99
26.01.2000	-99	-99	-99	-99
27.01.2000	-99	-99	-99	-99
28.01.2000	-99	-99	-99	-99
29.01.2000	-99	-99	-99	-99
30.01.2000	-99	-99	-99	-99
31.01.2000	-99	-99	-99	-99
01.02.2000	-99	-99	-99	-99
02.02.2000	-99	-99	-99	-99
03.02.2000	-99	-99	-99	-99
04.02.2000	-99	-99	-99	-99
05.02.2000	-99	-99	-99	-99
06.02.2000	-99	-99	-99	-99
07.02.2000	-99	-99	-99	-99
08.02.2000	-99	-99	-99	-99
09.02.2000	-99	-99	-99	-99
10.02.2000	-99	-99	-99	-99
11.02.2000	-99	-99	-99	-99
12.02.2000	-99	-99	-99	-99
13.02.2000	-99	-99	-99	-99
14.02.2000	-99	-99	-99	-99
15.02.2000	-99	-99	-99	-99
16.02.2000	-99	-99	-99	-99
17.02.2000	-99	-99	-99	-99
18.02.2000	-99	-99	-99	-99
19.02.2000	-99	-99	-99	-99
20.02.2000	-99	-99	-99	-99
21.02.2000	-99	-99	-99	-99
22.02.2000	-99	-99	-99	-99
23.02.2000	-99	-99	-99	-99
24.02.2000	-99	-99	-99	-99
25.02.2000	-99	-99	-99	-99
26.02.2000	-99	-99	-99	-99
27.02.2000	-99	-99	-99	-99
28.02.2000	-99	-99	-99	-99
29.02.2000	-99	-99	-99	-99
01.03.2000	-99	-99	-99	-99
02.03.2000	-99	-99	-99	-99
03.03.2000	-99	-99	-99	-99
04.03.2000	-99	-99	-99	-99
05.03.2000	-99	-99	-99	-99
06.03.2000	-99	-99	-99	-99
07.03.2000	-99	-99	-99	-99
08.03.2000	-99	-99	-99	-99
09.03.2000	-99	-99	-99	-99
10.03.2000	-99	-99	-99	-99
11.03.2000	-99	-99	-99	-99
12.03.2000	-99	-99	-99	-99
13.03.2000	-99	-99	-99	-99
14.03.2000	-99	-99	-99	-99
15.03.2000	-99	-99	-99	-99
16.03.2000	-99	-99	-99	-99
17.03.2000	-99	-99	-99	-99
18.03.2000	-99	-99	-99	-99
19.03.2000	-99	-99	-99	-99
20.03.2000	-99	-99	-99	-99
21.03.2000	-99	-99	-99	-99
22.03.2000	-99	-99	-99	-99
23.03.2000	-99	-99	-99	-99
24.03.2000	-99	-99	-99	-99
25.03.2000	-99	-99	-99	-99
26.03.2000	-99	-99	-99	-99
27.03.2000	-99	-99	-99	-99
28.03.2000	-99	-99	-99	-99
29.03.2000	-99	-99	-99	-99
30.03.2000	-99	-99	-99	-99
31.03.2000	-99	-99	-99	-99
01.04.2000	-99	-99	-99	-99
02.04.2000	-99	-99	-99	-99
03.04.2000	-99	-99	-99	-99
04.04.2000	-99	-99	-99	-99
05.04.2000	-99	-99	-99	-99
06.04.2000	-99	-99	-99	-99
07.04.2000	-99	-99	-99	-99
08.04.2000	-99	-99	-99	-99
09.04.2000	-99	-99	-99	-99
10.04.2000	-99	-99	-99	-99
11.04.2000	-99	-99	-99	-99
12.04.2000	-99	-99	-99	-99
13.04.2000	-99	-99	-99	-99
14.04.2000	-99	-99	-99	-99
15.04.2000	-99	-99	-99	-99
16.04.2000	-99	-99	-99	-99
17.04.2000	-99	-99	-99	-99
18.04.2000	-99	-99	-99	-99
19.04.2000	-99	-99	-99	-99
20.04.2000	-99	-99	-99	-99
21.04.2000	-99	-99	-99	-99
22.04.2000	-99	-99	-99	-99
23.04.2000	-99	-99	-99	-99
24.04.2000	-99	-99	-99	-99
25.04.2000	-99	-99	-99	-99
26.04.2000	-99	-99	-99	-99
27.04.2000	-99	-99	-99	-99
28.04.2000	-99	-99	-99	-99
29.04.2000	-99	-99	-99	-99
30.04.2000	-99	-99	-99	-99
01.05.2000	-99	-99	-99	-99
02.05.2000	-99	-99	-99	-99
03.05.2000	-99	-99	-99	-99
04.05.2000	-99	-99	-99	-99
05.05.2000	-99	-99	-99	-99
06.05.2000	-99	-99	-99	-99
07.05.2000	-99	-99	-99	-99
08.05.2000	-99	-99	-99	-99
09.05.2000	-99	-99	-99	-99
10.05.2000	-99	-99	-99	-99
11.05.2000	-99	-99	-99	-99
12.05.2000	-99	-99	-99	-99
13.05.2000	-99	-99	-99	-99
14.05.2000	-99	-99	-99	-99
15.05.2000	-99	-99	-99	-99
16.05.2000	-99	-99	-99	-99
17.05.2000	-99	-99	-99	-99
18.05.2000	-99	-99	-99	-99
19.05.2000	-99	-99	-99	-99
20.05.2000	-99	-99	-99	-99
21.05.2000	-99	-99	-99	-99
22.05.2000	-99	-99	-99	-99
23.05.2000	-99	-99	-99	-99
24.05.2000	-99	-99	-99	-99
25.05.2000	-99	-99	-99	-99
26.05.2000	-99	-99	-99	-99
27.05.2000	-99	-99	-99	-99
28.05.2000	-99	-99	-99	-99
29.05.2000	-99	-99	-99	-99
30.05.2000	-99	-99	-99	-99
31.05.2000	-99	-99	-99	-99
01.06.2000	-99	-99	-99	-99
02.06.2000	-99	-99	-99	-99
03.06.2000	-99	-99	-99	-99
04.06.2000	-99	-99	-99	-99
05.06.2000	-99	-99	-99	-99
06.06.2000	-99	-99	-99	-99
07.06.2000	-99	-99	-99	-99
08.06.2000	-99	-99	-99	-99
09.06.2000	-99	-99	-99	-99
10.06.2000	-99	-99	-99	-99
11.06.2000	-99	-99	-99	-99
12.06.2000	-99	-99	-99	-99
13.06.2000	-99	-99	-99	-99
14.06.2000	-99	-99	-99	-99
15.06.2000	-99	-99	-99	-99
16.06.2000	-99	-99	-99	-99
17.06.2000	-99	-99	-99	-99
18.06.2000	-99	-99	-99	-99
19.06.2000	-99	-99	-99	-99
20.06.2000	-99	-99	-99	-99
21.06.2000	-99	-99	-99	-99
22.06.2000	-99	-99	-99	-99
23.06.2000	-99	-99	-99	-99
24.06.2000	-99	-99	-99	-99
25.06.2000	-99	-99	-99	-99
26.06.2000	-99	-99	-99	-99
27.06.2000	-99	-99	-99	-99
28.06.2000	-99	-99	-99	-99
29.06.2000	-99	-99	-99	-99
30.06.2000	-99	-99	-99	-99
01.07.2000	-99	-99	-99	-99
02.07.2000	-99	-99	-99	-99
03.07.2000	-99	-99	-99	-99
04.07.2000	-99	-99	-99	-99
05.07.2000	-99	-99	-99	-99
06.07.2000	-99	-99	-99	-99
07.07.2000	-99	-99	-99	-99
08.07.2000	-99	-99	-99	-99
09.07.2000	-99	-99	-99	-99
10.07.2000	-99	-99	-99	-99
11.07.2000	-99	-99	-99	-99
12.07.2000	-99	-99	-99	-99
13.07.2000	-99	-99	-99	-99
14.07.2000	-99	-99	-99	-99
15.07.2000	-99	-99	-99	-99
16.07.2000	-99	-99	-99	-99
17.07.2000	-99	-99	-99	-99
18.07.2000	-99	-99	-99	-99
19.07.2000	-99	-99	-99	-99
20.07.2000	-99	-99	-99	-99
21.07.2000	-99	-99	-99	-99
22.07.2000	-99	-99	-99	-99
23.07.2000	-99	-99	-99	-99
24.07.2000	-99	-99	-99	-99
25.07.2000	-99	-99	-99	-99
26.07.2000	-99	-99	-99	-99
27.07.2000	-99	-99	-99	-99
28.07.2000	-99	-99	-99	-99
29.07.2000	-99	-99	-99	-99
30.07.2000	-99	-99	-99	-99
31.07.2000	-99	-99	-99	-99
01.08.2000	-99	-99	-99	-99
02.08.2000	-99	-99	-99	-99
03.08.2000	-99	-99	-99	-99
04.08.2000	-99	-99	-99	-99
05.08.2000	-99	-99	-99	-99
06.08.2000	-99	-99	-99	-99
07.08.2000	-99	-99	-99	-99
08.08.2000	-99	-99	-99	-99
09.08.2000	-99	-99	-99	-99
10.08.2000	-99	-99	-99	-99
11.08.2000	-99	-99	-99	-99
12.08.2000	-99	-99	-99	-99
13.08.2000	-99	-99	-99	-99
14.08.2000	-99	-99	-99	-99
15.08.2000	-99	-99	-99	-99
16.08.2000	-99	-99	-99	-99
17.08.2000	-99	-99	-99	-99
18.08.2000	-99	-99	-99	-99
19.08.2000	-99	-99	-99	-99
20.08.2000	-99	-99	-99	-99
21.08.2000	-99	-99	-99	-99
22.08.2000	-99	-99	-99	-99
23.08.2000	-99	-99	-99	-99
24.08.2000	-99	-99	-99	-99
25.08.2000	-99	-99	-99	-99
26.08.2000	-99	-99	-99	-99
27.08.2000	-99	-99	-99	-99
28.08.2000	-99	-99	-99	-99
29.08.2000	-99	-99	-99	-99
30.08.2000	-99	-99	-99	-99
31.08.2000	-99	-99	-99	-99
01.09.2000	-99	-99	-99	-99
02.09.2000	-99	-99	-99	-99
03.09.2000	-99	-99	-99	-99
04.09.2000	-99	-99	-99	-99
05.09.2000	-99	-99	-99	-99
06.09.2000	-99	-99	-99	-99
07.09.2000	-99	-99	-99	-99
08.09.2000	-99	-99	-99	-99
09.09.2000	-99	-99	-99	-99
10.09.2000	-99	-99	-99	-99
11.09.2000	-99	-99	-99	-99
12.09.2000	-99	-99	-99	-99
13.09.2000	-99	-99	-99	-99
14.09.2000	-99	-99	-99	-99
15.09.2000	-99	-99	-99	-99
16.09.2000	-99	-99	-99	-99
17.09.2000	-99	-99	-99	-99
18.09.2000	-99	-99	-99	-99
19.09.2000	-99	-99	-99	-99
20.09.2000	-99	-99	-99	-99
21.09.2000	-99	-99	-99	-99
22.09.2000	-99	-99	-99	-99
23.09.2000	-99	-99	-99	-99
24.09.2000	-99	-99	-99	-99
25.09.2000	-99	-99	-99	-99
26.09.2000	-99	-99	-99	-99
27.09.2000	-99	-99	-99	-99
28.09.2000	-99	-99	-99	-99
29.09.2000	-99	-99	-99	-99
30.09.2000	-99	-99	-99	-99
01.10.2000	-99	-99	-99	-99
02.10.2000	-99	-99	-99	-99
03.10.2000	-99	-99	-99	-99
04.10.2000	-99	-99	-99	-99
05.10.2000	-99	-99	-99	-99
06.10.2000	-99	-99	-99	-99
07.10.2000	-99	-99	-99	-99
08.10.2000	-99	-99	-99	-99
09.10.2000	-99	-99	-99	-99
10.10.2000	-99	-99	-99	-99
11.10.2000	-99	-99	-99	-99
12.10.2000	-99	-99	-99	-99
13.10.2000	-99	-99	-99	-99
14.10.2000	-99	-99	-99	-99
15.10.2000	-99	-99	-99	-99
16.10.2000	-99	-99	-99	-99
17.10.2000	-99	-99	-99	-99
18.10.2000	-99	-99	-99	-99
19.10.2000	-99	-99	-99	-99
20.10.2000	-99	-99	-99	-99
21.10.2000	-99	-99	-99	-99
22.10.2000	-99	-99	-99	-99
23.10.2000	-99	-99	-99	-99
24.10.2000	-99	-99	-99	-99
25.10.2000	-99	-99	-99	-99
26.10.2000	-99	-99	-99	-99
27.10.2000	-99	-99	-99	-99
28.10.2000	-99	-99	-99	-99
29.10.2000	-99	-99	-99	-99
30.10.2000	-99	-99	-99	-99
31.10.2000	-99	-99	-99	-99
01.11.2000	-99	-99	-99	-99
02.11.2000	-99	-99	-99	-99
03.11.2000	-99	-99	-99	-99
04.11.2000	-99	-99	-99	-99
05.11.2000	-99	-99	-99	-99
06.11.2000	-99	-99	-99	-99
07.11.2000	-99	-99	-99	-99
08.11.2000	-99	-99	-99	-99
09.11.2000	-99	-99	-99	-99
10.11.2000	-99	-99	-99	-99
11.11.2000	-99	-99	-99	-99
12.11.2000	-99	-99	-99	-99
13.11.2000	-99	-99	-99	-99
14.11.2000	-99	-99	-99	-99
15.11.2000	-99	-99	-99	-99
16.11.2000	-99	-99	-99	-99
17.11.2000	-99	-99	-99	-99
18.11.2000	-99	-99	-99	-99
19.11.2000	-99	-99	-99	-99
20.11.2000	-99	-99	-99	-99
21.11.2000	-99	-99	-99	-99
22.11.2000	-99	-99	-99	-99
23.11.2000	-99	-99	-99	-99
24.11.2000	-99	-99	-99	-99
25.11.2000	-99	-99	-99	-99
26.11.2000	-99	-99	-99	-99
27.11.2000	-99	-99	-99	-99
28.11.2000	-99	-99	-99	-99
29.11.2000	-99	-99	-99	-99
30.11.2000	-99	-99	-99	-99
01.12.2000	-99	-99	-99	-99
02.12.2000	-99	-99	-99	-99
03.12.2000	-99	-99	-99	-99
04.12.2000	-99	-99	-99	-99
05.12.2000	-99	-99	-99	-99
06.12.2000	-99	-99	-99	-99
07.12.2000	-99	-99	-99	-99
08.12.2000	-99	-99	-99	-99
09.12.2000	-99	-99	-99	-99
10.12.2000	-99	-99	-99	-99
11.12.2000	-99	-99	-99	-99
12.12.2000	-99	-99	-99	-99
13.12.2000	-99	-99	-99	-99
14.12.2000	-99	-99	-99	-99
15.12.2000	-99	-99	-99	-99
16.12.2000	-99	-99	-99	-99
17.12.2000	-99	-99	-99	-99
18.12.2000	-99	-99	-99	-99
19.12.2000	-99	-99	-99	-99
20.12.2000	-99	-99	-99	-99
21.12.2000	-99	-99	-99	-99
22.12.2000	-99	-99	-99	-99
23.12.2000	-99	-99	-99	-99
24.12.2000	-99	-99	-99	-99
25.12.2000	-99	-99	-99	-99
26.12.2000	-99	-99	-99	-99
27.12.2000	-99	-99	-99	-99
28.12.2000	-99	-99	-99	-99
29.12.2000	-99	-99	-99	-99
30.12.2000	-99	-99	-99	-99
31.12.2000	-99	-99	-99	-99
01.01.2001	-99	-99	-99	-99
02.01.2001	-99	-99	-99	-99
03.01.2001	-99	-99	-99	-99
04.01.2001	-99	-99	-99	-99
05.01.2001	-99	-99	-99	-99
06.01.2001	-99	-99	-99	-99
07.01.2001	-99	-99	-99	-99
08.01.2001	-99	-99	-99	-99
09.01.2001	-99	-99	-99	-99
10.01.2001	-99	-99	-99	-99
11.01.2001	-99	-99	-99	-99
12.01.2001	-99	-99	-99	-99
13.01.2001	-99	-99	-99	-99
14.01.2001	-99	-99	-99	-99
15.01.2001	-99	-99	-99	-99
16.01.2001	-99	-99	-99	-99
17.01.2001	-99	-99	-99	-99
18.01.2001	-99	-99	-99	-99
19.01.2001	-99	-99	-99	-99
20.01.2001	-99	-99	-99	-99
21.01.2001	-99	-99	-99	-99
22.01.2001	-99	-99	-99	-99
23.01.2001	-99	-99	-99	-99
24.01.2001	-99	-99	-99	-99
25.01.2001	-99	-99	-99	-99
26.01.2001	-99	-99	-99	-99
27.01.2001	-99	-99	-99	-99
28.01.2001	-99	-99	-99	-99
29.01.2001	-99	-99	-99	-99
30.01.2001	-99	-99	-99	-99
31.01.2001	-99	-99	-99	-99
01.02.2001	-99	-99	-99	-99
02.02.2001	-99	-99	-99	-99
03.02.2001	-99	-99	-99	-99
04.02.2001	-99	-99	-99	-99
05.02.2001	-99	-99	-99	-99
06.02.2001	-99	-99	-99	-99
07.02.2001	-99	-99	-99	-99
08.02.2001	-99	-99	-99	-99
09.02.2001	-99	-99	-99	-99
10.02.2001	-99	-99	-99	-99
11.02.2001	-99	-99	-99	-99
12.02.2001	-99	-99	-99	-99
13.02.2001	-99	-99	-99	-99
14.02.2001	-99	-99	-99	-99
15.02.2001	-99	-99	-99	-99
16.02.2001	-99	-99	-99	-99
17.02.2001	-99	-99	-99	-99
18.02.2001	-99	-99	-99	-99
19.02.2001	-99	-99	-99	-99
20.02.2001	-99	-99	-99	-99
21.02.2001	-99	-99	-99	-99
22.02.2001	-99	-99	-99	-99
23.02.2001	-99	-99	-99	-99
24.02.2001	-99	-99	-99	-99
25.02.2001	-99	-99	-99	-99
26.02.2001	-99	-99	-99	-99
27.02.2001	-99	-99	-99	-99
28.02.2001	-99	-99	-99	-99
01.03.2001	-99	-99	-99	-99
02.03.2001	-99	-99	-99	-99
03.03.2001	-99	-99	-99	-99
04.03.2001	-99	-99	-99	-99
05.03.2001	-99	-99	-99	-99
06.03.2001	-99	-99	-99	-99
07.03.2001	-99	-99	-99	-99
08.03.2001	-99	-99	-99	-99
09.03.2001	-99	-99	-99	-99
10.03.2001	-99	-99	-99	-99
11.03.2001	-99	-99	-99	-99
12.03.2001	-99	-99	-99	-99
13.03.2001	-99	-99	-99	-99
14.03.2001	-99	-99	-99	-99
15.03.2001	-99	-99	-99	-99
16.03.2001	-99	-99	-99	-99
17.03.2001	-99	-99	-99	-99
18.03.2001	-99	-99	-99	-99
19.03.2001	-99	-99	-99	-99
20.03.2001	-99	-99	-99	-99
21.03.2001	-99	-99	-99	-99
22.03.2001	-99	-99	-99	-99
23.03.2001	-99	-99	-99	-99
24.03.2001	-99	-99	-99	-99
25.03.2001	-99	-99	-99	-99
26.03.2001	-99	-99	-99	-99
27.03.2001	-99	-99	-99	-99
28.03.2001	-99	-99	-99	-99
29.03.2001	-99	-99	-99	-99
30.03.2001	-99	-99	-99	-99
31.03.2001	-99	-99	-99	-99
01.04.2001	-99	-99	-99	-99
02.04.2001	-99	-99	-99	-99
03.04.2001	-99	-99	-99	-99
04.04.2001	-99	-99	-99	-99
05.04.2001	-99	-99	-99	-99
06.04.2001	-99	-99	-99	-99
07.04.2001	-99	-99	-99	-99
08.04.2001	-99	-99	-99	-99
09.04.2001	-99	-99	-99	-99
10.04.2001	-99	-99	-99	-99
11.04.2001	-99	-99	-99	-99
12.04.2001	-99	-99	-99	-99
13.04.2001	-99	-99	-99	-99
14.04.2001	-99	-99	-99	-99
15.04.2001	-99	-99	-99	-99
16.04.2001	-99	-99	-99	-99
17.04.2001	-99	-99	-99	-99
18.04.2001	-99	-99	-99	-99
19.04.2001	-99	-99	-99	-99
20.04.2001	-99	-99	-99	-99
21.04.2001	-99	-99	-99	-99
22.04.2001	-99	-99	-99	-99
23.04.2001	-99	-99	-99	-99
24.04.2001	-99	-99	-99	-99
25.04.2001	-99	-99	-99	-99
26.04.2001	-99	-99	-99	-99
27.04.2001	-99	-99	-99	-99
28.04.2001	-99	-99	-99	-99
29.04.2001	-99	-99	-99	-99
30.04.2001	-99	-99	-99	-99
01.05.2001	-99	-99	-99	-99
02.05.2001	-99	-99	-99	-99
03.05.2001	-99	-99	-99	-99
04.05.2001	-99	-99	-99	-99
05.05.2001	-99	-99	-99	-99
06.05.2001	-99	-99	-99	-99
07.05.2001	-99	-99	-99	-99
08.05.2001	-99	-99	-99	-99
09.05.2001	-99	-99	-99	-99
10.05.2001	-99	-99	-99	-99
11.05.2001	-99	-99	-99	-99
12.05.2001	-99	-99	-99	-99
13.05.2001	-99	-99	-99	-99
14.05.2001	-99	-99	-99	-99
15.05.2001	-99	-99	-99	-99
16.05.2001	-99	-99	-99	-99
17.05.2001	-99	-99	-99	-99
18.05.2001	-99	-99	-99	-99
19.05.2001	-99	-99	-99	-99
20.05.2001	-99	-99	-99	-99
21.05.2001	-99	-99	-99	-99
22.05.2001	-99	-99	-99	-99
23.05.2001	-99	-99	-99	-99
24.05.2001	-99	-99	-99	-99
25.05.2001	-99	-99	-99	-99
26.05.2001	-99	-99	-99	-99
27.05.2001	-99	-99	-99	-99
28.05.2001	-99	-99	-99	-99
29.05.2001	-99	-99	-99	-99
30.05.2001	-99	-99	-99	-99
31.05.2001	-99	-99	-99	-99
01.06.2001	-99	-99	-99	-99
02.06.2001	-99	-99	-99	-99
03.06.2001	-99	-99	-99	-99
04.06.2001	-99	-99	-99	-99
05.06.2001	-99	-99	-99	-99
06.06.2001	-99	-99	-99	-99
07.06.2001	-99	-99	-99	-99
08.06.2001	-99	-99	-99	-99
09.06.2001	-99	-99	-99	-99
10.06.2001	-99	-99	-99	-99
11.06.2001	-99	-99	-99	-99
12.06.2001	-99	-99	-99	-99
13.06.2001	-99	-99	-99	-99
14.06.2001	-99	-99	-99	-99
15.06.2001	-99	-99	-99	-99
16.06.2001	-99	-99	-99	-99
17.06.2001	-99	-99	-99	-99
18.06.2001	-99	-99	-99	-99
19.06.2001	-99	-99	-99	-99
20.06.2001	-99	-99	-99	-99
21.06.2001	-99	-99	-99	-99
22.06.2001	-99	-99	-99	-99
23.06.2001	-99	-99	-99	-99
24.06.2001	-99	-99	-99	-99
25.06.2001	-99	-99	-99	-99
26.06.2001	-99	-99	-99	-99
27.06.2001	-99	-99	-99	-99
28.06.2001	-99	-99	-99	-99
29.06.2001	-99	-99	-99	-99
30.06.2001	-99	-99	-99	-99
01.07.2001	-99	-99	-99	-99
02.07.2001	-99	-99	-99	-99
03.07.2001	-99	-99	-99	-99
04.07.2001	-99	-99	-99	-99
05.07.2001	-99	-99	-99	-99
06.07.2001	-99	-99	-99	-99
07.07.2001	-99	-99	-99	-99
08.07.2001	-99	-99	-99	-99
09.07.2001	-99	-99	-99	-99
10.07.2001	-99	-99	-99	-99
11.07.2001	-99	-99	-99	-99
12.07.2001	-99	-99	-99	-99
13.07.2001	-99	-99	-99	-99
14.07.2001	-99	-99	-99	-99
15.07.2001	-99	-99	-99	-99
16.07.2001	-99	-99	-99	-99
17.07.2001	-99	-99	-99	-99
18.07.2001	-99	-99	-99	-99
19.07.2001	-99	-99	-99	-99
20.07.2001	-99	-99	-99	-99
21.07.2001	-99	-99	-99	-99
22.07.2001	-99	-99	-99	-99
23.07.2001	-99	-99	-99	-99
24.07.2001	-99	-99	-99	-99
25.07.2001	-99	-99	-99	-99
26.07.2001	-99	-99	-99	-99
27.07.2001	-99	-99	-99	-99
28.07.2001	-99	-99	-99	-99
29.07.2001	-99	-99	-99	-99
30.07.2001	-99	-99	-99	-99
31.07.2001	-99	-99	-99	-99
01.08.2001	-99	-99	-99	-99
02.08.2001	-99	-99	-99	-99
03.08.2001	-99	-99	-99	-99
04.08.2001	-99	-99	-99	-99
05.08.2001	-99	-99	-99	-99
06.08.2001	-99	-99	-99	-99
07.08.2001	-99	-99	-99	-99
08.08.2001	-99	-99	-99	-99
09.08.2001	-99	-99	-99	-99
10.08.2001	-99	-99	-99	-99
11.08.2001	-99	-99	-99	-99
12.08.2001	-99	-99	-99	-99
13.08.2001	-99	-99	-99	-99
14.08.2001	-99	-99	-99	-99
15.08.2001	-99	-99	-99	-99
16.08.2001	-99	-99	-99	-99
17.08.2001	-99	-99	-99	-99
18.08.2001	-99	-99	-99	-99
19.08.2001	-99	-99	-99	-99
20.08.2001	-99	-99	-99	-99
21.08.2001	-99	-99	-99	-99
22.08.2001	-99	-99	-99	-99
23.08.2001	-99	-99	-99	-99
24.08.2001	-99	-99	-99	-99
25.08.2001	-99	-99	-99	-99
26.08.2001	-99	-99	-99	-99
27.08.2001	-99	-99	-99	-99
28.08.2001	-99	-99	-99	-99
29.08.2001	-99	-99	-99	-99
30.08.2001	-99	-99	-99	-99
31.08.2001	-99	-99	-99	-99
01.09.2001	-99	-99	-99	-99
02.09.2001	-99	-99	-99	-99
03.09.2001	-99	-99	-99	-99
04.09.2001	-99	-99	-99	-99
05.09.2001	-99	-99	-99	-99
06.09.2001	-99	-99	-99	-99
07.09.2001	-99	-99	-99	-99
08.09.2001	-99	-99	-99	-99
09.09.2001	-99	-99	-99	-99
10.09.2001	-99	-99	-99	-99
11.09.2001	-99	-99	-99	-99
12.09.2001	-99	-99	-99	-99
13.09.2001	-99	-99	-99	-99
14.09.2001	-99	-99	-99	-99
15.09.2001	-99	-99	-99	-99
16.09.2001	-99	-99	-99	-99
17.09.2001	-99	-99	-99	-99
18.09.2001	-99	-99	-99	-99
19.09.2001	-99	-99	-99	-99
20.09.2001	-99	-99	-99	-99
21.09.2001	-99	-99	-99	-99
22.09.2001	-99	-99	-99	-99
23.09.2001	-99	-99	-99	-99
24.09.2001	-99	-99	-99	-99
25.09.2001	-99	-99	-99	-99
26.09.2001	-99	-99	-99	-99
27.09.2001	-99	-99	-99	-99
28.09.2001	-99	-99	-99	-99
29.09.2001	-99	-99	-99	-99
30.09.2001	-99	-99	-99	-99
01.10.2001	-99	-99	-99	-99
02.10.2001	-99	-99	-99	-99
03.10.2001	-99	-99	-99	-99
04.10.2001	-99	-99	-99	-99
05.10.2001	-99	-99	-99	-99
06.10.2001	-99	-99	-99	-99
07.10.2001	-99	-99	-99	-99
08.10.2001	-99	-99	-99	-99
09.10.2001	-99	-99	-99	-99
10.10.2001	-99	-99	-99	-99
11.10.2001	-99	-99	-99	-99
12.10.2001	-99	-99	-99	-99
13.10.2001	-99	-99	-99	-99
14.10.2001	-99	-99	-99	-99
15.10.2001	-99	-99	-99	-99
16.10.2001	-99	-99	-99	-99
17.10.2001	-99	-99	-99	-99
18.10.2001	-99	-99	-99	-99
19.10.2001	-99	-99	-99	-99
20.10.2001	-99	-99	-99	-99
21.10.2001	-99	-99	-99	-99
22.10.2001	-99	-99	-99	-99
23.10.2001	-99	-99	-99	-99
24.10.2001	-99	-99	-99	-99
25.10.2001	-99	-99	-99	-99
26.10.2001	-99	-99	-99	-99
27.10.2001	-99	-99	-99	-99
28.10.2001	-99	-99	-99	-99
29.10.2001	-99	-99	-99	-99
30.10.2001	-99	-99	-99	-99
31.10.2001	-99	-99	-99	-99
01.11.2001	-99	-99	-99	-99
02.11.2001	-99	-99	-99	-99
03.11.2001	-99	-99	-99	-99
04.11.2001	-99	-99	-99	-99
05.11.2001	-99	-99	-99	-99
06.11.2001	-99	-99	-99	-99
07.11.2001	-99	-99	-99	-99
08.11.2001	-99	-99	-99	-99
09.11.2001	-99	-99	-99	-99
10.11.2001	-99	-99	-99	-99
11.11.2001	-99	-99	-99	-99
12.11.2001	-99	-99	-99	-99
13.11.2001	-99	-99	-99	-99
14.11.2001	-99	-99	-99	-99
15.11.2001	-99	-99	-99	-99
16.11.2001	-99	-99	-99	-99
17.11.2001	-99	-99	-99	-99
18.11.2001	-99	-99	-99	-99
19.11.2001	-99	-99	-99	-99
20.11.2001	-99	-99	-99	-99
21.11.2001	-99	-99	-99	-99
22.11.2001	-99	-99	-99	-99
23.11.2001	-99	-99	-99	-99
24.11.2001	-99	-99	-99	-99
25.11.2001	-99	-99	-99	-99
26.11.2001	-99	-99	-99	-99
27.11.2001	-99	-99	-99	-99
28.11.2001	-99	-99	-99	-99
29.11.2001	-99	-99	-99	-99
30.11.2001	-99	-99	-99	-99
01.12.2001	-99	-99	-99	-99
02.12.2001	-99	-99	-99	-99
03.12.2001	-99	-99	-99	-99
04.12.2001	-99	-99	-99	-99
05.12.2001	-99	-99	-99	-99
06.12.2001	-99	-99	-99	-99
07.12.2001	-99	-99	-99	-99
08.12.2001	-99	-99	-99	-99
09.12.2001	-99	-99	-99	-99
10.12.2001	-99	-99	-99	-99
11.12.2001	-99	-99	-99	-99
12.12.2001	-99	-99	-99	-99
13.12.2001	-99	-99	-99	-99
14.12.2001	-99	-99	-99	-99
15.12.2001	-99	-99	-99	-99
16.12.2001	-99	-99	-99	-99
17.12.2001	-99	-99	-99	-99
18.12.2001	-99	-99	-99	-99
19.12.2001	-99	-99	-99	-99
20.12.2001	-99	-99	-99	-99
21.12.2001	-99	-99	-99	-99
22.12.2001	-99	-99	-99	-99
23.12.2001	-99	-99	-99	-99
24.12.2001	-99	-99	-99	-99
25.12.2001	-99	-99	-99	-99
26.12.2001	-99	-99	-99	-99
27.12.2001	-99	-99	-99	-99
28.12.2001	-99	-99	-99	-99
29.12.2001	-99	-99	-99	-99
30.12.2001	-99	-99	-99	-99
31.12.2001	-99	-99	-99	-99
01.01.2002	-99	-99	-99	-99
02.01.2002	-99	-99	-99	-99
03.01.2002	-99	-99	-99	-99
04.01.2002	-99	-99	-99	-99
05.01.2002	-99	-99	-99	-99
06.01.2002	-99	-99	-99	-99
07.01.2002	-99	-99	-99	-99
08.01.2002	-99	-99	-99	-99
09.01.2002	-99	-99	-99	-99
10.01.2002	-99	-99	-99	-99
11.01.2002	-99	-99	-99	-99
12.01.2002	-99	-99	-99	-99
13.01.2002	-99	-99	-99	-99
14.01.2002	-99	-99	-99	-99
15.01.2002	-99	-99	-99	-99
16.01.2002	-99	-99	-99	-99
17.01.2002	-99	-99	-99	-99
18.01.2002	-99	-99	-99	-99
19.01.2002	-99	-99	-99	-99
20.01.2002	-99	-99	-99	-99
21.01.2002	-99	-99	-99	-99
22.01.2002	-99	-99	-99	-99
23.01.2002	-99	-99	-99	-99
24.01.2002	-99	-99	-99	-99
25.01.2002	-99	-99	-99	-99
26.01.2002	-99	-99	-99	-99
27.01.2002	-99	-99	-99	-99
28.01.2002	-99	-99	-99	-99
29.01.2002	-99	-99	-99	-99
30.01.2002	-99	-99	-99	-99
31.01.2002	-99	-99	-99	-99
01.02.2002	-99	-99	-99	-99
02.02.2002	-99	-99	-99	-99
03.02.2002	-99	-99	-99	-99
04.02.2002	-99	-99	-99	-99
05.02.2002	-99	-99	-99	-99
06.02.2002	-99	-99	-99	-99
07.02.2002	-99	-99	-99	-99
08.02.2002	-99	-99	-99	-99
09.02.2002	-99	-99	-99	-99
10.02.2002	-99	-99	-99	-99
11.02.2002	-99	-99	-99	-99
12.02.2002	-99	-99	-99	-99
13.02.2002	-99	-99	-99	-99
14.02.2002	-99	-99	-99	-99
15.02.2002	-99	-99	-99	-99
16.02.2002	-99	-99	-99	-99
17.02.2002	-99	-99	-99	-99
18.02.2002	-99	-99	-99	-99
19.02.2002	-99	-99	-99	-99
20.02.2002	-99	-99	-99	-99
21.02.2002	-99	-99	-99	-99
22.02.2002	-99	-99	-99	-99
23.02.2002	-99	-99	-99	-99
24.02.2002	-99	-99	-99	-99
25.02.2002	-99	-99	-99	-99
26.02.2002	-99	-99	-99	-99
27.02.2002	-99	-99	-99	-99
28.02.2002	-99	-99	-99	-99
01.03.2002	-99	-99	-99	-99
02.03.2002	-99	-99	-99	-99
03.03.2002	-99	-99	-99	-99
04.03.2002	-99	-99	-99	-99
05.03.2002	-99	-99	-99	-99
06.03.2002	-99	-99	-99	-99
07.03.2002	-99	-99	-99	-99
08.03.2002	-99	-99	-99	-99
09.03.2002	-99	-99	-99	-99
10.03.2002	-99	-99	-99	-99
11.03.2002	-99	-99	-99	-99
12.03.2002	-99	-99	-99	-99
13.03.2002	-99	-99	-99	-99
14.03.2002	-99	-99	-99	-99
15.03.2002	-99	-99	-99	-99
16.03.2002	-99	-99	-99	-99
17.03.2002	-99	-99	-99	-99
18.03.2002	-99	-99	-99	-99
19.03.2002	-99	-99	-99	-99
20.03.2002	-99	-99	-99	-99
21.03.2002	-99	-99	-99	-99
22.03.2002	-99	-99	-99	-99
23.03.2002	-99	-99	-99	-99
24.03.2002	-99	-99	-99	-99
25.03.2002	-99	-99	-99	-99
26.03.2002	-99	-99	-99	-99
27.03.2002	-99	-99	-99	-99
28.03.2002	-99	-99	-99	-99
29.03.2002	-99	-99	-99	-99
30.03.2002	-99	-99	-99	-99
31.03.2002	-99	-99	-99	-99
01.04.2002	-99	-99	-99	-99
02.04.2002	-99	-99	-99	-99
03.04.2002	-99	-99	-99	-99
04.04.2002	-99	-99	-99	-99
05.04.2002	-99	-99	-99	-99
06.04.2002	-99	-99	-99	-99
07.04.2002	-99	-99	-99	-99
08.04.2002	-99	-99	-99	-99
09.04.2002	-99	-99	-99	-99
10.04.2002	-99	-99	-99	-99
11.04.2002	-99	-99	-99	-99
12.04.2002	-99	-99	-99	-99
13.04.2002	-99	-99	-99	-99
14.04.2002	-99	-99	-99	-99
15.04.2002	-99	-99	-99	-99
16.04.2002	-99	-99	-99	-99
17.04.2002	-99	-99	-99	-99
18.04.2002	-99	-99	-99	-99
19.04.2002	-99	-99	-99	-99
20.04.2002	-99	-99	-99	-99
21.04.2002	-99	-99	-99	-99
22.04.2002	-99	-99	-99	-99
23.04.2002	-99	-99	-99	-99
24.04.2002	-99	-99	-99	-99
25.04.2002	-99	-99	-99	-99
26.04.2002	-99	-99	-99	-99
27.04.2002	-99	-99	-99	-99
28.04.2002	-99	-99	-99	-99
29.04.2002	-99	-99	-99	-99
30.04.2002	-99	-99	-99	-99
01.05.2002	-99	-99	-99	-99
02.05.2002	-99	-99	-99	-99
03.05.2002	-99	-99	-99	-99
04.05.2002	-99	-99	-99	-99
05.05.2002	-99	-99	-99	-99
06.05.2002	-99	-99	-99	-99
07.05.2002	-99	-99	-99	-99
08.05.2002	-99	-99	-99	-99
09.05.2002	-99	-99	-99	-99
10.05.2002	-99	-99	-99	-99
11.05.2002	-99	-99	-99	-99
12.05.2002	-99	-99	-99	-99
13.05.2002	-99	-99	-99	-99
14.05.2002	-99	-99	-99	-99
15.05.2002	-99	-99	-99	-99
16.05.2002	-99	-99	-99	-99
17.05.2002	-99	-99	-99	-99
18.05.2002	-99	-99	-99	-99
19.05.2002	-99	-99	-99	-99
20.05.2002	-99	-99	-99	-99
21.05.2002	-99	-99	-99	-99
22.05.2002	-99	-99	-99	-99
23.05.2002	-99	-99	-99	-99
24.05.2002	-99	-99	-99	-99
25.05.2002	-99	-99	-99	-99
26.05.2002	-99	-99	-99	-99
27.05.2002	-99	-99	-99	-99
28.05.2002	-99	-99	-99	-99
29.05.2002	-99	-99	-99	-99
30.05.2002	-99	-99	-99	-99
31.05.2002	-99	-99	-99	-99
01.06.2002	-99	-99	-99	-99
02.06.2002	-99	-99	-99	-99
03.06.2002	-99	-99	-99	-99
04.06.2002	-99	-99	-99	-99
05.06.2002	-99	-99	-99	-99
06.06.2002	-99	-99	-99	-99
07.06.2002	-99	-99	-99	-99
08.06.2002	-99	-99	-99	-99
09.06.2002	-99	-99	-99	-99
10.06.2002	-99	-99	-99	-99
11.06.2002	-99	-99	-99	-99
12.06.2002	-99	-99	-99	-99
13.06.2002	-99	-99	-99	-99
14.06.2002	-99	-99	-99	-99
15.06.2002	-99	-99	-99	-99
16.06.2002	-99	-99	-99	-99
17.06.2002	-99	-99	-99	-99
18.06.2002	-99	-99	-99	-99
19.06.2002	-99	-99	-99	-99
20.06.2002	-99	-99	-99	-99
21.06.2002	-99	-99	-99	-99
22.06.2002	-99	-99	-99	-99
23.06.2002	-99	-99	-99	-99
24.06.2002	-99	-99	-99	-99
25.06.2002	-99	-99	-99	-99
26.06.2002	-99	-99	-99	-99
27.06.2002	-99	-99	-99	-99
28.06.2002	-99	-99	-99	-99
29.06.2002	-99	-99	-99	-99
30.06.2002	-99	-99	-99	-99
01.07.2002	-99	-99	-99	-99
02.07.2002	-99	-99	-99	-99
03.07.2002	-99	-99	-99	-99
04.07.2002	-99	-99	-99	-99
05.07.2002	-99	-99	-99	-99
06.07.2002	-99	-99	-99	-99
07.07.2002	-99	-99	-99	-99
08.07.2002	-99	-99	-99	-99
09.07.2002	-99	-99	-99	-99
10.07.2002	-99	-99	-99	-99
11.07.2002	-99	-99	-99	-99
12.07.2002	-99	-99	-99	-99
13.07.2002	-99	-99	-99	-99
14.07.2002	-99	-99	-99	-99
15.07.2002	-99	-99	-99	-99
16.07.2002	-99	-99	-99	-99
17.07.2002	-99	-99	-99	-99
18.07.2002	-99	-99	-99	-99
19.07.2002	-99	-99	-99	-99
20.07.2002	-99	-99	-99	-99
21.07.2002	-99	-99	-99	-99
22.07.2002	-99	-99	-99	-99
23.07.2002	-99	-99	-99	-99
24.07.2002	-99	-99	-99	-99
25.07.2002	-99	-99	-99	-99
26.07.2002	-99	-99	-99	-99
27.07.2002	-99	-99	-99	-99
28.07.2002	-99	-99	-99	-99
29.07.2002	-99	-99	-99	-99
30.07.2002	-99	-99	-99	-99
31.07.2002	-99	-99	-99	-99
01.08.2002	-99	-99	-99	-99
02.08.2002	-99	-99	-99	-99
03.08.2002	-99	-99	-99	-99
04.08.2002	-99	-99	-99	-99
05.08.2002	-99	-99	-99	-99
06.08.2002	-99	-99	-99	-99
07.08.2002	-99	-99	-99	-99
08.08.2002	-99	-99	-99	-99
09.08.2002	-99	-99	-99	-99
10.08.2002	-99	-99	-99	-99
11.08.2002	-99	-99	-99	-99
12.08.2002	-99	-99	-99	-99
13.08.2002	-99	-99	-99	-99
14.08.2002	-99	-99	-99	-99
15.08.2002	-99	-99	-99	-99
16.08.2002	-99	-99	-99	-99
17.08.2002	-99	-99	-99	-99
18.08.2002	-99	-99	-99	-99
19.08.2002	-99	-99	-99	-99
20.08.2002	-99	-99	-99	-99
21.08.2002	-99	-99	-99	-99
22.08.2002	-99	-99	-99	-99
23.08.2002	-99	-99	-99	-99
24.08.2002	-99	-99	-99	-99
25.08.2002	-99	-99	-99	-99
26.08.2002	-99	-99	-99	-99
27.08.2002	-99	-99	-99	-99
28.08.2002	-99	-99	-99	-99
29.08.2002	-99	-99	-99	-99
30.08.2002	-99	-99	-99	-99
31.08.2002	-99	-99	-99	-99
01.09.2002	-99	-99	-99	-99
02.09.2002	-99	-99	-99	-99
03.09.2002	-99	-99	-99	-99
04.09.2002	-99	-99	-99	-99
05.09.2002	-99	-99	-99	-99
06.09.2002	-99	-99	-99	-99
07.09.2002	-99	-99	-99	-99
08.09.2002	-99	-99	-99	-99
09.09.2002	-99	-99	-99	-99
10.09.2002	-99	-99	-99	-99
11.09.2002	-99	-99	-99	-99
12.09.2002	-99	-99	-99	-99
13.09.2002	-99	-99	-99	-99
14.09.2002	-99	-99	-99	-99
15.09.2002	-99	-99	-99	-99
16.09.2002	-99	-99	-99	-99
17.09.2002	-99	-99	-99	-99
18.09.2002	-99	-99	-99	-99
19.09.2002	-99	-99	-99	-99
20.09.2002	-99	-99	-99	-99
21.09.2002	-99	-99	-99	-99
22.09.2002	-99	-99	-99	-99
23.09.2002	-99	-99	-99	-99
24.09.2002	-99	-99	-99	-99
25.09.2002	-99	-99	-99	-99
26.09.2002	-99	-99	-99	-99
27.09.2002	-99	-99	-99	-99
28.09.2002	-99	-99	-99	-99
29.09.2002	-99	-99	-99	-99
30.09.2002	-99	-99	-99	-99
01.10.2002	-99	-99	-99	-99
02.10.2002	-99	-99	-99	-99
03.10.2002	-99	-99	-99	-99
04.10.2002	-99	-99	-99	-99
05.10.2002	-99	-99	-99	-99
06.10.2002	-99	-99	-99	-99
07.10.2002	-99	-99	-99	-99
08.10.2002	-99	-99	-99	-99
09.10.2002	-99	-99	-99	-99
10.10.2002	-99	-99	-99	-99
11.10.2002	-99	-99	-99	-99
12.10.2002	-99	-99	-99	-99
13.10.2002	-99	-99	-99	-99
14.10.2002	-99	-99	-99	-99
15.10.2002	-99	-99	-99	-99
16.10.2002	-99	-99	-99	-99
17.10.2002	-99	-99	-99	-99
18.10.2002	-99	-99	-99	-99
19.10.2002	-99	-99	-99	-99
20.10.2002	-99	-99	-99	-99
21.10.2002	-99	-99	-99	-99
22.10.2002	-99	-99	-99	-99
23.10.2002	-99	-99	-99	-99
24.10.2002	-99	-99	-99	-99
25.10.2002	-99	-99	-99	-99
26.10.2002	-99	-99	-99	-99
27.10.2002	-99	-99	-99	-99
28.10.2002	-99	-99	-99	-99
29.10.2002	-99	-99	-99	-99
30.10.2002	-99	-99	-99	-99
31.10.2002	-99	-99	-99	-99
01.11.2002	-99	-99	-99	-99
02.11.2002	-99	-99	-99	-99
03.11.2002	-99	-99	-99	-99
04.11.2002	-99	-99	-99	-99
05.11.2002	-99	-99	-99	-99
06.11.2002	-99	-99	-99	-99
07.11.2002	-99	-99	-99	-99
08.11.2002	-99	-99	-99	-99
09.11.2002	-99	-99	-99	-99
10.11.2002	-99	-99	-99	-99
11.11.2002	-99	-99	-99	-99
12.11.2002	-99	-99	-99	-99
13.11.2002	-99	-99	-99	-99
14.11.2002	-99	-99	-99	-99
15.11.2002	-99	-99	-99	-99
16.11.2002	-99	-99	-99	-99
17.11.2002	-99	-99	-99	-99
18.11.2002	-99	-99	-99	-99
19.11.2002	-99	-99	-99	-99
20.11.2002	-99	-99	-99	-99
21.11.2002	-99	-99	-99	-99
22.11.2002	-99	-99	-99	-99
23.11.2002	-99	-99	-99	-99
24.11.2002	-99	-99	-99	-99
25.11.2002	-99	-99	-99	-99
26.11.2002	-99	-99	-99	-99
27.11.2002	-99	-99	-99	-99
28.11.2002	-99	-99	-99	-99
29.11.2002	-99	-99	-99	-99
30.11.2002	-99	-99	-99	-99
01.12.2002	-99	-99	-99	-99
02.12.2002	-99	-99	-99	-99
03.12.2002	-99	-99	-99	-99
04.12.2002	-99	-99	-99	-99
05.12.2002	-99	-99	-99	-99
06.12.2002	-99	-99	-99	-99
07.12.2002	-99	-99	-99	-99
08.12.2002	-99	-99	-99	-99
09.12.2002	-99	-99	-99	-99
10.12.2002	-99	-99	-99	-99
11.12.2002	-99	-99	-99	-99
12.12.2002	-99	-99	-99	-99
13.12.2002	-99	-99	-99	-99
14.12.2002	-99	-99	-99	-99
15.12.2002	-99	-99	-99	-99
16.12.2002	-99	-99	-99	-99
17.12.2002	-99	-99	-99	-99
18.12.2002	-99	-99	-99	-99
19.12.2002	-99	-99	-99	-99
20.12.2002	-99	-99	-99	-99
21.12.2002	-99	-99	-99	-99
22.12.2002	-99	-99	-99	-99
23.12.2002	-99	-99	-99	-99
24.12.2002	-99	-99	-99	-99
25.12.2002	-99	-99	-99	-99
26.12.2002	-99	-99	-99	-99
27.12.2002	-99	-99	-99	-99
28.12.2002	-99	-99	-99	-99
29.12.2002	-99	-99	-99	-99
30.12.2002	-99	-99	-99	-99
31.12.2002	-99	-99	-99	-99
01.01.2003	-99	-99	-99	-99
02.01.2003	-99	-99	-99	-99
03.01.2003	-99	-99	-99	-99
04.01.2003	-99	-99	-99	-99
05.01.2003	-99	-99	-99	-99
06.01.2003	-99	-99	-99	-99
07.01.2003	-99	-99	-99	-99
08.01.2003	-99	-99	-99	-99
09.01.2003	-99	-99	-99	-99
10.01.2003	-99	-99	-99	-99
11.01.2003	-99	-99	-99	-99
12.01.2003	-99	-99	-99	-99
13.01.2003	-99	-99	-99	-99
14.01.2003	-99	-99	-99	-99
15.01.2003	-99	-99	-99	-99
16.01.2003	-99	-99	-99	-99
17.01.2003	-99	-99	-99	-99
18.01.2003	-99	-99	-99	-99
19.01.2003	-99	-99	-99	-99
20.01.2003	-99	-99	-99	-99
21.01.2003	-99	-99	-99	-99
22.01.2003	-99	-99	-99	-99
23.01.2003	-99	-99	-99	-99
24.01.2003	-99	-99	-99	-99
25.01.2003	-99	-99	-99	-99
26.01.2003	-99	-99	-99	-99
27.01.2003	-99	-99	-99	-99
28.01.2003	-99	-99	-99	-99
29.01.2003	-99	-99	-99	-99
30.01.2003	-99	-99	-99	-99
31.01.2003	-99	-99	-99	-99
01.02.2003	-99	-99	-99	-99
02.02.2003	-99	-99	-99	-99
03.02.2003	-99	-99	-99	-99
04.02.2003	-99	-99	-99	-99
05.02.2003	-99	-99	-99	-99
06.02.2003	-99	-99	-99	-99
07.02.2003	-99	-99	-99	-99
08.02.2003	-99	-99	-99	-99
09.02.2003	-99	-99	-99	-99
10.02.2003	-99	-99	-99	-99
11.02.2003	-99	-99	-99	-99
12.02.2003	-99	-99	-99	-99
13.02.2003	-99	-99	-99	-99
14.02.2003	-99	-99	-99	-99
15.02.2003	-99	-99	-99	-99
16.02.2003	-99	-99	-99	-99
17.02.2003	-99	-99	-99	-99
18.02.2003	-99	-99	-99	-99
19.02.2003	-99	-99	-99	-99
20.02.2003	-99	-99	-99	-99
21.02.2003	-99	-99	-99	-99
22.02.2003	-99	-99	-99	-99
23.02.2003	-99	-99	-99	-99
24.02.2003	-99	-99	-99	-99
25.02.2003	-99	-99	-99	-99
26.02.2003	-99	-99	-99	-99
27.02.2003	-99	-99	-99	-99
28.02.2003	-99	-99	-99	-99
01.03.2003	-99	-99	-99	-99
02.03.2003	-99	-99	-99	-99
03.03.2003	-99	-99	-99	-99
04.03.2003	-99	-99	-99	-99
05.03.2003	-99	-99	-99	-99
06.03.2003	-99	-99	-99	-99
07.03.2003	-99	-99	-99	-99
08.03.2003	-99	-99	-99	-99
09.03.2003	-99	-99	-99	-99
10.03.2003	-99	-99	-99	-99
11.03.2003	-99	-99	-99	-99
12.03.2003	-99	-99	-99	-99
13.03.2003	-99	-99	-99	-99
14.03.2003	-99	-99	-99	-99
15.03.2003	-99	-99	-99	-99
16.03.2003	-99	-99	-99	-99
17.03.2003	-99	-99	-99	-99
18.03.2003	-99	-99	-99	-99
19.03.2003	-99	-99	-99	-99
20.03.2003	-99	-99	-99	-99
21.03.2003	-99	-99	-99	-99
22.03.2003	-99	-99	-99	-99
23.03.2003	-99	-99	-99	-99
24.03.2003	-99	-99	-99	-99
25.03.2003	-99	-99	-99	-99
26.03.2003	-99	-99	-99	-99
27.03.2003	-99	-99	-99	-99
28.03.2003	-99	-99	-99	-99
29.03.2003	-99	-99	-99	-99
30.03.2003	-99	-99	-99	-99
31.03.2003	-99	-99	-99	-99
01.04.2003	-99	-99	-99	-99
02.04.2003	-99	-99	-99	-99
03.04.2003	-99	-99	-99	-99
04.04.2003	-99	-99	-99	-99
05.04.2003	-99	-99	-99	-99
06.04.2003	-99	-99	-99	-99
07.04.2003	-99	-99	-99	-99
08.04.2003	-99	-99	-99	-99
09.04.2003	-99	-99	-99	-99
10.04.2003	-99	-99	-99	-99
11.04.2003	-99	-99	-99	-99
12.04.2003	-99	-99	-99	-99
13.04.2003	-99	-99	-99	-99
14.04.2003	-99	-99	-99	-99
15.04.2003	-99	-99	-99	-99
16.04.2003	-99	-99	-99	-99
17.04.2003	-99	-99	-99	-99
18.04.2003	-99	-99	-99	-99
19.04.2003	-99	-99	-99	-99
20.04.2003	-99	-99	-99	-99
21.04.2003	-99	-99	-99	-99
22.04.2003	-99	-99	-99	-99
23.04.2003	-99	-99	-99	-99
24.04.2003	-99	-99	-99	-99
25.04.2003	-99	-99	-99	-99
26.04.2003	-99	-99	-99	-99
27.04.2003	-99	-99	-99	-99
28.04.2003	-99	-99	-99	-99
29.04.2003	-99	-99	-99	-99
30.04.2003	-99	-99	-99	-99
01.05.2003	-99	-99	-99	-99
02.05.2003	-99	-99	-99	-99
03.05.2003	-99	-99	-99	-99
04.05.2003	-99	-99	-99	-99
05.05.2003	-99	-99	-99	-99
06.05.2003	-99	-99	-99	-99
07.05.2003	-99	-99	-99	-99
08.05.2003	-99	-99	-99	-99
09.05.2003	-99	-99	-99	-99
10.05.2003	-99	-99	-99	-99
11.05.2003	-99	-99	-99	-99
12.05.2003	-99	-99	-99	-99
13.05.2003	-99	-99	-99	-99
14.05.2003	-99	-99	-99	-99
15.05.2003	-99	-99	-99	-99
16.05.2003	-99	-99	-99	-99
17.05.2003	-99	-99	-99	-99
18.05.2003	-99	-99	-99	-99
19.05.2003	-99	-99	-99	-99
20.05.2003	-99	-99	-99	-99
21.05.2003	-99	-99	-99	-99
22.05.2003	-99	-99	-99	-99
23.05.2003	-99	-99	-99	-99
24.05.2003	-99	-99	-99	-99
25.05.2003	-99	-99	-99	-99
26.05.2003	-99	-99	-99	-99
27.05.2003	-99	-99	-99	-99
28.05.2003	-99	-99	-99	-99
29.05.2003	-99	-99	-99	-99
30.05.2003	-99	-99	-99	-99
31.05.2003	-99	-99	-99	-99
01.06.2003	-99	-99	-99	-99
02.06.2003	-99	-99	-99	-99
03.06.2003	-99	-99	-99	-99
04.06.2003	-99	-99	-99	-99
05.06.2003	-99	-99	-99	-99
06.06.2003	-99	-99	-99	-99
07.06.2003	-99	-99	-99	-99
08.06.2003	-99	-99	-99	-99
09.06.2003	-99	-99	-99	-99
10.06.2003	-99	-99	-99	-99
11.06.2003	-99	-99	-99	-99
12.06.2003	-99	-99	-99	-99
13.06.2003	-99	-99	-99	-99
14.06.2003	-99	-99	-99	-99
15.06.2003	-99	-99	-99	-99
16.06.2003	-99	-99	-99	-99
17.06.2003	-99	-99	-99	-99
18.06.2003	-99	-99	-99	-99
19.06.2003	-99	-99	-99	-99
20.06.2003	-99	-99	-99	-99
21.06.2003	-99	-99	-99	-99
22.06.2003	-99	-99	-99	-99
23.06.2003	-99	-99	-99	-99
24.06.2003	-99	-99	-99	-99
25.06.2003	-99	-99	-99	-99
26.06.2003	-99	-99	-99	-99
27.06.2003	-99	-99	-99	-99
28.06.2003	-99	-99	-99	-99
29.06.2003	-99	-99	-99	-99
30.06.2003	-99	-99	-99	-99
01.07.2003	-99	-99	-99	-99
02.07.2003	-99	-99	-99	-99
03.07.2003	-99	-99	-99	-99
04.07.2003	-99	-99	-99	-99
05.07.2003	-99	-99	-99	-99
06.07.2003	-99	-99	-99	-99
07.07.2003	-99	-99	-99	-99
08.07.2003	-99	-99	-99	-99
09.07.2003	-99	-99	-99	-99
10.07.2003	-99	-99	-99	-99
11.07.2003	-99	-99	-99	-99
12.07.2003	-99	-99	-99	-99
13.07.2003	-99	-99	-99	-99
14.07.2003	-99	-99	-99	-99
15.07.2003	-99	-99	-99	-99
16.07.2003	-99	-99	-99	-99
17.07.2003	-99	-99	-99	-99
18.07.2003	-99	-99	-99	-99
19.07.2003	-99	-99	-99	-99
20.07.2003	-99	-99	-99	-99
21.07.2003	-99	-99	-99	-99
22.07.2003	-99	-99	-99	-99
23.07.2003	-99	-99	-99	-99
24.07.2003	-99	-99	-99	-99
25.07.2003	-99	-99	-99	-99
26.07.2003	-99	-99	-99	-99
27.07.2003	-99	-99	-99	-99
28.07.2003	-99	-99	-99	-99
29.07.2003	-99	-99	-99	-99
30.07.2003	-99	-99	-99	-99
31.07.2003	-99	-99	-99	-99
01.08.2003	-99	-99	-99	-99
02.08.2003	-99	-99	-99	-99
03.08.2003	-99	-99	-99	-99
04.08.2003	-99	-99	-99	-99
05.08.2003	-99	-99	-99	-99
06.08.2003	-99	-99	-99	-99
07.08.2003	-99	-99	-99	-99
08.08.2003	-99	-99	-99	-99
09.08.2003	-99	-99	-99	-99
10.08.2003	-99	-99	-99	-99
11.08.2003	-99	-99	-99	-99
12.08.2003	-99	-99	-99	-99
13.08.2003	-99	-99	-99	-99
14.08.2003	-99	-99	-99	-99
15.08.2003	-99	-99	-99	-99
16.08.2003	-99	-99	-99	-99
17.08.2003	-99	-99	-99	-99
18.08.2003	-99	-99	-99	-99
19.08.2003	-99	-99	-99	-99
20.08.2003	-99	-99	-99	-99
21.08.2003	-99	-99	-99	-99
22.08.2003	-99	-99	-99	-99
23.08.2003	-99	-99	-99	-99
24.08.2003	-99	-99	-99	-99
25.08.2003	-99	-99	-99	-99
26.08.2003	-99	-99	-99	-99
27.08.2003	-99	-99	-99	-99
28.08.2003	-99	-99	-99	-99
29.08.2003	-99	-99	-99	-99
30.08.2003	-99	-99	-99	-99
31.08.2003	-99	-99	-99	-99
01.09.2003	-99	-99	-99	-99
02.09.2003	-99	-99	-99	-99
03.09.2003	-99	-99	-99	-99
04.09.2003	-99	-99	-99	-99
05.09.2003	-99	-99	-99	-99
06.09.2003	-99	-99	-99	-99
07.09.2003	-99	-99	-99	-99
08.09.2003	-99	-99	-99	-99
09.09.2003	-99	-99	-99	-99
10.09.2003	-99	-99	-99	-99
11.09.2003	-99	-99	-99	-99
12.09.2003	-99	-99	-99	-99
13.09.2003	-99	-99	-99	-99
14.09.2003	-99	-99	-99	-99
15.09.2003	-99	-99	-99	-99
16.09.2003	-99	-99	-99	-99
17.09.2003	-99	-99	-99	-99
18.09.2003	-99	-99	-99	-99
19.09.2003	-99	-99	-99	-99
20.09.2003	-99	-99	-99	-99
21.09.2003	-99	-99	-99	-99
22.09.2003	-99	-99	-99	-99
23.09.2003	-99	-99	-99	-99
24.09.2003	-99	-99	-99	-99
25.09.2003	-99	-99	-99	-99
26.09.2003	-99	-99	-99	-99
27.09.2003	-99	-99	-99	-99
28.09.2003	-99	-99	-99	-99
29.09.2003	-99	-99	-99	-99
30.09.2003	-99	-99	-99	-99
01.10.2003	-99	-99	-99	-99
02.10.2003	-99	-99	-99	-99
03.10.2003	-99	-99	-99	-99
04.10.2003	-99	-99	-99	-99
05.10.2003	-99	-99	-99	-99
06.10.2003	-99	-99	-99	-99
07.10.2003	-99	-99	-99	-99
08.10.2003	-99	-99	-99	-99
09.10.2003	-99	-99	-99	-99
10.10.2003	-99	-99	-99	-99
11.10.2003	-99	-99	-99	-99
12.10.2003	-99	-99	-99	-99
13.10.2003	-99	-99	-99	-99
14.10.2003	-99	-99	-99	-99
15.10.2003	-99	-99	-99	-99
16.10.2003	-99	-99	-99	-99
17.10.2003	-99	-99	-99	-99
18.10.2003	-99	-99	-99	-99
19.10.2003	-99	-99	-99	-99
20.10.2003	-99	-99	-99	-99
21.10.2003	-99	-99	-99	-99
22.10.2003	-99	-99	-99	-99
23.10.2003	-99	-99	-99	-99
24.10.2003	-99	-99	-99	-99
25.10.2003	-99	-99	-99	-99
26.10.2003	-99	-99	-99	-99
27.10.2003	-99	-99	-99	-99
28.10.2003	-99	-99	-99	-99
29.10.2003	-99	-99	-99	-99
30.10.2003	-99	-99	-99	-99
31.10.2003	-99	-99	-99	-99
01.11.2003	-99	-99	-99	-99
02.11.2003	-99	-99	-99	-99
03.11.2003	-99	-99	-99	-99
04.11.2003	-99	-99	-99	-99
05.11.2003	-99	-99	-99	-99
06.11.2003	-99	-99	-99	-99
07.11.2003	-99	-99	-99	-99
08.11.2003	-99	-99	-99	-99
09.11.2003	-99	-99	-99	-99
10.11.2003	-99	-99	-99	-99
11.11.2003	-99	-99	-99	-99
12.11.2003	-99	-99	-99	-99
13.11.2003	-99	-99	-99	-99
14.11.2003	-99	-99	-99	-99
15.11.2003	-99	-99	-99	-99
16.11.2003	-99	-99	-99	-99
17.11.2003	-99	-99	-99	-99
18.11.2003	-99	-99	-99	-99
19.11.2003	-99	-99	-99	-99
20.11.2003	-99	-99	-99	-99
21.11.2003	-99	-99	-99	-99
22.11.2003	-99	-99	-99	-99
23.11.2003	-99	-99	-99	-99
24.11.2003	-99	-99	-99	-99
25.11.2003	-99	-99	-99	-99
26.11.2003	-99	-99	-99	-99
27.11.2003	-99	-99	-99	-99
28.11.2003	-99	-99	-99	-99
29.11.2003	-99	-99	-99	-99
30.11.2003	-99	-99	-99	-99
01.12.2003	-99	-99	-99	-99
02.12.2003	-99	-99	-99	-99
03.12.2003	-99	-99	-99	-99
04.12.2003	-99	-99	-99	-99
05.12.2003	-99	-99	-99	-99
06.12.2003	-99	-99	-99	-99
07.12.2003	-99	-99	-99	-99
08.12.2003	-99	-99	-99	-99
09.12.2003	-99	-99	-99	-99
10.12.2003	-99	-99	-99	-99
11.12.2003	-99	-99	-99	-99
12.12.2003	-99	-99	-99	-99
13.12.2003	-99	-99	-99	-99
14.12.2003	-99	-99	-99	-99
15.12.2003	-99	-99	-99	-99
16.12.2003	-99	-99	-99	-99
17.12.2003	-99	-99	-99	-99
18.12.2003	-99	-99	-99	-99
19.12.2003	-99	-99	-99	-99
20.12.2003	-99	-99	-99	-99
21.12.2003	-99	-99	-99	-99
22.12.2003	-99	-99	-99	-99
23.12.2003	-99	-99	-99	-99
24.12.2003	-99	-99	-99	-99
25.12.2003	-99	-99	-99	-99
26.12.2003	-99	-99	-99	-99
27.12.2003	-99	-99	-99	-99
28.12.2003	-99	-99	-99	-99
29.12.2003	-99	-99	-99	-99
30.12.2003	-99	-99	-99	-99
31.12.2003	-99	-99	-99	-99
01.01.2004	-99	-99	-99	-99
02.01.2004	-99	-99	-99	-99
03.01.2004	-99	-99	-99	-99
04.01.2004	-99	-99	-99	-99
05.01.2004	-99	-99	-99	-99
06.01.2004	-99	-99	-99	-99
07.01.2004	-99	-99	-99	-99
08.01.2004	-99	-99	-99	-99
09.01.2004	-99	-99	-99	-99
10.01.2004	-99	-99	-99	-99
11.01.2004	-99	-99	-99	-99
12.01.2004	-99	-99	-99	-99
13.01.2004	-99	-99	-99	-99
14.01.2004	-99	-99	-99	-99
15.01.2004	-99	-99	-99	-99
16.01.2004	-99	-99	-99	-99
17.01.2004	-99	-99	-99	-99
18.01.2004	-99	-99	-99	-99
19.01.2004	-99	-99	-99	-99
20.01.2004	-99	-99	-99	-99
21.01.2004	-99	-99	-99	-99
22.01.2004	-99	-99	-99	-99
23.01.2004	-99	-99	-99	-99
24.01.2004	-99	-99	-99	-99
25.01.2004	-99	-99	-99	-99
26.01.2004	-99	-99	-99	-99
27.01.2004	-99	-99	-99	-99
28.01.2004	-99	-99	-99	-99
29.01.2004	-99	-99	-99	-99
30.01.2004	-99	-99	-99	-99
31.01.2004	-99	-99	-99	-99
01.02.2004	-99	-99	-99	-99
02.02.2004	-99	-99	-99	-99
03.02.2004	-99	-99	-99	-99
04.02.2004	-99	-99	-99	-99
05.02.2004	-99	-99	-99	-99
06.02.2004	-99	-99	-99	-99
07.02.2004	-99	-99	-99	-99
08.02.2004	-99	-99	-99	-99
09.02.2004	-99	-99	-99	-99
10.02.2004	-99	-99	-99	-99
11.02.2004	-99	-99	-99	-99
12.02.2004	-99	-99	-99	-99
13.02.2004	-99	-99	-99	-99
14.02.2004	-99	-99	-99	-99
15.02.2004	-99	-99	-99	-99
16.02.2004	-99	-99	-99	-99
17.02.2004	-99	-99	-99	-99
18.02.2004	-99	-99	-99	-99
19.02.2004	-99	-99	-99	-99
20.02.2004	-99	-99	-99	-99
21.02.2004	-99	-99	-99	-99
22.02.2004	-99	-99	-99	-99
23.02.2004	-99	-99	-99	-99
24.02.2004	-99	-99	-99	-99
25.02.2004	-99	-99	-99	-99
26.02.2004	-99	-99	-99	-99
27.02.2004	-99	-99	-99	-99
28.02.2004	-99	-99	-99	-99
29.02.2004	-99	-99	-99	-99
01.03.2004	-99	-99	-99	-99
02.03.2004	-99	-99	-99	-99
03.03.2004	-99	-99	-99	-99
04.03.2004	-99	-99	-99	-99
05.03.2004	-99	-99	-99	-99
06.03.2004	-99	-99	-99	-99
07.03.2004	-99	-99	-99	-99
08.03.2004	-99	-99	-99	-99
09.03.2004	-99	-99	-99	-99
10.03.2004	-99	-99	-99	-99
11.03.2004	-99	-99	-99	-99
12.03.2004	-99	-99	-99	-99
13.03.2004	-99	-99	-99	-99
14.03.2004	-99	-99	-99	-99
15.03.2004	-99	-99	-99	-99
16.03.2004	-99	-99	-99	-99
17.03.2004	-99	-99	-99	-99
18.03.2004	-99	-99	-99	-99
19.03.2004	-99	-99	-99	-99
20.03.2004	-99	-99	-99	-99
21.03.2004	-99	-99	-99	-99
22.03.2004	-99	-99	-99	-99
23.03.2004	-99	-99	-99	-99
24.03.2004	-99	-99	-99	-99
25.03.2004	-99	-99	-99	-99
26.03.2004	-99	-99	-99	-99
27.03.2004	-99	-99	-99	-99
28.03.2004	-99	-99	-99	-99
29.03.2004	-99	-99	-99	-99
30.03.2004	-99	-99	-99	-99
31.03.2004	-99	-99	-99	-99
01.04.2004	-99	-99	-99	-99
02.04.2004	-99	-99	-99	-99
03.04.2004	-99	-99	-99	-99
04.04.2004	-99	-99	-99	-99
05.04.2004	-99	-99	-99	-99
06.04.2004	-99	-99	-99	-99
07.04.2004	-99	-99	-99	-99
08.04.2004	-99	-99	-99	-99
09.04.2004	-99	-99	-99	-99
10.04.2004	-99	-99	-99	-99
11.04.2004	-99	-99	-99	-99
12.04.2004	-99	-99	-99	-99
13.04.2004	-99	-99	-99	-99
14.04.2004	-99	-99	-99	-99
15.04.2004	-99	-99	-99	-99
16.04.2004	-99	-99	-99	-99
17.04.2004	-99	-99	-99	-99
18.04.2004	-99	-99	-99	-99
19.04.2004	-99	-99	-99	-99
20.04.2004	-99	-99	-99	-99
21.04.2004	-99	-99	-99	-99
22.04.2004	-99	-99	-99	-99
23.04.2004	-99	-99	-99	-99
24.04.2004	-99	-99	-99	-99
25.04.2004	-99	-99	-99	-99
26.04.2004	-99	-99	-99	-99
27.04.2004	-99	-99	-99	-99
28.04.2004	-99	-99	-99	-99
29.04.2004	-99	-99	-99	-99
30.04.2004	-99	-99	-99	-99
01.05.2004	-99	-99	-99	-99
02.05.2004	-99	-99	-99	-99
03.05.2004	-99	-99	-99	-99
04.05.2004	-99	-99	-99	-99
05.05.2004	-99	-99	-99	-99
06.05.2004	-99	-99	-99	-99
07.05.2004	-99	-99	-99	-99
08.05.2004	-99	-99	-99	-99
09.05.2004	-99	-99	-99	-99
10.05.2004	-99	-99	-99	-99
11.05.2004	-99	-99	-99	-99
12.05.2004	-99	-99	-99	-99
13.05.2004	-99	-99	-99	-99
14.05.2004	-99	-99	-99	-99
15.05.2004	-99	-99	-99	-99
16.05.2004	-99	-99	-99	-99
17.05.2004	-99	-99	-99	-99
18.05.2004	-99	-99	-99	-99
19.05.2004	-99	-99	-99	-99
20.05.2004	-99	-99	-99	-99
21.05.2004	-99	-99	-99	-99
22.05.2004	-99	-99	-99	-99
23.05.2004	-99	-99	-99	-99
24.05.2004	-99	-99	-99	-99
25.05.2004	-99	-99	-99	-99
26.05.2004	-99	-99	-99	-99
27.05.2004	-99	-99	-99	-99
28.05.2004	-99	-99	-99	-99
29.05.2004	-99	-99	-99	-99
30.05.2004	-99	-99	-99	-99
31.05.2004	-99	-99	-99	-99
01.06.2004	-99	-99	-99	-99
02.06.2004	-99	-99	-99	-99
03.06.2004	-99	-99	-99	-99
04.06.2004	-99	-99	-99	-99
05.06.2004	-99	-99	-99	-99
06.06.2004	-99	-99	-99	-99
07.06.2004	-99	-99	-99	-99
08.06.2004	-99	-99	-99	-99
09.06.2004	-99	-99	-99	-99
10.06.2004	-99	-99	-99	-99
11.06.2004	-99	-99	-99	-99
12.06.2004	-99	-99	-99	-99
13.06.2004	-99	-99	-99	-99
14.06.2004	-99	-99	-99	-99
15.06.2004	-99	-99	-99	-99
16.06.2004	-99	-99	-99	-99
17.06.2004	-99	-99	-99	-99
18.06.2004	-99	-99	-99	-99
19.06.2004	-99	-99	-99	-99
20.06.2004	-99	-99	-99	-99
21.06.2004	-99	-99	-99	-99
22.06.2004	-99	-99	-99	-99
23.06.2004	-99	-99	-99	-99
24.06.2004	-99	-99	-99	-99
25.06.2004	-99	-99	-99	-99
26.06.2004	-99	-99	-99	-99
27.06.2004	-99	-99	-99	-99
28.06.2004	-99	-99	-99	-99
29.06.2004	-99	-99	-99	-99
30.06.2004	-99	-99	-99	-99
01.07.2004	-99	-99	-99	-99
02.07.2004	-99	-99	-99	-99
03.07.2004	-99	-99	-99	-99
04.07.2004	-99	-99	-99	-99
05.07.2004	-99	-99	-99	-99
06.07.2004	-99	-99	-99	-99
07.07.2004	-99	-99	-99	-99
08.07.2004	-99	-99	-99	-99
09.07.2004	-99	-99	-99	-99
10.07.2004	-99	-99	-99	-99
11.07.2004	-99	-99	-99	-99
12.07.2004	-99	-99	-99	-99
13.07.2004	-99	-99	-99	-99
14.07.2004	-99	-99	-99	-99
15.07.2004	-99	-99	-99	-99
16.07.2004	-99	-99	-99	-99
17.07.2004	-99	-99	-99	-99
18.07.2004	-99	-99	-99	-99
19.07.2004	-99	-99	-99	-99
20.07.2004	-99	-99	-99	-99
21.07.2004	-99	-99	-99	-99
22.07.2004	-99	-99	-99	-99
23.07.2004	-99	-99	-99	-99
24.07.2004	-99	-99	-99	-99
25.07.2004	-99	-99	-99	-99
26.07.2004	-99	-99	-99	-99
27.07.2004	-99	-99	-99	-99
28.07.2004	-99	-99	-99	-99
29.07.2004	-99	-99	-99	-99
30.07.2004	-99	-99	-99	-99
31.07.2004	-99	-99	-99	-99
01.08.2004	-99	-99	-99	-99
02.08.2004	-99	-99	-99	-99
03.08.2004	-99	-99	-99	-99
04.08.2004	-99	-99	-99	-99
05.08.2004	-99	-99	-99	-99
06.08.2004	-99	-99	-99	-99
07.08.2004	-99	-99	-99	-99
08.08.2004	-99	-99	-99	-99
09.08.2004	-99	-99	-99	-99
10.08.2004	-99	-99	-99	-99
11.08.2004	-99	-99	-99	-99
12.08.2004	-99	-99	-99	-99
13.08.2004	-99	-99	-99	-99
14.08.2004	-99	-99	-99	-99
15.08.2004	-99	-99	-99	-99
16.08.2004	-99	-99	-99	-99
17.08.2004	-99	-99	-99	-99
18.08.2004	-99	-99	-99	-99
19.08.2004	-99	-99	-99	-99
20.08.2004	-99	-99	-99	-99
21.08.2004	-99	-99	-99	-99
22.08.2004	-99	-99	-99	-99
23.08.2004	-99	-99	-99	-99
24.08.2004	-99	-99	-99	-99
25.08.2004	-99	-99	-99	-99
26.08.2004	-99	-99	-99	-99
27.08.2004	-99	-99	-99	-99
28.08.2004	-99	-99	-99	-99
29.08.2004	-99	-99	-99	-99
30.08.2004	-99	-99	-99	-99
31.08.2004	-99	-99	-99	-99
01.09.2004	-99	-99	-99	-99
02.09.2004	-99	-99	-99	-99
03.09.2004	-99	-99	-99	-99
04.09.2004	-99	-99	-99	-99
05.09.2004	-99	-99	-99	-99
06.09.2004	-99	-99	-99	-99
07.09.2004	-99	-99	-99	-99
08.09.2004	-99	-99	-99	-99
09.09.2004	-99	-99	-99	-99
10.09.2004	-99	-99	-99	-99
11.09.2004	-99	-99	-99	-99
12.09.2004	-99	-99	-99	-99
13.09.2004	-99	-99	-99	-99
14.09.2004	-99	-99	-99	-99
15.09.2004	-99	-99	-99	-99
16.09.2004	-99	-99	-99	-99
17.09.2004	-99	-99	-99	-99
18.09.2004	-99	-99	-99	-99
19.09.2004	-99	-99	-99	-99
20.09.2004	-99	-99	-99	-99
21.09.2004	-99	-99	-99	-99
22.09.2004	-99	-99	-99	-99
23.09.2004	-99	-99	-99	-99
24.09.2004	-99	-99	-99	-99
25.09.2004	-99	-99	-99	-99
26.09.2004	-99	-99	-99	-99
27.09.2004	-99	-99	-99	-99
28.09.2004	-99	-99	-99	-99
29.09.2004	-99	-99	-99	-99
30.09.2004	-99	-99	-99	-99
01.10.2004	-99	-99	-99	-99
02.10.2004	-99	-99	-99	-99
03.10.2004	-99	-99	-99	-99
04.10.2004	-99	-99	-99	-99
05.10.2004	-99	-99	-99	-99
06.10.2004	-99	-99	-99	-99
07.10.2004	-99	-99	-99	-99
08.10.2004	-99	-99	-99	-99
09.10.2004	-99	-99	-99	-99
10.10.2004	-99	-99	-99	-99
11.10.2004	-99	-99	-99	-99
12.10.2004	-99	-99	-99	-99
13.10.2004	-99	-99	-99	-99
14.10.2004	-99	-99	-99	-99
15.10.2004	-99	-99	-99	-99
16.10.2004	-99	-99	-99	-99
17.10.2004	-99	-99	-99	-99
18.10.2004	-99	-99	-99	-99
19.10.2004	-99	-99	-99	-99
20.10.2004	-99	-99	-99	-99
21.10.2004	-99	-99	-99	-99
22.10.2004	-99	-99	-99	-99
23.10.2004	-99	-99	-99	-99
24.10.2004	-99	-99	-99	-99
25.10.2004	-99	-99	-99	-99
26.10.2004	-99	-99	-99	-99
27.10.2004	-99	-99	-99	-99
28.10.2004	-99	-99	-99	-99
29.10.2004	-99	-99	-99	-99
30.10.2004	-99	-99	-99	-99
31.10.2004	-99	-99	-99	-99
01.11.2004	-99	-99	-99	-99
02.11.2004	-99	-99	-99	-99
03.11.2004	-99	-99	-99	-99
04.11.2004	-99	-99	-99	-99
05.11.2004	-99	-99	-99	-99
06.11.2004	-99	-99	-99	-99
07.11.2004	-99	-99	-99	-99
08.11.2004	-99	-99	-99	-99
09.11.2004	-99	-99	-99	-99
10.11.2004	-99	-99	-99	-99
11.11.2004	-99	-99	-99	-99
12.11.2004	-99	-99	-99	-99
13.11.2004	-99	-99	-99	-99
14.11.2004	-99	-99	-99	-99
15.11.2004	-99	-99	-99	-99
16.11.2004	-99	-99	-99	-99
17.11.2004	-99	-99	-99	-99
18.11.2004	-99	-99	-99	-99
19.11.2004	-99	-99	-99	-99
20.11.2004	-99	-99	-99	-99
21.11.2004	-99	-99	-99	-99
22.11.2004	-99	-99	-99	-99
23.11.2004	-99	-99	-99	-99
24.11.2004	-99	-99	-99	-99
25.11.2004	-99	-99	-99	-99
26.11.2004	-99	-99	-99	-99
27.11.2004	-99	-99	-99	-99
28.11.2004	-99	-99	-99	-99
29.11.2004	-99	-99	-99	-99
30.11.2004	-99	-99	-99	-99
01.12.2004	-99	-99	-99	-99
02.12.2004	-99	-99	-99	-99
03.12.2004	-99	-99	-99	-99
04.12.2004	-99	-99	-99	-99
05.12.2004	-99	-99	-99	-99
06.12.2004	-99	-99	-99	-99
07.12.2004	-99	-99	-99	-99
08.12.2004	-99	-99	-99	-99
09.12.2004	-99	-99	-99	-99
10.12.2004	-99	-99	-99	-99
11.12.2004	-99	-99	-99	-99
12.12.2004	-99	-99	-99	-99
13.12.2004	-99	-99	-99	-99
14.12.2004	-99	-99	-99	-99
15.12.2004	-99	-99	-99	-99
16.12.2004	-99	-99	-99	-99
17.12.2004	-99	-99	-99	-99
18.12.2004	-99	-99	-99	-99
19.12.2004	-99	-99	-99	-99
20.12.2004	-99	-99	-99	-99
21.12.2004	-99	-99	-99	-99
22.12.2004	-99	-99	-99	-99
23.12.2004	-99	-99	-99	-99
24.12.2004	-99	-99	-99	-99
25.12.2004	-99	-99	-99	-99
26.12.2004	-99	-99	-99	-99
27.12.2004	-99	-99	-99	-99
28.12.2004	-99	-99	-99	-99
29.12.2004	-99	-99	-99	-99
30.12.2004	-99	-99	-99	-99
31.12.2004	-99	-99	-99	-99
01.01.2005	-99	-99	-99	-99
02.01.2005	-99	-99	-99	-99
03.01.2005	-99	-99	-99	-99
04.01.2005	-99	-99	-99	-99
05.01.2005	-99	-99	-99	-99
06.01.2005	-99	-99	-99	-99
07.01.2005	-99	-99	-99	-99
08.01.2005	-99	-99	-99	-99
09.01.2005	-99	-99	-99	-99
10.01.2005	-99	-99	-99	-99
11.01.2005	-99	-99	-99	-99
12.01.2005	-99	-99	-99	-99
13.01.2005	-99	-99	-99	-99
14.01.2005	-99	-99	-99	-99
15.01.2005	-99	-99	-99	-99
16.01.2005	-99	-99	-99	-99
17.01.2005	-99	-99	-99	-99
18.01.2005	-99	-99	-99	-99
19.01.2005	-99	-99	-99	-99
20.01.2005	-99	-99	-99	-99
21.01.2005	-99	-99	-99	-99
22.01.2005	-99	-99	-99	-99
23.01.2005	-99	-99	-99	-99
24.01.2005	-99	-99	-99	-99
25.01.2005	-99	-99	-99	-99
26.01.2005	-99	-99	-99	-99
27.01.2005	-99	-99	-99	-99
28.01.2005	-99	-99	-99	-99
29.01.2005	-99	-99	-99	-99
30.01.2005	-99	-99	-99	-99
31.01.2005	-99	-99	-99	-99
01.02.2005	-99	-99	-99	-99
02.02.2005	-99	-99	-99	-99
03.02.2005	-99	-99	-99	-99
04.02.2005	-99	-99	-99	-99
05.02.2005	-99	-99	-99	-99
06.02.2005	-99	-99	-99	-99
07.02.2005	-99	-99	-99	-99
08.02.2005	-99	-99	-99	-99
09.02.2005	-99	-99	-99	-99
10.02.2005	-99	-99	-99	-99
11.02.2005	-99	-99	-99	-99
12.02.2005	-99	-99	-99	-99
13.02.2005	-99	-99	-99	-99
14.02.2005	-99	-99	-99	-99
15.02.2005	-99	-99	-99	-99
16.02.2005	-99	-99	-99	-99
17.02.2005	-99	-99	-99	-99
18.02.2005	-99	-99	-99	-99
19.02.2005	-99	-99	-99	-99
20.02.2005	-99	-99	-99	-99
21.02.2005	-99	-99	-99	-99
22.02.2005	-99	-99	-99	-99
23.02.2005	-99	-99	-99	-99
24.02.2005	-99	-99	-99	-99
25.02.2005	-99	-99	-99	-99
26.02.2005	-99	-99	-99	-99
27.02.2005	-99	-99	-99	-99
28.02.2005	-99	-99	-99	-99
01.03.2005	-99	-99	-99	-99
02.03.2005	-99	-99	-99	-99
03.03.2005	-99	-99	-99	-99
04.03.2005	-99	-99	-99	-99
05.03.2005	-99	-99	-99	-99
06.03.2005	-99	-99	-99	-99
07.03.2005	-99	-99	-99	-99
08.03.2005	-99	-99	-99	-99
09.03.2005	-99	-99	-99	-99
10.03.2005	-99	-99	-99	-99
11.03.2005	-99	-99	-99	-99
12.03.2005	-99	-99	-99	-99
13.03.2005	-99	-99	-99	-99
14.03.2005	-99	-99	-99	-99
15.03.2005	-99	-99	-99	-99
16.03.2005	-99	-99	-99	-99
17.03.2005	-99	-99	-99	-99
18.03.2005	-99	-99	-99	-99
19.03.2005	-99	-99	-99	-99
20.03.2005	-99	-99	-99	-99
21.03.2005	-99	-99	-99	-99
22.03.2005	-99	-99	-99	-99
23.03.2005	-99	-99	-99	-99
24.03.2005	-99	-99	-99	-99
25.03.2005	-99	-99	-99	-99
26.03.2005	-99	-99	-99	-99
27.03.2005	-99	-99	-99	-99
28.03.2005	-99	-99	-99	-99
29.03.2005	-99	-99	-99	-99
30.03.2005	-99	-99	-99	-99
31.03.2005	-99	-99	-99	-99
01.04.2005	-99	-99	-99	-99
02.04.2005	-99	-99	-99	-99
03.04.2005	-99	-99	-99	-99
04.04.2005	-99	-99	-99	-99
05.04.2005	-99	-99	-99	-99
06.04.2005	-99	-99	-99	-99
07.04.2005	-99	-99	-99	-99
08.04.2005	-99	-99	-99	-99
09.04.2005	-99	-99	-99	-99
10.04.2005	-99	-99	-99	-99
11.04.2005	-99	-99	-99	-99
12.04.2005	-99	-99	-99	-99
13.04.2005	-99	-99	-99	-99
14.04.2005	-99	-99	-99	-99
15.04.2005	-99	-99	-99	-99
16.04.2005	-99	-99	-99	-99
17.04.2005	-99	-99	-99	-99
18.04.2005	-99	-99	-99	-99
19.04.2005	-99	-99	-99	-99
20.04.2005	-99	-99	-99	-99
21.04.2005	-99	-99	-99	-99
22.04.2005	-99	-99	-99	-99
23.04.2005	-99	-99	-99	-99
24.04.2005	-99	-99	-99	-99
25.04.2005	-99	-99	-99	-99
26.04.2005	-99	-99	-99	-99
27.04.2005	-99	-99	-99	-99
28.04.2005	-99	-99	-99	-99
29.04.2005	-99	-99	-99	-99
30.04.2005	-99	-99	-99	-99
01.05.2005	-99	-99	-99	-99
02.05.2005	-99	-99	-99	-99
03.05.2005	-99	-99	-99	-99
04.05.2005	-99	-99	-99	-99
05.05.2005	-99	-99	-99	-99
06.05.2005	-99	-99	-99	-99
07.05.2005	-99	-99	-99	-99
08.05.2005	-99	-99	-99	-99
09.05.2005	-99	-99	-99	-99
10.05.2005	-99	-99	-99	-99
11.05.2005	-99	-99	-99	-99
12.05.2005	-99	-99	-99	-99
13.05.2005	-99	-99	-99	-99
14.05.2005	-99	-99	-99	-99
15.05.2005	-99	-99	-99	-99
16.05.2005	-99	-99	-99	-99
17.05.2005	-99	-99	-99	-99
18.05.2005	-99	-99	-99	-99
19.05.2005	-99	-99	-99	-99
20.05.2005	-99	-99	-99	-99
21.05.2005	-99	-99	-99	-99
22.05.2005	-99	-99	-99	-99
23.05.2005	-99	-99	-99	-99
24.05.2005	-99	-99	-99	-99
25.05.2005	-99	-99	-99	-99
26.05.2005	-99	-99	-99	-99
27.05.2005	-99	-99	-99	-99
28.05.2005	-99	-99	-99	-99
29.05.2005	-99	-99	-99	-99
30.05.2005	-99	-99	-99	-99
31.05.2005	-99	-99	-99	-99
01.06.2005	-99	-99	-99	-99
02.06.2005	-99	-99	-99	-99
03.06.2005	-99	-99	-99	-99
04.06.2005	-99	-99	-99	-99
05.06.2005	-99	-99	-99	-99
06.06.2005	-99	-99	-99	-99
07.06.2005	-99	-99	-99	-99
08.06.2005	-99	-99	-99	-99
09.06.2005	-99	-99	-99	-99
10.06.2005	-99	-99	-99	-99
11.06.2005	-99	-99	-99	-99
12.06.2005	-99	-99	-99	-99
13.06.2005	-99	-99	-99	-99
14.06.2005	-99	-99	-99	-99
15.06.2005	-99	-99	-99	-99
16.06.2005	-99	-99	-99	-99
17.06.2005	-99	-99	-99	-99
18.06.2005	-99	-99	-99	-99
19.06.2005	-99	-99	-99	-99
20.06.2005	-99	-99	-99	-99
21.06.2005	-99	-99	-99	-99
22.06.2005	-99	-99	-99	-99
23.06.2005	-99	-99	-99	-99
24.06.2005	-99	-99	-99	-99
25.06.2005	-99	-99	-99	-99
26.06.2005	-99	-99	-99	-99
27.06.2005	-99	-99	-99	-99
28.06.2005	-99	-99	-99	-99
29.06.2005	-99	-99	-99	-99
30.06.2005	-99	-99	-99	-99
01.07.2005	-99	-99	-99	-99
02.07.2005	-99	-99	-99	-99
03.07.2005	-99	-99	-99	-99
04.07.2005	-99	-99	-99	-99
05.07.2005	-99	-99	-99	-99
06.07.2005	-99	-99	-99	-99
07.07.2005	-99	-99	-99	-99
08.07.2005	-99	-99	-99	-99
09.07.2005	-99	-99	-99	-99
10.07.2005	-99	-99	-99	-99
11.07.2005	-99	-99	-99	-99
12.07.2005	-99	-99	-99	-99
13.07.2005	-99	-99	-99	-99
14.07.2005	-99	-99	-99	-99
15.07.2005	-99	-99	-99	-99
16.07.2005	-99	-99	-99	-99
17.07.2005	-99	-99	-99	-99
18.07.2005	-99	-99	-99	-99
19.07.2005	-99	-99	-99	-99
20.07.2005	-99	-99	-99	-99
21.07.2005	-99	-99	-99	-99
22.07.2005	-99	-99	-99	-99
23.07.2005	-99	-99	-99	-99
24.07.2005	-99	-99	-99	-99
25.07.2005	-99	-99	-99	-99
26.07.2005	-99	-99	-99	-99
27.07.2005	-99	-99	-99	-99
28.07.2005	-99	-99	-99	-99
29.07.2005	-99	-99	-99	-99
30.07.2005	-99	-99	-99	-99
31.07.2005	-99	-99	-99	-99
01.08.2005	-99	-99	-99	-99
02.08.2005	-99	-99	-99	-99
03.08.2005	-99	-99	-99	-99
04.08.2005	-99	-99	-99	-99
05.08.2005	-99	-99	-99	-99
06.08.2005	-99	-99	-99	-99
07.08.2005	-99	-99	-99	-99
08.08.2005	-99	-99	-99	-99
09.08.2005	-99	-99	-99	-99
10.08.2005	-99	-99	-99	-99
11.08.2005	-99	-99	-99	-99
12.08.2005	-99	-99	-99	-99
13.08.2005	-99	-99	-99	-99
14.08.2005	-99	-99	-99	-99
15.08.2005	-99	-99	-99	-99
16.08.2005	-99	-99	-99	-99
17.08.2005	-99	-99	-99	-99
18.08.2005	-99	-99	-99	-99
19.08.2005	-99	-99	-99	-99
20.08.2005	-99	-99	-99	-99
21.08.2005	-99	-99	-99	-99
22.08.2005	-99	-99	-99	-99
23.08.2005	-99	-99	-99	-99
24.08.2005	-99	-99	-99	-99
25.08.2005	-99	-99	-99	-99
26.08.2005	-99	-99	-99	-99
27.08.2005	-99	-99	-99	-99
28.08.2005	-99	-99	-99	-99
29.08.2005	-99	-99	-99	-99
30.08.2005	-99	-99	-99	-99
31.08.2005	-99	-99	-99	-99
01.09.2005	-99	-99	-99	-99
02.09.2005	-99	-99	-99	-99
03.09.2005	-99	-99	-99	-99
04.09.2005	-99	-99	-99	-99
05.09.2005	-99	-99	-99	-99
06.09.2005	-99	-99	-99	-99
07.09.2005	-99	-99	-99	-99
08.09.2005	-99	-99	-99	-99
09.09.2005	-99	-99	-99	-99
10.09.2005	-99	-99	-99	-99
11.09.2005	-99	-99	-99	-99
12.09.2005	-99	-99	-99	-99
13.09.2005	-99	-99	-99	-99
14.09.2005	-99	-99	-99	-99
15.09.2005	-99	-99	-99	-99
16.09.2005	-99	-99	-99	-99
17.09.2005	-99	-99	-99	-99
18.09.2005	-99	-99	-99	-99
19.09.2005	-99	-99	-99	-99
20.09.2005	-99	-99	-99	-99
21.09.2005	-99	-99	-99	-99
22.09.2005	-99	-99	-99	-99
23.09.2005	-99	-99	-99	-99
24.09.2005	-99	-99	-99	-99
25.09.2005	-99	-99	-99	-99
26.09.2005	-99	-99	-99	-99
27.09.2005	-99	-99	-99	-99
28.09.2005	-99	-99	-99	-99
29.09.2005	-99	-99	-99	-99
30.09.2005	-99	-99	-99	-99
01.10.2005	-99	-99	-99	-99
02.10.2005	-99	-99	-99	-99
03.10.2005	-99	-99	-99	-99
04.10.2005	-99	-99	-99	-99
05.10.2005	-99	-99	-99	-99
06.10.2005	-99	-99	-99	-99
07.10.2005	-99	-99	-99	-99
08.10.2005	-99	-99	-99	-99
09.10.2005	-99	-99	-99	-99
10.10.2005	-99	-99	-99	-99
11.10.2005	-99	-99	-99	-99
12.10.2005	-99	-99	-99	-99
13.10.2005	-99	-99	-99	-99
14.10.2005	-99	-99	-99	-99
15.10.2005	-99	-99	-99	-99
16.10.2005	-99	-99	-99	-99
17.10.2005	-99	-99	-99	-99
18.10.2005	-99	-99	-99	-99
19.10.2005	-99	-99	-99	-99
20.10.2005	-99	-99	-99	-99
21.10.2005	-99	-99	-99	-99
22.10.2005	-99	-99	-99	-99
23.10.2005	-99	-99	-99	-99
24.10.2005	-99	-99	-99	-99
25.10.2005	-99	-99	-99	-99
26.10.2005	-99	-99	-99	-99
27.10.2005	-99	-99	-99	-99
28.10.2005	-99	-99	-99	-99
29.10.2005	-99	-99	-99	-99
30.10.2005	-99	-99	-99	-99
31.10.2005	-99	-99	-99	-99
01.11.2005	-99	-99	-99	-99
02.11.2005	-99	-99	-99	-99
03.11.2005	-99	-99	-99	-99
04.11.2005	-99	-99	-99	-99
05.11.2005	-99	-99	-99	-99
06.11.2005	-99	-99	-99	-99
07.11.2005	-99	-99	-99	-99
08.11.2005	-99	-99	-99	-99
09.11.2005	-99	-99	-99	-99
10.11.2005	-99	-99	-99	-99
11.11.2005	-99	-99	-99	-99
12.11.2005	-99	-99	-99	-99
13.11.2005	-99	-99	-99	-99
14.11.2005	-99	-99	-99	-99
15.11.2005	-99	-99	-99	-99
16.11.2005	-99	-99	-99	-99
17.11.2005	-99	-99	-99	-99
18.11.2005	-99	-99	-99	-99
19.11.2005	-99	-99	-99	-99
20.11.2005	-99	-99	-99	-99
21.11.2005	-99	-99	-99	-99
22.11.2005	-99	-99	-99	-99
23.11.2005	-99	-99	-99	-99
24.11.2005	-99	-99	-99	-99
25.11.2005	-99	-99	-99	-99
26.11.2005	-99	-99	-99	-99
27.11.2005	-99	-99	-99	-99
28.11.2005	-99	-99	-99	-99
29.11.2005	-99	-99	-99	-99
30.11.2005	-99	-99	-99	-99
01.12.2005	-99	-99	-99	-99
02.12.2005	-99	-99	-99	-99
03.12.2005	-99	-99	-99	-99
04.12.2005	-99	-99	-99	-99
05.12.2005	-99	-99	-99	-99
06.12.2005	-99	-99	-99	-99
07.12.2005	-99	-99	-99	-99
08.12.2005	-99	-99	-99	-99
09.12.2005	-99	-99	-99	-99
10.12.2005	-99	-99	-99	-99
11.12.2005	-99	-99	-99	-99
12.12.2005	-99	-99	-99	-99
13.12.2005	-99	-99	-99	-99
14.12.2005	-99	-99	-99	-99
15.12.2005	-99	-99	-99	-99
16.12.2005	-99	-99	-99	-99
17.12.2005	-99	-99	-99	-99
18.12.2005	-99	-99	-99	-99
19.12.2005	-99	-99	-99	-99
20.12.2005	-99	-99	-99	-99
21.12.2005	-99	-99	-99	-99
22.12.2005	-99	-99	-99	-99
23.12.2005	-99	-99	-99	-99
24.12.2005	-99	-99	-99	-99
25.12.2005	-99	-99	-99	-99
26.12.2005	-99	-99	-99	-99
27.12.2005	-99	-99	-99	-99
28.12.2005	-99	-99	-99	-99
29.12.2005	-99	-99	-99	-99
30.12.2005	-99	-99	-99	-99
31.12.2005	-99	-99	-99	-99
01.01.2006	-99	-99	-99	-99
02.01.2006	-99	-99	-99	-99
03.01.2006	-99	-99	-99	-99
04.01.2006	-99	-99	-99	-99
05.01.2006	-99	-99	-99	-99
06.01.2006	-99	-99	-99	-99
07.01.2006	-99	-99	-99	-99
08.01.2006	-99	-99	-99	-99
09.01.2006	-99	-99	-99	-99
10.01.2006	-99	-99	-99	-99
11.01.2006	-99	-99	-99	-99
12.01.2006	-99	-99	-99	-99
13.01.2006	-99	-99	-99	-99
14.01.2006	-99	-99	-99	-99
15.01.2006	-99	-99	-99	-99
16.01.2006	-99	-99	-99	-99
17.01.2006	-99	-99	-99	-99
18.01.2006	-99	-99	-99	-99
19.01.2006	-99	-99	-99	-99
20.01.2006	-99	-99	-99	-99
21.01.2006	-99	-99	-99	-99
22.01.2006	-99	-99	-99	-99
23.01.2006	-99	-99	-99	-99
24.01.2006	-99	-99	-99	-99
25.01.2006	-99	-99	-99	-99
26.01.2006	-99	-99	-99	-99
27.01.2006	-99	-99	-99	-99
28.01.2006	-99	-99	-99	-99
29.01.2006	-99	-99	-99	-99
30.01.2006	-99	-99	-99	-99
31.01.2006	-99	-99	-99	-99
01.02.2006	-99	-99	-99	-99
02.02.2006	-99	-99	-99	-99
03.02.2006	-99	-99	-99	-99
04.02.2006	-99	-99	-99	-99
05.02.2006	-99	-99	-99	-99
06.02.2006	-99	-99	-99	-99
07.02.2006	-99	-99	-99	-99
08.02.2006	-99	-99	-99	-99
09.02.2006	-99	-99	-99	-99
10.02.2006	-99	-99	-99	-99
11.02.2006	-99	-99	-99	-99
12.02.2006	-99	-99	-99	-99
13.02.2006	-99	-99	-99	-99
14.02.2006	-99	-99	-99	-99
15.02.2006	-99	-99	-99	-99
16.02.2006	-99	-99	-99	-99
17.02.2006	-99	-99	-99	-99
18.02.2006	-99	-99	-99	-99
19.02.2006	-99	-99	-99	-99
20.02.2006	-99	-99	-99	-99
21.02.2006	-99	-99	-99	-99
22.02.2006	-99	-99	-99	-99
23.02.2006	-99	-99	-99	-99
24.02.2006	-99	-99	-99	-99
25.02.2006	-99	-99	-99	-99
26.02.2006	-99	-99	-99	-99
27.02.2006	-99	-99	-99	-99
28.02.2006	-99	-99	-99	-99
01.03.2006	-99	-99	-99	-99
02.03.2006	-99	-99	-99	-99
03.03.2006	-99	-99	-99	-99
04.03.2006	-99	-99	-99	-99
05.03.2006	-99	-99	-99	-99
06.03.2006	-99	-99	-99	-99
07.03.2006	-99	-99	-99	-99
08.03.2006	-99	-99	-99	-99
09.03.2006	-99	-99	-99	-99
10.03.2006	-99	-99	-99	-99
11.03.2006	-99	-99	-99	-99
12.03.2006	-99	-99	-99	-99
13.03.2006	-99	-99	-99	-99
14.03.2006	-99	-99	-99	-99
15.03.2006	-99	-99	-99	-99
16.03.2006	-99	-99	-99	-99
17.03.2006	-99	-99	-99	-99
18.03.2006	-99	-99	-99	-99
19.03.2006	-99	-99	-99	-99
20.03.2006	-99	-99	-99	-99
21.03.2006	-99	-99	-99	-99
22.03.2006	-99	-99	-99	-99
23.03.2006	-99	-99	-99	-99
24.03.2006	-99	-99	-99	-99
25.03.2006	-99	-99	-99	-99
26.03.2006	-99	-99	-99	-99
27.03.2006	-99	-99	-99	-99
28.03.2006	-99	-99	-99	-99
29.03.2006	-99	-99	-99	-99
30.03.2006	-99	-99	-99	-99
31.03.2006	-99	-99	-99	-99
01.04.2006	-99	-99	-99	-99
02.04.2006	-99	-99	-99	-99
03.04.2006	-99	-99	-99	-99
04.04.2006	-99	-99	-99	-99
05.04.2006	-99	-99	-99	-99
06.04.2006	-99	-99	-99	-99
07.04.2006	-99	-99	-99	-99
08.04.2006	-99	-99	-99	-99
09.04.2006	-99	-99	-99	-99
10.04.2006	-99	-99	-99	-99
11.04.2006	-99	-99	-99	-99
12.04.2006	-99	-99	-99	-99
13.04.2006	-99	-99	-99	-99
14.04.2006	-99	-99	-99	-99
15.04.2006	-99	-99	-99	-99
16.04.2006	-99	-99	-99	-99
17.04.2006	-99	-99	-99	-99
18.04.2006	-99	-99	-99	-99
19.04.2006	-99	-99	-99	-99
20.04.2006	-99	-99	-99	-99
21.04.2006	-99	-99	-99	-99
22.04.2006	-99	-99	-99	-99
23.04.2006	-99	-99	-99	-99
24.04.2006	-99	-99	-99	-99
25.04.2006	-99	-99	-99	-99
26.04.2006	-99	-99	-99	-99
27.04.2006	-99	-99	-99	-99
28.04.2006	-99	-99	-99	-99
29.04.2006	-99	-99	-99	-99
30.04.2006	-99	-99	-99	-99
01.05.2006	-99	-99	-99	-99
02.05.2006	-99	-99	-99	-99
03.05.2006	-99	-99	-99	-99
04.05.2006	-99	-99	-99	-99
05.05.2006	-99	-99	-99	-99
06.05.2006	-99	-99	-99	-99
07.05.2006	-99	-99	-99	-99
08.05.2006	-99	-99	-99	-99
09.05.2006	-99	-99	-99	-99
10.05.2006	-99	-99	-99	-99
11.05.2006	-99	-99	-99	-99
12.05.2006	-99	-99	-99	-99
13.05.2006	-99	-99	-99	-99
14.05.2006	-99	-99	-99	-99
15.05.2006	-99	-99	-99	-99
16.05.2006	-99	-99	-99	-99
17.05.2006	-99	-99	-99	-99
18.05.2006	-99	-99	-99	-99
19.05.2006	-99	-99	-99	-99
20.05.2006	-99	-99	-99	-99
21.05.2006	-99	-99	-99	-99
22.05.2006	-99	-99	-99	-99
23.05.2006	-99	-99	-99	-99
24.05.2006	-99	-99	-99	-99
25.05.2006	-99	-99	-99	-99
26.05.2006	-99	-99	-99	-99
27.05.2006	-99	-99	-99	-99
28.05.2006	-99	-99	-99	-99
29.05.2006	-99	-99	-99	-99
30.05.2006	-99	-99	-99	-99
31.05.2006	-99	-99	-99	-99
01.06.2006	-99	-99	-99	-99
02.06.2006	-99	-99	-99	-99
03.06.2006	-99	-99	-99	-99
04.06.2006	-99	-99	-99	-99
05.06.2006	-99	-99	-99	-99
06.06.2006	-99	-99	-99	-99
07.06.2006	-99	-99	-99	-99
08.06.2006	-99	-99	-99	-99
09.06.2006	-99	-99	-99	-99
10.06.2006	-99	-99	-99	-99
11.06.2006	-99	-99	-99	-99
12.06.2006	-99	-99	-99	-99
13.06.2006	-99	-99	-99	-99
14.06.2006	-99	-99	-99	-99
15.06.2006	-99	-99	-99	-99
16.06.2006	-99	-99	-99	-99
17.06.2006	-99	-99	-99	-99
18.06.2006	-99	-99	-99	-99
19.06.2006	-99	-99	-99	-99
20.06.2006	-99	-99	-99	-99
21.06.2006	-99	-99	-99	-99
22.06.2006	-99	-99	-99	-99
23.06.2006	-99	-99	-99	-99
24.06.2006	-99	-99	-99	-99
25.06.2006	-99	-99	-99	-99
26.06.2006	-99	-99	-99	-99
27.06.2006	-99	-99	-99	-99
28.06.2006	-99	-99	-99	-99
29.06.2006	-99	-99	-99	-99
30.06.2006	-99	-99	-99	-99
01.07.2006	-99	-99	-99	-99
02.07.2006	-99	-99	-99	-99
03.07.2006	-99	-99	-99	-99
04.07.2006	-99	-99	-99	-99
05.07.2006	-99	-99	-99	-99
06.07.2006	-99	-99	-99	-99
07.07.2006	-99	-99	-99	-99
08.07.2006	-99	-99	-99	-99
09.07.2006	-99	-99	-99	-99
10.07.2006	-99	-99	-99	-99
11.07.2006	-99	-99	-99	-99
12.07.2006	-99	-99	-99	-99
13.07.2006	-99	-99	-99	-99
14.07.2006	-99	-99	-99	-99
15.07.2006	-99	-99	-99	-99
16.07.2006	-99	-99	-99	-99
17.07.2006	-99	-99	-99	-99
18.07.2006	-99	-99	-99	-99
19.07.2006	-99	-99	-99	-99
20.07.2006	-99	-99	-99	-99
21.07.2006	-99	-99	-99	-99
22.07.2006	-99	-99	-99	-99
23.07.2006	-99	-99	-99	-99
24.07.2006	-99	-99	-99	-99
25.07.2006	-99	-99	-99	-99
26.07.2006	-99	-99	-99	-99
27.07.2006	-99	-99	-99	-99
28.07.2006	-99	-99	-99	-99
29.07.2006	-99	-99	-99	-99
30.07.2006	-99	-99	-99	-99
31.07.2006	-99	-99	-99	-99
01.08.2006	-99	-99	-99	-99
02.08.2006	-99	-99	-99	-99
03.08.2006	-99	-99	-99	-99
04.08.2006	-99	-99	-99	-99
05.08.2006	-99	-99	-99	-99
06.08.2006	-99	-99	-99	-99
07.08.2006	-99	-99	-99	-99
08.08.2006	-99	-99	-99	-99
09.08.2006	-99	-99	-99	-99
10.08.2006	-99	-99	-99	-99
11.08.2006	-99	-99	-99	-99
12.08.2006	-99	-99	-99	-99
13.08.2006	-99	-99	-99	-99
14.08.2006	-99	-99	-99	-99
15.08.2006	-99	-99	-99	-99
16.08.2006	-99	-99	-99	-99
17.08.2006	-99	-99	-99	-99
18.08.2006	-99	-99	-99	-99
19.08.2006	-99	-99	-99	-99
20.08.2006	-99	-99	-99	-99
21.08.2006	-99	-99	-99	-99
22.08.2006	-99	-99	-99	-99
23.08.2006	-99	-99	-99	-99
24.08.2006	-99	-99	-99	-99
25.08.2006	-99	-99	-99	-99
26.08.2006	-99	-99	-99	-99
27.08.2006	-99	-99	-99	-99
28.08.2006	-99	-99	-99	-99
29.08.2006	-99	-99	-99	-99
30.08.2006	-99	-99	-99	-99
31.08.2006	-99	-99	-99	-99
01.09.2006	-99	-99	-99	-99
02.09.2006	-99	-99	-99	-99
03.09.2006	-99	-99	-99	-99
04.09.2006	-99	-99	-99	-99
05.09.2006	-99	-99	-99	-99
06.09.2006	-99	-99	-99	-99
07.09.2006	-99	-99	-99	-99
08.09.2006	-99	-99	-99	-99
09.09.2006	-99	-99	-99	-99
10.09.2006	-99	-99	-99	-99
11.09.2006	-99	-99	-99	-99
12.09.2006	-99	-99	-99	-99
13.09.2006	-99	-99	-99	-99
14.09.2006	-99	-99	-99	-99
15.09.2006	-99	-99	-99	-99
16.09.2006	-99	-99	-99	-99
17.09.2006	-99	-99	-99	-99
18.09.2006	-99	-99	-99	-99
19.09.2006	-99	-99	-99	-99
20.09.2006	-99	-99	-99	-99
21.09.2006	-99	-99	-99	-99
22.09.2006	-99	-99	-99	-99
23.09.2006	-99	-99	-99	-99
24.09.2006	-99	-99	-99	-99
25.09.2006	-99	-99	-99	-99
26.09.2006	-99	-99	-99	-99
27.09.2006	-99	-99	-99	-99
28.09.2006	-99	-99	-99	-99
29.09.2006	-99	-99	-99	-99
30.09.2006	-99	-99	-99	-99
01.10.2006	-99	-99	-99	-99
02.10.2006	-99	-99	-99	-99
03.10.2006	-99	-99	-99	-99
04.10.2006	-99	-99	-99	-99
05.10.2006	-99	-99	-99	-99
06.10.2006	-99	-99	-99	-99
07.10.2006	-99	-99	-99	-99
08.10.2006	-99	-99	-99	-99
09.10.2006	-99	-99	-99	-99
10.10.2006	-99	-99	-99	-99
11.10.2006	-99	-99	-99	-99
12.10.2006	-99	-99	-99	-99
13.10.2006	-99	-99	-99	-99
14.10.2006	-99	-99	-99	-99
15.10.2006	-99	-99	-99	-99
16.10.2006	-99	-99	-99	-99
17.10.2006	-99	-99	-99	-99
18.10.2006	-99	-99	-99	-99
19.10.2006	-99	-99	-99	-99
20.10.2006	-99	-99	-99	-99
21.10.2006	-99	-99	-99	-99
22.10.2006	-99	-99	-99	-99
23.10.2006	-99	-99	-99	-99
24.10.2006	-99	-99	-99	-99
25.10.2006	-99	-99	-99	-99
26.10.2006	-99	-99	-99	-99
27.10.2006	-99	-99	-99	-99
28.10.2006	-99	-99	-99	-99
29.10.2006	-99	-99	-99	-99
30.10.2006	-99	-99	-99	-99
31.10.2006	-99	-99	-99	-99
01.11.2006	-99	-99	-99	-99
02.11.2006	-99	-99	-99	-99
03.11.2006	-99	-99	-99	-99
04.11.2006	-99	-99	-99	-99
05.11.2006	-99	-99	-99	-99
06.11.2006	-99	-99	-99	-99
07.11.2006	-99	-99	-99	-99
08.11.2006	-99	-99	-99	-99
09.11.2006	-99	-99	-99	-99
10.11.2006	-99	-99	-99	-99
11.11.2006	-99	-99	-99	-99
12.11.2006	-99	-99	-99	-99
13.11.2006	-99	-99	-99	-99
14.11.2006	-99	-99	-99	-99
15.11.2006	-99	-99	-99	-99
16.11.2006	-99	-99	-99	-99
17.11.2006	-99	-99	-99	-99
18.11.2006	-99	-99	-99	-99
19.11.2006	-99	-99	-99	-99
20.11.2006	-99	-99	-99	-99
21.11.2006	-99	-99	-99	-99
22.11.2006	-99	-99	-99	-99
23.11.2006	-99	-99	-99	-99
24.11.2006	-99	-99	-99	-99
25.11.2006	-99	-99	-99	-99
26.11.2006	-99	-99	-99	-99
27.11.2006	-99	-99	-99	-99
28.11.2006	-99	-99	-99	-99
29.11.2006	-99	-99	-99	-99
30.11.2006	-99	-99	-99	-99
01.12.2006	-99	-99	-99	-99
02.12.2006	-99	-99	-99	-99
03.12.2006	-99	-99	-99	-99
04.12.2006	-99	-99	-99	-99
05.12.2006	-99	-99	-99	-99
06.12.2006	-99	-99	-99	-99
07.12.2006	-99	-99	-99	-99
08.12.2006	-99	-99	-99	-99
09.12.2006	-99	-99	-99	-99
10.12.2006	-99	-99	-99	-99
11.12.2006	-99	-99	-99	-99
12.12.2006	-99	-99	-99	-99
13.12.2006	-99	-99	-99	-99
14.12.2006	-99	-99	-99	-99
15.12.2006	-99	-99	-99	-99
16.12.2006	-99	-99	-99	-99
17.12.2006	-99	-99	-99	-99
18.12.2006	-99	-99	-99	-99
19.12.2006	-99	-99	-99	-99
20.12.2006	-99	-99	-99	-99
21.12.2006	-99	-99	-99	-99
22.12.2006	-99	-99	-99	-99
23.12.2006	-99	-99	-99	-99
24.12.2006	-99	-99	-99	-99
25.12.2006	-99	-99	-99	-99
26.12.2006	-99	-99	-99	-99
27.12.2006	-99	-99	-99	-99
28.12.2006	-99	-99	-99	-99
29.12.2006	-99	-99	-99	-99
30.12.2006	-99	-99	-99	-99
31.12.2006	-99	-99	-99	-99
01.01.2007	-99	-99	-99	-99
02.01.2007	-99	-99	-99	-99
03.01.2007	-99	-99	-99	-99
04.01.2007	-99	-99	-99	-99
05.01.2007	-99	-99	-99	-99
06.01.2007	-99	-99	-99	-99
07.01.2007	-99	-99	-99	-99
08.01.2007	-99	-99	-99	-99
09.01.2007	-99	-99	-99	-99
10.01.2007	-99	-99	-99	-99
11.01.2007	-99	-99	-99	-99
12.01.2007	-99	-99	-99	-99
13.01.2007	-99	-99	-99	-99
14.01.2007	-99	-99	-99	-99
15.01.2007	-99	-99	-99	-99
16.01.2007	-99	-99	-99	-99
17.01.2007	-99	-99	-99	-99
18.01.2007	-99	-99	-99	-99
19.01.2007	-99	-99	-99	-99
20.01.2007	-99	-99	-99	-99
21.01.2007	-99	-99	-99	-99
22.01.2007	-99	-99	-99	-99
23.01.2007	-99	-99	-99	-99
24.01.2007	-99	-99	-99	-99
25.01.2007	-99	-99	-99	-99
26.01.2007	-99	-99	-99	-99
27.01.2007	-99	-99	-99	-99
28.01.2007	-99	-99	-99	-99
29.01.2007	-99	-99	-99	-99
30.01.2007	-99	-99	-99	-99
31.01.2007	-99	-99	-99	-99
01.02.2007	-99	-99	-99	-99
02.02.2007	-99	-99	-99	-99
03.02.2007	-99	-99	-99	-99
04.02.2007	-99	-99	-99	-99
05.02.2007	-99	-99	-99	-99
06.02.2007	-99	-99	-99	-99
07.02.2007	-99	-99	-99	-99
08.02.2007	-99	-99	-99	-99
09.02.2007	-99	-99	-99	-99
10.02.2007	-99	-99	-99	-99
11.02.2007	-99	-99	-99	-99
12.02.2007	-99	-99	-99	-99
13.02.2007	-99	-99	-99	-99
14.02.2007	-99	-99	-99	-99
15.02.2007	-99	-99	-99	-99
16.02.2007	-99	-99	-99	-99
17.02.2007	-99	-99	-99	-99
18.02.2007	-99	-99	-99	-99
19.02.2007	-99	-99	-99	-99
20.02.2007	-99	-99	-99	-99
21.02.2007	-99	-99	-99	-99
22.02.2007	-99	-99	-99	-99
23.02.2007	-99	-99	-99	-99
24.02.2007	-99	-99	-99	-99
25.02.2007	-99	-99	-99	-99
26.02.2007	-99	-99	-99	-99
27.02.2007	-99	-99	-99	-99
28.02.2007	-99	-99	-99	-99
01.03.2007	-99	-99	-99	-99
02.03.2007	-99	-99	-99	-99
03.03.2007	-99	-99	-99	-99
04.03.2007	-99	-99	-99	-99
05.03.2007	-99	-99	-99	-99
06.03.2007	-99	-99	-99	-99
07.03.2007	-99	-99	-99	-99
08.03.2007	-99	-99	-99	-99
09.03.2007	-99	-99	-99	-99
10.03.2007	-99	-99	-99	-99
11.03.2007	-99	-99	-99	-99
12.03.2007	-99	-99	-99	-99
13.03.2007	-99	-99	-99	-99
14.03.2007	-99	-99	-99	-99
15.03.2007	-99	-99	-99	-99
16.03.2007	-99	-99	-99	-99
17.03.2007	-99	-99	-99	-99
18.03.2007	-99	-99	-99	-99
19.03.2007	-99	-99	-99	-99
20.03.2007	-99	-99	-99	-99
21.03.2007	-99	-99	-99	-99
22.03.2007	-99	-99	-99	-99
23.03.2007	-99	-99	-99	-99
24.03.2007	-99	-99	-99	-99
25.03.2007	-99	-99	-99	-99
26.03.2007	-99	-99	-99	-99
27.03.2007	-99	-99	-99	-99
28.03.2007	-99	-99	-99	-99
29.03.2007	-99	-99	-99	-99
30.03.2007	-99	-99	-99	-99
31.03.2007	-99	-99	-99	-99
01.04.2007	-99	-99	-99	-99
02.04.2007	-99	-99	-99	-99
03.04.2007	-99	-99	-99	-99
04.04.2007	-99	-99	-99	-99
05.04.2007	-99	-99	-99	-99
06.04.2007	-99	-99	-99	-99
07.04.2007	-99	-99	-99	-99
08.04.2007	-99	-99	-99	-99
09.04.2007	-99	-99	-99	-99
10.04.2007	-99	-99	-99	-99
11.04.2007	-99	-99	-99	-99
12.04.2007	-99	-99	-99	-99
13.04.2007	-99	-99	-99	-99
14.04.2007	-99	-99	-99	-99
15.04.2007	-99	-99	-99	-99
16.04.2007	-99	-99	-99	-99
17.04.2007	-99	-99	-99	-99
18.04.2007	-99	-99	-99	-99
19.04.2007	-99	-99	-99	-99
20.04.2007	-99	-99	-99	-99
21.04.2007	-99	-99	-99	-99
22.04.2007	-99	-99	-99	-99
23.04.2007	-99	-99	-99	-99
24.04.2007	-99	-99	-99	-99
25.04.2007	-99	-99	-99	-99
26.04.2007	-99	-99	-99	-99
27.04.2007	-99	-99	-99	-99
28.04.2007	-99	-99	-99	-99
29.04.2007	-99	-99	-99	-99
30.04.2007	-99	-99	-99	-99
01.05.2007	-99	-99	-99	-99
02.05.2007	-99	-99	-99	-99
03.05.2007	-99	-99	-99	-99
04.05.2007	-99	-99	-99	-99
05.05.2007	-99	-99	-99	-99
06.05.2007	-99	-99	-99	-99
07.05.2007	-99	-99	-99	-99
08.05.2007	-99	-99	-99	-99
09.05.2007	-99	-99	-99	-99
10.05.2007	-99	-99	-99	-99
11.05.2007	-99	-99	-99	-99
12.05.2007	-99	-99	-99	-99
13.05.2007	-99	-99	-99	-99
14.05.2007	-99	-99	-99	-99
15.05.2007	-99	-99	-99	-99
16.05.2007	-99	-99	-99	-99
17.05.2007	-99	-99	-99	-99
18.05.2007	-99	-99	-99	-99
19.05.2007	-99	-99	-99	-99
20.05.2007	-99	-99	-99	-99
21.05.2007	-99	-99	-99	-99
22.05.2007	-99	-99	-99	-99
23.05.2007	-99	-99	-99	-99
24.05.2007	-99	-99	-99	-99
25.05.2007	-99	-99	-99	-99
26.05.2007	-99	-99	-99	-99
27.05.2007	-99	-99	-99	-99
28.05.2007	-99	-99	-99	-99
29.05.2007	-99	-99	-99	-99
30.05.2007	-99	-99	-99	-99
31.05.2007	-99	-99	-99	-99
01.06.2007	-99	-99	-99	-99
02.06.2007	-99	-99	-99	-99
03.06.2007	-99	-99	-99	-99
04.06.2007	-99	-99	-99	-99
05.06.2007	-99	-99	-99	-99
06.06.2007	-99	-99	-99	-99
07.06.2007	-99	-99	-99	-99
08.06.2007	-99	-99	-99	-99
09.06.2007	-99	-99	-99	-99
10.06.2007	-99	-99	-99	-99
11.06.2007	-99	-99	-99	-99
12.06.2007	-99	-99	-99	-99
13.06.2007	-99	-99	-99	-99
14.06.2007	-99	-99	-99	-99
15.06.2007	-99	-99	-99	-99
16.06.2007	-99	-99	-99	-99
17.06.2007	-99	-99	-99	-99
18.06.2007	-99	-99	-99	-99
19.06.2007	-99	-99	-99	-99
20.06.2007	-99	-99	-99	-99
21.06.2007	-99	-99	-99	-99
22.06.2007	-99	-99	-99	-99
23.06.2007	-99	-99	-99	-99
24.06.2007	-99	-99	-99	-99
25.06.2007	-99	-99	-99	-99
26.06.2007	-99	-99	-99	-99
27.06.2007	-99	-99	-99	-99
28.06.2007	-99	-99	-99	-99
29.06.2007	-99	-99	-99	-99
30.06.2007	-99	-99	-99	-99
01.07.2007	-99	-99	-99	-99
02.07.2007	-99	-99	-99	-99
03.07.2007	-99	-99	-99	-99
04.07.2007	-99	-99	-99	-99
05.07.2007	-99	-99	-99	-99
06.07.2007	-99	-99	-99	-99
07.07.2007	-99	-99	-99	-99
08.07.2007	-99	-99	-99	-99
09.07.2007	-99	-99	-99	-99
10.07.2007	-99	-99	-99	-99
11.07.2007	-99	-99	-99	-99
12.07.2007	-99	-99	-99	-99
13.07.2007	-99	-99	-99	-99
14.07.2007	-99	-99	-99	-99
15.07.2007	-99	-99	-99	-99
16.07.2007	-99	-99	-99	-99
17.07.2007	-99	-99	-99	-99
18.07.2007	-99	-99	-99	-99
19.07.2007	-99	-99	-99	-99
20.07.2007	-99	-99	-99	-99
21.07.2007	-99	-99	-99	-99
22.07.2007	-99	-99	-99	-99
23.07.2007	-99	-99	-99	-99
24.07.2007	-99	-99	-99	-99
25.07.2007	-99	-99	-99	-99
26.07.2007	-99	-99	-99	-99
27.07.2007	-99	-99	-99	-99
28.07.2007	-99	-99	-99	-99
29.07.2007	-99	-99	-99	-99
30.07.2007	-99	-99	-99	-99
31.07.2007	-99	-99	-99	-99
01.08.2007	-99	-99	-99	-99
02.08.2007	-99	-99	-99	-99
03.08.2007	-99	-99	-99	-99
04.08.2007	-99	-99	-99	-99
05.08.2007	-99	-99	-99	-99
06.08.2007	-99	-99	-99	-99
07.08.2007	-99	-99	-99	-99
08.08.2007	-99	-99	-99	-99
09.08.2007	-99	-99	-99	-99
10.08.2007	-99	-99	-99	-99
11.08.2007	-99	-99	-99	-99
12.08.2007	-99	-99	-99	-99
13.08.2007	-99	-99	-99	-99
14.08.2007	-99	-99	-99	-99
15.08.2007	-99	-99	-99	-99
16.08.2007	-99	-99	-99	-99
17.08.2007	-99	-99	-99	-99
18.08.2007	-99	-99	-99	-99
19.08.2007	-99	-99	-99	-99
20.08.2007	-99	-99	-99	-99
21.08.2007	-99	-99	-99	-99
22.08.2007	-99	-99	-99	-99
23.08.2007	-99	-99	-99	-99
24.08.2007	-99	-99	-99	-99
25.08.2007	-99	-99	-99	-99
26.08.2007	-99	-99	-99	-99
27.08.2007	-99	-99	-99	-99
28.08.2007	-99	-99	-99	-99
29.08.2007	-99	-99	-99	-99
30.08.2007	-99	-99	-99	-99
31.08.2007	-99	-99	-99	-99
01.09.2007	-99	-99	-99	-99
02.09.2007	-99	-99	-99	-99
03.09.2007	-99	-99	-99	-99
04.09.2007	-99	-99	-99	-99
05.09.2007	-99	-99	-99	-99
06.09.2007	-99	-99	-99	-99
07.09.2007	-99	-99	-99	-99
08.09.2007	-99	-99	-99	-99
09.09.2007	-99	-99	-99	-99
10.09.2007	-99	-99	-99	-99
11.09.2007	-99	-99	-99	-99
12.09.2007	-99	-99	-99	-99
13.09.2007	-99	-99	-99	-99
14.09.2007	-99	-99	-99	-99
15.09.2007	-99	-99	-99	-99
16.09.2007	-99	-99	-99	-99
17.09.2007	-99	-99	-99	-99
18.09.2007	-99	-99	-99	-99
19.09.2007	-99	-99	-99	-99
20.09.2007	-99	-99	-99	-99
21.09.2007	-99	-99	-99	-99
22.09.2007	-99	-99	-99	-99
23.09.2007	-99	-99	-99	-99
24.09.2007	-99	-99	-99	-99
25.09.2007	-99	-99	-99	-99
26.09.2007	-99	-99	-99	-99
27.09.2007	-99	-99	-99	-99
28.09.2007	-99	-99	-99	-99
29.09.2007	-99	-99	-99	-99
30.09.2007	-99	-99	-99	-99
01.10.2007	-99	-99	-99	-99
02.10.2007	-99	-99	-99	-99
03.10.2007	-99	-99	-99	-99
04.10.2007	-99	-99	-99	-99
05.10.2007	-99	-99	-99	-99
06.10.2007	-99	-99	-99	-99
07.10.2007	-99	-99	-99	-99
08.10.2007	-99	-99	-99	-99
09.10.2007	-99	-99	-99	-99
10.10.2007	-99	-99	-99	-99
11.10.2007	-99	-99	-99	-99
12.10.2007	-99	-99	-99	-99
13.10.2007	-99	-99	-99	-99
14.10.2007	-99	-99	-99	-99
15.10.2007	-99	-99	-99	-99
16.10.2007	-99	-99	-99	-99
17.10.2007	-99	-99	-99	-99
18.10.2007	-99	-99	-99	-99
19.10.2007	-99	-99	-99	-99
20.10.2007	-99	-99	-99	-99
21.10.2007	-99	-99	-99	-99
22.10.2007	-99	-99	-99	-99
23.10.2007	-99	-99	-99	-99
24.10.2007	-99	-99	-99	-99
25.10.2007	-99	-99	-99	-99
26.10.2007	-99	-99	-99	-99
27.10.2007	-99	-99	-99	-99
28.10.2007	-99	-99	-99	-99
29.10.2007	-99	-99	-99	-99
30.10.2007	-99	-99	-99	-99
31.10.2007	-99	-99	-99	-99
01.11.2007	-99	-99	-99	-99
02.11.2007	-99	-99	-99	-99
03.11.2007	-99	-99	-99	-99
04.11.2007	-99	-99	-99	-99
05.11.2007	-99	-99	-99	-99
06.11.2007	-99	-99	-99	-99
07.11.2007	-99	-99	-99	-99
08.11.2007	-99	-99	-99	-99
09.11.2007	-99	-99	-99	-99
10.11.2007	-99	-99	-99	-99
11.11.2007	-99	-99	-99	-99
12.11.2007	-99	-99	-99	-99
13.11.2007	-99	-99	-99	-99
14.11.2007	-99	-99	-99	-99
15.11.2007	-99	-99	-99	-99
16.11.2007	-99	-99	-99	-99
17.11.2007	-99	-99	-99	-99
18.11.2007	-99	-99	-99	-99
19.11.2007	-99	-99	-99	-99
20.11.2007	-99	-99	-99	-99
21.11.2007	-99	-99	-99	-99
22.11.2007	-99	-99	-99	-99
23.11.2007	-99	-99	-99	-99
24.11.2007	-99	-99	-99	-99
25.11.2007	-99	-99	-99	-99
26.11.2007	-99	-99	-99	-99
27.11.2007	-99	-99	-99	-99
28.11.2007	-99	-99	-99	-99
29.11.2007	-99	-99	-99	-99
30.11.2007	-99	-99	-99	-99
01.12.2007	-99	-99	-99	-99
02.12.2007	-99	-99	-99	-99
03.12.2007	-99	-99	-99	-99
04.12.2007	-99	-99	-99	-99
05.12.2007	-99	-99	-99	-99
06.12.2007	-99	-99	-99	-99
07.12.2007	-99	-99	-99	-99
08.12.2007	-99	-99	-99	-99
09.12.2007	-99	-99	-99	-99
10.12.2007	-99	-99	-99	-99
11.12.2007	-99	-99	-99	-99
12.12.2007	-99	-99	-99	-99
13.12.2007	-99	-99	-99	-99
14.12.2007	-99	-99	-99	-99
15.12.2007	-99	-99	-99	-99
16.12.2007	-99	-99	-99	-99
17.12.2007	-99	-99	-99	-99
18.12.2007	-99	-99	-99	-99
19.12.2007	-99	-99	-99	-99
20.12.2007	-99	-99	-99	-99
21.12.2007	-99	-99	-99	-99
22.12.2007	-99	-99	-99	-99
23.12.2007	-99	-99	-99	-99
24.12.2007	-99	-99	-99	-99
25.12.2007	-99	-99	-99	-99
26.12.2007	-99	-99	-99	-99
27.12.2007	-99	-99	-99	-99
28.12.2007	-99	-99	-99	-99
29.12.2007	-99	-99	-99	-99
30.12.2007	-99	-99	-99	-99
31.12.2007	-99	-99	-99	-99
01.01.2008	-99	-99	-99	-99
02.01.2008	-99	-99	-99	-99
03.01.2008	-99	-99	-99	-99
04.01.2008	-99	-99	-99	-99
05.01.2008	-99	-99	-99	-99
06.01.2008	-99	-99	-99	-99
07.01.2008	-99	-99	-99	-99
08.01.2008	-99	-99	-99	-99
09.01.2008	-99	-99	-99	-99
10.01.2008	-99	-99	-99	-99
11.01.2008	-99	-99	-99	-99
12.01.2008	-99	-99	-99	-99
13.01.2008	-99	-99	-99	-99
14.01.2008	-99	-99	-99	-99
15.01.2008	-99	-99	-99	-99
16.01.2008	-99	-99	-99	-99
17.01.2008	-99	-99	-99	-99
18.01.2008	-99	-99	-99	-99
19.01.2008	-99	-99	-99	-99
20.01.2008	-99	-99	-99	-99
21.01.2008	-99	-99	-99	-99
22.01.2008	-99	-99	-99	-99
23.01.2008	-99	-99	-99	-99
24.01.2008	-99	-99	-99	-99
25.01.2008	-99	-99	-99	-99
26.01.2008	-99	-99	-99	-99
27.01.2008	-99	-99	-99	-99
28.01.2008	-99	-99	-99	-99
29.01.2008	-99	-99	-99	-99
30.01.2008	-99	-99	-99	-99
31.01.2008	-99	-99	-99	-99
01.02.2008	-99	-99	-99	-99
02.02.2008	-99	-99	-99	-99
03.02.2008	-99	-99	-99	-99
04.02.2008	-99	-99	-99	-99
05.02.2008	-99	-99	-99	-99
06.02.2008	-99	-99	-99	-99
07.02.2008	-99	-99	-99	-99
08.02.2008	-99	-99	-99	-99
09.02.2008	-99	-99	-99	-99
10.02.2008	-99	-99	-99	-99
11.02.2008	-99	-99	-99	-99
12.02.2008	-99	-99	-99	-99
13.02.2008	-99	-99	-99	-99
14.02.2008	-99	-99	-99	-99
15.02.2008	-99	-99	-99	-99
16.02.2008	-99	-99	-99	-99
17.02.2008	-99	-99	-99	-99
18.02.2008	-99	-99	-99	-99
19.02.2008	-99	-99	-99	-99
20.02.2008	-99	-99	-99	-99
21.02.2008	-99	-99	-99	-99
22.02.2008	-99	-99	-99	-99
23.02.2008	-99	-99	-99	-99
24.02.2008	-99	-99	-99	-99
25.02.2008	-99	-99	-99	-99
26.02.2008	-99	-99	-99	-99
27.02.2008	-99	-99	-99	-99
28.02.2008	-99	-99	-99	-99
29.02.2008	-99	-99	-99	-99
01.03.2008	-99	-99	-99	-99
02.03.2008	-99	-99	-99	-99
03.03.2008	-99	-99	-99	-99
04.03.2008	-99	-99	-99	-99
05.03.2008	-99	-99	-99	-99
06.03.2008	-99	-99	-99	-99
07.03.2008	-99	-99	-99	-99
08.03.2008	-99	-99	-99	-99
09.03.2008	-99	-99	-99	-99
10.03.2008	-99	-99	-99	-99
11.03.2008	-99	-99	-99	-99
12.03.2008	-99	-99	-99	-99
13.03.2008	-99	-99	-99	-99
14.03.2008	-99	-99	-99	-99
15.03.2008	-99	-99	-99	-99
16.03.2008	-99	-99	-99	-99
17.03.2008	-99	-99	-99	-99
18.03.2008	-99	-99	-99	-99
19.03.2008	-99	-99	-99	-99
20.03.2008	-99	-99	-99	-99
21.03.2008	-99	-99	-99	-99
22.03.2008	-99	-99	-99	-99
23.03.2008	-99	-99	-99	-99
24.03.2008	-99	-99	-99	-99
25.03.2008	-99	-99	-99	-99
26.03.2008	-99	-99	-99	-99
27.03.2008	-99	-99	-99	-99
28.03.2008	-99	-99	-99	-99
29.03.2008	-99	-99	-99	-99
30.03.2008	-99	-99	-99	-99
31.03.2008	-99	-99	-99	-99
01.04.2008	-99	-99	-99	-99
02.04.2008	-99	-99	-99	-99
03.04.2008	-99	-99	-99	-99
04.04.2008	-99	-99	-99	-99
05.04.2008	-99	-99	-99	-99
06.04.2008	-99	-99	-99	-99
07.04.2008	-99	-99	-99	-99
08.04.2008	-99	-99	-99	-99
09.04.2008	-99	-99	-99	-99
10.04.2008	-99	-99	-99	-99
11.04.2008	-99	-99	-99	-99
12.04.2008	-99	-99	-99	-99
13.04.2008	-99	-99	-99	-99
14.04.2008	-99	-99	-99	-99
15.04.2008	-99	-99	-99	-99
16.04.2008	-99	-99	-99	-99
17.04.2008	-99	-99	-99	-99
18.04.2008	-99	-99	-99	-99
19.04.2008	-99	-99	-99	-99
20.04.2008	-99	-99	-99	-99
21.04.2008	-99	-99	-99	-99
22.04.2008	-99	-99	-99	-99
23.04.2008	-99	-99	-99	-99
24.04.2008	-99	-99	-99	-99
25.04.2008	-99	-99	-99	-99
26.04.2008	-99	-99	-99	-99
27.04.2008	-99	-99	-99	-99
28.04.2008	-99	-99	-99	-99
29.04.2008	-99	-99	-99	-99
30.04.2008	-99	-99	-99	-99
01.05.2008	-99	-99	-99	-99
02.05.2008	-99	-99	-99	-99
03.05.2008	-99	-99	-99	-99
04.05.2008	-99	-99	-99	-99
05.05.2008	-99	-99	-99	-99
06.05.2008	-99	-99	-99	-99
07.05.2008	-99	-99	-99	-99
08.05.2008	-99	-99	-99	-99
09.05.2008	-99	-99	-99	-99
10.05.2008	-99	-99	-99	-99
11.05.2008	-99	-99	-99	-99
12.05.2008	-99	-99	-99	-99
13.05.2008	-99	-99	-99	-99
14.05.2008	-99	-99	-99	-99
15.05.2008	-99	-99	-99	-99
16.05.2008	-99	-99	-99	-99
17.05.2008	-99	-99	-99	-99
18.05.2008	-99	-99	-99	-99
19.05.2008	-99	-99	-99	-99
20.05.2008	-99	-99	-99	-99
21.05.2008	-99	-99	-99	-99
22.05.2008	-99	-99	-99	-99
23.05.2008	-99	-99	-99	-99
24.05.2008	-99	-99	-99	-99
25.05.2008	-99	-99	-99	-99
26.05.2008	-99	-99	-99	-99
27.05.2008	-99	-99	-99	-99
28.05.2008	-99	-99	-99	-99
29.05.2008	-99	-99	-99	-99
30.05.2008	-99	-99	-99	-99
31.05.2008	-99	-99	-99	-99
01.06.2008	-99	-99	-99	-99
02.06.2008	-99	-99	-99	-99
03.06.2008	-99	-99	-99	-99
04.06.2008	-99	-99	-99	-99
05.06.2008	-99	-99	-99	-99
06.06.2008	-99	-99	-99	-99
07.06.2008	-99	-99	-99	-99
08.06.2008	-99	-99	-99	-99
09.06.2008	-99	-99	-99	-99
10.06.2008	-99	-99	-99	-99
11.06.2008	-99	-99	-99	-99
12.06.2008	-99	-99	-99	-99
13.06.2008	-99	-99	-99	-99
14.06.2008	-99	-99	-99	-99
15.06.2008	-99	-99	-99	-99
16.06.2008	-99	-99	-99	-99
17.06.2008	-99	-99	-99	-99
18.06.2008	-99	-99	-99	-99
19.06.2008	-99	-99	-99	-99
20.06.2008	-99	-99	-99	-99
21.06.2008	-99	-99	-99	-99
22.06.2008	-99	-99	-99	-99
23.06.2008	-99	-99	-99	-99
24.06.2008	-99	-99	-99	-99
25.06.2008	-99	-99	-99	-99
26.06.2008	-99	-99	-99	-99
27.06.2008	-99	-99	-99	-99
28.06.2008	-99	-99	-99	-99
29.06.2008	-99	-99	-99	-99
30.06.2008	-99	-99	-99	-99
01.07.2008	-99	-99	-99	-99
02.07.2008	-99	-99	-99	-99
03.07.2008	-99	-99	-99	-99
04.07.2008	-99	-99	-99	-99
05.07.2008	-99	-99	-99	-99
06.07.2008	-99	-99	-99	-99
07.07.2008	-99	-99	-99	-99
08.07.2008	-99	-99	-99	-99
09.07.2008	-99	-99	-99	-99
10.07.2008	-99	-99	-99	-99
11.07.2008	-99	-99	-99	-99
12.07.2008	-99	-99	-99	-99
13.07.2008	-99	-99	-99	-99
14.07.2008	-99	-99	-99	-99
15.07.2008	-99	-99	-99	-99
16.07.2008	-99	-99	-99	-99
17.07.2008	-99	-99	-99	-99
18.07.2008	-99	-99	-99	-99
19.07.2008	-99	-99	-99	-99
20.07.2008	-99	-99	-99	-99
21.07.2008	-99	-99	-99	-99
22.07.2008	-99	-99	-99	-99
23.07.2008	-99	-99	-99	-99
24.07.2008	-99	-99	-99	-99
25.07.2008	-99	-99	-99	-99
26.07.2008	-99	-99	-99	-99
27.07.2008	-99	-99	-99	-99
28.07.2008	-99	-99	-99	-99
29.07.2008	-99	-99	-99	-99
30.07.2008	-99	-99	-99	-99
31.07.2008	-99	-99	-99	-99
01.08.2008	-99	-99	-99	-99
02.08.2008	-99	-99	-99	-99
03.08.2008	-99	-99	-99	-99
04.08.2008	-99	-99	-99	-99
05.08.2008	-99	-99	-99	-99
06.08.2008	-99	-99	-99	-99
07.08.2008	-99	-99	-99	-99
08.08.2008	-99	-99	-99	-99
09.08.2008	-99	-99	-99	-99
10.08.2008	-99	-99	-99	-99
11.08.2008	-99	-99	-99	-99
12.08.2008	-99	-99	-99	-99
13.08.2008	-99	-99	-99	-99
14.08.2008	-99	-99	-99	-99
15.08.2008	-99	-99	-99	-99
16.08.2008	-99	-99	-99	-99
17.08.2008	-99	-99	-99	-99
18.08.2008	-99	-99	-99	-99
19.08.2008	-99	-99	-99	-99
20.08.2008	-99	-99	-99	-99
21.08.2008	-99	-99	-99	-99
22.08.2008	-99	-99	-99	-99
23.08.2008	-99	-99	-99	-99
24.08.2008	-99	-99	-99	-99
25.08.2008	-99	-99	-99	-99
26.08.2008	-99	-99	-99	-99
27.08.2008	-99	-99	-99	-99
28.08.2008	-99	-99	-99	-99
29.08.2008	-99	-99	-99	-99
30.08.2008	-99	-99	-99	-99
31.08.2008	-99	-99	-99	-99
01.09.2008	-99	-99	-99	-99
02.09.2008	-99	-99	-99	-99
03.09.2008	-99	-99	-99	-99
04.09.2008	-99	-99	-99	-99
05.09.2008	-99	-99	-99	-99
06.09.2008	-99	-99	-99	-99
07.09.2008	-99	-99	-99	-99
08.09.2008	-99	-99	-99	-99
09.09.2008	-99	-99	-99	-99
10.09.2008	-99	-99	-99	-99
11.09.2008	-99	-99	-99	-99
12.09.2008	-99	-99	-99	-99
13.09.2008	-99	-99	-99	-99
14.09.2008	-99	-99	-99	-99
15.09.2008	-99	-99	-99	-99
16.09.2008	-99	-99	-99	-99
17.09.2008	-99	-99	-99	-99
18.09.2008	-99	-99	-99	-99
19.09.2008	-99	-99	-99	-99
20.09.2008	-99	-99	-99	-99
21.09.2008	-99	-99	-99	-99
22.09.2008	-99	-99	-99	-99
23.09.2008	-99	-99	-99	-99
24.09.2008	-99	-99	-99	-99
25.09.2008	-99	-99	-99	-99
26.09.2008	-99	-99	-99	-99
27.09.2008	-99	-99	-99	-99
28.09.2008	-99	-99	-99	-99
29.09.2008	-99	-99	-99	-99
30.09.2008	-99	-99	-99	-99
01.10.2008	-99	-99	-99	-99
02.10.2008	-99	-99	-99	-99
03.10.2008	-99	-99	-99	-99
04.10.2008	-99	-99	-99	-99
05.10.2008	-99	-99	-99	-99
06.10.2008	-99	-99	-99	-99
07.10.2008	-99	-99	-99	-99
08.10.2008	-99	-99	-99	-99
09.10.2008	-99	-99	-99	-99
10.10.2008	-99	-99	-99	-99
11.10.2008	-99	-99	-99	-99
12.10.2008	-99	-99	-99	-99
13.10.2008	-99	-99	-99	-99
14.10.2008	-99	-99	-99	-99
15.10.2008	-99	-99	-99	-99
16.10.2008	-99	-99	-99	-99
17.10.2008	-99	-99	-99	-99
18.10.2008	-99	-99	-99	-99
19.10.2008	-99	-99	-99	-99
20.10.2008	-99	-99	-99	-99
21.10.2008	-99	-99	-99	-99
22.10.2008	-99	-99	-99	-99
23.10.2008	-99	-99	-99	-99
24.10.2008	-99	-99	-99	-99
25.10.2008	-99	-99	-99	-99
26.10.2008	-99	-99	-99	-99
27.10.2008	-99	-99	-99	-99
28.10.2008	-99	-99	-99	-99
29.10.2008	-99	-99	-99	-99
30.10.2008	-99	-99	-99	-99
31.10.2008	-99	-99	-99	-99
01.11.2008	-99	-99	-99	-99
02.11.2008	-99	-99	-99	-99
03.11.2008	-99	-99	-99	-99
04.11.2008	-99	-99	-99	-99
05.11.2008	-99	-99	-99	-99
06.11.2008	-99	-99	-99	-99
07.11.2008	-99	-99	-99	-99
08.11.2008	-99	-99	-99	-99
09.11.2008	-99	-99	-99	-99
10.11.2008	-99	-99	-99	-99
11.11.2008	-99	-99	-99	-99
12.11.2008	-99	-99	-99	-99
13.11.2008	-99	-99	-99	-99
14.11.2008	-99	-99	-99	-99
15.11.2008	-99	-99	-99	-99
16.11.2008	-99	-99	-99	-99
17.11.2008	-99	-99	-99	-99
18.11.2008	-99	-99	-99	-99
19.11.2008	-99	-99	-99	-99
20.11.2008	-99	-99	-99	-99
21.11.2008	-99	-99	-99	-99
22.11.2008	-99	-99	-99	-99
23.11.2008	-99	-99	-99	-99
24.11.2008	-99	-99	-99	-99
25.11.2008	-99	-99	-99	-99
26.11.2008	-99	-99	-99	-99
27.11.2008	-99	-99	-99	-99
28.11.2008	-99	-99	-99	-99
29.11.2008	-99	-99	-99	-99
30.11.2008	-99	-99	-99	-99
01.12.2008	-99	-99	-99	-99
02.12.2008	-99	-99	-99	-99
03.12.2008	-99	-99	-99	-99
04.12.2008	-99	-99	-99	-99
05.12.2008	-99	-99	-99	-99
06.12.2008	-99	-99	-99	-99
07.12.2008	-99	-99	-99	-99
08.12.2008	-99	-99	-99	-99
09.12.2008	-99	-99	-99	-99
10.12.2008	-99	-99	-99	-99
11.12.2008	-99	-99	-99	-99
12.12.2008	-99	-99	-99	-99
13.12.2008	-99	-99	-99	-99
14.12.2008	-99	-99	-99	-99
15.12.2008	-99	-99	-99	-99
16.12.2008	-99	-99	-99	-99
17.12.2008	-99	-99	-99	-99
18.12.2008	-99	-99	-99	-99
19.12.2008	-99	-99	-99	-99
20.12.2008	-99	-99	-99	-99
21.12.2008	-99	-99	-99	-99
22.12.2008	-99	-99	-99	-99
23.12.2008	-99	-99	-99	-99
24.12.2008	-99	-99	-99	-99
25.12.2008	-99	-99	-99	-99
26.12.2008	-99	-99	-99	-99
27.12.2008	-99	-99	-99	-99
28.12.2008	-99	-99	-99	-99
29.12.2008	-99	-99	-99	-99
30.12.2008	-99	-99	-99	-99
31.12.2008	-99	-99	-99	-99
01.01.2009	-99	-99	-99	-99
02.01.2009	-99	-99	-99	-99
03.01.2009	-99	-99	-99	-99
04.01.2009	-99	-99	-99	-99
05.01.2009	-99	-99	-99	-99
06.01.2009	-99	-99	-99	-99
07.01.2009	-99	-99	-99	-99
08.01.2009	-99	-99	-99	-99
09.01.2009	-99	-99	-99	-99
10.01.2009	-99	-99	-99	-99
11.01.2009	-99	-99	-99	-99
12.01.2009	-99	-99	-99	-99
13.01.2009	-99	-99	-99	-99
14.01.2009	-99	-99	-99	-99
15.01.2009	-99	-99	-99	-99
16.01.2009	-99	-99	-99	-99
17.01.2009	-99	-99	-99	-99
18.01.2009	-99	-99	-99	-99
19.01.2009	-99	-99	-99	-99
20.01.2009	-99	-99	-99	-99
21.01.2009	-99	-99	-99	-99
22.01.2009	-99	-99	-99	-99
23.01.2009	-99	-99	-99	-99
24.01.2009	-99	-99	-99	-99
25.01.2009	-99	-99	-99	-99
26.01.2009	-99	-99	-99	-99
27.01.2009	-99	-99	-99	-99
28.01.2009	-99	-99	-99	-99
29.01.2009	-99	-99	-99	-99
30.01.2009	-99	-99	-99	-99
31.01.2009	-99	-99	-99	-99
01.02.2009	-99	-99	-99	-99
02.02.2009	-99	-99	-99	-99
03.02.2009	-99	-99	-99	-99
04.02.2009	-99	-99	-99	-99
05.02.2009	-99	-99	-99	-99
06.02.2009	-99	-99	-99	-99
07.02.2009	-99	-99	-99	-99
08.02.2009	-99	-99	-99	-99
09.02.2009	-99	-99	-99	-99
10.02.2009	-99	-99	-99	-99
11.02.2009	-99	-99	-99	-99
12.02.2009	-99	-99	-99	-99
13.02.2009	-99	-99	-99	-99
14.02.2009	-99	-99	-99	-99
15.02.2009	-99	-99	-99	-99
16.02.2009	-99	-99	-99	-99
17.02.2009	-99	-99	-99	-99
18.02.2009	-99	-99	-99	-99
19.02.2009	-99	-99	-99	-99
20.02.2009	-99	-99	-99	-99
21.02.2009	-99	-99	-99	-99
22.02.2009	-99	-99	-99	-99
23.02.2009	-99	-99	-99	-99
24.02.2009	-99	-99	-99	-99
25.02.2009	-99	-99	-99	-99
26.02.2009	-99	-99	-99	-99
27.02.2009	-99	-99	-99	-99
28.02.2009	-99	-99	-99	-99
01.03.2009	-99	-99	-99	-99
02.03.2009	-99	-99	-99	-99
03.03.2009	-99	-99	-99	-99
04.03.2009	-99	-99	-99	-99
05.03.2009	-99	-99	-99	-99
06.03.2009	-99	-99	-99	-99
07.03.2009	-99	-99	-99	-99
08.03.2009	-99	-99	-99	-99
09.03.2009	-99	-99	-99	-99
10.03.2009	-99	-99	-99	-99
11.03.2009	-99	-99	-99	-99
12.03.2009	-99	-99	-99	-99
13.03.2009	-99	-99	-99	-99
14.03.2009	-99	-99	-99	-99
15.03.2009	-99	-99	-99	-99
16.03.2009	-99	-99	-99	-99
17.03.2009	-99	-99	-99	-99
18.03.2009	-99	-99	-99	-99
19.03.2009	-99	-99	-99	-99
20.03.2009	-99	-99	-99	-99
21.03.2009	-99	-99	-99	-99
22.03.2009	-99	-99	-99	-99
23.03.2009	-99	-99	-99	-99
24.03.2009	-99	-99	-99	-99
25.03.2009	-99	-99	-99	-99
26.03.2009	-99	-99	-99	-99
27.03.2009	-99	-99	-99	-99
28.03.2009	-99	-99	-99	-99
29.03.2009	-99	-99	-99	-99
30.03.2009	-99	-99	-99	-99
31.03.2009	-99	-99	-99	-99
01.04.2009	-99	-99	-99	-99
02.04.2009	-99	-99	-99	-99
03.04.2009	-99	-99	-99	-99
04.04.2009	-99	-99	-99	-99
05.04.2009	-99	-99	-99	-99
06.04.2009	-99	-99	-99	-99
07.04.2009	-99	-99	-99	-99
08.04.2009	-99	-99	-99	-99
09.04.2009	-99	-99	-99	-99
10.04.2009	-99	-99	-99	-99
11.04.2009	-99	-99	-99	-99
12.04.2009	-99	-99	-99	-99
13.04.2009	-99	-99	-99	-99
14.04.2009	-99	-99	-99	-99
15.04.2009	-99	-99	-99	-99
16.04.2009	-99	-99	-99	-99
17.04.2009	-99	-99	-99	-99
18.04.2009	-99	-99	-99	-99
19.04.2009	-99	-99	-99	-99
20.04.2009	-99	-99	-99	-99
21.04.2009	-99	-99	-99	-99
22.04.2009	-99	-99	-99	-99
23.04.2009	-99	-99	-99	-99
24.04.2009	-99	-99	-99	-99
25.04.2009	-99	-99	-99	-99
26.04.2009	-99	-99	-99	-99
27.04.2009	-99	-99	-99	-99
28.04.2009	-99	-99	-99	-99
29.04.2009	-99	-99	-99	-99
30.04.2009	-99	-99	-99	-99
01.05.2009	-99	-99	-99	-99
02.05.2009	-99	-99	-99	-99
03.05.2009	-99	-99	-99	-99
04.05.2009	-99	-99	-99	-99
05.05.2009	-99	-99	-99	-99
06.05.2009	-99	-99	-99	-99
07.05.2009	-99	-99	-99	-99
08.05.2009	-99	-99	-99	-99
09.05.2009	-99	-99	-99	-99
10.05.2009	-99	-99	-99	-99
11.05.2009	-99	-99	-99	-99
12.05.2009	-99	-99	-99	-99
13.05.2009	-99	-99	-99	-99
14.05.2009	-99	-99	-99	-99
15.05.2009	-99	-99	-99	-99
16.05.2009	-99	-99	-99	-99
17.05.2009	-99	-99	-99	-99
18.05.2009	-99	-99	-99	-99
19.05.2009	-99	-99	-99	-99
20.05.2009	-99	-99	-99	-99
21.05.2009	-99	-99	-99	-99
22.05.2009	-99	-99	-99	-99
23.05.2009	-99	-99	-99	-99
24.05.2009	-99	-99	-99	-99
25.05.2009	-99	-99	-99	-99
26.05.2009	-99	-99	-99	-99
27.05.2009	-99	-99	-99	-99
28.05.2009	-99	-99	-99	-99
29.05.2009	-99	-99	-99	-99
30.05.2009	-99	-99	-99	-99
31.05.2009	-99	-99	-99	-99
01.06.2009	-99	-99	-99	-99
02.06.2009	-99	-99	-99	-99
03.06.2009	-99	-99	-99	-99
04.06.2009	-99	-99	-99	-99
05.06.2009	-99	-99	-99	-99
06.06.2009	-99	-99	-99	-99
07.06.2009	-99	-99	-99	-99
08.06.2009	-99	-99	-99	-99
09.06.2009	-99	-99	-99	-99
10.06.2009	-99	-99	-99	-99
11.06.2009	-99	-99	-99	-99
12.06.2009	-99	-99	-99	-99
13.06.2009	-99	-99	-99	-99
14.06.2009	-99	-99	-99	-99
15.06.2009	-99	-99	-99	-99
16.06.2009	-99	-99	-99	-99
17.06.2009	-99	-99	-99	-99
18.06.2009	-99	-99	-99	-99
19.06.2009	-99	-99	-99	-99
20.06.2009	-99	-99	-99	-99
21.06.2009	-99	-99	-99	-99
22.06.2009	-99	-99	-99	-99
23.06.2009	-99	-99	-99	-99
24.06.2009	-99	-99	-99	-99
25.06.2009	-99	-99	-99	-99
26.06.2009	-99	-99	-99	-99
27.06.2009	-99	-99	-99	-99
28.06.2009	-99	-99	-99	-99
29.06.2009	-99	-99	-99	-99
30.06.2009	-99	-99	-99	-99
01.07.2009	-99	-99	-99	-99
02.07.2009	-99	-99	-99	-99
03.07.2009	-99	-99	-99	-99
04.07.2009	-99	-99	-99	-99
05.07.2009	-99	-99	-99	-99
06.07.2009	-99	-99	-99	-99
07.07.2009	-99	-99	-99	-99
08.07.2009	-99	-99	-99	-99
09.07.2009	-99	-99	-99	-99
10.07.2009	-99	-99	-99	-99
11.07.2009	-99	-99	-99	-99
12.07.2009	-99	-99	-99	-99
13.07.2009	-99	-99	-99	-99
14.07.2009	-99	-99	-99	-99
15.07.2009	-99	-99	-99	-99
16.07.2009	-99	-99	-99	-99
17.07.2009	-99	-99	-99	-99
18.07.2009	-99	-99	-99	-99
19.07.2009	-99	-99	-99	-99
20.07.2009	-99	-99	-99	-99
21.07.2009	-99	-99	-99	-99
22.07.2009	-99	-99	-99	-99
23.07.2009	-99	-99	-99	-99
24.07.2009	-99	-99	-99	-99
25.07.2009	-99	-99	-99	-99
26.07.2009	-99	-99	-99	-99
27.07.2009	-99	-99	-99	-99
28.07.2009	-99	-99	-99	-99
29.07.2009	-99	-99	-99	-99
30.07.2009	-99	-99	-99	-99
31.07.2009	-99	-99	-99	-99
01.08.2009	-99	-99	-99	-99
02.08.2009	-99	-99	-99	-99
03.08.2009	-99	-99	-99	-99
04.08.2009	-99	-99	-99	-99
05.08.2009	-99	-99	-99	-99
06.08.2009	-99	-99	-99	-99
07.08.2009	-99	-99	-99	-99
08.08.2009	-99	-99	-99	-99
09.08.2009	-99	-99	-99	-99
10.08.2009	-99	-99	-99	-99
11.08.2009	-99	-99	-99	-99
12.08.2009	-99	-99	-99	-99
13.08.2009	-99	-99	-99	-99
14.08.2009	-99	-99	-99	-99
15.08.2009	-99	-99	-99	-99
16.08.2009	-99	-99	-99	-99
17.08.2009	-99	-99	-99	-99
18.08.2009	-99	-99	-99	-99
19.08.2009	-99	-99	-99	-99
20.08.2009	-99	-99	-99	-99
21.08.2009	-99	-99	-99	-99
22.08.2009	-99	-99	-99	-99
23.08.2009	-99	-99	-99	-99
24.08.2009	-99	-99	-99	-99
25.08.2009	-99	-99	-99	-99
26.08.2009	-99	-99	-99	-99
27.08.2009	-99	-99	-99	-99
28.08.2009	-99	-99	-99	-99
29.08.2009	-99	-99	-99	-99
30.08.2009	-99	-99	-99	-99
31.08.2009	-99	-99	-99	-99
01.09.2009	-99	-99	-99	-99
02.09.2009	-99	-99	-99	-99
03.09.2009	-99	-99	-99	-99
04.09.2009	-99	-99	-99	-99
05.09.2009	-99	-99	-99	-99
06.09.2009	-99	-99	-99	-99
07.09.2009	-99	-99	-99	-99
08.09.2009	-99	-99	-99	-99
09.09.2009	-99	-99	-99	-99
10.09.2009	-99	-99	-99	-99
11.09.2009	-99	-99	-99	-99
12.09.2009	-99	-99	-99	-99
13.09.2009	-99	-99	-99	-99
14.09.2009	-99	-99	-99	-99
15.09.2009	-99	-99	-99	-99
16.09.2009	-99	-99	-99	-99
17.09.2009	-99	-99	-99	-99
18.09.2009	-99	-99	-99	-99
19.09.2009	-99	-99	-99	-99
20.09.2009	-99	-99	-99	-99
21.09.2009	-99	-99	-99	-99
22.09.2009	-99	-99	-99	-99
23.09.2009	-99	-99	-99	-99
24.09.2009	-99	-99	-99	-99
25.09.2009	-99	-99	-99	-99
26.09.2009	-99	-99	-99	-99
27.09.2009	-99	-99	-99	-99
28.09.2009	-99	-99	-99	-99
29.09.2009	-99	-99	-99	-99
30.09.2009	-99	-99	-99	-99
01.10.2009	-99	-99	-99	-99
02.10.2009	-99	-99	-99	-99
03.10.2009	-99	-99	-99	-99
04.10.2009	-99	-99	-99	-99
05.10.2009	-99	-99	-99	-99
06.10.2009	-99	-99	-99	-99
07.10.2009	-99	-99	-99	-99
08.10.2009	-99	-99	-99	-99
09.10.2009	-99	-99	-99	-99
10.10.2009	-99	-99	-99	-99
11.10.2009	-99	-99	-99	-99
12.10.2009	-99	-99	-99	-99
13.10.2009	-99	-99	-99	-99
14.10.2009	-99	-99	-99	-99
15.10.2009	-99	-99	-99	-99
16.10.2009	-99	-99	-99	-99
17.10.2009	-99	-99	-99	-99
18.10.2009	-99	-99	-99	-99
19.10.2009	-99	-99	-99	-99
20.10.2009	-99	-99	-99	-99
21.10.2009	-99	-99	-99	-99
22.10.2009	-99	-99	-99	-99
23.10.2009	-99	-99	-99	-99
24.10.2009	-99	-99	-99	-99
25.10.2009	-99	-99	-99	-99
26.10.2009	-99	-99	-99	-99
27.10.2009	-99	-99	-99	-99
28.10.2009	-99	-99	-99	-99
29.10.2009	-99	-99	-99	-99
30.10.2009	-99	-99	-99	-99
31.10.2009	-99	-99	-99	-99
01.11.2009	-99	-99	-99	-99
02.11.2009	-99	-99	-99	-99
03.11.2009	-99	-99	-99	-99
04.11.2009	-99	-99	-99	-99
05.11.2009	-99	-99	-99	-99
06.11.2009	-99	-99	-99	-99
07.11.2009	-99	-99	-99	-99
08.11.2009	-99	-99	-99	-99
09.11.2009	-99	-99	-99	-99
10.11.2009	-99	-99	-99	-99
11.11.2009	-99	-99	-99	-99
12.11.2009	-99	-99	-99	-99
13.11.2009	-99	-99	-99	-99
14.11.2009	-99	-99	-99	-99
15.11.2009	-99	-99	-99	-99
16.11.2009	-99	-99	-99	-99
17.11.2009	-99	-99	-99	-99
18.11.2009	-99	-99	-99	-99
19.11.2009	-99	-99	-99	-99
20.11.2009	-99	-99	-99	-99
21.11.2009	-99	-99	-99	-99
22.11.2009	-99	-99	-99	-99
23.11.2009	-99	-99	-99	-99
24.11.2009	-99	-99	-99	-99
25.11.2009	-99	-99	-99	-99
26.11.2009	-99	-99	-99	-99
27.11.2009	-99	-99	-99	-99
28.11.2009	-99	-99	-99	-99
29.11.2009	-99	-99	-99	-99
30.11.2009	-99	-99	-99	-99
01.12.2009	-99	-99	-99	-99
02.12.2009	-99	-99	-99	-99
03.12.2009	-99	-99	-99	-99
04.12.2009	-99	-99	-99	-99
05.12.2009	-99	-99	-99	-99
06.12.2009	-99	-99	-99	-99
07.12.2009	-99	-99	-99	-99
08.12.2009	-99	-99	-99	-99
09.12.2009	-99	-99	-99	-99
10.12.2009	-99	-99	-99	-99
11.12.2009	-99	-99	-99	-99
12.12.2009	-99	-99	-99	-99
13.12.2009	-99	-99	-99	-99
14.12.2009	-99	-99	-99	-99
15.12.2009	-99	-99	-99	-99
16.12.2009	-99	-99	-99	-99
17.12.2009	-99	-99	-99	-99
18.12.2009	-99	-99	-99	-99
19.12.2009	-99	-99	-99	-99
20.12.2009	-99	-99	-99	-99
21.12.2009	-99	-99	-99	-99
22.12.2009	-99	-99	-99	-99
23.12.2009	-99	-99	-99	-99
24.12.2009	-99	-99	-99	-99
25.12.2009	-99	-99	-99	-99
26.12.2009	-99	-99	-99	-99
27.12.2009	-99	-99	-99	-99
28.12.2009	-99	-99	-99	-99
29.12.2009	-99	-99	-99	-99
30.12.2009	-99	-99	-99	-99
31.12.2009	-99	-99	-99	-99
01.01.2010	-99	-99	-99	-99
02.01.2010	-99	-99	-99	-99
03.01.2010	-99	-99	-99	-99
04.01.2010	-99	-99	-99	-99
05.01.2010	-99	-99	-99	-99
06.01.2010	-99	-99	-99	-99
07.01.2010	-99	-99	-99	-99
08.01.2010	-99	-99	-99	-99
09.01.2010	-99	-99	-99	-99
10.01.2010	-99	-99	-99	-99
11.01.2010	-99	-99	-99	-99
12.01.2010	-99	-99	-99	-99
13.01.2010	-99	-99	-99	-99
14.01.2010	-99	-99	-99	-99
15.01.2010	-99	-99	-99	-99
16.01.2010	-99	-99	-99	-99
17.01.2010	-99	-99	-99	-99
18.01.2010	-99	-99	-99	-99
19.01.2010	-99	-99	-99	-99
20.01.2010	-99	-99	-99	-99
21.01.2010	-99	-99	-99	-99
22.01.2010	-99	-99	-99	-99
23.01.2010	-99	-99	-99	-99
24.01.2010	-99	-99	-99	-99
25.01.2010	-99	-99	-99	-99
26.01.2010	-99	-99	-99	-99
27.01.2010	-99	-99	-99	-99
28.01.2010	-99	-99	-99	-99
29.01.2010	-99	-99	-99	-99
30.01.2010	-99	-99	-99	-99
31.01.2010	-99	-99	-99	-99
01.02.2010	-99	-99	-99	-99
02.02.2010	-99	-99	-99	-99
03.02.2010	-99	-99	-99	-99
04.02.2010	-99	-99	-99	-99
05.02.2010	-99	-99	-99	-99
06.02.2010	-99	-99	-99	-99
07.02.2010	-99	-99	-99	-99
08.02.2010	-99	-99	-99	-99
09.02.2010	-99	-99	-99	-99
10.02.2010	-99	-99	-99	-99
11.02.2010	-99	-99	-99	-99
12.02.2010	-99	-99	-99	-99
13.02.2010	-99	-99	-99	-99
14.02.2010	-99	-99	-99	-99
15.02.2010	-99	-99	-99	-99
16.02.2010	-99	-99	-99	-99
17.02.2010	-99	-99	-99	-99
18.02.2010	-99	-99	-99	-99
19.02.2010	-99	-99	-99	-99
20.02.2010	-99	-99	-99	-99
21.02.2010	-99	-99	-99	-99
22.02.2010	-99	-99	-99	-99
23.02.2010	-99	-99	-99	-99
24.02.2010	-99	-99	-99	-99
25.02.2010	-99	-99	-99	-99
26.02.2010	-99	-99	-99	-99
27.02.2010	-99	-99	-99	-99
28.02.2010	-99	-99	-99	-99
01.03.2010	-99	-99	-99	-99
02.03.2010	-99	-99	-99	-99
03.03.2010	-99	-99	-99	-99
04.03.2010	-99	-99	-99	-99
05.03.2010	-99	-99	-99	-99
06.03.2010	-99	-99	-99	-99
07.03.2010	-99	-99	-99	-99
08.03.2010	-99	-99	-99	-99
09.03.2010	-99	-99	-99	-99
10.03.2010	-99	-99	-99	-99
11.03.2010	-99	-99	-99	-99
12.03.2010	-99	-99	-99	-99
13.03.2010	-99	-99	-99	-99
14.03.2010	-99	-99	-99	-99
15.03.2010	-99	-99	-99	-99
16.03.2010	-99	-99	-99	-99
17.03.2010	-99	-99	-99	-99
18.03.2010	-99	-99	-99	-99
19.03.2010	-99	-99	-99	-99
20.03.2010	-99	-99	-99	-99
21.03.2010	-99	-99	-99	-99
22.03.2010	-99	-99	-99	-99
23.03.2010	-99	-99	-99	-99
24.03.2010	-99	-99	-99	-99
25.03.2010	-99	-99	-99	-99
26.03.2010	-99	-99	-99	-99
27.03.2010	-99	-99	-99	-99
28.03.2010	-99	-99	-99	-99
29.03.2010	-99	-99	-99	-99
30.03.2010	-99	-99	-99	-99
31.03.2010	-99	-99	-99	-99
01.04.2010	-99	-99	-99	-99
02.04.2010	-99	-99	-99	-99
03.04.2010	-99	-99	-99	-99
04.04.2010	-99	-99	-99	-99
05.04.2010	-99	-99	-99	-99
06.04.2010	-99	-99	-99	-99
07.04.2010	-99	-99	-99	-99
08.04.2010	-99	-99	-99	-99
09.04.2010	-99	-99	-99	-99
10.04.2010	-99	-99	-99	-99
11.04.2010	-99	-99	-99	-99
12.04.2010	-99	-99	-99	-99
13.04.2010	-99	-99	-99	-99
14.04.2010	-99	-99	-99	-99
15.04.2010	-99	-99	-99	-99
16.04.2010	-99	-99	-99	-99
17.04.2010	-99	-99	-99	-99
18.04.2010	-99	-99	-99	-99
19.04.2010	-99	-99	-99	-99
20.04.2010	-99	-99	-99	-99
21.04.2010	-99	-99	-99	-99
22.04.2010	-99	-99	-99	-99
23.04.2010	-99	-99	-99	-99
24.04.2010	-99	-99	-99	-99
25.04.2010	-99	-99	-99	-99
26.04.2010	-99	-99	-99	-99
27.04.2010	-99	-99	-99	-99
28.04.2010	-99	-99	-99	-99
29.04.2010	-99	-99	-99	-99
30.04.2010	-99	-99	-99	-99
01.05.2010	-99	-99	-99	-99
02.05.2010	-99	-99	-99	-99
03.05.2010	-99	-99	-99	-99
04.05.2010	-99	-99	-99	-99
05.05.2010	-99	-99	-99	-99
06.05.2010	-99	-99	-99	-99
07.05.2010	-99	-99	-99	-99
08.05.2010	-99	-99	-99	-99
09.05.2010	-99	-99	-99	-99
10.05.2010	-99	-99	-99	-99
11.05.2010	-99	-99	-99	-99
12.05.2010	-99	-99	-99	-99
13.05.2010	-99	-99	-99	-99
14.05.2010	-99	-99	-99	-99
15.05.2010	-99	-99	-99	-99
16.05.2010	-99	-99	-99	-99
17.05.2010	-99	-99	-99	-99
18.05.2010	-99	-99	-99	-99
19.05.2010	-99	-99	-99	-99
20.05.2010	-99	-99	-99	-99
21.05.2010	-99	-99	-99	-99
22.05.2010	-99	-99	-99	-99
23.05.2010	-99	-99	-99	-99
24.05.2010	-99	-99	-99	-99
25.05.2010	-99	-99	-99	-99
26.05.2010	-99	-99	-99	-99
27.05.2010	-99	-99	-99	-99
28.05.2010	-99	-99	-99	-99
29.05.2010	-99	-99	-99	-99
30.05.2010	-99	-99	-99	-99
31.05.2010	-99	-99	-99	-99
01.06.2010	-99	-99	-99	-99
02.06.2010	-99	-99	-99	-99
03.06.2010	-99	-99	-99	-99
04.06.2010	-99	-99	-99	-99
05.06.2010	-99	-99	-99	-99
06.06.2010	-99	-99	-99	-99
07.06.2010	-99	-99	-99	-99
08.06.2010	-99	-99	-99	-99
09.06.2010	-99	-99	-99	-99
10.06.2010	-99	-99	-99	-99
11.06.2010	-99	-99	-99	-99
12.06.2010	-99	-99	-99	-99
13.06.2010	-99	-99	-99	-99
14.06.2010	-99	-99	-99	-99
15.06.2010	-99	-99	-99	-99
16.06.2010	-99	-99	-99	-99
17.06.2010	-99	-99	-99	-99
18.06.2010	-99	-99	-99	-99
19.06.2010	-99	-99	-99	-99
20.06.2010	-99	-99	-99	-99
21.06.2010	-99	-99	-99	-99
22.06.2010	-99	-99	-99	-99
23.06.2010	-99	-99	-99	-99
24.06.2010	-99	-99	-99	-99
25.06.2010	-99	-99	-99	-99
26.06.2010	-99	-99	-99	-99
27.06.2010	-99	-99	-99	-99
28.06.2010	-99	-99	-99	-99
29.06.2010	-99	-99	-99	-99
30.06.2010	-99	-99	-99	-99
01.07.2010	-99	-99	-99	-99
02.07.2010	-99	-99	-99	-99
03.07.2010	-99	-99	-99	-99
04.07.2010	-99	-99	-99	-99
05.07.2010	-99	-99	-99	-99
06.07.2010	-99	-99	-99	-99
07.07.2010	-99	-99	-99	-99
08.07.2010	-99	-99	-99	-99
09.07.2010	-99	-99	-99	-99
10.07.2010	-99	-99	-99	-99
11.07.2010	-99	-99	-99	-99
12.07.2010	-99	-99	-99	-99
13.07.2010	-99	-99	-99	-99
14.07.2010	-99	-99	-99	-99
15.07.2010	-99	-99	-99	-99
16.07.2010	-99	-99	-99	-99
17.07.2010	-99	-99	-99	-99
18.07.2010	-99	-99	-99	-99
19.07.2010	-99	-99	-99	-99
20.07.2010	-99	-99	-99	-99
21.07.2010	-99	-99	-99	-99
22.07.2010	-99	-99	-99	-99
23.07.2010	-99	-99	-99	-99
24.07.2010	-99	-99	-99	-99
25.07.2010	-99	-99	-99	-99
26.07.2010	-99	-99	-99	-99
27.07.2010	-99	-99	-99	-99
28.07.2010	-99	-99	-99	-99
29.07.2010	-99	-99	-99	-99
30.07.2010	-99	-99	-99	-99
31.07.2010	-99	-99	-99	-99
01.08.2010	-99	-99	-99	-99
02.08.2010	-99	-99	-99	-99
03.08.2010	-99	-99	-99	-99
04.08.2010	-99	-99	-99	-99
05.08.2010	-99	-99	-99	-99
06.08.2010	-99	-99	-99	-99
07.08.2010	-99	-99	-99	-99
08.08.2010	-99	-99	-99	-99
09.08.2010	-99	-99	-99	-99
10.08.2010	-99	-99	-99	-99
11.08.2010	-99	-99	-99	-99
12.08.2010	-99	-99	-99	-99
13.08.2010	-99	-99	-99	-99
14.08.2010	-99	-99	-99	-99
15.08.2010	-99	-99	-99	-99
16.08.2010	-99	-99	-99	-99
17.08.2010	-99	-99	-99	-99
18.08.2010	-99	-99	-99	-99
19.08.2010	-99	-99	-99	-99
20.08.2010	-99	-99	-99	-99
21.08.2010	-99	-99	-99	-99
22.08.2010	-99	-99	-99	-99
23.08.2010	-99	-99	-99	-99
24.08.2010	-99	-99	-99	-99
25.08.2010	-99	-99	-99	-99
26.08.2010	-99	-99	-99	-99
27.08.2010	-99	-99	-99	-99
28.08.2010	-99	-99	-99	-99
29.08.2010	-99	-99	-99	-99
30.08.2010	-99	-99	-99	-99
31.08.2010	-99	-99	-99	-99
01.09.2010	-99	-99	-99	-99
02.09.2010	-99	-99	-99	-99
03.09.2010	-99	-99	-99	-99
04.09.2010	-99	-99	-99	-99
05.09.2010	-99	-99	-99	-99
06.09.2010	-99	-99	-99	-99
07.09.2010	-99	-99	-99	-99
08.09.2010	-99	-99	-99	-99
09.09.2010	-99	-99	-99	-99
10.09.2010	-99	-99	-99	-99
11.09.2010	-99	-99	-99	-99
12.09.2010	-99	-99	-99	-99
13.09.2010	-99	-99	-99	-99
14.09.2010	-99	-99	-99	-99
15.09.2010	-99	-99	-99	-99
16.09.2010	-99	-99	-99	-99
17.09.2010	-99	-99	-99	-99
18.09.2010	-99	-99	-99	-99
19.09.2010	-99	-99	-99	-99
20.09.2010	-99	-99	-99	-99
21.09.2010	-99	-99	-99	-99
22.09.2010	-99	-99	-99	-99
23.09.2010	-99	-99	-99	-99
24.09.2010	-99	-99	-99	-99
25.09.2010	-99	-99	-99	-99
26.09.2010	-99	-99	-99	-99
27.09.2010	-99	-99	-99	-99
28.09.2010	-99	-99	-99	-99
29.09.2010	-99	-99	-99	-99
30.09.2010	-99	-99	-99	-99
01.10.2010	-99	-99	-99	-99
02.10.2010	-99	-99	-99	-99
03.10.2010	-99	-99	-99	-99
04.10.2010	-99	-99	-99	-99
05.10.2010	-99	-99	-99	-99
06.10.2010	-99	-99	-99	-99
07.10.2010	-99	-99	-99	-99
08.10.2010	-99	-99	-99	-99
09.10.2010	-99	-99	-99	-99
10.10.2010	-99	-99	-99	-99
11.10.2010	-99	-99	-99	-99
12.10.2010	-99	-99	-99	-99
13.10.2010	-99	-99	-99	-99
14.10.2010	-99	-99	-99	-99
15.10.2010	-99	-99	-99	-99
16.10.2010	-99	-99	-99	-99
17.10.2010	-99	-99	-99	-99
18.10.2010	-99	-99	-99	-99
19.10.2010	-99	-99	-99	-99
20.10.2010	-99	-99	-99	-99
21.10.2010	-99	-99	-99	-99
22.10.2010	-99	-99	-99	-99
23.10.2010	-99	-99	-99	-99
24.10.2010	-99	-99	-99	-99
25.10.2010	-99	-99	-99	-99
26.10.2010	-99	-99	-99	-99
27.10.2010	-99	-99	-99	-99
28.10.2010	-99	-99	-99	-99
29.10.2010	-99	-99	-99	-99
30.10.2010	-99	-99	-99	-99
31.10.2010	-99	-99	-99	-99
01.11.2010	-99	-99	-99	-99
02.11.2010	-99	-99	-99	-99
03.11.2010	-99	-99	-99	-99
04.11.2010	-99	-99	-99	-99
05.11.2010	-99	-99	-99	-99
06.11.2010	-99	-99	-99	-99
07.11.2010	-99	-99	-99	-99
08.11.2010	-99	-99	-99	-99
09.11.2010	-99	-99	-99	-99
10.11.2010	-99	-99	-99	-99
11.11.2010	-99	-99	-99	-99
12.11.2010	-99	-99	-99	-99
13.11.2010	-99	-99	-99	-99
14.11.2010	-99	-99	-99	-99
15.11.2010	-99	-99	-99	-99
16.11.2010	-99	-99	-99	-99
17.11.2010	-99	-99	-99	-99
18.11.2010	-99	-99	-99	-99
19.11.2010	-99	-99	-99	-99
20.11.2010	-99	-99	-99	-99
21.11.2010	-99	-99	-99	-99
22.11.2010	-99	-99	-99	-99
23.11.2010	-99	-99	-99	-99
24.11.2010	-99	-99	-99	-99
25.11.2010	-99	-99	-99	-99
26.11.2010	-99	-99	-99	-99
27.11.2010	-99	-99	-99	-99
28.11.2010	-99	-99	-99	-99
29.11.2010	-99	-99	-99	-99
30.11.2010	-99	-99	-99	-99
01.12.2010	-99	-99	-99	-99
02.12.2010	-99	-99	-99	-99
03.12.2010	-99	-99	-99	-99
04.12.2010	-99	-99	-99	-99
05.12.2010	-99	-99	-99	-99
06.12.2010	-99	-99	-99	-99
07.12.2010	-99	-99	-99	-99
08.12.2010	-99	-99	-99	-99
09.12.2010	-99	-99	-99	-99
10.12.2010	-99	-99	-99	-99
11.12.2010	-99	-99	-99	-99
12.12.2010	-99	-99	-99	-99
13.12.2010	-99	-99	-99	-99
14.12.2010	-99	-99	-99	-99
15.12.2010	-99	-99	-99	-99
16.12.2010	-99	-99	-99	-99
17.12.2010	-99	-99	-99	-99
18.12.2010	-99	-99	-99	-99
19.12.2010	-99	-99	-99	-99
20.12.2010	-99	-99	-99	-99
21.12.2010	-99	-99	-99	-99
22.12.2010	-99	-99	-99	-99
23.12.2010	-99	-99	-99	-99
24.12.2010	-99	-99	-99	-99
25.12.2010	-99	-99	-99	-99
26.12.2010	-99	-99	-99	-99
27.12.2010	-99	-99	-99	-99
28.12.2010	-99	-99	-99	-99
29.12.2010	-99	-99	-99	-99
30.12.2010	-99	-99	-99	-99
31.12.2010	-99	-99	-99	-99
01.01.2011	-99	-99	-99	-99
02.01.2011	-99	-99	-99	-99
03.01.2011	-99	-99	-99	-99
04.01.2011	-99	-99	-99	-99
05.01.2011	-99	-99	-99	-99
06.01.2011	-99	-99	-99	-99
07.01.2011	-99	-99	-99	-99
08.01.2011	-99	-99	-99	-99
09.01.2011	-99	-99	-99	-99
10.01.2011	-99	-99	-99	-99
11.01.2011	-99	-99	-99	-99
12.01.2011	-99	-99	-99	-99
13.01.2011	-99	-99	-99	-99
14.01.2011	-99	-99	-99	-99
15.01.2011	-99	-99	-99	-99
16.01.2011	-99	-99	-99	-99
17.01.2011	-99	-99	-99	-99
18.01.2011	-99	-99	-99	-99
19.01.2011	-99	-99	-99	-99
20.01.2011	-99	-99	-99	-99
21.01.2011	-99	-99	-99	-99
22.01.2011	-99	-99	-99	-99
23.01.2011	-99	-99	-99	-99
24.01.2011	-99	-99	-99	-99
25.01.2011	-99	-99	-99	-99
26.01.2011	-99	-99	-99	-99
27.01.2011	-99	-99	-99	-99
28.01.2011	-99	-99	-99	-99
29.01.2011	-99	-99	-99	-99
30.01.2011	-99	-99	-99	-99
31.01.2011	-99	-99	-99	-99
01.02.2011	-99	-99	-99	-99
02.02.2011	-99	-99	-99	-99
03.02.2011	-99	-99	-99	-99
04.02.2011	-99	-99	-99	-99
05.02.2011	-99	-99	-99	-99
06.02.2011	-99	-99	-99	-99
07.02.2011	-99	-99	-99	-99
08.02.2011	-99	-99	-99	-99
09.02.2011	-99	-99	-99	-99
10.02.2011	-99	-99	-99	-99
11.02.2011	-99	-99	-99	-99
12.02.2011	-99	-99	-99	-99
13.02.2011	-99	-99	-99	-99
14.02.2011	-99	-99	-99	-99
15.02.2011	-99	-99	-99	-99
16.02.2011	-99	-99	-99	-99
17.02.2011	-99	-99	-99	-99
18.02.2011	-99	-99	-99	-99
19.02.2011	-99	-99	-99	-99
20.02.2011	-99	-99	-99	-99
21.02.2011	-99	-99	-99	-99
22.02.2011	-99	-99	-99	-99
23.02.2011	-99	-99	-99	-99
24.02.2011	-99	-99	-99	-99
25.02.2011	-99	-99	-99	-99
26.02.2011	-99	-99	-99	-99
27.02.2011	-99	-99	-99	-99
28.02.2011	-99	-99	-99	-99
01.03.2011	-99	-99	-99	-99
02.03.2011	-99	-99	-99	-99
03.03.2011	-99	-99	-99	-99
04.03.2011	-99	-99	-99	-99
05.03.2011	-99	-99	-99	-99
06.03.2011	-99	-99	-99	-99
07.03.2011	-99	-99	-99	-99
08.03.2011	-99	-99	-99	-99
09.03.2011	-99	-99	-99	-99
10.03.2011	-99	-99	-99	-99
11.03.2011	-99	-99	-99	-99
12.03.2011	-99	-99	-99	-99
13.03.2011	-99	-99	-99	-99
14.03.2011	-99	-99	-99	-99
15.03.2011	-99	-99	-99	-99
16.03.2011	-99	-99	-99	-99
17.03.2011	-99	-99	-99	-99
18.03.2011	-99	-99	-99	-99
19.03.2011	-99	-99	-99	-99
20.03.2011	-99	-99	-99	-99
21.03.2011	-99	-99	-99	-99
22.03.2011	-99	-99	-99	-99
23.03.2011	-99	-99	-99	-99
24.03.2011	-99	-99	-99	-99
25.03.2011	-99	-99	-99	-99
26.03.2011	-99	-99	-99	-99
27.03.2011	-99	-99	-99	-99
28.03.2011	-99	-99	-99	-99
29.03.2011	-99	-99	-99	-99
30.03.2011	-99	-99	-99	-99
31.03.2011	-99	-99	-99	-99
01.04.2011	-99	-99	-99	-99
02.04.2011	-99	-99	-99	-99
03.04.2011	-99	-99	-99	-99
04.04.2011	-99	-99	-99	-99
05.04.2011	-99	-99	-99	-99
06.04.2011	-99	-99	-99	-99
07.04.2011	-99	-99	-99	-99
08.04.2011	-99	-99	-99	-99
09.04.2011	-99	-99	-99	-99
10.04.2011	-99	-99	-99	-99
11.04.2011	-99	-99	-99	-99
12.04.2011	-99	-99	-99	-99
13.04.2011	-99	-99	-99	-99
14.04.2011	-99	-99	-99	-99
15.04.2011	-99	-99	-99	-99
16.04.2011	-99	-99	-99	-99
17.04.2011	-99	-99	-99	-99
18.04.2011	-99	-99	-99	-99
19.04.2011	-99	-99	-99	-99
20.04.2011	-99	-99	-99	-99
21.04.2011	-99	-99	-99	-99
22.04.2011	-99	-99	-99	-99
23.04.2011	-99	-99	-99	-99
24.04.2011	-99	-99	-99	-99
25.04.2011	-99	-99	-99	-99
26.04.2011	-99	-99	-99	-99
27.04.2011	-99	-99	-99	-99
28.04.2011	-99	-99	-99	-99
29.04.2011	-99	-99	-99	-99
30.04.2011	-99	-99	-99	-99
01.05.2011	-99	-99	-99	-99
02.05.2011	-99	-99	-99	-99
03.05.2011	-99	-99	-99	-99
04.05.2011	-99	-99	-99	-99
05.05.2011	-99	-99	-99	-99
06.05.2011	-99	-99	-99	-99
07.05.2011	-99	-99	-99	-99
08.05.2011	-99	-99	-99	-99
09.05.2011	-99	-99	-99	-99
10.05.2011	-99	-99	-99	-99
11.05.2011	-99	-99	-99	-99
12.05.2011	-99	-99	-99	-99
13.05.2011	-99	-99	-99	-99
14.05.2011	-99	-99	-99	-99
15.05.2011	-99	-99	-99	-99
16.05.2011	-99	-99	-99	-99
17.05.2011	-99	-99	-99	-99
18.05.2011	-99	-99	-99	-99
19.05.2011	-99	-99	-99	-99
20.05.2011	-99	-99	-99	-99
21.05.2011	-99	-99	-99	-99
22.05.2011	-99	-99	-99	-99
23.05.2011	-99	-99	-99	-99
24.05.2011	-99	-99	-99	-99
25.05.2011	-99	-99	-99	-99
26.05.2011	-99	-99	-99	-99
27.05.2011	-99	-99	-99	-99
28.05.2011	-99	-99	-99	-99
29.05.2011	-99	-99	-99	-99
30.05.2011	-99	-99	-99	-99
31.05.2011	-99	-99	-99	-99
01.06.2011	-99	-99	-99	-99
02.06.2011	-99	-99	-99	-99
03.06.2011	-99	-99	-99	-99
04.06.2011	-99	-99	-99	-99
05.06.2011	-99	-99	-99	-99
06.06.2011	-99	-99	-99	-99
07.06.2011	-99	-99	-99	-99
08.06.2011	-99	-99	-99	-99
09.06.2011	-99	-99	-99	-99
10.06.2011	-99	-99	-99	-99
11.06.2011	-99	-99	-99	-99
12.06.2011	-99	-99	-99	-99
13.06.2011	-99	-99	-99	-99
14.06.2011	-99	-99	-99	-99
15.06.2011	-99	-99	-99	-99
16.06.2011	-99	-99	-99	-99
17.06.2011	-99	-99	-99	-99
18.06.2011	-99	-99	-99	-99
19.06.2011	-99	-99	-99	-99
20.06.2011	-99	-99	-99	-99
21.06.2011	-99	-99	-99	-99
22.06.2011	-99	-99	-99	-99
23.06.2011	-99	-99	-99	-99
24.06.2011	-99	-99	-99	-99
25.06.2011	-99	-99	-99	-99
26.06.2011	-99	-99	-99	-99
27.06.2011	-99	-99	-99	-99
28.06.2011	-99	-99	-99	-99
29.06.2011	-99	-99	-99	-99
30.06.2011	-99	-99	-99	-99
01.07.2011	-99	-99	-99	-99
02.07.2011	-99	-99	-99	-99
03.07.2011	-99	-99	-99	-99
04.07.2011	-99	-99	-99	-99
05.07.2011	-99	-99	-99	-99
06.07.2011	-99	-99	-99	-99
07.07.2011	-99	-99	-99	-99
08.07.2011	-99	-99	-99	-99
09.07.2011	-99	-99	-99	-99
10.07.2011	-99	-99	-99	-99
11.07.2011	-99	-99	-99	-99
12.07.2011	-99	-99	-99	-99
13.07.2011	-99	-99	-99	-99
14.07.2011	-99	-99	-99	-99
15.07.2011	-99	-99	-99	-99
16.07.2011	-99	-99	-99	-99
17.07.2011	-99	-99	-99	-99
18.07.2011	-99	-99	-99	-99
19.07.2011	-99	-99	-99	-99
20.07.2011	-99	-99	-99	-99
21.07.2011	-99	-99	-99	-99
22.07.2011	-99	-99	-99	-99
23.07.2011	-99	-99	-99	-99
24.07.2011	-99	-99	-99	-99
25.07.2011	-99	-99	-99	-99
26.07.2011	-99	-99	-99	-99
27.07.2011	-99	-99	-99	-99
28.07.2011	-99	-99	-99	-99
29.07.2011	-99	-99	-99	-99
30.07.2011	-99	-99	-99	-99
31.07.2011	-99	-99	-99	-99
01.08.2011	-99	-99	-99	-99
02.08.2011	-99	-99	-99	-99
03.08.2011	-99	-99	-99	-99
04.08.2011	-99	-99	-99	-99
05.08.2011	-99	-99	-99	-99
06.08.2011	-99	-99	-99	-99
07.08.2011	-99	-99	-99	-99
08.08.2011	-99	-99	-99	-99
09.08.2011	-99	-99	-99	-99
10.08.2011	-99	-99	-99	-99
11.08.2011	-99	-99	-99	-99
12.08.2011	-99	-99	-99	-99
13.08.2011	-99	-99	-99	-99
14.08.2011	-99	-99	-99	-99
15.08.2011	-99	-99	-99	-99
16.08.2011	-99	-99	-99	-99
17.08.2011	-99	-99	-99	-99
18.08.2011	-99	-99	-99	-99
19.08.2011	-99	-99	-99	-99
20.08.2011	-99	-99	-99	-99
21.08.2011	-99	-99	-99	-99
22.08.2011	-99	-99	-99	-99
23.08.2011	-99	-99	-99	-99
24.08.2011	-99	-99	-99	-99
25.08.2011	-99	-99	-99	-99
26.08.2011	-99	-99	-99	-99
27.08.2011	-99	-99	-99	-99
28.08.2011	-99	-99	-99	-99
29.08.2011	-99	-99	-99	-99
30.08.2011	-99	-99	-99	-99
31.08.2011	-99	-99	-99	-99
01.09.2011	-99	-99	-99	-99
02.09.2011	-99	-99	-99	-99
03.09.2011	-99	-99	-99	-99
04.09.2011	-99	-99	-99	-99
05.09.2011	-99	-99	-99	-99
06.09.2011	-99	-99	-99	-99
07.09.2011	-99	-99	-99	-99
08.09.2011	-99	-99	-99	-99
09.09.2011	-99	-99	-99	-99
10.09.2011	-99	-99	-99	-99
11.09.2011	-99	-99	-99	-99
12.09.2011	-99	-99	-99	-99
13.09.2011	-99	-99	-99	-99
14.09.2011	-99	-99	-99	-99
15.09.2011	-99	-99	-99	-99
16.09.2011	-99	-99	-99	-99
17.09.2011	-99	-99	-99	-99
18.09.2011	-99	-99	-99	-99
19.09.2011	-99	-99	-99	-99
20.09.2011	-99	-99	-99	-99
21.09.2011	-99	-99	-99	-99
22.09.2011	-99	-99	-99	-99
23.09.2011	-99	-99	-99	-99
24.09.2011	-99	-99	-99	-99
25.09.2011	-99	-99	-99	-99
26.09.2011	-99	-99	-99	-99
27.09.2011	-99	-99	-99	-99
28.09.2011	-99	-99	-99	-99
29.09.2011	-99	-99	-99	-99
30.09.2011	-99	-99	-99	-99
01.10.2011	-99	-99	-99	-99
02.10.2011	-99	-99	-99	-99
03.10.2011	-99	-99	-99	-99
04.10.2011	-99	-99	-99	-99
05.10.2011	-99	-99	-99	-99
06.10.2011	-99	-99	-99	-99
07.10.2011	-99	-99	-99	-99
08.10.2011	-99	-99	-99	-99
09.10.2011	-99	-99	-99	-99
10.10.2011	-99	-99	-99	-99
11.10.2011	-99	-99	-99	-99
12.10.2011	-99	-99	-99	-99
13.10.2011	-99	-99	-99	-99
14.10.2011	-99	-99	-99	-99
15.10.2011	-99	-99	-99	-99
16.10.2011	-99	-99	-99	-99
17.10.2011	-99	-99	-99	-99
18.10.2011	-99	-99	-99	-99
19.10.2011	-99	-99	-99	-99
20.10.2011	-99	-99	-99	-99
21.10.2011	-99	-99	-99	-99
22.10.2011	-99	-99	-99	-99
23.10.2011	-99	-99	-99	-99
24.10.2011	-99	-99	-99	-99
25.10.2011	-99	-99	-99	-99
26.10.2011	-99	-99	-99	-99
27.10.2011	-99	-99	-99	-99
28.10.2011	-99	-99	-99	-99
29.10.2011	-99	-99	-99	-99
30.10.2011	-99	-99	-99	-99
31.10.2011	-99	-99	-99	-99
01.11.2011	-99	-99	-99	-99
02.11.2011	-99	-99	-99	-99
03.11.2011	-99	-99	-99	-99
04.11.2011	-99	-99	-99	-99
05.11.2011	-99	-99	-99	-99
06.11.2011	-99	-99	-99	-99
07.11.2011	-99	-99	-99	-99
08.11.2011	-99	-99	-99	-99
09.11.2011	-99	-99	-99	-99
10.11.2011	-99	-99	-99	-99
11.11.2011	-99	-99	-99	-99
12.11.2011	-99	-99	-99	-99
13.11.2011	-99	-99	-99	-99
14.11.2011	-99	-99	-99	-99
15.11.2011	-99	-99	-99	-99
16.11.2011	-99	-99	-99	-99
17.11.2011	-99	-99	-99	-99
18.11.2011	-99	-99	-99	-99
19.11.2011	-99	-99	-99	-99
20.11.2011	-99	-99	-99	-99
21.11.2011	-99	-99	-99	-99
22.11.2011	-99	-99	-99	-99
23.11.2011	-99	-99	-99	-99
24.11.2011	-99	-99	-99	-99
25.11.2011	-99	-99	-99	-99
26.11.2011	-99	-99	-99	-99
27.11.2011	-99	-99	-99	-99
28.11.2011	-99	-99	-99	-99
29.11.2011	-99	-99	-99	-99
30.11.2011	-99	-99	-99	-99
01.12.2011	-99	-99	-99	-99
02.12.2011	-99	-99	-99	-99
03.12.2011	-99	-99	-99	-99
04.12.2011	-99	-99	-99	-99
05.12.2011	-99	-99	-99	-99
06.12.2011	-99	-99	-99	-99
07.12.2011	-99	-99	-99	-99
08.12.2011	-99	-99	-99	-99
09.12.2011	-99	-99	-99	-99
10.12.2011	-99	-99	-99	-99
11.12.2011	-99	-99	-99	-99
12.12.2011	-99	-99	-99	-99
13.12.2011	-99	-99	-99	-99
14.12.2011	-99	-99	-99	-99
15.12.2011	-99	-99	-99	-99
16.12.2011	-99	-99	-99	-99
17.12.2011	-99	-99	-99	-99
18.12.2011	-99	-99	-99	-99
19.12.2011	-99	-99	-99	-99
20.12.2011	-99	-99	-99	-99
21.12.2011	-99	-99	-99	-99
22.12.2011	-99	-99	-99	-99
23.12.2011	-99	-99	-99	-99
24.12.2011	-99	-99	-99	-99
25.12.2011	-99	-99	-99	-99
26.12.2011	-99	-99	-99	-99
27.12.2011	-99	-99	-99	-99
28.12.2011	-99	-99	-99	-99
29.12.2011	-99	-99	-99	-99
30.12.2011	-99	-99	-99	-99
31.12.2011	-99	-99	-99	-99
01.01.2012	-99	-99	-99	-99
02.01.2012	-99	-99	-99	-99
03.01.2012	-99	-99	-99	-99
04.01.2012	-99	-99	-99	-99
05.01.2012	-99	-99	-99	-99
06.01.2012	-99	-99	-99	-99
07.01.2012	-99	-99	-99	-99
08.01.2012	-99	-99	-99	-99
09.01.2012	-99	-99	-99	-99
10.01.2012	-99	-99	-99	-99
11.01.2012	-99	-99	-99	-99
12.01.2012	-99	-99	-99	-99
13.01.2012	-99	-99	-99	-99
14.01.2012	-99	-99	-99	-99
15.01.2012	-99	-99	-99	-99
16.01.2012	-99	-99	-99	-99
17.01.2012	-99	-99	-99	-99
18.01.2012	-99	-99	-99	-99
19.01.2012	-99	-99	-99	-99
20.01.2012	-99	-99	-99	-99
21.01.2012	-99	-99	-99	-99
22.01.2012	-99	-99	-99	-99
23.01.2012	-99	-99	-99	-99
24.01.2012	-99	-99	-99	-99
25.01.2012	-99	-99	-99	-99
26.01.2012	-99	-99	-99	-99
27.01.2012	-99	-99	-99	-99
28.01.2012	-99	-99	-99	-99
29.01.2012	-99	-99	-99	-99
30.01.2012	-99	-99	-99	-99
31.01.2012	-99	-99	-99	-99
01.02.2012	-99	-99	-99	-99
02.02.2012	-99	-99	-99	-99
03.02.2012	-99	-99	-99	-99
04.02.2012	-99	-99	-99	-99
05.02.2012	-99	-99	-99	-99
06.02.2012	-99	-99	-99	-99
07.02.2012	-99	-99	-99	-99
08.02.2012	-99	-99	-99	-99
09.02.2012	-99	-99	-99	-99
10.02.2012	-99	-99	-99	-99
11.02.2012	-99	-99	-99	-99
12.02.2012	-99	-99	-99	-99
13.02.2012	-99	-99	-99	-99
14.02.2012	-99	-99	-99	-99
15.02.2012	-99	-99	-99	-99
16.02.2012	-99	-99	-99	-99
17.02.2012	-99	-99	-99	-99
18.02.2012	-99	-99	-99	-99
19.02.2012	-99	-99	-99	-99
20.02.2012	-99	-99	-99	-99
21.02.2012	-99	-99	-99	-99
22.02.2012	-99	-99	-99	-99
23.02.2012	-99	-99	-99	-99
24.02.2012	-99	-99	-99	-99
25.02.2012	-99	-99	-99	-99
26.02.2012	-99	-99	-99	-99
27.02.2012	-99	-99	-99	-99
28.02.2012	-99	-99	-99	-99
29.02.2012	-99	-99	-99	-99
01.03.2012	-99	-99	-99	-99
02.03.2012	-99	-99	-99	-99
03.03.2012	-99	-99	-99	-99
04.03.2012	-99	-99	-99	-99
05.03.2012	-99	-99	-99	-99
06.03.2012	-99	-99	-99	-99
07.03.2012	-99	-99	-99	-99
08.03.2012	-99	-99	-99	-99
09.03.2012	-99	-99	-99	-99
10.03.2012	-99	-99	-99	-99
11.03.2012	-99	-99	-99	-99
12.03.2012	-99	-99	-99	-99
13.03.2012	-99	-99	-99	-99
14.03.2012	-99	-99	-99	-99
15.03.2012	-99	-99	-99	-99
16.03.2012	-99	-99	-99	-99
17.03.2012	-99	-99	-99	-99
18.03.2012	-99	-99	-99	-99
19.03.2012	-99	-99	-99	-99
20.03.2012	-99	-99	-99	-99
21.03.2012	-99	-99	-99	-99
22.03.2012	-99	-99	-99	-99
23.03.2012	-99	-99	-99	-99
24.03.2012	-99	-99	-99	-99
25.03.2012	-99	-99	-99	-99
26.03.2012	-99	-99	-99	-99
27.03.2012	-99	-99	-99	-99
28.03.2012	-99	-99	-99	-99
29.03.2012	-99	-99	-99	-99
30.03.2012	-99	-99	-99	-99
31.03.2012	-99	-99	-99	-99
01.04.2012	-99	-99	-99	-99
02.04.2012	-99	-99	-99	-99
03.04.2012	-99	-99	-99	-99
04.04.2012	-99	-99	-99	-99
05.04.2012	-99	-99	-99	-99
06.04.2012	-99	-99	-99	-99
07.04.2012	-99	-99	-99	-99
08.04.2012	-99	-99	-99	-99
09.04.2012	-99	-99	-99	-99
10.04.2012	-99	-99	-99	-99
11.04.2012	-99	-99	-99	-99
12.04.2012	-99	-99	-99	-99
13.04.2012	-99	-99	-99	-99
14.04.2012	-99	-99	-99	-99
15.04.2012	-99	-99	-99	-99
16.04.2012	-99	-99	-99	-99
17.04.2012	-99	-99	-99	-99
18.04.2012	-99	-99	-99	-99
19.04.2012	-99	-99	-99	-99
20.04.2012	-99	-99	-99	-99
21.04.2012	-99	-99	-99	-99
22.04.2012	-99	-99	-99	-99
23.04.2012	-99	-99	-99	-99
24.04.2012	-99	-99	-99	-99
25.04.2012	-99	-99	-99	-99
26.04.2012	-99	-99	-99	-99
27.04.2012	-99	-99	-99	-99
28.04.2012	-99	-99	-99	-99
29.04.2012	-99	-99	-99	-99
30.04.2012	-99	-99	-99	-99
01.05.2012	-99	-99	-99	-99
02.05.2012	-99	-99	-99	-99
03.05.2012	-99	-99	-99	-99
04.05.2012	-99	-99	-99	-99
05.05.2012	-99	-99	-99	-99
06.05.2012	-99	-99	-99	-99
07.05.2012	-99	-99	-99	-99
08.05.2012	-99	-99	-99	-99
09.05.2012	-99	-99	-99	-99
10.05.2012	-99	-99	-99	-99
11.05.2012	-99	-99	-99	-99
12.05.2012	-99	-99	-99	-99
13.05.2012	-99	-99	-99	-99
14.05.2012	-99	-99	-99	-99
15.05.2012	-99	-99	-99	-99
16.05.2012	-99	-99	-99	-99
17.05.2012	-99	-99	-99	-99
18.05.2012	-99	-99	-99	-99
19.05.2012	-99	-99	-99	-99
20.05.2012	-99	-99	-99	-99
21.05.2012	-99	-99	-99	-99
22.05.2012	-99	-99	-99	-99
23.05.2012	-99	-99	-99	-99
24.05.2012	-99	-99	-99	-99
25.05.2012	-99	-99	-99	-99
26.05.2012	-99	-99	-99	-99
27.05.2012	-99	-99	-99	-99
28.05.2012	-99	-99	-99	-99
29.05.2012	-99	-99	-99	-99
30.05.2012	-99	-99	-99	-99
31.05.2012	-99	-99	-99	-99
01.06.2012	-99	-99	-99	-99
02.06.2012	-99	-99	-99	-99
03.06.2012	-99	-99	-99	-99
04.06.2012	-99	-99	-99	-99
05.06.2012	-99	-99	-99	-99
06.06.2012	-99	-99	-99	-99
07.06.2012	-99	-99	-99	-99
08.06.2012	-99	-99	-99	-99
09.06.2012	-99	-99	-99	-99
10.06.2012	-99	-99	-99	-99
11.06.2012	-99	-99	-99	-99
12.06.2012	-99	-99	-99	-99
13.06.2012	-99	-99	-99	-99
14.06.2012	-99	-99	-99	-99
15.06.2012	-99	-99	-99	-99
16.06.2012	-99	-99	-99	-99
17.06.2012	-99	-99	-99	-99
18.06.2012	-99	-99	-99	-99
19.06.2012	-99	-99	-99	-99
20.06.2012	-99	-99	-99	-99
21.06.2012	-99	-99	-99	-99
22.06.2012	-99	-99	-99	-99
23.06.2012	-99	-99	-99	-99
24.06.2012	-99	-99	-99	-99
25.06.2012	-99	-99	-99	-99
26.06.2012	-99	-99	-99	-99
27.06.2012	-99	-99	-99	-99
28.06.2012	-99	-99	-99	-99
29.06.2012	-99	-99	-99	-99
30.06.2012	-99	-99	-99	-99
01.07.2012	-99	-99	-99	-99
02.07.2012	-99	-99	-99	-99
03.07.2012	-99	-99	-99	-99
04.07.2012	-99	-99	-99	-99
05.07.2012	-99	-99	-99	-99
06.07.2012	-99	-99	-99	-99
07.07.2012	-99	-99	-99	-99
08.07.2012	-99	-99	-99	-99
09.07.2012	-99	-99	-99	-99
10.07.2012	-99	-99	-99	-99
11.07.2012	-99	-99	-99	-99
12.07.2012	-99	-99	-99	-99
13.07.2012	-99	-99	-99	-99
14.07.2012	-99	-99	-99	-99
15.07.2012	-99	-99	-99	-99
16.07.2012	-99	-99	-99	-99
17.07.2012	-99	-99	-99	-99
18.07.2012	-99	-99	-99	-99
19.07.2012	-99	-99	-99	-99
20.07.2012	-99	-99	-99	-99
21.07.2012	-99	-99	-99	-99
22.07.2012	-99	-99	-99	-99
23.07.2012	-99	-99	-99	-99
24.07.2012	-99	-99	-99	-99
25.07.2012	-99	-99	-99	-99
26.07.2012	-99	-99	-99	-99
27.07.2012	-99	-99	-99	-99
28.07.2012	-99	-99	-99	-99
29.07.2012	-99	-99	-99	-99
30.07.2012	-99	-99	-99	-99
31.07.2012	-99	-99	-99	-99
01.08.2012	-99	-99	-99	-99
02.08.2012	-99	-99	-99	-99
03.08.2012	-99	-99	-99	-99
04.08.2012	-99	-99	-99	-99
05.08.2012	-99	-99	-99	-99
06.08.2012	-99	-99	-99	-99
07.08.2012	-99	-99	-99	-99
08.08.2012	-99	-99	-99	-99
09.08.2012	-99	-99	-99	-99
10.08.2012	-99	-99	280.62	-99
11.08.2012	-99	-99	207.47	-99
12.08.2012	-99	-99	175.39	-99
13.08.2012	-99	-99	63.92	-99
14.08.2012	-99	-99	152.82	-99
15.08.2012	-99	-99	211.22	-99
16.08.2012	-99	-99	212.14	-99
17.08.2012	-99	-99	202.76	-99
18.08.2012	-99	-99	152.16	-99
19.08.2012	-99	-99	86.05	-99
20.08.2012	-99	-99	162.17	-99
21.08.2012	-99	-99	65.33	-99
22.08.2012	-99	-99	35.05	-99
23.08.2012	-99	-99	70.41	-99
24.08.2012	-99	-99	113.10	-99
25.08.2012	-99	-99	111.32	-99
26.08.2012	-99	-99	189.32	-99
27.08.2012	-99	-99	133.13	-99
28.08.2012	-99	-99	120.54	-99
29.08.2012	-99	-99	126.89	-99
30.08.2012	-99	-99	170.01	-99
31.08.2012	-99	-99	175.58	-99
01.09.2012	-99	-99	171.80	-99
02.09.2012	-99	-99	174.74	-99
03.09.2012	-99	-99	25.78	-99
04.09.2012	-99	-99	38.87	-99
05.09.2012	-99	-99	58.59	-99
06.09.2012	-99	-99	75.35	-99
07.09.2012	-99	-99	25.17	-99
08.09.2012	-99	-99	73.60	-99
09.09.2012	-99	-99	51.63	-99
10.09.2012	-99	-99	102.35	-99
11.09.2012	-99	-99	16.51	-99
12.09.2012	-99	-99	34.07	-99
13.09.2012	-99	-99	72.43	-99
14.09.2012	-99	-99	43.20	-99
15.09.2012	-99	-99	23.94	-99
16.09.2012	-99	-99	127.35	-99
17.09.2012	-99	-99	121.80	-99
18.09.2012	-99	-99	46.33	-99
19.09.2012	-99	-99	113.35	-99
20.09.2012	-99	-99	17.03	-99
21.09.2012	-99	-99	63.28	-99
22.09.2012	-99	-99	23.77	-99
23.09.2012	-99	-99	49.03	-99
24.09.2012	-99	-99	27.57	-99
25.09.2012	-99	-99	93.37	-99
26.09.2012	-99	-99	59.55	-99
27.09.2012	-99	-99	85.80	-99
28.09.2012	-99	-99	65.73	-99
29.09.2012	-99	-99	14.29	-99
30.09.2012	-99	-99	42.95	-99
01.10.2012	-99	-99	35.65	-99
02.10.2012	-99	-99	31.22	-99
03.10.2012	-99	-99	18.63	-99
04.10.2012	-99	-99	5.95	-99
05.10.2012	-99	-99	45.29	-99
06.10.2012	-99	-99	26.55	-99
07.10.2012	-99	-99	58.04	-99
08.10.2012	-99	-99	30.83	-99
09.10.2012	-99	-99	45.23	-99
10.10.2012	-99	-99	48.89	-99
11.10.2012	-99	-99	69.54	-99
12.10.2012	-99	-99	49.64	-99
13.10.2012	-99	-99	61.24	-99
14.10.2012	-99	-99	63.87	-99
15.10.2012	-99	-99	58.08	-99
16.10.2012	-99	-99	61.89	-99
17.10.2012	-99	-99	38.21	-99
18.10.2012	-99	-99	37.65	-99
19.10.2012	-99	-99	29.38	-99
20.10.2012	-99	-99	7.19	-99
21.10.2012	-99	-99	12.15	-99
22.10.2012	-99	-99	18.23	-99
23.10.2012	-99	-99	38.05	-99
24.10.2012	-99	-99	18.19	-99
25.10.2012	-99	-99	19.30	-99
26.10.2012	-99	-99	50.41	-99
27.10.2012	-99	-99	28.40	-99
28.10.2012	-99	-99	21.92	-99
29.10.2012	-99	-99	17.91	-99
30.10.2012	-99	-99	13.53	-99
31.10.2012	-99	-99	22.19	-99
01.11.2012	-99	-99	12.88	-99
02.11.2012	-99	-99	15.85	-99
03.11.2012	-99	-99	17.60	-99
04.11.2012	-99	-99	20.83	-99
05.11.2012	-99	-99	12.97	-99
06.11.2012	-99	-99	13.80	-99
07.11.2012	-99	-99	9.53	-99
08.11.2012	-99	-99	8.85	-99
09.11.2012	-99	-99	20.91	-99
10.11.2012	-99	-99	7.85	-99
11.11.2012	-99	-99	7.81	-99
12.11.2012	-99	-99	4.08	-99
13.11.2012	-99	-99	9.31	-99
14.11.2012	-99	-99	8.18	-99
15.11.2012	-99	-99	15.03	-99
16.11.2012	-99	-99	6.38	-99
17.11.2012	-99	-99	3.05	-99
18.11.2012	-99	-99	2.18	-99
19.11.2012	-99	-99	5.81	-99
20.11.2012	-99	-99	12.59	-99
21.11.2012	-99	-99	6.40	-99
22.11.2012	-99	-99	7.18	-99
23.11.2012	-99	-99	8.65	-99
24.11.2012	-99	-99	6.15	-99
25.11.2012	-99	-99	4.86	-99
26.11.2012	-99	-99	10.82	-99
27.11.2012	-99	-99	8.85	-99
28.11.2012	-99	-99	9.54	-99
29.11.2012	-99	-99	3.51	-99
30.11.2012	-99	-99	3.98	-99
01.12.2012	-99	-99	4.25	-99
02.12.2012	-99	-99	2.39	-99
03.12.2012	-99	-99	1.81	-99
04.12.2012	-99	-99	7.68	-99
05.12.2012	-99	-99	5.60	-99
06.12.2012	-99	-99	7.54	-99
07.12.2012	-99	-99	2.96	-99
08.12.2012	-99	-99	4.89	-99
09.12.2012	-99	-99	5.50	-99
10.12.2012	-99	-99	3.05	-99
11.12.2012	-99	-99	6.63	-99
12.12.2012	-99	-99	6.34	-99
13.12.2012	-99	-99	3.26	-99
14.12.2012	-99	-99	1.69	-99
15.12.2012	-99	-99	4.08	-99
16.12.2012	-99	-99	3.58	-99
17.12.2012	-99	-99	2.17	-99
18.12.2012	-99	-99	2.20	-99
19.12.2012	-99	-99	2.25	-99
20.12.2012	-99	-99	2.99	-99
21.12.2012	-99	-99	4.43	-99
22.12.2012	-99	-99	3.95	-99
23.12.2012	-99	-99	5.17	-99
24.12.2012	-99	-99	6.30	-99
25.12.2012	-99	-99	5.00	-99
26.12.2012	-99	-99	1.69	-99
27.12.2012	-99	-99	1.84	-99
28.12.2012	-99	-99	2.63	-99
29.12.2012	-99	-99	4.80	-99
30.12.2012	-99	-99	3.91	-99
31.12.2012	-99	-99	7.71	-99
01.01.2013	-99	-99	5.43	-99
02.01.2013	-99	-99	3.10	-99
03.01.2013	-99	-99	3.70	-99
04.01.2013	-99	-99	4.44	-99
05.01.2013	-99	-99	5.04	-99
06.01.2013	-99	-99	6.21	-99
07.01.2013	-99	-99	6.08	-99
08.01.2013	-99	-99	5.54	-99
09.01.2013	-99	-99	3.54	-99
10.01.2013	-99	-99	1.66	-99
11.01.2013	-99	-99	2.47	-99
12.01.2013	-99	-99	2.37	-99
13.01.2013	-99	-99	6.65	-99
14.01.2013	-99	-99	7.98	-99
15.01.2013	-99	-99	8.82	-99
16.01.2013	-99	-99	9.11	-99
17.01.2013	-99	-99	4.08	-99
18.01.2013	-99	-99	3.38	-99
19.01.2013	-99	-99	10.99	-99
20.01.2013	-99	-99	6.04	-99
21.01.2013	-99	-99	7.10	-99
22.01.2013	-99	-99	7.40	-99
23.01.2013	-99	-99	7.48	-99
24.01.2013	-99	-99	16.90	-99
25.01.2013	-99	-99	8.66	-99
26.01.2013	-99	-99	4.91	-99
27.01.2013	-99	-99	9.02	-99
28.01.2013	-99	-99	10.20	-99
29.01.2013	-99	-99	17.68	-99
30.01.2013	-99	-99	7.94	-99
31.01.2013	-99	-99	3.52	-99
01.02.2013	-99	-99	8.05	-99
02.02.2013	-99	-99	11.00	-99
03.02.2013	-99	-99	14.38	-99
04.02.2013	-99	-99	16.20	-99
05.02.2013	-99	-99	27.43	-99
06.02.2013	26.81	-99	28.31	-99
07.02.2013	83.98	-99	30.29	-99
08.02.2013	88.40	-99	39.23	-99
09.02.2013	120.94	-99	32.90	-99
10.02.2013	63.69	-99	35.19	-99
11.02.2013	88.49	-99	37.10	-99
12.02.2013	85.21	-99	38.92	-99
13.02.2013	136.40	-99	41.50	-99
14.02.2013	44.35	-99	41.82	-99
15.02.2013	85.26	-99	7.41	-99
16.02.2013	65.88	-99	24.53	-99
17.02.2013	20.28	-99	34.16	-99
18.02.2013	12.31	-99	14.23	-99
19.02.2013	117.42	-99	19.43	-99
20.02.2013	159.45	-99	10.07	-99
21.02.2013	64.13	-99	25.95	-99
22.02.2013	124.67	-99	10.13	-99
23.02.2013	145.50	-99	41.27	-99
24.02.2013	153.74	-99	15.09	-99
25.02.2013	153.75	-99	19.91	-99
26.02.2013	92.58	-99	58.43	-99
27.02.2013	132.08	-99	28.81	-99
28.02.2013	31.03	-99	38.87	-99
01.03.2013	40.61	-99	36.53	-99
02.03.2013	30.38	-99	45.02	-99
03.03.2013	51.34	-99	52.58	-99
04.03.2013	43.14	-99	74.46	-99
05.03.2013	60.77	-99	47.59	-99
06.03.2013	87.17	-99	41.74	-99
07.03.2013	118.75	-99	75.23	-99
08.03.2013	231.85	-99	77.63	-99
09.03.2013	241.59	-99	84.78	-99
10.03.2013	232.24	-99	13.57	-99
11.03.2013	87.70	-99	15.61	-99
12.03.2013	70.88	-99	33.76	-99
13.03.2013	193.44	-99	40.80	-99
14.03.2013	188.73	-99	43.22	-99
15.03.2013	266.14	-99	92.62	-99
16.03.2013	160.62	-99	120.62	-99
17.03.2013	196.00	-99	100.95	-99
18.03.2013	273.46	-99	78.30	-99
19.03.2013	256.75	-99	62.26	-99
20.03.2013	180.68	-99	53.49	-99
21.03.2013	301.42	-99	82.79	-99
22.03.2013	306.19	-99	58.22	-99
23.03.2013	298.62	-99	50.35	-99
24.03.2013	312.88	-99	96.85	-99
25.03.2013	318.75	-99	76.50	-99
26.03.2013	327.42	-99	28.37	-99
27.03.2013	146.43	-99	103.42	-99
28.03.2013	341.30	-99	24.95	-99
29.03.2013	352.91	-99	55.42	-99
30.03.2013	357.49	-99	35.78	-99
31.03.2013	116.60	-99	126.43	-99
01.04.2013	214.07	-99	134.85	-99
02.04.2013	179.95	-99	141.49	-99
03.04.2013	188.82	-99	95.63	-99
04.04.2013	312.36	-99	29.12	-99
05.04.2013	340.74	-99	81.13	-99
06.04.2013	-99.00	-99.00	88.52	-99
07.04.2013	-99.00	-99.00	129.55	-99
08.04.2013	475.57	-99.00	34.32	-99
09.04.2013	367.42	-99.00	83.49	-99
10.04.2013	377.74	-99.00	109.60	-99
11.04.2013	376.14	-99.00	199.72	-99
12.04.2013	351.08	-99.00	167.27	-99
13.04.2013	364.74	-99.00	147.13	-99
14.04.2013	99.05	-99.00	157.85	-99
15.04.2013	262.55	-99.00	202.84	-99
16.04.2013	141.79	-99.00	207.38	-99
17.04.2013	87.20	-99.00	204.59	-99
18.04.2013	96.45	-99.00	194.68	-99
19.04.2013	84.00	-99.00	201.80	-99
20.04.2013	129.32	-99.00	116.78	-99
21.04.2013	99.79	-99.00	200.35	-99
22.04.2013	99.97	-99.00	156.65	-99
23.04.2013	88.30	-99.00	153.88	-99
24.04.2013	98.45	-99.00	140.60	-99
25.04.2013	198.30	-99.00	233.36	-99
26.04.2013	252.87	-99.00	240.07	-99
27.04.2013	206.14	-99.00	229.29	-99
28.04.2013	138.45	-99.00	214.19	-99
29.04.2013	168.24	-99.00	245.43	-99
30.04.2013	94.12	-99.00	249.20	-99
01.05.2013	136.71	-99.00	166.61	-99
02.05.2013	149.67	-99.00	176.79	-99
03.05.2013	70.63	-99.00	137.67	-99
04.05.2013	190.83	-99.00	163.30	-99
05.05.2013	168.18	-99.00	205.97	-99
06.05.2013	111.79	-99.00	190.73	-99
07.05.2013	229.83	-99.00	264.53	-99
08.05.2013	272.34	-99.00	156.20	-99
09.05.2013	151.20	-99.00	48.65	-99
10.05.2013	136.38	-99.00	80.20	-99
11.05.2013	162.09	-99.00	231.93	-99
12.05.2013	213.19	-99.00	143.87	-99
13.05.2013	230.50	-99.00	235.33	-99
14.05.2013	326.35	-99.00	147.19	-99
15.05.2013	203.46	-99.00	177.90	-99
16.05.2013	154.67	-99.00	95.60	-99
17.05.2013	42.20	-99.00	273.12	-99
18.05.2013	511.63	-99.00	51.36	-99
19.05.2013	147.42	-99.00	134.00	-99
20.05.2013	-99.00	-99.00	229.74	-99
21.05.2013	-1.60	-99.00	279.60	-99
22.05.2013	73.46	-99.00	179.15	-99
23.05.2013	194.97	-99.00	208.58	-99
24.05.2013	99.81	-99.00	107.98	-99
25.05.2013	261.44	-99.00	115.25	-99
26.05.2013	219.95	-99.00	177.66	-99
27.05.2013	178.08	-99.00	268.84	-99
28.05.2013	247.36	-99.00	294.68	-99
29.05.2013	312.94	-99.00	293.55	-99
30.05.2013	256.65	-99.00	292.69	-99
31.05.2013	215.63	-99.00	297.86	-99
01.06.2013	64.67	-99.00	295.47	-99
02.06.2013	62.01	-99.00	285.53	-99
03.06.2013	206.72	-99.00	289.48	-99
04.06.2013	183.41	-99.00	130.33	-99
05.06.2013	217.63	-99.00	198.09	-99
06.06.2013	180.48	-99.00	94.29	-99
07.06.2013	105.02	-99.00	299.24	-99
08.06.2013	-99.00	-99.00	281.86	-99
09.06.2013	-99.00	-99.00	181.03	-99
10.06.2013	-99.00	-99.00	30.69	-99
11.06.2013	-99.00	-99.00	79.54	-99
12.06.2013	-99.00	-99.00	184.51	-99
13.06.2013	-99.00	-99.00	67.44	-99
14.06.2013	159.47	-99.00	92.33	-99
15.06.2013	341.04	-99.00	263.33	-99
16.06.2013	305.50	-99.00	23.78	-99
17.06.2013	124.63	-99.00	38.76	-99
18.06.2013	278.38	-99.00	200.52	-99
19.06.2013	159.86	-99.00	114.83	-99
20.06.2013	229.20	-99.00	168.38	-99
21.06.2013	80.11	-99.00	122.11	-99
22.06.2013	73.82	-99.00	308.35	-99
23.06.2013	227.16	-99.00	216.85	-99
24.06.2013	132.82	-99.00	214.35	-99
25.06.2013	126.65	-99.00	252.53	-99
26.06.2013	157.45	-99.00	158.37	-99
27.06.2013	252.96	-99.00	303.41	-99
28.06.2013	195.53	-99.00	298.56	-99
29.06.2013	126.35	-99.00	263.34	-99
30.06.2013	270.93	-99.00	300.74	-99
01.07.2013	113.85	-99.00	301.86	-99
02.07.2013	115.54	-99.00	290.78	-99
03.07.2013	152.17	-99.00	269.78	-99
04.07.2013	118.96	-99.00	176.17	-99
05.07.2013	165.24	-99.00	129.53	-99
06.07.2013	258.05	-99.00	156.24	-99
07.07.2013	298.72	-99.00	158.74	-99
08.07.2013	177.09	-99.00	137.61	-99
09.07.2013	66.95	-99.00	135.56	-99
10.07.2013	307.38	-99.00	193.96	-99
11.07.2013	248.86	-99.00	96.97	-99
12.07.2013	240.75	-99.00	281.37	-99
13.07.2013	87.18	-99.00	205.55	-99
14.07.2013	57.14	-99.00	144.43	-99
15.07.2013	91.23	-99.00	257.25	-99
16.07.2013	40.36	-99.00	153.43	-99
17.07.2013	48.20	-99.00	86.24	-99
18.07.2013	34.35	-99.00	96.28	-99
19.07.2013	183.88	-99.00	250.30	-99
20.07.2013	241.09	-99.00	172.36	-99
21.07.2013	147.30	-99.00	269.57	-99
22.07.2013	317.22	-99.00	266.81	-99
23.07.2013	244.61	-99.00	250.31	-99
24.07.2013	420.63	-99.00	253.65	-99
25.07.2013	388.54	-99.00	242.21	-99
26.07.2013	275.81	-99.00	174.50	-99
27.07.2013	175.84	-99.00	70.77	-99
28.07.2013	200.90	-99.00	113.47	-99
29.07.2013	105.01	-99.00	128.80	-99
30.07.2013	170.43	-99.00	253.15	-99
31.07.2013	56.12	-99.00	149.90	-99
01.08.2013	8.16	-99.00	196.53	-99
02.08.2013	0.60	-99.00	227.58	-99
03.08.2013	141.51	-99.00	212.49	-99
04.08.2013	172.16	-99.00	223.34	-99
05.08.2013	172.85	-99.00	223.40	-99
06.08.2013	52.10	-99.00	178.22	-99
07.08.2013	165.19	-99.00	144.04	-99
08.08.2013	127.83	-99.00	153.32	-99
09.08.2013	122.68	-99.00	141.54	-99
10.08.2013	147.19	-99.00	123.77	-99
11.08.2013	139.47	-99.00	195.03	-99
12.08.2013	58.25	-99.00	101.43	-99
13.08.2013	71.05	-99.00	67.77	-99
14.08.2013	103.76	-99.00	86.34	-99
15.08.2013	252.63	-99.00	92.29	-99
16.08.2013	56.56	-99.00	186.29	-99
17.08.2013	149.33	-99.00	214.48	-99
18.08.2013	81.60	-99.00	88.21	-99
19.08.2013	118.93	-99.00	107.83	-99
20.08.2013	157.10	-99.00	126.92	-99
21.08.2013	37.43	-99.00	190.97	-99
22.08.2013	212.35	-99.00	196.03	-99
23.08.2013	231.39	-99.00	195.98	-99
24.08.2013	196.08	-99.00	66.65	-99
25.08.2013	241.15	-99.00	140.21	-99
26.08.2013	153.43	-99.00	189.86	-99
27.08.2013	179.48	-99.00	186.46	-99
28.08.2013	185.39	-99.00	178.34	-99
29.08.2013	105.98	-99.00	173.71	-99
30.08.2013	202.42	-99.00	169.19	-99
31.08.2013	138.08	-99.00	154.24	-99
01.09.2013	66.76	-99.00	143.55	-99
02.09.2013	156.62	-99.00	147.56	-99
03.09.2013	117.31	-99.00	99.79	-99
04.09.2013	98.96	-99.00	141.33	-99
05.09.2013	90.86	-99.00	64.64	-99
06.09.2013	51.17	-99.00	19.30	-99
07.09.2013	44.56	-99.00	56.67	-99
08.09.2013	138.03	-99.00	55.02	-99
09.09.2013	143.09	-99.00	37.03	-99
10.09.2013	107.26	-99.00	37.24	-99
11.09.2013	112.21	-99.00	32.28	-99
12.09.2013	150.84	-99.00	95.43	-99
13.09.2013	68.73	-99.00	137.64	-99
14.09.2013	37.09	-99.00	117.18	-99
15.09.2013	43.23	-99.00	73.63	-99
16.09.2013	21.30	-99.00	34.95	-99
17.09.2013	128.00	-99.00	124.54	-99
18.09.2013	115.97	-99.00	49.41	-99
19.09.2013	125.58	-99.00	69.80	-99
20.09.2013	121.94	-99.00	31.58	-99
21.09.2013	76.46	-99.00	42.18	-99
22.09.2013	81.33	-99.00	19.83	-99
23.09.2013	50.96	-99.00	52.54	-99
24.09.2013	94.90	-99.00	21.98	-99
25.09.2013	128.05	-99.00	70.03	-99
26.09.2013	137.52	-99.00	58.30	-99
27.09.2013	106.88	-99.00	5.56	-99
28.09.2013	89.48	-99.00	102.43	-99
29.09.2013	42.09	-99.00	45.79	-99
30.09.2013	90.49	-99.00	16.88	-99
01.10.2013	100.54	-99.00	16.76	-99
02.10.2013	101.41	-99.00	49.84	-99
03.10.2013	83.49	-99.00	25.59	-99
04.10.2013	40.19	-99.00	20.69	-99
05.10.2013	35.48	-99.00	31.03	-99
06.10.2013	20.40	-99.00	54.21	-99
07.10.2013	11.58	-99.00	18.12	-99
08.10.2013	16.49	-99.00	23.65	-99
09.10.2013	24.72	-99.00	16.68	-99
10.10.2013	91.11	-99.00	39.93	-99
11.10.2013	3.03	-99.00	46.99	-99
12.10.2013	-99.00	-99.00	60.25	-99
13.10.2013	-99.00	-99.00	14.12	-99
14.10.2013	87.60	-99.00	11.09	-99
15.10.2013	35.64	-99.00	37.11	-99
16.10.2013	29.46	-99.00	41.63	-99
17.10.2013	31.55	-99.00	60.18	-99
18.10.2013	24.20	-99.00	47.04	-99
19.10.2013	35.83	-99.00	11.40	-99
20.10.2013	61.65	-99.00	20.22	-99
21.10.2013	50.31	-99.00	29.98	-99
22.10.2013	7.48	-99.00	36.08	-99
23.10.2013	22.99	-99.00	29.20	-99
24.10.2013	26.05	-99.00	6.78	-99
25.10.2013	40.22	-99.00	11.90	-99
26.10.2013	16.60	-99.00	23.48	-99
27.10.2013	30.13	-99.00	9.56	-99
28.10.2013	27.32	-99.00	8.03	-99
29.10.2013	11.24	-99.00	10.22	-99
30.10.2013	18.87	-99.00	25.31	-99
31.10.2013	25.10	-99.00	21.37	-99
01.11.2013	31.26	-99.00	38.62	-99
02.11.2013	26.36	-99.00	10.13	-99
03.11.2013	15.22	-99.00	18.98	-99
04.11.2013	18.57	-99.00	28.43	-99
05.11.2013	11.83	-99.00	13.94	-99
06.11.2013	27.64	-99.00	18.43	-99
07.11.2013	14.26	-99.00	20.17	-99
08.11.2013	16.30	-99.00	18.58	-99
09.11.2013	23.53	-99.00	15.97	-99
10.11.2013	10.21	-99.00	15.95	-99
11.11.2013	5.89	-99.00	17.48	-99
12.11.2013	13.62	-99.00	16.50	-99
13.11.2013	10.73	-99.00	14.97	-99
14.11.2013	12.37	-99.00	19.13	-99
15.11.2013	0.85	-99.00	5.26	-99
16.11.2013	10.34	-99.00	7.20	-99
17.11.2013	9.23	-99.00	10.51	-99
18.11.2013	6.55	-99.00	7.66	-99
19.11.2013	1.30	-99.00	5.68	-99
20.11.2013	7.49	-99.00	7.92	-99
21.11.2013	9.60	-99.00	14.37	-99
22.11.2013	8.24	-99.00	10.15	-99
23.11.2013	4.83	-99.00	10.35	-99
24.11.2013	-0.13	-99.00	3.00	-99
25.11.2013	6.93	-99.00	9.86	-99
26.11.2013	3.38	-99.00	9.11	-99
27.11.2013	2.73	-99.00	8.71	-99
28.11.2013	1.48	-99.00	7.73	-99
29.11.2013	2.73	-99.00	7.43	-99
30.11.2013	3.54	-99.00	3.07	-99
01.12.2013	2.05	-99.00	2.89	-99
02.12.2013	2.67	-99.00	4.03	-99
03.12.2013	3.77	-99.00	2.35	-99
04.12.2013	1.61	-99.00	1.23	-99
05.12.2013	0.42	-99.00	7.50	-99
06.12.2013	-0.06	-99.00	7.30	-99
07.12.2013	1.28	-99.00	7.82	-99
08.12.2013	-0.63	-99.00	5.78	-99
09.12.2013	1.15	-99.00	6.26	-99
10.12.2013	4.50	-99.00	5.01	-99
11.12.2013	2.13	-99.00	5.15	-99
12.12.2013	2.02	-99.00	3.46	-99
13.12.2013	5.35	-99.00	4.70	-99
14.12.2013	2.25	-99.00	3.68	-99
15.12.2013	2.16	-99.00	3.64	-99
16.12.2013	1.36	-99.00	6.09	-99
17.12.2013	1.12	-99.00	5.38	-99
18.12.2013	3.75	-99.00	2.93	-99
19.12.2013	1.59	-99.00	4.59	-99
20.12.2013	5.24	-99.00	4.46	-99
21.12.2013	1.34	-99.00	5.59	-99
22.12.2013	1.02	-99.00	1.54	-99
23.12.2013	3.79	-99.00	1.54	-99
24.12.2013	2.41	-99.00	4.83	-99
25.12.2013	2.53	-99.00	2.33	-99
26.12.2013	1.56	-99.00	1.89	-99
27.12.2013	1.09	-99.00	2.50	-99
28.12.2013	1.52	-99.00	1.28	-99
29.12.2013	5.18	-99.00	1.92	-99
30.12.2013	0.70	-99.00	1.54	-99
31.12.2013	1.32	-99.00	5.79	-99
01.01.2014	2.35	-99.00	4.09	-99
02.01.2014	1.05	-99.00	5.04	-99
03.01.2014	4.25	-99.00	3.37	-99
04.01.2014	2.03	-99.00	2.40	-99
05.01.2014	2.28	-99.00	7.13	-99
06.01.2014	2.05	-99.00	10.39	-99
07.01.2014	3.13	-99.00	5.49	-99
08.01.2014	4.79	-99.00	4.25	-99
09.01.2014	5.75	-99.00	10.12	-99
10.01.2014	2.08	-99.00	13.09	-99
11.01.2014	2.75	-99.00	8.83	-99
12.01.2014	1.57	-99.00	2.83	-99
13.01.2014	0.51	-99.00	6.58	-99
14.01.2014	3.12	-99.00	8.25	-99
15.01.2014	4.52	-99.00	3.73	-99
16.01.2014	3.94	-99.00	8.13	-99
17.01.2014	7.52	-99.00	10.03	-99
18.01.2014	9.48	-99.00	4.89	-99
19.01.2014	7.30	-99.00	5.56	-99
20.01.2014	7.33	-99.00	11.18	-99
21.01.2014	7.66	-99.00	9.95	-99
22.01.2014	6.73	-99.00	7.52	-99
23.01.2014	12.83	-99.00	7.84	-99
24.01.2014	12.53	-99.00	8.55	-99
25.01.2014	2.86	-99.00	9.22	-99
26.01.2014	7.25	-99.00	10.05	-99
27.01.2014	13.17	-99.00	10.98	-99
28.01.2014	18.05	-99.00	10.28	-99
29.01.2014	8.13	-99.00	3.23	-99
30.01.2014	10.10	-99.00	16.32	-99
31.01.2014	20.99	-99.00	9.50	-99
01.02.2014	22.08	-99.00	3.85	-99
02.02.2014	15.19	-99.00	4.74	-99
03.02.2014	12.13	-99.00	2.33	-99
04.02.2014	12.68	-99.00	11.75	-99
05.02.2014	33.68	-99.00	3.49	-99
06.02.2014	24.76	-99.00	4.96	-99
07.02.2014	11.40	-99.00	30.29	36.67
08.02.2014	17.92	-99.00	39.23	38.63
09.02.2014	22.75	-99.00	32.90	40.16
10.02.2014	17.29	-99.00	35.19	34.91
11.02.2014	29.24	99.78571429	37.10	45.31
12.02.2014	42.21	27.6875	38.92	47.73
13.02.2014	24.45	26.47083333	41.50	50.02
14.02.2014	24.51	26.75	41.82	47.86
15.02.2014	14.93	24.73333333	7.41	11.18
16.02.2014	28.91	42.125	24.53	29.88
17.02.2014	15.97	33.325	34.16	35.90
18.02.2014	51.82	83.41666667	14.23	17.85
19.02.2014	59.42	77.84166667	19.43	23.07
20.02.2014	39.04	46.17083333	10.07	7.56
21.02.2014	59.72	41.375	25.95	25.50
22.02.2014	48.50	55.29166667	10.13	11.31
23.02.2014	31.79	45.1625	41.27	37.30
24.02.2014	25.95	40.57916667	15.09	27.35
25.02.2014	47.20	51.625	19.91	45.38
26.02.2014	50.32	38.77916667	58.43	60.20
27.02.2014	48.50	46.24166667	28.81	49.70
28.02.2014	38.44	61.14583333	38.87	56.69
01.03.2014	71.39	101.7541667	36.53	29.60
02.03.2014	48.49	38.6375	45.02	21.06
03.03.2014	47.60	54.48333333	52.58	29.74
04.03.2014	71.35	108.5458333	74.46	43.92
05.03.2014	48.50	89.5125	47.59	41.12
06.03.2014	41.23	106.35	41.74	16.36
07.03.2014	19.81	51.425	75.23	46.70
08.03.2014	64.25	83.34583333	77.63	64.45
09.03.2014	41.68	78.28333333	84.78	101.22
10.03.2014	41.16	86.09166667	13.57	33.15
11.03.2014	63.54	90.52916667	15.61	42.35
12.03.2014	57.58	118.9041667	33.76	97.72
13.03.2014	45.08	69.925	40.80	145.78
14.03.2014	31.55	86.15833333	43.22	-99.00
15.03.2014	26.65	85.07083333	92.62	90.46
16.03.2014	21.82	71.37916667	120.62	96.53
17.03.2014	60.49	101.8416667	100.95	65.40
18.03.2014	53.80	130.5583333	78.30	66.49
19.03.2014	85.87	80.70833333	62.26	50.94
20.03.2014	53.61	90.4375	53.49	52.23
21.03.2014	69.68	82.4875	82.79	-99.00
22.03.2014	96.73	108.525	58.22	-99.00
23.03.2014	66.04	170.4083333	50.35	-99.00
24.03.2014	150.37	186.6666667	96.85	-99.00
25.03.2014	170.85	198.5583333	76.50	-99.00
26.03.2014	167.59	99.81666667	28.37	59.82
27.03.2014	154.33	124.1083333	103.42	81.61
28.03.2014	113.09	120.575	24.95	66.37
29.03.2014	142.09	178.85	55.42	71.75
30.03.2014	159.41	167.2458333	35.78	47.95
31.03.2014	113.18	198.2083333	126.43	111.81
01.04.2014	131.58	193.1416667	134.85	91.93
02.04.2014	76.81	189.55	141.49	128.91
03.04.2014	191.84	209.7375	95.63	68.44
04.04.2014	205.74	217.2833333	29.12	28.81
05.04.2014	96.83	145.9291667	81.13	59.58
06.04.2014	68.48	142.2375	88.52	91.96
07.04.2014	186.52	225.8416667	129.55	123.43
08.04.2014	59.63	109.1291667	34.32	61.14
09.04.2014	140.15	135.8375	83.49	73.01
10.04.2014	139.82	143.2125	109.60	66.71
11.04.2014	127.24	192.9666667	199.72	231.25
12.04.2014	97.55	158.8916667	167.27	188.65
13.04.2014	63.53	188.4958333	147.13	111.16
14.04.2014	64.47	174.525	157.85	208.20
15.04.2014	128.28	261.2458333	202.84	226.97
16.04.2014	94.43	181.6916667	207.38	245.70
17.04.2014	71.64	185.0916667	204.59	244.82
18.04.2014	248.28	290.1291667	194.68	226.74
19.04.2014	99.60	188.0666667	201.80	235.80
20.04.2014	256.51	274.4958333	116.78	129.86
21.04.2014	260.04	273.2291667	200.35	138.37
22.04.2014	267.89	277.5875	156.65	129.33
23.04.2014	263.92	278.2916667	153.88	194.87
24.04.2014	258.80	261.2666667	140.60	183.52
25.04.2014	245.36	279.1916667	233.36	183.49
26.04.2014	250.61	270.8083333	240.07	282.27
27.04.2014	263.60	280.4166667	229.29	275.92
28.04.2014	37.23	164.9875	214.19	300.35
29.04.2014	210.87	290.9375	245.43	282.71
30.04.2014	159.40	175.7	249.20	290.12
01.05.2014	137.89	242.85	166.61	228.61
02.05.2014	127.28	289.6208333	176.79	100.45
03.05.2014	112.31	255.3958333	137.67	138.07
04.05.2014	283.17	322.6708333	163.30	259.77
05.05.2014	276.70	273.9	205.97	268.61
06.05.2014	134.42	195.6791667	190.73	136.32
07.05.2014	205.29	209.25	264.53	283.19
08.05.2014	208.23	180.225	156.20	124.78
09.05.2014	108.00	153.0208333	48.65	85.50
10.05.2014	244.10	156.6916667	80.20	133.77
11.05.2014	273.69	179.7333333	231.93	280.07
12.05.2014	245.83	205.9166667	143.87	191.43
13.05.2014	67.77	197.1958333	235.33	285.27
14.05.2014	321.75	336.7625	147.19	195.66
15.05.2014	47.56	174.6416667	177.90	278.01
16.05.2014	58.55	235.0166667	95.60	69.89
17.05.2014	241.78	259.875	273.12	274.32
18.05.2014	224.53	323.2625	51.36	68.70
19.05.2014	214.16	244.4958333	134.00	168.05
20.05.2014	224.28	339.3375	229.74	165.13
21.05.2014	137.46	249.575	279.60	292.69
22.05.2014	124.11	106.9291667	179.15	299.89
23.05.2014	57.05	101.0541667	208.58	244.11
24.05.2014	255.06	267.0041667	107.98	191.21
25.05.2014	239.32	170.4833333	115.25	196.04
26.05.2014	287.39	349.1791667	177.66	290.38
27.05.2014	322.16	356.1583333	268.84	316.18
28.05.2014	337.39	357.9666667	294.68	343.50
29.05.2014	322.72	259.7125	293.55	340.57
30.05.2014	215.00	292.3333333	292.69	340.32
31.05.2014	265.10	363.6458333	297.86	346.61
01.06.2014	340.48	359.5416667	295.47	341.91
02.06.2014	337.95	336.8416667	285.53	328.47
03.06.2014	249.12	284.9833333	289.48	343.59
04.06.2014	158.52	144.0625	130.33	176.42
05.06.2014	180.44	138.325	198.09	171.49
06.06.2014	150.24	249.4083333	94.29	101.41
07.06.2014	263.58	129.0541667	299.24	310.44
08.06.2014	269.10	278.9125	281.86	246.74
09.06.2014	197.86	319.5833333	181.03	197.79
10.06.2014	312.97	313.0708333	30.69	62.08
11.06.2014	158.44	204.85	79.54	75.92
12.06.2014	49.70	185.7125	184.51	89.11
13.06.2014	189.32	340.5125	67.44	54.18
14.06.2014	358.46	375.9166667	92.33	99.04
15.06.2014	174.38	311.2625	263.33	193.23
16.06.2014	236.83	368.7833333	23.78	37.43
17.06.2014	109.80	140.1	38.76	33.54
18.06.2014	158.89	288.025	200.52	220.88
19.06.2014	156.86	102.5291667	114.83	178.37
20.06.2014	157.25	220.7166667	168.38	214.80
21.06.2014	183.71	207.525	122.11	116.25
22.06.2014	89.54	125.0041667	308.35	342.07
23.06.2014	164.69	232.1958333	216.85	147.70
24.06.2014	328.85	225.2875	214.35	158.61
25.06.2014	331.09	364.3625	252.53	154.28
26.06.2014	295.89	194.4041667	158.37	162.82
27.06.2014	304.87	154.3708333	303.41	332.62
28.06.2014	352.25	178.3333333	298.56	325.60
29.06.2014	186.56	212.7291667	263.34	278.51
30.06.2014	283.52	165.3166667	300.74	354.82
01.07.2014	297.63	202.7666667	301.86	349.37
02.07.2014	271.30	279.7583333	290.78	327.39
03.07.2014	210.89	289.1833333	269.78	322.17
04.07.2014	154.91	236.8166667	176.17	208.58
05.07.2014	105.44	124.9708333	129.53	149.70
06.07.2014	79.40	62.95	156.24	177.69
07.07.2014	101.73	69.65416667	158.74	143.59
08.07.2014	261.38	157.1	137.61	198.02
09.07.2014	256.56	288.1333333	135.56	168.07
10.07.2014	274.36	239.6541667	193.96	201.57
11.07.2014	317.87	311.4458333	96.97	77.51
12.07.2014	258.44	197.7625	281.37	312.02
13.07.2014	281.51	325.6916667	205.55	277.83
14.07.2014	118.87	128.5916667	144.43	155.82
15.07.2014	85.70	103.1666667	257.25	290.44
16.07.2014	136.60	169.0125	153.43	147.48
17.07.2014	77.51	126.3583333	86.24	91.92
18.07.2014	250.27	181.8083333	96.28	65.58
19.07.2014	316.05	199.775	250.30	219.01
20.07.2014	310.40	264.0583333	172.36	218.15
21.07.2014	312.44	312.2333333	269.57	313.41
22.07.2014	291.59	214.5625	266.81	307.16
23.07.2014	290.95	263.5208333	250.31	288.89
24.07.2014	298.33	174.65	253.65	288.14
25.07.2014	207.80	179.1291667	242.21	268.04
26.07.2014	145.97	200.1833333	174.50	235.29
27.07.2014	209.10	184.4	70.77	96.53
28.07.2014	186.72	132.6083333	113.47	112.04
29.07.2014	199.24	216.3375	128.80	177.84
30.07.2014	129.15	220.7875	253.15	295.18
31.07.2014	67.16	192.875	149.90	120.18
01.08.2014	130.40	183.375	196.53	246.27
02.08.2014	115.47	115.6041667	227.58	270.03
03.08.2014	89.68	101.3833333	212.49	280.57
04.08.2014	101.09	90.55	223.34	247.26
05.08.2014	189.80	182.1166667	223.40	269.15
06.08.2014	147.61	146.2041667	178.22	218.80
07.08.2014	167.02	155.6375	144.04	239.31
08.08.2014	143.58	109.8083333	153.32	148.95
09.08.2014	225.85	187.5916667	141.54	177.74
10.08.2014	186.93	215.0041667	123.77	112.14
11.08.2014	100.10	124.0166667	195.03	166.30
12.08.2014	158.35	156.4208333	101.43	90.56
13.08.2014	137.62	191.1375	67.77	128.42
14.08.2014	195.58	129.8166667	86.34	77.63
15.08.2014	146.65	118.3041667	92.29	55.10
16.08.2014	120.17	126.3875	186.29	151.65
17.08.2014	154.62	77.90416667	214.48	234.15
18.08.2014	140.06	102.2375	88.21	78.07
19.08.2014	60.82	81.35	107.83	99.93
20.08.2014	78.02	120.1833333	126.92	142.28
21.08.2014	81.13	129.3333333	190.97	216.50
22.08.2014	218.83	121.6291667	196.03	232.20
23.08.2014	148.96	70.92083333	195.98	208.15
24.08.2014	147.47	90.43333333	66.65	38.63
25.08.2014	158.68	144.425	140.21	74.42
26.08.2014	202.38	172.3625	189.86	223.00
27.08.2014	179.18	122.4875	186.46	221.17
28.08.2014	220.81	238.9958333	178.34	214.04
29.08.2014	196.01	156.825	173.71	163.11
30.08.2014	165.13	66.19166667	169.19	43.09
31.08.2014	201.19	107.2875	154.24	140.74
01.09.2014	62.90	71.9625	143.55	63.36
02.09.2014	62.85	130.4708333	147.56	114.52
03.09.2014	117.18	185.3875	99.79	109.21
04.09.2014	50.93	194.975	141.33	178.38
05.09.2014	80.43	193.2708333	64.64	81.66
06.09.2014	116.70	116.1291667	19.30	22.08
07.09.2014	37.28	21.81666667	56.67	33.11
08.09.2014	73.25	58.08333333	55.02	20.89
09.09.2014	44.64	26.09166667	37.03	59.18
10.09.2014	165.97	196.7541667	37.24	29.55
11.09.2014	49.39	121.9333333	32.28	61.17
12.09.2014	160.21	150.6791667	95.43	54.49
13.09.2014	100.49	180.4583333	137.64	161.97
14.09.2014	124.55	180.9916667	117.18	115.94
15.09.2014	155.00	172.8625	73.63	77.93
16.09.2014	154.82	183.873913	34.95	37.82
17.09.2014	146.79	179.0208333	124.54	119.87
18.09.2014	143.13	178.5416667	49.41	53.58
19.09.2014	104.99	147.5625	69.80	74.35
20.09.2014	21.04	50.6	31.58	63.36
21.09.2014	33.11	49.16666667	42.18	30.30
22.09.2014	100.24	139.7958333	19.83	28.56
23.09.2014	42.16	70.92916667	52.54	75.68
24.09.2014	26.00	74.2875	21.98	31.85
25.09.2014	32.16	68.85416667	70.03	75.80
26.09.2014	37.48	37.8	58.30	85.59
27.09.2014	17.34	63.46666667	5.56	55.15
28.09.2014	36.82	77.9	102.43	109.24
29.09.2014	52.58	108.9625	45.79	72.41
30.09.2014	61.98	64.69583333	16.88	101.06
01.10.2014	23.68	75.5625	16.76	32.57
02.10.2014	88.96	117.8208333	49.84	70.39
03.10.2014	45.80	109.5541667	25.59	24.07
04.10.2014	63.38	47.325	20.69	54.40
05.10.2014	18.02	21.57083333	31.03	33.98
06.10.2014	72.89	55.71666667	54.21	57.56
07.10.2014	83.96	21.57916667	18.12	24.40
08.10.2014	70.01	24.94166667	23.65	22.37
09.10.2014	22.85	28.31304348	16.68	11.56
10.10.2014	26.09	70.45416667	39.93	56.77
11.10.2014	49.19	44.3875	46.99	36.03
12.10.2014	28.86	47.69583333	60.25	46.42
13.10.2014	26.67	59.39166667	14.12	11.18
14.10.2014	69.26	76.71666667	11.09	6.36
15.10.2014	41.42	39.925	37.11	20.30
16.10.2014	65.40	91.57916667	41.63	23.89
17.10.2014	64.45	81.1875	60.18	69.04
18.10.2014	17.95	32.02916667	47.04	51.39
19.10.2014	38.84	60.84583333	11.40	20.47
20.10.2014	19.65	54.22916667	20.22	12.78
21.10.2014	20.87	28.47083333	29.98	15.35
22.10.2014	20.90	39.3	36.08	10.14
23.10.2014	15.37	40.22083333	29.20	22.10
24.10.2014	15.13	30.50416667	6.78	5.54
25.10.2014	23.19	32.3	11.90	22.94
26.10.2014	5.05	18.34583333	23.48	30.93
27.10.2014	33.87	51.94583333	9.56	14.71
28.10.2014	3.13	14.90833333	8.03	7.83
29.10.2014	11.38	39.40416667	10.22	5.01
30.10.2014	26.08	45.43333333	25.31	28.48
31.10.2014	22.93	25.89583333	21.37	22.93
01.11.2014	7.53	22.49166667	38.62	31.80
02.11.2014	13.30	20.3	10.13	25.21
03.11.2014	17.35	33.725	18.98	26.32
04.11.2014	12.44	20.89583333	28.43	29.83
05.11.2014	34.32	30.5375	13.94	10.47
06.11.2014	28.43	7.633333333	18.43	18.75
07.11.2014	18.63	53.75	20.17	15.92
08.11.2014	21.52	15.6375	18.58	24.48
09.11.2014	7.64	16.00833333	15.97	12.20
10.11.2014	13.64	15.59583333	15.95	6.17
11.11.2014	20.04	53.99583333	17.48	11.38
12.11.2014	15.04	34.46666667	16.50	14.69
13.11.2014	5.03	11.3	14.97	14.19
14.11.2014	7.20	10.50416667	19.13	20.78
15.11.2014	13.30	16.54583333	5.26	4.87
16.11.2014	7.66	20.2625	7.20	6.15
17.11.2014	7.00	34.43333333	10.51	5.27
18.11.2014	8.00	35.4375	7.66	4.49
19.11.2014	7.55	25.1625	5.68	3.81
20.11.2014	8.03	16.3125	7.92	5.76
21.11.2014	7.55	16.19583333	14.37	10.63
22.11.2014	4.90	34.025	10.15	2.44
23.11.2014	1.53	8.158333333	10.35	3.82
24.11.2014	1.64	10.36666667	3.00	1.21
25.11.2014	4.07	-99	9.86	6.69
26.11.2014	7.86	-99	9.11	8.06
27.11.2014	5.36	-99	8.71	6.90
28.11.2014	5.20	-99	7.73	5.99
29.11.2014	5.08	-99	7.43	3.28
30.11.2014	4.11	-99	3.07	5.21
01.12.2014	4.43	-99	2.89	8.17
02.12.2014	1.28	100.4	4.03	2.91
03.12.2014	0.54	-0.504166667	2.35	6.54
04.12.2014	3.99	6.808333333	1.23	3.54
05.12.2014	2.96	0.125	7.50	1.50
06.12.2014	4.61	0.0125	7.30	2.99
07.12.2014	1.95	4.791666667	7.82	5.17
08.12.2014	3.20	3.804166667	5.78	4.35
09.12.2014	0.75	5.770833333	6.26	5.34
10.12.2014	7.62	3.645833333	5.01	4.99
11.12.2014	3.30	6.45	5.15	2.80
12.12.2014	4.43	10	3.46	1.45
13.12.2014	0.58	5.141666667	4.70	1.99
14.12.2014	2.98	6.004166667	3.68	0.55
15.12.2014	1.20	4.575	3.64	0.95
16.12.2014	2.16	8.070833333	6.09	2.06
17.12.2014	3.73	6.016666667	5.38	2.09
18.12.2014	0.84	3.3375	2.93	5.72
19.12.2014	1.57	5.8375	4.59	1.40
20.12.2014	-0.34	7.308333333	4.46	3.15
21.12.2014	3.19	4.4875	5.59	2.65
22.12.2014	3.12	5.783333333	1.54	0.73
23.12.2014	2.83	4.4625	1.54	1.99
24.12.2014	1.41	24.65416667	4.83	2.78
25.12.2014	2.17	22.9875	2.33	2.54
26.12.2014	0.06	1.5375	1.89	4.12
27.12.2014	-0.22	3.966666667	2.50	4.10
28.12.2014	-0.27	4.433333333	1.28	3.10
29.12.2014	0.33	7.254166667	1.92	3.26
30.12.2014	1.92	5.745833333	1.54	3.41
31.12.2014	4.92	5.2125	5.79	0.97
01.01.2015	2.58	3.758333333	4.09	2.60
02.01.2015	1.40	6.6625	5.04	0.40
03.01.2015	1.44	4.066666667	3.37	0.02
04.01.2015	0.20	5.066666667	2.40	6.66
05.01.2015	1.30	5.908333333	7.13	3.60
06.01.2015	4.38	6.4875	10.39	6.91
07.01.2015	6.79	13.91666667	5.49	5.78
08.01.2015	1.34	7.091666667	4.25	3.38
09.01.2015	3.71	10.275	10.12	4.75
10.01.2015	8.83	11.55	13.09	6.68
11.01.2015	4.36	6.2625	8.83	6.28
12.01.2015	2.81	6.725	2.83	0.32
13.01.2015	2.82	6.9375	6.58	0.08
14.01.2015	6.06	8.345833333	8.25	2.82
15.01.2015	4.51	4.970833333	3.73	6.05
16.01.2015	5.37	8.15	8.13	2.23
17.01.2015	6.77	10.47916667	10.03	4.71
18.01.2015	10.43	33.97083333	4.89	0.11
19.01.2015	4.19	23.325	5.56	2.10
20.01.2015	4.78	17.21666667	11.18	9.95
21.01.2015	8.78	11.84166667	9.95	6.31
22.01.2015	6.25	33.3375	7.52	9.87
23.01.2015	4.68	14.93333333	7.84	1.94
24.01.2015	14.40	19.525	8.55	10.50
25.01.2015	9.15	19.0375	9.22	9.11
26.01.2015	10.62	22.95416667	10.05	8.01
27.01.2015	6.47	13.21666667	10.98	2.28
28.01.2015	10.21	14.21666667	10.28	4.18
29.01.2015	15.38	20.09130435	3.23	1.22
30.01.2015	7.11	20.44583333	16.32	16.04
31.01.2015	23.55	73.82	9.50	9.47
01.02.2015	10.37	18.96	3.85	11.15
02.02.2015	7.79	18.86666667	4.74	19.85
03.02.2015	10.63	45.40416667	2.33	6.23
04.02.2015	6.11	34.1375	11.75	9.02
05.02.2015	2.25	20.02083333	3.49	9.50
06.02.2015	35.88	52.5125	4.96	16.69
07.02.2015	8.44	16.42916667	30.29	36.67
08.02.2015	0.72	19.9875	39.23	38.63
09.02.2015	7.75	15.52083333	32.90	40.16
10.02.2015	14.19	14.04166667	35.19	34.91
11.02.2015	44.14	21.26	37.10	45.31
12.02.2015	14.85	19.19166667	38.92	47.73
13.02.2015	16.78	22.49166667	41.50	50.02
14.02.2015	30.53	27.87916667	41.82	47.86
15.02.2015	48.88	32.19565217	7.41	11.18
16.02.2015	50.05	45.13333333	24.53	29.88
17.02.2015	16.15	17.53333333	34.16	35.90
18.02.2015	11.66	21.97916667	14.23	17.85
19.02.2015	25.57	26.4375	19.43	23.07
20.02.2015	46.54	25.57916667	10.07	7.56
21.02.2015	45.10	32.04583333	25.95	25.50
22.02.2015	48.56	44.07916667	10.13	11.31
23.02.2015	46.30	22.24166667	41.27	37.30
24.02.2015	46.16	34.8375	15.09	27.35
25.02.2015	47.27	40.5375	19.91	45.38
26.02.2015	20.91	30.19583333	58.43	60.20
27.02.2015	58.36	36.50416667	28.81	49.70
28.02.2015	42.40	33.00416667	38.87	56.69
01.03.2015	57.75	28.6375	36.53	29.60
02.03.2015	46.56	48.2375	45.02	21.06
03.03.2015	63.98	43.80416667	52.58	29.74
04.03.2015	46.40	42.07916667	74.46	43.92
05.03.2015	33.62	40.65416667	47.59	41.12
06.03.2015	46.94	47.52083333	41.74	16.36
07.03.2015	11.81	23.87916667	75.23	46.70
08.03.2015	43.67	34.82083333	77.63	64.45
09.03.2015	79.60	50.51666667	84.78	101.22
10.03.2015	17.06	41.78333333	13.57	33.15
11.03.2015	112.74	65.32083333	15.61	42.35
12.03.2015	111.20	49.4625	33.76	97.72
13.03.2015	119.92	41.3	40.80	145.78
14.03.2015	121.42	42.31666667	43.22	-99.00
15.03.2015	125.90	45.16666667	92.62	90.46
16.03.2015	105.41	56.36	120.62	96.53
17.03.2015	117.94	57.325	100.95	65.40
18.03.2015	65.68	44.00416667	78.30	66.49
19.03.2015	32.29	54.7375	62.26	50.94
20.03.2015	50.44	63.8875	53.49	52.23
21.03.2015	153.18	97.57916667	82.79	-99.00
22.03.2015	30.22	64.30416667	58.22	-99.00
23.03.2015	109.11	55.13333333	50.35	-99.00
24.03.2015	162.15	53.15652174	96.85	-99.00
25.03.2015	166.75	54.69583333	76.50	-99.00
26.03.2015	87.14	52.77083333	28.37	59.82
27.03.2015	116.99	100.3666667	103.42	81.61
28.03.2015	100.27	95.45416667	24.95	66.37
29.03.2015	134.65	75.88333333	55.42	71.75
30.03.2015	172.61	90.47916667	35.78	47.95
31.03.2015	169.90	84.98333333	126.43	111.81
01.04.2015	88.20	102.5916667	134.85	91.93
02.04.2015	80.41	111.5125	141.49	128.91
03.04.2015	132.93	110.5541667	95.63	68.44
04.04.2015	185.03	113.6166667	29.12	28.81
05.04.2015	72.52	108.925	81.13	59.58
06.04.2015	174.70	123.4041667	88.52	91.96
07.04.2015	95.86	85.19583333	129.55	123.43
08.04.2015	201.38	82.72916667	34.32	61.14
09.04.2015	28.82	69.17916667	83.49	73.01
10.04.2015	197.10	75.64583333	109.60	66.71
11.04.2015	117.74	72.35416667	199.72	231.25
12.04.2015	185.76	88.71666667	167.27	188.65
13.04.2015	113.70	114.775	147.13	111.16
14.04.2015	73.62	98.42916667	157.85	208.20
15.04.2015	87.20	124.2083333	202.84	226.97
16.04.2015	70.99	109.2541667	207.38	245.70
17.04.2015	240.80	89.6875	204.59	244.82
18.04.2015	82.47	78.47916667	194.68	226.74
19.04.2015	237.90	76.5375	201.80	235.80
20.04.2015	253.77	63.57916667	116.78	129.86
21.04.2015	235.05	60.69583333	200.35	138.37
22.04.2015	57.10	71.85	156.65	129.33
23.04.2015	80.95	92.35416667	153.88	194.87
24.04.2015	187.70	94.5375	140.60	183.52
25.04.2015	106.80	141.0166667	233.36	183.49
26.04.2015	208.75	119.5916667	240.07	282.27
27.04.2015	250.45	117.4375	229.29	275.92
28.04.2015	275.10	116.0125	214.19	300.35
29.04.2015	209.64	206.4625	245.43	282.71
30.04.2015	209.52	223.7375	249.20	290.12
01.05.2015	236.45	214.9608696	166.61	228.61
02.05.2015	210.70	242.6818182	176.79	100.45
03.05.2015	302.41	313.9875	137.67	138.07
04.05.2015	155.03	191.8791667	163.30	259.77
05.05.2015	261.44	232.4291667	205.97	268.61
06.05.2015	229.69	316.325	190.73	136.32
07.05.2015	147.04	214.1875	264.53	283.19
08.05.2015	232.13	282.8666667	156.20	124.78
09.05.2015	315.50	300.4583333	48.65	85.50
10.05.2015	156.87	318.1291667	80.20	133.77
11.05.2015	96.54	203.4045455	231.93	280.07
12.05.2015	164.70	282.2	143.87	191.43
13.05.2015	99.59	180.0041667	235.33	285.27
14.05.2015	196.03	316.2958333	147.19	195.66
15.05.2015	325.14	337.8541667	177.90	278.01
16.05.2015	92.38	180.0083333	95.60	69.89
17.05.2015	239.56	244.0375	273.12	274.32
18.05.2015	327.83	299.025	51.36	68.70
19.05.2015	183.35	176.7416667	134.00	168.05
20.05.2015	90.53	232.8875	229.74	165.13
21.05.2015	148.75	276.6791667	279.60	292.69
22.05.2015	84.74	228.2458333	179.15	299.89
23.05.2015	164.40	346.3916667	208.58	244.11
24.05.2015	93.40	203.0083333	107.98	191.21
25.05.2015	199.85	258.2208333	115.25	196.04
26.05.2015	169.58	252.1833333	177.66	290.38
27.05.2015	183.00	320.0041667	268.84	316.18
28.05.2015	169.74	234.3166667	294.68	343.50
29.05.2015	227.17	292.6333333	293.55	340.57
30.05.2015	207.72	211.4916667	292.69	340.32
31.05.2015	80.03	288.2791667	297.86	346.61
01.06.2015	114.92	265.15	295.47	341.91
02.06.2015	160.20	204.6791667	285.53	328.47
03.06.2015	72.05	278.5958333	289.48	343.59
04.06.2015	172.65	284.1458333	130.33	176.42
05.06.2015	239.78	291.6208333	198.09	171.49
06.06.2015	168.77	296.7833333	94.29	101.41
07.06.2015	141.89	291.175	299.24	310.44
08.06.2015	307.19	360.125	281.86	246.74
09.06.2015	155.60	260.5916667	181.03	197.79
10.06.2015	43.90	291.7083333	30.69	62.08
11.06.2015	83.22	288.9125	79.54	75.92
12.06.2015	124.88	292.2	184.51	89.11
13.06.2015	295.10	331.8625	67.44	54.18
14.06.2015	202.85	240.0666667	92.33	99.04
15.06.2015	188.14	332.45	263.33	193.23
16.06.2015	315.48	374.05	23.78	37.43
17.06.2015	72.12	196.725	38.76	33.54
18.06.2015	100.02	124.0652174	200.52	220.88
19.06.2015	191.57	211.7458333	114.83	178.37
20.06.2015	340.46	380.0833333	168.38	214.80
21.06.2015	349.15	309.475	122.11	116.25
22.06.2015	298.44	236.0958333	308.35	342.07
23.06.2015	63.55	268.3166667	216.85	147.70
24.06.2015	137.98	121.5166667	214.35	158.61
25.06.2015	124.48	187.6291667	252.53	154.28
26.06.2015	168.88	291.9666667	158.37	162.82
27.06.2015	353.20	372.8041667	303.41	332.62
28.06.2015	258.00	316.825	298.56	325.60
29.06.2015	77.89	209.6125	263.34	278.51
30.06.2015	110.28	286.9791667	300.74	354.82
01.07.2015	86.91	293.0041667	301.86	349.37
02.07.2015	239.39	308.9875	290.78	327.39
03.07.2015	125.88	239.8833333	269.78	322.17
04.07.2015	270.55	365.6833333	176.17	208.58
05.07.2015	289.12	310.225	129.53	149.70
06.07.2015	57.01	65.97083333	156.24	177.69
07.07.2015	52.16	85.78695652	158.74	143.59
08.07.2015	90.07	97.24166667	137.61	198.02
09.07.2015	162.55	106.9583333	135.56	168.07
10.07.2015	167.17	239.8333333	193.96	201.57
11.07.2015	212.15	251.8	96.97	77.51
12.07.2015	157.94	112.7333333	281.37	312.02
13.07.2015	49.05	95.39166667	205.55	277.83
14.07.2015	106.69	121.9541667	144.43	155.82
15.07.2015	74.63	105.9541667	257.25	290.44
16.07.2015	107.26	144.9625	153.43	147.48
17.07.2015	270.26	286.0291667	86.24	91.92
18.07.2015	78.70	198.9416667	96.28	65.58
19.07.2015	85.75	164.125	250.30	219.01
20.07.2015	135.42	187.9	172.36	218.15
21.07.2015	98.79	84.4625	269.57	313.41
22.07.2015	95.05	176.9083333	266.81	307.16
23.07.2015	156.56	173.2958333	250.31	288.89
24.07.2015	131.99	212.5625	253.65	288.14
25.07.2015	281.61	240.5833333	242.21	268.04
26.07.2015	149.36	61.725	174.50	235.29
27.07.2015	202.82	218.5291667	70.77	96.53
28.07.2015	310.03	176.6791667	113.47	112.04
29.07.2015	97.47	45.4375	128.80	177.84
30.07.2015	71.22	158.1625	253.15	295.18
31.07.2015	129.99	246.9041667	149.90	120.18
01.08.2015	195.85	179.5958333	196.53	246.27
02.08.2015	106.45	230.7958333	227.58	270.03
03.08.2015	198.45	167.5875	212.49	280.57
04.08.2015	117.00	63.9	223.34	247.26
05.08.2015	137.89	156.4625	223.40	269.15
06.08.2015	218.53	203.675	178.22	218.80
07.08.2015	124.35	98	144.04	239.31
08.08.2015	99.79	192.6833333	153.32	148.95
09.08.2015	98.70	123.175	141.54	177.74
10.08.2015	151.43	75.87083333	123.77	112.14
11.08.2015	122.42	154.4166667	195.03	166.30
12.08.2015	105.10	241.9875	101.43	90.56
13.08.2015	260.05	264.2291667	67.77	128.42
14.08.2015	246.03	278.3875	86.34	77.63
15.08.2015	139.69	230.375	92.29	55.10
16.08.2015	90.57	102.6833333	186.29	151.65
17.08.2015	231.50	259.3541667	214.48	234.15
18.08.2015	251.87	225.4833333	88.21	78.07
19.08.2015	255.43	264.7333333	107.83	99.93
20.08.2015	251.49	248.1541667	126.92	142.28
21.08.2015	238.48	236.3041667	190.97	216.50
22.08.2015	117.29	175.8166667	196.03	232.20
23.08.2015	232.69	253.6708333	195.98	208.15
24.08.2015	212.89	241.8166667	66.65	38.63
25.08.2015	64.30	22.5875	140.21	74.42
26.08.2015	104.74	150.1875	189.86	223.00
27.08.2015	92.13	103.7083333	186.46	221.17
28.08.2015	58.03	101.4958333	178.34	214.04
29.08.2015	77.60	132.25	173.71	163.11
30.08.2015	85.73	154.7083333	169.19	43.09
31.08.2015	131.26	87.25416667	154.24	140.74
01.09.2015	172.53	92.95	143.55	63.36
02.09.2015	54.50	50.65833333	147.56	114.52
03.09.2015	181.96	95.175	99.79	109.21
04.09.2015	42.48	89.76666667	141.33	178.38
05.09.2015	96.50	93.6375	64.64	81.66
06.09.2015	113.26	171.3833333	19.30	22.08
07.09.2015	48.10	85.51666667	56.67	33.11
08.09.2015	164.19	143.7916667	55.02	20.89
09.09.2015	175.32	190.8916667	37.03	59.18
10.09.2015	149.42	169.6833333	37.24	29.55
11.09.2015	165.08	184.8	32.28	61.17
12.09.2015	111.04	34.50833333	95.43	54.49
13.09.2015	63.70	68.02083333	137.64	161.97
14.09.2015	48.88	39.4	117.18	115.94
15.09.2015	52.35	12.05416667	73.63	77.93
16.09.2015	131.12	71.99166667	34.95	37.82
17.09.2015	54.51	42.10833333	124.54	119.87
18.09.2015	40.09	55.9625	49.41	53.58
19.09.2015	31.83	128.725	69.80	74.35
20.09.2015	93.93	141.2	31.58	63.36
21.09.2015	141.31	124.8583333	42.18	30.30
22.09.2015	76.78	63.35833333	19.83	28.56
23.09.2015	49.51	92.65416667	52.54	75.68
24.09.2015	67.97	27.60833333	21.98	31.85
25.09.2015	59.52	92.425	70.03	75.80
26.09.2015	61.83	98.36666667	58.30	85.59
27.09.2015	62.53	139.2125	5.56	55.15
28.09.2015	86.60	111.925	102.43	109.24
29.09.2015	108.76	121.0291667	45.79	72.41
30.09.2015	17.80	57.825	16.88	101.06
01.10.2015	18.14	58.99583333	16.76	32.57
02.10.2015	15.97	32.1875	49.84	70.39
03.10.2015	77.37	116.6833333	25.59	24.07
04.10.2015	51.44	79.25833333	20.69	54.40
05.10.2015	93.45	114.8041667	31.03	33.98
06.10.2015	88.38	50.4875	54.21	57.56
07.10.2015	48.65	60.04583333	18.12	24.40
08.10.2015	24.39	35.3125	23.65	22.37
09.10.2015	34.98	38.78333333	16.68	11.56
10.10.2015	71.81	89.475	39.93	56.77
11.10.2015	51.54	39.43333333	46.99	36.03
12.10.2015	65.53	42.0875	60.25	46.42
13.10.2015	43.19	64.73913043	14.12	11.18
14.10.2015	67.20	84.3	11.09	6.36
15.10.2015	30.28	89.26041667	37.11	20.30
16.10.2015	65.03	86.97083333	41.63	23.89
17.10.2015	48.37	85.74583333	60.18	69.04
18.10.2015	61.07	82.78333333	47.04	51.39
19.10.2015	44.59	78.58333333	11.40	20.47
20.10.2015	13.87	46.42916667	20.22	12.78
21.10.2015	16.68	47.50833333	29.98	15.35
22.10.2015	31.18	28.1625	36.08	10.14
23.10.2015	30.92	59.75833333	29.20	22.10
24.10.2015	12.78	35.8375	6.78	5.54
25.10.2015	15.69	38.05833333	11.90	22.94
26.10.2015	12.31	40.72083333	23.48	30.93
27.10.2015	26.19	46.89583333	9.56	14.71
28.10.2015	40.93	59.39166667	8.03	7.83
29.10.2015	44.47	58.83333333	10.22	5.01
30.10.2015	16.89	38.07916667	25.31	28.48
31.10.2015	15.06	24.16666667	21.37	22.93
01.11.2015	14.81	37.475	38.62	31.80
02.11.2015	3.08	28.6625	10.13	25.21
03.11.2015	25.40	45.44583333	18.98	26.32
04.11.2015	13.65	17.1125	28.43	29.83
05.11.2015	13.27	10.96666667	13.94	10.47
06.11.2015	21.37	28.80416667	18.43	18.75
07.11.2015	22.90	30.02916667	20.17	15.92
08.11.2015	22.41	36.55416667	18.58	24.48
09.11.2015	13.45	26.3125	15.97	12.20
10.11.2015	8.04	27.35833333	15.95	6.17
11.11.2015	9.15	18.26666667	17.48	11.38
12.11.2015	10.47	21.05	16.50	14.69
13.11.2015	9.78	10.7875	14.97	14.19
14.11.2015	5.09	14.9375	19.13	20.78
15.11.2015	10.77	26.72916667	5.26	4.87
16.11.2015	5.36	10.6875	7.20	6.15
17.11.2015	6.85	17.21666667	10.51	5.27
18.11.2015	8.94	35.35416667	7.66	4.49
19.11.2015	7.74	21.7	5.68	3.81
20.11.2015	10.92	22.68333333	7.92	5.76
21.11.2015	1.78	36.825	14.37	10.63
22.11.2015	1.84	20.50416667	10.15	2.44
23.11.2015	1.80	10.2625	10.35	3.82
24.11.2015	6.41	10.82916667	3.00	1.21
25.11.2015	5.54	11.8625	9.86	6.69
26.11.2015	2.07	6.454166667	9.11	8.06
27.11.2015	3.22	3.566666667	8.71	6.90
28.11.2015	7.24	8.925	7.73	5.99
29.11.2015	6.86	8.766666667	7.43	3.28
30.11.2015	3.38	10.27083333	3.07	5.21
01.12.2015	-0.18	4.9875	2.89	8.17
02.12.2015	8.38	7.579166667	4.03	2.91
03.12.2015	5.40	2.683333333	2.35	6.54
04.12.2015	5.05	7.1625	1.23	3.54
05.12.2015	0.74	3.595833333	7.50	1.50
06.12.2015	1.98	5.666666667	7.30	2.99
07.12.2015	4.43	19.65833333	7.82	5.17
08.12.2015	2.02	5.879166667	5.78	4.35
09.12.2015	3.37	5.441666667	6.26	5.34
10.12.2015	1.27	3.416666667	5.01	4.99
11.12.2015	4.49	4.758333333	5.15	2.80
12.12.2015	2.47	3.416666667	3.46	1.45
13.12.2015	2.41	12.84166667	4.70	1.99
14.12.2015	0.45	6.816666667	3.68	0.55
15.12.2015	3.93	14.82916667	3.64	0.95
16.12.2015	4.35	8.916666667	6.09	2.06
17.12.2015	1.78	3.1125	5.38	2.09
18.12.2015	3.91	2.833333333	2.93	5.72
19.12.2015	1.83	3.0875	4.59	1.40
20.12.2015	0.63	5.591666667	4.46	3.15
21.12.2015	3.78	4.033333333	5.59	2.65
22.12.2015	1.97	3.3875	1.54	0.73
23.12.2015	2.15	3.016666667	1.54	1.99
24.12.2015	3.73	4.141666667	4.83	2.78
25.12.2015	0.56	4.341666667	2.33	2.54
26.12.2015	-0.35	12.3125	1.89	4.12
27.12.2015	2.35	4.254166667	2.50	4.10
28.12.2015	3.11	7.9625	1.28	3.10
29.12.2015	3.76	6.3125	1.92	3.26
30.12.2015	1.70	6.183333333	1.54	3.41
31.12.2015	-0.33	2.2	5.79	0.97
01.01.2016	2.33	4.2125	4.09	2.60
02.01.2016	3.14	6.379166667	5.04	0.40
03.01.2016	-0.15	9.7625	3.37	0.02
04.01.2016	0.92	11.20833333	2.40	6.66
05.01.2016	3.68	12.20833333	7.13	3.60
06.01.2016	4.31	7.3375	10.39	6.91
07.01.2016	1.75	11.2	5.49	5.78
08.01.2016	0.73	14.87083333	4.25	3.38
09.01.2016	0.75	18.75416667	10.12	4.75
10.01.2016	4.13	5.766666667	13.09	6.68
11.01.2016	4.25	13.975	8.83	6.28
12.01.2016	4.19	5.675	2.83	0.32
13.01.2016	4.26	18.1625	6.58	0.08
14.01.2016	6.35	10.97916667	8.25	2.82
15.01.2016	0.28	7.325	3.73	6.05
16.01.2016	0.83	24.4	8.13	2.23
17.01.2016	0.89	20.9625	10.03	4.71
18.01.2016	1.17	18.63333333	4.89	0.11
19.01.2016	0.74	14.85	5.56	2.10
20.01.2016	1.92	50.03333333	11.18	9.95
21.01.2016	4.62	45.11666667	9.95	6.31
22.01.2016	10.50	21.64583333	7.52	9.87
23.01.2016	10.35	13.27916667	7.84	1.94
24.01.2016	11.72	21.08333333	8.55	10.50
25.01.2016	7.14	13.44166667	9.22	9.11
26.01.2016	9.44	14.64583333	10.05	8.01
27.01.2016	7.76	11.34166667	10.98	2.28
28.01.2016	10.02	12.09166667	10.28	4.18
29.01.2016	4.36	10.4375	3.23	1.22
30.01.2016	16.63	12.80416667	16.32	16.04
31.01.2016	14.37	23.35416667	9.50	9.47
01.02.2016	2.79	13.675	3.85	11.15
02.02.2016	8.86	21.31666667	4.74	19.85
03.02.2016	1.66	19.72083333	2.33	6.23
04.02.2016	2.63	30.025	11.75	9.02
05.02.2016	4.91	21.25	3.49	9.50
06.02.2016	20.17	31.38333333	4.96	16.69
07.02.2016	14.94	21.42916667	30.29	36.67
08.02.2016	12.14	22.15833333	39.23	38.63
09.02.2016	25.85	55.825	32.90	40.16
10.02.2016	21.66	22.45	35.19	34.91
11.02.2016	39.85	20.4875	37.10	45.31
12.02.2016	22.93	13.42916667	38.92	47.73
13.02.2016	42.41	18.9375	41.50	50.02
14.02.2016	48.23	30.4375	41.82	47.86
15.02.2016	5.27	31.01666667	7.41	11.18
16.02.2016	17.97	49.6375	24.53	29.88
17.02.2016	23.79	32	34.16	35.90
18.02.2016	39.45	61.0875	14.23	17.85
19.02.2016	59.20	74.61666667	19.43	23.07
20.02.2016	39.36	40.425	10.07	7.56
21.02.2016	28.51	59.99166667	25.95	25.50
22.02.2016	33.22	68.225	10.13	11.31
23.02.2016	8.52	64.70833333	41.27	37.30
24.02.2016	12.03	69.24166667	15.09	27.35
25.02.2016	3.83	43.16666667	19.91	45.38
26.02.2016	20.80	82.0125	58.43	60.20
27.02.2016	20.95	92.0875	28.81	49.70
28.02.2016	39.90	81.92916667	38.87	56.69
29.02.2016	68.68	91.79583333	36.53	29.60
01.03.2016	33.58	61.18333333	45.02	21.06
02.03.2016	51.05	110.0666667	52.58	29.74
03.03.2016	41.64	54.80833333	74.46	43.92
04.03.2016	63.84	59.8375	47.59	41.12
05.03.2016	71.20	112.8416667	41.74	16.36
06.03.2016	68.19	107.6416667	75.23	46.70
07.03.2016	54.38	57.56666667	77.63	64.45
08.03.2016	108.74	46.41666667	84.78	101.22
09.03.2016	51.63	108.25	13.57	33.15
10.03.2016	102.59	138.8	15.61	42.35
11.03.2016	93.16	118.1875	33.76	97.72
12.03.2016	110.28	132.2583333	40.80	145.78
13.03.2016	42.33	80.55416667	43.22	-99.00
14.03.2016	98.85	113.6208333	92.62	90.46
15.03.2016	98.91	152.1333333	120.62	96.53
16.03.2016	65.43	158.0416667	100.95	65.40
17.03.2016	25.27	91.92083333	78.30	66.49
18.03.2016	96.89	168.6708333	62.26	50.94
19.03.2016	40.58	138.4041667	53.49	52.23
20.03.2016	35.03	144.0291667	82.79	-99.00
21.03.2016	34.65	105.1583333	58.22	-99.00
22.03.2016	60.78	118.2833333	50.35	-99.00
23.03.2016	164.87	207.4291667	96.85	-99.00
24.03.2016	56.83	104.4208333	76.50	-99.00
25.03.2016	70.13	120.4958333	28.37	59.82
26.03.2016	108.52	150.45	103.42	81.61
27.03.2016	102.92	87.91666667	24.95	66.37
28.03.2016	121.30	84.79166667	55.42	71.75
29.03.2016	65.47	129.9416667	35.78	47.95
30.03.2016	156.29	207.6625	126.43	111.81
31.03.2016	121.58	146.9083333	134.85	91.93
01.04.2016	103.90	165.2666667	141.49	128.91
02.04.2016	126.59	139.5875	95.63	68.44
03.04.2016	145.90	170.7708333	29.12	28.81
04.04.2016	134.01	146.5333333	81.13	59.58
05.04.2016	75.01	179.3875	88.52	91.96
06.04.2016	121.48	157.4083333	129.55	123.43
07.04.2016	91.42	135.9041667	34.32	61.14
08.04.2016	145.58	195.9541667	83.49	73.01
09.04.2016	187.50	245.7958333	109.60	66.71
10.04.2016	232.72	243.2833333	199.72	231.25
11.04.2016	204.96	213.1583333	167.27	188.65
12.04.2016	233.58	236.325	147.13	111.16
13.04.2016	223.32	204.9625	157.85	208.20
14.04.2016	120.18	190.8458333	202.84	226.97
15.04.2016	133.32	189.4583333	207.38	245.70
16.04.2016	159.85	266.9625	204.59	244.82
17.04.2016	164.41	235.6875	194.68	226.74
18.04.2016	164.25	209.7125	201.80	235.80
19.04.2016	77.93	212.5	116.78	129.86
20.04.2016	120.92	246.25	200.35	138.37
21.04.2016	63.37	231.5333333	156.65	129.33
22.04.2016	122.22	255.7833333	153.88	194.87
23.04.2016	199.77	241.9875	140.60	183.52
24.04.2016	225.82	266.1875	233.36	183.49
25.04.2016	237.56	246.2833333	240.07	282.27
26.04.2016	193.47	269.4791667	229.29	275.92
27.04.2016	287.10	313.1625	214.19	300.35
28.04.2016	265.73	240.3833333	245.43	282.71
29.04.2016	95.25	244.3458333	249.20	290.12
30.04.2016	252.27	185.9958333	166.61	228.61
01.05.2016	220.39	267.1791667	176.79	100.45
02.05.2016	81.94	251.1	137.67	138.07
03.05.2016	105.91	210.6416667	163.30	259.77
04.05.2016	241.35	308.0833333	205.97	268.61
05.05.2016	116.72	324.3	190.73	136.32
06.05.2016	148.64	268.3541667	264.53	283.19
07.05.2016	134.61	281.3708333	156.20	124.78
08.05.2016	225.90	312.3916667	48.65	85.50
09.05.2016	290.85	333.3416667	80.20	133.77
10.05.2016	144.85	293.0208333	231.93	280.07
11.05.2016	313.63	346.8708333	143.87	191.43
12.05.2016	88.08	177.6333333	235.33	285.27
13.05.2016	141.94	195.25	147.19	195.66
14.05.2016	137.27	184.9125	177.90	278.01
15.05.2016	232.43	298.5416667	95.60	69.89
16.05.2016	317.19	356.8	273.12	274.32
17.05.2016	165.25	287.7041667	51.36	68.70
18.05.2016	188.15	179.8041667	134.00	168.05
19.05.2016	295.76	271.85	229.74	165.13
20.05.2016	120.09	217.4708333	279.60	292.69
21.05.2016	276.78	271.6625	179.15	299.89
22.05.2016	116.07	187.7375	208.58	244.11
23.05.2016	78.31	208.9166667	107.98	191.21
24.05.2016	189.50	313.9375	115.25	196.04
25.05.2016	336.83	374.625	177.66	290.38
26.05.2016	328.19	373.8875	268.84	316.18
27.05.2016	339.00	369.6375	294.68	343.50
28.05.2016	285.52	221.0625	293.55	340.57
29.05.2016	251.87	139.6583333	292.69	340.32
30.05.2016	212.81	193.0791667	297.86	346.61
31.05.2016	150.04	358.4666667	295.47	341.91
01.06.2016	195.19	325.8208333	285.53	328.47
02.06.2016	265.85	297.2875	289.48	343.59
03.06.2016	317.15	370.3333333	130.33	176.42
04.06.2016	340.29	382.2833333	198.09	171.49
05.06.2016	339.51	375.8541667	94.29	101.41
06.06.2016	332.90	369.7041667	299.24	310.44
07.06.2016	199.30	319.4291667	281.86	246.74
08.06.2016	343.42	396.875	181.03	197.79
09.06.2016	230.30	314.4541667	30.69	62.08
10.06.2016	355.16	329.875	79.54	75.92
11.06.2016	275.19	214.7916667	184.51	89.11
12.06.2016	341.06	241.1291667	67.44	54.18
13.06.2016	242.69	281.3125	92.33	99.04
14.06.2016	344.53	303.9041667	263.33	193.23
15.06.2016	316.81	228.7333333	23.78	37.43
16.06.2016	239.01	196.5958333	38.76	33.54
17.06.2016	199.07	113	200.52	220.88
18.06.2016	151.47	220.2083333	114.83	178.37
19.06.2016	235.70	234.1125	168.38	214.80
20.06.2016	235.24	241.125	122.11	116.25
21.06.2016	182.00	221.8333333	308.35	342.07
22.06.2016	92.71	180.2458333	216.85	147.70
23.06.2016	179.95	317.5958333	214.35	158.61
24.06.2016	193.01	127.3916667	252.53	154.28
25.06.2016	164.33	222.75	158.37	162.82
26.06.2016	56.53	60.97083333	303.41	332.62
27.06.2016	193.12	314.4041667	298.56	325.60
28.06.2016	231.70	299.6	263.34	278.51
29.06.2016	251.31	195.3375	300.74	354.82
30.06.2016	163.00	156.275	301.86	349.37
01.07.2016	213.13	195.2083333	290.78	327.39
02.07.2016	192.47	188.375	269.78	322.17
03.07.2016	176.28	232.9041667	176.17	208.58
04.07.2016	219.26	203.8666667	129.53	149.70
05.07.2016	185.07	183.9	156.24	177.69
06.07.2016	173.33	325.1916667	158.74	143.59
07.07.2016	229.26	292.8625	137.61	198.02
08.07.2016	238.68	232.1583333	135.56	168.07
09.07.2016	122.65	207.975	193.96	201.57
10.07.2016	220.87	234.2875	96.97	77.51
11.07.2016	116.75	223.7041667	281.37	312.02
12.07.2016	160.20	158.9208333	205.55	277.83
13.07.2016	140.72	128.5666667	144.43	155.82
14.07.2016	101.94	124.65	257.25	290.44
15.07.2016	199.68	156.4	153.43	147.48
16.07.2016	95.58	267.9125	86.24	91.92
17.07.2016	76.83	135.3416667	96.28	65.58
18.07.2016	266.65	174.0458333	250.30	219.01
19.07.2016	77.70	96.63333333	172.36	218.15
20.07.2016	265.27	267.8541667	269.57	313.41
21.07.2016	307.77	286.2083333	266.81	307.16
22.07.2016	201.47	161.875	250.31	288.89
23.07.2016	269.95	218.9916667	253.65	288.14
24.07.2016	258.19	250.975	242.21	268.04
25.07.2016	133.62	127.1958333	174.50	235.29
26.07.2016	105.57	146.9125	70.77	96.53
27.07.2016	107.34	224.3208333	113.47	112.04
28.07.2016	160.74	229.4458333	128.80	177.84
29.07.2016	125.79	227.6291667	253.15	295.18
30.07.2016	148.77	155.3166667	149.90	120.18
31.07.2016	164.93	170.2708333	196.53	246.27
01.08.2016	108.62	159.0083333	227.58	270.03
02.08.2016	96.33	149.9333333	212.49	280.57
03.08.2016	206.95	212.725	223.34	247.26
04.08.2016	132.82	94.40416667	223.40	269.15
05.08.2016	163.76	111.8583333	178.22	218.80
06.08.2016	74.03	71.175	144.04	239.31
07.08.2016	84.31	163.6083333	153.32	148.95
08.08.2016	105.33	182.2333333	141.54	177.74
09.08.2016	64.90	73.24166667	123.77	112.14
10.08.2016	97.07	225.0875	195.03	166.30
11.08.2016	139.17	232.7041667	101.43	90.56
12.08.2016	34.28	104.4791667	67.77	128.42
13.08.2016	38.85	87.50416667	86.34	77.63
14.08.2016	269.31	268.0916667	92.29	55.10
15.08.2016	120.33	218.2833333	186.29	151.65
16.08.2016	240.55	273.4958333	214.48	234.15
17.08.2016	250.09	275.4375	88.21	78.07
18.08.2016	247.00	270.5791667	107.83	99.93
19.08.2016	219.67	172.6875	126.92	142.28
20.08.2016	167.76	155.8833333	190.97	216.50
21.08.2016	150.80	147.7333333	196.03	232.20
22.08.2016	192.05	165.525	195.98	208.15
23.08.2016	185.23	190.0583333	66.65	38.63
24.08.2016	49.88	81.51666667	140.21	74.42
25.08.2016	124.56	165.4208333	189.86	223.00
26.08.2016	31.03	46.64583333	186.46	221.17
27.08.2016	130.47	169.3416667	178.34	214.04
28.08.2016	163.60	114.8958333	173.71	163.11
29.08.2016	99.28	147.2583333	169.19	43.09
30.08.2016	27.85	96.3	154.24	140.74
31.08.2016	49.65	112.1791667	143.55	63.36
01.09.2016	52.73	155.2125	147.56	114.52
02.09.2016	67.50	112.7041667	99.79	109.21
03.09.2016	79.70	146.0208333	141.33	178.38
04.09.2016	125.67	176.2958333	64.64	81.66
05.09.2016	163.92	169.3	19.30	22.08
06.09.2016	54.99	137.525	56.67	33.11
07.09.2016	78.40	162.0041667	55.02	20.89
08.09.2016	134.90	175.0291667	37.03	59.18
09.09.2016	59.71	92.2875	37.24	29.55
10.09.2016	60.34	107.2166667	32.28	61.17
11.09.2016	104.13	169.3291667	95.43	54.49
12.09.2016	146.82	185.5916667	137.64	161.97
13.09.2016	117.63	177.1916667	117.18	115.94
14.09.2016	38.99	98.7	73.63	77.93
15.09.2016	80.21	90.02916667	34.95	37.82
16.09.2016	78.09	151.2458333	124.54	119.87
17.09.2016	57.39	113.2083333	49.41	53.58
18.09.2016	128.78	146.5625	69.80	74.35
19.09.2016	77.00	125.6666667	31.58	63.36
20.09.2016	121.96	131.4958333	42.18	30.30
21.09.2016	70.72	49.325	19.83	28.56
22.09.2016	47.45	76.275	52.54	75.68
23.09.2016	51.89	51.00833333	21.98	31.85
24.09.2016	23.39	58.93333333	70.03	75.80
25.09.2016	81.82	119.675	58.30	85.59
26.09.2016	78.50	131.3125	5.56	55.15
27.09.2016	34.05	64.39166667	102.43	109.24
28.09.2016	32.84	66.97083333	45.79	72.41
29.09.2016	41.54	57.89166667	16.88	101.06
30.09.2016	50.90	87.95	16.76	32.57
01.10.2016	54.00	89.72916667	49.84	70.39
02.10.2016	100.44	130.0208333	25.59	24.07
03.10.2016	95.29	124.7666667	20.69	54.40
04.10.2016	94.29	118.15	31.03	33.98
05.10.2016	94.00	120.5125	54.21	57.56
06.10.2016	86.97	113.0833333	18.12	24.40
07.10.2016	85.53	110.6625	23.65	22.37
08.10.2016	84.33	111.1708333	16.68	11.56
09.10.2016	85.32	70.52083333	39.93	56.77
10.10.2016	77.54	103.9833333	46.99	36.03
11.10.2016	74.89	104.4833333	60.25	46.42
12.10.2016	74.53	101.3416667	14.12	11.18
13.10.2016	71.89	98.59166667	11.09	6.36
14.10.2016	70.64	95.71666667	37.11	20.30
15.10.2016	70.34	91.34583333	41.63	23.89
16.10.2016	39.19	59.075	60.18	69.04
17.10.2016	46.30	77.74166667	47.04	51.39
18.10.2016	48.58	42.67083333	11.40	20.47
19.10.2016	57.01	66.3875	20.22	12.78
20.10.2016	53.90	57.81666667	29.98	15.35
21.10.2016	55.47	26.55	36.08	10.14
22.10.2016	49.58	32.20833333	29.20	22.10
23.10.2016	55.01	32.425	6.78	5.54
24.10.2016	28.03	12.85416667	11.90	22.94
25.10.2016	36.26	21.775	23.48	30.93
26.10.2016	9.85	30.68333333	9.56	14.71
27.10.2016	6.84	42.58333333	8.03	7.83
28.10.2016	6.42	27.72916667	10.22	5.01
29.10.2016	11.03	38.8875	25.31	28.48
30.10.2016	11.85	28.2375	21.37	22.93
31.10.2016	6.81	18.85416667	38.62	31.80
01.11.2016	15.93	17.74583333	10.13	25.21
02.11.2016	20.73	52.41666667	18.98	26.32
03.11.2016	20.56	28.3125	28.43	29.83
04.11.2016	19.03	44.36666667	13.94	10.47
05.11.2016	18.81	16.59583333	18.43	18.75
06.11.2016	29.67	54.525	20.17	15.92
07.11.2016	26.78	50.66666667	18.58	24.48
08.11.2016	24.18	36.0375	15.97	12.20
09.11.2016	13.77	34.19583333	15.95	6.17
10.11.2016	16.40	32.56666667	17.48	11.38
11.11.2016	3.54	18.85416667	16.50	14.69
12.11.2016	17.50	23.31666667	14.97	14.19
13.11.2016	11.68	17.3875	19.13	20.78
14.11.2016	3.48	11.04166667	5.26	4.87
15.11.2016	9.30	12.4125	7.20	6.15
16.11.2016	5.99	12.77083333	10.51	5.27
17.11.2016	14.36	24.87916667	7.66	4.49
18.11.2016	8.58	10.19166667	5.68	3.81
19.11.2016	8.27	5.9125	7.92	5.76
20.11.2016	7.90	22.4875	14.37	10.63
21.11.2016	6.93	11.83333333	10.15	2.44
22.11.2016	4.77	6.025	10.35	3.82
23.11.2016	0.26	10.95416667	3.00	1.21
24.11.2016	5.52	14.74166667	9.86	6.69
25.11.2016	2.72	10.54583333	9.11	8.06
26.11.2016	2.16	7.033333333	8.71	6.90
27.11.2016	4.67	5.620833333	7.73	5.99
28.11.2016	7.40	12.0625	7.43	3.28
29.11.2016	3.93	8.7875	3.07	5.21
30.11.2016	2.51	7.25	2.89	8.17
01.12.2016	2.04	4.15	4.03	2.91
02.12.2016	4.24	9.508333333	2.35	6.54
03.12.2016	2.34	5.641666667	1.23	3.54
04.12.2016	1.90	5.745833333	7.50	1.50
05.12.2016	6.38	17.54166667	7.30	2.99
06.12.2016	6.56	8.504166667	7.82	5.17
07.12.2016	1.22	5.304166667	5.78	4.35
08.12.2016	3.77	6.783333333	6.26	5.34
09.12.2016	2.53	9.1125	5.01	4.99
10.12.2016	2.25	9.941666667	5.15	2.80
11.12.2016	2.79	4.808333333	3.46	1.45
12.12.2016	4.03	5.395833333	4.70	1.99
13.12.2016	3.69	5.9375	3.68	0.55
14.12.2016	0.66	8.158333333	3.64	0.95
15.12.2016	3.20	4.058333333	6.09	2.06
16.12.2016	4.23	6.4	5.38	2.09
17.12.2016	3.22	5.416666667	2.93	5.72
18.12.2016	1.23	2.8875	4.59	1.40
19.12.2016	2.50	6.770833333	4.46	3.15
20.12.2016	1.16	1.433333333	5.59	2.65
21.12.2016	0.98	2.645833333	1.54	0.73
22.12.2016	1.28	2.395833333	1.54	1.99
23.12.2016	5.45	7.2375	4.83	2.78
24.12.2016	1.55	3.3375	2.33	2.54
25.12.2016	1.93	8.229166667	1.89	4.12
26.12.2016	-0.14	3.925	2.50	4.10
27.12.2016	3.38	12.04583333	1.28	3.10
28.12.2016	3.15	3.479166667	1.92	3.26
29.12.2016	1.83	4.854166667	1.54	3.41
30.12.2016	-0.34	1.5375	5.79	0.97
31.12.2016	2.67	5.908333333	4.09	2.60
01.01.2017	1.25	4.354166667	5.04	0.40
02.01.2017	0.52	9.8875	3.37	0.02
03.01.2017	0.42	4.25	2.40	6.66
04.01.2017	-0.48	2.533333333	7.13	3.60
05.01.2017	0.44	17.3125	10.39	6.91
06.01.2017	1.66	4.258333333	5.49	5.78
07.01.2017	4.76	7.520833333	4.25	3.38
08.01.2017	3.65	4.279166667	10.12	4.75
09.01.2017	4.87	9.116666667	13.09	6.68
10.01.2017	4.97	5.7875	8.83	6.28
11.01.2017	1.88	6.383333333	2.83	0.32
12.01.2017	4.98	9.891666667	6.58	0.08
13.01.2017	-0.01	9.704166667	8.25	2.82
14.01.2017	1.31	28.725	3.73	6.05
15.01.2017	1.94	33.59166667	8.13	2.23
16.01.2017	1.43	21.50416667	10.03	4.71
17.01.2017	4.49	12.99583333	4.89	0.11
18.01.2017	7.63	9.291666667	5.56	2.10
19.01.2017	0.26	11.59166667	11.18	9.95
20.01.2017	5.33	10.1125	9.95	6.31
21.01.2017	10.05	17.55833333	7.52	9.87
22.01.2017	13.00	21.79166667	7.84	1.94
23.01.2017	7.63	17.77916667	8.55	10.50
24.01.2017	9.98	21.2625	9.22	9.11
25.01.2017	11.48	23.0375	10.05	8.01
26.01.2017	14.95	26.10833333	10.98	2.28
27.01.2017	14.80	30.31666667	10.28	4.18
28.01.2017	9.40	17.30833333	3.23	1.22
29.01.2017	14.97	19.375	16.32	16.04
30.01.2017	13.35	50.69583333	9.50	9.47
31.01.2017	24.17	39.34583333	3.85	11.15
01.02.2017	13.10	22.71666667	4.74	19.85
02.02.2017	13.94	19.95	2.33	6.23
03.02.2017	17.52	47.35833333	11.75	9.02
04.02.2017	31.86	43.35833333	3.49	9.50
05.02.2017	33.04	40.175	4.96	16.69
06.02.2017	36.68	23.4875	30.29	36.67
07.02.2017	38.87	50.89166667	39.23	38.63
08.02.2017	39.63	48.64166667	32.90	40.16
09.02.2017	42.36	30.5125	35.19	34.91
10.02.2017	22.16	34.9125	37.10	45.31
11.02.2017	42.14	52.19166667	38.92	47.73
12.02.2017	28.68	54.025	41.50	50.02
13.02.2017	45.80	57.7125	41.82	47.86
14.02.2017	48.65	63.9625	7.41	11.18
15.02.2017	27.82	61.11666667	24.53	29.88
16.02.2017	17.02	49.48333333	34.16	35.90
17.02.2017	17.96	42.74166667	14.23	17.85
18.02.2017	9.85	45.83333333	19.43	23.07
19.02.2017	18.10	48.11666667	10.07	7.56
20.02.2017	12.73	51.54166667	25.95	25.50
21.02.2017	35.55	59.77916667	10.13	11.31
22.02.2017	42.30	59.575	41.27	37.30
23.02.2017	5.78	113.3208333	15.09	27.35
24.02.2017	2.38	46.43333333	19.91	45.38
25.02.2017	8.06	44.50833333	58.43	60.20
26.02.2017	51.52	74.37083333	28.81	49.70
27.02.2017	75.28	91.1125	38.87	56.69
28.02.2017	30.20	47.19166667	36.53	29.60
01.03.2017	40.01	75.98333333	45.02	21.06
02.03.2017	82.23	120.925	52.58	29.74
03.03.2017	89.15	104.075	74.46	43.92
04.03.2017	81.75	125.8208333	47.59	41.12
05.03.2017	91.16	97.65833333	41.74	16.36
06.03.2017	98.01	119.3083333	75.23	46.70
07.03.2017	103.08	130.0875	77.63	64.45
08.03.2017	101.97	130.2791667	84.78	101.22
09.03.2017	37.65	72.41666667	13.57	33.15
10.03.2017	54.92	89.61666667	15.61	42.35
11.03.2017	90.02	121.9083333	33.76	97.72
12.03.2017	56.54	79.54583333	40.80	145.78
13.03.2017	61.01	122.9125	43.22	-99.00
14.03.2017	29.79	73.1125	92.62	90.46
15.03.2017	22.01	78.3875	120.62	96.53
16.03.2017	59.01	108.5916667	100.95	65.40
17.03.2017	22.97	94.925	78.30	66.49
18.03.2017	99.20	156.3291667	62.26	50.94
19.03.2017	89.43	154.025	53.49	52.23
20.03.2017	109.52	156.5625	82.79	-99.00
21.03.2017	113.13	159.5583333	58.22	-99.00
22.03.2017	18.00	124.2208333	50.35	-99.00
23.03.2017	107.01	190.9875	96.85	-99.00
24.03.2017	39.34	108.125	76.50	-99.00
25.03.2017	72.90	142.45	28.37	59.82
26.03.2017	31.10	121.5708333	103.42	81.61
27.03.2017	81.13	160.3666667	24.95	66.37
28.03.2017	84.63	127.5041667	55.42	71.75
29.03.2017	183.79	203.5583333	35.78	47.95
30.03.2017	44.75	87.75	126.43	111.81
31.03.2017	128.81	126.7166667	134.85	91.93
01.04.2017	122.56	194.5916667	141.49	128.91
02.04.2017	74.07	107.6083333	95.63	68.44
03.04.2017	97.63	169.0416667	29.12	28.81
04.04.2017	65.51	154.1291667	81.13	59.58
05.04.2017	88.46	117.8708333	88.52	91.96
06.04.2017	33.14	116.1416667	129.55	123.43
07.04.2017	95.85	231.3041667	34.32	61.14
08.04.2017	116.10	195.3958333	83.49	73.01
09.04.2017	103.39	186.0541667	109.60	66.71
10.04.2017	49.45	193.475	199.72	231.25
11.04.2017	144.68	211.2958333	167.27	188.65
12.04.2017	108.46	209.7208333	147.13	111.16
13.04.2017	176.53	152.85	157.85	208.20
14.04.2017	245.19	251.6208333	202.84	226.97
15.04.2017	157.62	210.6458333	207.38	245.70
16.04.2017	244.54	152.5833333	204.59	244.82
17.04.2017	263.95	233.5541667	194.68	226.74
18.04.2017	247.74	196.5791667	201.80	235.80
19.04.2017	62.78	212.3208333	116.78	129.86
20.04.2017	52.29	205.0291667	200.35	138.37
21.04.2017	94.61	203.8	156.65	129.33
22.04.2017	92.37	240.925	153.88	194.87
23.04.2017	135.96	297.625	140.60	183.52
24.04.2017	139.88	148.8041667	233.36	183.49
25.04.2017	175.75	162.4083333	240.07	282.27
26.04.2017	121.14	216.2083333	229.29	275.92
27.04.2017	239.59	240.3625	214.19	300.35
28.04.2017	282.63	197.2	245.43	282.71
29.04.2017	256.54	277.3291667	249.20	290.12
30.04.2017	272.13	301.1125	166.61	228.61
01.05.2017	293.63	313.1041667	176.79	100.45
02.05.2017	295.39	316.0041667	137.67	138.07
03.05.2017	302.28	322.2583333	163.30	259.77
04.05.2017	289.07	327.475	205.97	268.61
05.05.2017	293.35	289.875	190.73	136.32
06.05.2017	296.55	296.9416667	264.53	283.19
07.05.2017	269.40	303.3291667	156.20	124.78
08.05.2017	123.94	197.8416667	48.65	85.50
09.05.2017	150.55	205.2125	80.20	133.77
10.05.2017	206.09	241.6833333	231.93	280.07
11.05.2017	322.46	203.9208333	143.87	191.43
12.05.2017	217.03	266.0958333	235.33	285.27
13.05.2017	318.48	344.9916667	147.19	195.66
14.05.2017	134.28	165.4166667	177.90	278.01
15.05.2017	170.23	268.6666667	95.60	69.89
16.05.2017	97.55	151.5208333	273.12	274.32
17.05.2017	320.15	306.9583333	51.36	68.70
18.05.2017	89.20	160.5791667	134.00	168.05
19.05.2017	247.24	358.8916667	229.74	165.13
20.05.2017	301.43	278.375	279.60	292.69
21.05.2017	80.23	98.1875	179.15	299.89
22.05.2017	119.27	182.825	208.58	244.11
23.05.2017	332.17	365.1208333	107.98	191.21
24.05.2017	60.43	207.1	115.25	196.04
25.05.2017	52.14	126.3458333	177.66	290.38
26.05.2017	116.20	302.9166667	268.84	316.18
27.05.2017	315.60	277.0291667	294.68	343.50
28.05.2017	180.95	197.7875	293.55	340.57
29.05.2017	294.93	145.2541667	292.69	340.32
30.05.2017	182.68	172.1958333	297.86	346.61
31.05.2017	262.64	222.4083333	295.47	341.91
01.06.2017	163.49	208.5416667	285.53	328.47
02.06.2017	259.74	251.9666667	289.48	343.59
03.06.2017	286.90	209.9416667	130.33	176.42
04.06.2017	106.63	145.5083333	198.09	171.49
05.06.2017	248.95	282.15	94.29	101.41
06.06.2017	163.07	213.6791667	299.24	310.44
07.06.2017	150.86	111.5875	281.86	246.74
08.06.2017	181.11	156.5083333	181.03	197.79
09.06.2017	199.02	172.6333333	30.69	62.08
10.06.2017	118.90	112.7375	79.54	75.92
11.06.2017	151.31	221.7875	184.51	89.11
12.06.2017	115.56	90.79166667	67.44	54.18
13.06.2017	90.25	165.4291667	92.33	99.04
14.06.2017	129.07	212.7333333	263.33	193.23
15.06.2017	151.15	199.4708333	23.78	37.43
16.06.2017	89.34	138.7625	38.76	33.54
17.06.2017	149.15	253.8708333	200.52	220.88
18.06.2017	89.90	279.0458333	114.83	178.37
19.06.2017	89.15	226.125	168.38	214.80
20.06.2017	86.88	331.6791667	122.11	116.25
21.06.2017	214.57	257.4833333	308.35	342.07
22.06.2017	196.35	167.3333333	216.85	147.70
23.06.2017	91.40	135.0375	214.35	158.61
24.06.2017	170.93	329.1666667	252.53	154.28
25.06.2017	188.77	181.0666667	158.37	162.82
26.06.2017	161.96	226.375	303.41	332.62
27.06.2017	252.86	363.4625	298.56	325.60
28.06.2017	349.01	354.8583333	263.34	278.51
29.06.2017	316.25	320.7875	300.74	354.82
30.06.2017	328.01	363.1333333	301.86	349.37
01.07.2017	129.74	226.4083333	290.78	327.39
02.07.2017	124.63	244.325	269.78	322.17
03.07.2017	167.45	163.625	176.17	208.58
04.07.2017	192.65	337.55	129.53	149.70
05.07.2017	302.14	326.7916667	156.24	177.69
06.07.2017	247.76	285.2458333	158.74	143.59
07.07.2017	186.74	173.7083333	137.61	198.02
08.07.2017	101.98	137.1791667	135.56	168.07
09.07.2017	110.21	137.6	193.96	201.57
10.07.2017	226.57	327.4208333	96.97	77.51
11.07.2017	188.53	172.725	281.37	312.02
12.07.2017	97.21	145.0625	205.55	277.83
13.07.2017	126.20	293.5416667	144.43	155.82
14.07.2017	309.65	335.1875	257.25	290.44
15.07.2017	202.15	259.1083333	153.43	147.48
16.07.2017	169.27	168.4125	86.24	91.92
17.07.2017	81.63	203.5208333	96.28	65.58
18.07.2017	113.54	269.8333333	250.30	219.01
19.07.2017	320.95	351.95	172.36	218.15
20.07.2017	317.17	328.8666667	269.57	313.41
21.07.2017	312.21	266.475	266.81	307.16
22.07.2017	304.71	266.65	250.31	288.89
23.07.2017	263.14	149.6875	253.65	288.14
24.07.2017	196.57	112.8166667	242.21	268.04
25.07.2017	174.29	179.4916667	174.50	235.29
26.07.2017	170.85	159.8666667	70.77	96.53
27.07.2017	95.06	113.8416667	113.47	112.04
28.07.2017	136.43	141.9458333	128.80	177.84
29.07.2017	205.88	239.6958333	253.15	295.18
30.07.2017	196.38	172.8375	149.90	120.18
31.07.2017	76.15	164.6125	196.53	246.27
01.08.2017	99.12	204.175	227.58	270.03
02.08.2017	108.08	159.3625	212.49	280.57
03.08.2017	244.66	222.125	223.34	247.26
04.08.2017	122.00	77.14583333	223.40	269.15
05.08.2017	110.46	115.0458333	178.22	218.80
06.08.2017	141.03	121.8	144.04	239.31
07.08.2017	170.90	174.6333333	153.32	148.95
08.08.2017	87.12	178.3375	141.54	177.74
09.08.2017	198.20	104.6291667	123.77	112.14
10.08.2017	64.54	169.2833333	195.03	166.30
11.08.2017	54.72	205.725	101.43	90.56
12.08.2017	69.09	73.8	67.77	128.42
13.08.2017	94.39	204.4916667	86.34	77.63
14.08.2017	154.03	179.0458333	92.29	55.10
15.08.2017	54.62	88.85416667	186.29	151.65
16.08.2017	90.97	172.35	214.48	234.15
17.08.2017	91.80	117.6	88.21	78.07
18.08.2017	150.22	171.7041667	107.83	99.93
19.08.2017	97.89	136.95	126.92	142.28
20.08.2017	43.55	93.13333333	190.97	216.50
21.08.2017	142.83	123.3125	196.03	232.20
22.08.2017	235.94	257.3583333	195.98	208.15
23.08.2017	178.55	182.0833333	66.65	38.63
24.08.2017	224.13	194.6916667	140.21	74.42
25.08.2017	233.30	234.3083333	189.86	223.00
26.08.2017	218.08	238.1208333	186.46	221.17
27.08.2017	211.69	231.9333333	178.34	214.04
28.08.2017	70.63	148.5208333	173.71	163.11
29.08.2017	133.92	194.7125	169.19	43.09
30.08.2017	139.14	202.2791667	154.24	140.74
31.08.2017	114.15	144.575	143.55	63.36
01.09.2017	87.88	189.2541667	147.56	114.52
02.09.2017	193.51	225.125	99.79	109.21
03.09.2017	162.52	147.6375	141.33	178.38
04.09.2017	184.84	101.4	64.64	81.66
05.09.2017	41.03	87.67916667	19.30	22.08
06.09.2017	47.81	74.6875	56.67	33.11
07.09.2017	102.44	74.01666667	55.02	20.89
08.09.2017	169.06	134.0375	37.03	59.18
09.09.2017	107.99	91.2	37.24	29.55
10.09.2017	89.55	115.0958333	32.28	61.17
11.09.2017	65.11	48.075	95.43	54.49
12.09.2017	59.84	61.85416667	137.64	161.97
13.09.2017	89.22	90.6375	117.18	115.94
14.09.2017	73.22	109.8208333	73.63	77.93
15.09.2017	71.88	72.84583333	34.95	37.82
16.09.2017	117.00	156.0083333	124.54	119.87
17.09.2017	108.51	114.4166667	49.41	53.58
18.09.2017	107.46	84.55	69.80	74.35
19.09.2017	101.87	71.11666667	31.58	63.36
20.09.2017	101.64	44.15	42.18	30.30
21.09.2017	55.36	102.0291667	19.83	28.56
22.09.2017	39.13	91.0625	52.54	75.68
23.09.2017	121.07	158.1333333	21.98	31.85
24.09.2017	97.18	72.2125	70.03	75.80
25.09.2017	110.69	142.675	58.30	85.59
26.09.2017	109.29	105.4208333	5.56	55.15
27.09.2017	92.30	38.54583333	102.43	109.24
28.09.2017	84.23	83.25	45.79	72.41
29.09.2017	103.84	84.4	16.88	101.06
30.09.2017	40.23	48.40416667	16.76	32.57
01.10.2017	60.58	35.8	49.84	70.39
02.10.2017	77.04	76.72916667	25.59	24.07
03.10.2017	27.52	89.85416667	20.69	54.40
04.10.2017	41.26	53.20833333	31.03	33.98
05.10.2017	47.76	94.275	54.21	57.56
06.10.2017	19.60	71.03333333	18.12	24.40
07.10.2017	32.09	93.95833333	23.65	22.37
08.10.2017	54.17	95.425	16.68	11.56
09.10.2017	81.82	108.8083333	39.93	56.77
10.10.2017	44.31	62.32083333	46.99	36.03
11.10.2017	18.19	45.03333333	60.25	46.42
12.10.2017	69.93	74.76666667	14.12	11.18
13.10.2017	9.84	36.65416667	11.09	6.36
14.10.2017	27.10	76.56666667	37.11	20.30
15.10.2017	11.49	33	41.63	23.89
16.10.2017	30.00	59.01666667	60.18	69.04
17.10.2017	10.96	39.6	47.04	51.39
18.10.2017	44.10	89.64583333	11.40	20.47
19.10.2017	53.52	75.8125	20.22	12.78
20.10.2017	32.27	34.8875	29.98	15.35
21.10.2017	27.20	32.41666667	36.08	10.14
22.10.2017	27.58	34.99583333	29.20	22.10
23.10.2017	13.06	22.10416667	6.78	5.54
24.10.2017	43.01	36.9125	11.90	22.94
25.10.2017	23.41	44.5125	23.48	30.93
26.10.2017	26.81	35.72916667	9.56	14.71
27.10.2017	11.75	33.7875	8.03	7.83
28.10.2017	16.13	55.56666667	10.22	5.01
29.10.2017	10.53	15.85833333	25.31	28.48
30.10.2017	11.10	23.425	21.37	22.93
31.10.2017	7.99	21.42916667	38.62	31.80
01.11.2017	11.33	22.4125	10.13	25.21
02.11.2017	18.41	66.95416667	18.98	26.32
03.11.2017	28.30	45.29166667	28.43	29.83
04.11.2017	16.89	23.775	13.94	10.47
05.11.2017	15.51	17.23333333	18.43	18.75
06.11.2017	26.05	67.825	20.17	15.92
07.11.2017	20.44	31.90833333	18.58	24.48
08.11.2017	8.98	18.0125	15.97	12.20
09.11.2017	8.33	18.0625	15.95	6.17
10.11.2017	14.95	27.25833333	17.48	11.38
11.11.2017	15.48	21.0625	16.50	14.69
12.11.2017	6.31	24.89166667	14.97	14.19
13.11.2017	10.11	18.34583333	19.13	20.78
14.11.2017	10.46	24.12083333	5.26	4.87
15.11.2017	3.33	11.87916667	7.20	6.15
16.11.2017	6.58	11.95833333	10.51	5.27
17.11.2017	5.38	9.745833333	7.66	4.49
18.11.2017	3.34	9.258333333	5.68	3.81
19.11.2017	5.34	29.99583333	7.92	5.76
20.11.2017	11.97	48.92083333	14.37	10.63
21.11.2017	5.73	46.1875	10.15	2.44
22.11.2017	4.00	7.608333333	10.35	3.82
23.11.2017	5.51	7.125	3.00	1.21
24.11.2017	7.60	6.9375	9.86	6.69
25.11.2017	9.13	6.241666667	9.11	8.06
26.11.2017	1.92	8.683333333	8.71	6.90
27.11.2017	5.55	12.7125	7.73	5.99
28.11.2017	2.49	7.695833333	7.43	3.28
29.11.2017	6.81	17.29166667	3.07	5.21
30.11.2017	2.36	16.09583333	2.89	8.17
01.12.2017	6.73	12.65833333	4.03	2.91
02.12.2017	2.68	6.929166667	2.35	6.54
03.12.2017	1.44	6.870833333	1.23	3.54
04.12.2017	4.65	8.308333333	7.50	1.50
05.12.2017	4.16	3.8875	7.30	2.99
06.12.2017	2.97	5.1	7.82	5.17
07.12.2017	3.54	5.408333333	5.78	4.35
08.12.2017	1.03	5.941666667	6.26	5.34
09.12.2017	1.53	6.845833333	5.01	4.99
10.12.2017	2.74	8	5.15	2.80
11.12.2017	0.23	4.304166667	3.46	1.45
12.12.2017	-0.14	8.908333333	4.70	1.99
13.12.2017	0.18	4.9875	3.68	0.55
14.12.2017	2.93	9.233333333	3.64	0.95
15.12.2017	3.05	7.154166667	6.09	2.06
16.12.2017	3.47	11.39166667	5.38	2.09
17.12.2017	1.38	6.554166667	2.93	5.72
18.12.2017	2.96	5.054166667	4.59	1.40
19.12.2017	4.15	3.879166667	4.46	3.15
20.12.2017	2.43	2.316666667	5.59	2.65
21.12.2017	3.73	3.5	1.54	0.73
22.12.2017	1.15	3.916666667	1.54	1.99
23.12.2017	0.69	1.6625	4.83	2.78
24.12.2017	1.49	4.833333333	2.33	2.54
25.12.2017	0.38	3.191666667	1.89	4.12
26.12.2017	-0.27	2.704166667	2.50	4.10
27.12.2017	0.50	4.558333333	1.28	3.10
28.12.2017	2.96	5.85	1.92	3.26
29.12.2017	4.29	4.0125	1.54	3.41
30.12.2017	2.49	12.39583333	5.79	0.97
31.12.2017	4.13	6.770833333	4.09	2.60
01.01.2018	2.83	4.65	5.04	0.40
02.01.2018	4.00	18.61666667	3.37	0.02
03.01.2018	2.39	3.729166667	2.40	6.66
04.01.2018	3.11	3.829166667	7.13	3.60
05.01.2018	2.36	5.0125	10.39	6.91
06.01.2018	-0.48	5.854166667	5.49	5.78
07.01.2018	-0.24	6.004166667	4.25	3.38
08.01.2018	6.21	9.795833333	10.12	4.75
09.01.2018	2.13	13.4375	13.09	6.68
10.01.2018	3.86	12.43333333	8.83	6.28
11.01.2018	5.41	6.408333333	2.83	0.32
12.01.2018	2.94	13.8125	6.58	0.08
13.01.2018	4.23	16.86666667	8.25	2.82
14.01.2018	8.18	16.75	3.73	6.05
15.01.2018	5.20	6.741666667	8.13	2.23
16.01.2018	3.23	8.520833333	10.03	4.71
17.01.2018	5.73	22.82083333	4.89	0.11
18.01.2018	8.25	22.09166667	5.56	2.10
19.01.2018	10.43	14.35416667	11.18	9.95
20.01.2018	11.09	8.904166667	9.95	6.31
21.01.2018	9.84	40.74583333	7.52	9.87
22.01.2018	13.07	18.84166667	7.84	1.94
23.01.2018	6.05	15.04583333	8.55	10.50
24.01.2018	5.73	10.35	9.22	9.11
25.01.2018	6.88	10.47083333	10.05	8.01
26.01.2018	9.51	43.92916667	10.98	2.28
27.01.2018	15.02	33.13333333	10.28	4.18
28.01.2018	12.90	13.32916667	3.23	1.22
29.01.2018	12.27	15.72916667	16.32	16.04
30.01.2018	19.10	26.50833333	9.50	9.47
31.01.2018	9.02	21.05416667	3.85	11.15
01.02.2018	16.51	20.325	4.74	19.85
02.02.2018	20.98	30.36666667	2.33	6.23
03.02.2018	29.45	43.20833333	11.75	9.02
04.02.2018	12.28	26.82083333	3.49	9.50
05.02.2018	34.61	60.65833333	4.96	16.69
06.02.2018	15.84	19.6	-99	-99
07.02.2018	12.14	18.19583333	30.29	36.67
08.02.2018	21.44	40.54583333	39.23	38.63
09.02.2018	13.92	25.37916667	32.90	40.16
10.02.2018	34.60	33.71666667	35.19	34.91
11.02.2018	14.31	26.50833333	37.10	45.31
12.02.2018	19.62	37.25	38.92	47.73
13.02.2018	41.45	67.1375	41.50	50.02
14.02.2018	18.56	35.9375	41.82	47.86
15.02.2018	50.40	22.67916667	7.41	11.18
16.02.2018	16.83	57.78333333	24.53	29.88
17.02.2018	50.05	90.475	34.16	35.90
18.02.2018	34.63	66.51666667	14.23	17.85
19.02.2018	59.47	100.1375	19.43	23.07
20.02.2018	55.39	92.85833333	10.07	7.56
21.02.2018	30.23	63.475	25.95	25.50
22.02.2018	62.07	92.54583333	10.13	11.31
23.02.2018	60.82	67.78333333	41.27	37.30
24.02.2018	58.22	69.10833333	15.09	27.35
25.02.2018	29.97	52.30416667	19.91	45.38
26.02.2018	33.20	112.575	58.43	60.20
27.02.2018	75.28	113.2458333	28.81	49.70
28.02.2018	79.00	105.0208333	38.87	56.69
01.03.2018	81.43	107.2541667	36.53	29.60
02.03.2018	82.19	81.75833333	45.02	21.06
03.03.2018	55.09	68.31666667	52.58	29.74
04.03.2018	59.27	96.83333333	74.46	43.92
05.03.2018	70.51	68.16666667	47.59	41.12
06.03.2018	95.39	100.3041667	41.74	16.36
07.03.2018	59.92	79.6875	75.23	46.70
08.03.2018	73.75	92.53333333	77.63	64.45
09.03.2018	46.23	93.59166667	84.78	101.22
10.03.2018	105.08	158.05	13.57	33.15
11.03.2018	85.75	87.6125	15.61	42.35
12.03.2018	47.86	97.33333333	33.76	97.72
13.03.2018	117.14	115.4458333	40.80	145.78
14.03.2018	105.71	121.05	43.22	-99.00
15.03.2018	125.26	153.2916667	92.62	90.46
16.03.2018	131.60	163.0291667	120.62	96.53
17.03.2018	132.86	158.3833333	100.95	65.40
18.03.2018	32.66	148.275	78.30	66.49
19.03.2018	37.68	66.14166667	62.26	50.94
20.03.2018	45.96	149.1083333	53.49	52.23
21.03.2018	52.60	95.44166667	82.79	-99.00
22.03.2018	154.29	174.3666667	58.22	-99.00
23.03.2018	76.70	127.7791667	50.35	-99.00
24.03.2018	126.79	137.2541667	96.85	-99.00
25.03.2018	93.97	152.3833333	76.50	-99.00
26.03.2018	179.31	155.6541667	28.37	59.82
27.03.2018	177.00	204.0083333	103.42	81.61
28.03.2018	181.95	199.9375	24.95	66.37
29.03.2018	182.80	204.6166667	55.42	71.75
30.03.2018	191.21	212.3333333	35.78	47.95
31.03.2018	188.03	213.275	126.43	111.81
01.04.2018	183.30	215.675	134.85	91.93
02.04.2018	124.18	203.1166667	141.49	128.91
03.04.2018	129.13	137.0458333	95.63	68.44
04.04.2018	46.37	190.825	29.12	28.81
05.04.2018	45.98	145.7166667	81.13	59.58
06.04.2018	142.31	219.0958333	88.52	91.96
07.04.2018	36.54	163.7583333	129.55	123.43
08.04.2018	82.42	153.4583333	34.32	61.14
09.04.2018	109.67	122.4875	83.49	73.01
10.04.2018	224.10	119.6916667	109.60	66.71
11.04.2018	224.48	230.9291667	199.72	231.25
12.04.2018	234.60	249.6458333	167.27	188.65
13.04.2018	228.14	239.3541667	147.13	111.16
14.04.2018	213.20	238.2625	157.85	208.20
15.04.2018	197.75	197.1083333	202.84	226.97
16.04.2018	172.15	157.175	207.38	245.70
17.04.2018	209.70	238.2416667	204.59	244.82
18.04.2018	92.62	235.9958333	194.68	226.74
19.04.2018	167.53	242.775	201.80	235.80
20.04.2018	78.94	167.4041667	116.78	129.86
21.04.2018	118.55	289.2875	200.35	138.37
22.04.2018	161.99	208.3375	156.65	129.33
23.04.2018	94.97	184.0333333	153.88	194.87
24.04.2018	145.85	230.9666667	140.60	183.52
25.04.2018	126.26	235.5791667	233.36	183.49
26.04.2018	177.51	216.775	240.07	282.27
27.04.2018	140.01	163.2041667	229.29	275.92
28.04.2018	123.24	224.6333333	214.19	300.35
29.04.2018	253.06	171.5208333	245.43	282.71
30.04.2018	288.63	273.2208333	249.20	290.12
01.05.2018	135.83	130.5625	166.61	228.61
02.05.2018	199.32	185.7708333	176.79	100.45
03.05.2018	146.67	208.925	137.67	138.07
04.05.2018	101.65	240.5458333	163.30	259.77
05.05.2018	137.46	235.6625	205.97	268.61
06.05.2018	97.91	250.1208333	190.73	136.32
07.05.2018	198.75	269.2916667	264.53	283.19
08.05.2018	249.26	311.0125	156.20	124.78
09.05.2018	303.13	320.9333333	48.65	85.50
10.05.2018	227.96	301.6041667	80.20	133.77
11.05.2018	261.46	198.3291667	231.93	280.07
12.05.2018	299.82	286.4458333	143.87	191.43
13.05.2018	310.66	260.2041667	235.33	285.27
14.05.2018	256.11	253.8833333	147.19	195.66
15.05.2018	290.76	340.6625	177.90	278.01
16.05.2018	151.44	184.9708333	95.60	69.89
17.05.2018	315.56	353.7166667	273.12	274.32
18.05.2018	311.89	350.5875	51.36	68.70
19.05.2018	228.40	342.8166667	134.00	168.05
20.05.2018	130.29	137.4208333	229.74	165.13
21.05.2018	322.32	339.175	279.60	292.69
22.05.2018	91.44	325.0541667	179.15	299.89
23.05.2018	316.71	357.9291667	208.58	244.11
24.05.2018	319.79	351.4166667	107.98	191.21
25.05.2018	313.31	367.4	115.25	196.04
26.05.2018	251.46	359.2708333	177.66	290.38
27.05.2018	308.10	341.9166667	268.84	316.18
28.05.2018	177.70	162.7541667	294.68	343.50
29.05.2018	313.41	268.7208333	293.55	340.57
30.05.2018	315.30	352.8875	292.69	340.32
31.05.2018	292.90	350.4916667	297.86	346.61
01.06.2018	283.88	319.5458333	295.47	341.91
02.06.2018	299.89	350.7958333	285.53	328.47
03.06.2018	300.67	335.5208333	289.48	343.59
04.06.2018	277.53	383.2041667	130.33	176.42
05.06.2018	343.05	363.3666667	198.09	171.49
06.06.2018	336.53	361.9916667	94.29	101.41
07.06.2018	340.64	371.2083333	299.24	310.44
08.06.2018	266.96	376.4208333	281.86	246.74
09.06.2018	333.62	319.6833333	181.03	197.79
10.06.2018	238.09	245.8208333	30.69	62.08
11.06.2018	237.09	249.0416667	79.54	75.92
12.06.2018	291.45	324.1916667	184.51	89.11
13.06.2018	244.43	178.4291667	67.44	54.18
14.06.2018	120.70	169.6375	92.33	99.04
15.06.2018	142.72	282.925	263.33	193.23
16.06.2018	132.39	365.9791667	23.78	37.43
17.06.2018	165.55	188.3416667	38.76	33.54
18.06.2018	109.51	221.2666667	200.52	220.88
19.06.2018	101.06	324.5125	114.83	178.37
20.06.2018	233.35	327.9583333	168.38	214.80
21.06.2018	168.52	172.7333333	122.11	116.25
22.06.2018	190.99	264.3458333	308.35	342.07
23.06.2018	123.79	257.75	216.85	147.70
24.06.2018	96.94	189.1083333	214.35	158.61
25.06.2018	257.09	346.8	252.53	154.28
26.06.2018	296.73	380.0458333	158.37	162.82
27.06.2018	305.26	357.55	303.41	332.62
28.06.2018	135.32	153.7666667	298.56	325.60
29.06.2018	360.64	389.875	263.34	278.51
30.06.2018	340.42	380.0333333	300.74	354.82
01.07.2018	334.08	372.6625	301.86	349.37
02.07.2018	334.64	352.3625	290.78	327.39
03.07.2018	245.80	370.0833333	269.78	322.17
04.07.2018	319.50	364.3708333	176.17	208.58
05.07.2018	288.18	344.65	129.53	149.70
06.07.2018	179.32	167.2833333	156.24	177.69
07.07.2018	268.24	338.725	158.74	143.59
08.07.2018	158.90	242.2583333	137.61	198.02
09.07.2018	285.43	92.5375	135.56	168.07
10.07.2018	322.93	261.9166667	193.96	201.57
11.07.2018	171.12	220.7041667	96.97	77.51
12.07.2018	97.81	220.0833333	281.37	312.02
13.07.2018	140.37	232.5083333	205.55	277.83
14.07.2018	234.53	332.525	144.43	155.82
15.07.2018	139.25	232.0625	257.25	290.44
16.07.2018	278.85	340.875	153.43	147.48
17.07.2018	139.78	215.9875	86.24	91.92
18.07.2018	120.82	160.5625	96.28	65.58
19.07.2018	290.87	253.7791667	250.30	219.01
20.07.2018	180.20	318.4625	172.36	218.15
21.07.2018	109.46	275.0291667	269.57	313.41
22.07.2018	205.80	290.3916667	266.81	307.16
23.07.2018	206.15	267.4208333	250.31	288.89
24.07.2018	130.23	244.7416667	253.65	288.14
25.07.2018	172.53	211.5625	242.21	268.04
26.07.2018	291.86	332.35	174.50	235.29
27.07.2018	287.38	328.4	70.77	96.53
28.07.2018	200.92	128.0541667	113.47	112.04
29.07.2018	215.74	225.5875	128.80	177.84
30.07.2018	205.48	119.5375	253.15	295.18
31.07.2018	101.72	86.7	149.90	120.18
01.08.2018	222.28	305.7666667	196.53	246.27
02.08.2018	68.30	107.4041667	227.58	270.03
03.08.2018	63.60	105.0166667	212.49	280.57
04.08.2018	107.81	154.0166667	223.34	247.26
05.08.2018	116.45	224.7166667	223.40	269.15
06.08.2018	155.88	140.9791667	178.22	218.80
07.08.2018	163.58	179.7583333	144.04	239.31
08.08.2018	99.00	135.6208333	153.32	148.95
09.08.2018	152.50	194.8458333	141.54	177.74
10.08.2018	38.70	43.8375	123.77	112.14
11.08.2018	103.18	240.2791667	195.03	166.30
12.08.2018	178.34	195.2333333	101.43	90.56
13.08.2018	259.19	279.05	67.77	128.42
14.08.2018	207.40	228.825	86.34	77.63
15.08.2018	54.90	107.6083333	92.29	55.10
16.08.2018	69.53	87.74166667	186.29	151.65
17.08.2018	130.32	192.2291667	214.48	234.15
18.08.2018	70.96	106.3	88.21	78.07
19.08.2018	85.56	263.15	107.83	99.93
20.08.2018	121.36	160.5541667	126.92	142.28
21.08.2018	189.19	229.475	190.97	216.50
22.08.2018	74.90	139.9666667	196.03	232.20
23.08.2018	98.45	164.6166667	195.98	208.15
24.08.2018	162.93	86.02916667	66.65	38.63
25.08.2018	94.95	211.5	140.21	74.42
26.08.2018	151.96	203.9416667	189.86	223.00
27.08.2018	59.19	115.1875	186.46	221.17
28.08.2018	128.10	191.6083333	178.34	214.04
29.08.2018	89.31	133.9708333	173.71	163.11
30.08.2018	133.13	212.8583333	169.19	43.09
31.08.2018	202.86	234.5625	154.24	140.74
01.09.2018	91.53	141.0875	143.55	63.36
02.09.2018	82.12	153.9916667	147.56	114.52
03.09.2018	14.98	106.175	99.79	109.21
04.09.2018	83.88	158.7083333	141.33	178.38
05.09.2018	145.97	126.3541667	64.64	81.66
06.09.2018	81.94	47.54583333	19.30	22.08
07.09.2018	170.44	140.4208333	56.67	33.11
08.09.2018	76.03	29.62916667	55.02	20.89
09.09.2018	128.33	140.4	37.03	59.18
10.09.2018	93.82	140.1291667	37.24	29.55
11.09.2018	54.50	71.05416667	32.28	61.17
12.09.2018	28.32	137.35	95.43	54.49
13.09.2018	65.41	155.5083333	137.64	161.97
14.09.2018	77.19	164.1416667	117.18	115.94
15.09.2018	70.53	121.2875	73.63	77.93
16.09.2018	68.03	111.0833333	34.95	37.82
17.09.2018	68.09	118.7625	124.54	119.87
18.09.2018	74.95	168.4458333	49.41	53.58
19.09.2018	122.90	137.4916667	69.80	74.35
20.09.2018	54.35	118.0458333	31.58	63.36
21.09.2018	29.00	49.9625	42.18	30.30
22.09.2018	32.57	99.9875	19.83	28.56
23.09.2018	36.97	107.6166667	52.54	75.68
24.09.2018	68.43	133.7125	21.98	31.85
25.09.2018	41.09	91.34166667	70.03	75.80
26.09.2018	45.01	76.10416667	58.30	85.59
27.09.2018	27.98	58.82916667	5.56	55.15
28.09.2018	80.35	150.2916667	102.43	109.24
29.09.2018	30.18	85.52916667	45.79	72.41
30.09.2018	34.42	92.40833333	16.88	101.06
01.10.2018	93.76	133.1166667	16.76	32.57
02.10.2018	77.42	81.2625	49.84	70.39
03.10.2018	25.61	102.6833333	25.59	24.07
04.10.2018	15.17	59.65833333	20.69	54.40
05.10.2018	49.11	84.8	31.03	33.98
06.10.2018	51.45	102.8291667	54.21	57.56
07.10.2018	66.13	109	18.12	24.40
08.10.2018	74.60	94.92916667	23.65	22.37
09.10.2018	11.23	51.32083333	16.68	11.56
10.10.2018	45.51	90.6875	39.93	56.77
11.10.2018	83.85	102.5833333	46.99	36.03
12.10.2018	52.07	34.62916667	60.25	46.42
13.10.2018	24.03	35.21666667	14.12	11.18
14.10.2018	20.28	24.52916667	11.09	6.36
15.10.2018	51.45	51.4875	37.11	20.30
16.10.2018	50.78	91.14166667	41.63	23.89
17.10.2018	45.19	44.14583333	60.18	69.04
18.10.2018	41.10	75.04166667	47.04	51.39
19.10.2018	16.88	38.50833333	11.40	20.47
20.10.2018	20.71	35.24583333	20.22	12.78
21.10.2018	5.60	31.65416667	29.98	15.35
22.10.2018	15.81	35.8	36.08	10.14
23.10.2018	12.25	33.90833333	29.20	22.10
24.10.2018	20.50	67.14583333	6.78	5.54
25.10.2018	15.39	42.7375	11.90	22.94
26.10.2018	56.68	102.1125	23.48	30.93
27.10.2018	48.90	39.3125	9.56	14.71
28.10.2018	50.42	74.95416667	8.03	7.83
29.10.2018	48.76	70.66666667	10.22	5.01
30.10.2018	45.35	23.29583333	25.31	28.48
31.10.2018	16.40	24.47083333	21.37	22.93
01.11.2018	20.95	18.93913043	38.62	31.80
02.11.2018	9.09	24.55	10.13	25.21
03.11.2018	10.28	31.77916667	18.98	26.32
04.11.2018	12.26	30.31666667	28.43	29.83
05.11.2018	17.85	33.26666667	13.94	10.47
06.11.2018	17.93	31.57916667	18.43	18.75
07.11.2018	18.03	29.18333333	20.17	15.92
08.11.2018	14.89	31.35	18.58	24.48
09.11.2018	24.71	40.35833333	15.97	12.20
10.11.2018	15.56	11.49166667	15.95	6.17
11.11.2018	9.61	10.09166667	17.48	11.38
12.11.2018	5.42	22.47916667	16.50	14.69
13.11.2018	12.93	22.8375	14.97	14.19
14.11.2018	8.19	18.275	19.13	20.78
15.11.2018	8.30	25.15	5.26	4.87
16.11.2018	7.15	20.3875	7.20	6.15
17.11.2018	11.87	25.97083333	10.51	5.27
18.11.2018	7.74	25.7875	7.66	4.49
19.11.2018	6.24	26.12083333	5.68	3.81
20.11.2018	7.45	24.02916667	7.92	5.76
21.11.2018	6.35	24.875	14.37	10.63
22.11.2018	6.00	24.4625	10.15	2.44
23.11.2018	5.71	23.9625	10.35	3.82
24.11.2018	6.01	22.87083333	3.00	1.21
25.11.2018	5.31	20.21666667	9.86	6.69
26.11.2018	9.28	21.22083333	9.11	8.06
27.11.2018	4.11	18.9625	8.71	6.90
28.11.2018	5.97	15.7875	7.73	5.99
29.11.2018	4.78	11.05416667	7.43	3.28
30.11.2018	6.13	4.295833333	3.07	5.21
01.12.2018	6.54	8.466666667	2.89	8.17
02.12.2018	3.60	6.475	4.03	2.91
03.12.2018	2.51	6.433333333	2.35	6.54
04.12.2018	1.55	6.404166667	1.23	3.54
05.12.2018	0.39	8.029166667	7.50	1.50
06.12.2018	7.25	8.066666667	7.30	2.99
07.12.2018	3.99	6.179166667	7.82	5.17
08.12.2018	3.06	5.483333333	5.78	4.35
09.12.2018	2.20	7.529166667	6.26	5.34
10.12.2018	1.49	3.041666667	5.01	4.99
11.12.2018	3.22	12.1375	5.15	2.80
12.12.2018	2.53	18.75833333	3.46	1.45
13.12.2018	3.29	13.65833333	4.70	1.99
14.12.2018	3.08	11.44166667	3.68	0.55
15.12.2018	2.34	10.80416667	3.64	0.95
16.12.2018	2.70	8.075	6.09	2.06
17.12.2018	3.43	5.341666667	5.38	2.09
18.12.2018	3.53	7.766666667	2.93	5.72
19.12.2018	3.30	7.433333333	4.59	1.40
20.12.2018	3.29	4.291666667	4.46	3.15
21.12.2018	4.46	3.8625	5.59	2.65
22.12.2018	2.38	4.0875	1.54	0.73
23.12.2018	3.21	8.366666667	1.54	1.99
24.12.2018	2.08	5.5375	4.83	2.78
25.12.2018	4.16	7.1	2.33	2.54
26.12.2018	3.10	5.608333333	1.89	4.12
27.12.2018	2.98	6.1125	2.50	4.10
28.12.2018	5.22	9.170833333	1.28	3.10
29.12.2018	2.45	4.491666667	1.92	3.26
30.12.2018	5.49	7.641666667	1.54	3.41
31.12.2018	0.67	4.395833333	5.79	0.97
01.01.2019	0.88	4.683333333	4.09	2.60
02.01.2019	1.99	9.204166667	5.04	0.40
03.01.2019	4.98	8.854166667	3.37	0.02
04.01.2019	4.44	8.820833333	2.40	6.66
05.01.2019	3.28	12.72916667	7.13	3.60
06.01.2019	2.69	5.5875	10.39	6.91
07.01.2019	3.30	5.9125	5.49	5.78
08.01.2019	3.57	3.758333333	4.25	3.38
09.01.2019	6.68	13.325	10.12	4.75
10.01.2019	2.28	8.0125	13.09	6.68
11.01.2019	4.06	9.791666667	8.83	6.28
12.01.2019	6.52	11.64166667	2.83	0.32
13.01.2019	2.69	9.8875	6.58	0.08
14.01.2019	1.08	5.458333333	8.25	2.82
15.01.2019	0.73	8.370833333	3.73	6.05
16.01.2019	0.74	7.95	8.13	2.23
17.01.2019	0.42	14.1875	10.03	4.71
18.01.2019	1.48	18.70416667	4.89	0.11
19.01.2019	1.17	16.7	5.56	2.10
20.01.2019	2.18	23.40416667	11.18	9.95
21.01.2019	6.71	36.0625	9.95	6.31
22.01.2019	9.77	18.33333333	7.52	9.87
23.01.2019	13.50	24.33333333	7.84	1.94
24.01.2019	16.16	20.975	8.55	10.50
25.01.2019	11.67	41.92916667	9.22	9.11
26.01.2019	9.54	13.38333333	10.05	8.01
27.01.2019	17.82	14.7	10.98	2.28
28.01.2019	21.22	47.74166667	10.28	4.18
29.01.2019	17.53	35.80416667	3.23	1.22
30.01.2019	17.32	20.5375	16.32	16.04
31.01.2019	13.10	18.82916667	9.50	9.47
01.02.2019	18.99	24.7875	3.85	11.15
02.02.2019	27.36	40.24583333	4.74	19.85
03.02.2019	10.68	44.24166667	2.33	6.23
04.02.2019	30.62	24.39166667	11.75	9.02
05.02.2019	35.18	54.84166667	3.49	9.50
06.02.2019	12.18	28.925	4.96	16.69
07.02.2019	17.72	29.09166667	30.29	36.67
08.02.2019	34.12	42.98333333	39.23	38.63
09.02.2019	32.31	33.525	32.90	40.16
10.02.2019	17.59	32.79166667	35.19	34.91
11.02.2019	1.37	29.6	37.10	45.31
12.02.2019	1.98	34.9875	38.92	47.73
13.02.2019	27.25	51.7375	41.50	50.02
14.02.2019	17.74	38.90416667	41.82	47.86
15.02.2019	54.88	55.425	7.41	11.18
16.02.2019	12.18	27.8625	24.53	29.88
17.02.2019	23.38	43.73333333	34.16	35.90
18.02.2019	41.68	32.1375	14.23	17.85
19.02.2019	19.18	41.55	19.43	23.07
20.02.2019	55.57	77.09166667	10.07	7.56
21.02.2019	20.39	46.67083333	25.95	25.50
22.02.2019	51.97	57.10416667	10.13	11.31
23.02.2019	39.56	47.80416667	41.27	37.30
24.02.2019	62.34	91.41666667	15.09	27.35
25.02.2019	21.00	79.12083333	19.91	45.38
26.02.2019	23.43	48.8375	58.43	60.20
27.02.2019	17.28	59.90833333	28.81	49.70
28.02.2019	36.65	108.55	38.87	56.69
01.03.2019	47.91	91.64166667	36.53	29.60
02.03.2019	26.79	70.6125	45.02	21.06
03.03.2019	69.98	83.30833333	52.58	29.74
04.03.2019	86.01	96.00833333	74.46	43.92
05.03.2019	66.92	47.35833333	47.59	41.12
06.03.2019	79.75	56.12916667	41.74	16.36
07.03.2019	37.70	63.21666667	75.23	46.70
08.03.2019	36.03	59.00416667	77.63	64.45
09.03.2019	91.93	123.0833333	84.78	101.22
10.03.2019	28.58	119.1583333	13.57	33.15
11.03.2019	88.93	145.3791667	15.61	42.35
12.03.2019	41.12	62.775	33.76	97.72
13.03.2019	50.84	87.87083333	40.80	145.78
14.03.2019	79.36	136.725	43.22	-99.00
15.03.2019	99.96	128.425	92.62	90.46
16.03.2019	114.98	154.9125	120.62	96.53
17.03.2019	57.80	86.625	100.95	65.40
18.03.2019	59.69	66.9625	78.30	66.49
19.03.2019	111.78	117.9458333	62.26	50.94
20.03.2019	63.06	106.0083333	53.49	52.23
21.03.2019	38.84	111.2666667	82.79	-99.00
22.03.2019	56.30	110.8041667	58.22	-99.00
23.03.2019	33.28	81.32916667	50.35	-99.00
24.03.2019	70.11	167.2	96.85	-99.00
25.03.2019	108.69	187.1583333	76.50	-99.00
26.03.2019	50.40	110.05	28.37	59.82
27.03.2019	119.15	188.1458333	103.42	81.61
28.03.2019	117.98	188.2625	24.95	66.37
29.03.2019	15.42	127.8625	55.42	71.75
30.03.2019	67.93	120.8666667	35.78	47.95
31.03.2019	50.59	197.0583333	126.43	111.81
01.04.2019	99.25	162.8375	134.85	91.93
02.04.2019	99.85	153.2791667	141.49	128.91
03.04.2019	175.35	177.5583333	95.63	68.44
04.04.2019	166.25	201.5541667	29.12	28.81
05.04.2019	187.78	213.1666667	81.13	59.58
06.04.2019	96.42	211.5833333	88.52	91.96
07.04.2019	187.79	194.7666667	129.55	123.43
08.04.2019	221.62	246.9916667	34.32	61.14
09.04.2019	146.63	173.9708333	83.49	73.01
10.04.2019	231.98	245.3541667	109.60	66.71
11.04.2019	230.00	248.0375	199.72	231.25
12.04.2019	233.33	249.9166667	167.27	188.65
13.04.2019	239.21	253.8291667	147.13	111.16
14.04.2019	244.04	260.8166667	157.85	208.20
15.04.2019	246.30	261.5	202.84	226.97
16.04.2019	249.37	264.325	207.38	245.70
17.04.2019	244.95	270.1625	204.59	244.82
18.04.2019	203.28	235.6791667	194.68	226.74
19.04.2019	217.42	249.8208333	201.80	235.80
20.04.2019	156.52	206.5333333	116.78	129.86
21.04.2019	36.73	123.175	200.35	138.37
22.04.2019	227.87	259.4458333	156.65	129.33
23.04.2019	261.05	291.4833333	153.88	194.87
24.04.2019	255.92	276.6958333	140.60	183.52
25.04.2019	195.39	60.7375	233.36	183.49
26.04.2019	245.74	235.6708333	240.07	282.27
27.04.2019	201.81	40.2375	229.29	275.92
28.04.2019	170.94	136.6791667	214.19	300.35
29.04.2019	232.27	271.1833333	245.43	282.71
30.04.2019	167.68	170.7083333	249.20	290.12
01.05.2019	39.71	102.1291667	166.61	228.61
02.05.2019	102.23	133.5083333	176.79	100.45
03.05.2019	142.89	205.4916667	137.67	138.07
04.05.2019	104.72	179.65	163.30	259.77
05.05.2019	104.91	192.6041667	205.97	268.61
06.05.2019	238.00	235.6708333	190.73	136.32
07.05.2019	197.10	223.4666667	264.53	283.19
08.05.2019	287.47	341.225	156.20	124.78
09.05.2019	134.29	146.7041667	48.65	85.50
10.05.2019	83.40	192.2333333	80.20	133.77
11.05.2019	154.41	186.9791667	231.93	280.07
12.05.2019	181.38	248.8208333	143.87	191.43
13.05.2019	208.93	316.8625	235.33	285.27
14.05.2019	131.30	306.7916667	147.19	195.66
15.05.2019	280.16	350.0791667	177.90	278.01
16.05.2019	304.52	334.1	95.60	69.89
17.05.2019	311.18	348.2333333	273.12	274.32
18.05.2019	172.42	196.0583333	51.36	68.70
19.05.2019	226.05	199.5125	134.00	168.05
20.05.2019	296.93	289.2125	229.74	165.13
21.05.2019	257.89	253.6291667	279.60	292.69
22.05.2019	124.87	115.3833333	179.15	299.89
23.05.2019	211.55	314	208.58	244.11
24.05.2019	139.34	126.6666667	107.98	191.21
25.05.2019	113.87	284.2416667	115.25	196.04
26.05.2019	266.71	293.6958333	177.66	290.38
27.05.2019	246.90	294.7708333	268.84	316.18
28.05.2019	170.05	282.7125	294.68	343.50
29.05.2019	253.70	337.1208333	293.55	340.57
30.05.2019	115.73	233.3041667	292.69	340.32
31.05.2019	118.99	384.5166667	297.86	346.61
01.06.2019	164.10	202.7083333	295.47	341.91
02.06.2019	100.63	194.0791667	285.53	328.47
03.06.2019	129.10	240.0375	289.48	343.59
04.06.2019	146.39	209.1333333	130.33	176.42
05.06.2019	117.20	129.6583333	198.09	171.49
06.06.2019	267.84	221.7333333	94.29	101.41
07.06.2019	95.36	147.0208333	299.24	310.44
08.06.2019	255.51	255.7708333	281.86	246.74
09.06.2019	153.96	248.7208333	181.03	197.79
10.06.2019	216.86	267.3416667	30.69	62.08
11.06.2019	343.03	278.7208333	79.54	75.92
12.06.2019	139.67	103.8666667	184.51	89.11
13.06.2019	245.19	166.05	67.44	54.18
14.06.2019	310.78	351.4125	92.33	99.04
15.06.2019	334.03	349.6	263.33	193.23
16.06.2019	75.34	141.775	23.78	37.43
17.06.2019	246.35	294.7583333	38.76	33.54
18.06.2019	88.98	303.6125	200.52	220.88
19.06.2019	164.14	259.2583333	114.83	178.37
20.06.2019	125.59	177.6125	168.38	214.80
21.06.2019	190.42	299.75	122.11	116.25
22.06.2019	198.63	276.1041667	308.35	342.07
23.06.2019	162.57	222.1458333	216.85	147.70
24.06.2019	262.55	264.0083333	214.35	158.61
25.06.2019	134.82	87.45833333	252.53	154.28
26.06.2019	261.74	275.8166667	158.37	162.82
27.06.2019	173.90	309.5083333	303.41	332.62
28.06.2019	128.25	315.2708333	298.56	325.60
29.06.2019	99.00	340.325	263.34	278.51
30.06.2019	63.83	140.3708333	300.74	354.82
01.07.2019	72.92	141.7791667	301.86	349.37
02.07.2019	100.05	279.2541667	290.78	327.39
03.07.2019	84.17	256.7708333	269.78	322.17
04.07.2019	137.81	170.9416667	176.17	208.58
05.07.2019	164.00	310.5416667	129.53	149.70
06.07.2019	170.70	185.5916667	156.24	177.69
07.07.2019	200.36	255.475	158.74	143.59
08.07.2019	150.29	123.6416667	137.61	198.02
09.07.2019	317.11	155.3458333	135.56	168.07
10.07.2019	218.32	198.9375	193.96	201.57
11.07.2019	256.02	181.8708333	96.97	77.51
12.07.2019	302.38	281.05	281.37	312.02
13.07.2019	193.96	356.475	205.55	277.83
14.07.2019	233.87	336.3583333	144.43	155.82
15.07.2019	89.26	204.4541667	257.25	290.44
16.07.2019	304.35	352.6208333	153.43	147.48
17.07.2019	231.37	191.2541667	86.24	91.92
18.07.2019	246.35	214.8458333	96.28	65.58
19.07.2019	136.06	169.4833333	250.30	219.01
20.07.2019	177.01	182.55	172.36	218.15
21.07.2019	86.78	82.94583333	269.57	313.41
22.07.2019	235.82	230.7333333	266.81	307.16
23.07.2019	127.95	235.9833333	250.31	288.89
24.07.2019	287.56	326.5625	253.65	288.14
25.07.2019	259.83	293.0541667	242.21	268.04
26.07.2019	283.50	330.0916667	174.50	235.29
27.07.2019	272.53	274.8333333	70.77	96.53
28.07.2019	279.53	317.1458333	113.47	112.04
29.07.2019	234.86	236.0791667	128.80	177.84
30.07.2019	224.08	135.0875	253.15	295.18
31.07.2019	171.64	117.0208333	149.90	120.18
01.08.2019	248.85	226.5541667	196.53	246.27
02.08.2019	276.89	297.7666667	227.58	270.03
03.08.2019	141.78	314.8833333	212.49	280.57
04.08.2019	231.14	313.0625	223.34	247.26
05.08.2019	187.06	197.0958333	223.40	269.15
06.08.2019	186.94	119.7708333	178.22	218.80
07.08.2019	141.28	189.6333333	144.04	239.31
08.08.2019	134.43	111.1708333	153.32	148.95
09.08.2019	241.28	167.325	141.54	177.74
10.08.2019	85.44	77.65416667	123.77	112.14
11.08.2019	124.71	147.6958333	195.03	166.30
12.08.2019	71.46	97.2625	101.43	90.56
13.08.2019	66.14	85.13333333	67.77	128.42
14.08.2019	157.21	165.6416667	86.34	77.63
15.08.2019	243.50	264.8791667	92.29	55.10
16.08.2019	147.86	172.3	186.29	151.65
17.08.2019	99.09	70.95	214.48	234.15
18.08.2019	161.80	230.6625	88.21	78.07
19.08.2019	105.23	169.4583333	107.83	99.93
20.08.2019	81.05	170.8333333	126.92	142.28
21.08.2019	182.78	163.5375	190.97	216.50
22.08.2019	104.89	102.5291667	196.03	232.20
23.08.2019	53.98	154.5875	195.98	208.15
24.08.2019	63.70	118.0208333	66.65	38.63
25.08.2019	72.92	191.2375	140.21	74.42
26.08.2019	214.90	239.7583333	189.86	223.00
27.08.2019	211.22	229.3166667	186.46	221.17
28.08.2019	154.25	130.0125	178.34	214.04
29.08.2019	63.74	110.3	173.71	163.11
30.08.2019	50.88	122.225	169.19	43.09
31.08.2019	95.23	137.9416667	154.24	140.74
01.09.2019	133.64	195.0458333	143.55	63.36
02.09.2019	199.84	171.7041667	147.56	114.52
03.09.2019	134.99	211.3041667	99.79	109.21
04.09.2019	52.14	82.67083333	141.33	178.38
05.09.2019	50.36	94.99583333	64.64	81.66
06.09.2019	56.86	154.3541667	19.30	22.08
07.09.2019	183.08	97.9	56.67	33.11
08.09.2019	187.60	219.0458333	55.02	20.89
09.09.2019	140.63	163.2375	37.03	59.18
10.09.2019	87.49	106.7708333	37.24	29.55
11.09.2019	46.87	81.0125	32.28	61.17
12.09.2019	66.57	139.6625	95.43	54.49
13.09.2019	49.80	136.8291667	137.64	161.97
14.09.2019	55.33	112.6291667	117.18	115.94
15.09.2019	20.03	104.4916667	73.63	77.93
16.09.2019	63.63	134.7125	34.95	37.82
17.09.2019	51.16	138.3083333	124.54	119.87
18.09.2019	30.54	130.6125	49.41	53.58
19.09.2019	58.30	90.42083333	69.80	74.35
20.09.2019	63.82	171.1625	31.58	63.36
21.09.2019	135.46	169.4791667	42.18	30.30
22.09.2019	134.21	155.2291667	19.83	28.56
23.09.2019	126.36	157.6916667	52.54	75.68
24.09.2019	124.61	157.975	21.98	31.85
25.09.2019	120.41	157.0958333	70.03	75.80
26.09.2019	117.16	153.9791667	58.30	85.59
27.09.2019	52.98	40.22916667	5.56	55.15
28.09.2019	103.70	77.80416667	102.43	109.24
29.09.2019	44.41	74.42083333	45.79	72.41
30.09.2019	31.95	99.40416667	16.88	101.06
01.10.2019	36.72	69.8375	16.76	32.57
02.10.2019	95.65	85.05416667	49.84	70.39
03.10.2019	102.10	68.08333333	25.59	24.07
04.10.2019	97.72	46.55833333	20.69	54.40
05.10.2019	93.31	84.9	31.03	33.98
06.10.2019	91.27	95.46666667	54.21	57.56
07.10.2019	79.66	105.8958333	18.12	24.40
08.10.2019	40.77	69.78333333	23.65	22.37
09.10.2019	50.62	64.925	16.68	11.56
10.10.2019	64.65	56.14166667	39.93	56.77
11.10.2019	56.42	95.75	46.99	36.03
12.10.2019	54.93	57.3875	60.25	46.42
13.10.2019	72.67	102.4125	14.12	11.18
14.10.2019	67.45	85.19166667	11.09	6.36
15.10.2019	47.95	38.65416667	37.11	20.30
16.10.2019	21.28	24.9	41.63	23.89
17.10.2019	51.46	44.66666667	60.18	69.04
18.10.2019	61.94	54.675	47.04	51.39
19.10.2019	57.55	34.53333333	11.40	20.47
20.10.2019	58.42	79.02083333	20.22	12.78
21.10.2019	23.89	45.525	29.98	15.35
22.10.2019	14.88	47.30416667	36.08	10.14
23.10.2019	19.95	27.3	29.20	22.10
24.10.2019	38.42	46.0375	6.78	5.54
25.10.2019	26.42	43.99166667	11.90	22.94
26.10.2019	44.56	52.04166667	23.48	30.93
27.10.2019	14.28	38.68333333	9.56	14.71
28.10.2019	18.01	35.3625	8.03	7.83
29.10.2019	18.86	58.87083333	10.22	5.01
30.10.2019	11.49	39.075	25.31	28.48
31.10.2019	18.57	42.57916667	21.37	22.93
01.11.2019	21.60	26.90833333	38.62	31.80
02.11.2019	40.40	52.725	10.13	25.21
03.11.2019	39.63	50.63333333	18.98	26.32
04.11.2019	38.31	48.49166667	28.43	29.83
05.11.2019	36.77	61.37916667	13.94	10.47
06.11.2019	23.41	36.43333333	18.43	18.75
07.11.2019	19.37	35.39583333	20.17	15.92
08.11.2019	27.59	36.18333333	18.58	24.48
09.11.2019	25.88	23.21666667	15.97	12.20
10.11.2019	23.93	22.43333333	15.95	6.17
11.11.2019	22.79	42.24166667	17.48	11.38
12.11.2019	12.87	15.925	16.50	14.69
13.11.2019	11.69	17.90416667	14.97	14.19
14.11.2019	16.62	48.14583333	19.13	20.78
15.11.2019	11.75	30.65833333	5.26	4.87
16.11.2019	12.67	12.875	7.20	6.15
17.11.2019	9.78	12.60416667	10.51	5.27
18.11.2019	4.78	10.75416667	7.66	4.49
19.11.2019	7.45	8.308333333	5.68	3.81
20.11.2019	11.86	25.94166667	7.92	5.76
21.11.2019	9.20	14.93333333	14.37	10.63
22.11.2019	7.76	9.316666667	10.15	2.44
23.11.2019	11.67	10.875	10.35	3.82
24.11.2019	8.26	11.11666667	3.00	1.21
25.11.2019	5.24	11.94166667	9.86	6.69
26.11.2019	8.61	9.866666667	9.11	8.06
27.11.2019	8.62	6.45	8.71	6.90
28.11.2019	7.45	4.595833333	7.73	5.99
29.11.2019	3.59	9.591666667	7.43	3.28
30.11.2019	1.60	14.3625	3.07	5.21
01.12.2019	0.48	10.6625	2.89	8.17
02.12.2019	0.87	15.075	4.03	2.91
03.12.2019	3.38	10.22083333	2.35	6.54
04.12.2019	4.10	7.745833333	1.23	3.54
05.12.2019	1.35	4.654166667	7.50	1.50
06.12.2019	3.50	7.454166667	7.30	2.99
07.12.2019	3.61	9.791666667	7.82	5.17
08.12.2019	3.21	6.5125	5.78	4.35
09.12.2019	2.74	5.708333333	6.26	5.34
10.12.2019	1.05	6.425	5.01	4.99
11.12.2019	3.31	5.125	5.15	2.80
12.12.2019	5.21	4.383333333	3.46	1.45
13.12.2019	3.00	6.920833333	4.70	1.99
14.12.2019	4.68	4.920833333	3.68	0.55
15.12.2019	5.77	4.395833333	3.64	0.95
16.12.2019	3.87	3.85	6.09	2.06
17.12.2019	2.28	6.9	5.38	2.09
18.12.2019	4.00	4.916666667	2.93	5.72
19.12.2019	2.22	5.179166667	4.59	1.40
20.12.2019	3.53	4.479166667	4.46	3.15
21.12.2019	5.72	4.583333333	5.59	2.65
22.12.2019	3.31	14.53333333	1.54	0.73
23.12.2019	4.45	8.341666667	1.54	1.99
24.12.2019	6.81	8.695833333	4.83	2.78
25.12.2019	3.52	5.220833333	2.33	2.54
26.12.2019	3.00	9.420833333	1.89	4.12
27.12.2019	3.77	11.29166667	2.50	4.10
28.12.2019	2.21	4.858333333	1.28	3.10
29.12.2019	0.81	4.991666667	1.92	3.26
30.12.2019	3.60	3.6375	1.54	3.41
31.12.2019	3.87	7.725	5.79	0.97
01.01.2020	2.36	8.025	4.09	2.60
02.01.2020	4.49	7.533333333	5.04	0.40
03.01.2020	1.54	5.4125	3.37	0.02
04.01.2020	3.12	4.516666667	2.40	6.66
05.01.2020	1.41	5.620833333	7.13	3.60
06.01.2020	6.07	11.41666667	10.39	6.91
07.01.2020	3.58	9.9625	5.49	5.78
08.01.2020	3.26	5.9375	4.25	3.38
09.01.2020	5.05	9.033333333	10.12	4.75
10.01.2020	6.17	16.30833333	13.09	6.68
11.01.2020	1.85	4.391666667	8.83	6.28
12.01.2020	3.75	6.675	2.83	0.32
13.01.2020	8.45	14.89166667	6.58	0.08
14.01.2020	4.91	6.854166667	8.25	2.82
15.01.2020	8.17	6.9375	3.73	6.05
16.01.2020	5.70	6.35	8.13	2.23
17.01.2020	9.60	9.516666667	10.03	4.71
18.01.2020	7.49	11.92083333	4.89	0.11
19.01.2020	8.73	11.9125	5.56	2.10
20.01.2020	5.63	7.520833333	11.18	9.95
21.01.2020	3.23	12.56666667	9.95	6.31
22.01.2020	8.65	30.70416667	7.52	9.87
23.01.2020	4.25	18.4375	7.84	1.94
24.01.2020	7.23	13.1125	8.55	10.50
25.01.2020	6.62	14.45833333	9.22	9.11
26.01.2020	16.01	15.52916667	10.05	8.01
27.01.2020	12.80	15.46666667	10.98	2.28
28.01.2020	17.42	26.43333333	10.28	4.18
29.01.2020	13.69	17.3125	3.23	1.22
30.01.2020	17.66	34.58333333	16.32	16.04
31.01.2020	15.81	21.01666667	9.50	9.47
01.02.2020	4.77	29.23333333	3.85	11.15
02.02.2020	7.13	32.1625	4.74	19.85
03.02.2020	21.06	33.3	2.33	6.23
04.02.2020	9.33	34.85833333	11.75	9.02
05.02.2020	3.49	28.475	3.49	9.50
06.02.2020	19.14	46.65416667	4.96	16.69
07.02.2020	31.25	43.45	-99	-99
08.02.2020	27.72	27.825	-99	-99
09.02.2020	6.86	13.225	-99	-99
10.02.2020	25.66	28.80833333	-99	-99
11.02.2020	21.72	39.7875	-99	-99
12.02.2020	4.87	48.99583333	-99	-99
13.02.2020	10.73	68.7125	-99	-99
14.02.2020	27.93	44.93333333	-99	-99
15.02.2020	48.29	59.61666667	-99	-99
16.02.2020	22.31	23.94166667	-99	-99
17.02.2020	22.48	27.45416667	-99	-99
18.02.2020	20.08	36.22916667	-99	-99
19.02.2020	45.51	95.75833333	-99	-99
20.02.2020	17.44	33.875	-99	-99
21.02.2020	20.33	48.74583333	-99	-99
22.02.2020	19.20	37.62916667	-99	-99
23.02.2020	26.81	84.5125	-99	-99
24.02.2020	12.30	86.56666667	-99	-99
25.02.2020	61.90	100.3875	-99	-99
26.02.2020	77.23	97.76666667	-99	-99
27.02.2020	58.70	88.425	-99	-99
28.02.2020	33.62	62.27083333	-99	-99
29.02.2020	17.06	70.20416667	-99	-99
01.03.2020	47.33	67.70416667	-99	-99
02.03.2020	55.29	66.725	-99	-99
03.03.2020	87.74	64.71666667	-99	-99
04.03.2020	64.20	52.35	-99	-99
05.03.2020	73.63	107.7166667	-99	-99
06.03.2020	53.53	129.5666667	-99	-99
07.03.2020	88.19	130.5208333	-99	-99
08.03.2020	48.00	70.58333333	-99	-99
09.03.2020	86.28	116.5291667	-99	-99
10.03.2020	43.05	84.06666667	-99	-99
11.03.2020	89.44	104.7833333	-99	-99
12.03.2020	51.53	110.6166667	-99	-99
13.03.2020	12.53	103.1333333	-99	-99
14.03.2020	97.69	152.2375	-99	-99
15.03.2020	45.70	63.2625	-99	-99
16.03.2020	118.98	160.3375	-99	-99
17.03.2020	42.76	81.375	-99	-99
18.03.2020	53.51	105.3833333	-99	-99
19.03.2020	73.66	165.0333333	-99	-99
20.03.2020	97.86	159.5041667	-99	-99
21.03.2020	152.32	176.55	-99	-99
22.03.2020	45.68	122.8791667	-99	-99
23.03.2020	132.00	156.8958333	-99	-99
24.03.2020	35.09	150.6	-99	-99
25.03.2020	17.12	122.8375	-99	-99
26.03.2020	103.30	201.1583333	-99	-99
27.03.2020	79.26	143.4958333	-99	-99
28.03.2020	6.82	97.52916667	-99	-99
29.03.2020	2.83	158.6166667	-99	-99
30.03.2020	117.93	141.6791667	-99	-99
31.03.2020	50.00	174.0208333	-99	-99
01.04.2020	64.30	132.95	-99	-99
02.04.2020	9.74	135.0208333	-99	-99
03.04.2020	12.78	195.5125	-99	-99
04.04.2020	105.67	211.425	-99	-99
05.04.2020	84.64	145.7208333	-99	-99
06.04.2020	175.57	235.3791667	-99	-99
07.04.2020	191.07	240.2666667	-99	-99
08.04.2020	52.09	162.1791667	-99	-99
09.04.2020	80.55	221.8291667	-99	-99
10.04.2020	104.80	228.8833333	-99	-99
11.04.2020	78.17	152	-99	-99
12.04.2020	40.62	158.5291667	-99	-99
13.04.2020	7.84	111.7208333	-99	-99
14.04.2020	44.45	152.1541667	-99	-99
15.04.2020	36.82	150.75	-99	-99
16.04.2020	105.06	229.2166667	-99	-99
17.04.2020	140.50	227.5416667	-99	-99
18.04.2020	243.58	258.025	-99	-99
19.04.2020	253.63	277.5916667	-99	-99
20.04.2020	259.47	285.5791667	-99	-99
21.04.2020	264.50	290.475	-99	-99
22.04.2020	266.52	292.9666667	-99	-99
23.04.2020	267.15	291.25	-99	-99
24.04.2020	177.12	177.9625	-99	-99
25.04.2020	177.66	297.475	-99	-99
26.04.2020	126.96	215.0125	-99	-99
27.04.2020	231.70	129.9916667	-99	-99
28.04.2020	237.53	111.4625	-99	-99
29.04.2020	140.78	178.1708333	-99	-99
30.04.2020	270.95	260.8041667	-99	-99
01.05.2020	111.71	179.0125	-99	-99
02.05.2020	110.30	188.1166667	-99	-99
03.05.2020	161.14	246.2416667	-99	-99
04.05.2020	171.48	302.65	-99	-99
05.05.2020	164.32	237.8166667	-99	-99
06.05.2020	128.09	299.625	-99	-99
07.05.2020	140.08	265.7833333	-99	-99
08.05.2020	156.10	282.6083333	-99	-99
09.05.2020	145.30	297.0583333	-99	-99
10.05.2020	168.88	246.1333333	-99	-99
11.05.2020	87.12	312.5541667	-99	-99
12.05.2020	155.58	263.925	-99	62.76
13.05.2020	220.93	324.6	-99	206.67
14.05.2020	158.73	339.3375	-99	176.28
15.05.2020	154.16	299.5041667	-99	173.24
16.05.2020	83.70	275.9041667	-99	114.68
17.05.2020	102.97	298.15	-99	113.67
18.05.2020	287.79	324.9625	-99	322.27
19.05.2020	189.53	385.1041667	-99	235.84
20.05.2020	321.20	359.1875	-99	296.65
21.05.2020	180.18	227.8541667	-99	172.67
22.05.2020	204.96	74	-99	128.82
23.05.2020	217.25	312.2791667	-99	250.04
24.05.2020	205.22	229.0166667	-99	195.60
25.05.2020	324.72	365.5291667	-99	281.26
26.05.2020	91.46	167.6666667	-99	47.78
27.05.2020	117.80	296.3	-99	193.83
28.05.2020	180.05	289.4208333	-99	190.48
29.05.2020	333.35	365.975	-99	308.18
30.05.2020	332.22	370.2875	-99	307.79
31.05.2020	344.25	371.675	-99	309.18
01.06.2020	306.05	334.5083333	-99	261.37
02.06.2020	273.37	337.9916667	-99	288.98
03.06.2020	160.60	225.7	-99	190.58
04.06.2020	138.11	95.18333333	-99	104.64
05.06.2020	200.98	45.8875	-99	121.29
06.06.2020	198.83	162.5541667	-99	157.53
07.06.2020	103.61	237.0875	-99	130.33
08.06.2020	236.18	255.3375	-99	192.25
09.06.2020	301.75	320.7458333	-99	267.94
10.06.2020	340.56	305.3541667	-99	339.01
11.06.2020	346.93	377.8125	-99	312.37
12.06.2020	336.16	357.6166667	-99	306.79
13.06.2020	310.96	316.425	-99	272.98
14.06.2020	291.44	353.4	-99	218.25
15.06.2020	244.30	352.7625	-99	287.28
16.06.2020	331.27	258.3166667	-99	299.86
17.06.2020	334.33	280.2	-99	275.78
18.06.2020	333.54	339.0583333	-99	305.22
19.06.2020	324.25	384.7958333	-99	307.35
20.06.2020	292.11	344.2458333	-99	171.25
21.06.2020	114.19	85.975	-99	51.21
22.06.2020	157.24	159.1	-99	130.02
23.06.2020	133.30	266.625	-99	108.82
24.06.2020	305.77	368.1541667	-99	299.61
25.06.2020	285.84	356.675	-99	290.35
26.06.2020	330.13	376.2541667	-99	297.68
27.06.2020	330.60	289.5458333	-99	293.70
28.06.2020	118.95	75.17916667	-99	77.67
29.06.2020	237.27	252.3833333	-99	238.32
30.06.2020	144.72	128.8166667	-99	143.34
01.07.2020	338.52	349.1333333	-99	298.10
02.07.2020	199.08	226.7125	-99	157.73
03.07.2020	210.37	242.7666667	-99	190.91
04.07.2020	346.28	360.3958333	-99	305.65
05.07.2020	93.63	82.85416667	-99	68.30
06.07.2020	83.23	61.425	-99	93.67
07.07.2020	186.46	155.85	-99	214.43
08.07.2020	164.75	233.1	-99	116.04
09.07.2020	145.57	368.7791667	-99	149.58
10.07.2020	260.21	300.6958333	-99	182.44
11.07.2020	79.07	222.45	-99	97.07
12.07.2020	104.72	240.0083333	-99	144.10
13.07.2020	124.93	130.1833333	-99	92.16
14.07.2020	187.78	154.4083333	-99	150.82
15.07.2020	184.04	223.5166667	-99	185.75
16.07.2020	216.84	282.1708333	-99	183.97
17.07.2020	61.13	182.9666667	-99	50.17
18.07.2020	142.76	179.225	-99	145.68
19.07.2020	212.08	181.9958333	-99	128.28
20.07.2020	184.22	261.8583333	-99	144.96
21.07.2020	165.55	220.4583333	-99	155.51
22.07.2020	133.09	257.6416667	-99	150.60
23.07.2020	285.87	333.1625	-99	293.32
24.07.2020	331.30	348.5541667	-99	292.22
25.07.2020	310.00	340.1	-99	287.05
26.07.2020	136.15	85.52916667	-99	103.00
27.07.2020	146.85	222.6083333	-99	129.53
28.07.2020	126.24	73.98333333	-99	99.10
29.07.2020	115.68	182.0583333	-99	98.48
30.07.2020	187.82	163.1833333	-99	271.74
31.07.2020	274.26	299.6875	-99	229.78
01.08.2020	281.40	300.3708333	-99	228.98
02.08.2020	76.65	150.875	-99	70.28
03.08.2020	77.20	148.3708333	-99	87.15
04.08.2020	78.49	143.4958333	-99	97.50
05.08.2020	42.64	169.9083333	-99	37.23
06.08.2020	75.76	184.7	-99	93.90
07.08.2020	212.81	270.9041667	-99	71.63
08.08.2020	94.69	208.425	-99	112.16
09.08.2020	270.84	302.1583333	-99	257.18
10.08.2020	264.74	304.5625	280.62	236.74
11.08.2020	176.63	185.4583333	207.47	200.17
12.08.2020	182.90	258.75	175.39	191.75
13.08.2020	47.50	92.27916667	63.92	57.48
14.08.2020	249.53	287.0666667	152.82	235.07
15.08.2020	115.41	274.65	211.22	173.63
16.08.2020	196.70	197.2541667	212.14	181.90
17.08.2020	244.08	223.5875	202.76	195.80
18.08.2020	182.28	187.525	152.16	110.35
19.08.2020	143.52	165.6208333	86.05	90.29
20.08.2020	198.73	187.6333333	162.17	183.52
21.08.2020	107.27	121.0458333	65.33	90.60
22.08.2020	80.56	125.2666667	35.05	62.97
23.08.2020	64.52	95.94583333	70.41	62.15
24.08.2020	85.28	185.0375	113.10	89.22
25.08.2020	91.73	195.0833333	111.32	108.05
26.08.2020	238.85	222.4041667	189.32	211.27
27.08.2020	129.20	111.4083333	133.13	167.78
28.08.2020	167.72	206.6666667	120.54	153.01
29.08.2020	128.18	97.90416667	126.89	98.90
30.08.2020	177.74	166.4208333	170.01	160.23
31.08.2020	206.99	224.8208333	175.58	193.01
01.09.2020	202.82	219.0833333	171.80	186.98
02.09.2020	206.90	224.7166667	174.74	175.18
03.09.2020	58.97	97.95416667	25.78	32.65
04.09.2020	125.70	143.2041667	38.87	49.06
05.09.2020	87.67	124.1	58.59	59.73
06.09.2020	166.91	140.3083333	75.35	79.98
07.09.2020	32.19	82.65833333	25.17	30.68
08.09.2020	40.72	131.9375	73.60	64.32
09.09.2020	40.34	105.35	51.63	49.56
10.09.2020	73.31	157.4625	102.35	82.14
11.09.2020	53.22	84.64166667	16.51	30.17
12.09.2020	70.71	116.5375	34.07	62.08
13.09.2020	108.33	146.3666667	72.43	67.41
14.09.2020	34.15	55.9125	43.20	47.99
15.09.2020	34.40	64.04583333	23.94	27.29
16.09.2020	80.53	134.7833333	127.35	133.11
17.09.2020	97.01	117.175	121.80	117.45
18.09.2020	37.42	84.85416667	46.33	27.23
19.09.2020	138.35	162.6833333	113.35	124.21
20.09.2020	15.63	56.025	17.03	21.95
21.09.2020	38.27	72.15	63.28	50.53
22.09.2020	26.83	66.62916667	23.77	24.83
23.09.2020	43.00	94.37083333	49.03	58.73
24.09.2020	41.89	37.94583333	27.57	26.96
25.09.2020	112.81	119.325	93.37	99.51
26.09.2020	69.63	61.4375	59.55	107.64
27.09.2020	104.98	45.28333333	85.80	92.22
28.09.2020	98.45	134.1958333	65.73	81.12
29.09.2020	21.52	46.1125	14.29	15.04
30.09.2020	48.24	34.37916667	42.95	51.01
01.10.2020	95.56	41.175	35.65	49.22
02.10.2020	43.72	67.62916667	31.22	57.61
03.10.2020	84.62	20.6875	18.63	78.12
04.10.2020	40.83	7.525	5.95	29.04
05.10.2020	43.24	68.3125	45.29	49.93
06.10.2020	58.39	20.9125	26.55	61.43
07.10.2020	25.81	60.15	58.04	64.76
08.10.2020	37.22	60.02083333	30.83	31.20
09.10.2020	37.20	52.1375	45.23	66.65
10.10.2020	70.40	42.10833333	48.89	74.36
11.10.2020	26.56	29.61666667	69.54	44.60
12.10.2020	77.68	98.9625	49.64	70.70
13.10.2020	68.00	124.8416667	61.24	71.82
14.10.2020	66.65	98.94583333	63.87	0.00
15.10.2020	61.66	82.7625	58.08	65.14
16.10.2020	63.41	84.99583333	61.89	62.39
17.10.2020	20.45	58.50833333	38.21	34.02
18.10.2020	18.62	29.70416667	37.65	44.21
19.10.2020	46.58	55.675	29.38	31.46
20.10.2020	11.90	28.85416667	7.19	10.22
21.10.2020	18.35	50.32916667	12.15	15.56
22.10.2020	19.13	37.44583333	18.23	19.83
23.10.2020	48.31	67.90416667	38.05	28.33
24.10.2020	34.03	42.34166667	18.19	23.53
25.10.2020	26.68	22.47083333	19.30	31.73
26.10.2020	50.35	63.48333333	50.41	31.47
27.10.2020	38.12	37.22083333	28.40	0.13
28.10.2020	24.38	29.66666667	21.92	-99.00
29.10.2020	17.45	33.88333333	17.91	-99.00
30.10.2020	28.45	52.09583333	13.53	-99.00
31.10.2020	35.83	53.11666667	22.19	-99.00
01.11.2020	25.00	29.63333333	12.88	-99.00
02.11.2020	23.83	30.825	15.85	29.56
03.11.2020	21.68	32.875	17.60	18.21
04.11.2020	7.37	27.5875	20.83	11.45
05.11.2020	13.20	46.1875	12.97	9.08
06.11.2020	20.50	25.13333333	13.80	16.36
07.11.2020	6.33	23.14166667	9.53	7.07
08.11.2020	16.03	40.01666667	8.85	18.41
09.11.2020	12.37	26.97916667	20.91	16.68
10.11.2020	9.80	28.59583333	7.85	12.54
11.11.2020	10.78	18.64166667	7.81	6.41
12.11.2020	9.56	23.3375	4.08	5.42
13.11.2020	15.02	25.20833333	9.31	18.29
14.11.2020	9.95	20.4375	8.18	9.00
15.11.2020	12.49	11.6625	15.03	15.44
16.11.2020	12.43	11.41666667	6.38	13.29
17.11.2020	3.56	11.94583333	3.05	2.03
18.11.2020	1.41	8.375	2.18	0.60
19.11.2020	2.55	11.78333333	5.81	1.98
20.11.2020	13.96	37.85416667	12.59	11.72
21.11.2020	3.15	7.604166667	6.40	2.79
22.11.2020	2.75	10.20416667	7.18	1.76
23.11.2020	6.16	12.63333333	8.65	6.93
24.11.2020	3.83	12.87916667	6.15	1.00
25.11.2020	5.33	9.833333333	4.86	1.86
26.11.2020	8.28	32.3	10.82	7.18
27.11.2020	5.10	18.275	8.85	5.98
28.11.2020	6.14	17.625	9.54	4.87
29.11.2020	5.60	10.50416667	3.51	4.67
30.11.2020	3.08	10.0375	3.98	1.32
01.12.2020	5.35	33.1375	4.25	6.73
02.12.2020	4.65	7.325	2.39	0.95
03.12.2020	4.00	5.741666667	1.81	1.82
04.12.2020	6.35	8.529166667	7.68	5.99
05.12.2020	6.58	6.5125	5.60	7.71
06.12.2020	8.38	9.283333333	7.54	4.93
07.12.2020	3.10	3.908333333	2.96	1.02
08.12.2020	3.77	3.945833333	4.89	4.98
09.12.2020	5.55	4.920833333	5.50	4.35
10.12.2020	3.31	2.116666667	3.05	2.32
11.12.2020	3.24	3.479166667	6.63	4.72
12.12.2020	3.38	2.3	6.34	2.65
13.12.2020	2.46	2.945833333	3.26	3.16
14.12.2020	2.60	6.220833333	1.69	0.54
15.12.2020	4.51	4.7	4.08	2.93
16.12.2020	4.88	4.791666667	3.58	2.12
17.12.2020	3.05	4.575	2.17	1.86
18.12.2020	3.40	6.5125	2.20	0.64
19.12.2020	2.11	5.3	2.25	2.63
20.12.2020	5.82	3.4	2.99	1.22
21.12.2020	7.25	3.675	4.43	3.92
22.12.2020	4.15	4.825	3.95	2.16
23.12.2020	2.50	7.5875	5.17	2.16
24.12.2020	2.90	11.25833333	6.30	1.99
25.12.2020	6.03	21.925	5.00	4.66
26.12.2020	4.26	5.204166667	1.69	2.43
27.12.2020	2.98	3.691666667	1.84	0.80
28.12.2020	4.32	4.541666667	2.63	3.35
29.12.2020	2.58	3.175	4.80	3.14
30.12.2020	4.27	3.4125	3.91	0.56
31.12.2020	2.41	2.7125	7.71	4.57
01.01.2021	5.70	2.220833333	5.43	3.78
02.01.2021	3.58	3.283333333	3.10	2.63
03.01.2021	2.64	7.904166667	3.70	3.86
04.01.2021	2.88	13.76666667	4.44	4.25
05.01.2021	7.79	19.72083333	5.04	6.24
06.01.2021	5.44	13.0625	6.21	4.90
07.01.2021	3.63	15.6875	6.08	4.97
08.01.2021	3.13	16.10416667	5.54	6.16
09.01.2021	3.97	10.9875	3.54	0.82
10.01.2021	1.35	10.00833333	1.66	4.51
11.01.2021	1.00	17.13333333	2.47	6.43
12.01.2021	0.16	4.966666667	2.37	2.57
13.01.2021	1.40	21.09583333	6.65	6.53
14.01.2021	1.93	31.425	7.98	6.87
15.01.2021	2.63	25.25833333	8.82	7.63
16.01.2021	1.81	22.37083333	9.11	7.82
17.01.2021	10.39	16.55	4.08	2.28
18.01.2021	6.51	33.4	3.38	7.88
19.01.2021	9.87	29.52083333	10.99	10.97
20.01.2021	10.00	8.291666667	6.04	8.16
21.01.2021	5.41	9.65	7.10	3.43
22.01.2021	11.78	7.691666667	7.40	12.33
23.01.2021	4.05	13.50833333	7.48	0.99
24.01.2021	7.86	25.325	16.90	10.84
25.01.2021	10.90	30.19166667	8.66	15.97
26.01.2021	17.79	32.28333333	4.91	18.76
27.01.2021	19.48	45.42916667	9.02	17.62
28.01.2021	15.57	36.3375	10.20	20.81
29.01.2021	11.17	33.01666667	17.68	23.44
30.01.2021	6.45	53.41666667	7.94	11.28
31.01.2021	3.18	66.0375	3.52	18.87
01.02.2021	4.77	56.55416667	8.05	27.00
02.02.2021	7.36	42.83333333	11.00	25.97
03.02.2021	19.68	45.03333333	14.38	30.37
04.02.2021	35.18	49.67083333	16.20	31.71
05.02.2021	37.25	52.5625	27.43	32.80
06.02.2021	39.75	58.725	28.31	34.75
07.02.2021	41.34	71.19583333	30.29	36.67
08.02.2021	43.08	22.42083333	39.23	38.63
09.02.2021	45.44	73.38333333	32.90	40.16
10.02.2021	38.04	73.8375	35.19	34.91
11.02.2021	48.28	60.775	37.10	45.31
12.02.2021	49.26	61.23333333	38.92	47.73
13.02.2021	51.68	63.9375	41.50	50.02
14.02.2021	50.93	65.8125	41.82	47.86
15.02.2021	15.34	28.52083333	7.41	11.18
16.02.2021	40.62	67.525	24.53	29.88
17.02.2021	0.00	69.57916667	34.16	35.90
18.02.2021	20.61	39.625	14.23	17.85
19.02.2021	44.89	72.12083333	19.43	23.07
20.02.2021	21.54	46.68333333	10.07	7.56
21.02.2021	56.95	65.325	25.95	25.50
22.02.2021	28.07	39.80833333	10.13	11.31
23.02.2021	35.31	53.73333333	41.27	37.30
24.02.2021	42.93	41.14166667	15.09	27.35
25.02.2021	61.50	61.05416667	19.91	45.38
26.02.2021	30.64	88.81666667	58.43	60.20
27.02.2021	43.39	46.93333333	28.81	49.70
28.02.2021	78.78	89.3375	38.87	56.69
01.03.2021	20.25	84.79166667	36.53	29.60
02.03.2021	25.31	88.2625	45.02	21.06
03.03.2021	22.95	86.61666667	52.58	29.74
04.03.2021	17.80	96.7125	74.46	43.92
05.03.2021	41.83	136.45	47.59	41.12
06.03.2021	12.38	46.60833333	41.74	16.36
07.03.2021	31.63	95.6	75.23	46.70
08.03.2021	57.52	84	77.63	64.45
09.03.2021	78.89	88.3125	84.78	101.22
10.03.2021	61.91	72.67083333	13.57	33.15
11.03.2021	58.69	56.3125	15.61	42.35
12.03.2021	83.53	134.3541667	33.76	97.72
13.03.2021	94.97	155.5041667	40.80	145.78
14.03.2021	107.06	150.1291667	43.22	-99.00
15.03.2021	39.25	122.2333333	92.62	90.46
16.03.2021	84.26	192.7166667	120.62	96.53
17.03.2021	79.18	156.0291667	100.95	65.40
18.03.2021	59.23	91.3125	78.30	66.49
19.03.2021	56.82	104.4458333	62.26	50.94
20.03.2021	66.93	133.6916667	53.49	52.23
21.03.2021	47.99	75.30416667	82.79	-99.00
22.03.2021	89.89	139.9541667	58.22	-99.00
23.03.2021	85.66	167.3208333	50.35	-99.00
24.03.2021	81.79	125.8333333	96.85	-99.00
25.03.2021	129.30	155.6375	76.50	-99.00
26.03.2021	58.14	96.425	28.37	59.82
27.03.2021	136.10	163.2541667	103.42	81.61
28.03.2021	109.29	158.075	24.95	66.37
29.03.2021	77.79	116.2291667	55.42	71.75
30.03.2021	47.70	124.9666667	35.78	47.95
31.03.2021	119.57	191.55	126.43	111.81
01.04.2021	80.52	179.0166667	134.85	91.93
02.04.2021	64.10	202.2708333	141.49	128.91
03.04.2021	89.21	201.2041667	95.63	68.44
04.04.2021	32.16	128.6125	29.12	28.81
05.04.2021	9.60	109.5416667	81.13	59.58
06.04.2021	50.63	162.3083333	88.52	91.96
07.04.2021	94.16	170.2833333	129.55	123.43
08.04.2021	118.59	166.1958333	34.32	61.14
09.04.2021	73.85	187.5875	83.49	73.01
10.04.2021	47.93	231.2458333	109.60	66.71
11.04.2021	228.97	254.1916667	199.72	231.25
12.04.2021	193.92	126.7375	167.27	188.65
13.04.2021	91.70	132.8375	147.13	111.16
14.04.2021	111.27	178.6583333	157.85	208.20
15.04.2021	196.96	255.65	202.84	226.97
16.04.2021	249.12	266.4291667	207.38	245.70
17.04.2021	247.38	260.6916667	204.59	244.82
18.04.2021	226.21	256.0875	194.68	226.74
19.04.2021	237.79	260.7666667	201.80	235.80
20.04.2021	42.00	233.7291667	116.78	129.86
21.04.2021	142.54	128.1541667	200.35	138.37
22.04.2021	112.93	253.3458333	156.65	129.33
23.04.2021	142.84	195.7916667	153.88	194.87
24.04.2021	168.68	225.7125	140.60	183.52
25.04.2021	165.65	270.6291667	233.36	183.49
26.04.2021	279.52	312.175	240.07	282.27
27.04.2021	275.32	289.025	229.29	275.92
28.04.2021	284.47	263.45	214.19	300.35
29.04.2021	275.16	301.7875	245.43	282.71
30.04.2021	302.01	329.3791667	249.20	290.12
01.05.2021	226.78	294.4166667	166.61	228.61
02.05.2021	185.88	232.0458333	176.79	100.45
03.05.2021	154.75	248.1083333	137.67	138.07
04.05.2021	254.23	214.9	163.30	259.77
05.05.2021	249.40	230.475	205.97	268.61
06.05.2021	267.03	242.8791667	190.73	136.32
07.05.2021	304.60	352.0291667	264.53	283.19
08.05.2021	197.87	333.0916667	156.20	124.78
09.05.2021	187.51	232.0375	48.65	85.50
10.05.2021	171.16	218.6125	80.20	133.77
11.05.2021	183.87	323.4041667	231.93	280.07
12.05.2021	169.31	168.9875	143.87	191.43
13.05.2021	165.88	296.75	235.33	285.27
14.05.2021	194.63	260.5125	147.19	195.66
15.05.2021	290.97	208.9791667	177.90	278.01
16.05.2021	63.29	242.2791667	95.60	69.89
17.05.2021	277.69	205.9208333	273.12	274.32
18.05.2021	87.43	294.0625	51.36	68.70
19.05.2021	156.81	242.7458333	134.00	168.05
20.05.2021	210.58	189.8333333	229.74	165.13
21.05.2021	281.88	259.4416667	279.60	292.69
22.05.2021	294.60	326.8708333	179.15	299.89
23.05.2021	207.60	296.3958333	208.58	244.11
24.05.2021	240.45	192.3916667	107.98	191.21
25.05.2021	268.56	145.4583333	115.25	196.04
26.05.2021	286.14	175.6708333	177.66	290.38
27.05.2021	333.80	213.3458333	268.84	316.18
28.05.2021	332.80	374.8291667	294.68	343.50
29.05.2021	330.19	370.55	293.55	340.57
30.05.2021	327.15	372.5458333	292.69	340.32
31.05.2021	328.96	363.6375	297.86	346.61
01.06.2021	338.28	370.2583333	295.47	341.91
02.06.2021	329.20	375.1333333	285.53	328.47
03.06.2021	330.55	334.5916667	289.48	343.59
04.06.2021	253.93	266.8	130.33	176.42
05.06.2021	265.25	311.7	198.09	171.49
06.06.2021	91.36	247.1166667	94.29	101.41
07.06.2021	332.52	256.452381	299.24	310.44
08.06.2021	320.66	315.025	281.86	246.74
09.06.2021	316.46	365.3375	181.03	197.79
10.06.2021	109.69	219.3833333	30.69	62.08
11.06.2021	64.71	175.0125	79.54	75.92
12.06.2021	89.38	286.2333333	184.51	89.11
13.06.2021	76.15	203.2208333	67.44	54.18
14.06.2021	131.05	159.2958333	92.33	99.04
15.06.2021	151.57	354.5458333	263.33	193.23
16.06.2021	55.28	145.1166667	23.78	37.43
17.06.2021	72.39	237.5375	38.76	33.54
18.06.2021	166.19	358.7833333	200.52	220.88
19.06.2021	123.10	100.5541667	114.83	178.37
20.06.2021	249.83	195.6166667	168.38	214.80
21.06.2021	127.44	98.6875	122.11	116.25
22.06.2021	347.43	374.0791667	308.35	342.07
23.06.2021	170.30	338.8583333	216.85	147.70
24.06.2021	146.16	238.875	214.35	158.61
25.06.2021	142.23	175.6708333	252.53	154.28
26.06.2021	98.14	182.7708333	158.37	162.82
27.06.2021	333.79	369.9083333	303.41	332.62
28.06.2021	326.26	377.2666667	298.56	325.60
29.06.2021	133.04	151.2416667	263.34	278.51
30.06.2021	336.21	369.3583333	300.74	354.82
01.07.2021	338.55	378.6916667	301.86	349.37
02.07.2021	279.50	307.5	290.78	327.39
03.07.2021	329.21	370.125	269.78	322.17
04.07.2021	203.21	220.9125	176.17	208.58
05.07.2021	249.97	155.8083333	129.53	149.70
06.07.2021	185.10	205.675	156.24	177.69
07.07.2021	196.86	175.1833333	158.74	143.59
08.07.2021	226.50	230.0958333	137.61	198.02
09.07.2021	181.09	242.3291667	135.56	168.07
10.07.2021	132.35	73.925	193.96	201.57
11.07.2021	108.41	262.9533333	96.97	77.51
12.07.2021	322.05	243.9125	281.37	312.02
13.07.2021	279.88	196.2458333	205.55	277.83
14.07.2021	147.92	165.6041667	144.43	155.82
15.07.2021	243.17	366.1375	257.25	290.44
16.07.2021	137.64	300.9291667	153.43	147.48
17.07.2021	81.12	205.0875	86.24	91.92
18.07.2021	94.21	286.6583333	96.28	65.58
19.07.2021	267.99	324	250.30	219.01
20.07.2021	225.33	288.5875	172.36	218.15
21.07.2021	293.51	333.3583333	269.57	313.41
22.07.2021	284.28	332.3166667	266.81	307.16
23.07.2021	271.29	317.7458333	250.31	288.89
24.07.2021	285.23	272.1458333	253.65	288.14
25.07.2021	223.15	304.425	242.21	268.04
26.07.2021	244.50	271.8458333	174.50	235.29
27.07.2021	92.71	69.7875	70.77	96.53
28.07.2021	120.49	98.96666667	113.47	112.04
29.07.2021	117.67	63.425	128.80	177.84
30.07.2021	294.39	320.7083333	253.15	295.18
31.07.2021	106.28	110.7333333	149.90	120.18
01.08.2021	194.65	189.2458333	196.53	246.27
02.08.2021	291.78	253.9166667	227.58	270.03
03.08.2021	295.08	221.5416667	212.49	280.57
04.08.2021	221.37	268.975	223.34	247.26
05.08.2021	234.07	188.3791667	223.40	269.15
06.08.2021	234.32	149.9458333	178.22	218.80
07.08.2021	216.50	124.3125	144.04	239.31
08.08.2021	181.06	140.0458333	153.32	148.95
09.08.2021	200.54	152.15	141.54	177.74
10.08.2021	151.90	140.6333333	123.77	112.14
11.08.2021	153.48	138.0333333	195.03	166.30
12.08.2021	132.64	143.4625	101.43	90.56
13.08.2021	118.25	126.5208333	67.77	128.42
14.08.2021	48.88	72.87083333	86.34	77.63
15.08.2021	98.80	121.2166667	92.29	55.10
16.08.2021	222.08	80.975	186.29	151.65
17.08.2021	228.11	259.0083333	214.48	234.15
18.08.2021	80.70	43.8625	88.21	78.07
19.08.2021	100.80	188.3708333	107.83	99.93
20.08.2021	96.43	114.6083333	126.92	142.28
21.08.2021	236.45	242.7291667	190.97	216.50
22.08.2021	227.45	259.4	196.03	232.20
23.08.2021	172.81	213.7458333	195.98	208.15
24.08.2021	26.36	54.7875	66.65	38.63
25.08.2021	81.13	69.78421053	140.21	74.42
26.08.2021	214.32	219.1625	189.86	223.00
27.08.2021	215.42	198.4083333	186.46	221.17
28.08.2021	205.66	208.7541667	178.34	214.04
29.08.2021	141.63	220.4083333	173.71	163.11
30.08.2021	56.45	212.9833333	169.19	43.09
31.08.2021	91.05	209.9083333	154.24	140.74
01.09.2021	44.65	103.2541667	143.55	63.36
02.09.2021	114.70	219.8958333	147.56	114.52
03.09.2021	166.89	119.7666667	99.79	109.21
04.09.2021	186.36	213.2666667	141.33	178.38
05.09.2021	162.21	202.4416667	64.64	81.66
06.09.2021	24.22	82.28333333	19.30	22.08
07.09.2021	28.41	111.2541667	56.67	33.11
08.09.2021	12.63	114.9318182	55.02	20.89
09.09.2021	99.01	47.65263158	37.03	59.18
10.09.2021	39.35	54.50416667	37.24	29.55
11.09.2021	46.58	105.5833333	32.28	61.17
12.09.2021	61.17	58.93333333	95.43	54.49
13.09.2021	146.13	188.7916667	137.64	161.97
14.09.2021	153.31	185.7458333	117.18	115.94
15.09.2021	108.10	63.075	73.63	77.93
16.09.2021	38.80	58.95	34.95	37.82
17.09.2021	142.62	155.9	124.54	119.87
18.09.2021	66.34	97.28333333	49.41	53.58
19.09.2021	105.88	109.6708333	69.80	74.35
20.09.2021	56.27	59.67916667	31.58	63.36
21.09.2021	41.18	79.525	42.18	30.30
22.09.2021	40.43	123.0208333	19.83	28.56
23.09.2021	52.93	87.8375	52.54	75.68
24.09.2021	27.62	41.7125	21.98	31.85
25.09.2021	73.46	140.2666667	70.03	75.80
26.09.2021	34.80	92.32916667	58.30	85.59
27.09.2021	43.87	12.29583333	5.56	55.15
28.09.2021	105.60	130.6166667	102.43	109.24
29.09.2021	54.38	88.2375	45.79	72.41
30.09.2021	75.04	40.81666667	16.88	101.06
01.10.2021	55.95	66.32916667	16.76	32.57
02.10.2021	86.74	105.6166667	49.84	70.39
03.10.2021	26.81	13.425	25.59	24.07
04.10.2021	58.14	55.70833333	20.69	54.40
05.10.2021	58.31	73.0625	31.03	33.98
06.10.2021	58.81	62.31666667	54.21	57.56
07.10.2021	33.22	58.5125	18.12	24.40
08.10.2021	29.63	40.55416667	23.65	22.37
09.10.2021	21.36	35.975	16.68	11.56
10.10.2021	39.12	27.42916667	39.93	56.77
11.10.2021	30.23	60.3375	46.99	36.03
12.10.2021	33.24	91.09166667	60.25	46.42
13.10.2021	15.05	29.7125	14.12	11.18
14.10.2021	9.56	74.6625	11.09	6.36
15.10.2021	18.86	59.32916667	37.11	20.30
16.10.2021	19.03	61.82916667	41.63	23.89
17.10.2021	30.51	108.7083333	60.18	69.04
18.10.2021	49.22	70.25	47.04	51.39
19.10.2021	15.47	40.4625	11.40	20.47
20.10.2021	12.95	40.72916667	20.22	12.78
21.10.2021	12.82	44.24166667	29.98	15.35
22.10.2021	5.56	46.69583333	36.08	10.14
23.10.2021	28.27	50.325	29.20	22.10
24.10.2021	11.60	34.6375	6.78	5.54
25.10.2021	36.60	41.56666667	11.90	22.94
26.10.2021	39.60	70.6875	23.48	30.93
27.10.2021	20.02	52.89166667	9.56	14.71
28.10.2021	18.31	32.60416667	8.03	7.83
29.10.2021	12.64	50.8375	10.22	5.01
30.10.2021	39.92	49.85833333	25.31	28.48
31.10.2021	35.28	55.00416667	21.37	22.93
01.11.2021	38.68	16.525	38.62	31.80
02.11.2021	40.93	19.32916667	10.13	25.21
03.11.2021	36.70	67.25	18.98	26.32
04.11.2021	35.08	56.0375	28.43	29.83
05.11.2021	9.82	31.49166667	13.94	10.47
06.11.2021	25.86	35.19166667	18.43	18.75
07.11.2021	25.49	20.33333333	20.17	15.92
08.11.2021	26.14	26.91666667	18.58	24.48
09.11.2021	15.37	31.4	15.97	12.20
10.11.2021	9.23	14.4	15.95	6.17
11.11.2021	7.30	14.64166667	17.48	11.38
12.11.2021	14.44	23.8	16.50	14.69
13.11.2021	12.46	18.00416667	14.97	14.19
14.11.2021	18.07	32.32083333	19.13	20.78
15.11.2021	8.11	20.875	5.26	4.87
16.11.2021	4.78	11.03333333	7.20	6.15
17.11.2021	15.73	17.85833333	10.51	5.27
18.11.2021	3.76	11.82916667	7.66	4.49
19.11.2021	5.12	8.916666667	5.68	3.81
20.11.2021	8.72	12.12083333	7.92	5.76
21.11.2021	7.22	11.13333333	14.37	10.63
22.11.2021	2.39	11.72083333	10.15	2.44
23.11.2021	3.90	12.69166667	10.35	3.82
24.11.2021	2.06	7.575	3.00	1.21
25.11.2021	5.45	10.95	9.86	6.69
26.11.2021	7.11	32.225	9.11	8.06
27.11.2021	6.76	7.145833333	8.71	6.90
28.11.2021	3.80	17.3625	7.73	5.99
29.11.2021	5.32	8.8875	7.43	3.28
30.11.2021	1.79	7.208333333	3.07	5.21
01.12.2021	1.58	19.62916667	2.89	8.17
02.12.2021	0.57	7.4625	4.03	2.91
03.12.2021	0.35	17.8625	2.35	6.54
04.12.2021	3.99	7.820833333	1.23	3.54
05.12.2021	4.61	7.558333333	7.50	1.50
06.12.2021	4.10	9.483333333	7.30	2.99
07.12.2021	2.63	6.2	7.82	5.17
08.12.2021	4.50	5.4625	5.78	4.35
09.12.2021	4.80	5.791666667	6.26	5.34
10.12.2021	2.44	23.0875	5.01	4.99
11.12.2021	2.64	10.28333333	5.15	2.80
12.12.2021	2.19	6.441666667	3.46	1.45
13.12.2021	2.83	5.070833333	4.70	1.99
14.12.2021	2.72	4.65	3.68	0.55
15.12.2021	2.67	4.445833333	3.64	0.95
16.12.2021	5.24	4.4875	6.09	2.06
17.12.2021	2.45	8.1375	5.38	2.09
18.12.2021	2.99	6.1125	2.93	5.72
19.12.2021	3.14	14.20833333	4.59	1.40
20.12.2021	2.33	4.6625	4.46	3.15
21.12.2021	2.50	5.3625	5.59	2.65
22.12.2021	2.77	5.054166667	1.54	0.73
23.12.2021	2.59	23.6875	1.54	1.99
24.12.2021	0.49	16.94166667	4.83	2.78
25.12.2021	0.19	5.4375	2.33	2.54
26.12.2021	1.71	5.0625	1.89	4.12
27.12.2021	1.44	7.195833333	2.50	4.10
28.12.2021	4.63	7.3625	1.28	3.10
29.12.2021	4.92	10.39166667	1.92	3.26
30.12.2021	0.83	6.808333333	1.54	3.41
31.12.2021	0.20	9.795833333	5.79	0.97
01.01.2022	0.98	6.770833333	4.09	2.60
02.01.2022	6.63	5.108333333	5.04	0.40
03.01.2022	1.64	5.841666667	3.37	0.02
04.01.2022	5.42	10.7625	2.40	6.66
05.01.2022	0.54	5.6375	7.13	3.60
06.01.2022	0.86	26.3625	10.39	6.91
07.01.2022	5.13	7.9875	5.49	5.78
08.01.2022	3.21	29.35416667	4.25	3.38
09.01.2022	2.97	20.84583333	10.12	4.75
10.01.2022	7.13	26.6875	13.09	6.68
11.01.2022	6.60	7.258333333	8.83	6.28
12.01.2022	1.34	8.9625	2.83	0.32
13.01.2022	2.23	6.879166667	6.58	0.08
14.01.2022	3.32	7.266666667	8.25	2.82
15.01.2022	6.12	12.22916667	3.73	6.05
16.01.2022	5.53	13.2875	8.13	2.23
17.01.2022	6.18	22.77083333	10.03	4.71
18.01.2022	1.93	10.32083333	4.89	0.11
19.01.2022	2.39	9.041666667	5.56	2.10
20.01.2022	4.70	11.54166667	11.18	9.95
21.01.2022	0.95	25.375	9.95	6.31
22.01.2022	9.06	13.4875	7.52	9.87
23.01.2022	13.11	18.625	7.84	1.94
24.01.2022	9.47	15.02083333	8.55	10.50
25.01.2022	9.74	13.67916667	9.22	9.11
26.01.2022	8.00	12.8875	10.05	8.01
27.01.2022	7.70	9.616666667	10.98	2.28
28.01.2022	8.03	16.60416667	10.28	4.18
29.01.2022	3.51	11.95	3.23	1.22
30.01.2022	5.95	16.30416667	16.32	16.04
31.01.2022	12.23	17.96666667	9.50	9.47
01.02.2022	2.41	19	3.85	11.15
02.02.2022	2.27	23.96666667	4.74	19.85
03.02.2022	8.05	24.70833333	2.33	6.23
04.02.2022	13.89	15.32916667	11.75	9.02
05.02.2022	17.94	22.29583333	3.49	9.50
06.02.2022	18.20	31.825	4.96	16.69
