network	Qstats	Qstats	Qstats	Qstats	Qstats	Qstats	Qstats	Qstats	Qstats	Qstats
name	Grasdøla	Strynsvatn	Glomsdøla	Erdaselva	Sunndøla	Strynevasssdaget	Strynevassdraget2	Grasdøla2	Skjerdingsdøla	Hjelledøla
STNR	88.15.0	88.11.0	A	B	C	D	E	F	G	H
point id	6	5	51	52	53	54	57	58	59	60
Missing	-99	-99	-99	-99	-99	-99	-99	-99	-99	-99
RefSystem	utm-33n	utm-33n	utm-33n	utm-33n	utm-33n	utm-33n	utm-33n	utm-33n	utm-33n	utm-33n
Catchment Area	34.20	497.00	39.5	80.5	66.5	60.4	36.1	2	3.6	236
Xcoord	94683	74334	85319	85751	89532	93237	93944	93962	93216	86466
Ycoord	6894729	6893688	6890359	6887838	6890002	6891097	6893783	6893745	6891129	6889962
Nobs	15378	15377	15378	15378	15378	15378	15378	15378	15378	15378
01.01.1980	0.153	-99	-99	-99	-99	-99	-99	-99	-99	-99
02.01.1980	0.153	-99	-99	-99	-99	-99	-99	-99	-99	-99
03.01.1980	0.138	-99	-99	-99	-99	-99	-99	-99	-99	-99
04.01.1980	0.138	-99	-99	-99	-99	-99	-99	-99	-99	-99
05.01.1980	0.138	-99	-99	-99	-99	-99	-99	-99	-99	-99
06.01.1980	0.124	-99	-99	-99	-99	-99	-99	-99	-99	-99
07.01.1980	0.124	-99	-99	-99	-99	-99	-99	-99	-99	-99
08.01.1980	0.124	-99	-99	-99	-99	-99	-99	-99	-99	-99
09.01.1980	0.111	-99	-99	-99	-99	-99	-99	-99	-99	-99
10.01.1980	0.111	-99	-99	-99	-99	-99	-99	-99	-99	-99
11.01.1980	0.111	-99	-99	-99	-99	-99	-99	-99	-99	-99
12.01.1980	0.996	-99	-99	-99	-99	-99	-99	-99	-99	-99
13.01.1980	0.996	-99	-99	-99	-99	-99	-99	-99	-99	-99
14.01.1980	0.996	-99	-99	-99	-99	-99	-99	-99	-99	-99
15.01.1980	0.996	-99	-99	-99	-99	-99	-99	-99	-99	-99
16.01.1980	0.996	-99	-99	-99	-99	-99	-99	-99	-99	-99
17.01.1980	0.996	-99	-99	-99	-99	-99	-99	-99	-99	-99
18.01.1980	0.996	-99	-99	-99	-99	-99	-99	-99	-99	-99
19.01.1980	0.889	-99	-99	-99	-99	-99	-99	-99	-99	-99
20.01.1980	0.889	-99	-99	-99	-99	-99	-99	-99	-99	-99
21.01.1980	0.889	-99	-99	-99	-99	-99	-99	-99	-99	-99
22.01.1980	0.889	-99	-99	-99	-99	-99	-99	-99	-99	-99
23.01.1980	0.889	-99	-99	-99	-99	-99	-99	-99	-99	-99
24.01.1980	0.889	-99	-99	-99	-99	-99	-99	-99	-99	-99
25.01.1980	0.889	-99	-99	-99	-99	-99	-99	-99	-99	-99
26.01.1980	0.889	-99	-99	-99	-99	-99	-99	-99	-99	-99
27.01.1980	0.889	-99	-99	-99	-99	-99	-99	-99	-99	-99
28.01.1980	0.889	-99	-99	-99	-99	-99	-99	-99	-99	-99
29.01.1980	0.889	-99	-99	-99	-99	-99	-99	-99	-99	-99
30.01.1980	0.79	-99	-99	-99	-99	-99	-99	-99	-99	-99
31.01.1980	0.79	-99	-99	-99	-99	-99	-99	-99	-99	-99
01.02.1980	0.79	-99	-99	-99	-99	-99	-99	-99	-99	-99
02.02.1980	0.79	-99	-99	-99	-99	-99	-99	-99	-99	-99
03.02.1980	0.79	-99	-99	-99	-99	-99	-99	-99	-99	-99
04.02.1980	0.79	-99	-99	-99	-99	-99	-99	-99	-99	-99
05.02.1980	0.79	-99	-99	-99	-99	-99	-99	-99	-99	-99
06.02.1980	0.79	-99	-99	-99	-99	-99	-99	-99	-99	-99
07.02.1980	0.79	-99	-99	-99	-99	-99	-99	-99	-99	-99
08.02.1980	0.79	-99	-99	-99	-99	-99	-99	-99	-99	-99
09.02.1980	0.79	-99	-99	-99	-99	-99	-99	-99	-99	-99
10.02.1980	0.79	-99	-99	-99	-99	-99	-99	-99	-99	-99
11.02.1980	0.701	-99	-99	-99	-99	-99	-99	-99	-99	-99
12.02.1980	0.701	-99	-99	-99	-99	-99	-99	-99	-99	-99
13.02.1980	0.701	-99	-99	-99	-99	-99	-99	-99	-99	-99
14.02.1980	0.701	-99	-99	-99	-99	-99	-99	-99	-99	-99
15.02.1980	0.701	-99	-99	-99	-99	-99	-99	-99	-99	-99
16.02.1980	0.701	-99	-99	-99	-99	-99	-99	-99	-99	-99
17.02.1980	0.701	-99	-99	-99	-99	-99	-99	-99	-99	-99
18.02.1980	0.701	-99	-99	-99	-99	-99	-99	-99	-99	-99
19.02.1980	0.701	-99	-99	-99	-99	-99	-99	-99	-99	-99
20.02.1980	0.701	-99	-99	-99	-99	-99	-99	-99	-99	-99
21.02.1980	0.701	-99	-99	-99	-99	-99	-99	-99	-99	-99
22.02.1980	0.619	-99	-99	-99	-99	-99	-99	-99	-99	-99
23.02.1980	0.619	-99	-99	-99	-99	-99	-99	-99	-99	-99
24.02.1980	0.619	-99	-99	-99	-99	-99	-99	-99	-99	-99
25.02.1980	0.619	-99	-99	-99	-99	-99	-99	-99	-99	-99
26.02.1980	0.619	-99	-99	-99	-99	-99	-99	-99	-99	-99
27.02.1980	0.619	-99	-99	-99	-99	-99	-99	-99	-99	-99
28.02.1980	0.79	-99	-99	-99	-99	-99	-99	-99	-99	-99
29.02.1980	0.996	-99	-99	-99	-99	-99	-99	-99	-99	-99
01.03.1980	0.996	-99	-99	-99	-99	-99	-99	-99	-99	-99
02.03.1980	0.996	-99	-99	-99	-99	-99	-99	-99	-99	-99
03.03.1980	0.889	-99	-99	-99	-99	-99	-99	-99	-99	-99
04.03.1980	0.889	-99	-99	-99	-99	-99	-99	-99	-99	-99
05.03.1980	0.889	-99	-99	-99	-99	-99	-99	-99	-99	-99
06.03.1980	0.889	-99	-99	-99	-99	-99	-99	-99	-99	-99
07.03.1980	0.889	-99	-99	-99	-99	-99	-99	-99	-99	-99
08.03.1980	0.79	-99	-99	-99	-99	-99	-99	-99	-99	-99
09.03.1980	0.79	-99	-99	-99	-99	-99	-99	-99	-99	-99
10.03.1980	0.79	-99	-99	-99	-99	-99	-99	-99	-99	-99
11.03.1980	0.79	-99	-99	-99	-99	-99	-99	-99	-99	-99
12.03.1980	0.79	-99	-99	-99	-99	-99	-99	-99	-99	-99
13.03.1980	0.79	-99	-99	-99	-99	-99	-99	-99	-99	-99
14.03.1980	0.701	-99	-99	-99	-99	-99	-99	-99	-99	-99
15.03.1980	0.701	-99	-99	-99	-99	-99	-99	-99	-99	-99
16.03.1980	0.701	-99	-99	-99	-99	-99	-99	-99	-99	-99
17.03.1980	0.701	-99	-99	-99	-99	-99	-99	-99	-99	-99
18.03.1980	0.701	-99	-99	-99	-99	-99	-99	-99	-99	-99
19.03.1980	0.619	-99	-99	-99	-99	-99	-99	-99	-99	-99
20.03.1980	0.619	-99	-99	-99	-99	-99	-99	-99	-99	-99
21.03.1980	0.619	-99	-99	-99	-99	-99	-99	-99	-99	-99
22.03.1980	0.619	-99	-99	-99	-99	-99	-99	-99	-99	-99
23.03.1980	0.619	-99	-99	-99	-99	-99	-99	-99	-99	-99
24.03.1980	0.545	-99	-99	-99	-99	-99	-99	-99	-99	-99
25.03.1980	0.545	-99	-99	-99	-99	-99	-99	-99	-99	-99
26.03.1980	0.545	-99	-99	-99	-99	-99	-99	-99	-99	-99
27.03.1980	0.545	-99	-99	-99	-99	-99	-99	-99	-99	-99
28.03.1980	0.545	-99	-99	-99	-99	-99	-99	-99	-99	-99
29.03.1980	0.545	-99	-99	-99	-99	-99	-99	-99	-99	-99
30.03.1980	0.545	-99	-99	-99	-99	-99	-99	-99	-99	-99
31.03.1980	0.619	-99	-99	-99	-99	-99	-99	-99	-99	-99
01.04.1980	0.619	-99	-99	-99	-99	-99	-99	-99	-99	-99
02.04.1980	0.619	-99	-99	-99	-99	-99	-99	-99	-99	-99
03.04.1980	0.619	-99	-99	-99	-99	-99	-99	-99	-99	-99
04.04.1980	0.701	-99	-99	-99	-99	-99	-99	-99	-99	-99
05.04.1980	0.701	-99	-99	-99	-99	-99	-99	-99	-99	-99
06.04.1980	0.701	-99	-99	-99	-99	-99	-99	-99	-99	-99
07.04.1980	0.701	-99	-99	-99	-99	-99	-99	-99	-99	-99
08.04.1980	0.79	-99	-99	-99	-99	-99	-99	-99	-99	-99
09.04.1980	0.996	-99	-99	-99	-99	-99	-99	-99	-99	-99
10.04.1980	0.996	-99	-99	-99	-99	-99	-99	-99	-99	-99
11.04.1980	0.153	-99	-99	-99	-99	-99	-99	-99	-99	-99
12.04.1980	0.187	-99	-99	-99	-99	-99	-99	-99	-99	-99
13.04.1980	0.206	-99	-99	-99	-99	-99	-99	-99	-99	-99
14.04.1980	0.206	-99	-99	-99	-99	-99	-99	-99	-99	-99
15.04.1980	0.248	-99	-99	-99	-99	-99	-99	-99	-99	-99
16.04.1980	0.297	-99	-99	-99	-99	-99	-99	-99	-99	-99
17.04.1980	0.297	-99	-99	-99	-99	-99	-99	-99	-99	-99
18.04.1980	0.248	-99	-99	-99	-99	-99	-99	-99	-99	-99
19.04.1980	0.272	-99	-99	-99	-99	-99	-99	-99	-99	-99
20.04.1980	0.272	-99	-99	-99	-99	-99	-99	-99	-99	-99
21.04.1980	0.248	-99	-99	-99	-99	-99	-99	-99	-99	-99
22.04.1980	0.226	-99	-99	-99	-99	-99	-99	-99	-99	-99
23.04.1980	0.206	-99	-99	-99	-99	-99	-99	-99	-99	-99
24.04.1980	0.206	-99	-99	-99	-99	-99	-99	-99	-99	-99
25.04.1980	0.206	-99	-99	-99	-99	-99	-99	-99	-99	-99
26.04.1980	0.272	-99	-99	-99	-99	-99	-99	-99	-99	-99
27.04.1980	1.769	-99	-99	-99	-99	-99	-99	-99	-99	-99
28.04.1980	1.389	-99	-99	-99	-99	-99	-99	-99	-99	-99
29.04.1980	1.305	-99	-99	-99	-99	-99	-99	-99	-99	-99
30.04.1980	1.225	-99	-99	-99	-99	-99	-99	-99	-99	-99
01.05.1980	1.149	-99	-99	-99	-99	-99	-99	-99	-99	-99
02.05.1980	1.478	-99	-99	-99	-99	-99	-99	-99	-99	-99
03.05.1980	1.667	-99	-99	-99	-99	-99	-99	-99	-99	-99
04.05.1980	1.874	-99	-99	-99	-99	-99	-99	-99	-99	-99
05.05.1980	1.874	-99	-99	-99	-99	-99	-99	-99	-99	-99
06.05.1980	2.101	-99	-99	-99	-99	-99	-99	-99	-99	-99
07.05.1980	1.985	-99	-99	-99	-99	-99	-99	-99	-99	-99
08.05.1980	1.305	-99	-99	-99	-99	-99	-99	-99	-99	-99
09.05.1980	0.942	-99	-99	-99	-99	-99	-99	-99	-99	-99
10.05.1980	0.821	-99	-99	-99	-99	-99	-99	-99	-99	-99
11.05.1980	0.712	-99	-99	-99	-99	-99	-99	-99	-99	-99
12.05.1980	0.942	-99	-99	-99	-99	-99	-99	-99	-99	-99
13.05.1980	1.57	-99	-99	-99	-99	-99	-99	-99	-99	-99
14.05.1980	1.985	-99	-99	-99	-99	-99	-99	-99	-99	-99
15.05.1980	2.762	-99	-99	-99	-99	-99	-99	-99	-99	-99
16.05.1980	3.228	-99	-99	-99	-99	-99	-99	-99	-99	-99
17.05.1980	3.754	-99	-99	-99	-99	-99	-99	-99	-99	-99
18.05.1980	4.343	-99	-99	-99	-99	-99	-99	-99	-99	-99
19.05.1980	5.237	-99	-99	-99	-99	-99	-99	-99	-99	-99
20.05.1980	4.774	-99	-99	-99	-99	-99	-99	-99	-99	-99
21.05.1980	4.343	-99	-99	-99	-99	-99	-99	-99	-99	-99
22.05.1980	3.572	-99	-99	-99	-99	-99	-99	-99	-99	-99
23.05.1980	2.911	-99	-99	-99	-99	-99	-99	-99	-99	-99
24.05.1980	3.228	-99	-99	-99	-99	-99	-99	-99	-99	-99
25.05.1980	4.14	-99	-99	-99	-99	-99	-99	-99	-99	-99
26.05.1980	3.754	-99	-99	-99	-99	-99	-99	-99	-99	-99
27.05.1980	3.228	-99	-99	-99	-99	-99	-99	-99	-99	-99
28.05.1980	3.228	-99	-99	-99	-99	-99	-99	-99	-99	-99
29.05.1980	4.14	-99	-99	-99	-99	-99	-99	-99	-99	-99
30.05.1980	5.997	-99	-99	-99	-99	-99	-99	-99	-99	-99
31.05.1980	5.997	-99	-99	-99	-99	-99	-99	-99	-99	-99
01.06.1980	5.482	-99	-99	-99	-99	-99	-99	-99	-99	-99
02.06.1980	5.238	-99	-99	-99	-99	-99	-99	-99	-99	-99
03.06.1980	5.238	-99	-99	-99	-99	-99	-99	-99	-99	-99
04.06.1980	5.997	-99	-99	-99	-99	-99	-99	-99	-99	-99
05.06.1980	7.138	-99	-99	-99	-99	-99	-99	-99	-99	-99
06.06.1980	8.44	-99	-99	-99	-99	-99	-99	-99	-99	-99
07.06.1980	9.919	-99	-99	-99	-99	-99	-99	-99	-99	-99
08.06.1980	9.532	-99	-99	-99	-99	-99	-99	-99	-99	-99
09.06.1980	8.793	-99	-99	-99	-99	-99	-99	-99	-99	-99
10.06.1980	7.768	-99	-99	-99	-99	-99	-99	-99	-99	-99
11.06.1980	7.768	-99	-99	-99	-99	-99	-99	-99	-99	-99
12.06.1980	6.548	-99	-99	-99	-99	-99	-99	-99	-99	-99
13.06.1980	6.268	-99	-99	-99	-99	-99	-99	-99	-99	-99
14.06.1980	6.548	-99	-99	-99	-99	-99	-99	-99	-99	-99
15.06.1980	6.838	-99	-99	-99	-99	-99	-99	-99	-99	-99
16.06.1980	7.448	-99	-99	-99	-99	-99	-99	-99	-99	-99
17.06.1980	6.548	-99	-99	-99	-99	-99	-99	-99	-99	-99
18.06.1980	6.268	-99	-99	-99	-99	-99	-99	-99	-99	-99
19.06.1980	6.268	-99	-99	-99	-99	-99	-99	-99	-99	-99
20.06.1980	5.997	-99	-99	-99	-99	-99	-99	-99	-99	-99
21.06.1980	5.735	-99	-99	-99	-99	-99	-99	-99	-99	-99
22.06.1980	5.237	-99	-99	-99	-99	-99	-99	-99	-99	-99
23.06.1980	4.343	-99	-99	-99	-99	-99	-99	-99	-99	-99
24.06.1980	5.237	-99	-99	-99	-99	-99	-99	-99	-99	-99
25.06.1980	4.774	-99	-99	-99	-99	-99	-99	-99	-99	-99
26.06.1980	4.343	-99	-99	-99	-99	-99	-99	-99	-99	-99
27.06.1980	4.14	-99	-99	-99	-99	-99	-99	-99	-99	-99
28.06.1980	4.14	-99	-99	-99	-99	-99	-99	-99	-99	-99
29.06.1980	4.343	-99	-99	-99	-99	-99	-99	-99	-99	-99
30.06.1980	4.14	-99	-99	-99	-99	-99	-99	-99	-99	-99
01.07.1980	3.943	-99	-99	-99	-99	-99	-99	-99	-99	-99
02.07.1980	3.754	-99	-99	-99	-99	-99	-99	-99	-99	-99
03.07.1980	4.14	-99	-99	-99	-99	-99	-99	-99	-99	-99
04.07.1980	4.14	-99	-99	-99	-99	-99	-99	-99	-99	-99
05.07.1980	4.774	-99	-99	-99	-99	-99	-99	-99	-99	-99
06.07.1980	4.343	-99	-99	-99	-99	-99	-99	-99	-99	-99
07.07.1980	4.343	-99	-99	-99	-99	-99	-99	-99	-99	-99
08.07.1980	4.343	-99	-99	-99	-99	-99	-99	-99	-99	-99
09.07.1980	4.14	-99	-99	-99	-99	-99	-99	-99	-99	-99
10.07.1980	3.943	-99	-99	-99	-99	-99	-99	-99	-99	-99
11.07.1980	3.572	-99	-99	-99	-99	-99	-99	-99	-99	-99
12.07.1980	3.228	-99	-99	-99	-99	-99	-99	-99	-99	-99
13.07.1980	3.397	-99	-99	-99	-99	-99	-99	-99	-99	-99
14.07.1980	3.943	-99	-99	-99	-99	-99	-99	-99	-99	-99
15.07.1980	4.14	-99	-99	-99	-99	-99	-99	-99	-99	-99
16.07.1980	3.754	-99	-99	-99	-99	-99	-99	-99	-99	-99
17.07.1980	4.14	-99	-99	-99	-99	-99	-99	-99	-99	-99
18.07.1980	3.572	-99	-99	-99	-99	-99	-99	-99	-99	-99
19.07.1980	3.228	-99	-99	-99	-99	-99	-99	-99	-99	-99
20.07.1980	3.397	-99	-99	-99	-99	-99	-99	-99	-99	-99
21.07.1980	4.555	-99	-99	-99	-99	-99	-99	-99	-99	-99
22.07.1980	4.555	-99	-99	-99	-99	-99	-99	-99	-99	-99
23.07.1980	3.397	-99	-99	-99	-99	-99	-99	-99	-99	-99
24.07.1980	3.67	-99	-99	-99	-99	-99	-99	-99	-99	-99
25.07.1980	2.762	-99	-99	-99	-99	-99	-99	-99	-99	-99
26.07.1980	2.762	-99	-99	-99	-99	-99	-99	-99	-99	-99
27.07.1980	3.67	-99	-99	-99	-99	-99	-99	-99	-99	-99
28.07.1980	3.397	-99	-99	-99	-99	-99	-99	-99	-99	-99
29.07.1980	3.572	-99	-99	-99	-99	-99	-99	-99	-99	-99
30.07.1980	3.572	-99	-99	-99	-99	-99	-99	-99	-99	-99
31.07.1980	3.572	-99	-99	-99	-99	-99	-99	-99	-99	-99
01.08.1980	3.397	-99	-99	-99	-99	-99	-99	-99	-99	-99
02.08.1980	3.67	-99	-99	-99	-99	-99	-99	-99	-99	-99
03.08.1980	3.228	-99	-99	-99	-99	-99	-99	-99	-99	-99
04.08.1980	2.911	-99	-99	-99	-99	-99	-99	-99	-99	-99
05.08.1980	3.397	-99	-99	-99	-99	-99	-99	-99	-99	-99
06.08.1980	4.343	-99	-99	-99	-99	-99	-99	-99	-99	-99
07.08.1980	3.754	-99	-99	-99	-99	-99	-99	-99	-99	-99
08.08.1980	2.762	-99	-99	-99	-99	-99	-99	-99	-99	-99
09.08.1980	2.222	-99	-99	-99	-99	-99	-99	-99	-99	-99
10.08.1980	1.874	-99	-99	-99	-99	-99	-99	-99	-99	-99
11.08.1980	1.667	-99	-99	-99	-99	-99	-99	-99	-99	-99
12.08.1980	1.768	-99	-99	-99	-99	-99	-99	-99	-99	-99
13.08.1980	1.768	-99	-99	-99	-99	-99	-99	-99	-99	-99
14.08.1980	1.985	-99	-99	-99	-99	-99	-99	-99	-99	-99
15.08.1980	2.222	-99	-99	-99	-99	-99	-99	-99	-99	-99
16.08.1980	2.481	-99	-99	-99	-99	-99	-99	-99	-99	-99
17.08.1980	2.618	-99	-99	-99	-99	-99	-99	-99	-99	-99
18.08.1980	2.618	-99	-99	-99	-99	-99	-99	-99	-99	-99
19.08.1980	2.618	-99	-99	-99	-99	-99	-99	-99	-99	-99
20.08.1980	2.618	-99	-99	-99	-99	-99	-99	-99	-99	-99
21.08.1980	2.481	-99	-99	-99	-99	-99	-99	-99	-99	-99
22.08.1980	5.735	-99	-99	-99	-99	-99	-99	-99	-99	-99
23.08.1980	5.238	-99	-99	-99	-99	-99	-99	-99	-99	-99
24.08.1980	3.397	-99	-99	-99	-99	-99	-99	-99	-99	-99
25.08.1980	2.618	-99	-99	-99	-99	-99	-99	-99	-99	-99
26.08.1980	1.985	-99	-99	-99	-99	-99	-99	-99	-99	-99
27.08.1980	1.768	-99	-99	-99	-99	-99	-99	-99	-99	-99
28.08.1980	2.481	-99	-99	-99	-99	-99	-99	-99	-99	-99
29.08.1980	2.222	-99	-99	-99	-99	-99	-99	-99	-99	-99
30.08.1980	1.768	-99	-99	-99	-99	-99	-99	-99	-99	-99
31.08.1980	1.478	-99	-99	-99	-99	-99	-99	-99	-99	-99
01.09.1980	1.305	-99	-99	-99	-99	-99	-99	-99	-99	-99
02.09.1980	2.911	-99	-99	-99	-99	-99	-99	-99	-99	-99
03.09.1980	5.735	-99	-99	-99	-99	-99	-99	-99	-99	-99
04.09.1980	4.774	-99	-99	-99	-99	-99	-99	-99	-99	-99
05.09.1980	3.397	-99	-99	-99	-99	-99	-99	-99	-99	-99
06.09.1980	3.228	-99	-99	-99	-99	-99	-99	-99	-99	-99
07.09.1980	4.343	-99	-99	-99	-99	-99	-99	-99	-99	-99
08.09.1980	6.268	-99	-99	-99	-99	-99	-99	-99	-99	-99
09.09.1980	5.997	-99	-99	-99	-99	-99	-99	-99	-99	-99
10.09.1980	4.343	-99	-99	-99	-99	-99	-99	-99	-99	-99
11.09.1980	3.67	-99	-99	-99	-99	-99	-99	-99	-99	-99
12.09.1980	2.222	-99	-99	-99	-99	-99	-99	-99	-99	-99
13.09.1980	1.768	-99	-99	-99	-99	-99	-99	-99	-99	-99
14.09.1980	2.481	-99	-99	-99	-99	-99	-99	-99	-99	-99
15.09.1980	3.228	-99	-99	-99	-99	-99	-99	-99	-99	-99
16.09.1980	2.101	-99	-99	-99	-99	-99	-99	-99	-99	-99
17.09.1980	2.618	-99	-99	-99	-99	-99	-99	-99	-99	-99
18.09.1980	2.911	-99	-99	-99	-99	-99	-99	-99	-99	-99
19.09.1980	2.222	-99	-99	-99	-99	-99	-99	-99	-99	-99
20.09.1980	2.911	-99	-99	-99	-99	-99	-99	-99	-99	-99
21.09.1980	2.349	-99	-99	-99	-99	-99	-99	-99	-99	-99
22.09.1980	1.985	-99	-99	-99	-99	-99	-99	-99	-99	-99
23.09.1980	1.667	-99	-99	-99	-99	-99	-99	-99	-99	-99
24.09.1980	1.667	-99	-99	-99	-99	-99	-99	-99	-99	-99
25.09.1980	1.768	-99	-99	-99	-99	-99	-99	-99	-99	-99
26.09.1980	1.57	-99	-99	-99	-99	-99	-99	-99	-99	-99
27.09.1980	1.305	-99	-99	-99	-99	-99	-99	-99	-99	-99
28.09.1980	1.768	-99	-99	-99	-99	-99	-99	-99	-99	-99
29.09.1980	1.985	-99	-99	-99	-99	-99	-99	-99	-99	-99
30.09.1980	3.572	-99	-99	-99	-99	-99	-99	-99	-99	-99
01.10.1980	2.762	-99	-99	-99	-99	-99	-99	-99	-99	-99
02.10.1980	2.481	-99	-99	-99	-99	-99	-99	-99	-99	-99
03.10.1980	1.874	-99	-99	-99	-99	-99	-99	-99	-99	-99
04.10.1980	2.222	-99	-99	-99	-99	-99	-99	-99	-99	-99
05.10.1980	1.768	-99	-99	-99	-99	-99	-99	-99	-99	-99
06.10.1980	1.389	-99	-99	-99	-99	-99	-99	-99	-99	-99
07.10.1980	1.389	-99	-99	-99	-99	-99	-99	-99	-99	-99
08.10.1980	1.225	-99	-99	-99	-99	-99	-99	-99	-99	-99
09.10.1980	1.769	-99	-99	-99	-99	-99	-99	-99	-99	-99
10.10.1980	0.88	-99	-99	-99	-99	-99	-99	-99	-99	-99
11.10.1980	0.821	-99	-99	-99	-99	-99	-99	-99	-99	-99
12.10.1980	0.712	-99	-99	-99	-99	-99	-99	-99	-99	-99
13.10.1980	0.662	-99	-99	-99	-99	-99	-99	-99	-99	-99
14.10.1980	0.571	-99	-99	-99	-99	-99	-99	-99	-99	-99
15.10.1980	0.452	-99	-99	-99	-99	-99	-99	-99	-99	-99
16.10.1980	0.384	-99	-99	-99	-99	-99	-99	-99	-99	-99
17.10.1980	0.324	-99	-99	-99	-99	-99	-99	-99	-99	-99
18.10.1980	0.324	-99	-99	-99	-99	-99	-99	-99	-99	-99
19.10.1980	0.324	-99	-99	-99	-99	-99	-99	-99	-99	-99
20.10.1980	0.417	-99	-99	-99	-99	-99	-99	-99	-99	-99
21.10.1980	0.384	-99	-99	-99	-99	-99	-99	-99	-99	-99
22.10.1980	0.384	-99	-99	-99	-99	-99	-99	-99	-99	-99
23.10.1980	0.353	-99	-99	-99	-99	-99	-99	-99	-99	-99
24.10.1980	0.324	-99	-99	-99	-99	-99	-99	-99	-99	-99
25.10.1980	0.272	-99	-99	-99	-99	-99	-99	-99	-99	-99
26.10.1980	0.248	-99	-99	-99	-99	-99	-99	-99	-99	-99
27.10.1980	0.226	-99	-99	-99	-99	-99	-99	-99	-99	-99
28.10.1980	0.206	-99	-99	-99	-99	-99	-99	-99	-99	-99
29.10.1980	0.206	-99	-99	-99	-99	-99	-99	-99	-99	-99
30.10.1980	0.187	-99	-99	-99	-99	-99	-99	-99	-99	-99
31.10.1980	0.187	-99	-99	-99	-99	-99	-99	-99	-99	-99
01.11.1980	0.169	-99	-99	-99	-99	-99	-99	-99	-99	-99
02.11.1980	0.153	-99	-99	-99	-99	-99	-99	-99	-99	-99
03.11.1980	0.153	-99	-99	-99	-99	-99	-99	-99	-99	-99
04.11.1980	0.138	-99	-99	-99	-99	-99	-99	-99	-99	-99
05.11.1980	0.138	-99	-99	-99	-99	-99	-99	-99	-99	-99
06.11.1980	0.124	-99	-99	-99	-99	-99	-99	-99	-99	-99
07.11.1980	0.124	-99	-99	-99	-99	-99	-99	-99	-99	-99
08.11.1980	0.124	-99	-99	-99	-99	-99	-99	-99	-99	-99
09.11.1980	0.124	-99	-99	-99	-99	-99	-99	-99	-99	-99
10.11.1980	0.138	-99	-99	-99	-99	-99	-99	-99	-99	-99
11.11.1980	0.138	-99	-99	-99	-99	-99	-99	-99	-99	-99
12.11.1980	0.153	-99	-99	-99	-99	-99	-99	-99	-99	-99
13.11.1980	0.153	-99	-99	-99	-99	-99	-99	-99	-99	-99
14.11.1980	0.153	-99	-99	-99	-99	-99	-99	-99	-99	-99
15.11.1980	0.169	-99	-99	-99	-99	-99	-99	-99	-99	-99
16.11.1980	0.169	-99	-99	-99	-99	-99	-99	-99	-99	-99
17.11.1980	0.187	-99	-99	-99	-99	-99	-99	-99	-99	-99
18.11.1980	0.206	-99	-99	-99	-99	-99	-99	-99	-99	-99
19.11.1980	0.226	-99	-99	-99	-99	-99	-99	-99	-99	-99
20.11.1980	0.248	-99	-99	-99	-99	-99	-99	-99	-99	-99
21.11.1980	0.272	-99	-99	-99	-99	-99	-99	-99	-99	-99
22.11.1980	0.452	-99	-99	-99	-99	-99	-99	-99	-99	-99
23.11.1980	1.305	-99	-99	-99	-99	-99	-99	-99	-99	-99
24.11.1980	1.805	-99	-99	-99	-99	-99	-99	-99	-99	-99
25.11.1980	1.805	-99	-99	-99	-99	-99	-99	-99	-99	-99
26.11.1980	0.942	-99	-99	-99	-99	-99	-99	-99	-99	-99
27.11.1980	0.88	-99	-99	-99	-99	-99	-99	-99	-99	-99
28.11.1980	0.821	-99	-99	-99	-99	-99	-99	-99	-99	-99
29.11.1980	0.765	-99	-99	-99	-99	-99	-99	-99	-99	-99
30.11.1980	0.712	-99	-99	-99	-99	-99	-99	-99	-99	-99
01.12.1980	0.662	-99	-99	-99	-99	-99	-99	-99	-99	-99
02.12.1980	0.615	-99	-99	-99	-99	-99	-99	-99	-99	-99
03.12.1980	0.571	-99	-99	-99	-99	-99	-99	-99	-99	-99
04.12.1980	0.571	-99	-99	-99	-99	-99	-99	-99	-99	-99
05.12.1980	0.529	-99	-99	-99	-99	-99	-99	-99	-99	-99
06.12.1980	0.489	-99	-99	-99	-99	-99	-99	-99	-99	-99
07.12.1980	0.452	-99	-99	-99	-99	-99	-99	-99	-99	-99
08.12.1980	0.417	-99	-99	-99	-99	-99	-99	-99	-99	-99
09.12.1980	0.384	-99	-99	-99	-99	-99	-99	-99	-99	-99
10.12.1980	0.353	-99	-99	-99	-99	-99	-99	-99	-99	-99
11.12.1980	0.324	-99	-99	-99	-99	-99	-99	-99	-99	-99
12.12.1980	0.297	-99	-99	-99	-99	-99	-99	-99	-99	-99
13.12.1980	0.297	-99	-99	-99	-99	-99	-99	-99	-99	-99
14.12.1980	0.297	-99	-99	-99	-99	-99	-99	-99	-99	-99
15.12.1980	0.297	-99	-99	-99	-99	-99	-99	-99	-99	-99
16.12.1980	0.297	-99	-99	-99	-99	-99	-99	-99	-99	-99
17.12.1980	0.297	-99	-99	-99	-99	-99	-99	-99	-99	-99
18.12.1980	0.297	-99	-99	-99	-99	-99	-99	-99	-99	-99
19.12.1980	0.297	-99	-99	-99	-99	-99	-99	-99	-99	-99
20.12.1980	0.297	-99	-99	-99	-99	-99	-99	-99	-99	-99
21.12.1980	0.297	-99	-99	-99	-99	-99	-99	-99	-99	-99
22.12.1980	0.297	-99	-99	-99	-99	-99	-99	-99	-99	-99
23.12.1980	0.297	-99	-99	-99	-99	-99	-99	-99	-99	-99
24.12.1980	0.297	-99	-99	-99	-99	-99	-99	-99	-99	-99
25.12.1980	0.297	-99	-99	-99	-99	-99	-99	-99	-99	-99
26.12.1980	0.297	-99	-99	-99	-99	-99	-99	-99	-99	-99
27.12.1980	0.297	-99	-99	-99	-99	-99	-99	-99	-99	-99
28.12.1980	0.297	-99	-99	-99	-99	-99	-99	-99	-99	-99
29.12.1980	0.297	-99	-99	-99	-99	-99	-99	-99	-99	-99
30.12.1980	0.297	-99	-99	-99	-99	-99	-99	-99	-99	-99
31.12.1980	0.297	-99	-99	-99	-99	-99	-99	-99	-99	-99
01.01.1981	0.297	-99	-99	-99	-99	-99	-99	-99	-99	-99
02.01.1981	0.297	-99	-99	-99	-99	-99	-99	-99	-99	-99
03.01.1981	0.297	-99	-99	-99	-99	-99	-99	-99	-99	-99
04.01.1981	0.297	-99	-99	-99	-99	-99	-99	-99	-99	-99
05.01.1981	0.297	-99	-99	-99	-99	-99	-99	-99	-99	-99
06.01.1981	0.297	-99	-99	-99	-99	-99	-99	-99	-99	-99
07.01.1981	0.297	-99	-99	-99	-99	-99	-99	-99	-99	-99
08.01.1981	0.297	-99	-99	-99	-99	-99	-99	-99	-99	-99
09.01.1981	0.297	-99	-99	-99	-99	-99	-99	-99	-99	-99
10.01.1981	0.297	-99	-99	-99	-99	-99	-99	-99	-99	-99
11.01.1981	0.297	-99	-99	-99	-99	-99	-99	-99	-99	-99
12.01.1981	0.297	-99	-99	-99	-99	-99	-99	-99	-99	-99
13.01.1981	0.297	-99	-99	-99	-99	-99	-99	-99	-99	-99
14.01.1981	0.297	-99	-99	-99	-99	-99	-99	-99	-99	-99
15.01.1981	0.297	-99	-99	-99	-99	-99	-99	-99	-99	-99
16.01.1981	0.297	-99	-99	-99	-99	-99	-99	-99	-99	-99
17.01.1981	0.297	-99	-99	-99	-99	-99	-99	-99	-99	-99
18.01.1981	0.297	-99	-99	-99	-99	-99	-99	-99	-99	-99
19.01.1981	0.297	-99	-99	-99	-99	-99	-99	-99	-99	-99
20.01.1981	0.297	-99	-99	-99	-99	-99	-99	-99	-99	-99
21.01.1981	0.297	-99	-99	-99	-99	-99	-99	-99	-99	-99
22.01.1981	0.297	-99	-99	-99	-99	-99	-99	-99	-99	-99
23.01.1981	0.297	-99	-99	-99	-99	-99	-99	-99	-99	-99
24.01.1981	0.297	-99	-99	-99	-99	-99	-99	-99	-99	-99
25.01.1981	0.297	-99	-99	-99	-99	-99	-99	-99	-99	-99
26.01.1981	0.297	-99	-99	-99	-99	-99	-99	-99	-99	-99
27.01.1981	0.297	-99	-99	-99	-99	-99	-99	-99	-99	-99
28.01.1981	0.297	-99	-99	-99	-99	-99	-99	-99	-99	-99
29.01.1981	0.297	-99	-99	-99	-99	-99	-99	-99	-99	-99
30.01.1981	0.417	-99	-99	-99	-99	-99	-99	-99	-99	-99
31.01.1981	0.571	-99	-99	-99	-99	-99	-99	-99	-99	-99
01.02.1981	0.821	-99	-99	-99	-99	-99	-99	-99	-99	-99
02.02.1981	0.765	-99	-99	-99	-99	-99	-99	-99	-99	-99
03.02.1981	0.712	-99	-99	-99	-99	-99	-99	-99	-99	-99
04.02.1981	0.662	-99	-99	-99	-99	-99	-99	-99	-99	-99
05.02.1981	0.615	-99	-99	-99	-99	-99	-99	-99	-99	-99
06.02.1981	0.571	-99	-99	-99	-99	-99	-99	-99	-99	-99
07.02.1981	0.571	-99	-99	-99	-99	-99	-99	-99	-99	-99
08.02.1981	0.571	-99	-99	-99	-99	-99	-99	-99	-99	-99
09.02.1981	0.571	-99	-99	-99	-99	-99	-99	-99	-99	-99
10.02.1981	0.571	-99	-99	-99	-99	-99	-99	-99	-99	-99
11.02.1981	0.571	-99	-99	-99	-99	-99	-99	-99	-99	-99
12.02.1981	0.489	-99	-99	-99	-99	-99	-99	-99	-99	-99
13.02.1981	0.417	-99	-99	-99	-99	-99	-99	-99	-99	-99
14.02.1981	0.353	-99	-99	-99	-99	-99	-99	-99	-99	-99
15.02.1981	0.297	-99	-99	-99	-99	-99	-99	-99	-99	-99
16.02.1981	0.248	-99	-99	-99	-99	-99	-99	-99	-99	-99
17.02.1981	0.206	-99	-99	-99	-99	-99	-99	-99	-99	-99
18.02.1981	0.169	-99	-99	-99	-99	-99	-99	-99	-99	-99
19.02.1981	0.138	-99	-99	-99	-99	-99	-99	-99	-99	-99
20.02.1981	0.111	-99	-99	-99	-99	-99	-99	-99	-99	-99
21.02.1981	0.889	-99	-99	-99	-99	-99	-99	-99	-99	-99
22.02.1981	0.79	-99	-99	-99	-99	-99	-99	-99	-99	-99
23.02.1981	0.889	-99	-99	-99	-99	-99	-99	-99	-99	-99
24.02.1981	0.889	-99	-99	-99	-99	-99	-99	-99	-99	-99
25.02.1981	0.889	-99	-99	-99	-99	-99	-99	-99	-99	-99
26.02.1981	0.889	-99	-99	-99	-99	-99	-99	-99	-99	-99
27.02.1981	0.889	-99	-99	-99	-99	-99	-99	-99	-99	-99
28.02.1981	0.79	-99	-99	-99	-99	-99	-99	-99	-99	-99
01.03.1981	0.79	-99	-99	-99	-99	-99	-99	-99	-99	-99
02.03.1981	0.701	-99	-99	-99	-99	-99	-99	-99	-99	-99
03.03.1981	0.701	-99	-99	-99	-99	-99	-99	-99	-99	-99
04.03.1981	0.701	-99	-99	-99	-99	-99	-99	-99	-99	-99
05.03.1981	0.701	-99	-99	-99	-99	-99	-99	-99	-99	-99
06.03.1981	0.701	-99	-99	-99	-99	-99	-99	-99	-99	-99
07.03.1981	0.701	-99	-99	-99	-99	-99	-99	-99	-99	-99
08.03.1981	0.701	-99	-99	-99	-99	-99	-99	-99	-99	-99
09.03.1981	0.701	-99	-99	-99	-99	-99	-99	-99	-99	-99
10.03.1981	0.701	-99	-99	-99	-99	-99	-99	-99	-99	-99
11.03.1981	0.701	-99	-99	-99	-99	-99	-99	-99	-99	-99
12.03.1981	0.701	-99	-99	-99	-99	-99	-99	-99	-99	-99
13.03.1981	0.701	-99	-99	-99	-99	-99	-99	-99	-99	-99
14.03.1981	0.701	-99	-99	-99	-99	-99	-99	-99	-99	-99
15.03.1981	0.701	-99	-99	-99	-99	-99	-99	-99	-99	-99
16.03.1981	0.701	-99	-99	-99	-99	-99	-99	-99	-99	-99
17.03.1981	0.701	-99	-99	-99	-99	-99	-99	-99	-99	-99
18.03.1981	0.701	-99	-99	-99	-99	-99	-99	-99	-99	-99
19.03.1981	0.701	-99	-99	-99	-99	-99	-99	-99	-99	-99
20.03.1981	0.701	-99	-99	-99	-99	-99	-99	-99	-99	-99
21.03.1981	0.701	-99	-99	-99	-99	-99	-99	-99	-99	-99
22.03.1981	0.701	-99	-99	-99	-99	-99	-99	-99	-99	-99
23.03.1981	0.701	-99	-99	-99	-99	-99	-99	-99	-99	-99
24.03.1981	0.701	-99	-99	-99	-99	-99	-99	-99	-99	-99
25.03.1981	0.701	-99	-99	-99	-99	-99	-99	-99	-99	-99
26.03.1981	0.701	-99	-99	-99	-99	-99	-99	-99	-99	-99
27.03.1981	0.701	-99	-99	-99	-99	-99	-99	-99	-99	-99
28.03.1981	0.701	-99	-99	-99	-99	-99	-99	-99	-99	-99
29.03.1981	0.701	-99	-99	-99	-99	-99	-99	-99	-99	-99
30.03.1981	0.79	-99	-99	-99	-99	-99	-99	-99	-99	-99
31.03.1981	0.996	-99	-99	-99	-99	-99	-99	-99	-99	-99
01.04.1981	0.124	-99	-99	-99	-99	-99	-99	-99	-99	-99
02.04.1981	0.272	-99	-99	-99	-99	-99	-99	-99	-99	-99
03.04.1981	0.353	-99	-99	-99	-99	-99	-99	-99	-99	-99
04.04.1981	0.384	-99	-99	-99	-99	-99	-99	-99	-99	-99
05.04.1981	0.353	-99	-99	-99	-99	-99	-99	-99	-99	-99
06.04.1981	0.324	-99	-99	-99	-99	-99	-99	-99	-99	-99
07.04.1981	0.324	-99	-99	-99	-99	-99	-99	-99	-99	-99
08.04.1981	0.324	-99	-99	-99	-99	-99	-99	-99	-99	-99
09.04.1981	0.272	-99	-99	-99	-99	-99	-99	-99	-99	-99
10.04.1981	0.417	-99	-99	-99	-99	-99	-99	-99	-99	-99
11.04.1981	1.805	-99	-99	-99	-99	-99	-99	-99	-99	-99
12.04.1981	1.149	-99	-99	-99	-99	-99	-99	-99	-99	-99
13.04.1981	0.942	-99	-99	-99	-99	-99	-99	-99	-99	-99
14.04.1981	0.712	-99	-99	-99	-99	-99	-99	-99	-99	-99
15.04.1981	0.571	-99	-99	-99	-99	-99	-99	-99	-99	-99
16.04.1981	0.489	-99	-99	-99	-99	-99	-99	-99	-99	-99
17.04.1981	0.417	-99	-99	-99	-99	-99	-99	-99	-99	-99
18.04.1981	0.417	-99	-99	-99	-99	-99	-99	-99	-99	-99
19.04.1981	0.353	-99	-99	-99	-99	-99	-99	-99	-99	-99
20.04.1981	0.353	-99	-99	-99	-99	-99	-99	-99	-99	-99
21.04.1981	0.353	-99	-99	-99	-99	-99	-99	-99	-99	-99
22.04.1981	0.353	-99	-99	-99	-99	-99	-99	-99	-99	-99
23.04.1981	0.324	-99	-99	-99	-99	-99	-99	-99	-99	-99
24.04.1981	0.297	-99	-99	-99	-99	-99	-99	-99	-99	-99
25.04.1981	0.272	-99	-99	-99	-99	-99	-99	-99	-99	-99
26.04.1981	0.272	-99	-99	-99	-99	-99	-99	-99	-99	-99
27.04.1981	0.248	-99	-99	-99	-99	-99	-99	-99	-99	-99
28.04.1981	0.248	-99	-99	-99	-99	-99	-99	-99	-99	-99
29.04.1981	0.248	-99	-99	-99	-99	-99	-99	-99	-99	-99
30.04.1981	0.248	-99	-99	-99	-99	-99	-99	-99	-99	-99
01.05.1981	0.248	-99	-99	-99	-99	-99	-99	-99	-99	-99
02.05.1981	0.226	-99	-99	-99	-99	-99	-99	-99	-99	-99
03.05.1981	0.226	-99	-99	-99	-99	-99	-99	-99	-99	-99
04.05.1981	0.248	-99	-99	-99	-99	-99	-99	-99	-99	-99
05.05.1981	0.226	-99	-99	-99	-99	-99	-99	-99	-99	-99
06.05.1981	0.206	-99	-99	-99	-99	-99	-99	-99	-99	-99
07.05.1981	0.226	-99	-99	-99	-99	-99	-99	-99	-99	-99
08.05.1981	0.417	-99	-99	-99	-99	-99	-99	-99	-99	-99
09.05.1981	1.667	-99	-99	-99	-99	-99	-99	-99	-99	-99
10.05.1981	2.911	-99	-99	-99	-99	-99	-99	-99	-99	-99
11.05.1981	4.343	-99	-99	-99	-99	-99	-99	-99	-99	-99
12.05.1981	6.838	-99	-99	-99	-99	-99	-99	-99	-99	-99
13.05.1981	6.838	-99	-99	-99	-99	-99	-99	-99	-99	-99
14.05.1981	5.482	-99	-99	-99	-99	-99	-99	-99	-99	-99
15.05.1981	6.268	-99	-99	-99	-99	-99	-99	-99	-99	-99
16.05.1981	6.548	-99	-99	-99	-99	-99	-99	-99	-99	-99
17.05.1981	5.997	-99	-99	-99	-99	-99	-99	-99	-99	-99
18.05.1981	6.268	-99	-99	-99	-99	-99	-99	-99	-99	-99
19.05.1981	7.138	-99	-99	-99	-99	-99	-99	-99	-99	-99
20.05.1981	6.838	-99	-99	-99	-99	-99	-99	-99	-99	-99
21.05.1981	7.138	-99	-99	-99	-99	-99	-99	-99	-99	-99
22.05.1981	9.157	-99	-99	-99	-99	-99	-99	-99	-99	-99
23.05.1981	9.919	-99	-99	-99	-99	-99	-99	-99	-99	-99
24.05.1981	9.157	-99	-99	-99	-99	-99	-99	-99	-99	-99
25.05.1981	9.919	-99	-99	-99	-99	-99	-99	-99	-99	-99
26.05.1981	8.793	-99	-99	-99	-99	-99	-99	-99	-99	-99
27.05.1981	7.138	-99	-99	-99	-99	-99	-99	-99	-99	-99
28.05.1981	7.138	-99	-99	-99	-99	-99	-99	-99	-99	-99
29.05.1981	7.448	-99	-99	-99	-99	-99	-99	-99	-99	-99
30.05.1981	6.548	-99	-99	-99	-99	-99	-99	-99	-99	-99
31.05.1981	5.997	-99	-99	-99	-99	-99	-99	-99	-99	-99
01.06.1981	5.997	-99	-99	-99	-99	-99	-99	-99	-99	-99
02.06.1981	7.138	-99	-99	-99	-99	-99	-99	-99	-99	-99
03.06.1981	7.138	-99	-99	-99	-99	-99	-99	-99	-99	-99
04.06.1981	7.138	-99	-99	-99	-99	-99	-99	-99	-99	-99
05.06.1981	6.838	-99	-99	-99	-99	-99	-99	-99	-99	-99
06.06.1981	7.138	-99	-99	-99	-99	-99	-99	-99	-99	-99
07.06.1981	6.838	-99	-99	-99	-99	-99	-99	-99	-99	-99
08.06.1981	6.268	-99	-99	-99	-99	-99	-99	-99	-99	-99
09.06.1981	5.997	-99	-99	-99	-99	-99	-99	-99	-99	-99
10.06.1981	6.268	-99	-99	-99	-99	-99	-99	-99	-99	-99
11.06.1981	5.997	-99	-99	-99	-99	-99	-99	-99	-99	-99
12.06.1981	4.555	-99	-99	-99	-99	-99	-99	-99	-99	-99
13.06.1981	3.572	-99	-99	-99	-99	-99	-99	-99	-99	-99
14.06.1981	4.14	-99	-99	-99	-99	-99	-99	-99	-99	-99
15.06.1981	6.548	-99	-99	-99	-99	-99	-99	-99	-99	-99
16.06.1981	6.838	-99	-99	-99	-99	-99	-99	-99	-99	-99
17.06.1981	6.548	-99	-99	-99	-99	-99	-99	-99	-99	-99
18.06.1981	5.735	-99	-99	-99	-99	-99	-99	-99	-99	-99
19.06.1981	5.237	-99	-99	-99	-99	-99	-99	-99	-99	-99
20.06.1981	4.555	-99	-99	-99	-99	-99	-99	-99	-99	-99
21.06.1981	4.14	-99	-99	-99	-99	-99	-99	-99	-99	-99
22.06.1981	4.14	-99	-99	-99	-99	-99	-99	-99	-99	-99
23.06.1981	4.774	-99	-99	-99	-99	-99	-99	-99	-99	-99
24.06.1981	5.482	-99	-99	-99	-99	-99	-99	-99	-99	-99
25.06.1981	6.548	-99	-99	-99	-99	-99	-99	-99	-99	-99
26.06.1981	6.548	-99	-99	-99	-99	-99	-99	-99	-99	-99
27.06.1981	5.482	-99	-99	-99	-99	-99	-99	-99	-99	-99
28.06.1981	4.774	-99	-99	-99	-99	-99	-99	-99	-99	-99
29.06.1981	5.237	-99	-99	-99	-99	-99	-99	-99	-99	-99
30.06.1981	5.238	-99	-99	-99	-99	-99	-99	-99	-99	-99
01.07.1981	5.482	-99	-99	-99	-99	-99	-99	-99	-99	-99
02.07.1981	5.237	-99	-99	-99	-99	-99	-99	-99	-99	-99
03.07.1981	5.238	-99	-99	-99	-99	-99	-99	-99	-99	-99
04.07.1981	5.238	-99	-99	-99	-99	-99	-99	-99	-99	-99
05.07.1981	5.237	-99	-99	-99	-99	-99	-99	-99	-99	-99
06.07.1981	5.997	-99	-99	-99	-99	-99	-99	-99	-99	-99
07.07.1981	6.838	-99	-99	-99	-99	-99	-99	-99	-99	-99
08.07.1981	7.138	-99	-99	-99	-99	-99	-99	-99	-99	-99
09.07.1981	7.768	-99	-99	-99	-99	-99	-99	-99	-99	-99
10.07.1981	9.157	-99	-99	-99	-99	-99	-99	-99	-99	-99
11.07.1981	9.919	-99	-99	-99	-99	-99	-99	-99	-99	-99
12.07.1981	9.919	-99	-99	-99	-99	-99	-99	-99	-99	-99
13.07.1981	9.157	-99	-99	-99	-99	-99	-99	-99	-99	-99
14.07.1981	6.838	-99	-99	-99	-99	-99	-99	-99	-99	-99
15.07.1981	6.268	-99	-99	-99	-99	-99	-99	-99	-99	-99
16.07.1981	5.238	-99	-99	-99	-99	-99	-99	-99	-99	-99
17.07.1981	4.774	-99	-99	-99	-99	-99	-99	-99	-99	-99
18.07.1981	5.237	-99	-99	-99	-99	-99	-99	-99	-99	-99
19.07.1981	5.237	-99	-99	-99	-99	-99	-99	-99	-99	-99
20.07.1981	4.774	-99	-99	-99	-99	-99	-99	-99	-99	-99
21.07.1981	4.774	-99	-99	-99	-99	-99	-99	-99	-99	-99
22.07.1981	5.237	-99	-99	-99	-99	-99	-99	-99	-99	-99
23.07.1981	5.237	-99	-99	-99	-99	-99	-99	-99	-99	-99
24.07.1981	5.238	-99	-99	-99	-99	-99	-99	-99	-99	-99
25.07.1981	5.735	-99	-99	-99	-99	-99	-99	-99	-99	-99
26.07.1981	5.482	-99	-99	-99	-99	-99	-99	-99	-99	-99
27.07.1981	5.238	-99	-99	-99	-99	-99	-99	-99	-99	-99
28.07.1981	4.774	-99	-99	-99	-99	-99	-99	-99	-99	-99
29.07.1981	5.238	-99	-99	-99	-99	-99	-99	-99	-99	-99
30.07.1981	5.482	-99	-99	-99	-99	-99	-99	-99	-99	-99
31.07.1981	5.238	-99	-99	-99	-99	-99	-99	-99	-99	-99
01.08.1981	4.774	-99	-99	-99	-99	-99	-99	-99	-99	-99
02.08.1981	5.238	-99	-99	-99	-99	-99	-99	-99	-99	-99
03.08.1981	5.482	-99	-99	-99	-99	-99	-99	-99	-99	-99
04.08.1981	5.735	-99	-99	-99	-99	-99	-99	-99	-99	-99
05.08.1981	5.997	-99	-99	-99	-99	-99	-99	-99	-99	-99
06.08.1981	5.997	-99	-99	-99	-99	-99	-99	-99	-99	-99
07.08.1981	4.774	-99	-99	-99	-99	-99	-99	-99	-99	-99
08.08.1981	4.14	-99	-99	-99	-99	-99	-99	-99	-99	-99
09.08.1981	4.14	-99	-99	-99	-99	-99	-99	-99	-99	-99
10.08.1981	4.343	-99	-99	-99	-99	-99	-99	-99	-99	-99
11.08.1981	3.943	-99	-99	-99	-99	-99	-99	-99	-99	-99
12.08.1981	4.774	-99	-99	-99	-99	-99	-99	-99	-99	-99
13.08.1981	5.997	-99	-99	-99	-99	-99	-99	-99	-99	-99
14.08.1981	5.735	-99	-99	-99	-99	-99	-99	-99	-99	-99
15.08.1981	5.735	-99	-99	-99	-99	-99	-99	-99	-99	-99
16.08.1981	4.774	-99	-99	-99	-99	-99	-99	-99	-99	-99
17.08.1981	3.943	-99	-99	-99	-99	-99	-99	-99	-99	-99
18.08.1981	3.67	-99	-99	-99	-99	-99	-99	-99	-99	-99
19.08.1981	2.911	-99	-99	-99	-99	-99	-99	-99	-99	-99
20.08.1981	2.911	-99	-99	-99	-99	-99	-99	-99	-99	-99
21.08.1981	2.618	-99	-99	-99	-99	-99	-99	-99	-99	-99
22.08.1981	2.618	-99	-99	-99	-99	-99	-99	-99	-99	-99
23.08.1981	2.481	-99	-99	-99	-99	-99	-99	-99	-99	-99
24.08.1981	2.222	-99	-99	-99	-99	-99	-99	-99	-99	-99
25.08.1981	2.618	-99	-99	-99	-99	-99	-99	-99	-99	-99
26.08.1981	3.943	-99	-99	-99	-99	-99	-99	-99	-99	-99
27.08.1981	2.911	-99	-99	-99	-99	-99	-99	-99	-99	-99
28.08.1981	2.222	-99	-99	-99	-99	-99	-99	-99	-99	-99
29.08.1981	1.768	-99	-99	-99	-99	-99	-99	-99	-99	-99
30.08.1981	1.478	-99	-99	-99	-99	-99	-99	-99	-99	-99
31.08.1981	1.305	-99	-99	-99	-99	-99	-99	-99	-99	-99
01.09.1981	1.225	-99	-99	-99	-99	-99	-99	-99	-99	-99
02.09.1981	1.769	-99	-99	-99	-99	-99	-99	-99	-99	-99
03.09.1981	1.769	-99	-99	-99	-99	-99	-99	-99	-99	-99
04.09.1981	1.769	-99	-99	-99	-99	-99	-99	-99	-99	-99
05.09.1981	2.222	22.677	-99	-99	-99	-99	-99	-99	-99	-99
06.09.1981	2.222	33.695	-99	-99	-99	-99	-99	-99	-99	-99
07.09.1981	2.349	36.291	-99	-99	-99	-99	-99	-99	-99	-99
08.09.1981	2.101	34.981	-99	-99	-99	-99	-99	-99	-99	-99
09.09.1981	2.481	34.981	-99	-99	-99	-99	-99	-99	-99	-99
10.09.1981	2.101	35.633	-99	-99	-99	-99	-99	-99	-99	-99
11.09.1981	1.768	33.695	-99	-99	-99	-99	-99	-99	-99	-99
12.09.1981	1.478	32.433	-99	-99	-99	-99	-99	-99	-99	-99
13.09.1981	1.389	30.586	-99	-99	-99	-99	-99	-99	-99	-99
14.09.1981	1.225	28.206	-99	-99	-99	-99	-99	-99	-99	-99
15.09.1981	1.769	26.484	-99	-99	-99	-99	-99	-99	-99	-99
16.09.1981	0.942	24.817	-99	-99	-99	-99	-99	-99	-99	-99
17.09.1981	0.88	23.203	-99	-99	-99	-99	-99	-99	-99	-99
18.09.1981	1.769	22.677	-99	-99	-99	-99	-99	-99	-99	-99
19.09.1981	1.478	23.735	-99	-99	-99	-99	-99	-99	-99	-99
20.09.1981	1.305	24.273	-99	-99	-99	-99	-99	-99	-99	-99
21.09.1981	1.805	23.203	-99	-99	-99	-99	-99	-99	-99	-99
22.09.1981	1.805	22.157	-99	-99	-99	-99	-99	-99	-99	-99
23.09.1981	1.389	22.677	-99	-99	-99	-99	-99	-99	-99	-99
24.09.1981	1.478	23.203	-99	-99	-99	-99	-99	-99	-99	-99
25.09.1981	1.768	23.203	-99	-99	-99	-99	-99	-99	-99	-99
26.09.1981	2.101	25.367	-99	-99	-99	-99	-99	-99	-99	-99
27.09.1981	3.67	27.626	-99	-99	-99	-99	-99	-99	-99	-99
28.09.1981	5.238	48.39	-99	-99	-99	-99	-99	-99	-99	-99
29.09.1981	3.228	51.488	-99	-99	-99	-99	-99	-99	-99	-99
30.09.1981	2.762	48.39	-99	-99	-99	-99	-99	-99	-99	-99
01.10.1981	5.735	53.875	-99	-99	-99	-99	-99	-99	-99	-99
02.10.1981	5.735	72.869	-99	-99	-99	-99	-99	-99	-99	-99
03.10.1981	4.14	71.159	-99	-99	-99	-99	-99	-99	-99	-99
04.10.1981	3.67	63.859	-99	-99	-99	-99	-99	-99	-99	-99
05.10.1981	2.481	54.682	-99	-99	-99	-99	-99	-99	-99	-99
06.10.1981	2.101	49.155	-99	-99	-99	-99	-99	-99	-99	-99
07.10.1981	2.222	43.922	-99	-99	-99	-99	-99	-99	-99	-99
08.10.1981	1.768	39.67	-99	-99	-99	-99	-99	-99	-99	-99
09.10.1981	1.389	35.633	-99	-99	-99	-99	-99	-99	-99	-99
10.10.1981	1.667	31.812	-99	-99	-99	-99	-99	-99	-99	-99
11.10.1981	1.305	29.384	-99	-99	-99	-99	-99	-99	-99	-99
12.10.1981	1.805	26.484	-99	-99	-99	-99	-99	-99	-99	-99
13.10.1981	0.88	23.735	-99	-99	-99	-99	-99	-99	-99	-99
14.10.1981	0.765	21.643	-99	-99	-99	-99	-99	-99	-99	-99
15.10.1981	0.615	19.648	-99	-99	-99	-99	-99	-99	-99	-99
16.10.1981	0.529	17.748	-99	-99	-99	-99	-99	-99	-99	-99
17.10.1981	0.489	16.387	-99	-99	-99	-99	-99	-99	-99	-99
18.10.1981	0.384	15.797	-99	-99	-99	-99	-99	-99	-99	-99
19.10.1981	0.452	13.826	-99	-99	-99	-99	-99	-99	-99	-99
20.10.1981	0.384	13.021	-99	-99	-99	-99	-99	-99	-99	-99
21.10.1981	0.384	12.239	-99	-99	-99	-99	-99	-99	-99	-99
22.10.1981	0.272	11.482	-99	-99	-99	-99	-99	-99	-99	-99
23.10.1981	0.226	10.749	-99	-99	-99	-99	-99	-99	-99	-99
24.10.1981	0.248	10.399	-99	-99	-99	-99	-99	-99	-99	-99
25.10.1981	0.248	9.354	-99	-99	-99	-99	-99	-99	-99	-99
26.10.1981	0.187	9.213	-99	-99	-99	-99	-99	-99	-99	-99
27.10.1981	0.169	8.372	-99	-99	-99	-99	-99	-99	-99	-99
28.10.1981	0.187	7.747	-99	-99	-99	-99	-99	-99	-99	-99
29.10.1981	0.153	7.444	-99	-99	-99	-99	-99	-99	-99	-99
30.10.1981	0.169	6.855	-99	-99	-99	-99	-99	-99	-99	-99
31.10.1981	0.138	6.57	-99	-99	-99	-99	-99	-99	-99	-99
01.11.1981	0.248	6.181	-99	-99	-99	-99	-99	-99	-99	-99
02.11.1981	0.153	5.751	-99	-99	-99	-99	-99	-99	-99	-99
03.11.1981	0.272	5.489	-99	-99	-99	-99	-99	-99	-99	-99
04.11.1981	0.248	6.181	-99	-99	-99	-99	-99	-99	-99	-99
05.11.1981	0.712	9.354	-99	-99	-99	-99	-99	-99	-99	-99
06.11.1981	1.769	10.749	-99	-99	-99	-99	-99	-99	-99	-99
07.11.1981	0.821	10.391	-99	-99	-99	-99	-99	-99	-99	-99
08.11.1981	0.765	10.399	-99	-99	-99	-99	-99	-99	-99	-99
09.11.1981	0.662	9.354	-99	-99	-99	-99	-99	-99	-99	-99
10.11.1981	0.615	9.213	-99	-99	-99	-99	-99	-99	-99	-99
11.11.1981	0.571	9.354	-99	-99	-99	-99	-99	-99	-99	-99
12.11.1981	0.489	9.354	-99	-99	-99	-99	-99	-99	-99	-99
13.11.1981	0.452	9.694	-99	-99	-99	-99	-99	-99	-99	-99
14.11.1981	0.384	9.694	-99	-99	-99	-99	-99	-99	-99	-99
15.11.1981	0.353	9.354	-99	-99	-99	-99	-99	-99	-99	-99
16.11.1981	0.324	9.213	-99	-99	-99	-99	-99	-99	-99	-99
17.11.1981	0.272	8.693	-99	-99	-99	-99	-99	-99	-99	-99
18.11.1981	0.248	8.372	-99	-99	-99	-99	-99	-99	-99	-99
19.11.1981	0.248	8.372	-99	-99	-99	-99	-99	-99	-99	-99
20.11.1981	0.248	8.57	-99	-99	-99	-99	-99	-99	-99	-99
21.11.1981	0.248	7.747	-99	-99	-99	-99	-99	-99	-99	-99
22.11.1981	0.248	8.57	-99	-99	-99	-99	-99	-99	-99	-99
23.11.1981	0.248	8.57	-99	-99	-99	-99	-99	-99	-99	-99
24.11.1981	0.248	8.57	-99	-99	-99	-99	-99	-99	-99	-99
25.11.1981	0.248	8.57	-99	-99	-99	-99	-99	-99	-99	-99
26.11.1981	0.248	8.57	-99	-99	-99	-99	-99	-99	-99	-99
27.11.1981	0.248	7.747	-99	-99	-99	-99	-99	-99	-99	-99
28.11.1981	0.248	7.444	-99	-99	-99	-99	-99	-99	-99	-99
29.11.1981	0.248	6.855	-99	-99	-99	-99	-99	-99	-99	-99
30.11.1981	0.248	6.57	-99	-99	-99	-99	-99	-99	-99	-99
01.12.1981	0.297	6.291	-99	-99	-99	-99	-99	-99	-99	-99
02.12.1981	0.384	6.181	-99	-99	-99	-99	-99	-99	-99	-99
03.12.1981	0.384	6.855	-99	-99	-99	-99	-99	-99	-99	-99
04.12.1981	0.353	11.112	-99	-99	-99	-99	-99	-99	-99	-99
05.12.1981	0.353	13.21	-99	-99	-99	-99	-99	-99	-99	-99
06.12.1981	0.324	13.42	-99	-99	-99	-99	-99	-99	-99	-99
07.12.1981	0.324	13.021	-99	-99	-99	-99	-99	-99	-99	-99
08.12.1981	0.324	12.239	-99	-99	-99	-99	-99	-99	-99	-99
09.12.1981	0.297	11.482	-99	-99	-99	-99	-99	-99	-99	-99
10.12.1981	0.297	10.391	-99	-99	-99	-99	-99	-99	-99	-99
11.12.1981	0.272	9.694	-99	-99	-99	-99	-99	-99	-99	-99
12.12.1981	0.272	9.213	-99	-99	-99	-99	-99	-99	-99	-99
13.12.1981	0.248	8.372	-99	-99	-99	-99	-99	-99	-99	-99
14.12.1981	0.248	8.57	-99	-99	-99	-99	-99	-99	-99	-99
15.12.1981	0.248	7.747	-99	-99	-99	-99	-99	-99	-99	-99
16.12.1981	0.226	7.147	-99	-99	-99	-99	-99	-99	-99	-99
17.12.1981	0.226	6.855	-99	-99	-99	-99	-99	-99	-99	-99
18.12.1981	0.206	6.291	-99	-99	-99	-99	-99	-99	-99	-99
19.12.1981	0.206	6.181	-99	-99	-99	-99	-99	-99	-99	-99
20.12.1981	0.206	5.751	-99	-99	-99	-99	-99	-99	-99	-99
21.12.1981	0.187	5.751	-99	-99	-99	-99	-99	-99	-99	-99
22.12.1981	0.187	5.234	-99	-99	-99	-99	-99	-99	-99	-99
23.12.1981	0.169	4.742	-99	-99	-99	-99	-99	-99	-99	-99
24.12.1981	0.169	4.742	-99	-99	-99	-99	-99	-99	-99	-99
25.12.1981	0.153	4.275	-99	-99	-99	-99	-99	-99	-99	-99
26.12.1981	0.153	4.502	-99	-99	-99	-99	-99	-99	-99	-99
27.12.1981	0.138	3.831	-99	-99	-99	-99	-99	-99	-99	-99
28.12.1981	0.138	3.831	-99	-99	-99	-99	-99	-99	-99	-99
29.12.1981	0.124	3.618	-99	-99	-99	-99	-99	-99	-99	-99
30.12.1981	0.124	3.618	-99	-99	-99	-99	-99	-99	-99	-99
31.12.1981	0.111	3.411	-99	-99	-99	-99	-99	-99	-99	-99
01.01.1982	0.111	3.211	-99	-99	-99	-99	-99	-99	-99	-99
02.01.1982	0.111	3.211	-99	-99	-99	-99	-99	-99	-99	-99
03.01.1982	0.111	3.167	-99	-99	-99	-99	-99	-99	-99	-99
04.01.1982	0.111	3.167	-99	-99	-99	-99	-99	-99	-99	-99
05.01.1982	0.996	3.167	-99	-99	-99	-99	-99	-99	-99	-99
06.01.1982	0.996	2.828	-99	-99	-99	-99	-99	-99	-99	-99
07.01.1982	0.996	2.645	-99	-99	-99	-99	-99	-99	-99	-99
08.01.1982	0.996	2.645	-99	-99	-99	-99	-99	-99	-99	-99
09.01.1982	0.996	2.469	-99	-99	-99	-99	-99	-99	-99	-99
10.01.1982	0.996	2.469	-99	-99	-99	-99	-99	-99	-99	-99
11.01.1982	0.889	2.645	-99	-99	-99	-99	-99	-99	-99	-99
12.01.1982	0.889	2.828	-99	-99	-99	-99	-99	-99	-99	-99
13.01.1982	0.889	2.645	-99	-99	-99	-99	-99	-99	-99	-99
14.01.1982	0.889	2.469	-99	-99	-99	-99	-99	-99	-99	-99
15.01.1982	0.996	2.828	-99	-99	-99	-99	-99	-99	-99	-99
16.01.1982	0.111	2.828	-99	-99	-99	-99	-99	-99	-99	-99
17.01.1982	0.124	2.828	-99	-99	-99	-99	-99	-99	-99	-99
18.01.1982	0.124	3.211	-99	-99	-99	-99	-99	-99	-99	-99
19.01.1982	0.138	4.275	-99	-99	-99	-99	-99	-99	-99	-99
20.01.1982	0.153	4.742	-99	-99	-99	-99	-99	-99	-99	-99
21.01.1982	0.153	5.234	-99	-99	-99	-99	-99	-99	-99	-99
22.01.1982	0.153	5.489	-99	-99	-99	-99	-99	-99	-99	-99
23.01.1982	0.153	5.489	-99	-99	-99	-99	-99	-99	-99	-99
24.01.1982	0.153	5.489	-99	-99	-99	-99	-99	-99	-99	-99
25.01.1982	0.153	5.489	-99	-99	-99	-99	-99	-99	-99	-99
26.01.1982	0.153	5.489	-99	-99	-99	-99	-99	-99	-99	-99
27.01.1982	0.153	5.234	-99	-99	-99	-99	-99	-99	-99	-99
28.01.1982	0.138	5.234	-99	-99	-99	-99	-99	-99	-99	-99
29.01.1982	0.138	4.985	-99	-99	-99	-99	-99	-99	-99	-99
30.01.1982	0.138	4.742	-99	-99	-99	-99	-99	-99	-99	-99
31.01.1982	0.138	4.742	-99	-99	-99	-99	-99	-99	-99	-99
01.02.1982	0.138	4.505	-99	-99	-99	-99	-99	-99	-99	-99
02.02.1982	0.138	4.275	-99	-99	-99	-99	-99	-99	-99	-99
03.02.1982	0.138	4.275	-99	-99	-99	-99	-99	-99	-99	-99
04.02.1982	0.138	4.275	-99	-99	-99	-99	-99	-99	-99	-99
05.02.1982	0.111	4.502	-99	-99	-99	-99	-99	-99	-99	-99
06.02.1982	0.996	4.502	-99	-99	-99	-99	-99	-99	-99	-99
07.02.1982	0.111	4.275	-99	-99	-99	-99	-99	-99	-99	-99
08.02.1982	0.124	4.502	-99	-99	-99	-99	-99	-99	-99	-99
09.02.1982	0.111	4.502	-99	-99	-99	-99	-99	-99	-99	-99
10.02.1982	0.111	4.502	-99	-99	-99	-99	-99	-99	-99	-99
11.02.1982	0.996	4.502	-99	-99	-99	-99	-99	-99	-99	-99
12.02.1982	0.111	4.275	-99	-99	-99	-99	-99	-99	-99	-99
13.02.1982	0.124	4.505	-99	-99	-99	-99	-99	-99	-99	-99
14.02.1982	0.138	5.489	-99	-99	-99	-99	-99	-99	-99	-99
15.02.1982	0.138	6.181	-99	-99	-99	-99	-99	-99	-99	-99
16.02.1982	0.138	6.291	-99	-99	-99	-99	-99	-99	-99	-99
17.02.1982	0.124	6.291	-99	-99	-99	-99	-99	-99	-99	-99
18.02.1982	0.124	6.181	-99	-99	-99	-99	-99	-99	-99	-99
19.02.1982	0.996	5.751	-99	-99	-99	-99	-99	-99	-99	-99
20.02.1982	0.889	5.489	-99	-99	-99	-99	-99	-99	-99	-99
21.02.1982	0.79	5.234	-99	-99	-99	-99	-99	-99	-99	-99
22.02.1982	0.79	4.985	-99	-99	-99	-99	-99	-99	-99	-99
23.02.1982	0.701	4.742	-99	-99	-99	-99	-99	-99	-99	-99
24.02.1982	0.996	4.985	-99	-99	-99	-99	-99	-99	-99	-99
25.02.1982	0.124	4.985	-99	-99	-99	-99	-99	-99	-99	-99
26.02.1982	0.111	4.742	-99	-99	-99	-99	-99	-99	-99	-99
27.02.1982	0.111	4.505	-99	-99	-99	-99	-99	-99	-99	-99
28.02.1982	0.996	4.275	-99	-99	-99	-99	-99	-99	-99	-99
01.03.1982	0.996	4.275	-99	-99	-99	-99	-99	-99	-99	-99
02.03.1982	0.996	4.275	-99	-99	-99	-99	-99	-99	-99	-99
03.03.1982	0.996	4.275	-99	-99	-99	-99	-99	-99	-99	-99
04.03.1982	0.996	4.502	-99	-99	-99	-99	-99	-99	-99	-99
05.03.1982	0.124	3.831	-99	-99	-99	-99	-99	-99	-99	-99
06.03.1982	0.124	3.831	-99	-99	-99	-99	-99	-99	-99	-99
07.03.1982	0.124	3.831	-99	-99	-99	-99	-99	-99	-99	-99
08.03.1982	0.124	3.831	-99	-99	-99	-99	-99	-99	-99	-99
09.03.1982	0.111	3.618	-99	-99	-99	-99	-99	-99	-99	-99
10.03.1982	0.111	3.831	-99	-99	-99	-99	-99	-99	-99	-99
11.03.1982	0.153	3.618	-99	-99	-99	-99	-99	-99	-99	-99
12.03.1982	0.111	3.618	-99	-99	-99	-99	-99	-99	-99	-99
13.03.1982	0.111	3.618	-99	-99	-99	-99	-99	-99	-99	-99
14.03.1982	0.996	3.411	-99	-99	-99	-99	-99	-99	-99	-99
15.03.1982	0.996	3.411	-99	-99	-99	-99	-99	-99	-99	-99
16.03.1982	0.996	3.411	-99	-99	-99	-99	-99	-99	-99	-99
17.03.1982	0.889	3.211	-99	-99	-99	-99	-99	-99	-99	-99
18.03.1982	0.889	3.211	-99	-99	-99	-99	-99	-99	-99	-99
19.03.1982	0.79	3.211	-99	-99	-99	-99	-99	-99	-99	-99
20.03.1982	0.79	3.167	-99	-99	-99	-99	-99	-99	-99	-99
21.03.1982	0.79	3.167	-99	-99	-99	-99	-99	-99	-99	-99
22.03.1982	0.701	3.167	-99	-99	-99	-99	-99	-99	-99	-99
23.03.1982	0.701	3.167	-99	-99	-99	-99	-99	-99	-99	-99
24.03.1982	0.996	3.211	-99	-99	-99	-99	-99	-99	-99	-99
25.03.1982	0.942	4.275	-99	-99	-99	-99	-99	-99	-99	-99
26.03.1982	1.805	6.291	-99	-99	-99	-99	-99	-99	-99	-99
27.03.1982	0.615	8.693	-99	-99	-99	-99	-99	-99	-99	-99
28.03.1982	0.452	10.399	-99	-99	-99	-99	-99	-99	-99	-99
29.03.1982	0.353	10.391	-99	-99	-99	-99	-99	-99	-99	-99
30.03.1982	0.272	9.694	-99	-99	-99	-99	-99	-99	-99	-99
31.03.1982	0.248	9.354	-99	-99	-99	-99	-99	-99	-99	-99
01.04.1982	0.272	9.354	-99	-99	-99	-99	-99	-99	-99	-99
02.04.1982	0.324	9.354	-99	-99	-99	-99	-99	-99	-99	-99
03.04.1982	0.272	9.354	-99	-99	-99	-99	-99	-99	-99	-99
04.04.1982	0.248	9.354	-99	-99	-99	-99	-99	-99	-99	-99
05.04.1982	0.226	9.354	-99	-99	-99	-99	-99	-99	-99	-99
06.04.1982	0.226	9.354	-99	-99	-99	-99	-99	-99	-99	-99
07.04.1982	0.226	9.213	-99	-99	-99	-99	-99	-99	-99	-99
08.04.1982	0.226	9.213	-99	-99	-99	-99	-99	-99	-99	-99
09.04.1982	0.248	9.213	-99	-99	-99	-99	-99	-99	-99	-99
10.04.1982	0.324	9.213	-99	-99	-99	-99	-99	-99	-99	-99
11.04.1982	0.353	9.213	-99	-99	-99	-99	-99	-99	-99	-99
12.04.1982	0.417	9.354	-99	-99	-99	-99	-99	-99	-99	-99
13.04.1982	0.821	9.354	-99	-99	-99	-99	-99	-99	-99	-99
14.04.1982	0.662	9.213	-99	-99	-99	-99	-99	-99	-99	-99
15.04.1982	0.489	8.693	-99	-99	-99	-99	-99	-99	-99	-99
16.04.1982	0.489	9.354	-99	-99	-99	-99	-99	-99	-99	-99
17.04.1982	0.489	10.391	-99	-99	-99	-99	-99	-99	-99	-99
18.04.1982	0.417	10.391	-99	-99	-99	-99	-99	-99	-99	-99
19.04.1982	0.384	10.391	-99	-99	-99	-99	-99	-99	-99	-99
20.04.1982	0.417	10.749	-99	-99	-99	-99	-99	-99	-99	-99
21.04.1982	0.417	11.112	-99	-99	-99	-99	-99	-99	-99	-99
22.04.1982	0.324	11.112	-99	-99	-99	-99	-99	-99	-99	-99
23.04.1982	0.297	11.482	-99	-99	-99	-99	-99	-99	-99	-99
24.04.1982	0.324	11.857	-99	-99	-99	-99	-99	-99	-99	-99
25.04.1982	0.353	11.857	-99	-99	-99	-99	-99	-99	-99	-99
26.04.1982	0.452	12.627	-99	-99	-99	-99	-99	-99	-99	-99
27.04.1982	0.417	13.021	-99	-99	-99	-99	-99	-99	-99	-99
28.04.1982	0.615	14.655	-99	-99	-99	-99	-99	-99	-99	-99
29.04.1982	0.489	15.797	-99	-99	-99	-99	-99	-99	-99	-99
30.04.1982	0.384	14.655	-99	-99	-99	-99	-99	-99	-99	-99
01.05.1982	0.324	13.826	-99	-99	-99	-99	-99	-99	-99	-99
02.05.1982	0.324	13.021	-99	-99	-99	-99	-99	-99	-99	-99
03.05.1982	0.297	12.627	-99	-99	-99	-99	-99	-99	-99	-99
04.05.1982	0.272	11.857	-99	-99	-99	-99	-99	-99	-99	-99
05.05.1982	0.272	11.112	-99	-99	-99	-99	-99	-99	-99	-99
06.05.1982	0.272	10.391	-99	-99	-99	-99	-99	-99	-99	-99
07.05.1982	0.272	10.399	-99	-99	-99	-99	-99	-99	-99	-99
08.05.1982	0.297	9.694	-99	-99	-99	-99	-99	-99	-99	-99
09.05.1982	0.353	9.354	-99	-99	-99	-99	-99	-99	-99	-99
10.05.1982	0.417	9.354	-99	-99	-99	-99	-99	-99	-99	-99
11.05.1982	0.353	9.354	-99	-99	-99	-99	-99	-99	-99	-99
12.05.1982	0.384	9.354	-99	-99	-99	-99	-99	-99	-99	-99
13.05.1982	0.765	10.399	-99	-99	-99	-99	-99	-99	-99	-99
14.05.1982	1.769	11.482	-99	-99	-99	-99	-99	-99	-99	-99
15.05.1982	1.57	13.021	-99	-99	-99	-99	-99	-99	-99	-99
16.05.1982	2.481	15.945	-99	-99	-99	-99	-99	-99	-99	-99
17.05.1982	2.618	20.633	-99	-99	-99	-99	-99	-99	-99	-99
18.05.1982	3.67	25.367	-99	-99	-99	-99	-99	-99	-99	-99
19.05.1982	3.572	30.586	-99	-99	-99	-99	-99	-99	-99	-99
20.05.1982	2.911	34.981	-99	-99	-99	-99	-99	-99	-99	-99
21.05.1982	2.618	36.954	-99	-99	-99	-99	-99	-99	-99	-99
22.05.1982	2.481	36.954	-99	-99	-99	-99	-99	-99	-99	-99
23.05.1982	2.911	36.954	-99	-99	-99	-99	-99	-99	-99	-99
24.05.1982	3.228	38.3	-99	-99	-99	-99	-99	-99	-99	-99
25.05.1982	3.572	39.67	-99	-99	-99	-99	-99	-99	-99	-99
26.05.1982	3.943	43.198	-99	-99	-99	-99	-99	-99	-99	-99
27.05.1982	3.572	45.387	-99	-99	-99	-99	-99	-99	-99	-99
28.05.1982	3.228	44.652	-99	-99	-99	-99	-99	-99	-99	-99
29.05.1982	3.228	43.922	-99	-99	-99	-99	-99	-99	-99	-99
30.05.1982	5.237	45.387	-99	-99	-99	-99	-99	-99	-99	-99
31.05.1982	5.482	53.875	-99	-99	-99	-99	-99	-99	-99	-99
01.06.1982	5.997	59.652	-99	-99	-99	-99	-99	-99	-99	-99
02.06.1982	6.548	64.838	-99	-99	-99	-99	-99	-99	-99	-99
03.06.1982	7.448	73.198	-99	-99	-99	-99	-99	-99	-99	-99
04.06.1982	8.992	84.681	-99	-99	-99	-99	-99	-99	-99	-99
05.06.1982	9.532	98.283	-99	-99	-99	-99	-99	-99	-99	-99
06.06.1982	8.793	108.291	-99	-99	-99	-99	-99	-99	-99	-99
07.06.1982	7.138	100.466	-99	-99	-99	-99	-99	-99	-99	-99
08.06.1982	6.838	90.833	-99	-99	-99	-99	-99	-99	-99	-99
09.06.1982	5.997	82.677	-99	-99	-99	-99	-99	-99	-99	-99
10.06.1982	5.237	72.869	-99	-99	-99	-99	-99	-99	-99	-99
11.06.1982	4.555	63.859	-99	-99	-99	-99	-99	-99	-99	-99
12.06.1982	3.943	57.14	-99	-99	-99	-99	-99	-99	-99	-99
13.06.1982	3.572	50.705	-99	-99	-99	-99	-99	-99	-99	-99
14.06.1982	3.228	46.129	-99	-99	-99	-99	-99	-99	-99	-99
15.06.1982	2.911	41.635	-99	-99	-99	-99	-99	-99	-99	-99
16.06.1982	2.911	38.3	-99	-99	-99	-99	-99	-99	-99	-99
17.06.1982	2.911	36.291	-99	-99	-99	-99	-99	-99	-99	-99
18.06.1982	3.67	34.335	-99	-99	-99	-99	-99	-99	-99	-99
19.06.1982	3.943	33.695	-99	-99	-99	-99	-99	-99	-99	-99
20.06.1982	4.14	35.633	-99	-99	-99	-99	-99	-99	-99	-99
21.06.1982	3.572	35.633	-99	-99	-99	-99	-99	-99	-99	-99
22.06.1982	3.228	34.981	-99	-99	-99	-99	-99	-99	-99	-99
23.06.1982	3.754	33.695	-99	-99	-99	-99	-99	-99	-99	-99
24.06.1982	4.14	34.335	-99	-99	-99	-99	-99	-99	-99	-99
25.06.1982	4.555	35.633	-99	-99	-99	-99	-99	-99	-99	-99
26.06.1982	5.482	37.624	-99	-99	-99	-99	-99	-99	-99	-99
27.06.1982	5.997	43.198	-99	-99	-99	-99	-99	-99	-99	-99
28.06.1982	6.548	49.155	-99	-99	-99	-99	-99	-99	-99	-99
29.06.1982	6.548	55.495	-99	-99	-99	-99	-99	-99	-99	-99
30.06.1982	6.268	58.809	-99	-99	-99	-99	-99	-99	-99	-99
01.07.1982	5.735	60.502	-99	-99	-99	-99	-99	-99	-99	-99
02.07.1982	5.735	59.652	-99	-99	-99	-99	-99	-99	-99	-99
03.07.1982	6.268	62.218	-99	-99	-99	-99	-99	-99	-99	-99
04.07.1982	6.548	65.723	-99	-99	-99	-99	-99	-99	-99	-99
05.07.1982	6.838	70.238	-99	-99	-99	-99	-99	-99	-99	-99
06.07.1982	6.268	70.238	-99	-99	-99	-99	-99	-99	-99	-99
07.07.1982	5.238	64.838	-99	-99	-99	-99	-99	-99	-99	-99
08.07.1982	5.237	60.502	-99	-99	-99	-99	-99	-99	-99	-99
09.07.1982	5.237	57.972	-99	-99	-99	-99	-99	-99	-99	-99
10.07.1982	6.268	57.972	-99	-99	-99	-99	-99	-99	-99	-99
11.07.1982	7.448	69.323	-99	-99	-99	-99	-99	-99	-99	-99
12.07.1982	6.838	75.854	-99	-99	-99	-99	-99	-99	-99	-99
13.07.1982	5.735	74.903	-99	-99	-99	-99	-99	-99	-99	-99
14.07.1982	5.997	72.869	-99	-99	-99	-99	-99	-99	-99	-99
15.07.1982	7.448	79.717	-99	-99	-99	-99	-99	-99	-99	-99
16.07.1982	8.44	95.552	-99	-99	-99	-99	-99	-99	-99	-99
17.07.1982	7.138	103.784	-99	-99	-99	-99	-99	-99	-99	-99
18.07.1982	5.997	98.283	-99	-99	-99	-99	-99	-99	-99	-99
19.07.1982	4.774	86.708	-99	-99	-99	-99	-99	-99	-99	-99
20.07.1982	6.268	82.677	-99	-99	-99	-99	-99	-99	-99	-99
21.07.1982	5.237	82.677	-99	-99	-99	-99	-99	-99	-99	-99
22.07.1982	3.754	73.958	-99	-99	-99	-99	-99	-99	-99	-99
23.07.1982	3.754	65.723	-99	-99	-99	-99	-99	-99	-99	-99
24.07.1982	3.754	61.357	-99	-99	-99	-99	-99	-99	-99	-99
25.07.1982	3.754	57.972	-99	-99	-99	-99	-99	-99	-99	-99
26.07.1982	3.943	57.14	-99	-99	-99	-99	-99	-99	-99	-99
27.07.1982	3.67	53.875	-99	-99	-99	-99	-99	-99	-99	-99
28.07.1982	3.228	50.705	-99	-99	-99	-99	-99	-99	-99	-99
29.07.1982	3.397	50.705	-99	-99	-99	-99	-99	-99	-99	-99
30.07.1982	3.572	52.278	-99	-99	-99	-99	-99	-99	-99	-99
31.07.1982	3.572	53.875	-99	-99	-99	-99	-99	-99	-99	-99
01.08.1982	3.572	55.495	-99	-99	-99	-99	-99	-99	-99	-99
02.08.1982	3.754	57.14	-99	-99	-99	-99	-99	-99	-99	-99
03.08.1982	3.754	59.652	-99	-99	-99	-99	-99	-99	-99	-99
04.08.1982	3.754	62.218	-99	-99	-99	-99	-99	-99	-99	-99
05.08.1982	3.943	64.838	-99	-99	-99	-99	-99	-99	-99	-99
06.08.1982	3.754	66.614	-99	-99	-99	-99	-99	-99	-99	-99
07.08.1982	3.572	66.614	-99	-99	-99	-99	-99	-99	-99	-99
08.08.1982	3.228	65.723	-99	-99	-99	-99	-99	-99	-99	-99
09.08.1982	3.943	67.511	-99	-99	-99	-99	-99	-99	-99	-99
10.08.1982	3.228	67.511	-99	-99	-99	-99	-99	-99	-99	-99
11.08.1982	3.754	63.959	-99	-99	-99	-99	-99	-99	-99	-99
12.08.1982	4.774	63.859	-99	-99	-99	-99	-99	-99	-99	-99
13.08.1982	5.237	73.198	-99	-99	-99	-99	-99	-99	-99	-99
14.08.1982	4.343	70.238	-99	-99	-99	-99	-99	-99	-99	-99
15.08.1982	3.67	63.859	-99	-99	-99	-99	-99	-99	-99	-99
16.08.1982	2.222	53.875	-99	-99	-99	-99	-99	-99	-99	-99
17.08.1982	1.874	46.877	-99	-99	-99	-99	-99	-99	-99	-99
18.08.1982	1.667	43.198	-99	-99	-99	-99	-99	-99	-99	-99
19.08.1982	1.768	39.67	-99	-99	-99	-99	-99	-99	-99	-99
20.08.1982	1.667	38.982	-99	-99	-99	-99	-99	-99	-99	-99
21.08.1982	1.389	36.291	-99	-99	-99	-99	-99	-99	-99	-99
22.08.1982	1.478	33.618	-99	-99	-99	-99	-99	-99	-99	-99
23.08.1982	1.305	29.982	-99	-99	-99	-99	-99	-99	-99	-99
24.08.1982	1.225	28.206	-99	-99	-99	-99	-99	-99	-99	-99
25.08.1982	1.225	27.529	-99	-99	-99	-99	-99	-99	-99	-99
26.08.1982	1.305	26.484	-99	-99	-99	-99	-99	-99	-99	-99
27.08.1982	1.149	25.923	-99	-99	-99	-99	-99	-99	-99	-99
28.08.1982	1.57	25.923	-99	-99	-99	-99	-99	-99	-99	-99
29.08.1982	1.478	26.484	-99	-99	-99	-99	-99	-99	-99	-99
30.08.1982	1.478	25.923	-99	-99	-99	-99	-99	-99	-99	-99
31.08.1982	1.667	28.206	-99	-99	-99	-99	-99	-99	-99	-99
01.09.1982	2.349	30.586	-99	-99	-99	-99	-99	-99	-99	-99
02.09.1982	2.911	35.633	-99	-99	-99	-99	-99	-99	-99	-99
03.09.1982	2.762	40.363	-99	-99	-99	-99	-99	-99	-99	-99
04.09.1982	2.222	39.67	-99	-99	-99	-99	-99	-99	-99	-99
05.09.1982	1.874	36.291	-99	-99	-99	-99	-99	-99	-99	-99
06.09.1982	1.57	33.618	-99	-99	-99	-99	-99	-99	-99	-99
07.09.1982	1.478	29.982	-99	-99	-99	-99	-99	-99	-99	-99
08.09.1982	1.985	28.792	-99	-99	-99	-99	-99	-99	-99	-99
09.09.1982	2.481	29.384	-99	-99	-99	-99	-99	-99	-99	-99
10.09.1982	2.762	30.586	-99	-99	-99	-99	-99	-99	-99	-99
11.09.1982	7.768	52.278	-99	-99	-99	-99	-99	-99	-99	-99
12.09.1982	4.774	63.959	-99	-99	-99	-99	-99	-99	-99	-99
13.09.1982	4.774	61.357	-99	-99	-99	-99	-99	-99	-99	-99
14.09.1982	6.268	65.723	-99	-99	-99	-99	-99	-99	-99	-99
15.09.1982	8.44	83.676	-99	-99	-99	-99	-99	-99	-99	-99
16.09.1982	8.992	109.433	-99	-99	-99	-99	-99	-99	-99	-99
17.09.1982	5.237	99.371	-99	-99	-99	-99	-99	-99	-99	-99
18.09.1982	7.448	99.371	-99	-99	-99	-99	-99	-99	-99	-99
19.09.1982	8.992	137.339	-99	-99	-99	-99	-99	-99	-99	-99
20.09.1982	5.482	121.179	-99	-99	-99	-99	-99	-99	-99	-99
21.09.1982	5.735	110.581	-99	-99	-99	-99	-99	-99	-99	-99
22.09.1982	4.14	96.125	-99	-99	-99	-99	-99	-99	-99	-99
23.09.1982	3.67	81.685	-99	-99	-99	-99	-99	-99	-99	-99
24.09.1982	2.481	66.614	-99	-99	-99	-99	-99	-99	-99	-99
25.09.1982	1.874	55.495	-99	-99	-99	-99	-99	-99	-99	-99
26.09.1982	2.911	48.39	-99	-99	-99	-99	-99	-99	-99	-99
27.09.1982	4.774	56.315	-99	-99	-99	-99	-99	-99	-99	-99
28.09.1982	3.67	57.14	-99	-99	-99	-99	-99	-99	-99	-99
29.09.1982	2.349	53.735	-99	-99	-99	-99	-99	-99	-99	-99
30.09.1982	2.101	47.63	-99	-99	-99	-99	-99	-99	-99	-99
01.10.1982	1.768	41.769	-99	-99	-99	-99	-99	-99	-99	-99
02.10.1982	1.478	37.624	-99	-99	-99	-99	-99	-99	-99	-99
03.10.1982	1.389	33.618	-99	-99	-99	-99	-99	-99	-99	-99
04.10.1982	1.478	31.812	-99	-99	-99	-99	-99	-99	-99	-99
05.10.1982	1.225	29.982	-99	-99	-99	-99	-99	-99	-99	-99
06.10.1982	1.805	27.626	-99	-99	-99	-99	-99	-99	-99	-99
07.10.1982	0.88	24.817	-99	-99	-99	-99	-99	-99	-99	-99
08.10.1982	0.712	22.677	-99	-99	-99	-99	-99	-99	-99	-99
09.10.1982	0.571	20.138	-99	-99	-99	-99	-99	-99	-99	-99
10.10.1982	0.489	18.214	-99	-99	-99	-99	-99	-99	-99	-99
11.10.1982	0.452	16.387	-99	-99	-99	-99	-99	-99	-99	-99
12.10.1982	0.417	15.797	-99	-99	-99	-99	-99	-99	-99	-99
13.10.1982	0.353	13.826	-99	-99	-99	-99	-99	-99	-99	-99
14.10.1982	0.297	12.627	-99	-99	-99	-99	-99	-99	-99	-99
15.10.1982	0.248	11.482	-99	-99	-99	-99	-99	-99	-99	-99
16.10.1982	0.206	10.749	-99	-99	-99	-99	-99	-99	-99	-99
17.10.1982	0.187	10.399	-99	-99	-99	-99	-99	-99	-99	-99
18.10.1982	0.206	9.354	-99	-99	-99	-99	-99	-99	-99	-99
19.10.1982	0.206	8.372	-99	-99	-99	-99	-99	-99	-99	-99
20.10.1982	0.226	7.747	-99	-99	-99	-99	-99	-99	-99	-99
21.10.1982	0.272	8.372	-99	-99	-99	-99	-99	-99	-99	-99
22.10.1982	0.248	8.372	-99	-99	-99	-99	-99	-99	-99	-99
23.10.1982	0.248	8.57	-99	-99	-99	-99	-99	-99	-99	-99
24.10.1982	0.226	7.747	-99	-99	-99	-99	-99	-99	-99	-99
25.10.1982	0.226	7.747	-99	-99	-99	-99	-99	-99	-99	-99
26.10.1982	0.226	7.444	-99	-99	-99	-99	-99	-99	-99	-99
27.10.1982	0.324	7.444	-99	-99	-99	-99	-99	-99	-99	-99
28.10.1982	0.489	8.372	-99	-99	-99	-99	-99	-99	-99	-99
29.10.1982	0.353	8.372	-99	-99	-99	-99	-99	-99	-99	-99
30.10.1982	0.88	8.693	-99	-99	-99	-99	-99	-99	-99	-99
31.10.1982	0.489	9.694	-99	-99	-99	-99	-99	-99	-99	-99
01.11.1982	0.529	9.354	-99	-99	-99	-99	-99	-99	-99	-99
02.11.1982	1.305	11.857	-99	-99	-99	-99	-99	-99	-99	-99
03.11.1982	0.942	14.655	-99	-99	-99	-99	-99	-99	-99	-99
04.11.1982	0.662	15.509	-99	-99	-99	-99	-99	-99	-99	-99
05.11.1982	0.529	14.655	-99	-99	-99	-99	-99	-99	-99	-99
06.11.1982	0.384	13.826	-99	-99	-99	-99	-99	-99	-99	-99
07.11.1982	0.384	12.627	-99	-99	-99	-99	-99	-99	-99	-99
08.11.1982	0.297	11.857	-99	-99	-99	-99	-99	-99	-99	-99
09.11.1982	0.324	11.112	-99	-99	-99	-99	-99	-99	-99	-99
10.11.1982	0.489	11.482	-99	-99	-99	-99	-99	-99	-99	-99
11.11.1982	1.769	13.826	-99	-99	-99	-99	-99	-99	-99	-99
12.11.1982	1.389	18.214	-99	-99	-99	-99	-99	-99	-99	-99
13.11.1982	1.667	21.135	-99	-99	-99	-99	-99	-99	-99	-99
14.11.1982	0.821	21.643	-99	-99	-99	-99	-99	-99	-99	-99
15.11.1982	0.615	20.633	-99	-99	-99	-99	-99	-99	-99	-99
16.11.1982	0.529	19.164	-99	-99	-99	-99	-99	-99	-99	-99
17.11.1982	0.489	18.214	-99	-99	-99	-99	-99	-99	-99	-99
18.11.1982	0.417	16.835	-99	-99	-99	-99	-99	-99	-99	-99
19.11.1982	0.353	15.797	-99	-99	-99	-99	-99	-99	-99	-99
20.11.1982	0.353	14.238	-99	-99	-99	-99	-99	-99	-99	-99
21.11.1982	0.353	13.42	-99	-99	-99	-99	-99	-99	-99	-99
22.11.1982	0.324	12.627	-99	-99	-99	-99	-99	-99	-99	-99
23.11.1982	0.489	13.826	-99	-99	-99	-99	-99	-99	-99	-99
24.11.1982	0.529	13.826	-99	-99	-99	-99	-99	-99	-99	-99
25.11.1982	0.452	13.42	-99	-99	-99	-99	-99	-99	-99	-99
26.11.1982	0.417	11.857	-99	-99	-99	-99	-99	-99	-99	-99
27.11.1982	0.353	11.112	-99	-99	-99	-99	-99	-99	-99	-99
28.11.1982	0.324	10.391	-99	-99	-99	-99	-99	-99	-99	-99
29.11.1982	0.272	9.694	-99	-99	-99	-99	-99	-99	-99	-99
30.11.1982	0.248	9.213	-99	-99	-99	-99	-99	-99	-99	-99
01.12.1982	0.248	8.372	-99	-99	-99	-99	-99	-99	-99	-99
02.12.1982	0.226	8.693	-99	-99	-99	-99	-99	-99	-99	-99
03.12.1982	0.226	8.372	-99	-99	-99	-99	-99	-99	-99	-99
04.12.1982	0.226	8.57	-99	-99	-99	-99	-99	-99	-99	-99
05.12.1982	0.226	7.747	-99	-99	-99	-99	-99	-99	-99	-99
06.12.1982	0.206	8.57	-99	-99	-99	-99	-99	-99	-99	-99
07.12.1982	0.206	8.57	-99	-99	-99	-99	-99	-99	-99	-99
08.12.1982	0.206	7.747	-99	-99	-99	-99	-99	-99	-99	-99
09.12.1982	0.206	7.147	-99	-99	-99	-99	-99	-99	-99	-99
10.12.1982	0.187	6.855	-99	-99	-99	-99	-99	-99	-99	-99
11.12.1982	0.187	6.291	-99	-99	-99	-99	-99	-99	-99	-99
12.12.1982	0.187	6.181	-99	-99	-99	-99	-99	-99	-99	-99
13.12.1982	0.187	5.751	-99	-99	-99	-99	-99	-99	-99	-99
14.12.1982	0.169	5.489	-99	-99	-99	-99	-99	-99	-99	-99
15.12.1982	0.169	5.234	-99	-99	-99	-99	-99	-99	-99	-99
16.12.1982	0.272	5.489	-99	-99	-99	-99	-99	-99	-99	-99
17.12.1982	0.712	5.489	-99	-99	-99	-99	-99	-99	-99	-99
18.12.1982	0.248	5.751	-99	-99	-99	-99	-99	-99	-99	-99
19.12.1982	0.248	6.181	-99	-99	-99	-99	-99	-99	-99	-99
20.12.1982	0.226	5.489	-99	-99	-99	-99	-99	-99	-99	-99
21.12.1982	0.226	5.234	-99	-99	-99	-99	-99	-99	-99	-99
22.12.1982	0.226	4.985	-99	-99	-99	-99	-99	-99	-99	-99
23.12.1982	0.206	4.985	-99	-99	-99	-99	-99	-99	-99	-99
24.12.1982	0.206	4.742	-99	-99	-99	-99	-99	-99	-99	-99
25.12.1982	0.206	4.742	-99	-99	-99	-99	-99	-99	-99	-99
26.12.1982	0.206	5.234	-99	-99	-99	-99	-99	-99	-99	-99
27.12.1982	0.187	6.291	-99	-99	-99	-99	-99	-99	-99	-99
28.12.1982	0.187	6.57	-99	-99	-99	-99	-99	-99	-99	-99
29.12.1982	0.187	6.855	-99	-99	-99	-99	-99	-99	-99	-99
30.12.1982	0.169	6.57	-99	-99	-99	-99	-99	-99	-99	-99
31.12.1982	0.169	6.57	-99	-99	-99	-99	-99	-99	-99	-99
01.01.1983	0.153	6.57	-99	-99	-99	-99	-99	-99	-99	-99
02.01.1983	0.153	7.147	-99	-99	-99	-99	-99	-99	-99	-99
03.01.1983	0.153	7.147	-99	-99	-99	-99	-99	-99	-99	-99
04.01.1983	0.153	7.747	-99	-99	-99	-99	-99	-99	-99	-99
05.01.1983	0.187	8.57	-99	-99	-99	-99	-99	-99	-99	-99
06.01.1983	0.206	8.372	-99	-99	-99	-99	-99	-99	-99	-99
07.01.1983	0.248	9.694	-99	-99	-99	-99	-99	-99	-99	-99
08.01.1983	0.297	10.391	-99	-99	-99	-99	-99	-99	-99	-99
09.01.1983	0.324	10.391	-99	-99	-99	-99	-99	-99	-99	-99
10.01.1983	0.384	10.391	-99	-99	-99	-99	-99	-99	-99	-99
11.01.1983	0.353	12.627	-99	-99	-99	-99	-99	-99	-99	-99
12.01.1983	0.324	21.643	-99	-99	-99	-99	-99	-99	-99	-99
13.01.1983	0.297	22.677	-99	-99	-99	-99	-99	-99	-99	-99
14.01.1983	0.272	22.157	-99	-99	-99	-99	-99	-99	-99	-99
15.01.1983	0.248	20.633	-99	-99	-99	-99	-99	-99	-99	-99
16.01.1983	0.272	18.686	-99	-99	-99	-99	-99	-99	-99	-99
17.01.1983	0.297	17.748	-99	-99	-99	-99	-99	-99	-99	-99
18.01.1983	0.324	16.387	-99	-99	-99	-99	-99	-99	-99	-99
19.01.1983	0.353	15.509	-99	-99	-99	-99	-99	-99	-99	-99
20.01.1983	0.384	15.509	-99	-99	-99	-99	-99	-99	-99	-99
21.01.1983	0.384	17.748	-99	-99	-99	-99	-99	-99	-99	-99
22.01.1983	0.384	19.648	-99	-99	-99	-99	-99	-99	-99	-99
23.01.1983	0.384	22.677	-99	-99	-99	-99	-99	-99	-99	-99
24.01.1983	0.384	23.203	-99	-99	-99	-99	-99	-99	-99	-99
25.01.1983	0.384	23.735	-99	-99	-99	-99	-99	-99	-99	-99
26.01.1983	0.384	24.273	-99	-99	-99	-99	-99	-99	-99	-99
27.01.1983	0.384	28.206	-99	-99	-99	-99	-99	-99	-99	-99
28.01.1983	0.384	29.982	-99	-99	-99	-99	-99	-99	-99	-99
29.01.1983	0.384	27.529	-99	-99	-99	-99	-99	-99	-99	-99
30.01.1983	0.353	24.273	-99	-99	-99	-99	-99	-99	-99	-99
31.01.1983	0.353	21.643	-99	-99	-99	-99	-99	-99	-99	-99
01.02.1983	0.324	19.164	-99	-99	-99	-99	-99	-99	-99	-99
02.02.1983	0.324	16.835	-99	-99	-99	-99	-99	-99	-99	-99
03.02.1983	0.324	15.945	-99	-99	-99	-99	-99	-99	-99	-99
04.02.1983	0.297	14.655	-99	-99	-99	-99	-99	-99	-99	-99
05.02.1983	0.297	13.42	-99	-99	-99	-99	-99	-99	-99	-99
06.02.1983	0.297	12.239	-99	-99	-99	-99	-99	-99	-99	-99
07.02.1983	0.272	11.112	-99	-99	-99	-99	-99	-99	-99	-99
08.02.1983	0.272	10.399	-99	-99	-99	-99	-99	-99	-99	-99
09.02.1983	0.248	9.354	-99	-99	-99	-99	-99	-99	-99	-99
10.02.1983	0.248	8.693	-99	-99	-99	-99	-99	-99	-99	-99
11.02.1983	0.226	8.57	-99	-99	-99	-99	-99	-99	-99	-99
12.02.1983	0.226	7.444	-99	-99	-99	-99	-99	-99	-99	-99
13.02.1983	0.206	7.147	-99	-99	-99	-99	-99	-99	-99	-99
14.02.1983	0.206	6.57	-99	-99	-99	-99	-99	-99	-99	-99
15.02.1983	0.187	6.291	-99	-99	-99	-99	-99	-99	-99	-99
16.02.1983	0.169	6.181	-99	-99	-99	-99	-99	-99	-99	-99
17.02.1983	0.169	5.489	-99	-99	-99	-99	-99	-99	-99	-99
18.02.1983	0.153	5.234	-99	-99	-99	-99	-99	-99	-99	-99
19.02.1983	0.138	4.985	-99	-99	-99	-99	-99	-99	-99	-99
20.02.1983	0.138	4.742	-99	-99	-99	-99	-99	-99	-99	-99
21.02.1983	0.138	4.742	-99	-99	-99	-99	-99	-99	-99	-99
22.02.1983	0.124	4.742	-99	-99	-99	-99	-99	-99	-99	-99
23.02.1983	0.124	4.505	-99	-99	-99	-99	-99	-99	-99	-99
24.02.1983	0.124	4.275	-99	-99	-99	-99	-99	-99	-99	-99
25.02.1983	0.124	4.275	-99	-99	-99	-99	-99	-99	-99	-99
26.02.1983	0.111	4.502	-99	-99	-99	-99	-99	-99	-99	-99
27.02.1983	0.111	3.831	-99	-99	-99	-99	-99	-99	-99	-99
28.02.1983	0.111	3.831	-99	-99	-99	-99	-99	-99	-99	-99
01.03.1983	0.111	3.618	-99	-99	-99	-99	-99	-99	-99	-99
02.03.1983	0.996	3.411	-99	-99	-99	-99	-99	-99	-99	-99
03.03.1983	0.996	3.211	-99	-99	-99	-99	-99	-99	-99	-99
04.03.1983	0.996	3.211	-99	-99	-99	-99	-99	-99	-99	-99
05.03.1983	0.111	3.211	-99	-99	-99	-99	-99	-99	-99	-99
06.03.1983	0.124	3.411	-99	-99	-99	-99	-99	-99	-99	-99
07.03.1983	0.138	3.831	-99	-99	-99	-99	-99	-99	-99	-99
08.03.1983	0.153	4.985	-99	-99	-99	-99	-99	-99	-99	-99
09.03.1983	0.153	7.747	-99	-99	-99	-99	-99	-99	-99	-99
10.03.1983	0.153	8.693	-99	-99	-99	-99	-99	-99	-99	-99
11.03.1983	0.138	9.213	-99	-99	-99	-99	-99	-99	-99	-99
12.03.1983	0.138	8.693	-99	-99	-99	-99	-99	-99	-99	-99
13.03.1983	0.138	8.693	-99	-99	-99	-99	-99	-99	-99	-99
14.03.1983	0.138	8.372	-99	-99	-99	-99	-99	-99	-99	-99
15.03.1983	0.124	8.693	-99	-99	-99	-99	-99	-99	-99	-99
16.03.1983	0.124	8.693	-99	-99	-99	-99	-99	-99	-99	-99
17.03.1983	0.124	9.213	-99	-99	-99	-99	-99	-99	-99	-99
18.03.1983	0.124	9.354	-99	-99	-99	-99	-99	-99	-99	-99
19.03.1983	0.124	10.399	-99	-99	-99	-99	-99	-99	-99	-99
20.03.1983	0.111	9.354	-99	-99	-99	-99	-99	-99	-99	-99
21.03.1983	0.111	9.354	-99	-99	-99	-99	-99	-99	-99	-99
22.03.1983	0.111	9.213	-99	-99	-99	-99	-99	-99	-99	-99
23.03.1983	0.111	8.693	-99	-99	-99	-99	-99	-99	-99	-99
24.03.1983	0.111	8.57	-99	-99	-99	-99	-99	-99	-99	-99
25.03.1983	0.996	7.747	-99	-99	-99	-99	-99	-99	-99	-99
26.03.1983	0.996	7.444	-99	-99	-99	-99	-99	-99	-99	-99
27.03.1983	0.996	7.147	-99	-99	-99	-99	-99	-99	-99	-99
28.03.1983	0.996	6.855	-99	-99	-99	-99	-99	-99	-99	-99
29.03.1983	0.889	6.291	-99	-99	-99	-99	-99	-99	-99	-99
30.03.1983	0.889	6.181	-99	-99	-99	-99	-99	-99	-99	-99
31.03.1983	0.889	5.751	-99	-99	-99	-99	-99	-99	-99	-99
01.04.1983	0.889	5.489	-99	-99	-99	-99	-99	-99	-99	-99
02.04.1983	0.996	5.234	-99	-99	-99	-99	-99	-99	-99	-99
03.04.1983	0.889	4.985	-99	-99	-99	-99	-99	-99	-99	-99
04.04.1983	0.889	4.742	-99	-99	-99	-99	-99	-99	-99	-99
05.04.1983	0.996	4.742	-99	-99	-99	-99	-99	-99	-99	-99
06.04.1983	0.79	4.742	-99	-99	-99	-99	-99	-99	-99	-99
07.04.1983	0.79	4.742	-99	-99	-99	-99	-99	-99	-99	-99
08.04.1983	0.79	4.742	-99	-99	-99	-99	-99	-99	-99	-99
09.04.1983	0.889	4.742	-99	-99	-99	-99	-99	-99	-99	-99
10.04.1983	0.996	4.742	-99	-99	-99	-99	-99	-99	-99	-99
11.04.1983	0.996	4.742	-99	-99	-99	-99	-99	-99	-99	-99
12.04.1983	0.996	4.742	-99	-99	-99	-99	-99	-99	-99	-99
13.04.1983	0.889	4.742	-99	-99	-99	-99	-99	-99	-99	-99
14.04.1983	0.889	4.505	-99	-99	-99	-99	-99	-99	-99	-99
15.04.1983	0.996	4.985	-99	-99	-99	-99	-99	-99	-99	-99
16.04.1983	0.111	5.234	-99	-99	-99	-99	-99	-99	-99	-99
17.04.1983	0.124	5.751	-99	-99	-99	-99	-99	-99	-99	-99
18.04.1983	0.206	7.147	-99	-99	-99	-99	-99	-99	-99	-99
19.04.1983	0.226	8.57	-99	-99	-99	-99	-99	-99	-99	-99
20.04.1983	0.489	9.694	-99	-99	-99	-99	-99	-99	-99	-99
21.04.1983	0.489	12.627	-99	-99	-99	-99	-99	-99	-99	-99
22.04.1983	0.529	14.655	-99	-99	-99	-99	-99	-99	-99	-99
23.04.1983	0.571	17.288	-99	-99	-99	-99	-99	-99	-99	-99
24.04.1983	0.662	18.686	-99	-99	-99	-99	-99	-99	-99	-99
25.04.1983	0.662	19.648	-99	-99	-99	-99	-99	-99	-99	-99
26.04.1983	0.712	20.138	-99	-99	-99	-99	-99	-99	-99	-99
27.04.1983	0.88	20.633	-99	-99	-99	-99	-99	-99	-99	-99
28.04.1983	1.769	22.157	-99	-99	-99	-99	-99	-99	-99	-99
29.04.1983	1.225	23.203	-99	-99	-99	-99	-99	-99	-99	-99
30.04.1983	1.305	24.817	-99	-99	-99	-99	-99	-99	-99	-99
01.05.1983	1.225	25.923	-99	-99	-99	-99	-99	-99	-99	-99
02.05.1983	1.805	26.484	-99	-99	-99	-99	-99	-99	-99	-99
03.05.1983	1.149	26.484	-99	-99	-99	-99	-99	-99	-99	-99
04.05.1983	1.305	26.484	-99	-99	-99	-99	-99	-99	-99	-99
05.05.1983	1.389	26.484	-99	-99	-99	-99	-99	-99	-99	-99
06.05.1983	1.478	26.484	-99	-99	-99	-99	-99	-99	-99	-99
07.05.1983	1.389	26.484	-99	-99	-99	-99	-99	-99	-99	-99
08.05.1983	1.874	27.626	-99	-99	-99	-99	-99	-99	-99	-99
09.05.1983	2.481	31.812	-99	-99	-99	-99	-99	-99	-99	-99
10.05.1983	2.481	34.981	-99	-99	-99	-99	-99	-99	-99	-99
11.05.1983	3.67	38.982	-99	-99	-99	-99	-99	-99	-99	-99
12.05.1983	3.397	41.769	-99	-99	-99	-99	-99	-99	-99	-99
13.05.1983	2.762	43.198	-99	-99	-99	-99	-99	-99	-99	-99
14.05.1983	2.481	41.769	-99	-99	-99	-99	-99	-99	-99	-99
15.05.1983	2.762	41.635	-99	-99	-99	-99	-99	-99	-99	-99
16.05.1983	3.572	41.769	-99	-99	-99	-99	-99	-99	-99	-99
17.05.1983	3.572	43.922	-99	-99	-99	-99	-99	-99	-99	-99
18.05.1983	3.228	43.198	-99	-99	-99	-99	-99	-99	-99	-99
19.05.1983	3.943	43.922	-99	-99	-99	-99	-99	-99	-99	-99
20.05.1983	3.397	44.652	-99	-99	-99	-99	-99	-99	-99	-99
21.05.1983	3.67	43.922	-99	-99	-99	-99	-99	-99	-99	-99
22.05.1983	4.774	43.922	-99	-99	-99	-99	-99	-99	-99	-99
23.05.1983	4.343	49.927	-99	-99	-99	-99	-99	-99	-99	-99
24.05.1983	3.228	47.63	-99	-99	-99	-99	-99	-99	-99	-99
25.05.1983	3.228	45.387	-99	-99	-99	-99	-99	-99	-99	-99
26.05.1983	3.943	43.198	-99	-99	-99	-99	-99	-99	-99	-99
27.05.1983	5.735	45.387	-99	-99	-99	-99	-99	-99	-99	-99
28.05.1983	5.997	49.155	-99	-99	-99	-99	-99	-99	-99	-99
29.05.1983	5.482	53.735	-99	-99	-99	-99	-99	-99	-99	-99
30.05.1983	6.268	55.495	-99	-99	-99	-99	-99	-99	-99	-99
31.05.1983	5.735	59.652	-99	-99	-99	-99	-99	-99	-99	-99
01.06.1983	5.735	61.357	-99	-99	-99	-99	-99	-99	-99	-99
02.06.1983	5.237	62.218	-99	-99	-99	-99	-99	-99	-99	-99
03.06.1983	4.774	58.809	-99	-99	-99	-99	-99	-99	-99	-99
04.06.1983	4.343	56.315	-99	-99	-99	-99	-99	-99	-99	-99
05.06.1983	3.943	53.735	-99	-99	-99	-99	-99	-99	-99	-99
06.06.1983	3.754	48.39	-99	-99	-99	-99	-99	-99	-99	-99
07.06.1983	3.754	45.387	-99	-99	-99	-99	-99	-99	-99	-99
08.06.1983	4.14	42.481	-99	-99	-99	-99	-99	-99	-99	-99
09.06.1983	6.268	43.922	-99	-99	-99	-99	-99	-99	-99	-99
10.06.1983	5.997	53.875	-99	-99	-99	-99	-99	-99	-99	-99
11.06.1983	5.482	55.495	-99	-99	-99	-99	-99	-99	-99	-99
12.06.1983	5.997	57.14	-99	-99	-99	-99	-99	-99	-99	-99
13.06.1983	5.997	58.809	-99	-99	-99	-99	-99	-99	-99	-99
14.06.1983	5.238	57.14	-99	-99	-99	-99	-99	-99	-99	-99
15.06.1983	5.735	56.315	-99	-99	-99	-99	-99	-99	-99	-99
16.06.1983	5.735	57.972	-99	-99	-99	-99	-99	-99	-99	-99
17.06.1983	5.238	57.14	-99	-99	-99	-99	-99	-99	-99	-99
18.06.1983	5.237	54.682	-99	-99	-99	-99	-99	-99	-99	-99
19.06.1983	6.838	57.14	-99	-99	-99	-99	-99	-99	-99	-99
20.06.1983	8.793	68.414	-99	-99	-99	-99	-99	-99	-99	-99
21.06.1983	8.793	82.677	-99	-99	-99	-99	-99	-99	-99	-99
22.06.1983	9.157	92.932	-99	-99	-99	-99	-99	-99	-99	-99
23.06.1983	8.793	100.466	-99	-99	-99	-99	-99	-99	-99	-99
24.06.1983	7.768	99.371	-99	-99	-99	-99	-99	-99	-99	-99
25.06.1983	7.138	92.932	-99	-99	-99	-99	-99	-99	-99	-99
26.06.1983	7.138	90.833	-99	-99	-99	-99	-99	-99	-99	-99
27.06.1983	6.838	86.708	-99	-99	-99	-99	-99	-99	-99	-99
28.06.1983	6.268	77.774	-99	-99	-99	-99	-99	-99	-99	-99
29.06.1983	5.735	70.238	-99	-99	-99	-99	-99	-99	-99	-99
30.06.1983	5.997	66.614	-99	-99	-99	-99	-99	-99	-99	-99
01.07.1983	6.268	65.723	-99	-99	-99	-99	-99	-99	-99	-99
02.07.1983	6.548	65.723	-99	-99	-99	-99	-99	-99	-99	-99
03.07.1983	6.548	67.511	-99	-99	-99	-99	-99	-99	-99	-99
04.07.1983	5.997	65.723	-99	-99	-99	-99	-99	-99	-99	-99
05.07.1983	6.268	64.838	-99	-99	-99	-99	-99	-99	-99	-99
06.07.1983	6.268	64.838	-99	-99	-99	-99	-99	-99	-99	-99
07.07.1983	7.448	71.159	-99	-99	-99	-99	-99	-99	-99	-99
08.07.1983	8.992	81.685	-99	-99	-99	-99	-99	-99	-99	-99
09.07.1983	8.44	95.552	-99	-99	-99	-99	-99	-99	-99	-99
10.07.1983	8.793	104.902	-99	-99	-99	-99	-99	-99	-99	-99
11.07.1983	8.793	112.894	-99	-99	-99	-99	-99	-99	-99	-99
12.07.1983	8.793	118.782	-99	-99	-99	-99	-99	-99	-99	-99
13.07.1983	7.768	115.231	-99	-99	-99	-99	-99	-99	-99	-99
14.07.1983	6.838	104.902	-99	-99	-99	-99	-99	-99	-99	-99
15.07.1983	6.548	97.201	-99	-99	-99	-99	-99	-99	-99	-99
16.07.1983	6.838	92.932	-99	-99	-99	-99	-99	-99	-99	-99
17.07.1983	5.735	87.73	-99	-99	-99	-99	-99	-99	-99	-99
18.07.1983	5.482	77.774	-99	-99	-99	-99	-99	-99	-99	-99
19.07.1983	5.997	74.903	-99	-99	-99	-99	-99	-99	-99	-99
20.07.1983	4.774	70.238	-99	-99	-99	-99	-99	-99	-99	-99
21.07.1983	3.754	62.218	-99	-99	-99	-99	-99	-99	-99	-99
22.07.1983	4.774	57.14	-99	-99	-99	-99	-99	-99	-99	-99
23.07.1983	5.997	58.809	-99	-99	-99	-99	-99	-99	-99	-99
24.07.1983	5.997	63.859	-99	-99	-99	-99	-99	-99	-99	-99
25.07.1983	6.268	65.723	-99	-99	-99	-99	-99	-99	-99	-99
26.07.1983	6.838	72.869	-99	-99	-99	-99	-99	-99	-99	-99
27.07.1983	6.838	78.743	-99	-99	-99	-99	-99	-99	-99	-99
28.07.1983	6.268	82.677	-99	-99	-99	-99	-99	-99	-99	-99
29.07.1983	5.997	80.698	-99	-99	-99	-99	-99	-99	-99	-99
30.07.1983	6.548	88.759	-99	-99	-99	-99	-99	-99	-99	-99
31.07.1983	5.482	85.691	-99	-99	-99	-99	-99	-99	-99	-99
01.08.1983	5.238	79.717	-99	-99	-99	-99	-99	-99	-99	-99
02.08.1983	6.838	83.676	-99	-99	-99	-99	-99	-99	-99	-99
03.08.1983	5.238	83.676	-99	-99	-99	-99	-99	-99	-99	-99
04.08.1983	4.14	75.854	-99	-99	-99	-99	-99	-99	-99	-99
05.08.1983	3.943	67.511	-99	-99	-99	-99	-99	-99	-99	-99
06.08.1983	3.572	61.357	-99	-99	-99	-99	-99	-99	-99	-99
07.08.1983	3.397	56.315	-99	-99	-99	-99	-99	-99	-99	-99
08.08.1983	4.14	55.495	-99	-99	-99	-99	-99	-99	-99	-99
09.08.1983	4.774	57.972	-99	-99	-99	-99	-99	-99	-99	-99
10.08.1983	4.555	58.809	-99	-99	-99	-99	-99	-99	-99	-99
11.08.1983	4.555	58.809	-99	-99	-99	-99	-99	-99	-99	-99
12.08.1983	5.735	62.218	-99	-99	-99	-99	-99	-99	-99	-99
13.08.1983	4.14	62.218	-99	-99	-99	-99	-99	-99	-99	-99
14.08.1983	3.228	57.14	-99	-99	-99	-99	-99	-99	-99	-99
15.08.1983	5.482	54.682	-99	-99	-99	-99	-99	-99	-99	-99
16.08.1983	8.44	82.677	-99	-99	-99	-99	-99	-99	-99	-99
17.08.1983	6.838	92.932	-99	-99	-99	-99	-99	-99	-99	-99
18.08.1983	5.237	86.708	-99	-99	-99	-99	-99	-99	-99	-99
19.08.1983	3.572	73.958	-99	-99	-99	-99	-99	-99	-99	-99
20.08.1983	3.397	64.838	-99	-99	-99	-99	-99	-99	-99	-99
21.08.1983	3.572	60.502	-99	-99	-99	-99	-99	-99	-99	-99
22.08.1983	5.482	65.723	-99	-99	-99	-99	-99	-99	-99	-99
23.08.1983	5.238	75.854	-99	-99	-99	-99	-99	-99	-99	-99
24.08.1983	3.754	71.159	-99	-99	-99	-99	-99	-99	-99	-99
25.08.1983	2.762	63.859	-99	-99	-99	-99	-99	-99	-99	-99
26.08.1983	2.911	56.315	-99	-99	-99	-99	-99	-99	-99	-99
27.08.1983	3.397	53.875	-99	-99	-99	-99	-99	-99	-99	-99
28.08.1983	3.67	53.875	-99	-99	-99	-99	-99	-99	-99	-99
29.08.1983	2.349	49.927	-99	-99	-99	-99	-99	-99	-99	-99
30.08.1983	2.222	44.652	-99	-99	-99	-99	-99	-99	-99	-99
31.08.1983	5.735	50.705	-99	-99	-99	-99	-99	-99	-99	-99
01.09.1983	4.14	57.14	-99	-99	-99	-99	-99	-99	-99	-99
02.09.1983	3.754	58.809	-99	-99	-99	-99	-99	-99	-99	-99
03.09.1983	4.14	62.218	-99	-99	-99	-99	-99	-99	-99	-99
04.09.1983	3.943	65.723	-99	-99	-99	-99	-99	-99	-99	-99
05.09.1983	3.228	64.838	-99	-99	-99	-99	-99	-99	-99	-99
06.09.1983	2.762	60.502	-99	-99	-99	-99	-99	-99	-99	-99
07.09.1983	2.481	54.682	-99	-99	-99	-99	-99	-99	-99	-99
08.09.1983	2.101	48.39	-99	-99	-99	-99	-99	-99	-99	-99
09.09.1983	1.667	42.481	-99	-99	-99	-99	-99	-99	-99	-99
10.09.1983	1.305	36.954	-99	-99	-99	-99	-99	-99	-99	-99
11.09.1983	1.225	32.433	-99	-99	-99	-99	-99	-99	-99	-99
12.09.1983	1.149	29.384	-99	-99	-99	-99	-99	-99	-99	-99
13.09.1983	1.769	27.529	-99	-99	-99	-99	-99	-99	-99	-99
14.09.1983	1.149	25.367	-99	-99	-99	-99	-99	-99	-99	-99
15.09.1983	1.769	23.735	-99	-99	-99	-99	-99	-99	-99	-99
16.09.1983	1.305	23.203	-99	-99	-99	-99	-99	-99	-99	-99
17.09.1983	1.389	22.677	-99	-99	-99	-99	-99	-99	-99	-99
18.09.1983	1.225	22.157	-99	-99	-99	-99	-99	-99	-99	-99
19.09.1983	1.225	22.157	-99	-99	-99	-99	-99	-99	-99	-99
20.09.1983	1.478	23.735	-99	-99	-99	-99	-99	-99	-99	-99
21.09.1983	1.667	27.529	-99	-99	-99	-99	-99	-99	-99	-99
22.09.1983	1.305	25.923	-99	-99	-99	-99	-99	-99	-99	-99
23.09.1983	1.478	24.817	-99	-99	-99	-99	-99	-99	-99	-99
24.09.1983	7.138	39.67	-99	-99	-99	-99	-99	-99	-99	-99
25.09.1983	4.343	49.155	-99	-99	-99	-99	-99	-99	-99	-99
26.09.1983	7.448	58.809	-99	-99	-99	-99	-99	-99	-99	-99
27.09.1983	9.919	93.99	-99	-99	-99	-99	-99	-99	-99	-99
28.09.1983	5.997	115.231	-99	-99	-99	-99	-99	-99	-99	-99
29.09.1983	3.943	95.552	-99	-99	-99	-99	-99	-99	-99	-99
30.09.1983	2.481	76.811	-99	-99	-99	-99	-99	-99	-99	-99
01.10.1983	1.667	61.357	-99	-99	-99	-99	-99	-99	-99	-99
02.10.1983	1.389	58.809	-99	-99	-99	-99	-99	-99	-99	-99
03.10.1983	4.774	47.63	-99	-99	-99	-99	-99	-99	-99	-99
04.10.1983	7.138	68.414	-99	-99	-99	-99	-99	-99	-99	-99
05.10.1983	6.838	88.759	-99	-99	-99	-99	-99	-99	-99	-99
06.10.1983	5.237	91.88	-99	-99	-99	-99	-99	-99	-99	-99
07.10.1983	3.67	79.717	-99	-99	-99	-99	-99	-99	-99	-99
08.10.1983	2.222	66.614	-99	-99	-99	-99	-99	-99	-99	-99
09.10.1983	1.57	55.495	-99	-99	-99	-99	-99	-99	-99	-99
10.10.1983	1.769	46.877	-99	-99	-99	-99	-99	-99	-99	-99
11.10.1983	0.821	39.67	-99	-99	-99	-99	-99	-99	-99	-99
12.10.1983	0.662	33.695	-99	-99	-99	-99	-99	-99	-99	-99
13.10.1983	0.88	30.586	-99	-99	-99	-99	-99	-99	-99	-99
14.10.1983	0.88	28.792	-99	-99	-99	-99	-99	-99	-99	-99
15.10.1983	0.765	28.206	-99	-99	-99	-99	-99	-99	-99	-99
16.10.1983	2.618	28.206	-99	-99	-99	-99	-99	-99	-99	-99
17.10.1983	1.389	31.812	-99	-99	-99	-99	-99	-99	-99	-99
18.10.1983	1.805	29.982	-99	-99	-99	-99	-99	-99	-99	-99
19.10.1983	0.88	28.792	-99	-99	-99	-99	-99	-99	-99	-99
20.10.1983	0.821	28.792	-99	-99	-99	-99	-99	-99	-99	-99
21.10.1983	0.821	28.792	-99	-99	-99	-99	-99	-99	-99	-99
22.10.1983	1.769	29.982	-99	-99	-99	-99	-99	-99	-99	-99
23.10.1983	2.481	35.633	-99	-99	-99	-99	-99	-99	-99	-99
24.10.1983	1.478	41.769	-99	-99	-99	-99	-99	-99	-99	-99
25.10.1983	1.769	38.982	-99	-99	-99	-99	-99	-99	-99	-99
26.10.1983	7.448	69.323	-99	-99	-99	-99	-99	-99	-99	-99
27.10.1983	7.448	158.611	-99	-99	-99	-99	-99	-99	-99	-99
28.10.1983	4.14	138.624	-99	-99	-99	-99	-99	-99	-99	-99
29.10.1983	2.762	104.902	-99	-99	-99	-99	-99	-99	-99	-99
30.10.1983	3.67	93.99	-99	-99	-99	-99	-99	-99	-99	-99
31.10.1983	2.618	93.99	-99	-99	-99	-99	-99	-99	-99	-99
01.11.1983	2.349	86.708	-99	-99	-99	-99	-99	-99	-99	-99
02.11.1983	1.985	79.717	-99	-99	-99	-99	-99	-99	-99	-99
03.11.1983	1.478	67.511	-99	-99	-99	-99	-99	-99	-99	-99
04.11.1983	1.305	57.972	-99	-99	-99	-99	-99	-99	-99	-99
05.11.1983	1.805	49.155	-99	-99	-99	-99	-99	-99	-99	-99
06.11.1983	1.149	47.63	-99	-99	-99	-99	-99	-99	-99	-99
07.11.1983	1.389	48.39	-99	-99	-99	-99	-99	-99	-99	-99
08.11.1983	3.397	52.278	-99	-99	-99	-99	-99	-99	-99	-99
09.11.1983	2.349	60.502	-99	-99	-99	-99	-99	-99	-99	-99
10.11.1983	1.305	55.495	-99	-99	-99	-99	-99	-99	-99	-99
11.11.1983	0.821	46.877	-99	-99	-99	-99	-99	-99	-99	-99
12.11.1983	0.712	39.67	-99	-99	-99	-99	-99	-99	-99	-99
13.11.1983	0.529	33.695	-99	-99	-99	-99	-99	-99	-99	-99
14.11.1983	0.452	29.384	-99	-99	-99	-99	-99	-99	-99	-99
15.11.1983	0.489	26.484	-99	-99	-99	-99	-99	-99	-99	-99
16.11.1983	0.452	23.735	-99	-99	-99	-99	-99	-99	-99	-99
17.11.1983	0.384	21.643	-99	-99	-99	-99	-99	-99	-99	-99
18.11.1983	0.324	19.164	-99	-99	-99	-99	-99	-99	-99	-99
19.11.1983	0.297	18.214	-99	-99	-99	-99	-99	-99	-99	-99
20.11.1983	0.297	18.686	-99	-99	-99	-99	-99	-99	-99	-99
21.11.1983	0.297	18.686	-99	-99	-99	-99	-99	-99	-99	-99
22.11.1983	0.297	17.748	-99	-99	-99	-99	-99	-99	-99	-99
23.11.1983	0.272	16.835	-99	-99	-99	-99	-99	-99	-99	-99
24.11.1983	0.272	15.945	-99	-99	-99	-99	-99	-99	-99	-99
25.11.1983	0.272	15.509	-99	-99	-99	-99	-99	-99	-99	-99
26.11.1983	0.272	15.509	-99	-99	-99	-99	-99	-99	-99	-99
27.11.1983	0.272	15.797	-99	-99	-99	-99	-99	-99	-99	-99
28.11.1983	0.272	13.826	-99	-99	-99	-99	-99	-99	-99	-99
29.11.1983	0.272	12.627	-99	-99	-99	-99	-99	-99	-99	-99
30.11.1983	0.272	11.857	-99	-99	-99	-99	-99	-99	-99	-99
01.12.1983	0.248	11.112	-99	-99	-99	-99	-99	-99	-99	-99
02.12.1983	0.248	10.391	-99	-99	-99	-99	-99	-99	-99	-99
03.12.1983	0.248	10.399	-99	-99	-99	-99	-99	-99	-99	-99
04.12.1983	0.248	11.112	-99	-99	-99	-99	-99	-99	-99	-99
05.12.1983	0.248	14.655	-99	-99	-99	-99	-99	-99	-99	-99
06.12.1983	0.248	17.288	-99	-99	-99	-99	-99	-99	-99	-99
07.12.1983	0.248	17.288	-99	-99	-99	-99	-99	-99	-99	-99
08.12.1983	0.248	16.387	-99	-99	-99	-99	-99	-99	-99	-99
09.12.1983	0.226	16.387	-99	-99	-99	-99	-99	-99	-99	-99
10.12.1983	0.206	15.797	-99	-99	-99	-99	-99	-99	-99	-99
11.12.1983	0.206	14.238	-99	-99	-99	-99	-99	-99	-99	-99
12.12.1983	0.187	13.42	-99	-99	-99	-99	-99	-99	-99	-99
13.12.1983	0.169	12.627	-99	-99	-99	-99	-99	-99	-99	-99
14.12.1983	0.169	11.857	-99	-99	-99	-99	-99	-99	-99	-99
15.12.1983	0.169	13.42	-99	-99	-99	-99	-99	-99	-99	-99
16.12.1983	0.153	13.826	-99	-99	-99	-99	-99	-99	-99	-99
17.12.1983	0.153	13.42	-99	-99	-99	-99	-99	-99	-99	-99
18.12.1983	0.153	12.627	-99	-99	-99	-99	-99	-99	-99	-99
19.12.1983	0.153	12.239	-99	-99	-99	-99	-99	-99	-99	-99
20.12.1983	0.138	11.112	-99	-99	-99	-99	-99	-99	-99	-99
21.12.1983	0.138	10.399	-99	-99	-99	-99	-99	-99	-99	-99
22.12.1983	0.138	9.354	-99	-99	-99	-99	-99	-99	-99	-99
23.12.1983	0.138	8.693	-99	-99	-99	-99	-99	-99	-99	-99
24.12.1983	0.124	8.693	-99	-99	-99	-99	-99	-99	-99	-99
25.12.1983	0.124	8.372	-99	-99	-99	-99	-99	-99	-99	-99
26.12.1983	0.124	7.747	-99	-99	-99	-99	-99	-99	-99	-99
27.12.1983	0.124	7.747	-99	-99	-99	-99	-99	-99	-99	-99
28.12.1983	0.111	8.372	-99	-99	-99	-99	-99	-99	-99	-99
29.12.1983	0.111	9.213	-99	-99	-99	-99	-99	-99	-99	-99
30.12.1983	0.111	9.354	-99	-99	-99	-99	-99	-99	-99	-99
31.12.1983	0.111	9.694	-99	-99	-99	-99	-99	-99	-99	-99
01.01.1984	0.111	11.112	-99	-99	-99	-99	-99	-99	-99	-99
02.01.1984	0.111	11.857	-99	-99	-99	-99	-99	-99	-99	-99
03.01.1984	0.111	11.857	-99	-99	-99	-99	-99	-99	-99	-99
04.01.1984	0.111	11.482	-99	-99	-99	-99	-99	-99	-99	-99
05.01.1984	0.111	11.112	-99	-99	-99	-99	-99	-99	-99	-99
06.01.1984	0.111	11.112	-99	-99	-99	-99	-99	-99	-99	-99
07.01.1984	0.111	10.749	-99	-99	-99	-99	-99	-99	-99	-99
08.01.1984	0.111	10.399	-99	-99	-99	-99	-99	-99	-99	-99
09.01.1984	0.111	9.354	-99	-99	-99	-99	-99	-99	-99	-99
10.01.1984	0.111	8.693	-99	-99	-99	-99	-99	-99	-99	-99
11.01.1984	0.111	9.354	-99	-99	-99	-99	-99	-99	-99	-99
12.01.1984	0.111	9.694	-99	-99	-99	-99	-99	-99	-99	-99
13.01.1984	0.111	9.694	-99	-99	-99	-99	-99	-99	-99	-99
14.01.1984	0.111	9.354	-99	-99	-99	-99	-99	-99	-99	-99
15.01.1984	0.111	9.354	-99	-99	-99	-99	-99	-99	-99	-99
16.01.1984	0.111	9.213	-99	-99	-99	-99	-99	-99	-99	-99
17.01.1984	0.111	8.372	-99	-99	-99	-99	-99	-99	-99	-99
18.01.1984	0.111	7.747	-99	-99	-99	-99	-99	-99	-99	-99
19.01.1984	0.111	7.444	-99	-99	-99	-99	-99	-99	-99	-99
20.01.1984	0.111	7.147	-99	-99	-99	-99	-99	-99	-99	-99
21.01.1984	0.111	6.855	-99	-99	-99	-99	-99	-99	-99	-99
22.01.1984	0.111	6.57	-99	-99	-99	-99	-99	-99	-99	-99
23.01.1984	0.111	6.57	-99	-99	-99	-99	-99	-99	-99	-99
24.01.1984	0.111	5.751	-99	-99	-99	-99	-99	-99	-99	-99
25.01.1984	0.111	5.489	-99	-99	-99	-99	-99	-99	-99	-99
26.01.1984	0.111	5.234	-99	-99	-99	-99	-99	-99	-99	-99
27.01.1984	0.111	4.985	-99	-99	-99	-99	-99	-99	-99	-99
28.01.1984	0.996	4.742	-99	-99	-99	-99	-99	-99	-99	-99
29.01.1984	0.79	4.742	-99	-99	-99	-99	-99	-99	-99	-99
30.01.1984	0.619	4.505	-99	-99	-99	-99	-99	-99	-99	-99
31.01.1984	0.545	4.275	-99	-99	-99	-99	-99	-99	-99	-99
01.02.1984	0.478	4.502	-99	-99	-99	-99	-99	-99	-99	-99
02.02.1984	0.417	4.502	-99	-99	-99	-99	-99	-99	-99	-99
03.02.1984	0.363	3.831	-99	-99	-99	-99	-99	-99	-99	-99
04.02.1984	0.314	3.618	-99	-99	-99	-99	-99	-99	-99	-99
05.02.1984	0.363	3.411	-99	-99	-99	-99	-99	-99	-99	-99
06.02.1984	0.545	3.618	-99	-99	-99	-99	-99	-99	-99	-99
07.02.1984	0.545	3.618	-99	-99	-99	-99	-99	-99	-99	-99
08.02.1984	0.478	3.618	-99	-99	-99	-99	-99	-99	-99	-99
09.02.1984	0.478	3.411	-99	-99	-99	-99	-99	-99	-99	-99
10.02.1984	0.545	3.411	-99	-99	-99	-99	-99	-99	-99	-99
11.02.1984	0.545	3.411	-99	-99	-99	-99	-99	-99	-99	-99
12.02.1984	0.478	3.411	-99	-99	-99	-99	-99	-99	-99	-99
13.02.1984	0.478	3.411	-99	-99	-99	-99	-99	-99	-99	-99
14.02.1984	0.478	3.411	-99	-99	-99	-99	-99	-99	-99	-99
15.02.1984	0.417	3.411	-99	-99	-99	-99	-99	-99	-99	-99
16.02.1984	0.363	3.411	-99	-99	-99	-99	-99	-99	-99	-99
17.02.1984	0.363	3.211	-99	-99	-99	-99	-99	-99	-99	-99
18.02.1984	0.363	3.211	-99	-99	-99	-99	-99	-99	-99	-99
19.02.1984	0.363	3.211	-99	-99	-99	-99	-99	-99	-99	-99
20.02.1984	0.363	3.167	-99	-99	-99	-99	-99	-99	-99	-99
21.02.1984	0.314	3.167	-99	-99	-99	-99	-99	-99	-99	-99
22.02.1984	0.27	2.828	-99	-99	-99	-99	-99	-99	-99	-99
23.02.1984	0.27	2.645	-99	-99	-99	-99	-99	-99	-99	-99
24.02.1984	0.27	2.645	-99	-99	-99	-99	-99	-99	-99	-99
25.02.1984	0.27	2.645	-99	-99	-99	-99	-99	-99	-99	-99
26.02.1984	0.27	2.645	-99	-99	-99	-99	-99	-99	-99	-99
27.02.1984	0.27	2.645	-99	-99	-99	-99	-99	-99	-99	-99
28.02.1984	0.27	2.645	-99	-99	-99	-99	-99	-99	-99	-99
29.02.1984	0.79	2.469	-99	-99	-99	-99	-99	-99	-99	-99
01.03.1984	0.138	2.828	-99	-99	-99	-99	-99	-99	-99	-99
02.03.1984	0.111	3.411	-99	-99	-99	-99	-99	-99	-99	-99
03.03.1984	0.619	3.211	-99	-99	-99	-99	-99	-99	-99	-99
04.03.1984	0.545	3.167	-99	-99	-99	-99	-99	-99	-99	-99
05.03.1984	0.701	3.211	-99	-99	-99	-99	-99	-99	-99	-99
06.03.1984	0.889	3.831	-99	-99	-99	-99	-99	-99	-99	-99
07.03.1984	0.111	4.275	-99	-99	-99	-99	-99	-99	-99	-99
08.03.1984	0.124	4.275	-99	-99	-99	-99	-99	-99	-99	-99
09.03.1984	0.124	4.275	-99	-99	-99	-99	-99	-99	-99	-99
10.03.1984	0.111	4.275	-99	-99	-99	-99	-99	-99	-99	-99
11.03.1984	0.996	4.502	-99	-99	-99	-99	-99	-99	-99	-99
12.03.1984	0.889	3.831	-99	-99	-99	-99	-99	-99	-99	-99
13.03.1984	0.79	3.831	-99	-99	-99	-99	-99	-99	-99	-99
14.03.1984	0.79	3.618	-99	-99	-99	-99	-99	-99	-99	-99
15.03.1984	0.701	3.618	-99	-99	-99	-99	-99	-99	-99	-99
16.03.1984	0.619	3.411	-99	-99	-99	-99	-99	-99	-99	-99
17.03.1984	0.545	3.411	-99	-99	-99	-99	-99	-99	-99	-99
18.03.1984	0.545	3.211	-99	-99	-99	-99	-99	-99	-99	-99
19.03.1984	0.478	3.211	-99	-99	-99	-99	-99	-99	-99	-99
20.03.1984	0.417	3.167	-99	-99	-99	-99	-99	-99	-99	-99
21.03.1984	0.363	3.167	-99	-99	-99	-99	-99	-99	-99	-99
22.03.1984	0.363	3.167	-99	-99	-99	-99	-99	-99	-99	-99
23.03.1984	0.314	3.167	-99	-99	-99	-99	-99	-99	-99	-99
24.03.1984	0.314	3.167	-99	-99	-99	-99	-99	-99	-99	-99
25.03.1984	0.27	2.828	-99	-99	-99	-99	-99	-99	-99	-99
26.03.1984	0.27	2.828	-99	-99	-99	-99	-99	-99	-99	-99
27.03.1984	0.27	2.645	-99	-99	-99	-99	-99	-99	-99	-99
28.03.1984	0.232	2.645	-99	-99	-99	-99	-99	-99	-99	-99
29.03.1984	0.232	2.469	-99	-99	-99	-99	-99	-99	-99	-99
30.03.1984	0.197	2.469	-99	-99	-99	-99	-99	-99	-99	-99
31.03.1984	0.197	2.469	-99	-99	-99	-99	-99	-99	-99	-99
01.04.1984	0.197	2.469	-99	-99	-99	-99	-99	-99	-99	-99
02.04.1984	0.232	2.469	-99	-99	-99	-99	-99	-99	-99	-99
03.04.1984	0.232	2.469	-99	-99	-99	-99	-99	-99	-99	-99
04.04.1984	0.197	2.469	-99	-99	-99	-99	-99	-99	-99	-99
05.04.1984	0.197	2.298	-99	-99	-99	-99	-99	-99	-99	-99
06.04.1984	0.27	2.469	-99	-99	-99	-99	-99	-99	-99	-99
07.04.1984	0.417	3.167	-99	-99	-99	-99	-99	-99	-99	-99
08.04.1984	0.417	3.618	-99	-99	-99	-99	-99	-99	-99	-99
09.04.1984	0.545	4.275	-99	-99	-99	-99	-99	-99	-99	-99
10.04.1984	0.545	4.742	-99	-99	-99	-99	-99	-99	-99	-99
11.04.1984	0.478	5.234	-99	-99	-99	-99	-99	-99	-99	-99
12.04.1984	0.314	5.751	-99	-99	-99	-99	-99	-99	-99	-99
13.04.1984	0.27	6.291	-99	-99	-99	-99	-99	-99	-99	-99
14.04.1984	0.363	7.444	-99	-99	-99	-99	-99	-99	-99	-99
15.04.1984	0.545	8.372	-99	-99	-99	-99	-99	-99	-99	-99
16.04.1984	0.619	9.213	-99	-99	-99	-99	-99	-99	-99	-99
17.04.1984	0.619	9.213	-99	-99	-99	-99	-99	-99	-99	-99
18.04.1984	0.619	8.693	-99	-99	-99	-99	-99	-99	-99	-99
19.04.1984	0.545	8.372	-99	-99	-99	-99	-99	-99	-99	-99
20.04.1984	0.701	8.372	-99	-99	-99	-99	-99	-99	-99	-99
21.04.1984	0.169	9.354	-99	-99	-99	-99	-99	-99	-99	-99
22.04.1984	0.324	12.239	-99	-99	-99	-99	-99	-99	-99	-99
23.04.1984	0.187	13.826	-99	-99	-99	-99	-99	-99	-99	-99
24.04.1984	0.169	14.655	-99	-99	-99	-99	-99	-99	-99	-99
25.04.1984	0.187	15.797	-99	-99	-99	-99	-99	-99	-99	-99
26.04.1984	0.324	15.509	-99	-99	-99	-99	-99	-99	-99	-99
27.04.1984	0.529	17.288	-99	-99	-99	-99	-99	-99	-99	-99
28.04.1984	1.769	19.164	-99	-99	-99	-99	-99	-99	-99	-99
29.04.1984	1.225	23.203	-99	-99	-99	-99	-99	-99	-99	-99
30.04.1984	1.225	25.923	-99	-99	-99	-99	-99	-99	-99	-99
01.05.1984	1.478	28.792	-99	-99	-99	-99	-99	-99	-99	-99
02.05.1984	1.874	32.433	-99	-99	-99	-99	-99	-99	-99	-99
03.05.1984	1.874	36.291	-99	-99	-99	-99	-99	-99	-99	-99
04.05.1984	1.57	37.624	-99	-99	-99	-99	-99	-99	-99	-99
05.05.1984	1.149	37.624	-99	-99	-99	-99	-99	-99	-99	-99
06.05.1984	0.765	35.633	-99	-99	-99	-99	-99	-99	-99	-99
07.05.1984	0.529	32.433	-99	-99	-99	-99	-99	-99	-99	-99
08.05.1984	0.452	29.384	-99	-99	-99	-99	-99	-99	-99	-99
09.05.1984	0.353	25.923	-99	-99	-99	-99	-99	-99	-99	-99
10.05.1984	0.324	23.203	-99	-99	-99	-99	-99	-99	-99	-99
11.05.1984	0.353	20.633	-99	-99	-99	-99	-99	-99	-99	-99
12.05.1984	0.353	19.164	-99	-99	-99	-99	-99	-99	-99	-99
13.05.1984	0.529	18.214	-99	-99	-99	-99	-99	-99	-99	-99
14.05.1984	0.662	17.748	-99	-99	-99	-99	-99	-99	-99	-99
15.05.1984	1.305	18.686	-99	-99	-99	-99	-99	-99	-99	-99
16.05.1984	2.762	21.643	-99	-99	-99	-99	-99	-99	-99	-99
17.05.1984	3.572	27.626	-99	-99	-99	-99	-99	-99	-99	-99
18.05.1984	4.555	36.291	-99	-99	-99	-99	-99	-99	-99	-99
19.05.1984	4.14	46.877	-99	-99	-99	-99	-99	-99	-99	-99
20.05.1984	3.572	52.278	-99	-99	-99	-99	-99	-99	-99	-99
21.05.1984	3.943	55.495	-99	-99	-99	-99	-99	-99	-99	-99
22.05.1984	5.482	66.614	-99	-99	-99	-99	-99	-99	-99	-99
23.05.1984	5.238	79.717	-99	-99	-99	-99	-99	-99	-99	-99
24.05.1984	5.482	85.691	-99	-99	-99	-99	-99	-99	-99	-99
25.05.1984	5.238	89.793	-99	-99	-99	-99	-99	-99	-99	-99
26.05.1984	5.238	90.833	-99	-99	-99	-99	-99	-99	-99	-99
27.05.1984	5.482	88.759	-99	-99	-99	-99	-99	-99	-99	-99
28.05.1984	6.838	91.88	-99	-99	-99	-99	-99	-99	-99	-99
29.05.1984	7.448	102.672	-99	-99	-99	-99	-99	-99	-99	-99
30.05.1984	7.448	107.155	-99	-99	-99	-99	-99	-99	-99	-99
31.05.1984	7.448	110.581	-99	-99	-99	-99	-99	-99	-99	-99
01.06.1984	7.768	117.593	-99	-99	-99	-99	-99	-99	-99	-99
02.06.1984	7.448	126.445	-99	-99	-99	-99	-99	-99	-99	-99
03.06.1984	7.768	136.609	-99	-99	-99	-99	-99	-99	-99	-99
04.06.1984	7.768	132.26	-99	-99	-99	-99	-99	-99	-99	-99
05.06.1984	7.448	124.819	-99	-99	-99	-99	-99	-99	-99	-99
06.06.1984	7.768	124.819	-99	-99	-99	-99	-99	-99	-99	-99
07.06.1984	7.448	124.819	-99	-99	-99	-99	-99	-99	-99	-99
08.06.1984	6.548	124.819	-99	-99	-99	-99	-99	-99	-99	-99
09.06.1984	5.237	101.566	-99	-99	-99	-99	-99	-99	-99	-99
10.06.1984	3.754	85.691	-99	-99	-99	-99	-99	-99	-99	-99
11.06.1984	3.67	72.869	-99	-99	-99	-99	-99	-99	-99	-99
12.06.1984	2.762	62.218	-99	-99	-99	-99	-99	-99	-99	-99
13.06.1984	3.397	56.315	-99	-99	-99	-99	-99	-99	-99	-99
14.06.1984	3.754	56.315	-99	-99	-99	-99	-99	-99	-99	-99
15.06.1984	4.14	55.495	-99	-99	-99	-99	-99	-99	-99	-99
16.06.1984	4.555	56.315	-99	-99	-99	-99	-99	-99	-99	-99
17.06.1984	4.774	57.972	-99	-99	-99	-99	-99	-99	-99	-99
18.06.1984	5.237	58.809	-99	-99	-99	-99	-99	-99	-99	-99
19.06.1984	7.138	70.238	-99	-99	-99	-99	-99	-99	-99	-99
20.06.1984	7.448	85.691	-99	-99	-99	-99	-99	-99	-99	-99
21.06.1984	6.548	93.99	-99	-99	-99	-99	-99	-99	-99	-99
22.06.1984	5.238	96.125	-99	-99	-99	-99	-99	-99	-99	-99
23.06.1984	4.343	86.708	-99	-99	-99	-99	-99	-99	-99	-99
24.06.1984	3.754	75.854	-99	-99	-99	-99	-99	-99	-99	-99
25.06.1984	3.397	67.511	-99	-99	-99	-99	-99	-99	-99	-99
26.06.1984	3.228	59.652	-99	-99	-99	-99	-99	-99	-99	-99
27.06.1984	3.397	53.875	-99	-99	-99	-99	-99	-99	-99	-99
28.06.1984	3.572	50.705	-99	-99	-99	-99	-99	-99	-99	-99
29.06.1984	3.67	47.63	-99	-99	-99	-99	-99	-99	-99	-99
30.06.1984	3.228	45.387	-99	-99	-99	-99	-99	-99	-99	-99
01.07.1984	3.228	43.922	-99	-99	-99	-99	-99	-99	-99	-99
02.07.1984	3.67	43.198	-99	-99	-99	-99	-99	-99	-99	-99
03.07.1984	3.67	41.635	-99	-99	-99	-99	-99	-99	-99	-99
04.07.1984	3.572	41.635	-99	-99	-99	-99	-99	-99	-99	-99
05.07.1984	3.572	42.481	-99	-99	-99	-99	-99	-99	-99	-99
06.07.1984	3.572	43.198	-99	-99	-99	-99	-99	-99	-99	-99
07.07.1984	4.14	46.129	-99	-99	-99	-99	-99	-99	-99	-99
08.07.1984	4.774	51.488	-99	-99	-99	-99	-99	-99	-99	-99
09.07.1984	5.238	59.652	-99	-99	-99	-99	-99	-99	-99	-99
10.07.1984	5.238	67.511	-99	-99	-99	-99	-99	-99	-99	-99
11.07.1984	5.997	77.774	-99	-99	-99	-99	-99	-99	-99	-99
12.07.1984	5.482	82.677	-99	-99	-99	-99	-99	-99	-99	-99
13.07.1984	5.237	81.685	-99	-99	-99	-99	-99	-99	-99	-99
14.07.1984	4.774	78.743	-99	-99	-99	-99	-99	-99	-99	-99
15.07.1984	4.774	76.811	-99	-99	-99	-99	-99	-99	-99	-99
16.07.1984	4.555	73.958	-99	-99	-99	-99	-99	-99	-99	-99
17.07.1984	4.343	72.869	-99	-99	-99	-99	-99	-99	-99	-99
18.07.1984	4.343	69.323	-99	-99	-99	-99	-99	-99	-99	-99
19.07.1984	4.14	67.511	-99	-99	-99	-99	-99	-99	-99	-99
20.07.1984	3.754	63.959	-99	-99	-99	-99	-99	-99	-99	-99
21.07.1984	5.237	63.959	-99	-99	-99	-99	-99	-99	-99	-99
22.07.1984	4.555	65.723	-99	-99	-99	-99	-99	-99	-99	-99
23.07.1984	3.943	63.959	-99	-99	-99	-99	-99	-99	-99	-99
24.07.1984	3.754	61.357	-99	-99	-99	-99	-99	-99	-99	-99
25.07.1984	4.555	61.357	-99	-99	-99	-99	-99	-99	-99	-99
26.07.1984	4.774	67.511	-99	-99	-99	-99	-99	-99	-99	-99
27.07.1984	3.754	68.414	-99	-99	-99	-99	-99	-99	-99	-99
28.07.1984	3.572	63.959	-99	-99	-99	-99	-99	-99	-99	-99
29.07.1984	4.774	64.838	-99	-99	-99	-99	-99	-99	-99	-99
30.07.1984	4.555	69.323	-99	-99	-99	-99	-99	-99	-99	-99
31.07.1984	4.555	69.323	-99	-99	-99	-99	-99	-99	-99	-99
01.08.1984	6.548	81.685	-99	-99	-99	-99	-99	-99	-99	-99
02.08.1984	5.482	95.552	-99	-99	-99	-99	-99	-99	-99	-99
03.08.1984	5.238	97.201	-99	-99	-99	-99	-99	-99	-99	-99
04.08.1984	4.555	95.552	-99	-99	-99	-99	-99	-99	-99	-99
05.08.1984	4.14	90.833	-99	-99	-99	-99	-99	-99	-99	-99
06.08.1984	4.14	85.691	-99	-99	-99	-99	-99	-99	-99	-99
07.08.1984	4.14	83.676	-99	-99	-99	-99	-99	-99	-99	-99
08.08.1984	3.397	78.743	-99	-99	-99	-99	-99	-99	-99	-99
09.08.1984	3.67	71.159	-99	-99	-99	-99	-99	-99	-99	-99
10.08.1984	2.762	64.838	-99	-99	-99	-99	-99	-99	-99	-99
11.08.1984	2.618	59.652	-99	-99	-99	-99	-99	-99	-99	-99
12.08.1984	2.911	57.14	-99	-99	-99	-99	-99	-99	-99	-99
13.08.1984	3.67	56.315	-99	-99	-99	-99	-99	-99	-99	-99
14.08.1984	2.911	55.495	-99	-99	-99	-99	-99	-99	-99	-99
15.08.1984	2.911	53.735	-99	-99	-99	-99	-99	-99	-99	-99
16.08.1984	2.762	52.278	-99	-99	-99	-99	-99	-99	-99	-99
17.08.1984	2.349	49.155	-99	-99	-99	-99	-99	-99	-99	-99
18.08.1984	2.222	46.129	-99	-99	-99	-99	-99	-99	-99	-99
19.08.1984	2.481	44.652	-99	-99	-99	-99	-99	-99	-99	-99
20.08.1984	3.228	46.129	-99	-99	-99	-99	-99	-99	-99	-99
21.08.1984	3.228	49.927	-99	-99	-99	-99	-99	-99	-99	-99
22.08.1984	3.397	53.735	-99	-99	-99	-99	-99	-99	-99	-99
23.08.1984	3.754	57.14	-99	-99	-99	-99	-99	-99	-99	-99
24.08.1984	2.762	57.972	-99	-99	-99	-99	-99	-99	-99	-99
25.08.1984	2.101	53.875	-99	-99	-99	-99	-99	-99	-99	-99
26.08.1984	1.57	48.39	-99	-99	-99	-99	-99	-99	-99	-99
27.08.1984	1.305	42.481	-99	-99	-99	-99	-99	-99	-99	-99
28.08.1984	1.149	38.3	-99	-99	-99	-99	-99	-99	-99	-99
29.08.1984	1.389	35.633	-99	-99	-99	-99	-99	-99	-99	-99
30.08.1984	7.768	53.875	-99	-99	-99	-99	-99	-99	-99	-99
31.08.1984	5.237	77.774	-99	-99	-99	-99	-99	-99	-99	-99
01.09.1984	4.555	80.698	-99	-99	-99	-99	-99	-99	-99	-99
02.09.1984	3.397	75.854	-99	-99	-99	-99	-99	-99	-99	-99
03.09.1984	2.481	64.838	-99	-99	-99	-99	-99	-99	-99	-99
04.09.1984	1.985	55.495	-99	-99	-99	-99	-99	-99	-99	-99
05.09.1984	1.478	47.63	-99	-99	-99	-99	-99	-99	-99	-99
06.09.1984	1.149	40.363	-99	-99	-99	-99	-99	-99	-99	-99
07.09.1984	1.225	34.981	-99	-99	-99	-99	-99	-99	-99	-99
08.09.1984	1.389	33.618	-99	-99	-99	-99	-99	-99	-99	-99
09.09.1984	1.874	31.812	-99	-99	-99	-99	-99	-99	-99	-99
10.09.1984	2.101	31.812	-99	-99	-99	-99	-99	-99	-99	-99
11.09.1984	1.985	33.618	-99	-99	-99	-99	-99	-99	-99	-99
12.09.1984	1.57	31.812	-99	-99	-99	-99	-99	-99	-99	-99
13.09.1984	1.225	29.982	-99	-99	-99	-99	-99	-99	-99	-99
14.09.1984	0.942	27.529	-99	-99	-99	-99	-99	-99	-99	-99
15.09.1984	0.712	24.273	-99	-99	-99	-99	-99	-99	-99	-99
16.09.1984	0.615	22.157	-99	-99	-99	-99	-99	-99	-99	-99
17.09.1984	0.529	20.138	-99	-99	-99	-99	-99	-99	-99	-99
18.09.1984	0.452	18.214	-99	-99	-99	-99	-99	-99	-99	-99
19.09.1984	0.417	17.288	-99	-99	-99	-99	-99	-99	-99	-99
20.09.1984	0.353	15.945	-99	-99	-99	-99	-99	-99	-99	-99
21.09.1984	0.324	15.797	-99	-99	-99	-99	-99	-99	-99	-99
22.09.1984	0.324	13.826	-99	-99	-99	-99	-99	-99	-99	-99
23.09.1984	0.297	13.021	-99	-99	-99	-99	-99	-99	-99	-99
24.09.1984	0.272	12.627	-99	-99	-99	-99	-99	-99	-99	-99
25.09.1984	0.248	11.857	-99	-99	-99	-99	-99	-99	-99	-99
26.09.1984	0.226	11.112	-99	-99	-99	-99	-99	-99	-99	-99
27.09.1984	0.226	10.391	-99	-99	-99	-99	-99	-99	-99	-99
28.09.1984	0.248	10.391	-99	-99	-99	-99	-99	-99	-99	-99
29.09.1984	0.226	10.399	-99	-99	-99	-99	-99	-99	-99	-99
30.09.1984	0.226	9.694	-99	-99	-99	-99	-99	-99	-99	-99
01.10.1984	0.248	9.354	-99	-99	-99	-99	-99	-99	-99	-99
02.10.1984	0.226	9.354	-99	-99	-99	-99	-99	-99	-99	-99
03.10.1984	0.353	9.354	-99	-99	-99	-99	-99	-99	-99	-99
04.10.1984	0.297	10.399	-99	-99	-99	-99	-99	-99	-99	-99
05.10.1984	0.272	10.399	-99	-99	-99	-99	-99	-99	-99	-99
06.10.1984	0.272	10.399	-99	-99	-99	-99	-99	-99	-99	-99
07.10.1984	0.417	10.391	-99	-99	-99	-99	-99	-99	-99	-99
08.10.1984	0.452	11.112	-99	-99	-99	-99	-99	-99	-99	-99
09.10.1984	0.615	12.239	-99	-99	-99	-99	-99	-99	-99	-99
10.10.1984	1.805	17.288	-99	-99	-99	-99	-99	-99	-99	-99
11.10.1984	1.225	24.273	-99	-99	-99	-99	-99	-99	-99	-99
12.10.1984	1.805	28.206	-99	-99	-99	-99	-99	-99	-99	-99
13.10.1984	0.942	28.792	-99	-99	-99	-99	-99	-99	-99	-99
14.10.1984	3.228	38.982	-99	-99	-99	-99	-99	-99	-99	-99
15.10.1984	1.874	49.155	-99	-99	-99	-99	-99	-99	-99	-99
16.10.1984	2.222	47.63	-99	-99	-99	-99	-99	-99	-99	-99
17.10.1984	4.343	52.278	-99	-99	-99	-99	-99	-99	-99	-99
18.10.1984	2.349	55.495	-99	-99	-99	-99	-99	-99	-99	-99
19.10.1984	1.667	49.927	-99	-99	-99	-99	-99	-99	-99	-99
20.10.1984	2.222	45.387	-99	-99	-99	-99	-99	-99	-99	-99
21.10.1984	1.667	45.387	-99	-99	-99	-99	-99	-99	-99	-99
22.10.1984	1.149	42.481	-99	-99	-99	-99	-99	-99	-99	-99
23.10.1984	0.88	36.291	-99	-99	-99	-99	-99	-99	-99	-99
24.10.1984	0.662	31.812	-99	-99	-99	-99	-99	-99	-99	-99
25.10.1984	0.571	28.206	-99	-99	-99	-99	-99	-99	-99	-99
26.10.1984	0.571	24.817	-99	-99	-99	-99	-99	-99	-99	-99
27.10.1984	0.571	22.157	-99	-99	-99	-99	-99	-99	-99	-99
28.10.1984	0.489	20.633	-99	-99	-99	-99	-99	-99	-99	-99
29.10.1984	0.489	19.164	-99	-99	-99	-99	-99	-99	-99	-99
30.10.1984	2.101	20.633	-99	-99	-99	-99	-99	-99	-99	-99
31.10.1984	1.225	23.735	-99	-99	-99	-99	-99	-99	-99	-99
01.11.1984	3.67	24.817	-99	-99	-99	-99	-99	-99	-99	-99
02.11.1984	6.268	33.695	-99	-99	-99	-99	-99	-99	-99	-99
03.11.1984	5.238	58.809	-99	-99	-99	-99	-99	-99	-99	-99
04.11.1984	2.911	59.652	-99	-99	-99	-99	-99	-99	-99	-99
05.11.1984	1.985	53.735	-99	-99	-99	-99	-99	-99	-99	-99
06.11.1984	1.389	46.129	-99	-99	-99	-99	-99	-99	-99	-99
07.11.1984	1.805	39.67	-99	-99	-99	-99	-99	-99	-99	-99
08.11.1984	0.765	34.335	-99	-99	-99	-99	-99	-99	-99	-99
09.11.1984	0.615	29.982	-99	-99	-99	-99	-99	-99	-99	-99
10.11.1984	0.615	26.484	-99	-99	-99	-99	-99	-99	-99	-99
11.11.1984	0.529	23.735	-99	-99	-99	-99	-99	-99	-99	-99
12.11.1984	0.615	21.135	-99	-99	-99	-99	-99	-99	-99	-99
13.11.1984	0.615	19.164	-99	-99	-99	-99	-99	-99	-99	-99
14.11.1984	0.248	17.748	-99	-99	-99	-99	-99	-99	-99	-99
15.11.1984	0.206	16.387	-99	-99	-99	-99	-99	-99	-99	-99
16.11.1984	0.196	14.655	-99	-99	-99	-99	-99	-99	-99	-99
17.11.1984	0.187	13.42	-99	-99	-99	-99	-99	-99	-99	-99
18.11.1984	0.178	11.857	-99	-99	-99	-99	-99	-99	-99	-99
19.11.1984	0.169	10.749	-99	-99	-99	-99	-99	-99	-99	-99
20.11.1984	0.16	9.694	-99	-99	-99	-99	-99	-99	-99	-99
21.11.1984	0.151	9.213	-99	-99	-99	-99	-99	-99	-99	-99
22.11.1984	0.142	8.693	-99	-99	-99	-99	-99	-99	-99	-99
23.11.1984	0.133	8.57	-99	-99	-99	-99	-99	-99	-99	-99
24.11.1984	0.124	7.444	-99	-99	-99	-99	-99	-99	-99	-99
25.11.1984	0.111	7.147	-99	-99	-99	-99	-99	-99	-99	-99
26.11.1984	0.124	6.855	-99	-99	-99	-99	-99	-99	-99	-99
27.11.1984	0.248	6.291	-99	-99	-99	-99	-99	-99	-99	-99
28.11.1984	0.138	6.57	-99	-99	-99	-99	-99	-99	-99	-99
29.11.1984	0.138	7.147	-99	-99	-99	-99	-99	-99	-99	-99
30.11.1984	0.169	7.147	-99	-99	-99	-99	-99	-99	-99	-99
01.12.1984	0.206	7.147	-99	-99	-99	-99	-99	-99	-99	-99
02.12.1984	0.153	7.147	-99	-99	-99	-99	-99	-99	-99	-99
03.12.1984	0.124	6.855	-99	-99	-99	-99	-99	-99	-99	-99
04.12.1984	0.111	6.855	-99	-99	-99	-99	-99	-99	-99	-99
05.12.1984	0.111	6.57	-99	-99	-99	-99	-99	-99	-99	-99
06.12.1984	0.124	6.57	-99	-99	-99	-99	-99	-99	-99	-99
07.12.1984	0.138	6.855	-99	-99	-99	-99	-99	-99	-99	-99
08.12.1984	0.248	8.372	-99	-99	-99	-99	-99	-99	-99	-99
09.12.1984	0.248	10.399	-99	-99	-99	-99	-99	-99	-99	-99
10.12.1984	0.248	11.482	-99	-99	-99	-99	-99	-99	-99	-99
11.12.1984	0.248	12.239	-99	-99	-99	-99	-99	-99	-99	-99
12.12.1984	0.272	11.857	-99	-99	-99	-99	-99	-99	-99	-99
13.12.1984	0.266	11.482	-99	-99	-99	-99	-99	-99	-99	-99
14.12.1984	0.261	10.749	-99	-99	-99	-99	-99	-99	-99	-99
15.12.1984	0.256	10.399	-99	-99	-99	-99	-99	-99	-99	-99
16.12.1984	0.251	9.354	-99	-99	-99	-99	-99	-99	-99	-99
17.12.1984	0.246	8.693	-99	-99	-99	-99	-99	-99	-99	-99
18.12.1984	0.241	8.57	-99	-99	-99	-99	-99	-99	-99	-99
19.12.1984	0.236	7.444	-99	-99	-99	-99	-99	-99	-99	-99
20.12.1984	0.231	7.147	-99	-99	-99	-99	-99	-99	-99	-99
21.12.1984	0.226	6.855	-99	-99	-99	-99	-99	-99	-99	-99
22.12.1984	0.272	7.444	-99	-99	-99	-99	-99	-99	-99	-99
23.12.1984	0.297	7.147	-99	-99	-99	-99	-99	-99	-99	-99
24.12.1984	0.452	8.57	-99	-99	-99	-99	-99	-99	-99	-99
25.12.1984	0.489	11.112	-99	-99	-99	-99	-99	-99	-99	-99
26.12.1984	0.248	11.857	-99	-99	-99	-99	-99	-99	-99	-99
27.12.1984	0.26	11.482	-99	-99	-99	-99	-99	-99	-99	-99
28.12.1984	0.273	11.112	-99	-99	-99	-99	-99	-99	-99	-99
29.12.1984	0.286	10.391	-99	-99	-99	-99	-99	-99	-99	-99
30.12.1984	0.298	9.694	-99	-99	-99	-99	-99	-99	-99	-99
31.12.1984	0.311	9.354	-99	-99	-99	-99	-99	-99	-99	-99
01.01.1985	-99	8.693	-99	-99	-99	-99	-99	-99	-99	-99
02.01.1985	-99	8.57	-99	-99	-99	-99	-99	-99	-99	-99
03.01.1985	-99	7.747	-99	-99	-99	-99	-99	-99	-99	-99
04.01.1985	-99	7.147	-99	-99	-99	-99	-99	-99	-99	-99
05.01.1985	-99	6.855	-99	-99	-99	-99	-99	-99	-99	-99
06.01.1985	-99	6.855	-99	-99	-99	-99	-99	-99	-99	-99
07.01.1985	-99	6.57	-99	-99	-99	-99	-99	-99	-99	-99
08.01.1985	-99	6.57	-99	-99	-99	-99	-99	-99	-99	-99
09.01.1985	-99	6.57	-99	-99	-99	-99	-99	-99	-99	-99
10.01.1985	-99	6.291	-99	-99	-99	-99	-99	-99	-99	-99
11.01.1985	-99	6.291	-99	-99	-99	-99	-99	-99	-99	-99
12.01.1985	-99	6.181	-99	-99	-99	-99	-99	-99	-99	-99
13.01.1985	-99	6.181	-99	-99	-99	-99	-99	-99	-99	-99
14.01.1985	-99	6.181	-99	-99	-99	-99	-99	-99	-99	-99
15.01.1985	-99	5.751	-99	-99	-99	-99	-99	-99	-99	-99
16.01.1985	-99	5.751	-99	-99	-99	-99	-99	-99	-99	-99
17.01.1985	-99	5.751	-99	-99	-99	-99	-99	-99	-99	-99
18.01.1985	-99	5.489	-99	-99	-99	-99	-99	-99	-99	-99
19.01.1985	-99	5.489	-99	-99	-99	-99	-99	-99	-99	-99
20.01.1985	-99	5.234	-99	-99	-99	-99	-99	-99	-99	-99
21.01.1985	-99	5.234	-99	-99	-99	-99	-99	-99	-99	-99
22.01.1985	-99	5.234	-99	-99	-99	-99	-99	-99	-99	-99
23.01.1985	-99	4.985	-99	-99	-99	-99	-99	-99	-99	-99
24.01.1985	-99	4.985	-99	-99	-99	-99	-99	-99	-99	-99
25.01.1985	-99	4.985	-99	-99	-99	-99	-99	-99	-99	-99
26.01.1985	-99	4.742	-99	-99	-99	-99	-99	-99	-99	-99
27.01.1985	-99	4.742	-99	-99	-99	-99	-99	-99	-99	-99
28.01.1985	-99	4.742	-99	-99	-99	-99	-99	-99	-99	-99
29.01.1985	-99	4.505	-99	-99	-99	-99	-99	-99	-99	-99
30.01.1985	-99	4.505	-99	-99	-99	-99	-99	-99	-99	-99
31.01.1985	-99	4.275	-99	-99	-99	-99	-99	-99	-99	-99
01.02.1985	-99	4.275	-99	-99	-99	-99	-99	-99	-99	-99
02.02.1985	-99	4.275	-99	-99	-99	-99	-99	-99	-99	-99
03.02.1985	-99	4.502	-99	-99	-99	-99	-99	-99	-99	-99
04.02.1985	-99	4.502	-99	-99	-99	-99	-99	-99	-99	-99
05.02.1985	-99	4.502	-99	-99	-99	-99	-99	-99	-99	-99
06.02.1985	-99	3.831	-99	-99	-99	-99	-99	-99	-99	-99
07.02.1985	-99	3.831	-99	-99	-99	-99	-99	-99	-99	-99
08.02.1985	-99	3.831	-99	-99	-99	-99	-99	-99	-99	-99
09.02.1985	-99	3.618	-99	-99	-99	-99	-99	-99	-99	-99
10.02.1985	-99	3.618	-99	-99	-99	-99	-99	-99	-99	-99
11.02.1985	-99	3.411	-99	-99	-99	-99	-99	-99	-99	-99
12.02.1985	-99	3.411	-99	-99	-99	-99	-99	-99	-99	-99
13.02.1985	-99	3.411	-99	-99	-99	-99	-99	-99	-99	-99
14.02.1985	-99	3.211	-99	-99	-99	-99	-99	-99	-99	-99
15.02.1985	-99	3.211	-99	-99	-99	-99	-99	-99	-99	-99
16.02.1985	-99	3.211	-99	-99	-99	-99	-99	-99	-99	-99
17.02.1985	-99	3.167	-99	-99	-99	-99	-99	-99	-99	-99
18.02.1985	-99	3.167	-99	-99	-99	-99	-99	-99	-99	-99
19.02.1985	-99	2.828	-99	-99	-99	-99	-99	-99	-99	-99
20.02.1985	-99	2.828	-99	-99	-99	-99	-99	-99	-99	-99
21.02.1985	-99	2.828	-99	-99	-99	-99	-99	-99	-99	-99
22.02.1985	-99	2.645	-99	-99	-99	-99	-99	-99	-99	-99
23.02.1985	-99	2.645	-99	-99	-99	-99	-99	-99	-99	-99
24.02.1985	-99	2.645	-99	-99	-99	-99	-99	-99	-99	-99
25.02.1985	-99	2.828	-99	-99	-99	-99	-99	-99	-99	-99
26.02.1985	-99	2.828	-99	-99	-99	-99	-99	-99	-99	-99
27.02.1985	-99	2.828	-99	-99	-99	-99	-99	-99	-99	-99
28.02.1985	-99	3.167	-99	-99	-99	-99	-99	-99	-99	-99
01.03.1985	-99	3.167	-99	-99	-99	-99	-99	-99	-99	-99
02.03.1985	-99	3.211	-99	-99	-99	-99	-99	-99	-99	-99
03.03.1985	-99	3.411	-99	-99	-99	-99	-99	-99	-99	-99
04.03.1985	-99	3.618	-99	-99	-99	-99	-99	-99	-99	-99
05.03.1985	-99	3.831	-99	-99	-99	-99	-99	-99	-99	-99
06.03.1985	-99	4.502	-99	-99	-99	-99	-99	-99	-99	-99
07.03.1985	-99	4.275	-99	-99	-99	-99	-99	-99	-99	-99
08.03.1985	-99	4.505	-99	-99	-99	-99	-99	-99	-99	-99
09.03.1985	-99	4.985	-99	-99	-99	-99	-99	-99	-99	-99
10.03.1985	-99	5.234	-99	-99	-99	-99	-99	-99	-99	-99
11.03.1985	-99	5.489	-99	-99	-99	-99	-99	-99	-99	-99
12.03.1985	-99	5.751	-99	-99	-99	-99	-99	-99	-99	-99
13.03.1985	-99	6.181	-99	-99	-99	-99	-99	-99	-99	-99
14.03.1985	-99	6.291	-99	-99	-99	-99	-99	-99	-99	-99
15.03.1985	-99	7.147	-99	-99	-99	-99	-99	-99	-99	-99
16.03.1985	-99	6.855	-99	-99	-99	-99	-99	-99	-99	-99
17.03.1985	-99	6.57	-99	-99	-99	-99	-99	-99	-99	-99
18.03.1985	-99	6.291	-99	-99	-99	-99	-99	-99	-99	-99
19.03.1985	-99	5.751	-99	-99	-99	-99	-99	-99	-99	-99
20.03.1985	-99	5.489	-99	-99	-99	-99	-99	-99	-99	-99
21.03.1985	-99	5.489	-99	-99	-99	-99	-99	-99	-99	-99
22.03.1985	-99	4.985	-99	-99	-99	-99	-99	-99	-99	-99
23.03.1985	-99	4.742	-99	-99	-99	-99	-99	-99	-99	-99
24.03.1985	-99	4.505	-99	-99	-99	-99	-99	-99	-99	-99
25.03.1985	-99	4.275	-99	-99	-99	-99	-99	-99	-99	-99
26.03.1985	-99	4.275	-99	-99	-99	-99	-99	-99	-99	-99
27.03.1985	-99	4.275	-99	-99	-99	-99	-99	-99	-99	-99
28.03.1985	-99	4.275	-99	-99	-99	-99	-99	-99	-99	-99
29.03.1985	-99	4.502	-99	-99	-99	-99	-99	-99	-99	-99
30.03.1985	-99	4.502	-99	-99	-99	-99	-99	-99	-99	-99
31.03.1985	-99	4.502	-99	-99	-99	-99	-99	-99	-99	-99
01.04.1985	-99	3.831	-99	-99	-99	-99	-99	-99	-99	-99
02.04.1985	-99	3.618	-99	-99	-99	-99	-99	-99	-99	-99
03.04.1985	-99	3.618	-99	-99	-99	-99	-99	-99	-99	-99
04.04.1985	-99	3.411	-99	-99	-99	-99	-99	-99	-99	-99
05.04.1985	-99	3.411	-99	-99	-99	-99	-99	-99	-99	-99
06.04.1985	-99	3.618	-99	-99	-99	-99	-99	-99	-99	-99
07.04.1985	-99	3.618	-99	-99	-99	-99	-99	-99	-99	-99
08.04.1985	-99	3.618	-99	-99	-99	-99	-99	-99	-99	-99
09.04.1985	-99	3.618	-99	-99	-99	-99	-99	-99	-99	-99
10.04.1985	-99	3.618	-99	-99	-99	-99	-99	-99	-99	-99
11.04.1985	-99	3.618	-99	-99	-99	-99	-99	-99	-99	-99
12.04.1985	-99	3.831	-99	-99	-99	-99	-99	-99	-99	-99
13.04.1985	-99	3.618	-99	-99	-99	-99	-99	-99	-99	-99
14.04.1985	-99	3.831	-99	-99	-99	-99	-99	-99	-99	-99
15.04.1985	-99	3.831	-99	-99	-99	-99	-99	-99	-99	-99
16.04.1985	-99	4.502	-99	-99	-99	-99	-99	-99	-99	-99
17.04.1985	-99	4.275	-99	-99	-99	-99	-99	-99	-99	-99
18.04.1985	-99	4.985	-99	-99	-99	-99	-99	-99	-99	-99
19.04.1985	-99	5.489	-99	-99	-99	-99	-99	-99	-99	-99
20.04.1985	-99	5.751	-99	-99	-99	-99	-99	-99	-99	-99
21.04.1985	-99	6.181	-99	-99	-99	-99	-99	-99	-99	-99
22.04.1985	-99	6.181	-99	-99	-99	-99	-99	-99	-99	-99
23.04.1985	-99	6.291	-99	-99	-99	-99	-99	-99	-99	-99
24.04.1985	-99	6.181	-99	-99	-99	-99	-99	-99	-99	-99
25.04.1985	-99	6.181	-99	-99	-99	-99	-99	-99	-99	-99
26.04.1985	-99	6.181	-99	-99	-99	-99	-99	-99	-99	-99
27.04.1985	-99	6.181	-99	-99	-99	-99	-99	-99	-99	-99
28.04.1985	-99	5.751	-99	-99	-99	-99	-99	-99	-99	-99
29.04.1985	-99	5.489	-99	-99	-99	-99	-99	-99	-99	-99
30.04.1985	-99	5.234	-99	-99	-99	-99	-99	-99	-99	-99
01.05.1985	-99	5.234	-99	-99	-99	-99	-99	-99	-99	-99
02.05.1985	-99	5.234	-99	-99	-99	-99	-99	-99	-99	-99
03.05.1985	-99	5.489	-99	-99	-99	-99	-99	-99	-99	-99
04.05.1985	-99	5.751	-99	-99	-99	-99	-99	-99	-99	-99
05.05.1985	-99	6.291	-99	-99	-99	-99	-99	-99	-99	-99
06.05.1985	-99	6.57	-99	-99	-99	-99	-99	-99	-99	-99
07.05.1985	-99	6.855	-99	-99	-99	-99	-99	-99	-99	-99
08.05.1985	-99	8.372	-99	-99	-99	-99	-99	-99	-99	-99
09.05.1985	-99	11.482	-99	-99	-99	-99	-99	-99	-99	-99
10.05.1985	-99	14.238	-99	-99	-99	-99	-99	-99	-99	-99
11.05.1985	-99	15.945	-99	-99	-99	-99	-99	-99	-99	-99
12.05.1985	-99	17.748	-99	-99	-99	-99	-99	-99	-99	-99
13.05.1985	-99	19.648	-99	-99	-99	-99	-99	-99	-99	-99
14.05.1985	-99	22.677	-99	-99	-99	-99	-99	-99	-99	-99
15.05.1985	-99	25.367	-99	-99	-99	-99	-99	-99	-99	-99
16.05.1985	-99	29.384	-99	-99	-99	-99	-99	-99	-99	-99
17.05.1985	-99	31.812	-99	-99	-99	-99	-99	-99	-99	-99
18.05.1985	-99	34.981	-99	-99	-99	-99	-99	-99	-99	-99
19.05.1985	-99	38.982	-99	-99	-99	-99	-99	-99	-99	-99
20.05.1985	-99	42.481	-99	-99	-99	-99	-99	-99	-99	-99
21.05.1985	-99	43.922	-99	-99	-99	-99	-99	-99	-99	-99
22.05.1985	-99	46.129	-99	-99	-99	-99	-99	-99	-99	-99
23.05.1985	-99	45.387	-99	-99	-99	-99	-99	-99	-99	-99
24.05.1985	-99	41.635	-99	-99	-99	-99	-99	-99	-99	-99
25.05.1985	-99	36.954	-99	-99	-99	-99	-99	-99	-99	-99
26.05.1985	-99	38.982	-99	-99	-99	-99	-99	-99	-99	-99
27.05.1985	-99	54.682	-99	-99	-99	-99	-99	-99	-99	-99
28.05.1985	-99	79.717	-99	-99	-99	-99	-99	-99	-99	-99
29.05.1985	-99	103.784	-99	-99	-99	-99	-99	-99	-99	-99
30.05.1985	-99	99.371	-99	-99	-99	-99	-99	-99	-99	-99
31.05.1985	-99	85.691	-99	-99	-99	-99	-99	-99	-99	-99
01.06.1985	-99	75.854	-99	-99	-99	-99	-99	-99	-99	-99
02.06.1985	-99	69.323	-99	-99	-99	-99	-99	-99	-99	-99
03.06.1985	-99	68.414	-99	-99	-99	-99	-99	-99	-99	-99
04.06.1985	-99	66.614	-99	-99	-99	-99	-99	-99	-99	-99
05.06.1985	-99	63.959	-99	-99	-99	-99	-99	-99	-99	-99
06.06.1985	-99	59.652	-99	-99	-99	-99	-99	-99	-99	-99
07.06.1985	-99	56.315	-99	-99	-99	-99	-99	-99	-99	-99
08.06.1985	-99	53.735	-99	-99	-99	-99	-99	-99	-99	-99
09.06.1985	-99	49.927	-99	-99	-99	-99	-99	-99	-99	-99
10.06.1985	-99	49.155	-99	-99	-99	-99	-99	-99	-99	-99
11.06.1985	-99	47.63	-99	-99	-99	-99	-99	-99	-99	-99
12.06.1985	-99	44.652	-99	-99	-99	-99	-99	-99	-99	-99
13.06.1985	-99	43.198	-99	-99	-99	-99	-99	-99	-99	-99
14.06.1985	-99	43.198	-99	-99	-99	-99	-99	-99	-99	-99
15.06.1985	-99	43.198	-99	-99	-99	-99	-99	-99	-99	-99
16.06.1985	-99	44.652	-99	-99	-99	-99	-99	-99	-99	-99
17.06.1985	-99	45.387	-99	-99	-99	-99	-99	-99	-99	-99
18.06.1985	-99	46.129	-99	-99	-99	-99	-99	-99	-99	-99
19.06.1985	-99	46.877	-99	-99	-99	-99	-99	-99	-99	-99
20.06.1985	-99	49.155	-99	-99	-99	-99	-99	-99	-99	-99
21.06.1985	-99	51.488	-99	-99	-99	-99	-99	-99	-99	-99
22.06.1985	-99	54.682	-99	-99	-99	-99	-99	-99	-99	-99
23.06.1985	-99	59.652	-99	-99	-99	-99	-99	-99	-99	-99
24.06.1985	-99	63.959	-99	-99	-99	-99	-99	-99	-99	-99
25.06.1985	-99	67.511	-99	-99	-99	-99	-99	-99	-99	-99
26.06.1985	-99	72.869	-99	-99	-99	-99	-99	-99	-99	-99
27.06.1985	-99	82.677	-99	-99	-99	-99	-99	-99	-99	-99
28.06.1985	-99	85.691	-99	-99	-99	-99	-99	-99	-99	-99
29.06.1985	-99	82.677	-99	-99	-99	-99	-99	-99	-99	-99
30.06.1985	-99	79.717	-99	-99	-99	-99	-99	-99	-99	-99
01.07.1985	-99	77.774	-99	-99	-99	-99	-99	-99	-99	-99
02.07.1985	-99	74.903	-99	-99	-99	-99	-99	-99	-99	-99
03.07.1985	-99	70.238	-99	-99	-99	-99	-99	-99	-99	-99
04.07.1985	-99	73.958	-99	-99	-99	-99	-99	-99	-99	-99
05.07.1985	-99	75.854	-99	-99	-99	-99	-99	-99	-99	-99
06.07.1985	-99	78.743	-99	-99	-99	-99	-99	-99	-99	-99
07.07.1985	-99	82.677	-99	-99	-99	-99	-99	-99	-99	-99
08.07.1985	-99	84.681	-99	-99	-99	-99	-99	-99	-99	-99
09.07.1985	-99	83.676	-99	-99	-99	-99	-99	-99	-99	-99
10.07.1985	-99	84.681	-99	-99	-99	-99	-99	-99	-99	-99
11.07.1985	-99	79.717	-99	-99	-99	-99	-99	-99	-99	-99
12.07.1985	-99	74.903	-99	-99	-99	-99	-99	-99	-99	-99
13.07.1985	-99	75.854	-99	-99	-99	-99	-99	-99	-99	-99
14.07.1985	-99	76.811	-99	-99	-99	-99	-99	-99	-99	-99
15.07.1985	-99	73.958	-99	-99	-99	-99	-99	-99	-99	-99
16.07.1985	-99	73.198	-99	-99	-99	-99	-99	-99	-99	-99
17.07.1985	-99	67.511	-99	-99	-99	-99	-99	-99	-99	-99
18.07.1985	-99	61.357	-99	-99	-99	-99	-99	-99	-99	-99
19.07.1985	-99	62.218	-99	-99	-99	-99	-99	-99	-99	-99
20.07.1985	-99	71.159	-99	-99	-99	-99	-99	-99	-99	-99
21.07.1985	-99	71.159	-99	-99	-99	-99	-99	-99	-99	-99
22.07.1985	-99	68.414	-99	-99	-99	-99	-99	-99	-99	-99
23.07.1985	-99	64.838	-99	-99	-99	-99	-99	-99	-99	-99
24.07.1985	-99	59.652	-99	-99	-99	-99	-99	-99	-99	-99
25.07.1985	-99	53.875	-99	-99	-99	-99	-99	-99	-99	-99
26.07.1985	-99	49.155	-99	-99	-99	-99	-99	-99	-99	-99
27.07.1985	-99	46.877	-99	-99	-99	-99	-99	-99	-99	-99
28.07.1985	-99	46.129	-99	-99	-99	-99	-99	-99	-99	-99
29.07.1985	-99	48.39	-99	-99	-99	-99	-99	-99	-99	-99
30.07.1985	-99	49.155	-99	-99	-99	-99	-99	-99	-99	-99
31.07.1985	-99	49.927	-99	-99	-99	-99	-99	-99	-99	-99
01.08.1985	-99	49.927	-99	-99	-99	-99	-99	-99	-99	-99
02.08.1985	-99	49.927	-99	-99	-99	-99	-99	-99	-99	-99
03.08.1985	-99	47.63	-99	-99	-99	-99	-99	-99	-99	-99
04.08.1985	-99	46.129	-99	-99	-99	-99	-99	-99	-99	-99
05.08.1985	-99	43.922	-99	-99	-99	-99	-99	-99	-99	-99
06.08.1985	-99	41.769	-99	-99	-99	-99	-99	-99	-99	-99
07.08.1985	-99	41.769	-99	-99	-99	-99	-99	-99	-99	-99
08.08.1985	-99	45.387	-99	-99	-99	-99	-99	-99	-99	-99
09.08.1985	-99	46.129	-99	-99	-99	-99	-99	-99	-99	-99
10.08.1985	-99	49.155	-99	-99	-99	-99	-99	-99	-99	-99
11.08.1985	-99	52.278	-99	-99	-99	-99	-99	-99	-99	-99
12.08.1985	-99	57.14	-99	-99	-99	-99	-99	-99	-99	-99
13.08.1985	-99	56.315	-99	-99	-99	-99	-99	-99	-99	-99
14.08.1985	-99	54.682	-99	-99	-99	-99	-99	-99	-99	-99
15.08.1985	-99	53.735	-99	-99	-99	-99	-99	-99	-99	-99
16.08.1985	-99	51.488	-99	-99	-99	-99	-99	-99	-99	-99
17.08.1985	-99	48.39	-99	-99	-99	-99	-99	-99	-99	-99
18.08.1985	-99	46.129	-99	-99	-99	-99	-99	-99	-99	-99
19.08.1985	-99	45.387	-99	-99	-99	-99	-99	-99	-99	-99
20.08.1985	-99	45.387	-99	-99	-99	-99	-99	-99	-99	-99
21.08.1985	-99	47.63	-99	-99	-99	-99	-99	-99	-99	-99
22.08.1985	-99	50.705	-99	-99	-99	-99	-99	-99	-99	-99
23.08.1985	-99	53.875	-99	-99	-99	-99	-99	-99	-99	-99
24.08.1985	-99	56.315	-99	-99	-99	-99	-99	-99	-99	-99
25.08.1985	-99	53.735	-99	-99	-99	-99	-99	-99	-99	-99
26.08.1985	-99	50.705	-99	-99	-99	-99	-99	-99	-99	-99
27.08.1985	-99	48.39	-99	-99	-99	-99	-99	-99	-99	-99
28.08.1985	-99	53.735	-99	-99	-99	-99	-99	-99	-99	-99
29.08.1985	-99	60.502	-99	-99	-99	-99	-99	-99	-99	-99
30.08.1985	-99	62.218	-99	-99	-99	-99	-99	-99	-99	-99
31.08.1985	-99	64.838	-99	-99	-99	-99	-99	-99	-99	-99
01.09.1985	-99	67.511	-99	-99	-99	-99	-99	-99	-99	-99
02.09.1985	-99	65.723	-99	-99	-99	-99	-99	-99	-99	-99
03.09.1985	-99	63.859	-99	-99	-99	-99	-99	-99	-99	-99
04.09.1985	-99	56.315	-99	-99	-99	-99	-99	-99	-99	-99
05.09.1985	-99	52.278	-99	-99	-99	-99	-99	-99	-99	-99
06.09.1985	-99	45.387	-99	-99	-99	-99	-99	-99	-99	-99
07.09.1985	-99	40.363	-99	-99	-99	-99	-99	-99	-99	-99
08.09.1985	-99	36.954	-99	-99	-99	-99	-99	-99	-99	-99
09.09.1985	-99	33.618	-99	-99	-99	-99	-99	-99	-99	-99
10.09.1985	-99	30.586	-99	-99	-99	-99	-99	-99	-99	-99
11.09.1985	-99	31.196	-99	-99	-99	-99	-99	-99	-99	-99
12.09.1985	-99	30.586	-99	-99	-99	-99	-99	-99	-99	-99
13.09.1985	-99	29.982	-99	-99	-99	-99	-99	-99	-99	-99
14.09.1985	-99	32.433	-99	-99	-99	-99	-99	-99	-99	-99
15.09.1985	-99	33.695	-99	-99	-99	-99	-99	-99	-99	-99
16.09.1985	-99	38.3	-99	-99	-99	-99	-99	-99	-99	-99
17.09.1985	-99	40.363	-99	-99	-99	-99	-99	-99	-99	-99
18.09.1985	-99	39.67	-99	-99	-99	-99	-99	-99	-99	-99
19.09.1985	-99	38.982	-99	-99	-99	-99	-99	-99	-99	-99
20.09.1985	-99	42.481	-99	-99	-99	-99	-99	-99	-99	-99
21.09.1985	-99	46.129	-99	-99	-99	-99	-99	-99	-99	-99
22.09.1985	-99	43.922	-99	-99	-99	-99	-99	-99	-99	-99
23.09.1985	-99	40.363	-99	-99	-99	-99	-99	-99	-99	-99
24.09.1985	-99	36.291	-99	-99	-99	-99	-99	-99	-99	-99
25.09.1985	-99	31.812	-99	-99	-99	-99	-99	-99	-99	-99
26.09.1985	-99	28.206	-99	-99	-99	-99	-99	-99	-99	-99
27.09.1985	-99	26.484	-99	-99	-99	-99	-99	-99	-99	-99
28.09.1985	-99	31.196	-99	-99	-99	-99	-99	-99	-99	-99
29.09.1985	-99	30.586	-99	-99	-99	-99	-99	-99	-99	-99
30.09.1985	-99	40.363	-99	-99	-99	-99	-99	-99	-99	-99
01.10.1985	-99	110.581	-99	-99	-99	-99	-99	-99	-99	-99
02.10.1985	-99	157.237	-99	-99	-99	-99	-99	-99	-99	-99
03.10.1985	-99	145.137	-99	-99	-99	-99	-99	-99	-99	-99
04.10.1985	-99	136.609	-99	-99	-99	-99	-99	-99	-99	-99
05.10.1985	-99	126.445	-99	-99	-99	-99	-99	-99	-99	-99
06.10.1985	-99	123.006	-99	-99	-99	-99	-99	-99	-99	-99
07.10.1985	-99	107.155	-99	-99	-99	-99	-99	-99	-99	-99
08.10.1985	-99	93.99	-99	-99	-99	-99	-99	-99	-99	-99
09.10.1985	-99	77.774	-99	-99	-99	-99	-99	-99	-99	-99
10.10.1985	-99	63.959	-99	-99	-99	-99	-99	-99	-99	-99
11.10.1985	-99	53.875	-99	-99	-99	-99	-99	-99	-99	-99
12.10.1985	-99	49.155	-99	-99	-99	-99	-99	-99	-99	-99
13.10.1985	-99	44.652	-99	-99	-99	-99	-99	-99	-99	-99
14.10.1985	-99	53.735	-99	-99	-99	-99	-99	-99	-99	-99
15.10.1985	-99	63.859	-99	-99	-99	-99	-99	-99	-99	-99
16.10.1985	-99	63.959	-99	-99	-99	-99	-99	-99	-99	-99
17.10.1985	-99	60.502	-99	-99	-99	-99	-99	-99	-99	-99
18.10.1985	-99	54.682	-99	-99	-99	-99	-99	-99	-99	-99
19.10.1985	-99	49.927	-99	-99	-99	-99	-99	-99	-99	-99
20.10.1985	-99	44.652	-99	-99	-99	-99	-99	-99	-99	-99
21.10.1985	-99	46.877	-99	-99	-99	-99	-99	-99	-99	-99
22.10.1985	-99	46.129	-99	-99	-99	-99	-99	-99	-99	-99
23.10.1985	-99	41.635	-99	-99	-99	-99	-99	-99	-99	-99
24.10.1985	-99	36.291	-99	-99	-99	-99	-99	-99	-99	-99
25.10.1985	-99	31.812	-99	-99	-99	-99	-99	-99	-99	-99
26.10.1985	-99	28.206	-99	-99	-99	-99	-99	-99	-99	-99
27.10.1985	-99	24.273	-99	-99	-99	-99	-99	-99	-99	-99
28.10.1985	-99	22.157	-99	-99	-99	-99	-99	-99	-99	-99
29.10.1985	-99	19.648	-99	-99	-99	-99	-99	-99	-99	-99
30.10.1985	-99	21.135	-99	-99	-99	-99	-99	-99	-99	-99
31.10.1985	-99	25.923	-99	-99	-99	-99	-99	-99	-99	-99
01.11.1985	-99	24.817	-99	-99	-99	-99	-99	-99	-99	-99
02.11.1985	-99	23.203	-99	-99	-99	-99	-99	-99	-99	-99
03.11.1985	-99	21.643	-99	-99	-99	-99	-99	-99	-99	-99
04.11.1985	-99	20.138	-99	-99	-99	-99	-99	-99	-99	-99
05.11.1985	-99	19.164	-99	-99	-99	-99	-99	-99	-99	-99
06.11.1985	-99	19.164	-99	-99	-99	-99	-99	-99	-99	-99
07.11.1985	-99	18.686	-99	-99	-99	-99	-99	-99	-99	-99
08.11.1985	-99	17.748	-99	-99	-99	-99	-99	-99	-99	-99
09.11.1985	-99	16.835	-99	-99	-99	-99	-99	-99	-99	-99
10.11.1985	-99	15.945	-99	-99	-99	-99	-99	-99	-99	-99
11.11.1985	-99	15.509	-99	-99	-99	-99	-99	-99	-99	-99
12.11.1985	-99	14.655	-99	-99	-99	-99	-99	-99	-99	-99
13.11.1985	-99	13.826	-99	-99	-99	-99	-99	-99	-99	-99
14.11.1985	-99	12.627	-99	-99	-99	-99	-99	-99	-99	-99
15.11.1985	-99	11.857	-99	-99	-99	-99	-99	-99	-99	-99
16.11.1985	-99	10.749	-99	-99	-99	-99	-99	-99	-99	-99
17.11.1985	-99	9.694	-99	-99	-99	-99	-99	-99	-99	-99
18.11.1985	-99	9.213	-99	-99	-99	-99	-99	-99	-99	-99
19.11.1985	-99	8.693	-99	-99	-99	-99	-99	-99	-99	-99
20.11.1985	-99	8.57	-99	-99	-99	-99	-99	-99	-99	-99
21.11.1985	-99	7.747	-99	-99	-99	-99	-99	-99	-99	-99
22.11.1985	-99	7.147	-99	-99	-99	-99	-99	-99	-99	-99
23.11.1985	-99	6.855	-99	-99	-99	-99	-99	-99	-99	-99
24.11.1985	-99	6.57	-99	-99	-99	-99	-99	-99	-99	-99
25.11.1985	-99	6.291	-99	-99	-99	-99	-99	-99	-99	-99
26.11.1985	-99	6.291	-99	-99	-99	-99	-99	-99	-99	-99
27.11.1985	-99	6.181	-99	-99	-99	-99	-99	-99	-99	-99
28.11.1985	-99	5.489	-99	-99	-99	-99	-99	-99	-99	-99
29.11.1985	-99	4.985	-99	-99	-99	-99	-99	-99	-99	-99
30.11.1985	-99	4.742	-99	-99	-99	-99	-99	-99	-99	-99
01.12.1985	-99	4.742	-99	-99	-99	-99	-99	-99	-99	-99
02.12.1985	-99	4.742	-99	-99	-99	-99	-99	-99	-99	-99
03.12.1985	-99	4.505	-99	-99	-99	-99	-99	-99	-99	-99
04.12.1985	-99	4.742	-99	-99	-99	-99	-99	-99	-99	-99
05.12.1985	-99	4.742	-99	-99	-99	-99	-99	-99	-99	-99
06.12.1985	-99	4.742	-99	-99	-99	-99	-99	-99	-99	-99
07.12.1985	-99	4.505	-99	-99	-99	-99	-99	-99	-99	-99
08.12.1985	-99	4.275	-99	-99	-99	-99	-99	-99	-99	-99
09.12.1985	-99	4.275	-99	-99	-99	-99	-99	-99	-99	-99
10.12.1985	-99	4.502	-99	-99	-99	-99	-99	-99	-99	-99
11.12.1985	-99	4.502	-99	-99	-99	-99	-99	-99	-99	-99
12.12.1985	-99	3.831	-99	-99	-99	-99	-99	-99	-99	-99
13.12.1985	-99	4.502	-99	-99	-99	-99	-99	-99	-99	-99
14.12.1985	-99	4.505	-99	-99	-99	-99	-99	-99	-99	-99
15.12.1985	-99	4.742	-99	-99	-99	-99	-99	-99	-99	-99
16.12.1985	-99	4.505	-99	-99	-99	-99	-99	-99	-99	-99
17.12.1985	-99	4.275	-99	-99	-99	-99	-99	-99	-99	-99
18.12.1985	-99	4.275	-99	-99	-99	-99	-99	-99	-99	-99
19.12.1985	-99	4.275	-99	-99	-99	-99	-99	-99	-99	-99
20.12.1985	-99	4.275	-99	-99	-99	-99	-99	-99	-99	-99
21.12.1985	-99	4.275	-99	-99	-99	-99	-99	-99	-99	-99
22.12.1985	-99	5.489	-99	-99	-99	-99	-99	-99	-99	-99
23.12.1985	-99	6.181	-99	-99	-99	-99	-99	-99	-99	-99
24.12.1985	-99	6.181	-99	-99	-99	-99	-99	-99	-99	-99
25.12.1985	-99	6.181	-99	-99	-99	-99	-99	-99	-99	-99
26.12.1985	-99	5.751	-99	-99	-99	-99	-99	-99	-99	-99
27.12.1985	-99	5.751	-99	-99	-99	-99	-99	-99	-99	-99
28.12.1985	-99	5.751	-99	-99	-99	-99	-99	-99	-99	-99
29.12.1985	-99	5.489	-99	-99	-99	-99	-99	-99	-99	-99
30.12.1985	-99	5.234	-99	-99	-99	-99	-99	-99	-99	-99
31.12.1985	-99	4.985	-99	-99	-99	-99	-99	-99	-99	-99
01.01.1986	-99	4.985	-99	-99	-99	-99	-99	-99	-99	-99
02.01.1986	-99	4.742	-99	-99	-99	-99	-99	-99	-99	-99
03.01.1986	-99	4.505	-99	-99	-99	-99	-99	-99	-99	-99
04.01.1986	-99	4.275	-99	-99	-99	-99	-99	-99	-99	-99
05.01.1986	-99	4.502	-99	-99	-99	-99	-99	-99	-99	-99
06.01.1986	-99	3.831	-99	-99	-99	-99	-99	-99	-99	-99
07.01.1986	-99	3.831	-99	-99	-99	-99	-99	-99	-99	-99
08.01.1986	-99	3.618	-99	-99	-99	-99	-99	-99	-99	-99
09.01.1986	-99	3.411	-99	-99	-99	-99	-99	-99	-99	-99
10.01.1986	-99	3.411	-99	-99	-99	-99	-99	-99	-99	-99
11.01.1986	-99	3.211	-99	-99	-99	-99	-99	-99	-99	-99
12.01.1986	-99	3.167	-99	-99	-99	-99	-99	-99	-99	-99
13.01.1986	-99	3.167	-99	-99	-99	-99	-99	-99	-99	-99
14.01.1986	-99	3.167	-99	-99	-99	-99	-99	-99	-99	-99
15.01.1986	-99	3.167	-99	-99	-99	-99	-99	-99	-99	-99
16.01.1986	-99	3.167	-99	-99	-99	-99	-99	-99	-99	-99
17.01.1986	-99	3.167	-99	-99	-99	-99	-99	-99	-99	-99
18.01.1986	-99	2.828	-99	-99	-99	-99	-99	-99	-99	-99
19.01.1986	-99	3.167	-99	-99	-99	-99	-99	-99	-99	-99
20.01.1986	-99	3.167	-99	-99	-99	-99	-99	-99	-99	-99
21.01.1986	-99	3.167	-99	-99	-99	-99	-99	-99	-99	-99
22.01.1986	-99	3.167	-99	-99	-99	-99	-99	-99	-99	-99
23.01.1986	-99	3.167	-99	-99	-99	-99	-99	-99	-99	-99
24.01.1986	-99	2.828	-99	-99	-99	-99	-99	-99	-99	-99
25.01.1986	-99	2.828	-99	-99	-99	-99	-99	-99	-99	-99
26.01.1986	-99	3.167	-99	-99	-99	-99	-99	-99	-99	-99
27.01.1986	-99	3.167	-99	-99	-99	-99	-99	-99	-99	-99
28.01.1986	-99	2.828	-99	-99	-99	-99	-99	-99	-99	-99
29.01.1986	-99	2.828	-99	-99	-99	-99	-99	-99	-99	-99
30.01.1986	-99	2.645	-99	-99	-99	-99	-99	-99	-99	-99
31.01.1986	-99	2.645	-99	-99	-99	-99	-99	-99	-99	-99
01.02.1986	-99	2.469	-99	-99	-99	-99	-99	-99	-99	-99
02.02.1986	-99	2.298	-99	-99	-99	-99	-99	-99	-99	-99
03.02.1986	-99	2.298	-99	-99	-99	-99	-99	-99	-99	-99
04.02.1986	-99	2.298	-99	-99	-99	-99	-99	-99	-99	-99
05.02.1986	-99	2.298	-99	-99	-99	-99	-99	-99	-99	-99
06.02.1986	-99	2.134	-99	-99	-99	-99	-99	-99	-99	-99
07.02.1986	-99	2.134	-99	-99	-99	-99	-99	-99	-99	-99
08.02.1986	-99	2.134	-99	-99	-99	-99	-99	-99	-99	-99
09.02.1986	-99	2.134	-99	-99	-99	-99	-99	-99	-99	-99
10.02.1986	-99	2.134	-99	-99	-99	-99	-99	-99	-99	-99
11.02.1986	-99	2.134	-99	-99	-99	-99	-99	-99	-99	-99
12.02.1986	-99	2.134	-99	-99	-99	-99	-99	-99	-99	-99
13.02.1986	-99	2.134	-99	-99	-99	-99	-99	-99	-99	-99
14.02.1986	-99	1.976	-99	-99	-99	-99	-99	-99	-99	-99
15.02.1986	-99	1.976	-99	-99	-99	-99	-99	-99	-99	-99
16.02.1986	-99	1.976	-99	-99	-99	-99	-99	-99	-99	-99
17.02.1986	-99	1.976	-99	-99	-99	-99	-99	-99	-99	-99
18.02.1986	-99	1.824	-99	-99	-99	-99	-99	-99	-99	-99
19.02.1986	-99	1.824	-99	-99	-99	-99	-99	-99	-99	-99
20.02.1986	-99	1.824	-99	-99	-99	-99	-99	-99	-99	-99
21.02.1986	-99	1.824	-99	-99	-99	-99	-99	-99	-99	-99
22.02.1986	-99	1.976	-99	-99	-99	-99	-99	-99	-99	-99
23.02.1986	-99	1.824	-99	-99	-99	-99	-99	-99	-99	-99
24.02.1986	-99	1.824	-99	-99	-99	-99	-99	-99	-99	-99
25.02.1986	-99	1.824	-99	-99	-99	-99	-99	-99	-99	-99
26.02.1986	-99	1.678	-99	-99	-99	-99	-99	-99	-99	-99
27.02.1986	-99	1.824	-99	-99	-99	-99	-99	-99	-99	-99
28.02.1986	-99	1.824	-99	-99	-99	-99	-99	-99	-99	-99
01.03.1986	-99	1.824	-99	-99	-99	-99	-99	-99	-99	-99
02.03.1986	-99	1.976	-99	-99	-99	-99	-99	-99	-99	-99
03.03.1986	-99	1.976	-99	-99	-99	-99	-99	-99	-99	-99
04.03.1986	-99	2.134	-99	-99	-99	-99	-99	-99	-99	-99
05.03.1986	-99	2.134	-99	-99	-99	-99	-99	-99	-99	-99
06.03.1986	-99	2.134	-99	-99	-99	-99	-99	-99	-99	-99
07.03.1986	-99	2.134	-99	-99	-99	-99	-99	-99	-99	-99
08.03.1986	-99	2.298	-99	-99	-99	-99	-99	-99	-99	-99
09.03.1986	-99	2.298	-99	-99	-99	-99	-99	-99	-99	-99
10.03.1986	-99	2.298	-99	-99	-99	-99	-99	-99	-99	-99
11.03.1986	-99	2.298	-99	-99	-99	-99	-99	-99	-99	-99
12.03.1986	-99	2.298	-99	-99	-99	-99	-99	-99	-99	-99
13.03.1986	-99	2.298	-99	-99	-99	-99	-99	-99	-99	-99
14.03.1986	-99	2.298	-99	-99	-99	-99	-99	-99	-99	-99
15.03.1986	-99	2.298	-99	-99	-99	-99	-99	-99	-99	-99
16.03.1986	-99	2.645	-99	-99	-99	-99	-99	-99	-99	-99
17.03.1986	-99	2.828	-99	-99	-99	-99	-99	-99	-99	-99
18.03.1986	-99	2.828	-99	-99	-99	-99	-99	-99	-99	-99
19.03.1986	-99	2.828	-99	-99	-99	-99	-99	-99	-99	-99
20.03.1986	-99	3.167	-99	-99	-99	-99	-99	-99	-99	-99
21.03.1986	-99	3.411	-99	-99	-99	-99	-99	-99	-99	-99
22.03.1986	-99	3.618	-99	-99	-99	-99	-99	-99	-99	-99
23.03.1986	-99	4.275	-99	-99	-99	-99	-99	-99	-99	-99
24.03.1986	-99	4.742	-99	-99	-99	-99	-99	-99	-99	-99
25.03.1986	-99	4.742	-99	-99	-99	-99	-99	-99	-99	-99
26.03.1986	-99	4.505	-99	-99	-99	-99	-99	-99	-99	-99
27.03.1986	-99	4.275	-99	-99	-99	-99	-99	-99	-99	-99
28.03.1986	-99	4.502	-99	-99	-99	-99	-99	-99	-99	-99
29.03.1986	-99	4.502	-99	-99	-99	-99	-99	-99	-99	-99
30.03.1986	-99	3.831	-99	-99	-99	-99	-99	-99	-99	-99
31.03.1986	-99	3.831	-99	-99	-99	-99	-99	-99	-99	-99
01.04.1986	-99	3.831	-99	-99	-99	-99	-99	-99	-99	-99
02.04.1986	-99	3.618	-99	-99	-99	-99	-99	-99	-99	-99
03.04.1986	-99	3.618	-99	-99	-99	-99	-99	-99	-99	-99
04.04.1986	-99	3.618	-99	-99	-99	-99	-99	-99	-99	-99
05.04.1986	-99	3.618	-99	-99	-99	-99	-99	-99	-99	-99
06.04.1986	-99	3.411	-99	-99	-99	-99	-99	-99	-99	-99
07.04.1986	-99	3.411	-99	-99	-99	-99	-99	-99	-99	-99
08.04.1986	-99	3.211	-99	-99	-99	-99	-99	-99	-99	-99
09.04.1986	-99	3.211	-99	-99	-99	-99	-99	-99	-99	-99
10.04.1986	-99	3.211	-99	-99	-99	-99	-99	-99	-99	-99
11.04.1986	-99	3.211	-99	-99	-99	-99	-99	-99	-99	-99
12.04.1986	-99	3.167	-99	-99	-99	-99	-99	-99	-99	-99
13.04.1986	-99	3.167	-99	-99	-99	-99	-99	-99	-99	-99
14.04.1986	-99	3.167	-99	-99	-99	-99	-99	-99	-99	-99
15.04.1986	-99	2.828	-99	-99	-99	-99	-99	-99	-99	-99
16.04.1986	-99	2.645	-99	-99	-99	-99	-99	-99	-99	-99
17.04.1986	-99	2.645	-99	-99	-99	-99	-99	-99	-99	-99
18.04.1986	-99	2.645	-99	-99	-99	-99	-99	-99	-99	-99
19.04.1986	-99	2.469	-99	-99	-99	-99	-99	-99	-99	-99
20.04.1986	-99	2.469	-99	-99	-99	-99	-99	-99	-99	-99
21.04.1986	-99	2.469	-99	-99	-99	-99	-99	-99	-99	-99
22.04.1986	-99	2.469	-99	-99	-99	-99	-99	-99	-99	-99
23.04.1986	-99	2.469	-99	-99	-99	-99	-99	-99	-99	-99
24.04.1986	-99	2.469	-99	-99	-99	-99	-99	-99	-99	-99
25.04.1986	-99	2.828	-99	-99	-99	-99	-99	-99	-99	-99
26.04.1986	-99	3.167	-99	-99	-99	-99	-99	-99	-99	-99
27.04.1986	-99	3.618	-99	-99	-99	-99	-99	-99	-99	-99
28.04.1986	-99	4.502	-99	-99	-99	-99	-99	-99	-99	-99
29.04.1986	-99	4.505	-99	-99	-99	-99	-99	-99	-99	-99
30.04.1986	-99	6.181	-99	-99	-99	-99	-99	-99	-99	-99
01.05.1986	-99	7.444	-99	-99	-99	-99	-99	-99	-99	-99
02.05.1986	-99	9.213	-99	-99	-99	-99	-99	-99	-99	-99
03.05.1986	-99	12.239	-99	-99	-99	-99	-99	-99	-99	-99
04.05.1986	-99	17.748	-99	-99	-99	-99	-99	-99	-99	-99
05.05.1986	-99	25.923	-99	-99	-99	-99	-99	-99	-99	-99
06.05.1986	-99	34.981	-99	-99	-99	-99	-99	-99	-99	-99
07.05.1986	-99	40.363	-99	-99	-99	-99	-99	-99	-99	-99
08.05.1986	-99	46.129	-99	-99	-99	-99	-99	-99	-99	-99
09.05.1986	-99	54.682	-99	-99	-99	-99	-99	-99	-99	-99
10.05.1986	-99	54.682	-99	-99	-99	-99	-99	-99	-99	-99
11.05.1986	-99	51.488	-99	-99	-99	-99	-99	-99	-99	-99
12.05.1986	-99	49.927	-99	-99	-99	-99	-99	-99	-99	-99
13.05.1986	-99	47.63	-99	-99	-99	-99	-99	-99	-99	-99
14.05.1986	-99	43.922	-99	-99	-99	-99	-99	-99	-99	-99
15.05.1986	-99	39.67	-99	-99	-99	-99	-99	-99	-99	-99
16.05.1986	-99	35.633	-99	-99	-99	-99	-99	-99	-99	-99
17.05.1986	-99	33.618	-99	-99	-99	-99	-99	-99	-99	-99
18.05.1986	-99	30.586	-99	-99	-99	-99	-99	-99	-99	-99
19.05.1986	-99	28.206	-99	-99	-99	-99	-99	-99	-99	-99
20.05.1986	-99	29.384	-99	-99	-99	-99	-99	-99	-99	-99
21.05.1986	-99	32.433	-99	-99	-99	-99	-99	-99	-99	-99
22.05.1986	-99	38.3	-99	-99	-99	-99	-99	-99	-99	-99
23.05.1986	-99	39.67	-99	-99	-99	-99	-99	-99	-99	-99
24.05.1986	-99	36.954	-99	-99	-99	-99	-99	-99	-99	-99
25.05.1986	-99	34.335	-99	-99	-99	-99	-99	-99	-99	-99
26.05.1986	-99	31.812	-99	-99	-99	-99	-99	-99	-99	-99
27.05.1986	-99	31.812	-99	-99	-99	-99	-99	-99	-99	-99
28.05.1986	-99	29.982	-99	-99	-99	-99	-99	-99	-99	-99
29.05.1986	-99	29.982	-99	-99	-99	-99	-99	-99	-99	-99
30.05.1986	-99	28.206	-99	-99	-99	-99	-99	-99	-99	-99
31.05.1986	-99	27.529	-99	-99	-99	-99	-99	-99	-99	-99
01.06.1986	-99	27.626	-99	-99	-99	-99	-99	-99	-99	-99
02.06.1986	-99	29.384	-99	-99	-99	-99	-99	-99	-99	-99
03.06.1986	-99	32.433	-99	-99	-99	-99	-99	-99	-99	-99
04.06.1986	-99	41.635	-99	-99	-99	-99	-99	-99	-99	-99
05.06.1986	-99	45.387	-99	-99	-99	-99	-99	-99	-99	-99
06.06.1986	-99	46.129	-99	-99	-99	-99	-99	-99	-99	-99
07.06.1986	-99	48.39	-99	-99	-99	-99	-99	-99	-99	-99
08.06.1986	-99	57.972	-99	-99	-99	-99	-99	-99	-99	-99
09.06.1986	-99	65.723	-99	-99	-99	-99	-99	-99	-99	-99
10.06.1986	-99	65.723	-99	-99	-99	-99	-99	-99	-99	-99
11.06.1986	-99	74.903	-99	-99	-99	-99	-99	-99	-99	-99
12.06.1986	-99	86.708	-99	-99	-99	-99	-99	-99	-99	-99
13.06.1986	-99	81.685	-99	-99	-99	-99	-99	-99	-99	-99
14.06.1986	-99	70.238	-99	-99	-99	-99	-99	-99	-99	-99
15.06.1986	-99	65.723	-99	-99	-99	-99	-99	-99	-99	-99
16.06.1986	-99	65.723	-99	-99	-99	-99	-99	-99	-99	-99
17.06.1986	-99	71.159	-99	-99	-99	-99	-99	-99	-99	-99
18.06.1986	-99	80.698	-99	-99	-99	-99	-99	-99	-99	-99
19.06.1986	-99	90.833	-99	-99	-99	-99	-99	-99	-99	-99
20.06.1986	-99	98.283	-99	-99	-99	-99	-99	-99	-99	-99
21.06.1986	-99	89.793	-99	-99	-99	-99	-99	-99	-99	-99
22.06.1986	-99	78.743	-99	-99	-99	-99	-99	-99	-99	-99
23.06.1986	-99	69.323	-99	-99	-99	-99	-99	-99	-99	-99
24.06.1986	-99	64.838	-99	-99	-99	-99	-99	-99	-99	-99
25.06.1986	-99	65.723	-99	-99	-99	-99	-99	-99	-99	-99
26.06.1986	-99	68.414	-99	-99	-99	-99	-99	-99	-99	-99
27.06.1986	-99	67.511	-99	-99	-99	-99	-99	-99	-99	-99
28.06.1986	-99	67.511	-99	-99	-99	-99	-99	-99	-99	-99
29.06.1986	-99	65.723	-99	-99	-99	-99	-99	-99	-99	-99
30.06.1986	-99	65.723	-99	-99	-99	-99	-99	-99	-99	-99
01.07.1986	-99	66.614	-99	-99	-99	-99	-99	-99	-99	-99
02.07.1986	-99	68.414	-99	-99	-99	-99	-99	-99	-99	-99
03.07.1986	-99	68.414	-99	-99	-99	-99	-99	-99	-99	-99
04.07.1986	-99	68.414	-99	-99	-99	-99	-99	-99	-99	-99
05.07.1986	-99	65.723	-99	-99	-99	-99	-99	-99	-99	-99
06.07.1986	-99	61.357	-99	-99	-99	-99	-99	-99	-99	-99
07.07.1986	-99	57.14	-99	-99	-99	-99	-99	-99	-99	-99
08.07.1986	-99	52.278	-99	-99	-99	-99	-99	-99	-99	-99
09.07.1986	-99	49.155	-99	-99	-99	-99	-99	-99	-99	-99
10.07.1986	-99	45.387	-99	-99	-99	-99	-99	-99	-99	-99
11.07.1986	-99	41.635	-99	-99	-99	-99	-99	-99	-99	-99
12.07.1986	-99	36.291	-99	-99	-99	-99	-99	-99	-99	-99
13.07.1986	-99	32.433	-99	-99	-99	-99	-99	-99	-99	-99
14.07.1986	-99	29.384	-99	-99	-99	-99	-99	-99	-99	-99
15.07.1986	-99	28.206	-99	-99	-99	-99	-99	-99	-99	-99
16.07.1986	-99	29.384	-99	-99	-99	-99	-99	-99	-99	-99
17.07.1986	-99	33.695	-99	-99	-99	-99	-99	-99	-99	-99
18.07.1986	-99	43.198	-99	-99	-99	-99	-99	-99	-99	-99
19.07.1986	-99	46.877	-99	-99	-99	-99	-99	-99	-99	-99
20.07.1986	-99	46.129	-99	-99	-99	-99	-99	-99	-99	-99
21.07.1986	-99	44.652	-99	-99	-99	-99	-99	-99	-99	-99
22.07.1986	-99	42.481	-99	-99	-99	-99	-99	-99	-99	-99
23.07.1986	-99	41.635	-99	-99	-99	-99	-99	-99	-99	-99
24.07.1986	-99	38.982	-99	-99	-99	-99	-99	-99	-99	-99
25.07.1986	-99	36.954	-99	-99	-99	-99	-99	-99	-99	-99
26.07.1986	-99	36.291	-99	-99	-99	-99	-99	-99	-99	-99
27.07.1986	-99	36.954	-99	-99	-99	-99	-99	-99	-99	-99
28.07.1986	-99	38.982	-99	-99	-99	-99	-99	-99	-99	-99
29.07.1986	-99	43.198	-99	-99	-99	-99	-99	-99	-99	-99
30.07.1986	-99	50.705	-99	-99	-99	-99	-99	-99	-99	-99
31.07.1986	-99	55.495	-99	-99	-99	-99	-99	-99	-99	-99
01.08.1986	-99	57.972	-99	-99	-99	-99	-99	-99	-99	-99
02.08.1986	-99	59.652	-99	-99	-99	-99	-99	-99	-99	-99
03.08.1986	-99	57.972	-99	-99	-99	-99	-99	-99	-99	-99
04.08.1986	-99	57.14	-99	-99	-99	-99	-99	-99	-99	-99
05.08.1986	-99	57.972	-99	-99	-99	-99	-99	-99	-99	-99
06.08.1986	-99	63.859	-99	-99	-99	-99	-99	-99	-99	-99
07.08.1986	-99	65.723	-99	-99	-99	-99	-99	-99	-99	-99
08.08.1986	-99	63.859	-99	-99	-99	-99	-99	-99	-99	-99
09.08.1986	-99	58.809	-99	-99	-99	-99	-99	-99	-99	-99
10.08.1986	-99	63.859	-99	-99	-99	-99	-99	-99	-99	-99
11.08.1986	-99	61.357	-99	-99	-99	-99	-99	-99	-99	-99
12.08.1986	-99	57.14	-99	-99	-99	-99	-99	-99	-99	-99
13.08.1986	-99	53.735	-99	-99	-99	-99	-99	-99	-99	-99
14.08.1986	-99	49.927	-99	-99	-99	-99	-99	-99	-99	-99
15.08.1986	-99	47.63	-99	-99	-99	-99	-99	-99	-99	-99
16.08.1986	-99	49.155	-99	-99	-99	-99	-99	-99	-99	-99
17.08.1986	-99	48.39	-99	-99	-99	-99	-99	-99	-99	-99
18.08.1986	-99	46.877	-99	-99	-99	-99	-99	-99	-99	-99
19.08.1986	-99	44.652	-99	-99	-99	-99	-99	-99	-99	-99
20.08.1986	-99	42.481	-99	-99	-99	-99	-99	-99	-99	-99
21.08.1986	-99	39.67	-99	-99	-99	-99	-99	-99	-99	-99
22.08.1986	-99	36.291	-99	-99	-99	-99	-99	-99	-99	-99
23.08.1986	-99	32.433	-99	-99	-99	-99	-99	-99	-99	-99
24.08.1986	-99	29.384	-99	-99	-99	-99	-99	-99	-99	-99
25.08.1986	-99	27.529	-99	-99	-99	-99	-99	-99	-99	-99
26.08.1986	-99	24.817	-99	-99	-99	-99	-99	-99	-99	-99
27.08.1986	-99	22.677	-99	-99	-99	-99	-99	-99	-99	-99
28.08.1986	-99	20.633	-99	-99	-99	-99	-99	-99	-99	-99
29.08.1986	-99	18.686	-99	-99	-99	-99	-99	-99	-99	-99
30.08.1986	-99	18.214	-99	-99	-99	-99	-99	-99	-99	-99
31.08.1986	-99	18.686	-99	-99	-99	-99	-99	-99	-99	-99
01.09.1986	-99	19.648	-99	-99	-99	-99	-99	-99	-99	-99
02.09.1986	-99	20.138	-99	-99	-99	-99	-99	-99	-99	-99
03.09.1986	-99	20.138	-99	-99	-99	-99	-99	-99	-99	-99
04.09.1986	-99	19.648	-99	-99	-99	-99	-99	-99	-99	-99
05.09.1986	-99	22.157	-99	-99	-99	-99	-99	-99	-99	-99
06.09.1986	-99	24.817	-99	-99	-99	-99	-99	-99	-99	-99
07.09.1986	-99	24.817	-99	-99	-99	-99	-99	-99	-99	-99
08.09.1986	-99	23.735	-99	-99	-99	-99	-99	-99	-99	-99
09.09.1986	-99	23.203	-99	-99	-99	-99	-99	-99	-99	-99
10.09.1986	-99	23.203	-99	-99	-99	-99	-99	-99	-99	-99
11.09.1986	-99	22.157	-99	-99	-99	-99	-99	-99	-99	-99
12.09.1986	-99	20.633	-99	-99	-99	-99	-99	-99	-99	-99
13.09.1986	-99	20.138	-99	-99	-99	-99	-99	-99	-99	-99
14.09.1986	-99	18.686	-99	-99	-99	-99	-99	-99	-99	-99
15.09.1986	-99	18.214	-99	-99	-99	-99	-99	-99	-99	-99
16.09.1986	-99	17.748	-99	-99	-99	-99	-99	-99	-99	-99
17.09.1986	-99	17.288	-99	-99	-99	-99	-99	-99	-99	-99
18.09.1986	-99	16.835	-99	-99	-99	-99	-99	-99	-99	-99
19.09.1986	-99	17.748	-99	-99	-99	-99	-99	-99	-99	-99
20.09.1986	-99	22.157	-99	-99	-99	-99	-99	-99	-99	-99
21.09.1986	-99	32.433	-99	-99	-99	-99	-99	-99	-99	-99
22.09.1986	-99	45.387	-99	-99	-99	-99	-99	-99	-99	-99
23.09.1986	-99	44.652	-99	-99	-99	-99	-99	-99	-99	-99
24.09.1986	-99	38.982	-99	-99	-99	-99	-99	-99	-99	-99
25.09.1986	-99	34.335	-99	-99	-99	-99	-99	-99	-99	-99
26.09.1986	-99	29.982	-99	-99	-99	-99	-99	-99	-99	-99
27.09.1986	-99	26.484	-99	-99	-99	-99	-99	-99	-99	-99
28.09.1986	-99	25.367	-99	-99	-99	-99	-99	-99	-99	-99
29.09.1986	-99	38.3	-99	-99	-99	-99	-99	-99	-99	-99
30.09.1986	-99	49.155	-99	-99	-99	-99	-99	-99	-99	-99
01.10.1986	-99	90.833	-99	-99	-99	-99	-99	-99	-99	-99
02.10.1986	-99	118.782	-99	-99	-99	-99	-99	-99	-99	-99
03.10.1986	-99	110.581	-99	-99	-99	-99	-99	-99	-99	-99
04.10.1986	-99	90.833	-99	-99	-99	-99	-99	-99	-99	-99
05.10.1986	-99	73.198	-99	-99	-99	-99	-99	-99	-99	-99
06.10.1986	-99	63.859	-99	-99	-99	-99	-99	-99	-99	-99
07.10.1986	-99	63.959	-99	-99	-99	-99	-99	-99	-99	-99
08.10.1986	-99	57.972	-99	-99	-99	-99	-99	-99	-99	-99
09.10.1986	-99	49.927	-99	-99	-99	-99	-99	-99	-99	-99
10.10.1986	-99	45.387	-99	-99	-99	-99	-99	-99	-99	-99
11.10.1986	-99	43.198	-99	-99	-99	-99	-99	-99	-99	-99
12.10.1986	-99	40.363	-99	-99	-99	-99	-99	-99	-99	-99
13.10.1986	-99	35.633	-99	-99	-99	-99	-99	-99	-99	-99
14.10.1986	-99	31.812	-99	-99	-99	-99	-99	-99	-99	-99
15.10.1986	-99	33.695	-99	-99	-99	-99	-99	-99	-99	-99
16.10.1986	-99	35.633	-99	-99	-99	-99	-99	-99	-99	-99
17.10.1986	-99	36.291	-99	-99	-99	-99	-99	-99	-99	-99
18.10.1986	-99	33.695	-99	-99	-99	-99	-99	-99	-99	-99
19.10.1986	-99	30.586	-99	-99	-99	-99	-99	-99	-99	-99
20.10.1986	-99	29.384	-99	-99	-99	-99	-99	-99	-99	-99
21.10.1986	-99	26.484	-99	-99	-99	-99	-99	-99	-99	-99
22.10.1986	-99	23.735	-99	-99	-99	-99	-99	-99	-99	-99
23.10.1986	-99	21.135	-99	-99	-99	-99	-99	-99	-99	-99
24.10.1986	-99	18.686	-99	-99	-99	-99	-99	-99	-99	-99
25.10.1986	-99	17.288	-99	-99	-99	-99	-99	-99	-99	-99
26.10.1986	-99	15.509	-99	-99	-99	-99	-99	-99	-99	-99
27.10.1986	-99	14.238	-99	-99	-99	-99	-99	-99	-99	-99
28.10.1986	-99	13.826	-99	-99	-99	-99	-99	-99	-99	-99
29.10.1986	-99	15.945	-99	-99	-99	-99	-99	-99	-99	-99
30.10.1986	-99	20.138	-99	-99	-99	-99	-99	-99	-99	-99
31.10.1986	-99	21.643	-99	-99	-99	-99	-99	-99	-99	-99
01.11.1986	-99	23.203	-99	-99	-99	-99	-99	-99	-99	-99
02.11.1986	-99	22.677	-99	-99	-99	-99	-99	-99	-99	-99
03.11.1986	-99	21.135	-99	-99	-99	-99	-99	-99	-99	-99
04.11.1986	-99	20.138	-99	-99	-99	-99	-99	-99	-99	-99
05.11.1986	-99	19.648	-99	-99	-99	-99	-99	-99	-99	-99
06.11.1986	-99	19.648	-99	-99	-99	-99	-99	-99	-99	-99
07.11.1986	-99	19.648	-99	-99	-99	-99	-99	-99	-99	-99
08.11.1986	-99	20.633	-99	-99	-99	-99	-99	-99	-99	-99
09.11.1986	-99	22.157	-99	-99	-99	-99	-99	-99	-99	-99
10.11.1986	-99	24.817	-99	-99	-99	-99	-99	-99	-99	-99
11.11.1986	-99	34.981	-99	-99	-99	-99	-99	-99	-99	-99
12.11.1986	-99	37.624	-99	-99	-99	-99	-99	-99	-99	-99
13.11.1986	-99	34.981	-99	-99	-99	-99	-99	-99	-99	-99
14.11.1986	-99	30.586	-99	-99	-99	-99	-99	-99	-99	-99
15.11.1986	-99	28.792	-99	-99	-99	-99	-99	-99	-99	-99
16.11.1986	-99	27.529	-99	-99	-99	-99	-99	-99	-99	-99
17.11.1986	-99	25.367	-99	-99	-99	-99	-99	-99	-99	-99
18.11.1986	-99	23.203	-99	-99	-99	-99	-99	-99	-99	-99
19.11.1986	-99	21.135	-99	-99	-99	-99	-99	-99	-99	-99
20.11.1986	-99	18.686	-99	-99	-99	-99	-99	-99	-99	-99
21.11.1986	-99	16.835	-99	-99	-99	-99	-99	-99	-99	-99
22.11.1986	-99	15.509	-99	-99	-99	-99	-99	-99	-99	-99
23.11.1986	-99	13.42	-99	-99	-99	-99	-99	-99	-99	-99
24.11.1986	-99	12.239	-99	-99	-99	-99	-99	-99	-99	-99
25.11.1986	-99	11.482	-99	-99	-99	-99	-99	-99	-99	-99
26.11.1986	-99	11.857	-99	-99	-99	-99	-99	-99	-99	-99
27.11.1986	-99	13.021	-99	-99	-99	-99	-99	-99	-99	-99
28.11.1986	-99	20.138	-99	-99	-99	-99	-99	-99	-99	-99
29.11.1986	-99	35.633	-99	-99	-99	-99	-99	-99	-99	-99
30.11.1986	-99	38.3	-99	-99	-99	-99	-99	-99	-99	-99
01.12.1986	-99	39.67	-99	-99	-99	-99	-99	-99	-99	-99
02.12.1986	-99	37.624	-99	-99	-99	-99	-99	-99	-99	-99
03.12.1986	-99	38.3	-99	-99	-99	-99	-99	-99	-99	-99
04.12.1986	-99	52.278	-99	-99	-99	-99	-99	-99	-99	-99
05.12.1986	-99	54.682	-99	-99	-99	-99	-99	-99	-99	-99
06.12.1986	-99	49.155	-99	-99	-99	-99	-99	-99	-99	-99
07.12.1986	-99	42.481	-99	-99	-99	-99	-99	-99	-99	-99
08.12.1986	-99	36.291	-99	-99	-99	-99	-99	-99	-99	-99
09.12.1986	-99	32.433	-99	-99	-99	-99	-99	-99	-99	-99
10.12.1986	-99	34.335	-99	-99	-99	-99	-99	-99	-99	-99
11.12.1986	-99	32.433	-99	-99	-99	-99	-99	-99	-99	-99
12.12.1986	-99	28.792	-99	-99	-99	-99	-99	-99	-99	-99
13.12.1986	-99	25.923	-99	-99	-99	-99	-99	-99	-99	-99
14.12.1986	-99	22.677	-99	-99	-99	-99	-99	-99	-99	-99
15.12.1986	-99	20.138	-99	-99	-99	-99	-99	-99	-99	-99
16.12.1986	-99	17.288	-99	-99	-99	-99	-99	-99	-99	-99
17.12.1986	-99	15.509	-99	-99	-99	-99	-99	-99	-99	-99
18.12.1986	-99	14.238	-99	-99	-99	-99	-99	-99	-99	-99
19.12.1986	-99	13.021	-99	-99	-99	-99	-99	-99	-99	-99
20.12.1986	-99	11.112	-99	-99	-99	-99	-99	-99	-99	-99
21.12.1986	-99	10.399	-99	-99	-99	-99	-99	-99	-99	-99
22.12.1986	-99	9.213	-99	-99	-99	-99	-99	-99	-99	-99
23.12.1986	-99	8.372	-99	-99	-99	-99	-99	-99	-99	-99
24.12.1986	-99	7.747	-99	-99	-99	-99	-99	-99	-99	-99
25.12.1986	-99	7.147	-99	-99	-99	-99	-99	-99	-99	-99
26.12.1986	-99	6.855	-99	-99	-99	-99	-99	-99	-99	-99
27.12.1986	-99	6.57	-99	-99	-99	-99	-99	-99	-99	-99
28.12.1986	-99	6.181	-99	-99	-99	-99	-99	-99	-99	-99
29.12.1986	-99	5.751	-99	-99	-99	-99	-99	-99	-99	-99
30.12.1986	-99	5.489	-99	-99	-99	-99	-99	-99	-99	-99
31.12.1986	-99	5.489	-99	-99	-99	-99	-99	-99	-99	-99
01.01.1987	0.153	5.234	-99	-99	-99	-99	-99	-99	-99	-99
02.01.1987	0.138	4.742	-99	-99	-99	-99	-99	-99	-99	-99
03.01.1987	0.138	4.742	-99	-99	-99	-99	-99	-99	-99	-99
04.01.1987	0.138	4.505	-99	-99	-99	-99	-99	-99	-99	-99
05.01.1987	0.138	4.505	-99	-99	-99	-99	-99	-99	-99	-99
06.01.1987	0.153	4.502	-99	-99	-99	-99	-99	-99	-99	-99
07.01.1987	0.187	3.831	-99	-99	-99	-99	-99	-99	-99	-99
08.01.1987	0.206	4.502	-99	-99	-99	-99	-99	-99	-99	-99
09.01.1987	0.206	4.502	-99	-99	-99	-99	-99	-99	-99	-99
10.01.1987	0.206	3.831	-99	-99	-99	-99	-99	-99	-99	-99
11.01.1987	0.206	3.411	-99	-99	-99	-99	-99	-99	-99	-99
12.01.1987	0.206	3.211	-99	-99	-99	-99	-99	-99	-99	-99
13.01.1987	0.169	3.167	-99	-99	-99	-99	-99	-99	-99	-99
14.01.1987	0.153	2.828	-99	-99	-99	-99	-99	-99	-99	-99
15.01.1987	0.124	2.828	-99	-99	-99	-99	-99	-99	-99	-99
16.01.1987	0.111	2.828	-99	-99	-99	-99	-99	-99	-99	-99
17.01.1987	0.996	2.645	-99	-99	-99	-99	-99	-99	-99	-99
18.01.1987	0.889	2.645	-99	-99	-99	-99	-99	-99	-99	-99
19.01.1987	0.889	2.469	-99	-99	-99	-99	-99	-99	-99	-99
20.01.1987	0.79	2.469	-99	-99	-99	-99	-99	-99	-99	-99
21.01.1987	0.701	2.469	-99	-99	-99	-99	-99	-99	-99	-99
22.01.1987	0.79	2.469	-99	-99	-99	-99	-99	-99	-99	-99
23.01.1987	0.79	2.469	-99	-99	-99	-99	-99	-99	-99	-99
24.01.1987	0.111	2.469	-99	-99	-99	-99	-99	-99	-99	-99
25.01.1987	0.619	2.645	-99	-99	-99	-99	-99	-99	-99	-99
26.01.1987	0.889	3.211	-99	-99	-99	-99	-99	-99	-99	-99
27.01.1987	0.187	3.211	-99	-99	-99	-99	-99	-99	-99	-99
28.01.1987	0.384	3.411	-99	-99	-99	-99	-99	-99	-99	-99
29.01.1987	0.765	3.411	-99	-99	-99	-99	-99	-99	-99	-99
30.01.1987	0.662	3.411	-99	-99	-99	-99	-99	-99	-99	-99
31.01.1987	0.452	3.618	-99	-99	-99	-99	-99	-99	-99	-99
01.02.1987	0.417	3.831	-99	-99	-99	-99	-99	-99	-99	-99
02.02.1987	0.353	3.831	-99	-99	-99	-99	-99	-99	-99	-99
03.02.1987	0.272	3.618	-99	-99	-99	-99	-99	-99	-99	-99
04.02.1987	0.272	4.502	-99	-99	-99	-99	-99	-99	-99	-99
05.02.1987	0.297	4.505	-99	-99	-99	-99	-99	-99	-99	-99
06.02.1987	0.324	5.489	-99	-99	-99	-99	-99	-99	-99	-99
07.02.1987	0.353	5.489	-99	-99	-99	-99	-99	-99	-99	-99
08.02.1987	0.384	5.751	-99	-99	-99	-99	-99	-99	-99	-99
09.02.1987	0.353	5.489	-99	-99	-99	-99	-99	-99	-99	-99
10.02.1987	0.297	5.234	-99	-99	-99	-99	-99	-99	-99	-99
11.02.1987	0.248	4.985	-99	-99	-99	-99	-99	-99	-99	-99
12.02.1987	0.226	4.742	-99	-99	-99	-99	-99	-99	-99	-99
13.02.1987	0.187	4.742	-99	-99	-99	-99	-99	-99	-99	-99
14.02.1987	0.169	4.505	-99	-99	-99	-99	-99	-99	-99	-99
15.02.1987	0.169	4.275	-99	-99	-99	-99	-99	-99	-99	-99
16.02.1987	0.169	4.275	-99	-99	-99	-99	-99	-99	-99	-99
17.02.1987	0.153	4.502	-99	-99	-99	-99	-99	-99	-99	-99
18.02.1987	0.153	3.831	-99	-99	-99	-99	-99	-99	-99	-99
19.02.1987	0.138	3.831	-99	-99	-99	-99	-99	-99	-99	-99
20.02.1987	0.138	3.831	-99	-99	-99	-99	-99	-99	-99	-99
21.02.1987	0.187	4.505	-99	-99	-99	-99	-99	-99	-99	-99
22.02.1987	0.226	5.234	-99	-99	-99	-99	-99	-99	-99	-99
23.02.1987	0.324	5.751	-99	-99	-99	-99	-99	-99	-99	-99
24.02.1987	0.297	5.751	-99	-99	-99	-99	-99	-99	-99	-99
25.02.1987	0.297	6.181	-99	-99	-99	-99	-99	-99	-99	-99
26.02.1987	0.297	5.751	-99	-99	-99	-99	-99	-99	-99	-99
27.02.1987	0.226	5.489	-99	-99	-99	-99	-99	-99	-99	-99
28.02.1987	0.248	4.985	-99	-99	-99	-99	-99	-99	-99	-99
01.03.1987	0.187	4.985	-99	-99	-99	-99	-99	-99	-99	-99
02.03.1987	0.169	4.505	-99	-99	-99	-99	-99	-99	-99	-99
03.03.1987	0.153	4.275	-99	-99	-99	-99	-99	-99	-99	-99
04.03.1987	0.138	4.502	-99	-99	-99	-99	-99	-99	-99	-99
05.03.1987	0.138	3.831	-99	-99	-99	-99	-99	-99	-99	-99
06.03.1987	0.124	3.831	-99	-99	-99	-99	-99	-99	-99	-99
07.03.1987	0.996	3.618	-99	-99	-99	-99	-99	-99	-99	-99
08.03.1987	0.889	3.618	-99	-99	-99	-99	-99	-99	-99	-99
09.03.1987	0.79	3.411	-99	-99	-99	-99	-99	-99	-99	-99
10.03.1987	0.701	3.211	-99	-99	-99	-99	-99	-99	-99	-99
11.03.1987	0.619	3.211	-99	-99	-99	-99	-99	-99	-99	-99
12.03.1987	0.619	3.167	-99	-99	-99	-99	-99	-99	-99	-99
13.03.1987	0.619	2.828	-99	-99	-99	-99	-99	-99	-99	-99
14.03.1987	0.545	2.645	-99	-99	-99	-99	-99	-99	-99	-99
15.03.1987	0.478	2.645	-99	-99	-99	-99	-99	-99	-99	-99
16.03.1987	0.478	2.645	-99	-99	-99	-99	-99	-99	-99	-99
17.03.1987	0.545	2.645	-99	-99	-99	-99	-99	-99	-99	-99
18.03.1987	0.545	2.645	-99	-99	-99	-99	-99	-99	-99	-99
19.03.1987	0.545	2.469	-99	-99	-99	-99	-99	-99	-99	-99
20.03.1987	0.478	2.469	-99	-99	-99	-99	-99	-99	-99	-99
21.03.1987	0.417	2.298	-99	-99	-99	-99	-99	-99	-99	-99
22.03.1987	0.417	2.298	-99	-99	-99	-99	-99	-99	-99	-99
23.03.1987	0.417	2.134	-99	-99	-99	-99	-99	-99	-99	-99
24.03.1987	0.363	2.134	-99	-99	-99	-99	-99	-99	-99	-99
25.03.1987	0.363	2.134	-99	-99	-99	-99	-99	-99	-99	-99
26.03.1987	0.363	2.134	-99	-99	-99	-99	-99	-99	-99	-99
27.03.1987	0.363	2.134	-99	-99	-99	-99	-99	-99	-99	-99
28.03.1987	0.363	2.134	-99	-99	-99	-99	-99	-99	-99	-99
29.03.1987	0.363	2.134	-99	-99	-99	-99	-99	-99	-99	-99
30.03.1987	0.545	2.134	-99	-99	-99	-99	-99	-99	-99	-99
31.03.1987	0.545	2.134	-99	-99	-99	-99	-99	-99	-99	-99
01.04.1987	0.545	2.298	-99	-99	-99	-99	-99	-99	-99	-99
02.04.1987	0.478	2.645	-99	-99	-99	-99	-99	-99	-99	-99
03.04.1987	0.478	2.828	-99	-99	-99	-99	-99	-99	-99	-99
04.04.1987	0.417	3.167	-99	-99	-99	-99	-99	-99	-99	-99
05.04.1987	0.417	3.211	-99	-99	-99	-99	-99	-99	-99	-99
06.04.1987	0.417	3.618	-99	-99	-99	-99	-99	-99	-99	-99
07.04.1987	0.478	3.618	-99	-99	-99	-99	-99	-99	-99	-99
08.04.1987	0.545	4.502	-99	-99	-99	-99	-99	-99	-99	-99
09.04.1987	0.478	4.502	-99	-99	-99	-99	-99	-99	-99	-99
10.04.1987	0.478	4.502	-99	-99	-99	-99	-99	-99	-99	-99
11.04.1987	0.417	4.275	-99	-99	-99	-99	-99	-99	-99	-99
12.04.1987	0.417	4.275	-99	-99	-99	-99	-99	-99	-99	-99
13.04.1987	0.417	4.505	-99	-99	-99	-99	-99	-99	-99	-99
14.04.1987	0.478	4.742	-99	-99	-99	-99	-99	-99	-99	-99
15.04.1987	0.79	5.234	-99	-99	-99	-99	-99	-99	-99	-99
16.04.1987	0.124	6.855	-99	-99	-99	-99	-99	-99	-99	-99
17.04.1987	0.153	9.213	-99	-99	-99	-99	-99	-99	-99	-99
18.04.1987	0.169	9.694	-99	-99	-99	-99	-99	-99	-99	-99
19.04.1987	0.206	9.694	-99	-99	-99	-99	-99	-99	-99	-99
20.04.1987	0.226	9.694	-99	-99	-99	-99	-99	-99	-99	-99
21.04.1987	0.248	10.399	-99	-99	-99	-99	-99	-99	-99	-99
22.04.1987	0.272	10.391	-99	-99	-99	-99	-99	-99	-99	-99
23.04.1987	0.324	11.112	-99	-99	-99	-99	-99	-99	-99	-99
24.04.1987	0.353	11.857	-99	-99	-99	-99	-99	-99	-99	-99
25.04.1987	0.384	12.627	-99	-99	-99	-99	-99	-99	-99	-99
26.04.1987	0.452	13.42	-99	-99	-99	-99	-99	-99	-99	-99
27.04.1987	0.662	14.655	-99	-99	-99	-99	-99	-99	-99	-99
28.04.1987	1.805	17.288	-99	-99	-99	-99	-99	-99	-99	-99
29.04.1987	3.67	21.643	-99	-99	-99	-99	-99	-99	-99	-99
30.04.1987	2.349	27.626	-99	-99	-99	-99	-99	-99	-99	-99
01.05.1987	3.943	36.291	-99	-99	-99	-99	-99	-99	-99	-99
02.05.1987	2.762	44.652	-99	-99	-99	-99	-99	-99	-99	-99
03.05.1987	1.667	41.769	-99	-99	-99	-99	-99	-99	-99	-99
04.05.1987	1.149	36.954	-99	-99	-99	-99	-99	-99	-99	-99
05.05.1987	1.769	32.433	-99	-99	-99	-99	-99	-99	-99	-99
06.05.1987	0.942	29.384	-99	-99	-99	-99	-99	-99	-99	-99
07.05.1987	0.88	27.529	-99	-99	-99	-99	-99	-99	-99	-99
08.05.1987	0.942	24.817	-99	-99	-99	-99	-99	-99	-99	-99
09.05.1987	1.769	23.735	-99	-99	-99	-99	-99	-99	-99	-99
10.05.1987	1.769	22.677	-99	-99	-99	-99	-99	-99	-99	-99
11.05.1987	0.821	21.643	-99	-99	-99	-99	-99	-99	-99	-99
12.05.1987	0.712	20.633	-99	-99	-99	-99	-99	-99	-99	-99
13.05.1987	0.662	19.648	-99	-99	-99	-99	-99	-99	-99	-99
14.05.1987	0.712	18.214	-99	-99	-99	-99	-99	-99	-99	-99
15.05.1987	0.615	16.835	-99	-99	-99	-99	-99	-99	-99	-99
16.05.1987	0.765	16.387	-99	-99	-99	-99	-99	-99	-99	-99
17.05.1987	1.305	15.945	-99	-99	-99	-99	-99	-99	-99	-99
18.05.1987	1.667	16.387	-99	-99	-99	-99	-99	-99	-99	-99
19.05.1987	1.389	17.288	-99	-99	-99	-99	-99	-99	-99	-99
20.05.1987	1.805	17.748	-99	-99	-99	-99	-99	-99	-99	-99
21.05.1987	0.821	17.288	-99	-99	-99	-99	-99	-99	-99	-99
22.05.1987	1.149	16.835	-99	-99	-99	-99	-99	-99	-99	-99
23.05.1987	2.222	17.288	-99	-99	-99	-99	-99	-99	-99	-99
24.05.1987	3.397	20.633	-99	-99	-99	-99	-99	-99	-99	-99
25.05.1987	3.572	24.273	-99	-99	-99	-99	-99	-99	-99	-99
26.05.1987	3.754	28.792	-99	-99	-99	-99	-99	-99	-99	-99
27.05.1987	3.397	32.433	-99	-99	-99	-99	-99	-99	-99	-99
28.05.1987	2.481	32.433	-99	-99	-99	-99	-99	-99	-99	-99
29.05.1987	2.222	31.196	-99	-99	-99	-99	-99	-99	-99	-99
30.05.1987	2.762	30.586	-99	-99	-99	-99	-99	-99	-99	-99
31.05.1987	3.67	29.982	-99	-99	-99	-99	-99	-99	-99	-99
01.06.1987	3.67	31.812	-99	-99	-99	-99	-99	-99	-99	-99
02.06.1987	3.397	34.981	-99	-99	-99	-99	-99	-99	-99	-99
03.06.1987	3.572	37.624	-99	-99	-99	-99	-99	-99	-99	-99
04.06.1987	4.14	41.769	-99	-99	-99	-99	-99	-99	-99	-99
05.06.1987	4.343	46.129	-99	-99	-99	-99	-99	-99	-99	-99
06.06.1987	4.343	49.155	-99	-99	-99	-99	-99	-99	-99	-99
07.06.1987	5.237	53.875	-99	-99	-99	-99	-99	-99	-99	-99
08.06.1987	5.237	54.682	-99	-99	-99	-99	-99	-99	-99	-99
09.06.1987	5.238	53.875	-99	-99	-99	-99	-99	-99	-99	-99
10.06.1987	5.237	51.488	-99	-99	-99	-99	-99	-99	-99	-99
11.06.1987	4.774	51.488	-99	-99	-99	-99	-99	-99	-99	-99
12.06.1987	4.14	48.39	-99	-99	-99	-99	-99	-99	-99	-99
13.06.1987	4.555	48.39	-99	-99	-99	-99	-99	-99	-99	-99
14.06.1987	4.343	46.129	-99	-99	-99	-99	-99	-99	-99	-99
15.06.1987	4.774	49.155	-99	-99	-99	-99	-99	-99	-99	-99
16.06.1987	5.237	50.705	-99	-99	-99	-99	-99	-99	-99	-99
17.06.1987	5.238	52.278	-99	-99	-99	-99	-99	-99	-99	-99
18.06.1987	4.774	50.705	-99	-99	-99	-99	-99	-99	-99	-99
19.06.1987	4.343	47.63	-99	-99	-99	-99	-99	-99	-99	-99
20.06.1987	4.14	45.387	-99	-99	-99	-99	-99	-99	-99	-99
21.06.1987	3.943	43.198	-99	-99	-99	-99	-99	-99	-99	-99
22.06.1987	4.343	45.387	-99	-99	-99	-99	-99	-99	-99	-99
23.06.1987	4.774	50.705	-99	-99	-99	-99	-99	-99	-99	-99
24.06.1987	5.237	55.495	-99	-99	-99	-99	-99	-99	-99	-99
25.06.1987	5.237	53.875	-99	-99	-99	-99	-99	-99	-99	-99
26.06.1987	5.735	56.315	-99	-99	-99	-99	-99	-99	-99	-99
27.06.1987	5.482	55.495	-99	-99	-99	-99	-99	-99	-99	-99
28.06.1987	5.238	55.495	-99	-99	-99	-99	-99	-99	-99	-99
29.06.1987	5.238	55.495	-99	-99	-99	-99	-99	-99	-99	-99
30.06.1987	5.482	57.972	-99	-99	-99	-99	-99	-99	-99	-99
01.07.1987	5.735	62.218	-99	-99	-99	-99	-99	-99	-99	-99
02.07.1987	6.268	71.159	-99	-99	-99	-99	-99	-99	-99	-99
03.07.1987	6.268	74.903	-99	-99	-99	-99	-99	-99	-99	-99
04.07.1987	5.482	72.869	-99	-99	-99	-99	-99	-99	-99	-99
05.07.1987	7.768	87.73	-99	-99	-99	-99	-99	-99	-99	-99
06.07.1987	8.992	107.155	-99	-99	-99	-99	-99	-99	-99	-99
07.07.1987	8.44	128.512	-99	-99	-99	-99	-99	-99	-99	-99
08.07.1987	8.44	133.521	-99	-99	-99	-99	-99	-99	-99	-99
09.07.1987	5.997	117.593	-99	-99	-99	-99	-99	-99	-99	-99
10.07.1987	5.237	99.371	-99	-99	-99	-99	-99	-99	-99	-99
11.07.1987	4.555	84.681	-99	-99	-99	-99	-99	-99	-99	-99
12.07.1987	4.14	73.198	-99	-99	-99	-99	-99	-99	-99	-99
13.07.1987	4.343	64.838	-99	-99	-99	-99	-99	-99	-99	-99
14.07.1987	4.14	59.652	-99	-99	-99	-99	-99	-99	-99	-99
15.07.1987	4.774	57.14	-99	-99	-99	-99	-99	-99	-99	-99
16.07.1987	5.997	63.859	-99	-99	-99	-99	-99	-99	-99	-99
17.07.1987	6.838	73.958	-99	-99	-99	-99	-99	-99	-99	-99
18.07.1987	6.838	82.677	-99	-99	-99	-99	-99	-99	-99	-99
19.07.1987	6.548	87.73	-99	-99	-99	-99	-99	-99	-99	-99
20.07.1987	6.548	92.932	-99	-99	-99	-99	-99	-99	-99	-99
21.07.1987	5.997	92.932	-99	-99	-99	-99	-99	-99	-99	-99
22.07.1987	6.268	90.833	-99	-99	-99	-99	-99	-99	-99	-99
23.07.1987	6.548	90.833	-99	-99	-99	-99	-99	-99	-99	-99
24.07.1987	7.768	96.125	-99	-99	-99	-99	-99	-99	-99	-99
25.07.1987	6.268	98.283	-99	-99	-99	-99	-99	-99	-99	-99
26.07.1987	5.237	90.833	-99	-99	-99	-99	-99	-99	-99	-99
27.07.1987	3.943	78.743	-99	-99	-99	-99	-99	-99	-99	-99
28.07.1987	4.14	68.414	-99	-99	-99	-99	-99	-99	-99	-99
29.07.1987	3.754	63.859	-99	-99	-99	-99	-99	-99	-99	-99
30.07.1987	3.572	57.972	-99	-99	-99	-99	-99	-99	-99	-99
31.07.1987	3.67	53.875	-99	-99	-99	-99	-99	-99	-99	-99
01.08.1987	2.911	49.155	-99	-99	-99	-99	-99	-99	-99	-99
02.08.1987	3.397	47.63	-99	-99	-99	-99	-99	-99	-99	-99
03.08.1987	3.572	46.877	-99	-99	-99	-99	-99	-99	-99	-99
04.08.1987	3.228	45.387	-99	-99	-99	-99	-99	-99	-99	-99
05.08.1987	3.67	43.922	-99	-99	-99	-99	-99	-99	-99	-99
06.08.1987	3.67	42.481	-99	-99	-99	-99	-99	-99	-99	-99
07.08.1987	2.911	41.635	-99	-99	-99	-99	-99	-99	-99	-99
08.08.1987	2.762	38.3	-99	-99	-99	-99	-99	-99	-99	-99
09.08.1987	2.762	36.291	-99	-99	-99	-99	-99	-99	-99	-99
10.08.1987	2.762	35.633	-99	-99	-99	-99	-99	-99	-99	-99
11.08.1987	2.762	35.633	-99	-99	-99	-99	-99	-99	-99	-99
12.08.1987	2.349	34.981	-99	-99	-99	-99	-99	-99	-99	-99
13.08.1987	2.101	33.695	-99	-99	-99	-99	-99	-99	-99	-99
14.08.1987	1.985	32.433	-99	-99	-99	-99	-99	-99	-99	-99
15.08.1987	2.349	31.812	-99	-99	-99	-99	-99	-99	-99	-99
16.08.1987	2.222	32.433	-99	-99	-99	-99	-99	-99	-99	-99
17.08.1987	1.985	31.812	-99	-99	-99	-99	-99	-99	-99	-99
18.08.1987	3.943	33.695	-99	-99	-99	-99	-99	-99	-99	-99
19.08.1987	4.555	41.769	-99	-99	-99	-99	-99	-99	-99	-99
20.08.1987	3.397	44.652	-99	-99	-99	-99	-99	-99	-99	-99
21.08.1987	4.774	49.155	-99	-99	-99	-99	-99	-99	-99	-99
22.08.1987	5.997	64.838	-99	-99	-99	-99	-99	-99	-99	-99
23.08.1987	4.343	70.238	-99	-99	-99	-99	-99	-99	-99	-99
24.08.1987	3.397	65.723	-99	-99	-99	-99	-99	-99	-99	-99
25.08.1987	2.618	58.809	-99	-99	-99	-99	-99	-99	-99	-99
26.08.1987	2.762	53.735	-99	-99	-99	-99	-99	-99	-99	-99
27.08.1987	3.754	50.705	-99	-99	-99	-99	-99	-99	-99	-99
28.08.1987	4.555	53.875	-99	-99	-99	-99	-99	-99	-99	-99
29.08.1987	3.572	53.875	-99	-99	-99	-99	-99	-99	-99	-99
30.08.1987	3.572	51.488	-99	-99	-99	-99	-99	-99	-99	-99
31.08.1987	2.618	47.63	-99	-99	-99	-99	-99	-99	-99	-99
01.09.1987	1.874	41.769	-99	-99	-99	-99	-99	-99	-99	-99
02.09.1987	2.222	37.624	-99	-99	-99	-99	-99	-99	-99	-99
03.09.1987	2.101	35.633	-99	-99	-99	-99	-99	-99	-99	-99
04.09.1987	1.667	32.433	-99	-99	-99	-99	-99	-99	-99	-99
05.09.1987	1.57	29.982	-99	-99	-99	-99	-99	-99	-99	-99
06.09.1987	1.768	28.792	-99	-99	-99	-99	-99	-99	-99	-99
07.09.1987	2.762	29.982	-99	-99	-99	-99	-99	-99	-99	-99
08.09.1987	2.349	31.196	-99	-99	-99	-99	-99	-99	-99	-99
09.09.1987	1.985	31.812	-99	-99	-99	-99	-99	-99	-99	-99
10.09.1987	1.874	30.586	-99	-99	-99	-99	-99	-99	-99	-99
11.09.1987	1.57	29.384	-99	-99	-99	-99	-99	-99	-99	-99
12.09.1987	1.389	27.529	-99	-99	-99	-99	-99	-99	-99	-99
13.09.1987	1.768	27.626	-99	-99	-99	-99	-99	-99	-99	-99
14.09.1987	1.667	28.792	-99	-99	-99	-99	-99	-99	-99	-99
15.09.1987	1.985	28.206	-99	-99	-99	-99	-99	-99	-99	-99
16.09.1987	1.768	28.206	-99	-99	-99	-99	-99	-99	-99	-99
17.09.1987	1.305	26.484	-99	-99	-99	-99	-99	-99	-99	-99
18.09.1987	2.349	26.484	-99	-99	-99	-99	-99	-99	-99	-99
19.09.1987	2.481	30.586	-99	-99	-99	-99	-99	-99	-99	-99
20.09.1987	2.101	31.812	-99	-99	-99	-99	-99	-99	-99	-99
21.09.1987	1.667	29.982	-99	-99	-99	-99	-99	-99	-99	-99
22.09.1987	4.774	31.196	-99	-99	-99	-99	-99	-99	-99	-99
23.09.1987	3.754	37.624	-99	-99	-99	-99	-99	-99	-99	-99
24.09.1987	3.228	41.635	-99	-99	-99	-99	-99	-99	-99	-99
25.09.1987	2.481	39.67	-99	-99	-99	-99	-99	-99	-99	-99
26.09.1987	2.222	36.291	-99	-99	-99	-99	-99	-99	-99	-99
27.09.1987	1.985	33.695	-99	-99	-99	-99	-99	-99	-99	-99
28.09.1987	1.667	30.586	-99	-99	-99	-99	-99	-99	-99	-99
29.09.1987	1.389	27.626	-99	-99	-99	-99	-99	-99	-99	-99
30.09.1987	1.149	24.817	-99	-99	-99	-99	-99	-99	-99	-99
01.10.1987	1.805	22.157	-99	-99	-99	-99	-99	-99	-99	-99
02.10.1987	0.821	20.138	-99	-99	-99	-99	-99	-99	-99	-99
03.10.1987	0.662	18.214	-99	-99	-99	-99	-99	-99	-99	-99
04.10.1987	0.571	16.387	-99	-99	-99	-99	-99	-99	-99	-99
05.10.1987	0.529	14.655	-99	-99	-99	-99	-99	-99	-99	-99
06.10.1987	0.662	14.238	-99	-99	-99	-99	-99	-99	-99	-99
07.10.1987	1.149	14.655	-99	-99	-99	-99	-99	-99	-99	-99
08.10.1987	1.667	16.387	-99	-99	-99	-99	-99	-99	-99	-99
09.10.1987	2.618	19.164	-99	-99	-99	-99	-99	-99	-99	-99
10.10.1987	1.874	21.643	-99	-99	-99	-99	-99	-99	-99	-99
11.10.1987	2.481	23.203	-99	-99	-99	-99	-99	-99	-99	-99
12.10.1987	2.349	24.817	-99	-99	-99	-99	-99	-99	-99	-99
13.10.1987	1.874	24.273	-99	-99	-99	-99	-99	-99	-99	-99
14.10.1987	1.478	23.203	-99	-99	-99	-99	-99	-99	-99	-99
15.10.1987	1.305	22.157	-99	-99	-99	-99	-99	-99	-99	-99
16.10.1987	2.481	21.643	-99	-99	-99	-99	-99	-99	-99	-99
17.10.1987	3.228	24.817	-99	-99	-99	-99	-99	-99	-99	-99
18.10.1987	2.101	27.626	-99	-99	-99	-99	-99	-99	-99	-99
19.10.1987	1.667	26.484	-99	-99	-99	-99	-99	-99	-99	-99
20.10.1987	1.389	24.273	-99	-99	-99	-99	-99	-99	-99	-99
21.10.1987	1.769	22.157	-99	-99	-99	-99	-99	-99	-99	-99
22.10.1987	0.88	20.138	-99	-99	-99	-99	-99	-99	-99	-99
23.10.1987	0.765	18.214	-99	-99	-99	-99	-99	-99	-99	-99
24.10.1987	0.712	16.387	-99	-99	-99	-99	-99	-99	-99	-99
25.10.1987	0.529	15.797	-99	-99	-99	-99	-99	-99	-99	-99
26.10.1987	0.489	13.826	-99	-99	-99	-99	-99	-99	-99	-99
27.10.1987	0.384	12.627	-99	-99	-99	-99	-99	-99	-99	-99
28.10.1987	0.489	11.857	-99	-99	-99	-99	-99	-99	-99	-99
29.10.1987	0.489	11.482	-99	-99	-99	-99	-99	-99	-99	-99
30.10.1987	0.384	11.112	-99	-99	-99	-99	-99	-99	-99	-99
31.10.1987	0.353	10.391	-99	-99	-99	-99	-99	-99	-99	-99
01.11.1987	0.353	10.399	-99	-99	-99	-99	-99	-99	-99	-99
02.11.1987	0.324	9.354	-99	-99	-99	-99	-99	-99	-99	-99
03.11.1987	0.324	9.213	-99	-99	-99	-99	-99	-99	-99	-99
04.11.1987	0.821	8.693	-99	-99	-99	-99	-99	-99	-99	-99
05.11.1987	1.874	9.354	-99	-99	-99	-99	-99	-99	-99	-99
06.11.1987	1.389	10.749	-99	-99	-99	-99	-99	-99	-99	-99
07.11.1987	1.769	11.482	-99	-99	-99	-99	-99	-99	-99	-99
08.11.1987	0.765	11.482	-99	-99	-99	-99	-99	-99	-99	-99
09.11.1987	0.489	11.482	-99	-99	-99	-99	-99	-99	-99	-99
10.11.1987	0.353	10.749	-99	-99	-99	-99	-99	-99	-99	-99
11.11.1987	0.297	10.399	-99	-99	-99	-99	-99	-99	-99	-99
12.11.1987	0.272	9.354	-99	-99	-99	-99	-99	-99	-99	-99
13.11.1987	0.226	8.693	-99	-99	-99	-99	-99	-99	-99	-99
14.11.1987	0.187	8.372	-99	-99	-99	-99	-99	-99	-99	-99
15.11.1987	0.187	7.747	-99	-99	-99	-99	-99	-99	-99	-99
16.11.1987	0.169	7.444	-99	-99	-99	-99	-99	-99	-99	-99
17.11.1987	0.169	6.855	-99	-99	-99	-99	-99	-99	-99	-99
18.11.1987	0.124	6.57	-99	-99	-99	-99	-99	-99	-99	-99
19.11.1987	0.169	6.57	-99	-99	-99	-99	-99	-99	-99	-99
20.11.1987	0.153	6.855	-99	-99	-99	-99	-99	-99	-99	-99
21.11.1987	0.153	6.57	-99	-99	-99	-99	-99	-99	-99	-99
22.11.1987	0.111	6.291	-99	-99	-99	-99	-99	-99	-99	-99
23.11.1987	0.206	6.181	-99	-99	-99	-99	-99	-99	-99	-99
24.11.1987	0.353	5.751	-99	-99	-99	-99	-99	-99	-99	-99
25.11.1987	0.384	5.489	-99	-99	-99	-99	-99	-99	-99	-99
26.11.1987	0.529	5.234	-99	-99	-99	-99	-99	-99	-99	-99
27.11.1987	0.821	4.985	-99	-99	-99	-99	-99	-99	-99	-99
28.11.1987	0.615	4.742	-99	-99	-99	-99	-99	-99	-99	-99
29.11.1987	0.571	4.275	-99	-99	-99	-99	-99	-99	-99	-99
30.11.1987	0.272	4.275	-99	-99	-99	-99	-99	-99	-99	-99
01.12.1987	0.169	4.502	-99	-99	-99	-99	-99	-99	-99	-99
02.12.1987	0.111	4.502	-99	-99	-99	-99	-99	-99	-99	-99
03.12.1987	0.545	3.831	-99	-99	-99	-99	-99	-99	-99	-99
04.12.1987	0.545	3.618	-99	-99	-99	-99	-99	-99	-99	-99
05.12.1987	0.545	3.411	-99	-99	-99	-99	-99	-99	-99	-99
06.12.1987	0.701	3.618	-99	-99	-99	-99	-99	-99	-99	-99
07.12.1987	0.996	3.831	-99	-99	-99	-99	-99	-99	-99	-99
08.12.1987	0.111	3.618	-99	-99	-99	-99	-99	-99	-99	-99
09.12.1987	0.111	3.618	-99	-99	-99	-99	-99	-99	-99	-99
10.12.1987	0.701	4.502	-99	-99	-99	-99	-99	-99	-99	-99
11.12.1987	0.167	4.742	-99	-99	-99	-99	-99	-99	-99	-99
12.12.1987	3.397	4.742	-99	-99	-99	-99	-99	-99	-99	-99
13.12.1987	2.101	4.742	-99	-99	-99	-99	-99	-99	-99	-99
14.12.1987	1.149	5.489	-99	-99	-99	-99	-99	-99	-99	-99
15.12.1987	1.769	5.489	-99	-99	-99	-99	-99	-99	-99	-99
16.12.1987	0.571	5.234	-99	-99	-99	-99	-99	-99	-99	-99
17.12.1987	0.417	4.985	-99	-99	-99	-99	-99	-99	-99	-99
18.12.1987	0.248	4.985	-99	-99	-99	-99	-99	-99	-99	-99
19.12.1987	0.206	4.742	-99	-99	-99	-99	-99	-99	-99	-99
20.12.1987	0.206	4.985	-99	-99	-99	-99	-99	-99	-99	-99
21.12.1987	0.489	7.147	-99	-99	-99	-99	-99	-99	-99	-99
22.12.1987	0.417	9.213	-99	-99	-99	-99	-99	-99	-99	-99
23.12.1987	0.384	11.482	-99	-99	-99	-99	-99	-99	-99	-99
24.12.1987	0.384	11.857	-99	-99	-99	-99	-99	-99	-99	-99
25.12.1987	0.297	11.482	-99	-99	-99	-99	-99	-99	-99	-99
26.12.1987	0.272	11.112	-99	-99	-99	-99	-99	-99	-99	-99
27.12.1987	0.272	11.482	-99	-99	-99	-99	-99	-99	-99	-99
28.12.1987	0.297	11.482	-99	-99	-99	-99	-99	-99	-99	-99
29.12.1987	0.384	11.857	-99	-99	-99	-99	-99	-99	-99	-99
30.12.1987	0.571	15.797	-99	-99	-99	-99	-99	-99	-99	-99
31.12.1987	0.452	16.387	-99	-99	-99	-99	-99	-99	-99	-99
01.01.1988	0.324	15.945	-99	-99	-99	-99	-99	-99	-99	-99
02.01.1988	0.272	15.945	-99	-99	-99	-99	-99	-99	-99	-99
03.01.1988	0.248	15.509	-99	-99	-99	-99	-99	-99	-99	-99
04.01.1988	0.226	14.238	-99	-99	-99	-99	-99	-99	-99	-99
05.01.1988	0.297	13.21	-99	-99	-99	-99	-99	-99	-99	-99
06.01.1988	0.571	11.857	-99	-99	-99	-99	-99	-99	-99	-99
07.01.1988	0.571	10.749	-99	-99	-99	-99	-99	-99	-99	-99
08.01.1988	0.662	9.354	-99	-99	-99	-99	-99	-99	-99	-99
09.01.1988	0.324	8.693	-99	-99	-99	-99	-99	-99	-99	-99
10.01.1988	0.297	9.354	-99	-99	-99	-99	-99	-99	-99	-99
11.01.1988	0.248	10.391	-99	-99	-99	-99	-99	-99	-99	-99
12.01.1988	0.226	10.391	-99	-99	-99	-99	-99	-99	-99	-99
13.01.1988	0.206	9.694	-99	-99	-99	-99	-99	-99	-99	-99
14.01.1988	0.153	9.213	-99	-99	-99	-99	-99	-99	-99	-99
15.01.1988	0.153	8.693	-99	-99	-99	-99	-99	-99	-99	-99
16.01.1988	0.138	8.372	-99	-99	-99	-99	-99	-99	-99	-99
17.01.1988	0.169	7.747	-99	-99	-99	-99	-99	-99	-99	-99
18.01.1988	0.124	7.444	-99	-99	-99	-99	-99	-99	-99	-99
19.01.1988	0.138	6.855	-99	-99	-99	-99	-99	-99	-99	-99
20.01.1988	0.996	6.291	-99	-99	-99	-99	-99	-99	-99	-99
21.01.1988	0.79	6.181	-99	-99	-99	-99	-99	-99	-99	-99
22.01.1988	0.79	6.181	-99	-99	-99	-99	-99	-99	-99	-99
23.01.1988	0.889	5.489	-99	-99	-99	-99	-99	-99	-99	-99
24.01.1988	0.79	5.234	-99	-99	-99	-99	-99	-99	-99	-99
25.01.1988	0.248	4.985	-99	-99	-99	-99	-99	-99	-99	-99
26.01.1988	0.124	4.742	-99	-99	-99	-99	-99	-99	-99	-99
27.01.1988	0.79	4.505	-99	-99	-99	-99	-99	-99	-99	-99
28.01.1988	0.79	4.275	-99	-99	-99	-99	-99	-99	-99	-99
29.01.1988	0.701	4.275	-99	-99	-99	-99	-99	-99	-99	-99
30.01.1988	0.701	4.502	-99	-99	-99	-99	-99	-99	-99	-99
31.01.1988	0.701	3.831	-99	-99	-99	-99	-99	-99	-99	-99
01.02.1988	0.79	3.411	-99	-99	-99	-99	-99	-99	-99	-99
02.02.1988	0.619	3.211	-99	-99	-99	-99	-99	-99	-99	-99
03.02.1988	0.545	2.828	-99	-99	-99	-99	-99	-99	-99	-99
04.02.1988	0.545	2.828	-99	-99	-99	-99	-99	-99	-99	-99
05.02.1988	0.545	2.828	-99	-99	-99	-99	-99	-99	-99	-99
06.02.1988	0.478	2.645	-99	-99	-99	-99	-99	-99	-99	-99
07.02.1988	0.478	2.645	-99	-99	-99	-99	-99	-99	-99	-99
08.02.1988	0.478	2.645	-99	-99	-99	-99	-99	-99	-99	-99
09.02.1988	0.478	2.645	-99	-99	-99	-99	-99	-99	-99	-99
10.02.1988	0.478	2.469	-99	-99	-99	-99	-99	-99	-99	-99
11.02.1988	0.478	2.298	-99	-99	-99	-99	-99	-99	-99	-99
12.02.1988	0.478	2.298	-99	-99	-99	-99	-99	-99	-99	-99
13.02.1988	0.478	2.298	-99	-99	-99	-99	-99	-99	-99	-99
14.02.1988	0.478	2.298	-99	-99	-99	-99	-99	-99	-99	-99
15.02.1988	0.545	2.298	-99	-99	-99	-99	-99	-99	-99	-99
16.02.1988	0.545	2.134	-99	-99	-99	-99	-99	-99	-99	-99
17.02.1988	0.478	2.134	-99	-99	-99	-99	-99	-99	-99	-99
18.02.1988	0.478	2.134	-99	-99	-99	-99	-99	-99	-99	-99
19.02.1988	0.545	2.134	-99	-99	-99	-99	-99	-99	-99	-99
20.02.1988	0.619	2.134	-99	-99	-99	-99	-99	-99	-99	-99
21.02.1988	0.701	2.298	-99	-99	-99	-99	-99	-99	-99	-99
22.02.1988	0.79	2.645	-99	-99	-99	-99	-99	-99	-99	-99
23.02.1988	0.79	2.645	-99	-99	-99	-99	-99	-99	-99	-99
24.02.1988	0.889	2.469	-99	-99	-99	-99	-99	-99	-99	-99
25.02.1988	0.79	2.469	-99	-99	-99	-99	-99	-99	-99	-99
26.02.1988	0.79	2.298	-99	-99	-99	-99	-99	-99	-99	-99
27.02.1988	0.889	2.298	-99	-99	-99	-99	-99	-99	-99	-99
28.02.1988	0.889	2.645	-99	-99	-99	-99	-99	-99	-99	-99
29.02.1988	0.889	3.167	-99	-99	-99	-99	-99	-99	-99	-99
01.03.1988	0.889	2.828	-99	-99	-99	-99	-99	-99	-99	-99
02.03.1988	0.889	2.828	-99	-99	-99	-99	-99	-99	-99	-99
03.03.1988	0.889	2.828	-99	-99	-99	-99	-99	-99	-99	-99
04.03.1988	0.889	2.828	-99	-99	-99	-99	-99	-99	-99	-99
05.03.1988	0.889	2.645	-99	-99	-99	-99	-99	-99	-99	-99
06.03.1988	0.996	2.645	-99	-99	-99	-99	-99	-99	-99	-99
07.03.1988	0.996	2.645	-99	-99	-99	-99	-99	-99	-99	-99
08.03.1988	0.996	2.469	-99	-99	-99	-99	-99	-99	-99	-99
09.03.1988	0.111	2.298	-99	-99	-99	-99	-99	-99	-99	-99
10.03.1988	0.124	2.298	-99	-99	-99	-99	-99	-99	-99	-99
11.03.1988	0.169	2.469	-99	-99	-99	-99	-99	-99	-99	-99
12.03.1988	0.169	2.469	-99	-99	-99	-99	-99	-99	-99	-99
13.03.1988	0.153	2.645	-99	-99	-99	-99	-99	-99	-99	-99
14.03.1988	0.169	2.469	-99	-99	-99	-99	-99	-99	-99	-99
15.03.1988	0.124	2.469	-99	-99	-99	-99	-99	-99	-99	-99
16.03.1988	0.124	2.469	-99	-99	-99	-99	-99	-99	-99	-99
17.03.1988	0.111	2.134	-99	-99	-99	-99	-99	-99	-99	-99
18.03.1988	0.996	2.134	-99	-99	-99	-99	-99	-99	-99	-99
19.03.1988	0.79	2.134	-99	-99	-99	-99	-99	-99	-99	-99
20.03.1988	0.701	2.134	-99	-99	-99	-99	-99	-99	-99	-99
21.03.1988	0.701	2.134	-99	-99	-99	-99	-99	-99	-99	-99
22.03.1988	0.619	2.134	-99	-99	-99	-99	-99	-99	-99	-99
23.03.1988	0.619	2.134	-99	-99	-99	-99	-99	-99	-99	-99
24.03.1988	0.545	2.134	-99	-99	-99	-99	-99	-99	-99	-99
25.03.1988	0.478	2.298	-99	-99	-99	-99	-99	-99	-99	-99
26.03.1988	0.417	2.134	-99	-99	-99	-99	-99	-99	-99	-99
27.03.1988	0.417	2.134	-99	-99	-99	-99	-99	-99	-99	-99
28.03.1988	0.417	2.134	-99	-99	-99	-99	-99	-99	-99	-99
29.03.1988	0.363	2.134	-99	-99	-99	-99	-99	-99	-99	-99
30.03.1988	0.363	2.134	-99	-99	-99	-99	-99	-99	-99	-99
31.03.1988	0.363	2.134	-99	-99	-99	-99	-99	-99	-99	-99
01.04.1988	0.363	2.134	-99	-99	-99	-99	-99	-99	-99	-99
02.04.1988	0.363	2.134	-99	-99	-99	-99	-99	-99	-99	-99
03.04.1988	0.478	2.298	-99	-99	-99	-99	-99	-99	-99	-99
04.04.1988	0.545	2.469	-99	-99	-99	-99	-99	-99	-99	-99
05.04.1988	0.619	2.469	-99	-99	-99	-99	-99	-99	-99	-99
06.04.1988	0.138	3.167	-99	-99	-99	-99	-99	-99	-99	-99
07.04.1988	0.353	3.831	-99	-99	-99	-99	-99	-99	-99	-99
08.04.1988	0.248	4.505	-99	-99	-99	-99	-99	-99	-99	-99
09.04.1988	0.226	5.234	-99	-99	-99	-99	-99	-99	-99	-99
10.04.1988	0.226	5.489	-99	-99	-99	-99	-99	-99	-99	-99
11.04.1988	0.248	5.489	-99	-99	-99	-99	-99	-99	-99	-99
12.04.1988	0.272	5.489	-99	-99	-99	-99	-99	-99	-99	-99
13.04.1988	0.272	5.489	-99	-99	-99	-99	-99	-99	-99	-99
14.04.1988	0.272	5.489	-99	-99	-99	-99	-99	-99	-99	-99
15.04.1988	0.272	5.489	-99	-99	-99	-99	-99	-99	-99	-99
16.04.1988	0.324	5.751	-99	-99	-99	-99	-99	-99	-99	-99
17.04.1988	0.417	7.444	-99	-99	-99	-99	-99	-99	-99	-99
18.04.1988	0.417	8.372	-99	-99	-99	-99	-99	-99	-99	-99
19.04.1988	0.297	8.372	-99	-99	-99	-99	-99	-99	-99	-99
20.04.1988	0.272	8.57	-99	-99	-99	-99	-99	-99	-99	-99
21.04.1988	0.226	8.57	-99	-99	-99	-99	-99	-99	-99	-99
22.04.1988	0.571	7.444	-99	-99	-99	-99	-99	-99	-99	-99
23.04.1988	0.187	7.147	-99	-99	-99	-99	-99	-99	-99	-99
24.04.1988	0.169	6.855	-99	-99	-99	-99	-99	-99	-99	-99
25.04.1988	0.153	6.57	-99	-99	-99	-99	-99	-99	-99	-99
26.04.1988	0.187	6.57	-99	-99	-99	-99	-99	-99	-99	-99
27.04.1988	0.187	6.291	-99	-99	-99	-99	-99	-99	-99	-99
28.04.1988	0.169	6.181	-99	-99	-99	-99	-99	-99	-99	-99
29.04.1988	0.187	6.181	-99	-99	-99	-99	-99	-99	-99	-99
30.04.1988	0.169	6.181	-99	-99	-99	-99	-99	-99	-99	-99
01.05.1988	0.206	6.291	-99	-99	-99	-99	-99	-99	-99	-99
02.05.1988	0.384	6.57	-99	-99	-99	-99	-99	-99	-99	-99
03.05.1988	0.615	7.747	-99	-99	-99	-99	-99	-99	-99	-99
04.05.1988	0.571	9.213	-99	-99	-99	-99	-99	-99	-99	-99
05.05.1988	0.821	10.399	-99	-99	-99	-99	-99	-99	-99	-99
06.05.1988	1.149	11.482	-99	-99	-99	-99	-99	-99	-99	-99
07.05.1988	1.667	14.238	-99	-99	-99	-99	-99	-99	-99	-99
08.05.1988	2.481	17.288	-99	-99	-99	-99	-99	-99	-99	-99
09.05.1988	3.572	23.735	-99	-99	-99	-99	-99	-99	-99	-99
10.05.1988	3.397	29.982	-99	-99	-99	-99	-99	-99	-99	-99
11.05.1988	2.618	32.433	-99	-99	-99	-99	-99	-99	-99	-99
12.05.1988	4.14	35.633	-99	-99	-99	-99	-99	-99	-99	-99
13.05.1988	4.343	41.635	-99	-99	-99	-99	-99	-99	-99	-99
14.05.1988	4.14	43.922	-99	-99	-99	-99	-99	-99	-99	-99
15.05.1988	4.343	46.877	-99	-99	-99	-99	-99	-99	-99	-99
16.05.1988	3.943	47.63	-99	-99	-99	-99	-99	-99	-99	-99
17.05.1988	4.14	49.155	-99	-99	-99	-99	-99	-99	-99	-99
18.05.1988	2.762	45.387	-99	-99	-99	-99	-99	-99	-99	-99
19.05.1988	1.985	40.363	-99	-99	-99	-99	-99	-99	-99	-99
20.05.1988	1.57	34.981	-99	-99	-99	-99	-99	-99	-99	-99
21.05.1988	1.389	31.196	-99	-99	-99	-99	-99	-99	-99	-99
22.05.1988	1.57	28.206	-99	-99	-99	-99	-99	-99	-99	-99
23.05.1988	1.768	25.367	-99	-99	-99	-99	-99	-99	-99	-99
24.05.1988	2.349	24.273	-99	-99	-99	-99	-99	-99	-99	-99
25.05.1988	2.762	24.273	-99	-99	-99	-99	-99	-99	-99	-99
26.05.1988	4.343	26.484	-99	-99	-99	-99	-99	-99	-99	-99
27.05.1988	7.138	36.291	-99	-99	-99	-99	-99	-99	-99	-99
28.05.1988	9.532	54.682	-99	-99	-99	-99	-99	-99	-99	-99
29.05.1988	10.729	80.698	-99	-99	-99	-99	-99	-99	-99	-99
30.05.1988	10.729	102.672	-99	-99	-99	-99	-99	-99	-99	-99
31.05.1988	9.919	104.902	-99	-99	-99	-99	-99	-99	-99	-99
01.06.1988	8.44	101.566	-99	-99	-99	-99	-99	-99	-99	-99
02.06.1988	6.548	92.932	-99	-99	-99	-99	-99	-99	-99	-99
03.06.1988	6.548	84.681	-99	-99	-99	-99	-99	-99	-99	-99
04.06.1988	5.997	81.685	-99	-99	-99	-99	-99	-99	-99	-99
05.06.1988	5.238	74.903	-99	-99	-99	-99	-99	-99	-99	-99
06.06.1988	5.238	68.414	-99	-99	-99	-99	-99	-99	-99	-99
07.06.1988	5.482	64.838	-99	-99	-99	-99	-99	-99	-99	-99
08.06.1988	6.268	64.838	-99	-99	-99	-99	-99	-99	-99	-99
09.06.1988	6.548	68.414	-99	-99	-99	-99	-99	-99	-99	-99
10.06.1988	6.548	70.238	-99	-99	-99	-99	-99	-99	-99	-99
11.06.1988	5.735	67.511	-99	-99	-99	-99	-99	-99	-99	-99
12.06.1988	5.735	65.723	-99	-99	-99	-99	-99	-99	-99	-99
13.06.1988	6.548	67.511	-99	-99	-99	-99	-99	-99	-99	-99
14.06.1988	5.735	68.414	-99	-99	-99	-99	-99	-99	-99	-99
15.06.1988	5.482	65.723	-99	-99	-99	-99	-99	-99	-99	-99
16.06.1988	5.482	64.838	-99	-99	-99	-99	-99	-99	-99	-99
17.06.1988	5.482	63.859	-99	-99	-99	-99	-99	-99	-99	-99
18.06.1988	5.238	63.859	-99	-99	-99	-99	-99	-99	-99	-99
19.06.1988	5.238	62.218	-99	-99	-99	-99	-99	-99	-99	-99
20.06.1988	5.237	61.357	-99	-99	-99	-99	-99	-99	-99	-99
21.06.1988	5.482	62.218	-99	-99	-99	-99	-99	-99	-99	-99
22.06.1988	5.238	65.723	-99	-99	-99	-99	-99	-99	-99	-99
23.06.1988	4.555	63.959	-99	-99	-99	-99	-99	-99	-99	-99
24.06.1988	4.555	61.357	-99	-99	-99	-99	-99	-99	-99	-99
25.06.1988	4.774	61.357	-99	-99	-99	-99	-99	-99	-99	-99
26.06.1988	5.482	64.838	-99	-99	-99	-99	-99	-99	-99	-99
27.06.1988	5.735	73.198	-99	-99	-99	-99	-99	-99	-99	-99
28.06.1988	5.997	79.717	-99	-99	-99	-99	-99	-99	-99	-99
29.06.1988	5.482	85.691	-99	-99	-99	-99	-99	-99	-99	-99
30.06.1988	5.238	88.759	-99	-99	-99	-99	-99	-99	-99	-99
01.07.1988	4.555	85.691	-99	-99	-99	-99	-99	-99	-99	-99
02.07.1988	4.555	81.685	-99	-99	-99	-99	-99	-99	-99	-99
03.07.1988	5.238	84.681	-99	-99	-99	-99	-99	-99	-99	-99
04.07.1988	4.343	82.677	-99	-99	-99	-99	-99	-99	-99	-99
05.07.1988	3.754	78.743	-99	-99	-99	-99	-99	-99	-99	-99
06.07.1988	3.943	73.958	-99	-99	-99	-99	-99	-99	-99	-99
07.07.1988	3.754	73.198	-99	-99	-99	-99	-99	-99	-99	-99
08.07.1988	3.397	69.323	-99	-99	-99	-99	-99	-99	-99	-99
09.07.1988	3.67	63.959	-99	-99	-99	-99	-99	-99	-99	-99
10.07.1988	2.911	60.502	-99	-99	-99	-99	-99	-99	-99	-99
11.07.1988	3.572	58.809	-99	-99	-99	-99	-99	-99	-99	-99
12.07.1988	3.67	58.809	-99	-99	-99	-99	-99	-99	-99	-99
13.07.1988	2.762	57.14	-99	-99	-99	-99	-99	-99	-99	-99
14.07.1988	2.618	53.875	-99	-99	-99	-99	-99	-99	-99	-99
15.07.1988	2.911	51.488	-99	-99	-99	-99	-99	-99	-99	-99
16.07.1988	3.572	53.875	-99	-99	-99	-99	-99	-99	-99	-99
17.07.1988	3.754	57.14	-99	-99	-99	-99	-99	-99	-99	-99
18.07.1988	3.754	62.218	-99	-99	-99	-99	-99	-99	-99	-99
19.07.1988	3.397	63.959	-99	-99	-99	-99	-99	-99	-99	-99
20.07.1988	7.138	73.958	-99	-99	-99	-99	-99	-99	-99	-99
21.07.1988	6.548	92.932	-99	-99	-99	-99	-99	-99	-99	-99
22.07.1988	4.343	87.73	-99	-99	-99	-99	-99	-99	-99	-99
23.07.1988	3.397	78.743	-99	-99	-99	-99	-99	-99	-99	-99
24.07.1988	3.228	72.869	-99	-99	-99	-99	-99	-99	-99	-99
25.07.1988	3.228	71.159	-99	-99	-99	-99	-99	-99	-99	-99
26.07.1988	3.228	71.159	-99	-99	-99	-99	-99	-99	-99	-99
27.07.1988	2.618	68.414	-99	-99	-99	-99	-99	-99	-99	-99
28.07.1988	2.101	61.357	-99	-99	-99	-99	-99	-99	-99	-99
29.07.1988	1.874	54.682	-99	-99	-99	-99	-99	-99	-99	-99
30.07.1988	1.985	49.155	-99	-99	-99	-99	-99	-99	-99	-99
31.07.1988	3.754	51.488	-99	-99	-99	-99	-99	-99	-99	-99
01.08.1988	4.343	59.652	-99	-99	-99	-99	-99	-99	-99	-99
02.08.1988	3.397	60.502	-99	-99	-99	-99	-99	-99	-99	-99
03.08.1988	2.481	54.682	-99	-99	-99	-99	-99	-99	-99	-99
04.08.1988	3.67	51.488	-99	-99	-99	-99	-99	-99	-99	-99
05.08.1988	2.618	48.39	-99	-99	-99	-99	-99	-99	-99	-99
06.08.1988	2.101	44.652	-99	-99	-99	-99	-99	-99	-99	-99
07.08.1988	2.349	43.198	-99	-99	-99	-99	-99	-99	-99	-99
08.08.1988	2.349	43.198	-99	-99	-99	-99	-99	-99	-99	-99
09.08.1988	2.101	43.198	-99	-99	-99	-99	-99	-99	-99	-99
10.08.1988	1.985	42.481	-99	-99	-99	-99	-99	-99	-99	-99
11.08.1988	1.985	41.635	-99	-99	-99	-99	-99	-99	-99	-99
12.08.1988	2.349	42.481	-99	-99	-99	-99	-99	-99	-99	-99
13.08.1988	1.985	42.481	-99	-99	-99	-99	-99	-99	-99	-99
14.08.1988	2.349	41.635	-99	-99	-99	-99	-99	-99	-99	-99
15.08.1988	2.481	41.769	-99	-99	-99	-99	-99	-99	-99	-99
16.08.1988	2.762	43.198	-99	-99	-99	-99	-99	-99	-99	-99
17.08.1988	3.228	44.652	-99	-99	-99	-99	-99	-99	-99	-99
18.08.1988	2.762	46.129	-99	-99	-99	-99	-99	-99	-99	-99
19.08.1988	3.397	48.39	-99	-99	-99	-99	-99	-99	-99	-99
20.08.1988	3.943	54.682	-99	-99	-99	-99	-99	-99	-99	-99
21.08.1988	5.238	62.218	-99	-99	-99	-99	-99	-99	-99	-99
22.08.1988	3.754	65.723	-99	-99	-99	-99	-99	-99	-99	-99
23.08.1988	2.618	60.502	-99	-99	-99	-99	-99	-99	-99	-99
24.08.1988	2.101	53.875	-99	-99	-99	-99	-99	-99	-99	-99
25.08.1988	1.874	48.39	-99	-99	-99	-99	-99	-99	-99	-99
26.08.1988	1.57	44.652	-99	-99	-99	-99	-99	-99	-99	-99
27.08.1988	1.57	41.769	-99	-99	-99	-99	-99	-99	-99	-99
28.08.1988	1.667	41.769	-99	-99	-99	-99	-99	-99	-99	-99
29.08.1988	2.481	43.922	-99	-99	-99	-99	-99	-99	-99	-99
30.08.1988	1.985	47.63	-99	-99	-99	-99	-99	-99	-99	-99
31.08.1988	1.667	46.129	-99	-99	-99	-99	-99	-99	-99	-99
01.09.1988	1.667	43.922	-99	-99	-99	-99	-99	-99	-99	-99
02.09.1988	1.57	43.198	-99	-99	-99	-99	-99	-99	-99	-99
03.09.1988	1.768	43.198	-99	-99	-99	-99	-99	-99	-99	-99
04.09.1988	2.618	42.481	-99	-99	-99	-99	-99	-99	-99	-99
05.09.1988	1.874	42.481	-99	-99	-99	-99	-99	-99	-99	-99
06.09.1988	1.478	43.198	-99	-99	-99	-99	-99	-99	-99	-99
07.09.1988	1.305	36.291	-99	-99	-99	-99	-99	-99	-99	-99
08.09.1988	1.478	34.981	-99	-99	-99	-99	-99	-99	-99	-99
09.09.1988	1.667	34.981	-99	-99	-99	-99	-99	-99	-99	-99
10.09.1988	1.57	34.981	-99	-99	-99	-99	-99	-99	-99	-99
11.09.1988	1.985	34.981	-99	-99	-99	-99	-99	-99	-99	-99
12.09.1988	2.101	35.633	-99	-99	-99	-99	-99	-99	-99	-99
13.09.1988	1.985	34.981	-99	-99	-99	-99	-99	-99	-99	-99
14.09.1988	1.57	35.633	-99	-99	-99	-99	-99	-99	-99	-99
15.09.1988	1.768	35.633	-99	-99	-99	-99	-99	-99	-99	-99
16.09.1988	2.101	35.633	-99	-99	-99	-99	-99	-99	-99	-99
17.09.1988	4.555	35.633	-99	-99	-99	-99	-99	-99	-99	-99
18.09.1988	5.482	48.39	-99	-99	-99	-99	-99	-99	-99	-99
19.09.1988	8.44	64.838	-99	-99	-99	-99	-99	-99	-99	-99
20.09.1988	9.919	107.155	-99	-99	-99	-99	-99	-99	-99	-99
21.09.1988	5.997	116.409	-99	-99	-99	-99	-99	-99	-99	-99
22.09.1988	4.343	97.201	-99	-99	-99	-99	-99	-99	-99	-99
23.09.1988	3.397	85.691	-99	-99	-99	-99	-99	-99	-99	-99
24.09.1988	3.397	80.698	-99	-99	-99	-99	-99	-99	-99	-99
25.09.1988	4.14	75.854	-99	-99	-99	-99	-99	-99	-99	-99
26.09.1988	3.943	69.323	-99	-99	-99	-99	-99	-99	-99	-99
27.09.1988	4.555	68.414	-99	-99	-99	-99	-99	-99	-99	-99
28.09.1988	7.448	81.685	-99	-99	-99	-99	-99	-99	-99	-99
29.09.1988	4.14	81.685	-99	-99	-99	-99	-99	-99	-99	-99
30.09.1988	3.397	71.159	-99	-99	-99	-99	-99	-99	-99	-99
01.10.1988	2.481	61.357	-99	-99	-99	-99	-99	-99	-99	-99
02.10.1988	2.618	52.278	-99	-99	-99	-99	-99	-99	-99	-99
03.10.1988	3.397	51.488	-99	-99	-99	-99	-99	-99	-99	-99
04.10.1988	3.228	49.927	-99	-99	-99	-99	-99	-99	-99	-99
05.10.1988	2.618	45.387	-99	-99	-99	-99	-99	-99	-99	-99
06.10.1988	2.101	41.635	-99	-99	-99	-99	-99	-99	-99	-99
07.10.1988	2.349	37.624	-99	-99	-99	-99	-99	-99	-99	-99
08.10.1988	2.349	35.633	-99	-99	-99	-99	-99	-99	-99	-99
09.10.1988	1.985	33.618	-99	-99	-99	-99	-99	-99	-99	-99
10.10.1988	1.57	29.982	-99	-99	-99	-99	-99	-99	-99	-99
11.10.1988	1.149	26.484	-99	-99	-99	-99	-99	-99	-99	-99
12.10.1988	0.942	23.735	-99	-99	-99	-99	-99	-99	-99	-99
13.10.1988	0.942	21.135	-99	-99	-99	-99	-99	-99	-99	-99
14.10.1988	0.942	19.164	-99	-99	-99	-99	-99	-99	-99	-99
15.10.1988	0.942	18.214	-99	-99	-99	-99	-99	-99	-99	-99
16.10.1988	0.88	16.835	-99	-99	-99	-99	-99	-99	-99	-99
17.10.1988	0.765	15.945	-99	-99	-99	-99	-99	-99	-99	-99
18.10.1988	0.765	15.797	-99	-99	-99	-99	-99	-99	-99	-99
19.10.1988	0.615	14.238	-99	-99	-99	-99	-99	-99	-99	-99
20.10.1988	0.529	13.021	-99	-99	-99	-99	-99	-99	-99	-99
21.10.1988	0.452	11.857	-99	-99	-99	-99	-99	-99	-99	-99
22.10.1988	0.417	11.482	-99	-99	-99	-99	-99	-99	-99	-99
23.10.1988	0.417	10.749	-99	-99	-99	-99	-99	-99	-99	-99
24.10.1988	0.353	10.399	-99	-99	-99	-99	-99	-99	-99	-99
25.10.1988	0.297	9.354	-99	-99	-99	-99	-99	-99	-99	-99
26.10.1988	0.324	8.693	-99	-99	-99	-99	-99	-99	-99	-99
27.10.1988	0.489	8.693	-99	-99	-99	-99	-99	-99	-99	-99
28.10.1988	0.662	10.399	-99	-99	-99	-99	-99	-99	-99	-99
29.10.1988	0.529	10.399	-99	-99	-99	-99	-99	-99	-99	-99
30.10.1988	0.489	9.694	-99	-99	-99	-99	-99	-99	-99	-99
31.10.1988	0.489	9.354	-99	-99	-99	-99	-99	-99	-99	-99
01.11.1988	0.529	10.399	-99	-99	-99	-99	-99	-99	-99	-99
02.11.1988	0.942	10.399	-99	-99	-99	-99	-99	-99	-99	-99
03.11.1988	0.489	9.354	-99	-99	-99	-99	-99	-99	-99	-99
04.11.1988	0.384	9.354	-99	-99	-99	-99	-99	-99	-99	-99
05.11.1988	0.384	9.354	-99	-99	-99	-99	-99	-99	-99	-99
06.11.1988	0.529	9.694	-99	-99	-99	-99	-99	-99	-99	-99
07.11.1988	0.489	9.354	-99	-99	-99	-99	-99	-99	-99	-99
08.11.1988	0.417	9.354	-99	-99	-99	-99	-99	-99	-99	-99
09.11.1988	0.324	9.694	-99	-99	-99	-99	-99	-99	-99	-99
10.11.1988	0.529	10.391	-99	-99	-99	-99	-99	-99	-99	-99
11.11.1988	1.985	14.238	-99	-99	-99	-99	-99	-99	-99	-99
12.11.1988	1.149	15.945	-99	-99	-99	-99	-99	-99	-99	-99
13.11.1988	0.821	16.387	-99	-99	-99	-99	-99	-99	-99	-99
14.11.1988	0.712	15.509	-99	-99	-99	-99	-99	-99	-99	-99
15.11.1988	0.821	16.387	-99	-99	-99	-99	-99	-99	-99	-99
16.11.1988	1.225	17.748	-99	-99	-99	-99	-99	-99	-99	-99
17.11.1988	1.874	21.135	-99	-99	-99	-99	-99	-99	-99	-99
18.11.1988	1.805	19.648	-99	-99	-99	-99	-99	-99	-99	-99
19.11.1988	0.765	18.214	-99	-99	-99	-99	-99	-99	-99	-99
20.11.1988	0.765	17.288	-99	-99	-99	-99	-99	-99	-99	-99
21.11.1988	0.712	16.835	-99	-99	-99	-99	-99	-99	-99	-99
22.11.1988	0.615	15.509	-99	-99	-99	-99	-99	-99	-99	-99
23.11.1988	0.571	14.238	-99	-99	-99	-99	-99	-99	-99	-99
24.11.1988	0.615	15.509	-99	-99	-99	-99	-99	-99	-99	-99
25.11.1988	0.662	16.835	-99	-99	-99	-99	-99	-99	-99	-99
26.11.1988	0.615	16.835	-99	-99	-99	-99	-99	-99	-99	-99
27.11.1988	0.712	15.945	-99	-99	-99	-99	-99	-99	-99	-99
28.11.1988	0.712	15.509	-99	-99	-99	-99	-99	-99	-99	-99
29.11.1988	1.805	14.238	-99	-99	-99	-99	-99	-99	-99	-99
30.11.1988	1.305	13.021	-99	-99	-99	-99	-99	-99	-99	-99
01.12.1988	2.349	11.857	-99	-99	-99	-99	-99	-99	-99	-99
02.12.1988	1.389	11.112	-99	-99	-99	-99	-99	-99	-99	-99
03.12.1988	0.662	10.391	-99	-99	-99	-99	-99	-99	-99	-99
04.12.1988	0.297	9.694	-99	-99	-99	-99	-99	-99	-99	-99
05.12.1988	0.226	8.372	-99	-99	-99	-99	-99	-99	-99	-99
06.12.1988	0.226	8.57	-99	-99	-99	-99	-99	-99	-99	-99
07.12.1988	0.226	7.747	-99	-99	-99	-99	-99	-99	-99	-99
08.12.1988	0.324	8.693	-99	-99	-99	-99	-99	-99	-99	-99
09.12.1988	0.353	10.749	-99	-99	-99	-99	-99	-99	-99	-99
10.12.1988	0.489	10.749	-99	-99	-99	-99	-99	-99	-99	-99
11.12.1988	0.417	11.112	-99	-99	-99	-99	-99	-99	-99	-99
12.12.1988	0.529	10.749	-99	-99	-99	-99	-99	-99	-99	-99
13.12.1988	0.529	11.112	-99	-99	-99	-99	-99	-99	-99	-99
14.12.1988	0.765	11.857	-99	-99	-99	-99	-99	-99	-99	-99
15.12.1988	0.765	11.857	-99	-99	-99	-99	-99	-99	-99	-99
16.12.1988	0.615	11.857	-99	-99	-99	-99	-99	-99	-99	-99
17.12.1988	0.615	11.482	-99	-99	-99	-99	-99	-99	-99	-99
18.12.1988	0.571	11.112	-99	-99	-99	-99	-99	-99	-99	-99
19.12.1988	0.489	10.749	-99	-99	-99	-99	-99	-99	-99	-99
20.12.1988	0.88	10.399	-99	-99	-99	-99	-99	-99	-99	-99
21.12.1988	0.571	10.399	-99	-99	-99	-99	-99	-99	-99	-99
22.12.1988	0.272	9.694	-99	-99	-99	-99	-99	-99	-99	-99
23.12.1988	1.149	11.112	-99	-99	-99	-99	-99	-99	-99	-99
24.12.1988	2.911	10.749	-99	-99	-99	-99	-99	-99	-99	-99
25.12.1988	5.735	10.749	-99	-99	-99	-99	-99	-99	-99	-99
26.12.1988	4.14	11.112	-99	-99	-99	-99	-99	-99	-99	-99
27.12.1988	1.667	12.239	-99	-99	-99	-99	-99	-99	-99	-99
28.12.1988	0.88	15.797	-99	-99	-99	-99	-99	-99	-99	-99
29.12.1988	2.481	25.923	-99	-99	-99	-99	-99	-99	-99	-99
30.12.1988	2.618	34.335	-99	-99	-99	-99	-99	-99	-99	-99
31.12.1988	1.985	38.3	-99	-99	-99	-99	-99	-99	-99	-99
01.01.1989	-99	36.954	-99	-99	-99	-99	-99	-99	-99	-99
02.01.1989	-99	36.291	-99	-99	-99	-99	-99	-99	-99	-99
03.01.1989	-99	37.624	-99	-99	-99	-99	-99	-99	-99	-99
04.01.1989	-99	34.981	-99	-99	-99	-99	-99	-99	-99	-99
05.01.1989	-99	31.812	-99	-99	-99	-99	-99	-99	-99	-99
06.01.1989	-99	28.206	-99	-99	-99	-99	-99	-99	-99	-99
07.01.1989	-99	25.923	-99	-99	-99	-99	-99	-99	-99	-99
08.01.1989	-99	23.203	-99	-99	-99	-99	-99	-99	-99	-99
09.01.1989	-99	23.735	-99	-99	-99	-99	-99	-99	-99	-99
10.01.1989	-99	24.273	-99	-99	-99	-99	-99	-99	-99	-99
11.01.1989	-99	22.677	-99	-99	-99	-99	-99	-99	-99	-99
12.01.1989	-99	21.643	-99	-99	-99	-99	-99	-99	-99	-99
13.01.1989	-99	21.135	-99	-99	-99	-99	-99	-99	-99	-99
14.01.1989	-99	21.135	-99	-99	-99	-99	-99	-99	-99	-99
15.01.1989	-99	21.643	-99	-99	-99	-99	-99	-99	-99	-99
16.01.1989	-99	24.273	-99	-99	-99	-99	-99	-99	-99	-99
17.01.1989	-99	25.923	-99	-99	-99	-99	-99	-99	-99	-99
18.01.1989	-99	25.923	-99	-99	-99	-99	-99	-99	-99	-99
19.01.1989	-99	29.384	-99	-99	-99	-99	-99	-99	-99	-99
20.01.1989	-99	49.155	-99	-99	-99	-99	-99	-99	-99	-99
21.01.1989	-99	53.875	-99	-99	-99	-99	-99	-99	-99	-99
22.01.1989	-99	49.155	-99	-99	-99	-99	-99	-99	-99	-99
23.01.1989	-99	43.198	-99	-99	-99	-99	-99	-99	-99	-99
24.01.1989	-99	37.624	-99	-99	-99	-99	-99	-99	-99	-99
25.01.1989	-99	34.981	-99	-99	-99	-99	-99	-99	-99	-99
26.01.1989	-99	32.433	-99	-99	-99	-99	-99	-99	-99	-99
27.01.1989	-99	28.792	-99	-99	-99	-99	-99	-99	-99	-99
28.01.1989	-99	33.695	-99	-99	-99	-99	-99	-99	-99	-99
29.01.1989	-99	42.481	-99	-99	-99	-99	-99	-99	-99	-99
30.01.1989	-99	49.927	-99	-99	-99	-99	-99	-99	-99	-99
31.01.1989	-99	46.129	-99	-99	-99	-99	-99	-99	-99	-99
01.02.1989	-99	43.922	-99	-99	-99	-99	-99	-99	-99	-99
02.02.1989	-99	40.363	-99	-99	-99	-99	-99	-99	-99	-99
03.02.1989	-99	38.982	-99	-99	-99	-99	-99	-99	-99	-99
04.02.1989	-99	41.635	-99	-99	-99	-99	-99	-99	-99	-99
05.02.1989	-99	42.481	-99	-99	-99	-99	-99	-99	-99	-99
06.02.1989	-99	41.769	-99	-99	-99	-99	-99	-99	-99	-99
07.02.1989	-99	49.927	-99	-99	-99	-99	-99	-99	-99	-99
08.02.1989	-99	46.877	-99	-99	-99	-99	-99	-99	-99	-99
09.02.1989	-99	40.363	-99	-99	-99	-99	-99	-99	-99	-99
10.02.1989	-99	34.981	-99	-99	-99	-99	-99	-99	-99	-99
11.02.1989	-99	31.196	-99	-99	-99	-99	-99	-99	-99	-99
12.02.1989	-99	28.206	-99	-99	-99	-99	-99	-99	-99	-99
13.02.1989	-99	25.367	-99	-99	-99	-99	-99	-99	-99	-99
14.02.1989	-99	22.677	-99	-99	-99	-99	-99	-99	-99	-99
15.02.1989	-99	21.135	-99	-99	-99	-99	-99	-99	-99	-99
16.02.1989	-99	20.138	-99	-99	-99	-99	-99	-99	-99	-99
17.02.1989	-99	19.164	-99	-99	-99	-99	-99	-99	-99	-99
18.02.1989	-99	17.748	-99	-99	-99	-99	-99	-99	-99	-99
19.02.1989	-99	15.945	-99	-99	-99	-99	-99	-99	-99	-99
20.02.1989	-99	15.509	-99	-99	-99	-99	-99	-99	-99	-99
21.02.1989	-99	15.509	-99	-99	-99	-99	-99	-99	-99	-99
22.02.1989	-99	14.655	-99	-99	-99	-99	-99	-99	-99	-99
23.02.1989	-99	13.42	-99	-99	-99	-99	-99	-99	-99	-99
24.02.1989	-99	12.627	-99	-99	-99	-99	-99	-99	-99	-99
25.02.1989	-99	11.857	-99	-99	-99	-99	-99	-99	-99	-99
26.02.1989	-99	10.749	-99	-99	-99	-99	-99	-99	-99	-99
27.02.1989	-99	9.694	-99	-99	-99	-99	-99	-99	-99	-99
28.02.1989	-99	9.213	-99	-99	-99	-99	-99	-99	-99	-99
01.03.1989	-99	8.693	-99	-99	-99	-99	-99	-99	-99	-99
02.03.1989	-99	8.372	-99	-99	-99	-99	-99	-99	-99	-99
03.03.1989	-99	8.57	-99	-99	-99	-99	-99	-99	-99	-99
04.03.1989	-99	7.747	-99	-99	-99	-99	-99	-99	-99	-99
05.03.1989	-99	7.444	-99	-99	-99	-99	-99	-99	-99	-99
06.03.1989	-99	7.444	-99	-99	-99	-99	-99	-99	-99	-99
07.03.1989	-99	9.213	-99	-99	-99	-99	-99	-99	-99	-99
08.03.1989	-99	13.826	-99	-99	-99	-99	-99	-99	-99	-99
09.03.1989	-99	15.797	-99	-99	-99	-99	-99	-99	-99	-99
10.03.1989	-99	15.509	-99	-99	-99	-99	-99	-99	-99	-99
11.03.1989	-99	16.387	-99	-99	-99	-99	-99	-99	-99	-99
12.03.1989	-99	15.945	-99	-99	-99	-99	-99	-99	-99	-99
13.03.1989	-99	15.945	-99	-99	-99	-99	-99	-99	-99	-99
14.03.1989	-99	15.797	-99	-99	-99	-99	-99	-99	-99	-99
15.03.1989	-99	14.238	-99	-99	-99	-99	-99	-99	-99	-99
16.03.1989	-99	13.42	-99	-99	-99	-99	-99	-99	-99	-99
17.03.1989	-99	12.627	-99	-99	-99	-99	-99	-99	-99	-99
18.03.1989	-99	11.857	-99	-99	-99	-99	-99	-99	-99	-99
19.03.1989	-99	11.482	-99	-99	-99	-99	-99	-99	-99	-99
20.03.1989	-99	11.482	-99	-99	-99	-99	-99	-99	-99	-99
21.03.1989	-99	10.749	-99	-99	-99	-99	-99	-99	-99	-99
22.03.1989	-99	10.391	-99	-99	-99	-99	-99	-99	-99	-99
23.03.1989	-99	9.694	-99	-99	-99	-99	-99	-99	-99	-99
24.03.1989	-99	9.354	-99	-99	-99	-99	-99	-99	-99	-99
25.03.1989	-99	8.693	-99	-99	-99	-99	-99	-99	-99	-99
26.03.1989	-99	8.372	-99	-99	-99	-99	-99	-99	-99	-99
27.03.1989	-99	8.57	-99	-99	-99	-99	-99	-99	-99	-99
28.03.1989	-99	8.57	-99	-99	-99	-99	-99	-99	-99	-99
29.03.1989	-99	9.694	-99	-99	-99	-99	-99	-99	-99	-99
30.03.1989	-99	10.391	-99	-99	-99	-99	-99	-99	-99	-99
31.03.1989	-99	10.749	-99	-99	-99	-99	-99	-99	-99	-99
01.04.1989	-99	11.112	-99	-99	-99	-99	-99	-99	-99	-99
02.04.1989	-99	11.112	-99	-99	-99	-99	-99	-99	-99	-99
03.04.1989	-99	10.749	-99	-99	-99	-99	-99	-99	-99	-99
04.04.1989	-99	10.391	-99	-99	-99	-99	-99	-99	-99	-99
05.04.1989	-99	9.694	-99	-99	-99	-99	-99	-99	-99	-99
06.04.1989	-99	9.694	-99	-99	-99	-99	-99	-99	-99	-99
07.04.1989	-99	9.213	-99	-99	-99	-99	-99	-99	-99	-99
08.04.1989	-99	8.693	-99	-99	-99	-99	-99	-99	-99	-99
09.04.1989	-99	8.372	-99	-99	-99	-99	-99	-99	-99	-99
10.04.1989	-99	8.372	-99	-99	-99	-99	-99	-99	-99	-99
11.04.1989	-99	8.372	-99	-99	-99	-99	-99	-99	-99	-99
12.04.1989	-99	9.354	-99	-99	-99	-99	-99	-99	-99	-99
13.04.1989	-99	12.239	-99	-99	-99	-99	-99	-99	-99	-99
14.04.1989	-99	15.945	-99	-99	-99	-99	-99	-99	-99	-99
15.04.1989	-99	25.923	-99	-99	-99	-99	-99	-99	-99	-99
16.04.1989	-99	38.982	-99	-99	-99	-99	-99	-99	-99	-99
17.04.1989	-99	45.387	-99	-99	-99	-99	-99	-99	-99	-99
18.04.1989	-99	44.652	-99	-99	-99	-99	-99	-99	-99	-99
19.04.1989	-99	41.769	-99	-99	-99	-99	-99	-99	-99	-99
20.04.1989	-99	37.624	-99	-99	-99	-99	-99	-99	-99	-99
21.04.1989	-99	34.981	-99	-99	-99	-99	-99	-99	-99	-99
22.04.1989	-99	31.812	-99	-99	-99	-99	-99	-99	-99	-99
23.04.1989	-99	28.792	-99	-99	-99	-99	-99	-99	-99	-99
24.04.1989	-99	25.367	-99	-99	-99	-99	-99	-99	-99	-99
25.04.1989	-99	23.203	-99	-99	-99	-99	-99	-99	-99	-99
26.04.1989	-99	21.135	-99	-99	-99	-99	-99	-99	-99	-99
27.04.1989	-99	18.686	-99	-99	-99	-99	-99	-99	-99	-99
28.04.1989	-99	16.835	-99	-99	-99	-99	-99	-99	-99	-99
29.04.1989	-99	15.509	-99	-99	-99	-99	-99	-99	-99	-99
30.04.1989	-99	14.655	-99	-99	-99	-99	-99	-99	-99	-99
01.05.1989	-99	13.42	-99	-99	-99	-99	-99	-99	-99	-99
02.05.1989	-99	13.42	-99	-99	-99	-99	-99	-99	-99	-99
03.05.1989	-99	15.945	-99	-99	-99	-99	-99	-99	-99	-99
04.05.1989	-99	20.633	-99	-99	-99	-99	-99	-99	-99	-99
05.05.1989	-99	22.677	-99	-99	-99	-99	-99	-99	-99	-99
06.05.1989	-99	23.735	-99	-99	-99	-99	-99	-99	-99	-99
07.05.1989	-99	23.203	-99	-99	-99	-99	-99	-99	-99	-99
08.05.1989	-99	23.735	-99	-99	-99	-99	-99	-99	-99	-99
09.05.1989	-99	23.203	-99	-99	-99	-99	-99	-99	-99	-99
10.05.1989	-99	22.677	-99	-99	-99	-99	-99	-99	-99	-99
11.05.1989	-99	21.643	-99	-99	-99	-99	-99	-99	-99	-99
12.05.1989	-99	20.633	-99	-99	-99	-99	-99	-99	-99	-99
13.05.1989	-99	19.648	-99	-99	-99	-99	-99	-99	-99	-99
14.05.1989	-99	20.138	-99	-99	-99	-99	-99	-99	-99	-99
15.05.1989	-99	20.633	-99	-99	-99	-99	-99	-99	-99	-99
16.05.1989	-99	25.367	-99	-99	-99	-99	-99	-99	-99	-99
17.05.1989	-99	34.981	-99	-99	-99	-99	-99	-99	-99	-99
18.05.1989	-99	40.363	-99	-99	-99	-99	-99	-99	-99	-99
19.05.1989	-99	39.67	-99	-99	-99	-99	-99	-99	-99	-99
20.05.1989	-99	38.3	-99	-99	-99	-99	-99	-99	-99	-99
21.05.1989	-99	36.291	-99	-99	-99	-99	-99	-99	-99	-99
22.05.1989	-99	36.291	-99	-99	-99	-99	-99	-99	-99	-99
23.05.1989	-99	38.982	-99	-99	-99	-99	-99	-99	-99	-99
24.05.1989	-99	44.652	-99	-99	-99	-99	-99	-99	-99	-99
25.05.1989	-99	51.488	-99	-99	-99	-99	-99	-99	-99	-99
26.05.1989	-99	57.14	-99	-99	-99	-99	-99	-99	-99	-99
27.05.1989	-99	54.682	-99	-99	-99	-99	-99	-99	-99	-99
28.05.1989	-99	50.705	-99	-99	-99	-99	-99	-99	-99	-99
29.05.1989	-99	49.155	-99	-99	-99	-99	-99	-99	-99	-99
30.05.1989	-99	46.129	-99	-99	-99	-99	-99	-99	-99	-99
31.05.1989	-99	41.635	-99	-99	-99	-99	-99	-99	-99	-99
01.06.1989	-99	36.291	-99	-99	-99	-99	-99	-99	-99	-99
02.06.1989	-99	32.433	-99	-99	-99	-99	-99	-99	-99	-99
03.06.1989	-99	29.982	-99	-99	-99	-99	-99	-99	-99	-99
04.06.1989	-99	28.206	-99	-99	-99	-99	-99	-99	-99	-99
05.06.1989	-99	28.206	-99	-99	-99	-99	-99	-99	-99	-99
06.06.1989	-99	29.384	-99	-99	-99	-99	-99	-99	-99	-99
07.06.1989	-99	32.433	-99	-99	-99	-99	-99	-99	-99	-99
08.06.1989	-99	38.3	-99	-99	-99	-99	-99	-99	-99	-99
09.06.1989	-99	45.387	-99	-99	-99	-99	-99	-99	-99	-99
10.06.1989	-99	46.129	-99	-99	-99	-99	-99	-99	-99	-99
11.06.1989	-99	46.877	-99	-99	-99	-99	-99	-99	-99	-99
12.06.1989	-99	46.877	-99	-99	-99	-99	-99	-99	-99	-99
13.06.1989	-99	51.488	-99	-99	-99	-99	-99	-99	-99	-99
14.06.1989	-99	60.502	-99	-99	-99	-99	-99	-99	-99	-99
15.06.1989	-99	73.198	-99	-99	-99	-99	-99	-99	-99	-99
16.06.1989	-99	78.743	-99	-99	-99	-99	-99	-99	-99	-99
17.06.1989	-99	84.681	-99	-99	-99	-99	-99	-99	-99	-99
18.06.1989	-99	88.759	-99	-99	-99	-99	-99	-99	-99	-99
19.06.1989	-99	95.552	-99	-99	-99	-99	-99	-99	-99	-99
20.06.1989	-99	106.026	-99	-99	-99	-99	-99	-99	-99	-99
21.06.1989	-99	114.603	-99	-99	-99	-99	-99	-99	-99	-99
22.06.1989	-99	121.179	-99	-99	-99	-99	-99	-99	-99	-99
23.06.1989	-99	123.006	-99	-99	-99	-99	-99	-99	-99	-99
24.06.1989	-99	115.231	-99	-99	-99	-99	-99	-99	-99	-99
25.06.1989	-99	99.371	-99	-99	-99	-99	-99	-99	-99	-99
26.06.1989	-99	99.371	-99	-99	-99	-99	-99	-99	-99	-99
27.06.1989	-99	111.735	-99	-99	-99	-99	-99	-99	-99	-99
28.06.1989	-99	116.409	-99	-99	-99	-99	-99	-99	-99	-99
29.06.1989	-99	132.26	-99	-99	-99	-99	-99	-99	-99	-99
30.06.1989	-99	118.782	-99	-99	-99	-99	-99	-99	-99	-99
01.07.1989	-99	100.466	-99	-99	-99	-99	-99	-99	-99	-99
02.07.1989	-99	82.677	-99	-99	-99	-99	-99	-99	-99	-99
03.07.1989	-99	70.238	-99	-99	-99	-99	-99	-99	-99	-99
04.07.1989	-99	64.838	-99	-99	-99	-99	-99	-99	-99	-99
05.07.1989	-99	70.238	-99	-99	-99	-99	-99	-99	-99	-99
06.07.1989	-99	79.717	-99	-99	-99	-99	-99	-99	-99	-99
07.07.1989	-99	86.708	-99	-99	-99	-99	-99	-99	-99	-99
08.07.1989	-99	91.88	-99	-99	-99	-99	-99	-99	-99	-99
09.07.1989	-99	95.552	-99	-99	-99	-99	-99	-99	-99	-99
10.07.1989	-99	91.88	-99	-99	-99	-99	-99	-99	-99	-99
11.07.1989	-99	92.932	-99	-99	-99	-99	-99	-99	-99	-99
12.07.1989	-99	95.552	-99	-99	-99	-99	-99	-99	-99	-99
13.07.1989	-99	97.201	-99	-99	-99	-99	-99	-99	-99	-99
14.07.1989	-99	90.833	-99	-99	-99	-99	-99	-99	-99	-99
15.07.1989	-99	81.685	-99	-99	-99	-99	-99	-99	-99	-99
16.07.1989	-99	73.198	-99	-99	-99	-99	-99	-99	-99	-99
17.07.1989	-99	67.511	-99	-99	-99	-99	-99	-99	-99	-99
18.07.1989	-99	62.218	-99	-99	-99	-99	-99	-99	-99	-99
19.07.1989	-99	55.495	-99	-99	-99	-99	-99	-99	-99	-99
20.07.1989	-99	50.705	-99	-99	-99	-99	-99	-99	-99	-99
21.07.1989	-99	50.705	-99	-99	-99	-99	-99	-99	-99	-99
22.07.1989	-99	51.488	-99	-99	-99	-99	-99	-99	-99	-99
23.07.1989	-99	54.682	-99	-99	-99	-99	-99	-99	-99	-99
24.07.1989	-99	62.218	-99	-99	-99	-99	-99	-99	-99	-99
25.07.1989	-99	73.198	-99	-99	-99	-99	-99	-99	-99	-99
26.07.1989	-99	83.676	-99	-99	-99	-99	-99	-99	-99	-99
27.07.1989	-99	99.371	-99	-99	-99	-99	-99	-99	-99	-99
28.07.1989	-99	101.566	-99	-99	-99	-99	-99	-99	-99	-99
29.07.1989	-99	101.566	-99	-99	-99	-99	-99	-99	-99	-99
30.07.1989	-99	116.409	-99	-99	-99	-99	-99	-99	-99	-99
31.07.1989	-99	111.735	-99	-99	-99	-99	-99	-99	-99	-99
01.08.1989	-99	99.371	-99	-99	-99	-99	-99	-99	-99	-99
02.08.1989	-99	91.88	-99	-99	-99	-99	-99	-99	-99	-99
03.08.1989	-99	84.681	-99	-99	-99	-99	-99	-99	-99	-99
04.08.1989	-99	76.811	-99	-99	-99	-99	-99	-99	-99	-99
05.08.1989	-99	68.414	-99	-99	-99	-99	-99	-99	-99	-99
06.08.1989	-99	61.357	-99	-99	-99	-99	-99	-99	-99	-99
07.08.1989	-99	57.972	-99	-99	-99	-99	-99	-99	-99	-99
08.08.1989	-99	57.972	-99	-99	-99	-99	-99	-99	-99	-99
09.08.1989	-99	58.809	-99	-99	-99	-99	-99	-99	-99	-99
10.08.1989	-99	62.218	-99	-99	-99	-99	-99	-99	-99	-99
11.08.1989	-99	67.511	-99	-99	-99	-99	-99	-99	-99	-99
12.08.1989	-99	71.159	-99	-99	-99	-99	-99	-99	-99	-99
13.08.1989	-99	71.159	-99	-99	-99	-99	-99	-99	-99	-99
14.08.1989	-99	70.238	-99	-99	-99	-99	-99	-99	-99	-99
15.08.1989	-99	71.159	-99	-99	-99	-99	-99	-99	-99	-99
16.08.1989	-99	73.198	-99	-99	-99	-99	-99	-99	-99	-99
17.08.1989	-99	76.811	-99	-99	-99	-99	-99	-99	-99	-99
18.08.1989	-99	76.811	-99	-99	-99	-99	-99	-99	-99	-99
19.08.1989	-99	80.698	-99	-99	-99	-99	-99	-99	-99	-99
20.08.1989	-99	80.698	-99	-99	-99	-99	-99	-99	-99	-99
21.08.1989	-99	83.676	-99	-99	-99	-99	-99	-99	-99	-99
22.08.1989	-99	84.681	-99	-99	-99	-99	-99	-99	-99	-99
23.08.1989	-99	82.677	-99	-99	-99	-99	-99	-99	-99	-99
24.08.1989	-99	79.717	-99	-99	-99	-99	-99	-99	-99	-99
25.08.1989	-99	73.198	-99	-99	-99	-99	-99	-99	-99	-99
26.08.1989	-99	63.959	-99	-99	-99	-99	-99	-99	-99	-99
27.08.1989	-99	55.495	-99	-99	-99	-99	-99	-99	-99	-99
28.08.1989	-99	49.155	-99	-99	-99	-99	-99	-99	-99	-99
29.08.1989	-99	43.922	-99	-99	-99	-99	-99	-99	-99	-99
30.08.1989	-99	38.982	-99	-99	-99	-99	-99	-99	-99	-99
31.08.1989	-99	36.954	-99	-99	-99	-99	-99	-99	-99	-99
01.09.1989	-99	39.67	-99	-99	-99	-99	-99	-99	-99	-99
02.09.1989	-99	39.67	-99	-99	-99	-99	-99	-99	-99	-99
03.09.1989	-99	38.3	-99	-99	-99	-99	-99	-99	-99	-99
04.09.1989	-99	35.633	-99	-99	-99	-99	-99	-99	-99	-99
05.09.1989	-99	32.433	-99	-99	-99	-99	-99	-99	-99	-99
06.09.1989	-99	34.981	-99	-99	-99	-99	-99	-99	-99	-99
07.09.1989	-99	46.877	-99	-99	-99	-99	-99	-99	-99	-99
08.09.1989	-99	49.927	-99	-99	-99	-99	-99	-99	-99	-99
09.09.1989	-99	48.39	-99	-99	-99	-99	-99	-99	-99	-99
10.09.1989	-99	43.922	-99	-99	-99	-99	-99	-99	-99	-99
11.09.1989	-99	38.982	-99	-99	-99	-99	-99	-99	-99	-99
12.09.1989	-99	35.633	-99	-99	-99	-99	-99	-99	-99	-99
13.09.1989	-99	31.812	-99	-99	-99	-99	-99	-99	-99	-99
14.09.1989	-99	28.792	-99	-99	-99	-99	-99	-99	-99	-99
15.09.1989	-99	26.484	-99	-99	-99	-99	-99	-99	-99	-99
16.09.1989	-99	25.923	-99	-99	-99	-99	-99	-99	-99	-99
17.09.1989	-99	25.367	-99	-99	-99	-99	-99	-99	-99	-99
18.09.1989	-99	25.367	-99	-99	-99	-99	-99	-99	-99	-99
19.09.1989	-99	27.529	-99	-99	-99	-99	-99	-99	-99	-99
20.09.1989	-99	34.981	-99	-99	-99	-99	-99	-99	-99	-99
21.09.1989	-99	61.357	-99	-99	-99	-99	-99	-99	-99	-99
22.09.1989	-99	76.811	-99	-99	-99	-99	-99	-99	-99	-99
23.09.1989	-99	77.774	-99	-99	-99	-99	-99	-99	-99	-99
24.09.1989	-99	84.681	-99	-99	-99	-99	-99	-99	-99	-99
25.09.1989	-99	83.676	-99	-99	-99	-99	-99	-99	-99	-99
26.09.1989	-99	81.685	-99	-99	-99	-99	-99	-99	-99	-99
27.09.1989	-99	73.198	-99	-99	-99	-99	-99	-99	-99	-99
28.09.1989	-99	63.859	-99	-99	-99	-99	-99	-99	-99	-99
29.09.1989	-99	55.495	-99	-99	-99	-99	-99	-99	-99	-99
30.09.1989	-99	53.875	-99	-99	-99	-99	-99	-99	-99	-99
01.10.1989	-99	50.705	-99	-99	-99	-99	-99	-99	-99	-99
02.10.1989	-99	47.63	-99	-99	-99	-99	-99	-99	-99	-99
03.10.1989	-99	44.652	-99	-99	-99	-99	-99	-99	-99	-99
04.10.1989	-99	39.67	-99	-99	-99	-99	-99	-99	-99	-99
05.10.1989	-99	34.981	-99	-99	-99	-99	-99	-99	-99	-99
06.10.1989	-99	31.196	-99	-99	-99	-99	-99	-99	-99	-99
07.10.1989	-99	28.206	-99	-99	-99	-99	-99	-99	-99	-99
08.10.1989	-99	25.367	-99	-99	-99	-99	-99	-99	-99	-99
09.10.1989	-99	23.203	-99	-99	-99	-99	-99	-99	-99	-99
10.10.1989	-99	21.643	-99	-99	-99	-99	-99	-99	-99	-99
11.10.1989	-99	19.648	-99	-99	-99	-99	-99	-99	-99	-99
12.10.1989	-99	18.214	-99	-99	-99	-99	-99	-99	-99	-99
13.10.1989	-99	17.288	-99	-99	-99	-99	-99	-99	-99	-99
14.10.1989	-99	17.288	-99	-99	-99	-99	-99	-99	-99	-99
15.10.1989	-99	16.835	-99	-99	-99	-99	-99	-99	-99	-99
16.10.1989	-99	15.945	-99	-99	-99	-99	-99	-99	-99	-99
17.10.1989	-99	15.945	-99	-99	-99	-99	-99	-99	-99	-99
18.10.1989	-99	16.835	-99	-99	-99	-99	-99	-99	-99	-99
19.10.1989	-99	18.686	-99	-99	-99	-99	-99	-99	-99	-99
20.10.1989	-99	20.138	-99	-99	-99	-99	-99	-99	-99	-99
21.10.1989	-99	24.273	-99	-99	-99	-99	-99	-99	-99	-99
22.10.1989	-99	30.586	-99	-99	-99	-99	-99	-99	-99	-99
23.10.1989	-99	35.633	-99	-99	-99	-99	-99	-99	-99	-99
24.10.1989	-99	43.198	-99	-99	-99	-99	-99	-99	-99	-99
25.10.1989	-99	45.387	-99	-99	-99	-99	-99	-99	-99	-99
26.10.1989	-99	48.39	-99	-99	-99	-99	-99	-99	-99	-99
27.10.1989	-99	45.387	-99	-99	-99	-99	-99	-99	-99	-99
28.10.1989	-99	39.67	-99	-99	-99	-99	-99	-99	-99	-99
29.10.1989	-99	34.335	-99	-99	-99	-99	-99	-99	-99	-99
30.10.1989	-99	30.586	-99	-99	-99	-99	-99	-99	-99	-99
31.10.1989	-99	26.484	-99	-99	-99	-99	-99	-99	-99	-99
01.11.1989	-99	23.735	-99	-99	-99	-99	-99	-99	-99	-99
02.11.1989	-99	21.135	-99	-99	-99	-99	-99	-99	-99	-99
03.11.1989	-99	19.164	-99	-99	-99	-99	-99	-99	-99	-99
04.11.1989	-99	17.288	-99	-99	-99	-99	-99	-99	-99	-99
05.11.1989	-99	16.387	-99	-99	-99	-99	-99	-99	-99	-99
06.11.1989	-99	14.655	-99	-99	-99	-99	-99	-99	-99	-99
07.11.1989	-99	13.826	-99	-99	-99	-99	-99	-99	-99	-99
08.11.1989	-99	12.627	-99	-99	-99	-99	-99	-99	-99	-99
09.11.1989	-99	11.482	-99	-99	-99	-99	-99	-99	-99	-99
10.11.1989	-99	10.749	-99	-99	-99	-99	-99	-99	-99	-99
11.11.1989	-99	10.399	-99	-99	-99	-99	-99	-99	-99	-99
12.11.1989	-99	10.749	-99	-99	-99	-99	-99	-99	-99	-99
13.11.1989	-99	11.482	-99	-99	-99	-99	-99	-99	-99	-99
14.11.1989	-99	13.021	-99	-99	-99	-99	-99	-99	-99	-99
15.11.1989	-99	15.509	-99	-99	-99	-99	-99	-99	-99	-99
16.11.1989	-99	15.797	-99	-99	-99	-99	-99	-99	-99	-99
17.11.1989	-99	14.238	-99	-99	-99	-99	-99	-99	-99	-99
18.11.1989	-99	13.42	-99	-99	-99	-99	-99	-99	-99	-99
19.11.1989	-99	12.627	-99	-99	-99	-99	-99	-99	-99	-99
20.11.1989	-99	11.857	-99	-99	-99	-99	-99	-99	-99	-99
21.11.1989	-99	11.482	-99	-99	-99	-99	-99	-99	-99	-99
22.11.1989	-99	11.112	-99	-99	-99	-99	-99	-99	-99	-99
23.11.1989	-99	10.749	-99	-99	-99	-99	-99	-99	-99	-99
24.11.1989	-99	10.399	-99	-99	-99	-99	-99	-99	-99	-99
25.11.1989	-99	9.354	-99	-99	-99	-99	-99	-99	-99	-99
26.11.1989	-99	8.693	-99	-99	-99	-99	-99	-99	-99	-99
27.11.1989	-99	8.372	-99	-99	-99	-99	-99	-99	-99	-99
28.11.1989	-99	8.372	-99	-99	-99	-99	-99	-99	-99	-99
29.11.1989	-99	8.57	-99	-99	-99	-99	-99	-99	-99	-99
30.11.1989	-99	7.747	-99	-99	-99	-99	-99	-99	-99	-99
01.12.1989	-99	7.444	-99	-99	-99	-99	-99	-99	-99	-99
02.12.1989	-99	7.147	-99	-99	-99	-99	-99	-99	-99	-99
03.12.1989	-99	6.855	-99	-99	-99	-99	-99	-99	-99	-99
04.12.1989	-99	7.147	-99	-99	-99	-99	-99	-99	-99	-99
05.12.1989	-99	7.444	-99	-99	-99	-99	-99	-99	-99	-99
06.12.1989	-99	8.693	-99	-99	-99	-99	-99	-99	-99	-99
07.12.1989	-99	9.694	-99	-99	-99	-99	-99	-99	-99	-99
08.12.1989	-99	10.399	-99	-99	-99	-99	-99	-99	-99	-99
09.12.1989	-99	10.399	-99	-99	-99	-99	-99	-99	-99	-99
10.12.1989	-99	9.694	-99	-99	-99	-99	-99	-99	-99	-99
11.12.1989	-99	9.354	-99	-99	-99	-99	-99	-99	-99	-99
12.12.1989	-99	9.354	-99	-99	-99	-99	-99	-99	-99	-99
13.12.1989	-99	9.213	-99	-99	-99	-99	-99	-99	-99	-99
14.12.1989	-99	8.372	-99	-99	-99	-99	-99	-99	-99	-99
15.12.1989	-99	8.57	-99	-99	-99	-99	-99	-99	-99	-99
16.12.1989	-99	7.747	-99	-99	-99	-99	-99	-99	-99	-99
17.12.1989	-99	7.444	-99	-99	-99	-99	-99	-99	-99	-99
18.12.1989	-99	6.855	-99	-99	-99	-99	-99	-99	-99	-99
19.12.1989	-99	6.291	-99	-99	-99	-99	-99	-99	-99	-99
20.12.1989	-99	6.291	-99	-99	-99	-99	-99	-99	-99	-99
21.12.1989	-99	6.291	-99	-99	-99	-99	-99	-99	-99	-99
22.12.1989	-99	6.181	-99	-99	-99	-99	-99	-99	-99	-99
23.12.1989	-99	5.751	-99	-99	-99	-99	-99	-99	-99	-99
24.12.1989	-99	5.489	-99	-99	-99	-99	-99	-99	-99	-99
25.12.1989	-99	5.489	-99	-99	-99	-99	-99	-99	-99	-99
26.12.1989	-99	6.855	-99	-99	-99	-99	-99	-99	-99	-99
27.12.1989	-99	8.372	-99	-99	-99	-99	-99	-99	-99	-99
28.12.1989	-99	8.372	-99	-99	-99	-99	-99	-99	-99	-99
29.12.1989	-99	8.372	-99	-99	-99	-99	-99	-99	-99	-99
30.12.1989	-99	8.57	-99	-99	-99	-99	-99	-99	-99	-99
31.12.1989	-99	7.444	-99	-99	-99	-99	-99	-99	-99	-99
01.01.1990	-99	7.147	-99	-99	-99	-99	-99	-99	-99	-99
02.01.1990	-99	6.57	-99	-99	-99	-99	-99	-99	-99	-99
03.01.1990	-99	6.291	-99	-99	-99	-99	-99	-99	-99	-99
04.01.1990	-99	6.181	-99	-99	-99	-99	-99	-99	-99	-99
05.01.1990	-99	5.751	-99	-99	-99	-99	-99	-99	-99	-99
06.01.1990	-99	5.234	-99	-99	-99	-99	-99	-99	-99	-99
07.01.1990	-99	5.234	-99	-99	-99	-99	-99	-99	-99	-99
08.01.1990	-99	5.489	-99	-99	-99	-99	-99	-99	-99	-99
09.01.1990	-99	5.751	-99	-99	-99	-99	-99	-99	-99	-99
10.01.1990	-99	6.855	-99	-99	-99	-99	-99	-99	-99	-99
11.01.1990	-99	8.57	-99	-99	-99	-99	-99	-99	-99	-99
12.01.1990	-99	8.693	-99	-99	-99	-99	-99	-99	-99	-99
13.01.1990	-99	9.694	-99	-99	-99	-99	-99	-99	-99	-99
14.01.1990	-99	10.399	-99	-99	-99	-99	-99	-99	-99	-99
15.01.1990	-99	11.112	-99	-99	-99	-99	-99	-99	-99	-99
16.01.1990	-99	15.797	-99	-99	-99	-99	-99	-99	-99	-99
17.01.1990	-99	16.835	-99	-99	-99	-99	-99	-99	-99	-99
18.01.1990	-99	20.138	-99	-99	-99	-99	-99	-99	-99	-99
19.01.1990	-99	20.138	-99	-99	-99	-99	-99	-99	-99	-99
20.01.1990	-99	19.164	-99	-99	-99	-99	-99	-99	-99	-99
21.01.1990	-99	18.686	-99	-99	-99	-99	-99	-99	-99	-99
22.01.1990	-99	17.288	-99	-99	-99	-99	-99	-99	-99	-99
23.01.1990	-99	17.748	-99	-99	-99	-99	-99	-99	-99	-99
24.01.1990	-99	17.288	-99	-99	-99	-99	-99	-99	-99	-99
25.01.1990	-99	15.945	-99	-99	-99	-99	-99	-99	-99	-99
26.01.1990	-99	14.655	-99	-99	-99	-99	-99	-99	-99	-99
27.01.1990	-99	13.42	-99	-99	-99	-99	-99	-99	-99	-99
28.01.1990	-99	12.239	-99	-99	-99	-99	-99	-99	-99	-99
29.01.1990	-99	11.112	-99	-99	-99	-99	-99	-99	-99	-99
30.01.1990	-99	10.391	-99	-99	-99	-99	-99	-99	-99	-99
31.01.1990	-99	9.694	-99	-99	-99	-99	-99	-99	-99	-99
01.02.1990	-99	9.694	-99	-99	-99	-99	-99	-99	-99	-99
02.02.1990	-99	9.694	-99	-99	-99	-99	-99	-99	-99	-99
03.02.1990	-99	9.694	-99	-99	-99	-99	-99	-99	-99	-99
04.02.1990	-99	10.399	-99	-99	-99	-99	-99	-99	-99	-99
05.02.1990	-99	12.239	-99	-99	-99	-99	-99	-99	-99	-99
06.02.1990	-99	22.157	-99	-99	-99	-99	-99	-99	-99	-99
07.02.1990	-99	33.695	-99	-99	-99	-99	-99	-99	-99	-99
08.02.1990	-99	36.954	-99	-99	-99	-99	-99	-99	-99	-99
09.02.1990	-99	34.981	-99	-99	-99	-99	-99	-99	-99	-99
10.02.1990	-99	32.433	-99	-99	-99	-99	-99	-99	-99	-99
11.02.1990	-99	28.792	-99	-99	-99	-99	-99	-99	-99	-99
12.02.1990	-99	25.367	-99	-99	-99	-99	-99	-99	-99	-99
13.02.1990	-99	22.157	-99	-99	-99	-99	-99	-99	-99	-99
14.02.1990	-99	19.648	-99	-99	-99	-99	-99	-99	-99	-99
15.02.1990	-99	17.288	-99	-99	-99	-99	-99	-99	-99	-99
16.02.1990	-99	15.509	-99	-99	-99	-99	-99	-99	-99	-99
17.02.1990	-99	14.238	-99	-99	-99	-99	-99	-99	-99	-99
18.02.1990	-99	13.021	-99	-99	-99	-99	-99	-99	-99	-99
19.02.1990	-99	12.239	-99	-99	-99	-99	-99	-99	-99	-99
20.02.1990	-99	13.826	-99	-99	-99	-99	-99	-99	-99	-99
21.02.1990	-99	16.387	-99	-99	-99	-99	-99	-99	-99	-99
22.02.1990	-99	17.748	-99	-99	-99	-99	-99	-99	-99	-99
23.02.1990	-99	27.529	-99	-99	-99	-99	-99	-99	-99	-99
24.02.1990	-99	34.981	-99	-99	-99	-99	-99	-99	-99	-99
25.02.1990	-99	34.981	-99	-99	-99	-99	-99	-99	-99	-99
26.02.1990	-99	31.196	-99	-99	-99	-99	-99	-99	-99	-99
27.02.1990	-99	27.626	-99	-99	-99	-99	-99	-99	-99	-99
28.02.1990	-99	24.273	-99	-99	-99	-99	-99	-99	-99	-99
01.03.1990	-99	21.643	-99	-99	-99	-99	-99	-99	-99	-99
02.03.1990	-99	19.648	-99	-99	-99	-99	-99	-99	-99	-99
03.03.1990	-99	17.748	-99	-99	-99	-99	-99	-99	-99	-99
04.03.1990	-99	17.288	-99	-99	-99	-99	-99	-99	-99	-99
05.03.1990	-99	19.164	-99	-99	-99	-99	-99	-99	-99	-99
06.03.1990	-99	19.164	-99	-99	-99	-99	-99	-99	-99	-99
07.03.1990	-99	18.214	-99	-99	-99	-99	-99	-99	-99	-99
08.03.1990	-99	17.748	-99	-99	-99	-99	-99	-99	-99	-99
09.03.1990	-99	17.748	-99	-99	-99	-99	-99	-99	-99	-99
10.03.1990	-99	16.387	-99	-99	-99	-99	-99	-99	-99	-99
11.03.1990	-99	15.509	-99	-99	-99	-99	-99	-99	-99	-99
12.03.1990	-99	15.797	-99	-99	-99	-99	-99	-99	-99	-99
13.03.1990	-99	14.655	-99	-99	-99	-99	-99	-99	-99	-99
14.03.1990	-99	13.42	-99	-99	-99	-99	-99	-99	-99	-99
15.03.1990	-99	13.826	-99	-99	-99	-99	-99	-99	-99	-99
16.03.1990	-99	16.387	-99	-99	-99	-99	-99	-99	-99	-99
17.03.1990	-99	23.735	-99	-99	-99	-99	-99	-99	-99	-99
18.03.1990	-99	34.335	-99	-99	-99	-99	-99	-99	-99	-99
19.03.1990	-99	56.315	-99	-99	-99	-99	-99	-99	-99	-99
20.03.1990	-99	71.159	-99	-99	-99	-99	-99	-99	-99	-99
21.03.1990	-99	64.838	-99	-99	-99	-99	-99	-99	-99	-99
22.03.1990	-99	60.502	-99	-99	-99	-99	-99	-99	-99	-99
23.03.1990	-99	55.495	-99	-99	-99	-99	-99	-99	-99	-99
24.03.1990	-99	50.705	-99	-99	-99	-99	-99	-99	-99	-99
25.03.1990	-99	49.155	-99	-99	-99	-99	-99	-99	-99	-99
26.03.1990	-99	45.387	-99	-99	-99	-99	-99	-99	-99	-99
27.03.1990	-99	38.982	-99	-99	-99	-99	-99	-99	-99	-99
28.03.1990	-99	33.695	-99	-99	-99	-99	-99	-99	-99	-99
29.03.1990	-99	29.384	-99	-99	-99	-99	-99	-99	-99	-99
30.03.1990	-99	27.626	-99	-99	-99	-99	-99	-99	-99	-99
31.03.1990	-99	31.196	-99	-99	-99	-99	-99	-99	-99	-99
01.04.1990	-99	44.652	-99	-99	-99	-99	-99	-99	-99	-99
02.04.1990	-99	48.39	-99	-99	-99	-99	-99	-99	-99	-99
03.04.1990	-99	42.481	-99	-99	-99	-99	-99	-99	-99	-99
04.04.1990	-99	36.291	-99	-99	-99	-99	-99	-99	-99	-99
05.04.1990	-99	32.433	-99	-99	-99	-99	-99	-99	-99	-99
06.04.1990	-99	28.206	-99	-99	-99	-99	-99	-99	-99	-99
07.04.1990	-99	24.273	-99	-99	-99	-99	-99	-99	-99	-99
08.04.1990	-99	21.643	-99	-99	-99	-99	-99	-99	-99	-99
09.04.1990	-99	19.164	-99	-99	-99	-99	-99	-99	-99	-99
10.04.1990	-99	18.686	-99	-99	-99	-99	-99	-99	-99	-99
11.04.1990	-99	17.288	-99	-99	-99	-99	-99	-99	-99	-99
12.04.1990	-99	16.387	-99	-99	-99	-99	-99	-99	-99	-99
13.04.1990	-99	16.387	-99	-99	-99	-99	-99	-99	-99	-99
14.04.1990	-99	16.387	-99	-99	-99	-99	-99	-99	-99	-99
15.04.1990	-99	17.748	-99	-99	-99	-99	-99	-99	-99	-99
16.04.1990	-99	17.288	-99	-99	-99	-99	-99	-99	-99	-99
17.04.1990	-99	16.835	-99	-99	-99	-99	-99	-99	-99	-99
18.04.1990	-99	15.945	-99	-99	-99	-99	-99	-99	-99	-99
19.04.1990	-99	15.797	-99	-99	-99	-99	-99	-99	-99	-99
20.04.1990	-99	14.238	-99	-99	-99	-99	-99	-99	-99	-99
21.04.1990	-99	14.238	-99	-99	-99	-99	-99	-99	-99	-99
22.04.1990	-99	15.797	-99	-99	-99	-99	-99	-99	-99	-99
23.04.1990	-99	17.288	-99	-99	-99	-99	-99	-99	-99	-99
24.04.1990	-99	19.648	-99	-99	-99	-99	-99	-99	-99	-99
25.04.1990	-99	22.157	-99	-99	-99	-99	-99	-99	-99	-99
26.04.1990	-99	25.923	-99	-99	-99	-99	-99	-99	-99	-99
27.04.1990	-99	28.206	-99	-99	-99	-99	-99	-99	-99	-99
28.04.1990	-99	26.484	-99	-99	-99	-99	-99	-99	-99	-99
29.04.1990	-99	26.484	-99	-99	-99	-99	-99	-99	-99	-99
30.04.1990	-99	41.769	-99	-99	-99	-99	-99	-99	-99	-99
01.05.1990	-99	63.959	-99	-99	-99	-99	-99	-99	-99	-99
02.05.1990	-99	70.238	-99	-99	-99	-99	-99	-99	-99	-99
03.05.1990	-99	76.811	-99	-99	-99	-99	-99	-99	-99	-99
04.05.1990	-99	78.743	-99	-99	-99	-99	-99	-99	-99	-99
05.05.1990	-99	80.698	-99	-99	-99	-99	-99	-99	-99	-99
06.05.1990	-99	81.685	-99	-99	-99	-99	-99	-99	-99	-99
07.05.1990	-99	83.676	-99	-99	-99	-99	-99	-99	-99	-99
08.05.1990	-99	85.691	-99	-99	-99	-99	-99	-99	-99	-99
09.05.1990	-99	86.708	-99	-99	-99	-99	-99	-99	-99	-99
10.05.1990	-99	85.691	-99	-99	-99	-99	-99	-99	-99	-99
11.05.1990	-99	83.676	-99	-99	-99	-99	-99	-99	-99	-99
12.05.1990	-99	79.717	-99	-99	-99	-99	-99	-99	-99	-99
13.05.1990	-99	76.811	-99	-99	-99	-99	-99	-99	-99	-99
14.05.1990	-99	73.198	-99	-99	-99	-99	-99	-99	-99	-99
15.05.1990	-99	68.414	-99	-99	-99	-99	-99	-99	-99	-99
16.05.1990	-99	63.859	-99	-99	-99	-99	-99	-99	-99	-99
17.05.1990	-99	57.14	-99	-99	-99	-99	-99	-99	-99	-99
18.05.1990	-99	51.488	-99	-99	-99	-99	-99	-99	-99	-99
19.05.1990	-99	46.129	-99	-99	-99	-99	-99	-99	-99	-99
20.05.1990	-99	42.481	-99	-99	-99	-99	-99	-99	-99	-99
21.05.1990	-99	40.363	-99	-99	-99	-99	-99	-99	-99	-99
22.05.1990	-99	38.3	-99	-99	-99	-99	-99	-99	-99	-99
23.05.1990	-99	35.633	-99	-99	-99	-99	-99	-99	-99	-99
24.05.1990	-99	33.618	-99	-99	-99	-99	-99	-99	-99	-99
25.05.1990	-99	31.196	-99	-99	-99	-99	-99	-99	-99	-99
26.05.1990	-99	29.384	-99	-99	-99	-99	-99	-99	-99	-99
27.05.1990	-99	28.206	-99	-99	-99	-99	-99	-99	-99	-99
28.05.1990	-99	25.923	-99	-99	-99	-99	-99	-99	-99	-99
29.05.1990	-99	24.817	-99	-99	-99	-99	-99	-99	-99	-99
30.05.1990	-99	24.273	-99	-99	-99	-99	-99	-99	-99	-99
31.05.1990	-99	24.273	-99	-99	-99	-99	-99	-99	-99	-99
01.06.1990	-99	25.923	-99	-99	-99	-99	-99	-99	-99	-99
02.06.1990	-99	29.384	-99	-99	-99	-99	-99	-99	-99	-99
03.06.1990	-99	38.3	-99	-99	-99	-99	-99	-99	-99	-99
04.06.1990	-99	49.927	-99	-99	-99	-99	-99	-99	-99	-99
05.06.1990	-99	75.854	-99	-99	-99	-99	-99	-99	-99	-99
06.06.1990	-99	80.698	-99	-99	-99	-99	-99	-99	-99	-99
07.06.1990	-99	89.793	-99	-99	-99	-99	-99	-99	-99	-99
08.06.1990	-99	87.73	-99	-99	-99	-99	-99	-99	-99	-99
09.06.1990	-99	91.88	-99	-99	-99	-99	-99	-99	-99	-99
10.06.1990	-99	87.73	-99	-99	-99	-99	-99	-99	-99	-99
11.06.1990	-99	81.685	-99	-99	-99	-99	-99	-99	-99	-99
12.06.1990	-99	73.958	-99	-99	-99	-99	-99	-99	-99	-99
13.06.1990	-99	73.958	-99	-99	-99	-99	-99	-99	-99	-99
14.06.1990	-99	78.743	-99	-99	-99	-99	-99	-99	-99	-99
15.06.1990	-99	77.774	-99	-99	-99	-99	-99	-99	-99	-99
16.06.1990	-99	75.854	-99	-99	-99	-99	-99	-99	-99	-99
17.06.1990	-99	71.159	-99	-99	-99	-99	-99	-99	-99	-99
18.06.1990	-99	72.869	-99	-99	-99	-99	-99	-99	-99	-99
19.06.1990	-99	86.708	-99	-99	-99	-99	-99	-99	-99	-99
20.06.1990	-99	87.73	-99	-99	-99	-99	-99	-99	-99	-99
21.06.1990	-99	93.99	-99	-99	-99	-99	-99	-99	-99	-99
22.06.1990	-99	101.566	-99	-99	-99	-99	-99	-99	-99	-99
23.06.1990	-99	103.784	-99	-99	-99	-99	-99	-99	-99	-99
24.06.1990	-99	99.371	-99	-99	-99	-99	-99	-99	-99	-99
25.06.1990	-99	89.793	-99	-99	-99	-99	-99	-99	-99	-99
26.06.1990	-99	85.691	-99	-99	-99	-99	-99	-99	-99	-99
27.06.1990	-99	83.676	-99	-99	-99	-99	-99	-99	-99	-99
28.06.1990	-99	74.903	-99	-99	-99	-99	-99	-99	-99	-99
29.06.1990	-99	80.698	-99	-99	-99	-99	-99	-99	-99	-99
30.06.1990	-99	71.159	-99	-99	-99	-99	-99	-99	-99	-99
01.07.1990	-99	77.774	-99	-99	-99	-99	-99	-99	-99	-99
02.07.1990	-99	78.743	-99	-99	-99	-99	-99	-99	-99	-99
03.07.1990	-99	77.774	-99	-99	-99	-99	-99	-99	-99	-99
04.07.1990	-99	69.323	-99	-99	-99	-99	-99	-99	-99	-99
05.07.1990	-99	63.959	-99	-99	-99	-99	-99	-99	-99	-99
06.07.1990	-99	64.838	-99	-99	-99	-99	-99	-99	-99	-99
07.07.1990	-99	77.774	-99	-99	-99	-99	-99	-99	-99	-99
08.07.1990	-99	67.511	-99	-99	-99	-99	-99	-99	-99	-99
09.07.1990	-99	64.838	-99	-99	-99	-99	-99	-99	-99	-99
10.07.1990	-99	79.717	-99	-99	-99	-99	-99	-99	-99	-99
11.07.1990	-99	85.691	-99	-99	-99	-99	-99	-99	-99	-99
12.07.1990	-99	111.735	-99	-99	-99	-99	-99	-99	-99	-99
13.07.1990	-99	84.681	-99	-99	-99	-99	-99	-99	-99	-99
14.07.1990	-99	63.859	-99	-99	-99	-99	-99	-99	-99	-99
15.07.1990	-99	59.652	-99	-99	-99	-99	-99	-99	-99	-99
16.07.1990	-99	65.723	-99	-99	-99	-99	-99	-99	-99	-99
17.07.1990	-99	72.869	-99	-99	-99	-99	-99	-99	-99	-99
18.07.1990	-99	73.198	-99	-99	-99	-99	-99	-99	-99	-99
19.07.1990	-99	70.238	-99	-99	-99	-99	-99	-99	-99	-99
20.07.1990	-99	73.958	-99	-99	-99	-99	-99	-99	-99	-99
21.07.1990	-99	82.677	-99	-99	-99	-99	-99	-99	-99	-99
22.07.1990	-99	82.677	-99	-99	-99	-99	-99	-99	-99	-99
23.07.1990	-99	77.774	-99	-99	-99	-99	-99	-99	-99	-99
24.07.1990	-99	72.869	-99	-99	-99	-99	-99	-99	-99	-99
25.07.1990	-99	81.685	-99	-99	-99	-99	-99	-99	-99	-99
26.07.1990	-99	84.681	-99	-99	-99	-99	-99	-99	-99	-99
27.07.1990	-99	86.708	-99	-99	-99	-99	-99	-99	-99	-99
28.07.1990	-99	87.73	-99	-99	-99	-99	-99	-99	-99	-99
29.07.1990	-99	97.201	-99	-99	-99	-99	-99	-99	-99	-99
30.07.1990	-99	89.793	-99	-99	-99	-99	-99	-99	-99	-99
31.07.1990	-99	88.759	-99	-99	-99	-99	-99	-99	-99	-99
01.08.1990	-99	80.698	-99	-99	-99	-99	-99	-99	-99	-99
02.08.1990	-99	81.685	-99	-99	-99	-99	-99	-99	-99	-99
03.08.1990	-99	110.581	-99	-99	-99	-99	-99	-99	-99	-99
04.08.1990	-99	124.819	-99	-99	-99	-99	-99	-99	-99	-99
05.08.1990	-99	108.291	-99	-99	-99	-99	-99	-99	-99	-99
06.08.1990	-99	93.99	-99	-99	-99	-99	-99	-99	-99	-99
07.08.1990	-99	75.854	-99	-99	-99	-99	-99	-99	-99	-99
08.08.1990	-99	78.743	-99	-99	-99	-99	-99	-99	-99	-99
09.08.1990	-99	71.159	-99	-99	-99	-99	-99	-99	-99	-99
10.08.1990	-99	58.809	-99	-99	-99	-99	-99	-99	-99	-99
11.08.1990	-99	53.875	-99	-99	-99	-99	-99	-99	-99	-99
12.08.1990	-99	63.859	-99	-99	-99	-99	-99	-99	-99	-99
13.08.1990	-99	75.854	-99	-99	-99	-99	-99	-99	-99	-99
14.08.1990	-99	74.903	-99	-99	-99	-99	-99	-99	-99	-99
15.08.1990	-99	76.811	-99	-99	-99	-99	-99	-99	-99	-99
16.08.1990	-99	78.743	-99	-99	-99	-99	-99	-99	-99	-99
17.08.1990	-99	84.681	-99	-99	-99	-99	-99	-99	-99	-99
18.08.1990	-99	82.677	-99	-99	-99	-99	-99	-99	-99	-99
19.08.1990	-99	79.717	-99	-99	-99	-99	-99	-99	-99	-99
20.08.1990	-99	74.903	-99	-99	-99	-99	-99	-99	-99	-99
21.08.1990	-99	69.323	-99	-99	-99	-99	-99	-99	-99	-99
22.08.1990	-99	63.859	-99	-99	-99	-99	-99	-99	-99	-99
23.08.1990	-99	58.809	-99	-99	-99	-99	-99	-99	-99	-99
24.08.1990	-99	57.14	-99	-99	-99	-99	-99	-99	-99	-99
25.08.1990	-99	53.875	-99	-99	-99	-99	-99	-99	-99	-99
26.08.1990	-99	52.278	-99	-99	-99	-99	-99	-99	-99	-99
27.08.1990	-99	49.927	-99	-99	-99	-99	-99	-99	-99	-99
28.08.1990	-99	50.705	-99	-99	-99	-99	-99	-99	-99	-99
29.08.1990	-99	52.278	-99	-99	-99	-99	-99	-99	-99	-99
30.08.1990	-99	57.972	-99	-99	-99	-99	-99	-99	-99	-99
31.08.1990	-99	72.869	-99	-99	-99	-99	-99	-99	-99	-99
01.09.1990	-99	82.677	-99	-99	-99	-99	-99	-99	-99	-99
02.09.1990	-99	78.743	-99	-99	-99	-99	-99	-99	-99	-99
03.09.1990	-99	72.869	-99	-99	-99	-99	-99	-99	-99	-99
04.09.1990	-99	68.414	-99	-99	-99	-99	-99	-99	-99	-99
05.09.1990	-99	66.614	-99	-99	-99	-99	-99	-99	-99	-99
06.09.1990	-99	61.357	-99	-99	-99	-99	-99	-99	-99	-99
07.09.1990	-99	55.495	-99	-99	-99	-99	-99	-99	-99	-99
08.09.1990	-99	49.927	-99	-99	-99	-99	-99	-99	-99	-99
09.09.1990	-99	48.39	-99	-99	-99	-99	-99	-99	-99	-99
10.09.1990	-99	46.129	-99	-99	-99	-99	-99	-99	-99	-99
11.09.1990	-99	42.481	-99	-99	-99	-99	-99	-99	-99	-99
12.09.1990	-99	38.982	-99	-99	-99	-99	-99	-99	-99	-99
13.09.1990	-99	38.3	-99	-99	-99	-99	-99	-99	-99	-99
14.09.1990	-99	39.67	-99	-99	-99	-99	-99	-99	-99	-99
15.09.1990	-99	43.922	-99	-99	-99	-99	-99	-99	-99	-99
16.09.1990	-99	41.769	-99	-99	-99	-99	-99	-99	-99	-99
17.09.1990	-99	37.624	-99	-99	-99	-99	-99	-99	-99	-99
18.09.1990	-99	34.335	-99	-99	-99	-99	-99	-99	-99	-99
19.09.1990	-99	31.812	-99	-99	-99	-99	-99	-99	-99	-99
20.09.1990	-99	30.586	-99	-99	-99	-99	-99	-99	-99	-99
21.09.1990	-99	29.982	-99	-99	-99	-99	-99	-99	-99	-99
22.09.1990	-99	27.626	-99	-99	-99	-99	-99	-99	-99	-99
23.09.1990	-99	24.817	-99	-99	-99	-99	-99	-99	-99	-99
24.09.1990	-99	22.677	-99	-99	-99	-99	-99	-99	-99	-99
25.09.1990	-99	20.633	-99	-99	-99	-99	-99	-99	-99	-99
26.09.1990	-99	18.686	-99	-99	-99	-99	-99	-99	-99	-99
27.09.1990	-99	16.835	-99	-99	-99	-99	-99	-99	-99	-99
28.09.1990	-99	18.686	-99	-99	-99	-99	-99	-99	-99	-99
29.09.1990	-99	21.135	-99	-99	-99	-99	-99	-99	-99	-99
30.09.1990	-99	22.157	-99	-99	-99	-99	-99	-99	-99	-99
01.10.1990	-99	21.135	-99	-99	-99	-99	-99	-99	-99	-99
02.10.1990	-99	20.138	-99	-99	-99	-99	-99	-99	-99	-99
03.10.1990	-99	20.633	-99	-99	-99	-99	-99	-99	-99	-99
04.10.1990	-99	24.817	-99	-99	-99	-99	-99	-99	-99	-99
05.10.1990	-99	29.384	-99	-99	-99	-99	-99	-99	-99	-99
06.10.1990	-99	30.586	-99	-99	-99	-99	-99	-99	-99	-99
07.10.1990	-99	28.792	-99	-99	-99	-99	-99	-99	-99	-99
08.10.1990	-99	26.484	-99	-99	-99	-99	-99	-99	-99	-99
09.10.1990	-99	28.792	-99	-99	-99	-99	-99	-99	-99	-99
10.10.1990	-99	40.363	-99	-99	-99	-99	-99	-99	-99	-99
11.10.1990	-99	43.922	-99	-99	-99	-99	-99	-99	-99	-99
12.10.1990	-99	41.635	-99	-99	-99	-99	-99	-99	-99	-99
13.10.1990	-99	41.769	-99	-99	-99	-99	-99	-99	-99	-99
14.10.1990	-99	53.735	-99	-99	-99	-99	-99	-99	-99	-99
15.10.1990	-99	61.357	-99	-99	-99	-99	-99	-99	-99	-99
16.10.1990	-99	64.838	-99	-99	-99	-99	-99	-99	-99	-99
17.10.1990	-99	74.903	-99	-99	-99	-99	-99	-99	-99	-99
18.10.1990	-99	71.159	-99	-99	-99	-99	-99	-99	-99	-99
19.10.1990	-99	61.357	-99	-99	-99	-99	-99	-99	-99	-99
20.10.1990	-99	52.278	-99	-99	-99	-99	-99	-99	-99	-99
21.10.1990	-99	43.922	-99	-99	-99	-99	-99	-99	-99	-99
22.10.1990	-99	37.624	-99	-99	-99	-99	-99	-99	-99	-99
23.10.1990	-99	32.433	-99	-99	-99	-99	-99	-99	-99	-99
24.10.1990	-99	28.206	-99	-99	-99	-99	-99	-99	-99	-99
25.10.1990	-99	24.817	-99	-99	-99	-99	-99	-99	-99	-99
26.10.1990	-99	21.643	-99	-99	-99	-99	-99	-99	-99	-99
27.10.1990	-99	19.164	-99	-99	-99	-99	-99	-99	-99	-99
28.10.1990	-99	17.748	-99	-99	-99	-99	-99	-99	-99	-99
29.10.1990	-99	15.945	-99	-99	-99	-99	-99	-99	-99	-99
30.10.1990	-99	13.826	-99	-99	-99	-99	-99	-99	-99	-99
31.10.1990	-99	12.627	-99	-99	-99	-99	-99	-99	-99	-99
01.11.1990	-99	11.482	-99	-99	-99	-99	-99	-99	-99	-99
02.11.1990	-99	11.112	-99	-99	-99	-99	-99	-99	-99	-99
03.11.1990	-99	10.391	-99	-99	-99	-99	-99	-99	-99	-99
04.11.1990	-99	9.694	-99	-99	-99	-99	-99	-99	-99	-99
05.11.1990	-99	9.213	-99	-99	-99	-99	-99	-99	-99	-99
06.11.1990	-99	8.693	-99	-99	-99	-99	-99	-99	-99	-99
07.11.1990	-99	8.57	-99	-99	-99	-99	-99	-99	-99	-99
08.11.1990	-99	7.747	-99	-99	-99	-99	-99	-99	-99	-99
09.11.1990	-99	7.444	-99	-99	-99	-99	-99	-99	-99	-99
10.11.1990	-99	6.855	-99	-99	-99	-99	-99	-99	-99	-99
11.11.1990	-99	6.57	-99	-99	-99	-99	-99	-99	-99	-99
12.11.1990	-99	6.291	-99	-99	-99	-99	-99	-99	-99	-99
13.11.1990	-99	6.181	-99	-99	-99	-99	-99	-99	-99	-99
14.11.1990	-99	6.291	-99	-99	-99	-99	-99	-99	-99	-99
15.11.1990	-99	6.57	-99	-99	-99	-99	-99	-99	-99	-99
16.11.1990	-99	7.147	-99	-99	-99	-99	-99	-99	-99	-99
17.11.1990	-99	8.57	-99	-99	-99	-99	-99	-99	-99	-99
18.11.1990	-99	8.693	-99	-99	-99	-99	-99	-99	-99	-99
19.11.1990	-99	8.693	-99	-99	-99	-99	-99	-99	-99	-99
20.11.1990	-99	8.693	-99	-99	-99	-99	-99	-99	-99	-99
21.11.1990	-99	8.372	-99	-99	-99	-99	-99	-99	-99	-99
22.11.1990	-99	7.747	-99	-99	-99	-99	-99	-99	-99	-99
23.11.1990	-99	7.444	-99	-99	-99	-99	-99	-99	-99	-99
24.11.1990	-99	7.147	-99	-99	-99	-99	-99	-99	-99	-99
25.11.1990	-99	6.57	-99	-99	-99	-99	-99	-99	-99	-99
26.11.1990	-99	6.291	-99	-99	-99	-99	-99	-99	-99	-99
27.11.1990	-99	6.181	-99	-99	-99	-99	-99	-99	-99	-99
28.11.1990	-99	6.181	-99	-99	-99	-99	-99	-99	-99	-99
29.11.1990	-99	6.291	-99	-99	-99	-99	-99	-99	-99	-99
30.11.1990	-99	6.291	-99	-99	-99	-99	-99	-99	-99	-99
01.12.1990	-99	6.291	-99	-99	-99	-99	-99	-99	-99	-99
02.12.1990	-99	7.444	-99	-99	-99	-99	-99	-99	-99	-99
03.12.1990	-99	20.633	-99	-99	-99	-99	-99	-99	-99	-99
04.12.1990	-99	24.817	-99	-99	-99	-99	-99	-99	-99	-99
05.12.1990	-99	23.735	-99	-99	-99	-99	-99	-99	-99	-99
06.12.1990	-99	23.203	-99	-99	-99	-99	-99	-99	-99	-99
07.12.1990	-99	25.367	-99	-99	-99	-99	-99	-99	-99	-99
08.12.1990	-99	23.203	-99	-99	-99	-99	-99	-99	-99	-99
09.12.1990	-99	20.633	-99	-99	-99	-99	-99	-99	-99	-99
10.12.1990	-99	18.686	-99	-99	-99	-99	-99	-99	-99	-99
11.12.1990	-99	16.387	-99	-99	-99	-99	-99	-99	-99	-99
12.12.1990	-99	15.797	-99	-99	-99	-99	-99	-99	-99	-99
13.12.1990	-99	13.826	-99	-99	-99	-99	-99	-99	-99	-99
14.12.1990	-99	12.627	-99	-99	-99	-99	-99	-99	-99	-99
15.12.1990	-99	11.857	-99	-99	-99	-99	-99	-99	-99	-99
16.12.1990	-99	11.482	-99	-99	-99	-99	-99	-99	-99	-99
17.12.1990	-99	11.482	-99	-99	-99	-99	-99	-99	-99	-99
18.12.1990	-99	11.112	-99	-99	-99	-99	-99	-99	-99	-99
19.12.1990	-99	10.749	-99	-99	-99	-99	-99	-99	-99	-99
20.12.1990	-99	10.391	-99	-99	-99	-99	-99	-99	-99	-99
21.12.1990	-99	10.399	-99	-99	-99	-99	-99	-99	-99	-99
22.12.1990	-99	9.354	-99	-99	-99	-99	-99	-99	-99	-99
23.12.1990	-99	10.399	-99	-99	-99	-99	-99	-99	-99	-99
24.12.1990	-99	12.239	-99	-99	-99	-99	-99	-99	-99	-99
25.12.1990	-99	14.238	-99	-99	-99	-99	-99	-99	-99	-99
26.12.1990	-99	14.655	-99	-99	-99	-99	-99	-99	-99	-99
27.12.1990	-99	13.826	-99	-99	-99	-99	-99	-99	-99	-99
28.12.1990	-99	13.42	-99	-99	-99	-99	-99	-99	-99	-99
29.12.1990	-99	12.627	-99	-99	-99	-99	-99	-99	-99	-99
30.12.1990	-99	12.239	-99	-99	-99	-99	-99	-99	-99	-99
31.12.1990	-99	11.482	-99	-99	-99	-99	-99	-99	-99	-99
01.01.1991	-99	10.391	-99	-99	-99	-99	-99	-99	-99	-99
02.01.1991	-99	10.399	-99	-99	-99	-99	-99	-99	-99	-99
03.01.1991	-99	9.354	-99	-99	-99	-99	-99	-99	-99	-99
04.01.1991	-99	9.213	-99	-99	-99	-99	-99	-99	-99	-99
05.01.1991	-99	8.372	-99	-99	-99	-99	-99	-99	-99	-99
06.01.1991	-99	8.57	-99	-99	-99	-99	-99	-99	-99	-99
07.01.1991	-99	7.444	-99	-99	-99	-99	-99	-99	-99	-99
08.01.1991	-99	7.147	-99	-99	-99	-99	-99	-99	-99	-99
09.01.1991	-99	6.57	-99	-99	-99	-99	-99	-99	-99	-99
10.01.1991	-99	6.181	-99	-99	-99	-99	-99	-99	-99	-99
11.01.1991	-99	5.751	-99	-99	-99	-99	-99	-99	-99	-99
12.01.1991	-99	5.751	-99	-99	-99	-99	-99	-99	-99	-99
13.01.1991	-99	5.489	-99	-99	-99	-99	-99	-99	-99	-99
14.01.1991	-99	5.234	-99	-99	-99	-99	-99	-99	-99	-99
15.01.1991	-99	4.985	-99	-99	-99	-99	-99	-99	-99	-99
16.01.1991	-99	4.742	-99	-99	-99	-99	-99	-99	-99	-99
17.01.1991	-99	4.505	-99	-99	-99	-99	-99	-99	-99	-99
18.01.1991	-99	4.275	-99	-99	-99	-99	-99	-99	-99	-99
19.01.1991	-99	4.275	-99	-99	-99	-99	-99	-99	-99	-99
20.01.1991	-99	4.742	-99	-99	-99	-99	-99	-99	-99	-99
21.01.1991	-99	5.489	-99	-99	-99	-99	-99	-99	-99	-99
22.01.1991	-99	5.751	-99	-99	-99	-99	-99	-99	-99	-99
23.01.1991	-99	5.489	-99	-99	-99	-99	-99	-99	-99	-99
24.01.1991	-99	5.751	-99	-99	-99	-99	-99	-99	-99	-99
25.01.1991	-99	5.751	-99	-99	-99	-99	-99	-99	-99	-99
26.01.1991	-99	5.751	-99	-99	-99	-99	-99	-99	-99	-99
27.01.1991	-99	6.181	-99	-99	-99	-99	-99	-99	-99	-99
28.01.1991	-99	6.181	-99	-99	-99	-99	-99	-99	-99	-99
29.01.1991	-99	5.751	-99	-99	-99	-99	-99	-99	-99	-99
30.01.1991	-99	5.489	-99	-99	-99	-99	-99	-99	-99	-99
31.01.1991	-99	5.234	-99	-99	-99	-99	-99	-99	-99	-99
01.02.1991	-99	5.234	-99	-99	-99	-99	-99	-99	-99	-99
02.02.1991	-99	5.234	-99	-99	-99	-99	-99	-99	-99	-99
03.02.1991	-99	4.985	-99	-99	-99	-99	-99	-99	-99	-99
04.02.1991	-99	4.505	-99	-99	-99	-99	-99	-99	-99	-99
05.02.1991	-99	4.275	-99	-99	-99	-99	-99	-99	-99	-99
06.02.1991	-99	4.502	-99	-99	-99	-99	-99	-99	-99	-99
07.02.1991	-99	4.502	-99	-99	-99	-99	-99	-99	-99	-99
08.02.1991	-99	3.831	-99	-99	-99	-99	-99	-99	-99	-99
09.02.1991	-99	3.831	-99	-99	-99	-99	-99	-99	-99	-99
10.02.1991	-99	3.618	-99	-99	-99	-99	-99	-99	-99	-99
11.02.1991	-99	3.618	-99	-99	-99	-99	-99	-99	-99	-99
12.02.1991	-99	3.618	-99	-99	-99	-99	-99	-99	-99	-99
13.02.1991	-99	3.618	-99	-99	-99	-99	-99	-99	-99	-99
14.02.1991	-99	3.618	-99	-99	-99	-99	-99	-99	-99	-99
15.02.1991	-99	3.618	-99	-99	-99	-99	-99	-99	-99	-99
16.02.1991	-99	3.618	-99	-99	-99	-99	-99	-99	-99	-99
17.02.1991	-99	3.618	-99	-99	-99	-99	-99	-99	-99	-99
18.02.1991	-99	3.618	-99	-99	-99	-99	-99	-99	-99	-99
19.02.1991	-99	3.618	-99	-99	-99	-99	-99	-99	-99	-99
20.02.1991	-99	3.618	-99	-99	-99	-99	-99	-99	-99	-99
21.02.1991	-99	3.618	-99	-99	-99	-99	-99	-99	-99	-99
22.02.1991	-99	3.618	-99	-99	-99	-99	-99	-99	-99	-99
23.02.1991	-99	3.618	-99	-99	-99	-99	-99	-99	-99	-99
24.02.1991	-99	3.618	-99	-99	-99	-99	-99	-99	-99	-99
25.02.1991	-99	4.505	-99	-99	-99	-99	-99	-99	-99	-99
26.02.1991	-99	4.505	-99	-99	-99	-99	-99	-99	-99	-99
27.02.1991	-99	4.505	-99	-99	-99	-99	-99	-99	-99	-99
28.02.1991	-99	4.275	-99	-99	-99	-99	-99	-99	-99	-99
01.03.1991	-99	3.831	-99	-99	-99	-99	-99	-99	-99	-99
02.03.1991	-99	3.618	-99	-99	-99	-99	-99	-99	-99	-99
03.03.1991	-99	3.618	-99	-99	-99	-99	-99	-99	-99	-99
04.03.1991	-99	3.618	-99	-99	-99	-99	-99	-99	-99	-99
05.03.1991	-99	3.618	-99	-99	-99	-99	-99	-99	-99	-99
06.03.1991	-99	3.618	-99	-99	-99	-99	-99	-99	-99	-99
07.03.1991	-99	3.618	-99	-99	-99	-99	-99	-99	-99	-99
08.03.1991	-99	3.618	-99	-99	-99	-99	-99	-99	-99	-99
09.03.1991	-99	3.618	-99	-99	-99	-99	-99	-99	-99	-99
10.03.1991	-99	3.618	-99	-99	-99	-99	-99	-99	-99	-99
11.03.1991	-99	4.502	-99	-99	-99	-99	-99	-99	-99	-99
12.03.1991	-99	4.275	-99	-99	-99	-99	-99	-99	-99	-99
13.03.1991	-99	4.742	-99	-99	-99	-99	-99	-99	-99	-99
14.03.1991	-99	5.751	-99	-99	-99	-99	-99	-99	-99	-99
15.03.1991	-99	6.57	-99	-99	-99	-99	-99	-99	-99	-99
16.03.1991	-99	7.147	-99	-99	-99	-99	-99	-99	-99	-99
17.03.1991	-99	6.855	-99	-99	-99	-99	-99	-99	-99	-99
18.03.1991	-99	6.855	-99	-99	-99	-99	-99	-99	-99	-99
19.03.1991	-99	7.747	-99	-99	-99	-99	-99	-99	-99	-99
20.03.1991	-99	9.694	-99	-99	-99	-99	-99	-99	-99	-99
21.03.1991	-99	10.749	-99	-99	-99	-99	-99	-99	-99	-99
22.03.1991	-99	10.749	-99	-99	-99	-99	-99	-99	-99	-99
23.03.1991	-99	10.391	-99	-99	-99	-99	-99	-99	-99	-99
24.03.1991	-99	9.694	-99	-99	-99	-99	-99	-99	-99	-99
25.03.1991	-99	9.354	-99	-99	-99	-99	-99	-99	-99	-99
26.03.1991	-99	8.693	-99	-99	-99	-99	-99	-99	-99	-99
27.03.1991	-99	8.372	-99	-99	-99	-99	-99	-99	-99	-99
28.03.1991	-99	8.57	-99	-99	-99	-99	-99	-99	-99	-99
29.03.1991	-99	7.747	-99	-99	-99	-99	-99	-99	-99	-99
30.03.1991	-99	7.747	-99	-99	-99	-99	-99	-99	-99	-99
31.03.1991	-99	8.57	-99	-99	-99	-99	-99	-99	-99	-99
01.04.1991	-99	8.372	-99	-99	-99	-99	-99	-99	-99	-99
02.04.1991	-99	8.693	-99	-99	-99	-99	-99	-99	-99	-99
03.04.1991	-99	9.694	-99	-99	-99	-99	-99	-99	-99	-99
04.04.1991	-99	10.391	-99	-99	-99	-99	-99	-99	-99	-99
05.04.1991	-99	10.391	-99	-99	-99	-99	-99	-99	-99	-99
06.04.1991	-99	9.694	-99	-99	-99	-99	-99	-99	-99	-99
07.04.1991	-99	9.694	-99	-99	-99	-99	-99	-99	-99	-99
08.04.1991	-99	9.213	-99	-99	-99	-99	-99	-99	-99	-99
09.04.1991	-99	8.693	-99	-99	-99	-99	-99	-99	-99	-99
10.04.1991	-99	8.372	-99	-99	-99	-99	-99	-99	-99	-99
11.04.1991	-99	8.372	-99	-99	-99	-99	-99	-99	-99	-99
12.04.1991	-99	11.112	-99	-99	-99	-99	-99	-99	-99	-99
13.04.1991	-99	15.945	-99	-99	-99	-99	-99	-99	-99	-99
14.04.1991	-99	17.748	-99	-99	-99	-99	-99	-99	-99	-99
15.04.1991	-99	17.288	-99	-99	-99	-99	-99	-99	-99	-99
16.04.1991	-99	17.748	-99	-99	-99	-99	-99	-99	-99	-99
17.04.1991	-99	17.748	-99	-99	-99	-99	-99	-99	-99	-99
18.04.1991	-99	16.387	-99	-99	-99	-99	-99	-99	-99	-99
19.04.1991	-99	15.797	-99	-99	-99	-99	-99	-99	-99	-99
20.04.1991	-99	13.826	-99	-99	-99	-99	-99	-99	-99	-99
21.04.1991	-99	12.627	-99	-99	-99	-99	-99	-99	-99	-99
22.04.1991	-99	11.857	-99	-99	-99	-99	-99	-99	-99	-99
23.04.1991	-99	11.112	-99	-99	-99	-99	-99	-99	-99	-99
24.04.1991	-99	10.391	-99	-99	-99	-99	-99	-99	-99	-99
25.04.1991	-99	10.399	-99	-99	-99	-99	-99	-99	-99	-99
26.04.1991	-99	9.694	-99	-99	-99	-99	-99	-99	-99	-99
27.04.1991	-99	9.694	-99	-99	-99	-99	-99	-99	-99	-99
28.04.1991	-99	9.354	-99	-99	-99	-99	-99	-99	-99	-99
29.04.1991	-99	9.213	-99	-99	-99	-99	-99	-99	-99	-99
30.04.1991	-99	9.213	-99	-99	-99	-99	-99	-99	-99	-99
01.05.1991	-99	8.693	-99	-99	-99	-99	-99	-99	-99	-99
02.05.1991	-99	8.693	-99	-99	-99	-99	-99	-99	-99	-99
03.05.1991	-99	8.693	-99	-99	-99	-99	-99	-99	-99	-99
04.05.1991	-99	8.693	-99	-99	-99	-99	-99	-99	-99	-99
05.05.1991	-99	8.693	-99	-99	-99	-99	-99	-99	-99	-99
06.05.1991	-99	8.693	-99	-99	-99	-99	-99	-99	-99	-99
07.05.1991	-99	8.372	-99	-99	-99	-99	-99	-99	-99	-99
08.05.1991	-99	8.693	-99	-99	-99	-99	-99	-99	-99	-99
09.05.1991	-99	8.693	-99	-99	-99	-99	-99	-99	-99	-99
10.05.1991	-99	9.213	-99	-99	-99	-99	-99	-99	-99	-99
11.05.1991	-99	9.354	-99	-99	-99	-99	-99	-99	-99	-99
12.05.1991	-99	9.694	-99	-99	-99	-99	-99	-99	-99	-99
13.05.1991	-99	10.391	-99	-99	-99	-99	-99	-99	-99	-99
14.05.1991	-99	11.857	-99	-99	-99	-99	-99	-99	-99	-99
15.05.1991	-99	12.239	-99	-99	-99	-99	-99	-99	-99	-99
16.05.1991	-99	12.239	-99	-99	-99	-99	-99	-99	-99	-99
17.05.1991	-99	11.857	-99	-99	-99	-99	-99	-99	-99	-99
18.05.1991	-99	11.482	-99	-99	-99	-99	-99	-99	-99	-99
19.05.1991	-99	11.482	-99	-99	-99	-99	-99	-99	-99	-99
20.05.1991	-99	13.42	-99	-99	-99	-99	-99	-99	-99	-99
21.05.1991	-99	16.387	-99	-99	-99	-99	-99	-99	-99	-99
22.05.1991	-99	20.633	-99	-99	-99	-99	-99	-99	-99	-99
23.05.1991	-99	21.643	-99	-99	-99	-99	-99	-99	-99	-99
24.05.1991	-99	21.135	-99	-99	-99	-99	-99	-99	-99	-99
25.05.1991	-99	20.633	-99	-99	-99	-99	-99	-99	-99	-99
26.05.1991	-99	19.164	-99	-99	-99	-99	-99	-99	-99	-99
27.05.1991	-99	18.686	-99	-99	-99	-99	-99	-99	-99	-99
28.05.1991	-99	19.164	-99	-99	-99	-99	-99	-99	-99	-99
29.05.1991	-99	20.633	-99	-99	-99	-99	-99	-99	-99	-99
30.05.1991	-99	24.273	-99	-99	-99	-99	-99	-99	-99	-99
31.05.1991	-99	28.206	-99	-99	-99	-99	-99	-99	-99	-99
01.06.1991	-99	28.206	-99	-99	-99	-99	-99	-99	-99	-99
02.06.1991	-99	26.484	-99	-99	-99	-99	-99	-99	-99	-99
03.06.1991	-99	24.817	-99	-99	-99	-99	-99	-99	-99	-99
04.06.1991	-99	22.677	-99	-99	-99	-99	-99	-99	-99	-99
05.06.1991	-99	21.643	-99	-99	-99	-99	-99	-99	-99	-99
06.06.1991	-99	20.633	-99	-99	-99	-99	-99	-99	-99	-99
07.06.1991	-99	19.648	-99	-99	-99	-99	-99	-99	-99	-99
08.06.1991	-99	19.164	-99	-99	-99	-99	-99	-99	-99	-99
09.06.1991	-99	19.164	-99	-99	-99	-99	-99	-99	-99	-99
10.06.1991	-99	19.648	-99	-99	-99	-99	-99	-99	-99	-99
11.06.1991	-99	21.643	-99	-99	-99	-99	-99	-99	-99	-99
12.06.1991	-99	24.817	-99	-99	-99	-99	-99	-99	-99	-99
13.06.1991	-99	28.792	-99	-99	-99	-99	-99	-99	-99	-99
14.06.1991	-99	33.695	-99	-99	-99	-99	-99	-99	-99	-99
15.06.1991	-99	36.954	-99	-99	-99	-99	-99	-99	-99	-99
16.06.1991	-99	38.982	-99	-99	-99	-99	-99	-99	-99	-99
17.06.1991	-99	41.635	-99	-99	-99	-99	-99	-99	-99	-99
18.06.1991	-99	43.198	-99	-99	-99	-99	-99	-99	-99	-99
19.06.1991	-99	46.877	-99	-99	-99	-99	-99	-99	-99	-99
20.06.1991	-99	57.972	-99	-99	-99	-99	-99	-99	-99	-99
21.06.1991	-99	59.652	-99	-99	-99	-99	-99	-99	-99	-99
22.06.1991	-99	55.495	-99	-99	-99	-99	-99	-99	-99	-99
23.06.1991	-99	53.735	-99	-99	-99	-99	-99	-99	-99	-99
24.06.1991	-99	53.875	-99	-99	-99	-99	-99	-99	-99	-99
25.06.1991	-99	53.875	-99	-99	-99	-99	-99	-99	-99	-99
26.06.1991	-99	53.875	-99	-99	-99	-99	-99	-99	-99	-99
27.06.1991	-99	53.875	-99	-99	-99	-99	-99	-99	-99	-99
28.06.1991	-99	52.278	-99	-99	-99	-99	-99	-99	-99	-99
29.06.1991	-99	51.488	-99	-99	-99	-99	-99	-99	-99	-99
30.06.1991	-99	49.155	-99	-99	-99	-99	-99	-99	-99	-99
01.07.1991	-99	47.63	-99	-99	-99	-99	-99	-99	-99	-99
02.07.1991	-99	47.63	-99	-99	-99	-99	-99	-99	-99	-99
03.07.1991	-99	49.927	-99	-99	-99	-99	-99	-99	-99	-99
04.07.1991	-99	57.14	-99	-99	-99	-99	-99	-99	-99	-99
05.07.1991	-99	66.614	-99	-99	-99	-99	-99	-99	-99	-99
06.07.1991	-99	71.159	-99	-99	-99	-99	-99	-99	-99	-99
07.07.1991	-99	74.903	-99	-99	-99	-99	-99	-99	-99	-99
08.07.1991	-99	79.717	-99	-99	-99	-99	-99	-99	-99	-99
09.07.1991	-99	89.793	-99	-99	-99	-99	-99	-99	-99	-99
10.07.1991	-99	108.291	-99	-99	-99	-99	-99	-99	-99	-99
11.07.1991	-99	119.977	-99	-99	-99	-99	-99	-99	-99	-99
12.07.1991	-99	115.231	-99	-99	-99	-99	-99	-99	-99	-99
13.07.1991	-99	112.894	-99	-99	-99	-99	-99	-99	-99	-99
14.07.1991	-99	102.672	-99	-99	-99	-99	-99	-99	-99	-99
15.07.1991	-99	92.932	-99	-99	-99	-99	-99	-99	-99	-99
16.07.1991	-99	83.676	-99	-99	-99	-99	-99	-99	-99	-99
17.07.1991	-99	77.774	-99	-99	-99	-99	-99	-99	-99	-99
18.07.1991	-99	71.159	-99	-99	-99	-99	-99	-99	-99	-99
19.07.1991	-99	66.614	-99	-99	-99	-99	-99	-99	-99	-99
20.07.1991	-99	65.723	-99	-99	-99	-99	-99	-99	-99	-99
21.07.1991	-99	63.959	-99	-99	-99	-99	-99	-99	-99	-99
22.07.1991	-99	61.357	-99	-99	-99	-99	-99	-99	-99	-99
23.07.1991	-99	59.652	-99	-99	-99	-99	-99	-99	-99	-99
24.07.1991	-99	57.14	-99	-99	-99	-99	-99	-99	-99	-99
25.07.1991	-99	55.495	-99	-99	-99	-99	-99	-99	-99	-99
26.07.1991	-99	57.972	-99	-99	-99	-99	-99	-99	-99	-99
27.07.1991	-99	59.652	-99	-99	-99	-99	-99	-99	-99	-99
28.07.1991	-99	61.357	-99	-99	-99	-99	-99	-99	-99	-99
29.07.1991	-99	66.614	-99	-99	-99	-99	-99	-99	-99	-99
30.07.1991	-99	70.238	-99	-99	-99	-99	-99	-99	-99	-99
31.07.1991	-99	73.958	-99	-99	-99	-99	-99	-99	-99	-99
01.08.1991	-99	77.774	-99	-99	-99	-99	-99	-99	-99	-99
02.08.1991	-99	79.717	-99	-99	-99	-99	-99	-99	-99	-99
03.08.1991	-99	80.698	-99	-99	-99	-99	-99	-99	-99	-99
04.08.1991	-99	79.717	-99	-99	-99	-99	-99	-99	-99	-99
05.08.1991	-99	76.811	-99	-99	-99	-99	-99	-99	-99	-99
06.08.1991	-99	73.198	-99	-99	-99	-99	-99	-99	-99	-99
07.08.1991	-99	71.159	-99	-99	-99	-99	-99	-99	-99	-99
08.08.1991	-99	66.614	-99	-99	-99	-99	-99	-99	-99	-99
09.08.1991	-99	61.357	-99	-99	-99	-99	-99	-99	-99	-99
10.08.1991	-99	66.614	-99	-99	-99	-99	-99	-99	-99	-99
11.08.1991	-99	90.833	-99	-99	-99	-99	-99	-99	-99	-99
12.08.1991	-99	100.466	-99	-99	-99	-99	-99	-99	-99	-99
13.08.1991	-99	96.125	-99	-99	-99	-99	-99	-99	-99	-99
14.08.1991	-99	86.708	-99	-99	-99	-99	-99	-99	-99	-99
15.08.1991	-99	80.698	-99	-99	-99	-99	-99	-99	-99	-99
16.08.1991	-99	77.774	-99	-99	-99	-99	-99	-99	-99	-99
17.08.1991	-99	84.681	-99	-99	-99	-99	-99	-99	-99	-99
18.08.1991	-99	81.685	-99	-99	-99	-99	-99	-99	-99	-99
19.08.1991	-99	76.811	-99	-99	-99	-99	-99	-99	-99	-99
20.08.1991	-99	72.869	-99	-99	-99	-99	-99	-99	-99	-99
21.08.1991	-99	66.614	-99	-99	-99	-99	-99	-99	-99	-99
22.08.1991	-99	62.218	-99	-99	-99	-99	-99	-99	-99	-99
23.08.1991	-99	57.972	-99	-99	-99	-99	-99	-99	-99	-99
24.08.1991	-99	58.809	-99	-99	-99	-99	-99	-99	-99	-99
25.08.1991	-99	59.652	-99	-99	-99	-99	-99	-99	-99	-99
26.08.1991	-99	57.972	-99	-99	-99	-99	-99	-99	-99	-99
27.08.1991	-99	52.278	-99	-99	-99	-99	-99	-99	-99	-99
28.08.1991	-99	49.155	-99	-99	-99	-99	-99	-99	-99	-99
29.08.1991	-99	44.652	-99	-99	-99	-99	-99	-99	-99	-99
30.08.1991	-99	41.769	-99	-99	-99	-99	-99	-99	-99	-99
31.08.1991	-99	41.769	-99	-99	-99	-99	-99	-99	-99	-99
01.09.1991	-99	41.769	-99	-99	-99	-99	-99	-99	-99	-99
02.09.1991	-99	41.769	-99	-99	-99	-99	-99	-99	-99	-99
03.09.1991	-99	41.769	-99	-99	-99	-99	-99	-99	-99	-99
04.09.1991	-99	42.481	-99	-99	-99	-99	-99	-99	-99	-99
05.09.1991	-99	45.387	-99	-99	-99	-99	-99	-99	-99	-99
06.09.1991	-99	46.877	-99	-99	-99	-99	-99	-99	-99	-99
07.09.1991	-99	44.652	-99	-99	-99	-99	-99	-99	-99	-99
08.09.1991	-99	43.198	-99	-99	-99	-99	-99	-99	-99	-99
09.09.1991	-99	43.198	-99	-99	-99	-99	-99	-99	-99	-99
10.09.1991	-99	43.198	-99	-99	-99	-99	-99	-99	-99	-99
11.09.1991	-99	52.278	-99	-99	-99	-99	-99	-99	-99	-99
12.09.1991	-99	53.735	-99	-99	-99	-99	-99	-99	-99	-99
13.09.1991	-99	49.927	-99	-99	-99	-99	-99	-99	-99	-99
14.09.1991	-99	57.14	-99	-99	-99	-99	-99	-99	-99	-99
15.09.1991	-99	85.691	-99	-99	-99	-99	-99	-99	-99	-99
16.09.1991	-99	103.784	-99	-99	-99	-99	-99	-99	-99	-99
17.09.1991	-99	88.759	-99	-99	-99	-99	-99	-99	-99	-99
18.09.1991	-99	73.958	-99	-99	-99	-99	-99	-99	-99	-99
19.09.1991	-99	66.614	-99	-99	-99	-99	-99	-99	-99	-99
20.09.1991	-99	63.859	-99	-99	-99	-99	-99	-99	-99	-99
21.09.1991	-99	57.14	-99	-99	-99	-99	-99	-99	-99	-99
22.09.1991	-99	51.488	-99	-99	-99	-99	-99	-99	-99	-99
23.09.1991	-99	53.875	-99	-99	-99	-99	-99	-99	-99	-99
24.09.1991	-99	49.927	-99	-99	-99	-99	-99	-99	-99	-99
25.09.1991	-99	49.927	-99	-99	-99	-99	-99	-99	-99	-99
26.09.1991	-99	50.705	-99	-99	-99	-99	-99	-99	-99	-99
27.09.1991	-99	46.129	-99	-99	-99	-99	-99	-99	-99	-99
28.09.1991	-99	40.363	-99	-99	-99	-99	-99	-99	-99	-99
29.09.1991	-99	34.981	-99	-99	-99	-99	-99	-99	-99	-99
30.09.1991	-99	29.982	-99	-99	-99	-99	-99	-99	-99	-99
01.10.1991	-99	27.529	-99	-99	-99	-99	-99	-99	-99	-99
02.10.1991	-99	23.735	-99	-99	-99	-99	-99	-99	-99	-99
03.10.1991	-99	22.157	-99	-99	-99	-99	-99	-99	-99	-99
04.10.1991	-99	21.643	-99	-99	-99	-99	-99	-99	-99	-99
05.10.1991	-99	21.643	-99	-99	-99	-99	-99	-99	-99	-99
06.10.1991	-99	21.135	-99	-99	-99	-99	-99	-99	-99	-99
07.10.1991	-99	19.648	-99	-99	-99	-99	-99	-99	-99	-99
08.10.1991	-99	18.214	-99	-99	-99	-99	-99	-99	-99	-99
09.10.1991	-99	17.288	-99	-99	-99	-99	-99	-99	-99	-99
10.10.1991	-99	16.835	-99	-99	-99	-99	-99	-99	-99	-99
11.10.1991	-99	16.387	-99	-99	-99	-99	-99	-99	-99	-99
12.10.1991	-99	16.387	-99	-99	-99	-99	-99	-99	-99	-99
13.10.1991	-99	15.945	-99	-99	-99	-99	-99	-99	-99	-99
14.10.1991	-99	15.509	-99	-99	-99	-99	-99	-99	-99	-99
15.10.1991	-99	14.655	-99	-99	-99	-99	-99	-99	-99	-99
16.10.1991	-99	14.238	-99	-99	-99	-99	-99	-99	-99	-99
17.10.1991	-99	13.42	-99	-99	-99	-99	-99	-99	-99	-99
18.10.1991	-99	13.826	-99	-99	-99	-99	-99	-99	-99	-99
19.10.1991	-99	13.826	-99	-99	-99	-99	-99	-99	-99	-99
20.10.1991	-99	13.42	-99	-99	-99	-99	-99	-99	-99	-99
21.10.1991	-99	12.627	-99	-99	-99	-99	-99	-99	-99	-99
22.10.1991	-99	11.482	-99	-99	-99	-99	-99	-99	-99	-99
23.10.1991	-99	11.482	-99	-99	-99	-99	-99	-99	-99	-99
24.10.1991	-99	11.112	-99	-99	-99	-99	-99	-99	-99	-99
25.10.1991	-99	10.749	-99	-99	-99	-99	-99	-99	-99	-99
26.10.1991	-99	10.391	-99	-99	-99	-99	-99	-99	-99	-99
27.10.1991	-99	10.399	-99	-99	-99	-99	-99	-99	-99	-99
28.10.1991	-99	9.694	-99	-99	-99	-99	-99	-99	-99	-99
29.10.1991	-99	9.213	-99	-99	-99	-99	-99	-99	-99	-99
30.10.1991	-99	8.693	-99	-99	-99	-99	-99	-99	-99	-99
31.10.1991	-99	8.372	-99	-99	-99	-99	-99	-99	-99	-99
01.11.1991	-99	7.747	-99	-99	-99	-99	-99	-99	-99	-99
02.11.1991	-99	7.147	-99	-99	-99	-99	-99	-99	-99	-99
03.11.1991	-99	6.855	-99	-99	-99	-99	-99	-99	-99	-99
04.11.1991	-99	6.855	-99	-99	-99	-99	-99	-99	-99	-99
05.11.1991	-99	7.147	-99	-99	-99	-99	-99	-99	-99	-99
06.11.1991	-99	7.747	-99	-99	-99	-99	-99	-99	-99	-99
07.11.1991	-99	7.747	-99	-99	-99	-99	-99	-99	-99	-99
08.11.1991	-99	7.747	-99	-99	-99	-99	-99	-99	-99	-99
09.11.1991	-99	8.57	-99	-99	-99	-99	-99	-99	-99	-99
10.11.1991	-99	8.372	-99	-99	-99	-99	-99	-99	-99	-99
11.11.1991	-99	8.372	-99	-99	-99	-99	-99	-99	-99	-99
12.11.1991	-99	8.693	-99	-99	-99	-99	-99	-99	-99	-99
13.11.1991	-99	8.693	-99	-99	-99	-99	-99	-99	-99	-99
14.11.1991	-99	8.693	-99	-99	-99	-99	-99	-99	-99	-99
15.11.1991	-99	8.372	-99	-99	-99	-99	-99	-99	-99	-99
16.11.1991	-99	8.57	-99	-99	-99	-99	-99	-99	-99	-99
17.11.1991	-99	7.747	-99	-99	-99	-99	-99	-99	-99	-99
18.11.1991	-99	7.147	-99	-99	-99	-99	-99	-99	-99	-99
19.11.1991	-99	6.855	-99	-99	-99	-99	-99	-99	-99	-99
20.11.1991	-99	6.291	-99	-99	-99	-99	-99	-99	-99	-99
21.11.1991	-99	6.181	-99	-99	-99	-99	-99	-99	-99	-99
22.11.1991	-99	7.147	-99	-99	-99	-99	-99	-99	-99	-99
23.11.1991	-99	13.826	-99	-99	-99	-99	-99	-99	-99	-99
24.11.1991	-99	23.735	-99	-99	-99	-99	-99	-99	-99	-99
25.11.1991	-99	28.206	-99	-99	-99	-99	-99	-99	-99	-99
26.11.1991	-99	29.384	-99	-99	-99	-99	-99	-99	-99	-99
27.11.1991	-99	29.982	-99	-99	-99	-99	-99	-99	-99	-99
28.11.1991	-99	28.792	-99	-99	-99	-99	-99	-99	-99	-99
29.11.1991	-99	28.206	-99	-99	-99	-99	-99	-99	-99	-99
30.11.1991	-99	25.923	-99	-99	-99	-99	-99	-99	-99	-99
01.12.1991	-99	24.273	-99	-99	-99	-99	-99	-99	-99	-99
02.12.1991	-99	22.157	-99	-99	-99	-99	-99	-99	-99	-99
03.12.1991	-99	20.138	-99	-99	-99	-99	-99	-99	-99	-99
04.12.1991	-99	19.164	-99	-99	-99	-99	-99	-99	-99	-99
05.12.1991	-99	17.748	-99	-99	-99	-99	-99	-99	-99	-99
06.12.1991	-99	16.387	-99	-99	-99	-99	-99	-99	-99	-99
07.12.1991	-99	14.655	-99	-99	-99	-99	-99	-99	-99	-99
08.12.1991	-99	13.42	-99	-99	-99	-99	-99	-99	-99	-99
09.12.1991	-99	12.239	-99	-99	-99	-99	-99	-99	-99	-99
10.12.1991	-99	11.482	-99	-99	-99	-99	-99	-99	-99	-99
11.12.1991	-99	10.391	-99	-99	-99	-99	-99	-99	-99	-99
12.12.1991	-99	9.354	-99	-99	-99	-99	-99	-99	-99	-99
13.12.1991	-99	13.42	-99	-99	-99	-99	-99	-99	-99	-99
14.12.1991	-99	30.586	-99	-99	-99	-99	-99	-99	-99	-99
15.12.1991	-99	34.335	-99	-99	-99	-99	-99	-99	-99	-99
16.12.1991	-99	31.812	-99	-99	-99	-99	-99	-99	-99	-99
17.12.1991	-99	27.626	-99	-99	-99	-99	-99	-99	-99	-99
18.12.1991	-99	26.484	-99	-99	-99	-99	-99	-99	-99	-99
19.12.1991	-99	24.817	-99	-99	-99	-99	-99	-99	-99	-99
20.12.1991	-99	22.157	-99	-99	-99	-99	-99	-99	-99	-99
21.12.1991	-99	21.135	-99	-99	-99	-99	-99	-99	-99	-99
22.12.1991	-99	19.164	-99	-99	-99	-99	-99	-99	-99	-99
23.12.1991	-99	17.288	-99	-99	-99	-99	-99	-99	-99	-99
24.12.1991	-99	15.945	-99	-99	-99	-99	-99	-99	-99	-99
25.12.1991	-99	15.797	-99	-99	-99	-99	-99	-99	-99	-99
26.12.1991	-99	14.655	-99	-99	-99	-99	-99	-99	-99	-99
27.12.1991	-99	13.42	-99	-99	-99	-99	-99	-99	-99	-99
28.12.1991	-99	13.021	-99	-99	-99	-99	-99	-99	-99	-99
29.12.1991	-99	14.238	-99	-99	-99	-99	-99	-99	-99	-99
30.12.1991	-99	15.797	-99	-99	-99	-99	-99	-99	-99	-99
31.12.1991	-99	14.655	-99	-99	-99	-99	-99	-99	-99	-99
01.01.1992	-99	14.238	-99	-99	-99	-99	-99	-99	-99	-99
02.01.1992	-99	15.509	-99	-99	-99	-99	-99	-99	-99	-99
03.01.1992	-99	19.164	-99	-99	-99	-99	-99	-99	-99	-99
04.01.1992	-99	20.138	-99	-99	-99	-99	-99	-99	-99	-99
05.01.1992	-99	19.648	-99	-99	-99	-99	-99	-99	-99	-99
06.01.1992	-99	18.686	-99	-99	-99	-99	-99	-99	-99	-99
07.01.1992	-99	17.288	-99	-99	-99	-99	-99	-99	-99	-99
08.01.1992	-99	16.387	-99	-99	-99	-99	-99	-99	-99	-99
09.01.1992	-99	15.945	-99	-99	-99	-99	-99	-99	-99	-99
10.01.1992	-99	15.797	-99	-99	-99	-99	-99	-99	-99	-99
11.01.1992	-99	22.157	-99	-99	-99	-99	-99	-99	-99	-99
12.01.1992	-99	30.586	-99	-99	-99	-99	-99	-99	-99	-99
13.01.1992	-99	30.586	-99	-99	-99	-99	-99	-99	-99	-99
14.01.1992	-99	31.196	-99	-99	-99	-99	-99	-99	-99	-99
15.01.1992	-99	33.695	-99	-99	-99	-99	-99	-99	-99	-99
16.01.1992	-99	37.624	-99	-99	-99	-99	-99	-99	-99	-99
17.01.1992	-99	36.954	-99	-99	-99	-99	-99	-99	-99	-99
18.01.1992	-99	34.335	-99	-99	-99	-99	-99	-99	-99	-99
19.01.1992	-99	31.196	-99	-99	-99	-99	-99	-99	-99	-99
20.01.1992	-99	28.206	-99	-99	-99	-99	-99	-99	-99	-99
21.01.1992	-99	24.817	-99	-99	-99	-99	-99	-99	-99	-99
22.01.1992	-99	21.643	-99	-99	-99	-99	-99	-99	-99	-99
23.01.1992	-99	19.164	-99	-99	-99	-99	-99	-99	-99	-99
24.01.1992	-99	17.288	-99	-99	-99	-99	-99	-99	-99	-99
25.01.1992	-99	15.509	-99	-99	-99	-99	-99	-99	-99	-99
26.01.1992	-99	14.238	-99	-99	-99	-99	-99	-99	-99	-99
27.01.1992	-99	13.42	-99	-99	-99	-99	-99	-99	-99	-99
28.01.1992	-99	13.021	-99	-99	-99	-99	-99	-99	-99	-99
29.01.1992	-99	13.42	-99	-99	-99	-99	-99	-99	-99	-99
30.01.1992	-99	13.42	-99	-99	-99	-99	-99	-99	-99	-99
31.01.1992	-99	13.42	-99	-99	-99	-99	-99	-99	-99	-99
01.02.1992	-99	12.627	-99	-99	-99	-99	-99	-99	-99	-99
02.02.1992	-99	12.239	-99	-99	-99	-99	-99	-99	-99	-99
03.02.1992	-99	12.239	-99	-99	-99	-99	-99	-99	-99	-99
04.02.1992	-99	11.857	-99	-99	-99	-99	-99	-99	-99	-99
05.02.1992	-99	11.112	-99	-99	-99	-99	-99	-99	-99	-99
06.02.1992	-99	11.112	-99	-99	-99	-99	-99	-99	-99	-99
07.02.1992	-99	11.857	-99	-99	-99	-99	-99	-99	-99	-99
08.02.1992	-99	14.655	-99	-99	-99	-99	-99	-99	-99	-99
09.02.1992	-99	15.945	-99	-99	-99	-99	-99	-99	-99	-99
10.02.1992	-99	16.387	-99	-99	-99	-99	-99	-99	-99	-99
11.02.1992	-99	16.387	-99	-99	-99	-99	-99	-99	-99	-99
12.02.1992	-99	15.945	-99	-99	-99	-99	-99	-99	-99	-99
13.02.1992	-99	15.797	-99	-99	-99	-99	-99	-99	-99	-99
14.02.1992	-99	15.797	-99	-99	-99	-99	-99	-99	-99	-99
15.02.1992	-99	14.655	-99	-99	-99	-99	-99	-99	-99	-99
16.02.1992	-99	13.021	-99	-99	-99	-99	-99	-99	-99	-99
17.02.1992	-99	11.482	-99	-99	-99	-99	-99	-99	-99	-99
18.02.1992	-99	10.749	-99	-99	-99	-99	-99	-99	-99	-99
19.02.1992	-99	10.399	-99	-99	-99	-99	-99	-99	-99	-99
20.02.1992	-99	9.694	-99	-99	-99	-99	-99	-99	-99	-99
21.02.1992	-99	9.213	-99	-99	-99	-99	-99	-99	-99	-99
22.02.1992	-99	9.213	-99	-99	-99	-99	-99	-99	-99	-99
23.02.1992	-99	9.708	-99	-99	-99	-99	-99	-99	-99	-99
24.02.1992	-99	10.391	-99	-99	-99	-99	-99	-99	-99	-99
25.02.1992	-99	10.749	-99	-99	-99	-99	-99	-99	-99	-99
26.02.1992	-99	10.391	-99	-99	-99	-99	-99	-99	-99	-99
27.02.1992	-99	9.694	-99	-99	-99	-99	-99	-99	-99	-99
28.02.1992	-99	10.399	-99	-99	-99	-99	-99	-99	-99	-99
29.02.1992	-99	10.399	-99	-99	-99	-99	-99	-99	-99	-99
01.03.1992	-99	10.399	-99	-99	-99	-99	-99	-99	-99	-99
02.03.1992	-99	10.399	-99	-99	-99	-99	-99	-99	-99	-99
03.03.1992	-99	10.391	-99	-99	-99	-99	-99	-99	-99	-99
04.03.1992	-99	10.399	-99	-99	-99	-99	-99	-99	-99	-99
05.03.1992	-99	9.694	-99	-99	-99	-99	-99	-99	-99	-99
06.03.1992	-99	10.399	-99	-99	-99	-99	-99	-99	-99	-99
07.03.1992	-99	10.749	-99	-99	-99	-99	-99	-99	-99	-99
08.03.1992	-99	11.482	-99	-99	-99	-99	-99	-99	-99	-99
09.03.1992	-99	11.857	-99	-99	-99	-99	-99	-99	-99	-99
10.03.1992	-99	12.627	-99	-99	-99	-99	-99	-99	-99	-99
11.03.1992	-99	13.42	-99	-99	-99	-99	-99	-99	-99	-99
12.03.1992	-99	13.021	-99	-99	-99	-99	-99	-99	-99	-99
13.03.1992	-99	13.021	-99	-99	-99	-99	-99	-99	-99	-99
14.03.1992	-99	12.627	-99	-99	-99	-99	-99	-99	-99	-99
15.03.1992	-99	11.857	-99	-99	-99	-99	-99	-99	-99	-99
16.03.1992	-99	11.482	-99	-99	-99	-99	-99	-99	-99	-99
17.03.1992	-99	11.112	-99	-99	-99	-99	-99	-99	-99	-99
18.03.1992	-99	12.239	-99	-99	-99	-99	-99	-99	-99	-99
19.03.1992	-99	13.42	-99	-99	-99	-99	-99	-99	-99	-99
20.03.1992	-99	13.826	-99	-99	-99	-99	-99	-99	-99	-99
21.03.1992	-99	13.42	-99	-99	-99	-99	-99	-99	-99	-99
22.03.1992	-99	13.021	-99	-99	-99	-99	-99	-99	-99	-99
23.03.1992	-99	12.627	-99	-99	-99	-99	-99	-99	-99	-99
24.03.1992	-99	12.239	-99	-99	-99	-99	-99	-99	-99	-99
25.03.1992	-99	11.857	-99	-99	-99	-99	-99	-99	-99	-99
26.03.1992	-99	11.482	-99	-99	-99	-99	-99	-99	-99	-99
27.03.1992	-99	10.749	-99	-99	-99	-99	-99	-99	-99	-99
28.03.1992	-99	10.391	-99	-99	-99	-99	-99	-99	-99	-99
29.03.1992	-99	9.694	-99	-99	-99	-99	-99	-99	-99	-99
30.03.1992	-99	9.354	-99	-99	-99	-99	-99	-99	-99	-99
31.03.1992	-99	8.693	-99	-99	-99	-99	-99	-99	-99	-99
01.04.1992	-99	8.57	-99	-99	-99	-99	-99	-99	-99	-99
02.04.1992	-99	7.444	-99	-99	-99	-99	-99	-99	-99	-99
03.04.1992	-99	6.855	-99	-99	-99	-99	-99	-99	-99	-99
04.04.1992	-99	6.291	-99	-99	-99	-99	-99	-99	-99	-99
05.04.1992	-99	6.181	-99	-99	-99	-99	-99	-99	-99	-99
06.04.1992	-99	5.751	-99	-99	-99	-99	-99	-99	-99	-99
07.04.1992	-99	5.489	-99	-99	-99	-99	-99	-99	-99	-99
08.04.1992	-99	5.489	-99	-99	-99	-99	-99	-99	-99	-99
09.04.1992	-99	5.489	-99	-99	-99	-99	-99	-99	-99	-99
10.04.1992	-99	5.489	-99	-99	-99	-99	-99	-99	-99	-99
11.04.1992	-99	6.57	-99	-99	-99	-99	-99	-99	-99	-99
12.04.1992	-99	7.747	-99	-99	-99	-99	-99	-99	-99	-99
13.04.1992	-99	9.354	-99	-99	-99	-99	-99	-99	-99	-99
14.04.1992	-99	10.399	-99	-99	-99	-99	-99	-99	-99	-99
15.04.1992	-99	10.399	-99	-99	-99	-99	-99	-99	-99	-99
16.04.1992	-99	9.694	-99	-99	-99	-99	-99	-99	-99	-99
17.04.1992	-99	9.354	-99	-99	-99	-99	-99	-99	-99	-99
18.04.1992	-99	8.693	-99	-99	-99	-99	-99	-99	-99	-99
19.04.1992	-99	9.213	-99	-99	-99	-99	-99	-99	-99	-99
20.04.1992	-99	8.693	-99	-99	-99	-99	-99	-99	-99	-99
21.04.1992	-99	8.372	-99	-99	-99	-99	-99	-99	-99	-99
22.04.1992	-99	8.57	-99	-99	-99	-99	-99	-99	-99	-99
23.04.1992	-99	7.747	-99	-99	-99	-99	-99	-99	-99	-99
24.04.1992	-99	7.444	-99	-99	-99	-99	-99	-99	-99	-99
25.04.1992	-99	7.147	-99	-99	-99	-99	-99	-99	-99	-99
26.04.1992	-99	7.147	-99	-99	-99	-99	-99	-99	-99	-99
27.04.1992	-99	7.747	-99	-99	-99	-99	-99	-99	-99	-99
28.04.1992	-99	8.372	-99	-99	-99	-99	-99	-99	-99	-99
29.04.1992	-99	9.213	-99	-99	-99	-99	-99	-99	-99	-99
30.04.1992	-99	9.354	-99	-99	-99	-99	-99	-99	-99	-99
01.05.1992	-99	10.399	-99	-99	-99	-99	-99	-99	-99	-99
02.05.1992	-99	10.749	-99	-99	-99	-99	-99	-99	-99	-99
03.05.1992	-99	11.482	-99	-99	-99	-99	-99	-99	-99	-99
04.05.1992	-99	11.857	-99	-99	-99	-99	-99	-99	-99	-99
05.05.1992	-99	13.826	-99	-99	-99	-99	-99	-99	-99	-99
06.05.1992	-99	17.288	-99	-99	-99	-99	-99	-99	-99	-99
07.05.1992	-99	20.138	-99	-99	-99	-99	-99	-99	-99	-99
08.05.1992	-99	22.157	-99	-99	-99	-99	-99	-99	-99	-99
09.05.1992	-99	22.157	-99	-99	-99	-99	-99	-99	-99	-99
10.05.1992	-99	21.135	-99	-99	-99	-99	-99	-99	-99	-99
11.05.1992	-99	19.164	-99	-99	-99	-99	-99	-99	-99	-99
12.05.1992	-99	18.214	-99	-99	-99	-99	-99	-99	-99	-99
13.05.1992	-99	17.288	-99	-99	-99	-99	-99	-99	-99	-99
14.05.1992	-99	17.288	-99	-99	-99	-99	-99	-99	-99	-99
15.05.1992	-99	25.923	-99	-99	-99	-99	-99	-99	-99	-99
16.05.1992	-99	41.769	-99	-99	-99	-99	-99	-99	-99	-99
17.05.1992	-99	46.877	-99	-99	-99	-99	-99	-99	-99	-99
18.05.1992	-99	46.129	-99	-99	-99	-99	-99	-99	-99	-99
19.05.1992	-99	46.129	-99	-99	-99	-99	-99	-99	-99	-99
20.05.1992	-99	53.735	-99	-99	-99	-99	-99	-99	-99	-99
21.05.1992	-99	61.357	-99	-99	-99	-99	-99	-99	-99	-99
22.05.1992	-99	66.614	-99	-99	-99	-99	-99	-99	-99	-99
23.05.1992	-99	81.685	-99	-99	-99	-99	-99	-99	-99	-99
24.05.1992	-99	89.793	-99	-99	-99	-99	-99	-99	-99	-99
25.05.1992	-99	93.99	-99	-99	-99	-99	-99	-99	-99	-99
26.05.1992	-99	97.201	-99	-99	-99	-99	-99	-99	-99	-99
27.05.1992	-99	100.466	-99	-99	-99	-99	-99	-99	-99	-99
28.05.1992	-99	103.784	-99	-99	-99	-99	-99	-99	-99	-99
29.05.1992	-99	110.581	-99	-99	-99	-99	-99	-99	-99	-99
30.05.1992	-99	114.603	-99	-99	-99	-99	-99	-99	-99	-99
31.05.1992	-99	112.894	-99	-99	-99	-99	-99	-99	-99	-99
01.06.1992	-99	111.735	-99	-99	-99	-99	-99	-99	-99	-99
02.06.1992	-99	110.581	-99	-99	-99	-99	-99	-99	-99	-99
03.06.1992	-99	116.409	-99	-99	-99	-99	-99	-99	-99	-99
04.06.1992	-99	126.445	-99	-99	-99	-99	-99	-99	-99	-99
05.06.1992	-99	134.788	-99	-99	-99	-99	-99	-99	-99	-99
06.06.1992	-99	137.339	-99	-99	-99	-99	-99	-99	-99	-99
07.06.1992	-99	136.609	-99	-99	-99	-99	-99	-99	-99	-99
08.06.1992	-99	134.788	-99	-99	-99	-99	-99	-99	-99	-99
09.06.1992	-99	137.339	-99	-99	-99	-99	-99	-99	-99	-99
10.06.1992	-99	137.339	-99	-99	-99	-99	-99	-99	-99	-99
11.06.1992	-99	131.051	-99	-99	-99	-99	-99	-99	-99	-99
12.06.1992	-99	129.756	-99	-99	-99	-99	-99	-99	-99	-99
13.06.1992	-99	124.819	-99	-99	-99	-99	-99	-99	-99	-99
14.06.1992	-99	115.231	-99	-99	-99	-99	-99	-99	-99	-99
15.06.1992	-99	109.433	-99	-99	-99	-99	-99	-99	-99	-99
16.06.1992	-99	107.155	-99	-99	-99	-99	-99	-99	-99	-99
17.06.1992	-99	96.125	-99	-99	-99	-99	-99	-99	-99	-99
18.06.1992	-99	88.759	-99	-99	-99	-99	-99	-99	-99	-99
19.06.1992	-99	79.717	-99	-99	-99	-99	-99	-99	-99	-99
20.06.1992	-99	71.159	-99	-99	-99	-99	-99	-99	-99	-99
21.06.1992	-99	75.854	-99	-99	-99	-99	-99	-99	-99	-99
22.06.1992	-99	73.198	-99	-99	-99	-99	-99	-99	-99	-99
23.06.1992	-99	63.959	-99	-99	-99	-99	-99	-99	-99	-99
24.06.1992	-99	55.495	-99	-99	-99	-99	-99	-99	-99	-99
25.06.1992	-99	50.705	-99	-99	-99	-99	-99	-99	-99	-99
26.06.1992	-99	50.705	-99	-99	-99	-99	-99	-99	-99	-99
27.06.1992	-99	55.495	-99	-99	-99	-99	-99	-99	-99	-99
28.06.1992	-99	63.859	-99	-99	-99	-99	-99	-99	-99	-99
29.06.1992	-99	61.357	-99	-99	-99	-99	-99	-99	-99	-99
30.06.1992	-99	56.315	-99	-99	-99	-99	-99	-99	-99	-99
01.07.1992	-99	50.705	-99	-99	-99	-99	-99	-99	-99	-99
02.07.1992	-99	46.129	-99	-99	-99	-99	-99	-99	-99	-99
03.07.1992	-99	42.481	-99	-99	-99	-99	-99	-99	-99	-99
04.07.1992	-99	38.982	-99	-99	-99	-99	-99	-99	-99	-99
05.07.1992	-99	36.954	-99	-99	-99	-99	-99	-99	-99	-99
06.07.1992	-99	36.954	-99	-99	-99	-99	-99	-99	-99	-99
07.07.1992	-99	38.3	-99	-99	-99	-99	-99	-99	-99	-99
08.07.1992	-99	41.635	-99	-99	-99	-99	-99	-99	-99	-99
09.07.1992	-99	46.129	-99	-99	-99	-99	-99	-99	-99	-99
10.07.1992	-99	51.488	-99	-99	-99	-99	-99	-99	-99	-99
11.07.1992	-99	53.875	-99	-99	-99	-99	-99	-99	-99	-99
12.07.1992	-99	53.875	-99	-99	-99	-99	-99	-99	-99	-99
13.07.1992	-99	54.682	-99	-99	-99	-99	-99	-99	-99	-99
14.07.1992	-99	57.972	-99	-99	-99	-99	-99	-99	-99	-99
15.07.1992	-99	57.972	-99	-99	-99	-99	-99	-99	-99	-99
16.07.1992	-99	57.972	-99	-99	-99	-99	-99	-99	-99	-99
17.07.1992	-99	54.682	-99	-99	-99	-99	-99	-99	-99	-99
18.07.1992	-99	53.875	-99	-99	-99	-99	-99	-99	-99	-99
19.07.1992	-99	56.315	-99	-99	-99	-99	-99	-99	-99	-99
20.07.1992	-99	58.809	-99	-99	-99	-99	-99	-99	-99	-99
21.07.1992	-99	63.859	-99	-99	-99	-99	-99	-99	-99	-99
22.07.1992	-99	70.238	-99	-99	-99	-99	-99	-99	-99	-99
23.07.1992	-99	80.698	-99	-99	-99	-99	-99	-99	-99	-99
24.07.1992	-99	79.717	-99	-99	-99	-99	-99	-99	-99	-99
25.07.1992	-99	83.676	-99	-99	-99	-99	-99	-99	-99	-99
26.07.1992	-99	98.283	-99	-99	-99	-99	-99	-99	-99	-99
27.07.1992	-99	104.902	-99	-99	-99	-99	-99	-99	-99	-99
28.07.1992	-99	97.201	-99	-99	-99	-99	-99	-99	-99	-99
29.07.1992	-99	93.99	-99	-99	-99	-99	-99	-99	-99	-99
30.07.1992	-99	93.99	-99	-99	-99	-99	-99	-99	-99	-99
31.07.1992	-99	98.283	-99	-99	-99	-99	-99	-99	-99	-99
01.08.1992	-99	92.932	-99	-99	-99	-99	-99	-99	-99	-99
02.08.1992	-99	82.677	-99	-99	-99	-99	-99	-99	-99	-99
03.08.1992	-99	78.743	-99	-99	-99	-99	-99	-99	-99	-99
04.08.1992	-99	75.854	-99	-99	-99	-99	-99	-99	-99	-99
05.08.1992	-99	73.958	-99	-99	-99	-99	-99	-99	-99	-99
06.08.1992	-99	74.903	-99	-99	-99	-99	-99	-99	-99	-99
07.08.1992	-99	81.685	-99	-99	-99	-99	-99	-99	-99	-99
08.08.1992	-99	81.685	-99	-99	-99	-99	-99	-99	-99	-99
09.08.1992	-99	74.903	-99	-99	-99	-99	-99	-99	-99	-99
10.08.1992	-99	69.323	-99	-99	-99	-99	-99	-99	-99	-99
11.08.1992	-99	71.159	-99	-99	-99	-99	-99	-99	-99	-99
12.08.1992	-99	72.869	-99	-99	-99	-99	-99	-99	-99	-99
13.08.1992	-99	66.614	-99	-99	-99	-99	-99	-99	-99	-99
14.08.1992	-99	63.859	-99	-99	-99	-99	-99	-99	-99	-99
15.08.1992	-99	66.614	-99	-99	-99	-99	-99	-99	-99	-99
16.08.1992	-99	66.614	-99	-99	-99	-99	-99	-99	-99	-99
17.08.1992	-99	67.511	-99	-99	-99	-99	-99	-99	-99	-99
18.08.1992	-99	69.323	-99	-99	-99	-99	-99	-99	-99	-99
19.08.1992	-99	65.723	-99	-99	-99	-99	-99	-99	-99	-99
20.08.1992	-99	58.809	-99	-99	-99	-99	-99	-99	-99	-99
21.08.1992	-99	53.735	-99	-99	-99	-99	-99	-99	-99	-99
22.08.1992	-99	47.63	-99	-99	-99	-99	-99	-99	-99	-99
23.08.1992	-99	44.652	-99	-99	-99	-99	-99	-99	-99	-99
24.08.1992	-99	49.155	-99	-99	-99	-99	-99	-99	-99	-99
25.08.1992	-99	54.682	-99	-99	-99	-99	-99	-99	-99	-99
26.08.1992	-99	52.278	-99	-99	-99	-99	-99	-99	-99	-99
27.08.1992	-99	50.705	-99	-99	-99	-99	-99	-99	-99	-99
28.08.1992	-99	47.63	-99	-99	-99	-99	-99	-99	-99	-99
29.08.1992	-99	45.387	-99	-99	-99	-99	-99	-99	-99	-99
30.08.1992	-99	44.652	-99	-99	-99	-99	-99	-99	-99	-99
31.08.1992	-99	42.481	-99	-99	-99	-99	-99	-99	-99	-99
01.09.1992	-99	41.635	-99	-99	-99	-99	-99	-99	-99	-99
02.09.1992	-99	38.3	-99	-99	-99	-99	-99	-99	-99	-99
03.09.1992	-99	35.633	-99	-99	-99	-99	-99	-99	-99	-99
04.09.1992	-99	33.618	-99	-99	-99	-99	-99	-99	-99	-99
05.09.1992	-99	30.586	-99	-99	-99	-99	-99	-99	-99	-99
06.09.1992	-99	27.626	-99	-99	-99	-99	-99	-99	-99	-99
07.09.1992	-99	25.367	-99	-99	-99	-99	-99	-99	-99	-99
08.09.1992	-99	23.203	-99	-99	-99	-99	-99	-99	-99	-99
09.09.1992	-99	22.157	-99	-99	-99	-99	-99	-99	-99	-99
10.09.1992	-99	22.157	-99	-99	-99	-99	-99	-99	-99	-99
11.09.1992	-99	22.157	-99	-99	-99	-99	-99	-99	-99	-99
12.09.1992	-99	23.203	-99	-99	-99	-99	-99	-99	-99	-99
13.09.1992	-99	25.367	-99	-99	-99	-99	-99	-99	-99	-99
14.09.1992	-99	26.484	-99	-99	-99	-99	-99	-99	-99	-99
15.09.1992	-99	26.484	-99	-99	-99	-99	-99	-99	-99	-99
16.09.1992	-99	25.923	-99	-99	-99	-99	-99	-99	-99	-99
17.09.1992	-99	27.626	-99	-99	-99	-99	-99	-99	-99	-99
18.09.1992	-99	26.484	-99	-99	-99	-99	-99	-99	-99	-99
19.09.1992	-99	24.817	-99	-99	-99	-99	-99	-99	-99	-99
20.09.1992	-99	23.735	-99	-99	-99	-99	-99	-99	-99	-99
21.09.1992	-99	23.203	-99	-99	-99	-99	-99	-99	-99	-99
22.09.1992	-99	23.203	-99	-99	-99	-99	-99	-99	-99	-99
23.09.1992	-99	27.529	-99	-99	-99	-99	-99	-99	-99	-99
24.09.1992	-99	35.633	-99	-99	-99	-99	-99	-99	-99	-99
25.09.1992	-99	41.769	-99	-99	-99	-99	-99	-99	-99	-99
26.09.1992	-99	48.39	-99	-99	-99	-99	-99	-99	-99	-99
27.09.1992	-99	49.927	-99	-99	-99	-99	-99	-99	-99	-99
28.09.1992	-99	46.877	-99	-99	-99	-99	-99	-99	-99	-99
29.09.1992	-99	43.198	-99	-99	-99	-99	-99	-99	-99	-99
30.09.1992	-99	40.363	-99	-99	-99	-99	-99	-99	-99	-99
01.10.1992	-99	36.954	-99	-99	-99	-99	-99	-99	-99	-99
02.10.1992	-99	33.618	-99	-99	-99	-99	-99	-99	-99	-99
03.10.1992	-99	29.982	-99	-99	-99	-99	-99	-99	-99	-99
04.10.1992	-99	27.529	-99	-99	-99	-99	-99	-99	-99	-99
05.10.1992	-99	24.273	-99	-99	-99	-99	-99	-99	-99	-99
06.10.1992	-99	21.643	-99	-99	-99	-99	-99	-99	-99	-99
07.10.1992	-99	19.648	-99	-99	-99	-99	-99	-99	-99	-99
08.10.1992	-99	28.792	-99	-99	-99	-99	-99	-99	-99	-99
09.10.1992	-99	63.859	-99	-99	-99	-99	-99	-99	-99	-99
10.10.1992	-99	63.859	-99	-99	-99	-99	-99	-99	-99	-99
11.10.1992	-99	57.972	-99	-99	-99	-99	-99	-99	-99	-99
12.10.1992	-99	50.705	-99	-99	-99	-99	-99	-99	-99	-99
13.10.1992	-99	43.922	-99	-99	-99	-99	-99	-99	-99	-99
14.10.1992	-99	38.982	-99	-99	-99	-99	-99	-99	-99	-99
15.10.1992	-99	34.335	-99	-99	-99	-99	-99	-99	-99	-99
16.10.1992	-99	28.792	-99	-99	-99	-99	-99	-99	-99	-99
17.10.1992	-99	25.367	-99	-99	-99	-99	-99	-99	-99	-99
18.10.1992	-99	22.157	-99	-99	-99	-99	-99	-99	-99	-99
19.10.1992	-99	19.648	-99	-99	-99	-99	-99	-99	-99	-99
20.10.1992	-99	17.748	-99	-99	-99	-99	-99	-99	-99	-99
21.10.1992	-99	15.945	-99	-99	-99	-99	-99	-99	-99	-99
22.10.1992	-99	14.238	-99	-99	-99	-99	-99	-99	-99	-99
23.10.1992	-99	13.021	-99	-99	-99	-99	-99	-99	-99	-99
24.10.1992	-99	11.482	-99	-99	-99	-99	-99	-99	-99	-99
25.10.1992	-99	10.749	-99	-99	-99	-99	-99	-99	-99	-99
26.10.1992	-99	9.694	-99	-99	-99	-99	-99	-99	-99	-99
27.10.1992	-99	9.354	-99	-99	-99	-99	-99	-99	-99	-99
28.10.1992	-99	8.372	-99	-99	-99	-99	-99	-99	-99	-99
29.10.1992	-99	7.747	-99	-99	-99	-99	-99	-99	-99	-99
30.10.1992	-99	7.147	-99	-99	-99	-99	-99	-99	-99	-99
31.10.1992	-99	6.855	-99	-99	-99	-99	-99	-99	-99	-99
01.11.1992	-99	6.291	-99	-99	-99	-99	-99	-99	-99	-99
02.11.1992	-99	6.291	-99	-99	-99	-99	-99	-99	-99	-99
03.11.1992	-99	6.291	-99	-99	-99	-99	-99	-99	-99	-99
04.11.1992	-99	6.291	-99	-99	-99	-99	-99	-99	-99	-99
05.11.1992	-99	6.57	-99	-99	-99	-99	-99	-99	-99	-99
06.11.1992	-99	10.399	-99	-99	-99	-99	-99	-99	-99	-99
07.11.1992	-99	22.677	-99	-99	-99	-99	-99	-99	-99	-99
08.11.1992	-99	23.735	-99	-99	-99	-99	-99	-99	-99	-99
09.11.1992	-99	22.157	-99	-99	-99	-99	-99	-99	-99	-99
10.11.1992	-99	20.633	-99	-99	-99	-99	-99	-99	-99	-99
11.11.1992	-99	19.164	-99	-99	-99	-99	-99	-99	-99	-99
12.11.1992	-99	17.748	-99	-99	-99	-99	-99	-99	-99	-99
13.11.1992	-99	15.945	-99	-99	-99	-99	-99	-99	-99	-99
14.11.1992	-99	15.509	-99	-99	-99	-99	-99	-99	-99	-99
15.11.1992	-99	14.238	-99	-99	-99	-99	-99	-99	-99	-99
16.11.1992	-99	13.021	-99	-99	-99	-99	-99	-99	-99	-99
17.11.1992	-99	11.857	-99	-99	-99	-99	-99	-99	-99	-99
18.11.1992	-99	10.749	-99	-99	-99	-99	-99	-99	-99	-99
19.11.1992	-99	10.399	-99	-99	-99	-99	-99	-99	-99	-99
20.11.1992	-99	9.354	-99	-99	-99	-99	-99	-99	-99	-99
21.11.1992	-99	9.213	-99	-99	-99	-99	-99	-99	-99	-99
22.11.1992	-99	8.372	-99	-99	-99	-99	-99	-99	-99	-99
23.11.1992	-99	7.747	-99	-99	-99	-99	-99	-99	-99	-99
24.11.1992	-99	7.747	-99	-99	-99	-99	-99	-99	-99	-99
25.11.1992	-99	8.57	-99	-99	-99	-99	-99	-99	-99	-99
26.11.1992	-99	7.747	-99	-99	-99	-99	-99	-99	-99	-99
27.11.1992	-99	7.444	-99	-99	-99	-99	-99	-99	-99	-99
28.11.1992	-99	7.444	-99	-99	-99	-99	-99	-99	-99	-99
29.11.1992	-99	7.147	-99	-99	-99	-99	-99	-99	-99	-99
30.11.1992	-99	6.855	-99	-99	-99	-99	-99	-99	-99	-99
01.12.1992	-99	7.147	-99	-99	-99	-99	-99	-99	-99	-99
02.12.1992	-99	8.372	-99	-99	-99	-99	-99	-99	-99	-99
03.12.1992	-99	9.354	-99	-99	-99	-99	-99	-99	-99	-99
04.12.1992	-99	10.399	-99	-99	-99	-99	-99	-99	-99	-99
05.12.1992	-99	9.694	-99	-99	-99	-99	-99	-99	-99	-99
06.12.1992	-99	9.354	-99	-99	-99	-99	-99	-99	-99	-99
07.12.1992	-99	9.213	-99	-99	-99	-99	-99	-99	-99	-99
08.12.1992	-99	8.372	-99	-99	-99	-99	-99	-99	-99	-99
09.12.1992	-99	8.57	-99	-99	-99	-99	-99	-99	-99	-99
10.12.1992	-99	7.444	-99	-99	-99	-99	-99	-99	-99	-99
11.12.1992	-99	9.213	-99	-99	-99	-99	-99	-99	-99	-99
12.12.1992	-99	10.399	-99	-99	-99	-99	-99	-99	-99	-99
13.12.1992	-99	10.399	-99	-99	-99	-99	-99	-99	-99	-99
14.12.1992	-99	10.399	-99	-99	-99	-99	-99	-99	-99	-99
15.12.1992	-99	14.655	-99	-99	-99	-99	-99	-99	-99	-99
16.12.1992	-99	21.643	-99	-99	-99	-99	-99	-99	-99	-99
17.12.1992	-99	23.735	-99	-99	-99	-99	-99	-99	-99	-99
18.12.1992	-99	22.677	-99	-99	-99	-99	-99	-99	-99	-99
19.12.1992	-99	25.367	-99	-99	-99	-99	-99	-99	-99	-99
20.12.1992	-99	25.367	-99	-99	-99	-99	-99	-99	-99	-99
21.12.1992	-99	22.677	-99	-99	-99	-99	-99	-99	-99	-99
22.12.1992	-99	20.633	-99	-99	-99	-99	-99	-99	-99	-99
23.12.1992	-99	18.214	-99	-99	-99	-99	-99	-99	-99	-99
24.12.1992	-99	16.835	-99	-99	-99	-99	-99	-99	-99	-99
25.12.1992	-99	15.797	-99	-99	-99	-99	-99	-99	-99	-99
26.12.1992	-99	15.797	-99	-99	-99	-99	-99	-99	-99	-99
27.12.1992	-99	14.238	-99	-99	-99	-99	-99	-99	-99	-99
28.12.1992	-99	13.021	-99	-99	-99	-99	-99	-99	-99	-99
29.12.1992	-99	12.239	-99	-99	-99	-99	-99	-99	-99	-99
30.12.1992	-99	11.112	-99	-99	-99	-99	-99	-99	-99	-99
31.12.1992	-99	10.391	-99	-99	-99	-99	-99	-99	-99	-99
01.01.1993	-99	9.354	-99	-99	-99	-99	-99	-99	-99	-99
02.01.1993	-99	8.693	-99	-99	-99	-99	-99	-99	-99	-99
03.01.1993	-99	8.372	-99	-99	-99	-99	-99	-99	-99	-99
04.01.1993	-99	7.747	-99	-99	-99	-99	-99	-99	-99	-99
05.01.1993	-99	7.444	-99	-99	-99	-99	-99	-99	-99	-99
06.01.1993	-99	7.747	-99	-99	-99	-99	-99	-99	-99	-99
07.01.1993	-99	8.57	-99	-99	-99	-99	-99	-99	-99	-99
08.01.1993	-99	8.57	-99	-99	-99	-99	-99	-99	-99	-99
09.01.1993	-99	8.372	-99	-99	-99	-99	-99	-99	-99	-99
10.01.1993	-99	8.693	-99	-99	-99	-99	-99	-99	-99	-99
11.01.1993	-99	8.693	-99	-99	-99	-99	-99	-99	-99	-99
12.01.1993	-99	9.213	-99	-99	-99	-99	-99	-99	-99	-99
13.01.1993	-99	9.694	-99	-99	-99	-99	-99	-99	-99	-99
14.01.1993	-99	9.694	-99	-99	-99	-99	-99	-99	-99	-99
15.01.1993	-99	9.694	-99	-99	-99	-99	-99	-99	-99	-99
16.01.1993	-99	10.749	-99	-99	-99	-99	-99	-99	-99	-99
17.01.1993	-99	12.239	-99	-99	-99	-99	-99	-99	-99	-99
18.01.1993	-99	15.945	-99	-99	-99	-99	-99	-99	-99	-99
19.01.1993	-99	17.288	-99	-99	-99	-99	-99	-99	-99	-99
20.01.1993	-99	16.387	-99	-99	-99	-99	-99	-99	-99	-99
21.01.1993	-99	16.387	-99	-99	-99	-99	-99	-99	-99	-99
22.01.1993	-99	17.288	-99	-99	-99	-99	-99	-99	-99	-99
23.01.1993	-99	16.835	-99	-99	-99	-99	-99	-99	-99	-99
24.01.1993	-99	15.509	-99	-99	-99	-99	-99	-99	-99	-99
25.01.1993	-99	14.238	-99	-99	-99	-99	-99	-99	-99	-99
26.01.1993	-99	13.021	-99	-99	-99	-99	-99	-99	-99	-99
27.01.1993	-99	12.627	-99	-99	-99	-99	-99	-99	-99	-99
28.01.1993	-99	11.857	-99	-99	-99	-99	-99	-99	-99	-99
29.01.1993	-99	10.749	-99	-99	-99	-99	-99	-99	-99	-99
30.01.1993	-99	9.694	-99	-99	-99	-99	-99	-99	-99	-99
31.01.1993	-99	9.354	-99	-99	-99	-99	-99	-99	-99	-99
01.02.1993	-99	9.213	-99	-99	-99	-99	-99	-99	-99	-99
02.02.1993	-99	8.693	-99	-99	-99	-99	-99	-99	-99	-99
03.02.1993	-99	9.354	-99	-99	-99	-99	-99	-99	-99	-99
04.02.1993	-99	22.157	-99	-99	-99	-99	-99	-99	-99	-99
05.02.1993	-99	30.289	-99	-99	-99	-99	-99	-99	-99	-99
06.02.1993	-99	28.792	-99	-99	-99	-99	-99	-99	-99	-99
07.02.1993	-99	25.923	-99	-99	-99	-99	-99	-99	-99	-99
08.02.1993	-99	23.735	-99	-99	-99	-99	-99	-99	-99	-99
09.02.1993	-99	21.643	-99	-99	-99	-99	-99	-99	-99	-99
10.02.1993	-99	19.648	-99	-99	-99	-99	-99	-99	-99	-99
11.02.1993	-99	18.214	-99	-99	-99	-99	-99	-99	-99	-99
12.02.1993	-99	16.835	-99	-99	-99	-99	-99	-99	-99	-99
13.02.1993	-99	15.797	-99	-99	-99	-99	-99	-99	-99	-99
14.02.1993	-99	13.826	-99	-99	-99	-99	-99	-99	-99	-99
15.02.1993	-99	13.021	-99	-99	-99	-99	-99	-99	-99	-99
16.02.1993	-99	13.826	-99	-99	-99	-99	-99	-99	-99	-99
17.02.1993	-99	13.42	-99	-99	-99	-99	-99	-99	-99	-99
18.02.1993	-99	13.021	-99	-99	-99	-99	-99	-99	-99	-99
19.02.1993	-99	12.627	-99	-99	-99	-99	-99	-99	-99	-99
20.02.1993	-99	11.857	-99	-99	-99	-99	-99	-99	-99	-99
21.02.1993	-99	11.482	-99	-99	-99	-99	-99	-99	-99	-99
22.02.1993	-99	11.112	-99	-99	-99	-99	-99	-99	-99	-99
23.02.1993	-99	10.399	-99	-99	-99	-99	-99	-99	-99	-99
24.02.1993	-99	9.354	-99	-99	-99	-99	-99	-99	-99	-99
25.02.1993	-99	8.693	-99	-99	-99	-99	-99	-99	-99	-99
26.02.1993	-99	8.693	-99	-99	-99	-99	-99	-99	-99	-99
27.02.1993	-99	8.372	-99	-99	-99	-99	-99	-99	-99	-99
28.02.1993	-99	8.57	-99	-99	-99	-99	-99	-99	-99	-99
01.03.1993	-99	7.444	-99	-99	-99	-99	-99	-99	-99	-99
02.03.1993	-99	6.855	-99	-99	-99	-99	-99	-99	-99	-99
03.03.1993	-99	6.57	-99	-99	-99	-99	-99	-99	-99	-99
04.03.1993	-99	6.291	-99	-99	-99	-99	-99	-99	-99	-99
05.03.1993	-99	6.181	-99	-99	-99	-99	-99	-99	-99	-99
06.03.1993	-99	6.291	-99	-99	-99	-99	-99	-99	-99	-99
07.03.1993	-99	6.181	-99	-99	-99	-99	-99	-99	-99	-99
08.03.1993	-99	5.751	-99	-99	-99	-99	-99	-99	-99	-99
09.03.1993	-99	6.181	-99	-99	-99	-99	-99	-99	-99	-99
10.03.1993	-99	6.291	-99	-99	-99	-99	-99	-99	-99	-99
11.03.1993	-99	6.181	-99	-99	-99	-99	-99	-99	-99	-99
12.03.1993	-99	6.181	-99	-99	-99	-99	-99	-99	-99	-99
13.03.1993	-99	5.751	-99	-99	-99	-99	-99	-99	-99	-99
14.03.1993	-99	5.751	-99	-99	-99	-99	-99	-99	-99	-99
15.03.1993	-99	6.57	-99	-99	-99	-99	-99	-99	-99	-99
16.03.1993	-99	8.372	-99	-99	-99	-99	-99	-99	-99	-99
17.03.1993	-99	9.694	-99	-99	-99	-99	-99	-99	-99	-99
18.03.1993	-99	10.391	-99	-99	-99	-99	-99	-99	-99	-99
19.03.1993	-99	11.112	-99	-99	-99	-99	-99	-99	-99	-99
20.03.1993	-99	11.482	-99	-99	-99	-99	-99	-99	-99	-99
21.03.1993	-99	13.42	-99	-99	-99	-99	-99	-99	-99	-99
22.03.1993	-99	13.42	-99	-99	-99	-99	-99	-99	-99	-99
23.03.1993	-99	13.021	-99	-99	-99	-99	-99	-99	-99	-99
24.03.1993	-99	12.627	-99	-99	-99	-99	-99	-99	-99	-99
25.03.1993	-99	12.627	-99	-99	-99	-99	-99	-99	-99	-99
26.03.1993	-99	11.857	-99	-99	-99	-99	-99	-99	-99	-99
27.03.1993	-99	11.112	-99	-99	-99	-99	-99	-99	-99	-99
28.03.1993	-99	10.391	-99	-99	-99	-99	-99	-99	-99	-99
29.03.1993	-99	9.694	-99	-99	-99	-99	-99	-99	-99	-99
30.03.1993	-99	9.213	-99	-99	-99	-99	-99	-99	-99	-99
31.03.1993	-99	8.372	-99	-99	-99	-99	-99	-99	-99	-99
01.04.1993	-99	8.57	-99	-99	-99	-99	-99	-99	-99	-99
02.04.1993	-99	7.444	-99	-99	-99	-99	-99	-99	-99	-99
03.04.1993	-99	7.444	-99	-99	-99	-99	-99	-99	-99	-99
04.04.1993	-99	7.444	-99	-99	-99	-99	-99	-99	-99	-99
05.04.1993	-99	7.147	-99	-99	-99	-99	-99	-99	-99	-99
06.04.1993	-99	7.147	-99	-99	-99	-99	-99	-99	-99	-99
07.04.1993	-99	6.855	-99	-99	-99	-99	-99	-99	-99	-99
08.04.1993	-99	6.57	-99	-99	-99	-99	-99	-99	-99	-99
09.04.1993	-99	6.57	-99	-99	-99	-99	-99	-99	-99	-99
10.04.1993	-99	6.291	-99	-99	-99	-99	-99	-99	-99	-99
11.04.1993	-99	6.291	-99	-99	-99	-99	-99	-99	-99	-99
12.04.1993	-99	6.181	-99	-99	-99	-99	-99	-99	-99	-99
13.04.1993	-99	6.181	-99	-99	-99	-99	-99	-99	-99	-99
14.04.1993	-99	6.181	-99	-99	-99	-99	-99	-99	-99	-99
15.04.1993	-99	5.751	-99	-99	-99	-99	-99	-99	-99	-99
16.04.1993	-99	5.751	-99	-99	-99	-99	-99	-99	-99	-99
17.04.1993	-99	6.291	-99	-99	-99	-99	-99	-99	-99	-99
18.04.1993	-99	6.855	-99	-99	-99	-99	-99	-99	-99	-99
19.04.1993	-99	7.444	-99	-99	-99	-99	-99	-99	-99	-99
20.04.1993	-99	7.444	-99	-99	-99	-99	-99	-99	-99	-99
21.04.1993	-99	7.147	-99	-99	-99	-99	-99	-99	-99	-99
22.04.1993	-99	7.747	-99	-99	-99	-99	-99	-99	-99	-99
23.04.1993	-99	8.372	-99	-99	-99	-99	-99	-99	-99	-99
24.04.1993	-99	10.391	-99	-99	-99	-99	-99	-99	-99	-99
25.04.1993	-99	17.288	-99	-99	-99	-99	-99	-99	-99	-99
26.04.1993	-99	25.923	-99	-99	-99	-99	-99	-99	-99	-99
27.04.1993	-99	34.335	-99	-99	-99	-99	-99	-99	-99	-99
28.04.1993	-99	43.922	-99	-99	-99	-99	-99	-99	-99	-99
29.04.1993	-99	47.63	-99	-99	-99	-99	-99	-99	-99	-99
30.04.1993	-99	52.278	-99	-99	-99	-99	-99	-99	-99	-99
01.05.1993	-99	63.959	-99	-99	-99	-99	-99	-99	-99	-99
02.05.1993	-99	79.717	-99	-99	-99	-99	-99	-99	-99	-99
03.05.1993	-99	82.677	-99	-99	-99	-99	-99	-99	-99	-99
04.05.1993	-99	74.903	-99	-99	-99	-99	-99	-99	-99	-99
05.05.1993	-99	63.859	-99	-99	-99	-99	-99	-99	-99	-99
06.05.1993	-99	53.875	-99	-99	-99	-99	-99	-99	-99	-99
07.05.1993	-99	47.63	-99	-99	-99	-99	-99	-99	-99	-99
08.05.1993	-99	42.481	-99	-99	-99	-99	-99	-99	-99	-99
09.05.1993	-99	38.982	-99	-99	-99	-99	-99	-99	-99	-99
10.05.1993	-99	37.624	-99	-99	-99	-99	-99	-99	-99	-99
11.05.1993	-99	38.3	-99	-99	-99	-99	-99	-99	-99	-99
12.05.1993	-99	40.363	-99	-99	-99	-99	-99	-99	-99	-99
13.05.1993	-99	41.769	-99	-99	-99	-99	-99	-99	-99	-99
14.05.1993	-99	40.363	-99	-99	-99	-99	-99	-99	-99	-99
15.05.1993	-99	38.3	-99	-99	-99	-99	-99	-99	-99	-99
16.05.1993	-99	41.635	-99	-99	-99	-99	-99	-99	-99	-99
17.05.1993	-99	43.922	-99	-99	-99	-99	-99	-99	-99	-99
18.05.1993	-99	50.705	-99	-99	-99	-99	-99	-99	-99	-99
19.05.1993	-99	62.218	-99	-99	-99	-99	-99	-99	-99	-99
20.05.1993	-99	72.869	-99	-99	-99	-99	-99	-99	-99	-99
21.05.1993	-99	83.676	-99	-99	-99	-99	-99	-99	-99	-99
22.05.1993	-99	101.566	-99	-99	-99	-99	-99	-99	-99	-99
23.05.1993	-99	118.782	-99	-99	-99	-99	-99	-99	-99	-99
24.05.1993	-99	132.26	-99	-99	-99	-99	-99	-99	-99	-99
25.05.1993	-99	131.051	-99	-99	-99	-99	-99	-99	-99	-99
26.05.1993	-99	112.894	-99	-99	-99	-99	-99	-99	-99	-99
27.05.1993	-99	93.99	-99	-99	-99	-99	-99	-99	-99	-99
28.05.1993	-99	79.717	-99	-99	-99	-99	-99	-99	-99	-99
29.05.1993	-99	71.159	-99	-99	-99	-99	-99	-99	-99	-99
30.05.1993	-99	63.859	-99	-99	-99	-99	-99	-99	-99	-99
31.05.1993	-99	57.14	-99	-99	-99	-99	-99	-99	-99	-99
01.06.1993	-99	53.875	-99	-99	-99	-99	-99	-99	-99	-99
02.06.1993	-99	51.488	-99	-99	-99	-99	-99	-99	-99	-99
03.06.1993	-99	47.63	-99	-99	-99	-99	-99	-99	-99	-99
04.06.1993	-99	43.198	-99	-99	-99	-99	-99	-99	-99	-99
05.06.1993	-99	41.769	-99	-99	-99	-99	-99	-99	-99	-99
06.06.1993	-99	44.652	-99	-99	-99	-99	-99	-99	-99	-99
07.06.1993	-99	46.129	-99	-99	-99	-99	-99	-99	-99	-99
08.06.1993	-99	44.652	-99	-99	-99	-99	-99	-99	-99	-99
09.06.1993	-99	44.652	-99	-99	-99	-99	-99	-99	-99	-99
10.06.1993	-99	48.39	-99	-99	-99	-99	-99	-99	-99	-99
11.06.1993	-99	58.809	-99	-99	-99	-99	-99	-99	-99	-99
12.06.1993	-99	68.414	-99	-99	-99	-99	-99	-99	-99	-99
13.06.1993	-99	68.414	-99	-99	-99	-99	-99	-99	-99	-99
14.06.1993	-99	63.959	-99	-99	-99	-99	-99	-99	-99	-99
15.06.1993	-99	57.14	-99	-99	-99	-99	-99	-99	-99	-99
16.06.1993	-99	49.927	-99	-99	-99	-99	-99	-99	-99	-99
17.06.1993	-99	44.652	-99	-99	-99	-99	-99	-99	-99	-99
18.06.1993	-99	40.363	-99	-99	-99	-99	-99	-99	-99	-99
19.06.1993	-99	36.954	-99	-99	-99	-99	-99	-99	-99	-99
20.06.1993	-99	34.981	-99	-99	-99	-99	-99	-99	-99	-99
21.06.1993	-99	34.981	-99	-99	-99	-99	-99	-99	-99	-99
22.06.1993	-99	33.695	-99	-99	-99	-99	-99	-99	-99	-99
23.06.1993	-99	33.618	-99	-99	-99	-99	-99	-99	-99	-99
24.06.1993	-99	31.812	-99	-99	-99	-99	-99	-99	-99	-99
25.06.1993	-99	31.196	-99	-99	-99	-99	-99	-99	-99	-99
26.06.1993	-99	31.812	-99	-99	-99	-99	-99	-99	-99	-99
27.06.1993	-99	33.695	-99	-99	-99	-99	-99	-99	-99	-99
28.06.1993	-99	38.3	-99	-99	-99	-99	-99	-99	-99	-99
29.06.1993	-99	43.198	-99	-99	-99	-99	-99	-99	-99	-99
30.06.1993	-99	48.39	-99	-99	-99	-99	-99	-99	-99	-99
01.07.1993	-99	55.495	-99	-99	-99	-99	-99	-99	-99	-99
02.07.1993	-99	61.357	-99	-99	-99	-99	-99	-99	-99	-99
03.07.1993	-99	64.838	-99	-99	-99	-99	-99	-99	-99	-99
04.07.1993	-99	68.414	-99	-99	-99	-99	-99	-99	-99	-99
05.07.1993	-99	76.811	-99	-99	-99	-99	-99	-99	-99	-99
06.07.1993	-99	82.677	-99	-99	-99	-99	-99	-99	-99	-99
07.07.1993	-99	76.811	-99	-99	-99	-99	-99	-99	-99	-99
08.07.1993	-99	67.511	-99	-99	-99	-99	-99	-99	-99	-99
09.07.1993	-99	61.357	-99	-99	-99	-99	-99	-99	-99	-99
10.07.1993	-99	60.502	-99	-99	-99	-99	-99	-99	-99	-99
11.07.1993	-99	57.14	-99	-99	-99	-99	-99	-99	-99	-99
12.07.1993	-99	55.495	-99	-99	-99	-99	-99	-99	-99	-99
13.07.1993	-99	63.959	-99	-99	-99	-99	-99	-99	-99	-99
14.07.1993	-99	72.869	-99	-99	-99	-99	-99	-99	-99	-99
15.07.1993	-99	78.743	-99	-99	-99	-99	-99	-99	-99	-99
16.07.1993	-99	85.691	-99	-99	-99	-99	-99	-99	-99	-99
17.07.1993	-99	91.88	-99	-99	-99	-99	-99	-99	-99	-99
18.07.1993	-99	92.932	-99	-99	-99	-99	-99	-99	-99	-99
19.07.1993	-99	89.793	-99	-99	-99	-99	-99	-99	-99	-99
20.07.1993	-99	85.691	-99	-99	-99	-99	-99	-99	-99	-99
21.07.1993	-99	83.676	-99	-99	-99	-99	-99	-99	-99	-99
22.07.1993	-99	84.681	-99	-99	-99	-99	-99	-99	-99	-99
23.07.1993	-99	88.759	-99	-99	-99	-99	-99	-99	-99	-99
24.07.1993	-99	89.793	-99	-99	-99	-99	-99	-99	-99	-99
25.07.1993	-99	93.99	-99	-99	-99	-99	-99	-99	-99	-99
26.07.1993	-99	97.201	-99	-99	-99	-99	-99	-99	-99	-99
27.07.1993	-99	98.283	-99	-99	-99	-99	-99	-99	-99	-99
28.07.1993	-99	93.99	-99	-99	-99	-99	-99	-99	-99	-99
29.07.1993	-99	84.681	-99	-99	-99	-99	-99	-99	-99	-99
30.07.1993	-99	77.774	-99	-99	-99	-99	-99	-99	-99	-99
31.07.1993	-99	76.811	-99	-99	-99	-99	-99	-99	-99	-99
01.08.1993	-99	74.903	-99	-99	-99	-99	-99	-99	-99	-99
02.08.1993	-99	73.958	-99	-99	-99	-99	-99	-99	-99	-99
03.08.1993	-99	71.159	-99	-99	-99	-99	-99	-99	-99	-99
04.08.1993	-99	73.958	-99	-99	-99	-99	-99	-99	-99	-99
05.08.1993	-99	77.231	-99	-99	-99	-99	-99	-99	-99	-99
06.08.1993	-99	73.85	-99	-99	-99	-99	-99	-99	-99	-99
07.08.1993	-99	69.575	-99	-99	-99	-99	-99	-99	-99	-99
08.08.1993	-99	66.9	-99	-99	-99	-99	-99	-99	-99	-99
09.08.1993	-99	69.043	-99	-99	-99	-99	-99	-99	-99	-99
10.08.1993	-99	71.302	-99	-99	-99	-99	-99	-99	-99	-99
11.08.1993	-99	71.429	-99	-99	-99	-99	-99	-99	-99	-99
12.08.1993	-99	72.576	-99	-99	-99	-99	-99	-99	-99	-99
13.08.1993	-99	67.666	-99	-99	-99	-99	-99	-99	-99	-99
14.08.1993	-99	61.912	-99	-99	-99	-99	-99	-99	-99	-99
15.08.1993	-99	54.797	-99	-99	-99	-99	-99	-99	-99	-99
16.08.1993	-99	50.102	-99	-99	-99	-99	-99	-99	-99	-99
17.08.1993	-99	48.632	-99	-99	-99	-99	-99	-99	-99	-99
18.08.1993	-99	47.398	-99	-99	-99	-99	-99	-99	-99	-99
19.08.1993	-99	43.814	-99	-99	-99	-99	-99	-99	-99	-99
20.08.1993	-99	40.528	-99	-99	-99	-99	-99	-99	-99	-99
21.08.1993	-99	38.2	-99	-99	-99	-99	-99	-99	-99	-99
22.08.1993	-99	36.482	-99	-99	-99	-99	-99	-99	-99	-99
23.08.1993	-99	35.339	-99	-99	-99	-99	-99	-99	-99	-99
24.08.1993	-99	35.13	-99	-99	-99	-99	-99	-99	-99	-99
25.08.1993	-99	33.644	-99	-99	-99	-99	-99	-99	-99	-99
26.08.1993	-99	31.675	-99	-99	-99	-99	-99	-99	-99	-99
27.08.1993	-99	29.736	-99	-99	-99	-99	-99	-99	-99	-99
28.08.1993	-99	27.788	-99	-99	-99	-99	-99	-99	-99	-99
29.08.1993	-99	27.239	-99	-99	-99	-99	-99	-99	-99	-99
30.08.1993	-99	30.497	-99	-99	-99	-99	-99	-99	-99	-99
31.08.1993	-99	31.274	-99	-99	-99	-99	-99	-99	-99	-99
01.09.1993	-99	31.31	-99	-99	-99	-99	-99	-99	-99	-99
02.09.1993	-99	33.591	-99	-99	-99	-99	-99	-99	-99	-99
03.09.1993	-99	37.52	-99	-99	-99	-99	-99	-99	-99	-99
04.09.1993	-99	37.8	-99	-99	-99	-99	-99	-99	-99	-99
05.09.1993	-99	36.454	-99	-99	-99	-99	-99	-99	-99	-99
06.09.1993	-99	36.363	-99	-99	-99	-99	-99	-99	-99	-99
07.09.1993	-99	35.296	-99	-99	-99	-99	-99	-99	-99	-99
08.09.1993	-99	32.507	-99	-99	-99	-99	-99	-99	-99	-99
09.09.1993	-99	29.658	-99	-99	-99	-99	-99	-99	-99	-99
10.09.1993	-99	27.898	-99	-99	-99	-99	-99	-99	-99	-99
11.09.1993	-99	24.711	-99	-99	-99	-99	-99	-99	-99	-99
12.09.1993	-99	22.702	-99	-99	-99	-99	-99	-99	-99	-99
13.09.1993	-99	20.702	-99	-99	-99	-99	-99	-99	-99	-99
14.09.1993	-99	19.137	-99	-99	-99	-99	-99	-99	-99	-99
15.09.1993	-99	17.276	-99	-99	-99	-99	-99	-99	-99	-99
16.09.1993	-99	15.818	-99	-99	-99	-99	-99	-99	-99	-99
17.09.1993	-99	14.59	-99	-99	-99	-99	-99	-99	-99	-99
18.09.1993	-99	13.553	-99	-99	-99	-99	-99	-99	-99	-99
19.09.1993	-99	12.599	-99	-99	-99	-99	-99	-99	-99	-99
20.09.1993	-99	11.676	-99	-99	-99	-99	-99	-99	-99	-99
21.09.1993	-99	11.145	-99	-99	-99	-99	-99	-99	-99	-99
22.09.1993	-99	11.821	-99	-99	-99	-99	-99	-99	-99	-99
23.09.1993	-99	16.904	-99	-99	-99	-99	-99	-99	-99	-99
24.09.1993	-99	18.745	-99	-99	-99	-99	-99	-99	-99	-99
25.09.1993	-99	18.829	-99	-99	-99	-99	-99	-99	-99	-99
26.09.1993	-99	18.122	-99	-99	-99	-99	-99	-99	-99	-99
27.09.1993	-99	17.119	-99	-99	-99	-99	-99	-99	-99	-99
28.09.1993	-99	16.297	-99	-99	-99	-99	-99	-99	-99	-99
29.09.1993	-99	15.291	-99	-99	-99	-99	-99	-99	-99	-99
30.09.1993	-99	14.545	-99	-99	-99	-99	-99	-99	-99	-99
01.10.1993	-99	13.797	-99	-99	-99	-99	-99	-99	-99	-99
02.10.1993	-99	13.568	-99	-99	-99	-99	-99	-99	-99	-99
03.10.1993	-99	11.899	-99	-99	-99	-99	-99	-99	-99	-99
04.10.1993	-99	11.359	-99	-99	-99	-99	-99	-99	-99	-99
05.10.1993	-99	10.966	-99	-99	-99	-99	-99	-99	-99	-99
06.10.1993	-99	10.966	-99	-99	-99	-99	-99	-99	-99	-99
07.10.1993	-99	10.966	-99	-99	-99	-99	-99	-99	-99	-99
08.10.1993	-99	12.557	-99	-99	-99	-99	-99	-99	-99	-99
09.10.1993	-99	10.966	-99	-99	-99	-99	-99	-99	-99	-99
10.10.1993	-99	10.966	-99	-99	-99	-99	-99	-99	-99	-99
11.10.1993	-99	12.63	-99	-99	-99	-99	-99	-99	-99	-99
12.10.1993	-99	14.529	-99	-99	-99	-99	-99	-99	-99	-99
13.10.1993	-99	13.508	-99	-99	-99	-99	-99	-99	-99	-99
14.10.1993	-99	10.938	-99	-99	-99	-99	-99	-99	-99	-99
15.10.1993	-99	9.587	-99	-99	-99	-99	-99	-99	-99	-99
16.10.1993	-99	8.594	-99	-99	-99	-99	-99	-99	-99	-99
17.10.1993	-99	7.601	-99	-99	-99	-99	-99	-99	-99	-99
18.10.1993	-99	8.49	-99	-99	-99	-99	-99	-99	-99	-99
19.10.1993	-99	8.509	-99	-99	-99	-99	-99	-99	-99	-99
20.10.1993	-99	9.672	-99	-99	-99	-99	-99	-99	-99	-99
21.10.1993	-99	9.833	-99	-99	-99	-99	-99	-99	-99	-99
22.10.1993	-99	9.458	-99	-99	-99	-99	-99	-99	-99	-99
23.10.1993	-99	8.997	-99	-99	-99	-99	-99	-99	-99	-99
24.10.1993	-99	8.719	-99	-99	-99	-99	-99	-99	-99	-99
25.10.1993	-99	9.508	-99	-99	-99	-99	-99	-99	-99	-99
26.10.1993	-99	10.406	-99	-99	-99	-99	-99	-99	-99	-99
27.10.1993	-99	12.336	-99	-99	-99	-99	-99	-99	-99	-99
28.10.1993	-99	13.145	-99	-99	-99	-99	-99	-99	-99	-99
29.10.1993	-99	13.482	-99	-99	-99	-99	-99	-99	-99	-99
30.10.1993	-99	12.418	-99	-99	-99	-99	-99	-99	-99	-99
31.10.1993	-99	11.896	-99	-99	-99	-99	-99	-99	-99	-99
01.11.1993	-99	11.26	-99	-99	-99	-99	-99	-99	-99	-99
02.11.1993	-99	10.597	-99	-99	-99	-99	-99	-99	-99	-99
03.11.1993	-99	9.725	-99	-99	-99	-99	-99	-99	-99	-99
04.11.1993	-99	9.516	-99	-99	-99	-99	-99	-99	-99	-99
05.11.1993	-99	8.503	-99	-99	-99	-99	-99	-99	-99	-99
06.11.1993	-99	8.569	-99	-99	-99	-99	-99	-99	-99	-99
07.11.1993	-99	7.604	-99	-99	-99	-99	-99	-99	-99	-99
08.11.1993	-99	7.178	-99	-99	-99	-99	-99	-99	-99	-99
09.11.1993	-99	6.642	-99	-99	-99	-99	-99	-99	-99	-99
10.11.1993	-99	6.342	-99	-99	-99	-99	-99	-99	-99	-99
11.11.1993	-99	6.377	-99	-99	-99	-99	-99	-99	-99	-99
12.11.1993	-99	5.71	-99	-99	-99	-99	-99	-99	-99	-99
13.11.1993	-99	5.351	-99	-99	-99	-99	-99	-99	-99	-99
14.11.1993	-99	5.175	-99	-99	-99	-99	-99	-99	-99	-99
15.11.1993	-99	4.967	-99	-99	-99	-99	-99	-99	-99	-99
16.11.1993	-99	4.749	-99	-99	-99	-99	-99	-99	-99	-99
17.11.1993	-99	4.614	-99	-99	-99	-99	-99	-99	-99	-99
18.11.1993	-99	4.424	-99	-99	-99	-99	-99	-99	-99	-99
19.11.1993	-99	4.26	-99	-99	-99	-99	-99	-99	-99	-99
20.11.1993	-99	4.126	-99	-99	-99	-99	-99	-99	-99	-99
21.11.1993	-99	4.24	-99	-99	-99	-99	-99	-99	-99	-99
22.11.1993	-99	3.629	-99	-99	-99	-99	-99	-99	-99	-99
23.11.1993	-99	3.514	-99	-99	-99	-99	-99	-99	-99	-99
24.11.1993	-99	3.5	-99	-99	-99	-99	-99	-99	-99	-99
25.11.1993	-99	3.473	-99	-99	-99	-99	-99	-99	-99	-99
26.11.1993	-99	3.473	-99	-99	-99	-99	-99	-99	-99	-99
27.11.1993	-99	3.473	-99	-99	-99	-99	-99	-99	-99	-99
28.11.1993	-99	3.473	-99	-99	-99	-99	-99	-99	-99	-99
29.11.1993	-99	3.473	-99	-99	-99	-99	-99	-99	-99	-99
30.11.1993	-99	3.473	-99	-99	-99	-99	-99	-99	-99	-99
01.12.1993	-99	3.473	-99	-99	-99	-99	-99	-99	-99	-99
02.12.1993	-99	3.473	-99	-99	-99	-99	-99	-99	-99	-99
03.12.1993	-99	3.473	-99	-99	-99	-99	-99	-99	-99	-99
04.12.1993	-99	3.473	-99	-99	-99	-99	-99	-99	-99	-99
05.12.1993	-99	3.473	-99	-99	-99	-99	-99	-99	-99	-99
06.12.1993	-99	3.476	-99	-99	-99	-99	-99	-99	-99	-99
07.12.1993	-99	3.566	-99	-99	-99	-99	-99	-99	-99	-99
08.12.1993	-99	3.554	-99	-99	-99	-99	-99	-99	-99	-99
09.12.1993	-99	3.482	-99	-99	-99	-99	-99	-99	-99	-99
10.12.1993	-99	3.473	-99	-99	-99	-99	-99	-99	-99	-99
11.12.1993	-99	3.473	-99	-99	-99	-99	-99	-99	-99	-99
12.12.1993	-99	3.685	-99	-99	-99	-99	-99	-99	-99	-99
13.12.1993	-99	3.661	-99	-99	-99	-99	-99	-99	-99	-99
14.12.1993	-99	3.61	-99	-99	-99	-99	-99	-99	-99	-99
15.12.1993	-99	3.561	-99	-99	-99	-99	-99	-99	-99	-99
16.12.1993	-99	3.478	-99	-99	-99	-99	-99	-99	-99	-99
17.12.1993	-99	3.473	-99	-99	-99	-99	-99	-99	-99	-99
18.12.1993	-99	3.473	-99	-99	-99	-99	-99	-99	-99	-99
19.12.1993	-99	3.938	-99	-99	-99	-99	-99	-99	-99	-99
20.12.1993	-99	4.617	-99	-99	-99	-99	-99	-99	-99	-99
21.12.1993	-99	3.624	-99	-99	-99	-99	-99	-99	-99	-99
22.12.1993	-99	3.129	-99	-99	-99	-99	-99	-99	-99	-99
23.12.1993	-99	3.624	-99	-99	-99	-99	-99	-99	-99	-99
24.12.1993	-99	4.617	-99	-99	-99	-99	-99	-99	-99	-99
25.12.1993	-99	8.982	-99	-99	-99	-99	-99	-99	-99	-99
26.12.1993	-99	9.587	-99	-99	-99	-99	-99	-99	-99	-99
27.12.1993	-99	10.578	-99	-99	-99	-99	-99	-99	-99	-99
28.12.1993	-99	10.832	-99	-99	-99	-99	-99	-99	-99	-99
29.12.1993	-99	8.982	-99	-99	-99	-99	-99	-99	-99	-99
30.12.1993	-99	4.617	-99	-99	-99	-99	-99	-99	-99	-99
31.12.1993	-99	4.12	-99	-99	-99	-99	-99	-99	-99	-99
01.01.1994	-99	4.12	-99	-99	-99	-99	-99	-99	-99	-99
02.01.1994	-99	4.359	-99	-99	-99	-99	-99	-99	-99	-99
03.01.1994	-99	3.956	-99	-99	-99	-99	-99	-99	-99	-99
04.01.1994	-99	3.872	-99	-99	-99	-99	-99	-99	-99	-99
05.01.1994	-99	3.787	-99	-99	-99	-99	-99	-99	-99	-99
06.01.1994	-99	3.708	-99	-99	-99	-99	-99	-99	-99	-99
07.01.1994	-99	3.624	-99	-99	-99	-99	-99	-99	-99	-99
08.01.1994	-99	3.539	-99	-99	-99	-99	-99	-99	-99	-99
09.01.1994	-99	3.46	-99	-99	-99	-99	-99	-99	-99	-99
10.01.1994	-99	3.376	-99	-99	-99	-99	-99	-99	-99	-99
11.01.1994	-99	3.292	-99	-99	-99	-99	-99	-99	-99	-99
12.01.1994	-99	3.213	-99	-99	-99	-99	-99	-99	-99	-99
13.01.1994	-99	3.129	-99	-99	-99	-99	-99	-99	-99	-99
14.01.1994	-99	3.624	-99	-99	-99	-99	-99	-99	-99	-99
15.01.1994	-99	3.624	-99	-99	-99	-99	-99	-99	-99	-99
16.01.1994	-99	3.624	-99	-99	-99	-99	-99	-99	-99	-99
17.01.1994	-99	3.624	-99	-99	-99	-99	-99	-99	-99	-99
18.01.1994	-99	3.624	-99	-99	-99	-99	-99	-99	-99	-99
19.01.1994	-99	3.624	-99	-99	-99	-99	-99	-99	-99	-99
20.01.1994	-99	3.624	-99	-99	-99	-99	-99	-99	-99	-99
21.01.1994	-99	4.617	-99	-99	-99	-99	-99	-99	-99	-99
22.01.1994	-99	6.606	-99	-99	-99	-99	-99	-99	-99	-99
23.01.1994	-99	7.104	-99	-99	-99	-99	-99	-99	-99	-99
24.01.1994	-99	7.601	-99	-99	-99	-99	-99	-99	-99	-99
25.01.1994	-99	7.104	-99	-99	-99	-99	-99	-99	-99	-99
26.01.1994	-99	6.606	-99	-99	-99	-99	-99	-99	-99	-99
27.01.1994	-99	6.109	-99	-99	-99	-99	-99	-99	-99	-99
28.01.1994	-99	6.109	-99	-99	-99	-99	-99	-99	-99	-99
29.01.1994	-99	6.109	-99	-99	-99	-99	-99	-99	-99	-99
30.01.1994	-99	6.606	-99	-99	-99	-99	-99	-99	-99	-99
31.01.1994	-99	6.606	-99	-99	-99	-99	-99	-99	-99	-99
01.02.1994	-99	6.606	-99	-99	-99	-99	-99	-99	-99	-99
02.02.1994	-99	6.387	-99	-99	-99	-99	-99	-99	-99	-99
03.02.1994	-99	6.173	-99	-99	-99	-99	-99	-99	-99	-99
04.02.1994	-99	5.955	-99	-99	-99	-99	-99	-99	-99	-99
05.02.1994	-99	5.736	-99	-99	-99	-99	-99	-99	-99	-99
06.02.1994	-99	5.517	-99	-99	-99	-99	-99	-99	-99	-99
07.02.1994	-99	5.303	-99	-99	-99	-99	-99	-99	-99	-99
08.02.1994	-99	5.844	-99	-99	-99	-99	-99	-99	-99	-99
09.02.1994	-99	4.865	-99	-99	-99	-99	-99	-99	-99	-99
10.02.1994	-99	4.646	-99	-99	-99	-99	-99	-99	-99	-99
11.02.1994	-99	4.428	-99	-99	-99	-99	-99	-99	-99	-99
12.02.1994	-99	4.214	-99	-99	-99	-99	-99	-99	-99	-99
13.02.1994	-99	3.996	-99	-99	-99	-99	-99	-99	-99	-99
14.02.1994	-99	3.777	-99	-99	-99	-99	-99	-99	-99	-99
15.02.1994	-99	3.564	-99	-99	-99	-99	-99	-99	-99	-99
16.02.1994	-99	3.346	-99	-99	-99	-99	-99	-99	-99	-99
17.02.1994	-99	3.129	-99	-99	-99	-99	-99	-99	-99	-99
18.02.1994	-99	3.401	-99	-99	-99	-99	-99	-99	-99	-99
19.02.1994	-99	2.956	-99	-99	-99	-99	-99	-99	-99	-99
20.02.1994	-99	2.867	-99	-99	-99	-99	-99	-99	-99	-99
21.02.1994	-99	2.783	-99	-99	-99	-99	-99	-99	-99	-99
22.02.1994	-99	2.694	-99	-99	-99	-99	-99	-99	-99	-99
23.02.1994	-99	2.606	-99	-99	-99	-99	-99	-99	-99	-99
24.02.1994	-99	2.522	-99	-99	-99	-99	-99	-99	-99	-99
25.02.1994	-99	2.431	-99	-99	-99	-99	-99	-99	-99	-99
26.02.1994	-99	2.374	-99	-99	-99	-99	-99	-99	-99	-99
27.02.1994	-99	2.323	-99	-99	-99	-99	-99	-99	-99	-99
28.02.1994	-99	2.266	-99	-99	-99	-99	-99	-99	-99	-99
01.03.1994	-99	2.218	-99	-99	-99	-99	-99	-99	-99	-99
02.03.1994	-99	2.149	-99	-99	-99	-99	-99	-99	-99	-99
03.03.1994	-99	2.302	-99	-99	-99	-99	-99	-99	-99	-99
04.03.1994	-99	1.945	-99	-99	-99	-99	-99	-99	-99	-99
05.03.1994	-99	1.934	-99	-99	-99	-99	-99	-99	-99	-99
06.03.1994	-99	2.395	-99	-99	-99	-99	-99	-99	-99	-99
07.03.1994	-99	2.692	-99	-99	-99	-99	-99	-99	-99	-99
08.03.1994	-99	3.662	-99	-99	-99	-99	-99	-99	-99	-99
09.03.1994	-99	3.917	-99	-99	-99	-99	-99	-99	-99	-99
10.03.1994	-99	4.488	-99	-99	-99	-99	-99	-99	-99	-99
11.03.1994	-99	5.304	-99	-99	-99	-99	-99	-99	-99	-99
12.03.1994	-99	5.323	-99	-99	-99	-99	-99	-99	-99	-99
13.03.1994	-99	5.547	-99	-99	-99	-99	-99	-99	-99	-99
14.03.1994	-99	5.376	-99	-99	-99	-99	-99	-99	-99	-99
15.03.1994	-99	5.397	-99	-99	-99	-99	-99	-99	-99	-99
16.03.1994	-99	5.561	-99	-99	-99	-99	-99	-99	-99	-99
17.03.1994	-99	5.497	-99	-99	-99	-99	-99	-99	-99	-99
18.03.1994	-99	5.458	-99	-99	-99	-99	-99	-99	-99	-99
19.03.1994	-99	5.274	-99	-99	-99	-99	-99	-99	-99	-99
20.03.1994	-99	5.694	-99	-99	-99	-99	-99	-99	-99	-99
21.03.1994	-99	4.87	-99	-99	-99	-99	-99	-99	-99	-99
22.03.1994	-99	4.577	-99	-99	-99	-99	-99	-99	-99	-99
23.03.1994	-99	4.546	-99	-99	-99	-99	-99	-99	-99	-99
24.03.1994	-99	4.509	-99	-99	-99	-99	-99	-99	-99	-99
25.03.1994	-99	4.537	-99	-99	-99	-99	-99	-99	-99	-99
26.03.1994	-99	4.387	-99	-99	-99	-99	-99	-99	-99	-99
27.03.1994	-99	4.311	-99	-99	-99	-99	-99	-99	-99	-99
28.03.1994	-99	4.14	-99	-99	-99	-99	-99	-99	-99	-99
29.03.1994	-99	4.11	-99	-99	-99	-99	-99	-99	-99	-99
30.03.1994	-99	4.669	-99	-99	-99	-99	-99	-99	-99	-99
31.03.1994	-99	5.196	-99	-99	-99	-99	-99	-99	-99	-99
01.04.1994	-99	6.957	-99	-99	-99	-99	-99	-99	-99	-99
02.04.1994	-99	8.362	-99	-99	-99	-99	-99	-99	-99	-99
03.04.1994	-99	9.919	-99	-99	-99	-99	-99	-99	-99	-99
04.04.1994	-99	9.23	-99	-99	-99	-99	-99	-99	-99	-99
05.04.1994	-99	9.177	-99	-99	-99	-99	-99	-99	-99	-99
06.04.1994	-99	8.975	-99	-99	-99	-99	-99	-99	-99	-99
07.04.1994	-99	8.646	-99	-99	-99	-99	-99	-99	-99	-99
08.04.1994	-99	8.422	-99	-99	-99	-99	-99	-99	-99	-99
09.04.1994	-99	8.244	-99	-99	-99	-99	-99	-99	-99	-99
10.04.1994	-99	8.337	-99	-99	-99	-99	-99	-99	-99	-99
11.04.1994	-99	7.945	-99	-99	-99	-99	-99	-99	-99	-99
12.04.1994	-99	7.832	-99	-99	-99	-99	-99	-99	-99	-99
13.04.1994	-99	7.97	-99	-99	-99	-99	-99	-99	-99	-99
14.04.1994	-99	8.721	-99	-99	-99	-99	-99	-99	-99	-99
15.04.1994	-99	8.114	-99	-99	-99	-99	-99	-99	-99	-99
16.04.1994	-99	8.176	-99	-99	-99	-99	-99	-99	-99	-99
17.04.1994	-99	8.323	-99	-99	-99	-99	-99	-99	-99	-99
18.04.1994	-99	7.936	-99	-99	-99	-99	-99	-99	-99	-99
19.04.1994	-99	7.705	-99	-99	-99	-99	-99	-99	-99	-99
20.04.1994	-99	7.451	-99	-99	-99	-99	-99	-99	-99	-99
21.04.1994	-99	7.259	-99	-99	-99	-99	-99	-99	-99	-99
22.04.1994	-99	7.301	-99	-99	-99	-99	-99	-99	-99	-99
23.04.1994	-99	7.317	-99	-99	-99	-99	-99	-99	-99	-99
24.04.1994	-99	7.32	-99	-99	-99	-99	-99	-99	-99	-99
25.04.1994	-99	9.509	-99	-99	-99	-99	-99	-99	-99	-99
26.04.1994	-99	14.655	-99	-99	-99	-99	-99	-99	-99	-99
27.04.1994	-99	20.325	-99	-99	-99	-99	-99	-99	-99	-99
28.04.1994	-99	25.61	-99	-99	-99	-99	-99	-99	-99	-99
29.04.1994	-99	35.331	-99	-99	-99	-99	-99	-99	-99	-99
30.04.1994	-99	41.37	-99	-99	-99	-99	-99	-99	-99	-99
01.05.1994	-99	38.771	-99	-99	-99	-99	-99	-99	-99	-99
02.05.1994	-99	34.344	-99	-99	-99	-99	-99	-99	-99	-99
03.05.1994	-99	30.214	-99	-99	-99	-99	-99	-99	-99	-99
04.05.1994	-99	27.637	-99	-99	-99	-99	-99	-99	-99	-99
05.05.1994	-99	27.103	-99	-99	-99	-99	-99	-99	-99	-99
06.05.1994	-99	27.167	-99	-99	-99	-99	-99	-99	-99	-99
07.05.1994	-99	26.917	-99	-99	-99	-99	-99	-99	-99	-99
08.05.1994	-99	28.556	-99	-99	-99	-99	-99	-99	-99	-99
09.05.1994	-99	31.357	-99	-99	-99	-99	-99	-99	-99	-99
10.05.1994	-99	33.264	-99	-99	-99	-99	-99	-99	-99	-99
11.05.1994	-99	33.345	-99	-99	-99	-99	-99	-99	-99	-99
12.05.1994	-99	35.712	-99	-99	-99	-99	-99	-99	-99	-99
13.05.1994	-99	39.855	-99	-99	-99	-99	-99	-99	-99	-99
14.05.1994	-99	42.325	-99	-99	-99	-99	-99	-99	-99	-99
15.05.1994	-99	41.212	-99	-99	-99	-99	-99	-99	-99	-99
16.05.1994	-99	37.291	-99	-99	-99	-99	-99	-99	-99	-99
17.05.1994	-99	33.201	-99	-99	-99	-99	-99	-99	-99	-99
18.05.1994	-99	29.597	-99	-99	-99	-99	-99	-99	-99	-99
19.05.1994	-99	26.97	-99	-99	-99	-99	-99	-99	-99	-99
20.05.1994	-99	24.983	-99	-99	-99	-99	-99	-99	-99	-99
21.05.1994	-99	23.729	-99	-99	-99	-99	-99	-99	-99	-99
22.05.1994	-99	23.138	-99	-99	-99	-99	-99	-99	-99	-99
23.05.1994	-99	22.734	-99	-99	-99	-99	-99	-99	-99	-99
24.05.1994	-99	22.968	-99	-99	-99	-99	-99	-99	-99	-99
25.05.1994	-99	23.511	-99	-99	-99	-99	-99	-99	-99	-99
26.05.1994	-99	23.859	-99	-99	-99	-99	-99	-99	-99	-99
27.05.1994	-99	23.396	-99	-99	-99	-99	-99	-99	-99	-99
28.05.1994	-99	22.41	-99	-99	-99	-99	-99	-99	-99	-99
29.05.1994	-99	21.361	-99	-99	-99	-99	-99	-99	-99	-99
30.05.1994	-99	20.158	-99	-99	-99	-99	-99	-99	-99	-99
31.05.1994	-99	19.659	-99	-99	-99	-99	-99	-99	-99	-99
01.06.1994	-99	21.631	-99	-99	-99	-99	-99	-99	-99	-99
02.06.1994	-99	23.251	-99	-99	-99	-99	-99	-99	-99	-99
03.06.1994	-99	25.478	-99	-99	-99	-99	-99	-99	-99	-99
04.06.1994	-99	29.455	-99	-99	-99	-99	-99	-99	-99	-99
05.06.1994	-99	36.173	-99	-99	-99	-99	-99	-99	-99	-99
06.06.1994	-99	44.261	-99	-99	-99	-99	-99	-99	-99	-99
07.06.1994	-99	46.702	-99	-99	-99	-99	-99	-99	-99	-99
08.06.1994	-99	48.246	-99	-99	-99	-99	-99	-99	-99	-99
09.06.1994	-99	48.63	-99	-99	-99	-99	-99	-99	-99	-99
10.06.1994	-99	45.211	-99	-99	-99	-99	-99	-99	-99	-99
11.06.1994	-99	41.506	-99	-99	-99	-99	-99	-99	-99	-99
12.06.1994	-99	40.924	-99	-99	-99	-99	-99	-99	-99	-99
13.06.1994	-99	49.936	-99	-99	-99	-99	-99	-99	-99	-99
14.06.1994	-99	58.278	-99	-99	-99	-99	-99	-99	-99	-99
15.06.1994	-99	59.479	-99	-99	-99	-99	-99	-99	-99	-99
16.06.1994	-99	53.674	-99	-99	-99	-99	-99	-99	-99	-99
17.06.1994	-99	47.108	-99	-99	-99	-99	-99	-99	-99	-99
18.06.1994	-99	40.917	-99	-99	-99	-99	-99	-99	-99	-99
19.06.1994	-99	36.69	-99	-99	-99	-99	-99	-99	-99	-99
20.06.1994	-99	36.319	-99	-99	-99	-99	-99	-99	-99	-99
21.06.1994	-99	37.163	-99	-99	-99	-99	-99	-99	-99	-99
22.06.1994	-99	42.773	-99	-99	-99	-99	-99	-99	-99	-99
23.06.1994	-99	44.938	-99	-99	-99	-99	-99	-99	-99	-99
24.06.1994	-99	43.884	-99	-99	-99	-99	-99	-99	-99	-99
25.06.1994	-99	44.438	-99	-99	-99	-99	-99	-99	-99	-99
26.06.1994	-99	53.79	-99	-99	-99	-99	-99	-99	-99	-99
27.06.1994	-99	66.778	-99	-99	-99	-99	-99	-99	-99	-99
28.06.1994	-99	77.657	-99	-99	-99	-99	-99	-99	-99	-99
29.06.1994	-99	91.554	-99	-99	-99	-99	-99	-99	-99	-99
30.06.1994	-99	122.451	-99	-99	-99	-99	-99	-99	-99	-99
01.07.1994	-99	132.619	-99	-99	-99	-99	-99	-99	-99	-99
02.07.1994	-99	117.001	-99	-99	-99	-99	-99	-99	-99	-99
03.07.1994	-99	102.719	-99	-99	-99	-99	-99	-99	-99	-99
04.07.1994	-99	96.427	-99	-99	-99	-99	-99	-99	-99	-99
05.07.1994	-99	99.309	-99	-99	-99	-99	-99	-99	-99	-99
06.07.1994	-99	105.497	-99	-99	-99	-99	-99	-99	-99	-99
07.07.1994	-99	109.448	-99	-99	-99	-99	-99	-99	-99	-99
08.07.1994	-99	111.46	-99	-99	-99	-99	-99	-99	-99	-99
09.07.1994	-99	111.894	-99	-99	-99	-99	-99	-99	-99	-99
10.07.1994	-99	110.775	-99	-99	-99	-99	-99	-99	-99	-99
11.07.1994	-99	113.683	-99	-99	-99	-99	-99	-99	-99	-99
12.07.1994	-99	115.639	-99	-99	-99	-99	-99	-99	-99	-99
13.07.1994	-99	126.336	-99	-99	-99	-99	-99	-99	-99	-99
14.07.1994	-99	135.498	-99	-99	-99	-99	-99	-99	-99	-99
15.07.1994	-99	145.382	-99	-99	-99	-99	-99	-99	-99	-99
16.07.1994	-99	151.664	-99	-99	-99	-99	-99	-99	-99	-99
17.07.1994	-99	137.967	-99	-99	-99	-99	-99	-99	-99	-99
18.07.1994	-99	117.954	-99	-99	-99	-99	-99	-99	-99	-99
19.07.1994	-99	103.11	-99	-99	-99	-99	-99	-99	-99	-99
20.07.1994	-99	93.914	-99	-99	-99	-99	-99	-99	-99	-99
21.07.1994	-99	86.973	-99	-99	-99	-99	-99	-99	-99	-99
22.07.1994	-99	82.764	-99	-99	-99	-99	-99	-99	-99	-99
23.07.1994	-99	79.975	-99	-99	-99	-99	-99	-99	-99	-99
24.07.1994	-99	74.884	-99	-99	-99	-99	-99	-99	-99	-99
25.07.1994	-99	70.128	-99	-99	-99	-99	-99	-99	-99	-99
26.07.1994	-99	74.803	-99	-99	-99	-99	-99	-99	-99	-99
27.07.1994	-99	94.406	-99	-99	-99	-99	-99	-99	-99	-99
28.07.1994	-99	112.532	-99	-99	-99	-99	-99	-99	-99	-99
29.07.1994	-99	110.868	-99	-99	-99	-99	-99	-99	-99	-99
30.07.1994	-99	100.791	-99	-99	-99	-99	-99	-99	-99	-99
31.07.1994	-99	93.265	-99	-99	-99	-99	-99	-99	-99	-99
01.08.1994	-99	92.214	-99	-99	-99	-99	-99	-99	-99	-99
02.08.1994	-99	98.325	-99	-99	-99	-99	-99	-99	-99	-99
03.08.1994	-99	108.615	-99	-99	-99	-99	-99	-99	-99	-99
04.08.1994	-99	106.716	-99	-99	-99	-99	-99	-99	-99	-99
05.08.1994	-99	106.302	-99	-99	-99	-99	-99	-99	-99	-99
06.08.1994	-99	116.69	-99	-99	-99	-99	-99	-99	-99	-99
07.08.1994	-99	117.821	-99	-99	-99	-99	-99	-99	-99	-99
08.08.1994	-99	104.582	-99	-99	-99	-99	-99	-99	-99	-99
09.08.1994	-99	90.63	-99	-99	-99	-99	-99	-99	-99	-99
10.08.1994	-99	79.474	-99	-99	-99	-99	-99	-99	-99	-99
11.08.1994	-99	70.49	-99	-99	-99	-99	-99	-99	-99	-99
12.08.1994	-99	64.676	-99	-99	-99	-99	-99	-99	-99	-99
13.08.1994	-99	64.999	-99	-99	-99	-99	-99	-99	-99	-99
14.08.1994	-99	69.213	-99	-99	-99	-99	-99	-99	-99	-99
15.08.1994	-99	64.802	-99	-99	-99	-99	-99	-99	-99	-99
16.08.1994	-99	57.588	-99	-99	-99	-99	-99	-99	-99	-99
17.08.1994	-99	50.635	-99	-99	-99	-99	-99	-99	-99	-99
18.08.1994	-99	45.291	-99	-99	-99	-99	-99	-99	-99	-99
19.08.1994	-99	42.19	-99	-99	-99	-99	-99	-99	-99	-99
20.08.1994	-99	40.87	-99	-99	-99	-99	-99	-99	-99	-99
21.08.1994	-99	39.904	-99	-99	-99	-99	-99	-99	-99	-99
22.08.1994	-99	39.566	-99	-99	-99	-99	-99	-99	-99	-99
23.08.1994	-99	37.996	-99	-99	-99	-99	-99	-99	-99	-99
24.08.1994	-99	37.211	-99	-99	-99	-99	-99	-99	-99	-99
25.08.1994	-99	37.16	-99	-99	-99	-99	-99	-99	-99	-99
26.08.1994	-99	38.68	-99	-99	-99	-99	-99	-99	-99	-99
27.08.1994	-99	41.85	-99	-99	-99	-99	-99	-99	-99	-99
28.08.1994	-99	44.786	-99	-99	-99	-99	-99	-99	-99	-99
29.08.1994	-99	42.544	-99	-99	-99	-99	-99	-99	-99	-99
30.08.1994	-99	40.208	-99	-99	-99	-99	-99	-99	-99	-99
31.08.1994	-99	37.624	-99	-99	-99	-99	-99	-99	-99	-99
01.09.1994	-99	34.161	-99	-99	-99	-99	-99	-99	-99	-99
02.09.1994	-99	31.679	-99	-99	-99	-99	-99	-99	-99	-99
03.09.1994	-99	28.636	-99	-99	-99	-99	-99	-99	-99	-99
04.09.1994	-99	27.695	-99	-99	-99	-99	-99	-99	-99	-99
05.09.1994	-99	26.663	-99	-99	-99	-99	-99	-99	-99	-99
06.09.1994	-99	25.778	-99	-99	-99	-99	-99	-99	-99	-99
07.09.1994	-99	26.274	-99	-99	-99	-99	-99	-99	-99	-99
08.09.1994	-99	26.315	-99	-99	-99	-99	-99	-99	-99	-99
09.09.1994	-99	26.315	-99	-99	-99	-99	-99	-99	-99	-99
10.09.1994	-99	25.537	-99	-99	-99	-99	-99	-99	-99	-99
11.09.1994	-99	23.997	-99	-99	-99	-99	-99	-99	-99	-99
12.09.1994	-99	22.987	-99	-99	-99	-99	-99	-99	-99	-99
13.09.1994	-99	21.935	-99	-99	-99	-99	-99	-99	-99	-99
14.09.1994	-99	20.847	-99	-99	-99	-99	-99	-99	-99	-99
15.09.1994	-99	19.866	-99	-99	-99	-99	-99	-99	-99	-99
16.09.1994	-99	18.897	-99	-99	-99	-99	-99	-99	-99	-99
17.09.1994	-99	17.553	-99	-99	-99	-99	-99	-99	-99	-99
18.09.1994	-99	16.375	-99	-99	-99	-99	-99	-99	-99	-99
19.09.1994	-99	15.37	-99	-99	-99	-99	-99	-99	-99	-99
20.09.1994	-99	14.483	-99	-99	-99	-99	-99	-99	-99	-99
21.09.1994	-99	13.674	-99	-99	-99	-99	-99	-99	-99	-99
22.09.1994	-99	13.289	-99	-99	-99	-99	-99	-99	-99	-99
23.09.1994	-99	12.902	-99	-99	-99	-99	-99	-99	-99	-99
24.09.1994	-99	16.551	-99	-99	-99	-99	-99	-99	-99	-99
25.09.1994	-99	22.552	-99	-99	-99	-99	-99	-99	-99	-99
26.09.1994	-99	23.76	-99	-99	-99	-99	-99	-99	-99	-99
27.09.1994	-99	24.425	-99	-99	-99	-99	-99	-99	-99	-99
28.09.1994	-99	26.825	-99	-99	-99	-99	-99	-99	-99	-99
29.09.1994	-99	26.76	-99	-99	-99	-99	-99	-99	-99	-99
30.09.1994	-99	24.472	-99	-99	-99	-99	-99	-99	-99	-99
01.10.1994	-99	22.338	-99	-99	-99	-99	-99	-99	-99	-99
02.10.1994	-99	20.932	-99	-99	-99	-99	-99	-99	-99	-99
03.10.1994	-99	19.437	-99	-99	-99	-99	-99	-99	-99	-99
04.10.1994	-99	18.526	-99	-99	-99	-99	-99	-99	-99	-99
05.10.1994	-99	17.66	-99	-99	-99	-99	-99	-99	-99	-99
06.10.1994	-99	17.713	-99	-99	-99	-99	-99	-99	-99	-99
07.10.1994	-99	35.469	-99	-99	-99	-99	-99	-99	-99	-99
08.10.1994	-99	56.451	-99	-99	-99	-99	-99	-99	-99	-99
09.10.1994	-99	54.946	-99	-99	-99	-99	-99	-99	-99	-99
10.10.1994	-99	49.612	-99	-99	-99	-99	-99	-99	-99	-99
11.10.1994	-99	43.765	-99	-99	-99	-99	-99	-99	-99	-99
12.10.1994	-99	42.105	-99	-99	-99	-99	-99	-99	-99	-99
13.10.1994	-99	51.139	-99	-99	-99	-99	-99	-99	-99	-99
14.10.1994	-99	59.292	-99	-99	-99	-99	-99	-99	-99	-99
15.10.1994	-99	67.345	-99	-99	-99	-99	-99	-99	-99	-99
16.10.1994	-99	63.418	-99	-99	-99	-99	-99	-99	-99	-99
17.10.1994	-99	53.348	-99	-99	-99	-99	-99	-99	-99	-99
18.10.1994	-99	44.771	-99	-99	-99	-99	-99	-99	-99	-99
19.10.1994	-99	37.5	-99	-99	-99	-99	-99	-99	-99	-99
20.10.1994	-99	31.939	-99	-99	-99	-99	-99	-99	-99	-99
21.10.1994	-99	26.946	-99	-99	-99	-99	-99	-99	-99	-99
22.10.1994	-99	23.695	-99	-99	-99	-99	-99	-99	-99	-99
23.10.1994	-99	20.661	-99	-99	-99	-99	-99	-99	-99	-99
24.10.1994	-99	19.195	-99	-99	-99	-99	-99	-99	-99	-99
25.10.1994	-99	18.638	-99	-99	-99	-99	-99	-99	-99	-99
26.10.1994	-99	17.562	-99	-99	-99	-99	-99	-99	-99	-99
27.10.1994	-99	16.225	-99	-99	-99	-99	-99	-99	-99	-99
28.10.1994	-99	15.132	-99	-99	-99	-99	-99	-99	-99	-99
29.10.1994	-99	14.156	-99	-99	-99	-99	-99	-99	-99	-99
30.10.1994	-99	12.934	-99	-99	-99	-99	-99	-99	-99	-99
31.10.1994	-99	12.952	-99	-99	-99	-99	-99	-99	-99	-99
01.11.1994	-99	10.972	-99	-99	-99	-99	-99	-99	-99	-99
02.11.1994	-99	10.322	-99	-99	-99	-99	-99	-99	-99	-99
03.11.1994	-99	9.858	-99	-99	-99	-99	-99	-99	-99	-99
04.11.1994	-99	9.329	-99	-99	-99	-99	-99	-99	-99	-99
05.11.1994	-99	8.815	-99	-99	-99	-99	-99	-99	-99	-99
06.11.1994	-99	9.821	-99	-99	-99	-99	-99	-99	-99	-99
07.11.1994	-99	11.262	-99	-99	-99	-99	-99	-99	-99	-99
08.11.1994	-99	12.808	-99	-99	-99	-99	-99	-99	-99	-99
09.11.1994	-99	12.197	-99	-99	-99	-99	-99	-99	-99	-99
10.11.1994	-99	11.98	-99	-99	-99	-99	-99	-99	-99	-99
11.11.1994	-99	11.361	-99	-99	-99	-99	-99	-99	-99	-99
12.11.1994	-99	10.321	-99	-99	-99	-99	-99	-99	-99	-99
13.11.1994	-99	9.744	-99	-99	-99	-99	-99	-99	-99	-99
14.11.1994	-99	9.27	-99	-99	-99	-99	-99	-99	-99	-99
15.11.1994	-99	9.527	-99	-99	-99	-99	-99	-99	-99	-99
16.11.1994	-99	8.983	-99	-99	-99	-99	-99	-99	-99	-99
17.11.1994	-99	8.835	-99	-99	-99	-99	-99	-99	-99	-99
18.11.1994	-99	8.538	-99	-99	-99	-99	-99	-99	-99	-99
19.11.1994	-99	8.804	-99	-99	-99	-99	-99	-99	-99	-99
20.11.1994	-99	8.139	-99	-99	-99	-99	-99	-99	-99	-99
21.11.1994	-99	9.815	-99	-99	-99	-99	-99	-99	-99	-99
22.11.1994	-99	10.999	-99	-99	-99	-99	-99	-99	-99	-99
23.11.1994	-99	20.857	-99	-99	-99	-99	-99	-99	-99	-99
24.11.1994	-99	48.444	-99	-99	-99	-99	-99	-99	-99	-99
25.11.1994	-99	48.683	-99	-99	-99	-99	-99	-99	-99	-99
26.11.1994	-99	43.17	-99	-99	-99	-99	-99	-99	-99	-99
27.11.1994	-99	38.903	-99	-99	-99	-99	-99	-99	-99	-99
28.11.1994	-99	41.246	-99	-99	-99	-99	-99	-99	-99	-99
29.11.1994	-99	40.182	-99	-99	-99	-99	-99	-99	-99	-99
30.11.1994	-99	36.314	-99	-99	-99	-99	-99	-99	-99	-99
01.12.1994	-99	32.378	-99	-99	-99	-99	-99	-99	-99	-99
02.12.1994	-99	28.516	-99	-99	-99	-99	-99	-99	-99	-99
03.12.1994	-99	24.554	-99	-99	-99	-99	-99	-99	-99	-99
04.12.1994	-99	21.697	-99	-99	-99	-99	-99	-99	-99	-99
05.12.1994	-99	19.55	-99	-99	-99	-99	-99	-99	-99	-99
06.12.1994	-99	17.598	-99	-99	-99	-99	-99	-99	-99	-99
07.12.1994	-99	16.7	-99	-99	-99	-99	-99	-99	-99	-99
08.12.1994	-99	14.712	-99	-99	-99	-99	-99	-99	-99	-99
09.12.1994	-99	13.398	-99	-99	-99	-99	-99	-99	-99	-99
10.12.1994	-99	12.76	-99	-99	-99	-99	-99	-99	-99	-99
11.12.1994	-99	12.93	-99	-99	-99	-99	-99	-99	-99	-99
12.12.1994	-99	12.328	-99	-99	-99	-99	-99	-99	-99	-99
13.12.1994	-99	11.54	-99	-99	-99	-99	-99	-99	-99	-99
14.12.1994	-99	10.878	-99	-99	-99	-99	-99	-99	-99	-99
15.12.1994	-99	10.197	-99	-99	-99	-99	-99	-99	-99	-99
16.12.1994	-99	9.675	-99	-99	-99	-99	-99	-99	-99	-99
17.12.1994	-99	9.286	-99	-99	-99	-99	-99	-99	-99	-99
18.12.1994	-99	8.753	-99	-99	-99	-99	-99	-99	-99	-99
19.12.1994	-99	8.616	-99	-99	-99	-99	-99	-99	-99	-99
20.12.1994	-99	8.439	-99	-99	-99	-99	-99	-99	-99	-99
21.12.1994	-99	8.294	-99	-99	-99	-99	-99	-99	-99	-99
22.12.1994	-99	7.986	-99	-99	-99	-99	-99	-99	-99	-99
23.12.1994	-99	7.672	-99	-99	-99	-99	-99	-99	-99	-99
24.12.1994	-99	9.571	-99	-99	-99	-99	-99	-99	-99	-99
25.12.1994	-99	11.253	-99	-99	-99	-99	-99	-99	-99	-99
26.12.1994	-99	12.115	-99	-99	-99	-99	-99	-99	-99	-99
27.12.1994	-99	12.698	-99	-99	-99	-99	-99	-99	-99	-99
28.12.1994	-99	12.57	-99	-99	-99	-99	-99	-99	-99	-99
29.12.1994	-99	12.154	-99	-99	-99	-99	-99	-99	-99	-99
30.12.1994	-99	12.339	-99	-99	-99	-99	-99	-99	-99	-99
31.12.1994	-99	11.926	-99	-99	-99	-99	-99	-99	-99	-99
01.01.1995	-99	11.17	-99	-99	-99	-99	-99	-99	-99	-99
02.01.1995	-99	10.409	-99	-99	-99	-99	-99	-99	-99	-99
03.01.1995	-99	9.641	-99	-99	-99	-99	-99	-99	-99	-99
04.01.1995	-99	8.893	-99	-99	-99	-99	-99	-99	-99	-99
05.01.1995	-99	8.186	-99	-99	-99	-99	-99	-99	-99	-99
06.01.1995	-99	7.649	-99	-99	-99	-99	-99	-99	-99	-99
07.01.1995	-99	7.133	-99	-99	-99	-99	-99	-99	-99	-99
08.01.1995	-99	7.429	-99	-99	-99	-99	-99	-99	-99	-99
09.01.1995	-99	7.934	-99	-99	-99	-99	-99	-99	-99	-99
10.01.1995	-99	7.715	-99	-99	-99	-99	-99	-99	-99	-99
11.01.1995	-99	7.666	-99	-99	-99	-99	-99	-99	-99	-99
12.01.1995	-99	7.464	-99	-99	-99	-99	-99	-99	-99	-99
13.01.1995	-99	7.188	-99	-99	-99	-99	-99	-99	-99	-99
14.01.1995	-99	7.136	-99	-99	-99	-99	-99	-99	-99	-99
15.01.1995	-99	8.49	-99	-99	-99	-99	-99	-99	-99	-99
16.01.1995	-99	8.696	-99	-99	-99	-99	-99	-99	-99	-99
17.01.1995	-99	10.999	-99	-99	-99	-99	-99	-99	-99	-99
18.01.1995	-99	13.563	-99	-99	-99	-99	-99	-99	-99	-99
19.01.1995	-99	14.122	-99	-99	-99	-99	-99	-99	-99	-99
20.01.1995	-99	14.266	-99	-99	-99	-99	-99	-99	-99	-99
21.01.1995	-99	12.393	-99	-99	-99	-99	-99	-99	-99	-99
22.01.1995	-99	12.894	-99	-99	-99	-99	-99	-99	-99	-99
23.01.1995	-99	10.749	-99	-99	-99	-99	-99	-99	-99	-99
24.01.1995	-99	9.913	-99	-99	-99	-99	-99	-99	-99	-99
25.01.1995	-99	9.57	-99	-99	-99	-99	-99	-99	-99	-99
26.01.1995	-99	9.529	-99	-99	-99	-99	-99	-99	-99	-99
27.01.1995	-99	9.414	-99	-99	-99	-99	-99	-99	-99	-99
28.01.1995	-99	8.593	-99	-99	-99	-99	-99	-99	-99	-99
29.01.1995	-99	8.127	-99	-99	-99	-99	-99	-99	-99	-99
30.01.1995	-99	7.826	-99	-99	-99	-99	-99	-99	-99	-99
31.01.1995	-99	7.32	-99	-99	-99	-99	-99	-99	-99	-99
01.02.1995	-99	7.28	-99	-99	-99	-99	-99	-99	-99	-99
02.02.1995	-99	7.665	-99	-99	-99	-99	-99	-99	-99	-99
03.02.1995	-99	7.658	-99	-99	-99	-99	-99	-99	-99	-99
04.02.1995	-99	9.344	-99	-99	-99	-99	-99	-99	-99	-99
05.02.1995	-99	10.757	-99	-99	-99	-99	-99	-99	-99	-99
06.02.1995	-99	12.31	-99	-99	-99	-99	-99	-99	-99	-99
07.02.1995	-99	13.287	-99	-99	-99	-99	-99	-99	-99	-99
08.02.1995	-99	13.973	-99	-99	-99	-99	-99	-99	-99	-99
09.02.1995	-99	13.972	-99	-99	-99	-99	-99	-99	-99	-99
10.02.1995	-99	12.585	-99	-99	-99	-99	-99	-99	-99	-99
11.02.1995	-99	11.793	-99	-99	-99	-99	-99	-99	-99	-99
12.02.1995	-99	11.187	-99	-99	-99	-99	-99	-99	-99	-99
13.02.1995	-99	10.235	-99	-99	-99	-99	-99	-99	-99	-99
14.02.1995	-99	9.688	-99	-99	-99	-99	-99	-99	-99	-99
15.02.1995	-99	9.241	-99	-99	-99	-99	-99	-99	-99	-99
16.02.1995	-99	8.785	-99	-99	-99	-99	-99	-99	-99	-99
17.02.1995	-99	8.758	-99	-99	-99	-99	-99	-99	-99	-99
18.02.1995	-99	8.468	-99	-99	-99	-99	-99	-99	-99	-99
19.02.1995	-99	8.11	-99	-99	-99	-99	-99	-99	-99	-99
20.02.1995	-99	7.778	-99	-99	-99	-99	-99	-99	-99	-99
21.02.1995	-99	7.49	-99	-99	-99	-99	-99	-99	-99	-99
22.02.1995	-99	7.692	-99	-99	-99	-99	-99	-99	-99	-99
23.02.1995	-99	6.706	-99	-99	-99	-99	-99	-99	-99	-99
24.02.1995	-99	6.541	-99	-99	-99	-99	-99	-99	-99	-99
25.02.1995	-99	6.393	-99	-99	-99	-99	-99	-99	-99	-99
26.02.1995	-99	6.624	-99	-99	-99	-99	-99	-99	-99	-99
27.02.1995	-99	5.836	-99	-99	-99	-99	-99	-99	-99	-99
28.02.1995	-99	5.718	-99	-99	-99	-99	-99	-99	-99	-99
01.03.1995	-99	6.896	-99	-99	-99	-99	-99	-99	-99	-99
02.03.1995	-99	6.233	-99	-99	-99	-99	-99	-99	-99	-99
03.03.1995	-99	6.889	-99	-99	-99	-99	-99	-99	-99	-99
04.03.1995	-99	5.764	-99	-99	-99	-99	-99	-99	-99	-99
05.03.1995	-99	5.526	-99	-99	-99	-99	-99	-99	-99	-99
06.03.1995	-99	5.322	-99	-99	-99	-99	-99	-99	-99	-99
07.03.1995	-99	4.972	-99	-99	-99	-99	-99	-99	-99	-99
08.03.1995	-99	4.86	-99	-99	-99	-99	-99	-99	-99	-99
09.03.1995	-99	4.55	-99	-99	-99	-99	-99	-99	-99	-99
10.03.1995	-99	4.231	-99	-99	-99	-99	-99	-99	-99	-99
11.03.1995	-99	4.536	-99	-99	-99	-99	-99	-99	-99	-99
12.03.1995	-99	3.717	-99	-99	-99	-99	-99	-99	-99	-99
13.03.1995	-99	3.762	-99	-99	-99	-99	-99	-99	-99	-99
14.03.1995	-99	4.488	-99	-99	-99	-99	-99	-99	-99	-99
15.03.1995	-99	5.3	-99	-99	-99	-99	-99	-99	-99	-99
16.03.1995	-99	5.21	-99	-99	-99	-99	-99	-99	-99	-99
17.03.1995	-99	5.175	-99	-99	-99	-99	-99	-99	-99	-99
18.03.1995	-99	5.295	-99	-99	-99	-99	-99	-99	-99	-99
19.03.1995	-99	5.245	-99	-99	-99	-99	-99	-99	-99	-99
20.03.1995	-99	5.304	-99	-99	-99	-99	-99	-99	-99	-99
21.03.1995	-99	5.616	-99	-99	-99	-99	-99	-99	-99	-99
22.03.1995	-99	5.743	-99	-99	-99	-99	-99	-99	-99	-99
23.03.1995	-99	6.144	-99	-99	-99	-99	-99	-99	-99	-99
24.03.1995	-99	7.109	-99	-99	-99	-99	-99	-99	-99	-99
25.03.1995	-99	7.655	-99	-99	-99	-99	-99	-99	-99	-99
26.03.1995	-99	7.594	-99	-99	-99	-99	-99	-99	-99	-99
27.03.1995	-99	7.389	-99	-99	-99	-99	-99	-99	-99	-99
28.03.1995	-99	7.509	-99	-99	-99	-99	-99	-99	-99	-99
29.03.1995	-99	7.32	-99	-99	-99	-99	-99	-99	-99	-99
30.03.1995	-99	6.976	-99	-99	-99	-99	-99	-99	-99	-99
31.03.1995	-99	6.84	-99	-99	-99	-99	-99	-99	-99	-99
01.04.1995	-99	7.179	-99	-99	-99	-99	-99	-99	-99	-99
02.04.1995	-99	7.525	-99	-99	-99	-99	-99	-99	-99	-99
03.04.1995	-99	7.838	-99	-99	-99	-99	-99	-99	-99	-99
04.04.1995	-99	7.663	-99	-99	-99	-99	-99	-99	-99	-99
05.04.1995	-99	7.577	-99	-99	-99	-99	-99	-99	-99	-99
06.04.1995	-99	7.484	-99	-99	-99	-99	-99	-99	-99	-99
07.04.1995	-99	7.615	-99	-99	-99	-99	-99	-99	-99	-99
08.04.1995	-99	7.676	-99	-99	-99	-99	-99	-99	-99	-99
09.04.1995	-99	7.512	-99	-99	-99	-99	-99	-99	-99	-99
10.04.1995	-99	7.316	-99	-99	-99	-99	-99	-99	-99	-99
11.04.1995	-99	7.941	-99	-99	-99	-99	-99	-99	-99	-99
12.04.1995	-99	6.904	-99	-99	-99	-99	-99	-99	-99	-99
13.04.1995	-99	7.757	-99	-99	-99	-99	-99	-99	-99	-99
14.04.1995	-99	7.82	-99	-99	-99	-99	-99	-99	-99	-99
15.04.1995	-99	8.63	-99	-99	-99	-99	-99	-99	-99	-99
16.04.1995	-99	8.97	-99	-99	-99	-99	-99	-99	-99	-99
17.04.1995	-99	8.917	-99	-99	-99	-99	-99	-99	-99	-99
18.04.1995	-99	8.644	-99	-99	-99	-99	-99	-99	-99	-99
19.04.1995	-99	8.331	-99	-99	-99	-99	-99	-99	-99	-99
20.04.1995	-99	7.97	-99	-99	-99	-99	-99	-99	-99	-99
21.04.1995	-99	7.649	-99	-99	-99	-99	-99	-99	-99	-99
22.04.1995	-99	7.47	-99	-99	-99	-99	-99	-99	-99	-99
23.04.1995	-99	7.503	-99	-99	-99	-99	-99	-99	-99	-99
24.04.1995	-99	8.631	-99	-99	-99	-99	-99	-99	-99	-99
25.04.1995	-99	10.669	-99	-99	-99	-99	-99	-99	-99	-99
26.04.1995	-99	11.731	-99	-99	-99	-99	-99	-99	-99	-99
27.04.1995	-99	11.987	-99	-99	-99	-99	-99	-99	-99	-99
28.04.1995	-99	11.878	-99	-99	-99	-99	-99	-99	-99	-99
29.04.1995	-99	11.531	-99	-99	-99	-99	-99	-99	-99	-99
30.04.1995	-99	11.33	-99	-99	-99	-99	-99	-99	-99	-99
01.05.1995	-99	10.956	-99	-99	-99	-99	-99	-99	-99	-99
02.05.1995	-99	11.584	-99	-99	-99	-99	-99	-99	-99	-99
03.05.1995	-99	14.911	-99	-99	-99	-99	-99	-99	-99	-99
04.05.1995	-99	20.855	-99	-99	-99	-99	-99	-99	-99	-99
05.05.1995	-99	27.641	-99	-99	-99	-99	-99	-99	-99	-99
06.05.1995	-99	33.432	-99	-99	-99	-99	-99	-99	-99	-99
07.05.1995	-99	36.358	-99	-99	-99	-99	-99	-99	-99	-99
08.05.1995	-99	38.699	-99	-99	-99	-99	-99	-99	-99	-99
09.05.1995	-99	38.831	-99	-99	-99	-99	-99	-99	-99	-99
10.05.1995	-99	37.378	-99	-99	-99	-99	-99	-99	-99	-99
11.05.1995	-99	34.139	-99	-99	-99	-99	-99	-99	-99	-99
12.05.1995	-99	30.754	-99	-99	-99	-99	-99	-99	-99	-99
13.05.1995	-99	27.599	-99	-99	-99	-99	-99	-99	-99	-99
14.05.1995	-99	24.864	-99	-99	-99	-99	-99	-99	-99	-99
15.05.1995	-99	22.889	-99	-99	-99	-99	-99	-99	-99	-99
16.05.1995	-99	20.895	-99	-99	-99	-99	-99	-99	-99	-99
17.05.1995	-99	19.398	-99	-99	-99	-99	-99	-99	-99	-99
18.05.1995	-99	17.715	-99	-99	-99	-99	-99	-99	-99	-99
19.05.1995	-99	16.414	-99	-99	-99	-99	-99	-99	-99	-99
20.05.1995	-99	15.463	-99	-99	-99	-99	-99	-99	-99	-99
21.05.1995	-99	14.938	-99	-99	-99	-99	-99	-99	-99	-99
22.05.1995	-99	14.154	-99	-99	-99	-99	-99	-99	-99	-99
23.05.1995	-99	13.887	-99	-99	-99	-99	-99	-99	-99	-99
24.05.1995	-99	14.595	-99	-99	-99	-99	-99	-99	-99	-99
25.05.1995	-99	16.959	-99	-99	-99	-99	-99	-99	-99	-99
26.05.1995	-99	25.793	-99	-99	-99	-99	-99	-99	-99	-99
27.05.1995	-99	40.929	-99	-99	-99	-99	-99	-99	-99	-99
28.05.1995	-99	52.342	-99	-99	-99	-99	-99	-99	-99	-99
29.05.1995	-99	65.733	-99	-99	-99	-99	-99	-99	-99	-99
30.05.1995	-99	80.914	-99	-99	-99	-99	-99	-99	-99	-99
31.05.1995	-99	89.573	-99	-99	-99	-99	-99	-99	-99	-99
01.06.1995	-99	93.172	-99	-99	-99	-99	-99	-99	-99	-99
02.06.1995	-99	99.202	-99	-99	-99	-99	-99	-99	-99	-99
03.06.1995	-99	101.814	-99	-99	-99	-99	-99	-99	-99	-99
04.06.1995	-99	94.907	-99	-99	-99	-99	-99	-99	-99	-99
05.06.1995	-99	90.812	-99	-99	-99	-99	-99	-99	-99	-99
06.06.1995	-99	90.508	-99	-99	-99	-99	-99	-99	-99	-99
07.06.1995	-99	89.142	-99	-99	-99	-99	-99	-99	-99	-99
08.06.1995	-99	87.879	-99	-99	-99	-99	-99	-99	-99	-99
09.06.1995	-99	97.597	-99	-99	-99	-99	-99	-99	-99	-99
10.06.1995	-99	98.638	-99	-99	-99	-99	-99	-99	-99	-99
11.06.1995	-99	91.926	-99	-99	-99	-99	-99	-99	-99	-99
12.06.1995	-99	81.753	-99	-99	-99	-99	-99	-99	-99	-99
13.06.1995	-99	73.831	-99	-99	-99	-99	-99	-99	-99	-99
14.06.1995	-99	69.286	-99	-99	-99	-99	-99	-99	-99	-99
15.06.1995	-99	70.283	-99	-99	-99	-99	-99	-99	-99	-99
16.06.1995	-99	81.139	-99	-99	-99	-99	-99	-99	-99	-99
17.06.1995	-99	86.499	-99	-99	-99	-99	-99	-99	-99	-99
18.06.1995	-99	88.311	-99	-99	-99	-99	-99	-99	-99	-99
19.06.1995	-99	91.685	-99	-99	-99	-99	-99	-99	-99	-99
20.06.1995	-99	88.852	-99	-99	-99	-99	-99	-99	-99	-99
21.06.1995	-99	86.19	-99	-99	-99	-99	-99	-99	-99	-99
22.06.1995	-99	80.89	-99	-99	-99	-99	-99	-99	-99	-99
23.06.1995	-99	74.793	-99	-99	-99	-99	-99	-99	-99	-99
24.06.1995	-99	72.863	-99	-99	-99	-99	-99	-99	-99	-99
25.06.1995	-99	81.97	-99	-99	-99	-99	-99	-99	-99	-99
26.06.1995	-99	96.846	-99	-99	-99	-99	-99	-99	-99	-99
27.06.1995	-99	101.504	-99	-99	-99	-99	-99	-99	-99	-99
28.06.1995	-99	100.236	-99	-99	-99	-99	-99	-99	-99	-99
29.06.1995	-99	101.386	-99	-99	-99	-99	-99	-99	-99	-99
30.06.1995	-99	94.151	-99	-99	-99	-99	-99	-99	-99	-99
01.07.1995	-99	82.597	-99	-99	-99	-99	-99	-99	-99	-99
02.07.1995	-99	70.855	-99	-99	-99	-99	-99	-99	-99	-99
03.07.1995	-99	62.255	-99	-99	-99	-99	-99	-99	-99	-99
04.07.1995	-99	56.404	-99	-99	-99	-99	-99	-99	-99	-99
05.07.1995	-99	51.64	-99	-99	-99	-99	-99	-99	-99	-99
06.07.1995	-99	47.872	-99	-99	-99	-99	-99	-99	-99	-99
07.07.1995	-99	48.105	-99	-99	-99	-99	-99	-99	-99	-99
08.07.1995	-99	53.89	-99	-99	-99	-99	-99	-99	-99	-99
09.07.1995	-99	57.963	-99	-99	-99	-99	-99	-99	-99	-99
10.07.1995	-99	56.285	-99	-99	-99	-99	-99	-99	-99	-99
11.07.1995	-99	54.659	-99	-99	-99	-99	-99	-99	-99	-99
12.07.1995	-99	55.325	-99	-99	-99	-99	-99	-99	-99	-99
13.07.1995	-99	59.827	-99	-99	-99	-99	-99	-99	-99	-99
14.07.1995	-99	63.809	-99	-99	-99	-99	-99	-99	-99	-99
15.07.1995	-99	75.76	-99	-99	-99	-99	-99	-99	-99	-99
16.07.1995	-99	91.428	-99	-99	-99	-99	-99	-99	-99	-99
17.07.1995	-99	99.851	-99	-99	-99	-99	-99	-99	-99	-99
18.07.1995	-99	101.961	-99	-99	-99	-99	-99	-99	-99	-99
19.07.1995	-99	99.668	-99	-99	-99	-99	-99	-99	-99	-99
20.07.1995	-99	94.535	-99	-99	-99	-99	-99	-99	-99	-99
21.07.1995	-99	106.481	-99	-99	-99	-99	-99	-99	-99	-99
22.07.1995	-99	120.213	-99	-99	-99	-99	-99	-99	-99	-99
23.07.1995	-99	113.855	-99	-99	-99	-99	-99	-99	-99	-99
24.07.1995	-99	102.666	-99	-99	-99	-99	-99	-99	-99	-99
25.07.1995	-99	98.438	-99	-99	-99	-99	-99	-99	-99	-99
26.07.1995	-99	91.899	-99	-99	-99	-99	-99	-99	-99	-99
27.07.1995	-99	87.372	-99	-99	-99	-99	-99	-99	-99	-99
28.07.1995	-99	87.355	-99	-99	-99	-99	-99	-99	-99	-99
29.07.1995	-99	89.422	-99	-99	-99	-99	-99	-99	-99	-99
30.07.1995	-99	92.979	-99	-99	-99	-99	-99	-99	-99	-99
31.07.1995	-99	97.166	-99	-99	-99	-99	-99	-99	-99	-99
01.08.1995	-99	101.474	-99	-99	-99	-99	-99	-99	-99	-99
02.08.1995	-99	110.452	-99	-99	-99	-99	-99	-99	-99	-99
03.08.1995	-99	111.839	-99	-99	-99	-99	-99	-99	-99	-99
04.08.1995	-99	104.544	-99	-99	-99	-99	-99	-99	-99	-99
05.08.1995	-99	92.848	-99	-99	-99	-99	-99	-99	-99	-99
06.08.1995	-99	85.442	-99	-99	-99	-99	-99	-99	-99	-99
07.08.1995	-99	81.136	-99	-99	-99	-99	-99	-99	-99	-99
08.08.1995	-99	74.696	-99	-99	-99	-99	-99	-99	-99	-99
09.08.1995	-99	65.797	-99	-99	-99	-99	-99	-99	-99	-99
10.08.1995	-99	58.91	-99	-99	-99	-99	-99	-99	-99	-99
11.08.1995	-99	54.868	-99	-99	-99	-99	-99	-99	-99	-99
12.08.1995	-99	52.883	-99	-99	-99	-99	-99	-99	-99	-99
13.08.1995	-99	52.509	-99	-99	-99	-99	-99	-99	-99	-99
14.08.1995	-99	55.461	-99	-99	-99	-99	-99	-99	-99	-99
15.08.1995	-99	56.559	-99	-99	-99	-99	-99	-99	-99	-99
16.08.1995	-99	60.391	-99	-99	-99	-99	-99	-99	-99	-99
17.08.1995	-99	68.662	-99	-99	-99	-99	-99	-99	-99	-99
18.08.1995	-99	73.115	-99	-99	-99	-99	-99	-99	-99	-99
19.08.1995	-99	74.655	-99	-99	-99	-99	-99	-99	-99	-99
20.08.1995	-99	72.604	-99	-99	-99	-99	-99	-99	-99	-99
21.08.1995	-99	67.264	-99	-99	-99	-99	-99	-99	-99	-99
22.08.1995	-99	65.253	-99	-99	-99	-99	-99	-99	-99	-99
23.08.1995	-99	79.218	-99	-99	-99	-99	-99	-99	-99	-99
24.08.1995	-99	78.257	-99	-99	-99	-99	-99	-99	-99	-99
25.08.1995	-99	74.216	-99	-99	-99	-99	-99	-99	-99	-99
26.08.1995	-99	72.756	-99	-99	-99	-99	-99	-99	-99	-99
27.08.1995	-99	71.851	-99	-99	-99	-99	-99	-99	-99	-99
28.08.1995	-99	66.154	-99	-99	-99	-99	-99	-99	-99	-99
29.08.1995	-99	58.598	-99	-99	-99	-99	-99	-99	-99	-99
30.08.1995	-99	52.495	-99	-99	-99	-99	-99	-99	-99	-99
31.08.1995	-99	44.941	-99	-99	-99	-99	-99	-99	-99	-99
01.09.1995	-99	42.426	-99	-99	-99	-99	-99	-99	-99	-99
02.09.1995	-99	39.634	-99	-99	-99	-99	-99	-99	-99	-99
03.09.1995	-99	34.301	-99	-99	-99	-99	-99	-99	-99	-99
04.09.1995	-99	33.76	-99	-99	-99	-99	-99	-99	-99	-99
05.09.1995	-99	34.382	-99	-99	-99	-99	-99	-99	-99	-99
06.09.1995	-99	35.57	-99	-99	-99	-99	-99	-99	-99	-99
07.09.1995	-99	36.894	-99	-99	-99	-99	-99	-99	-99	-99
08.09.1995	-99	37.638	-99	-99	-99	-99	-99	-99	-99	-99
09.09.1995	-99	38.748	-99	-99	-99	-99	-99	-99	-99	-99
10.09.1995	-99	39.537	-99	-99	-99	-99	-99	-99	-99	-99
11.09.1995	-99	39.67	-99	-99	-99	-99	-99	-99	-99	-99
12.09.1995	-99	39.647	-99	-99	-99	-99	-99	-99	-99	-99
13.09.1995	-99	39.51	-99	-99	-99	-99	-99	-99	-99	-99
14.09.1995	-99	39.785	-99	-99	-99	-99	-99	-99	-99	-99
15.09.1995	-99	38.117	-99	-99	-99	-99	-99	-99	-99	-99
16.09.1995	-99	36.61	-99	-99	-99	-99	-99	-99	-99	-99
17.09.1995	-99	33.375	-99	-99	-99	-99	-99	-99	-99	-99
18.09.1995	-99	30.884	-99	-99	-99	-99	-99	-99	-99	-99
19.09.1995	-99	26.655	-99	-99	-99	-99	-99	-99	-99	-99
20.09.1995	-99	24.669	-99	-99	-99	-99	-99	-99	-99	-99
21.09.1995	-99	23.237	-99	-99	-99	-99	-99	-99	-99	-99
22.09.1995	-99	22.286	-99	-99	-99	-99	-99	-99	-99	-99
23.09.1995	-99	24.873	-99	-99	-99	-99	-99	-99	-99	-99
24.09.1995	-99	27.748	-99	-99	-99	-99	-99	-99	-99	-99
25.09.1995	-99	30.232	-99	-99	-99	-99	-99	-99	-99	-99
26.09.1995	-99	39.159	-99	-99	-99	-99	-99	-99	-99	-99
27.09.1995	-99	43.356	-99	-99	-99	-99	-99	-99	-99	-99
28.09.1995	-99	39.13	-99	-99	-99	-99	-99	-99	-99	-99
29.09.1995	-99	34.657	-99	-99	-99	-99	-99	-99	-99	-99
30.09.1995	-99	30.467	-99	-99	-99	-99	-99	-99	-99	-99
01.10.1995	-99	26.644	-99	-99	-99	-99	-99	-99	-99	-99
02.10.1995	-99	23.467	-99	-99	-99	-99	-99	-99	-99	-99
03.10.1995	-99	21.684	-99	-99	-99	-99	-99	-99	-99	-99
04.10.1995	-99	28.232	-99	-99	-99	-99	-99	-99	-99	-99
05.10.1995	-99	37.599	-99	-99	-99	-99	-99	-99	-99	-99
06.10.1995	-99	44.432	-99	-99	-99	-99	-99	-99	-99	-99
07.10.1995	-99	46.482	-99	-99	-99	-99	-99	-99	-99	-99
08.10.1995	-99	52.425	-99	-99	-99	-99	-99	-99	-99	-99
09.10.1995	-99	55.356	-99	-99	-99	-99	-99	-99	-99	-99
10.10.1995	-99	60.953	-99	-99	-99	-99	-99	-99	-99	-99
11.10.1995	-99	62.776	-99	-99	-99	-99	-99	-99	-99	-99
12.10.1995	-99	60.4	-99	-99	-99	-99	-99	-99	-99	-99
13.10.1995	-99	58.583	-99	-99	-99	-99	-99	-99	-99	-99
14.10.1995	-99	52.295	-99	-99	-99	-99	-99	-99	-99	-99
15.10.1995	-99	46.14	-99	-99	-99	-99	-99	-99	-99	-99
16.10.1995	-99	45.965	-99	-99	-99	-99	-99	-99	-99	-99
17.10.1995	-99	46.695	-99	-99	-99	-99	-99	-99	-99	-99
18.10.1995	-99	54.916	-99	-99	-99	-99	-99	-99	-99	-99
19.10.1995	-99	78.267	-99	-99	-99	-99	-99	-99	-99	-99
20.10.1995	-99	87.627	-99	-99	-99	-99	-99	-99	-99	-99
21.10.1995	-99	77.921	-99	-99	-99	-99	-99	-99	-99	-99
22.10.1995	-99	65.825	-99	-99	-99	-99	-99	-99	-99	-99
23.10.1995	-99	60.446	-99	-99	-99	-99	-99	-99	-99	-99
24.10.1995	-99	56.402	-99	-99	-99	-99	-99	-99	-99	-99
25.10.1995	-99	56.721	-99	-99	-99	-99	-99	-99	-99	-99
26.10.1995	-99	61.73	-99	-99	-99	-99	-99	-99	-99	-99
27.10.1995	-99	87.831	-99	-99	-99	-99	-99	-99	-99	-99
28.10.1995	-99	90.25	-99	-99	-99	-99	-99	-99	-99	-99
29.10.1995	-99	78.468	-99	-99	-99	-99	-99	-99	-99	-99
30.10.1995	-99	64.973	-99	-99	-99	-99	-99	-99	-99	-99
31.10.1995	-99	53.872	-99	-99	-99	-99	-99	-99	-99	-99
01.11.1995	-99	44.901	-99	-99	-99	-99	-99	-99	-99	-99
02.11.1995	-99	37.829	-99	-99	-99	-99	-99	-99	-99	-99
03.11.1995	-99	32.694	-99	-99	-99	-99	-99	-99	-99	-99
04.11.1995	-99	28.387	-99	-99	-99	-99	-99	-99	-99	-99
05.11.1995	-99	24.381	-99	-99	-99	-99	-99	-99	-99	-99
06.11.1995	-99	23.395	-99	-99	-99	-99	-99	-99	-99	-99
07.11.1995	-99	21.865	-99	-99	-99	-99	-99	-99	-99	-99
08.11.1995	-99	19.959	-99	-99	-99	-99	-99	-99	-99	-99
09.11.1995	-99	19.644	-99	-99	-99	-99	-99	-99	-99	-99
10.11.1995	-99	18.573	-99	-99	-99	-99	-99	-99	-99	-99
11.11.1995	-99	17.418	-99	-99	-99	-99	-99	-99	-99	-99
12.11.1995	-99	15.49	-99	-99	-99	-99	-99	-99	-99	-99
13.11.1995	-99	14.901	-99	-99	-99	-99	-99	-99	-99	-99
14.11.1995	-99	13.34	-99	-99	-99	-99	-99	-99	-99	-99
15.11.1995	-99	12.787	-99	-99	-99	-99	-99	-99	-99	-99
16.11.1995	-99	11.75	-99	-99	-99	-99	-99	-99	-99	-99
17.11.1995	-99	10.698	-99	-99	-99	-99	-99	-99	-99	-99
18.11.1995	-99	9.955	-99	-99	-99	-99	-99	-99	-99	-99
19.11.1995	-99	9.71	-99	-99	-99	-99	-99	-99	-99	-99
20.11.1995	-99	9.349	-99	-99	-99	-99	-99	-99	-99	-99
21.11.1995	-99	8.848	-99	-99	-99	-99	-99	-99	-99	-99
22.11.1995	-99	8.451	-99	-99	-99	-99	-99	-99	-99	-99
23.11.1995	-99	8.994	-99	-99	-99	-99	-99	-99	-99	-99
24.11.1995	-99	11.176	-99	-99	-99	-99	-99	-99	-99	-99
25.11.1995	-99	13.743	-99	-99	-99	-99	-99	-99	-99	-99
26.11.1995	-99	17.325	-99	-99	-99	-99	-99	-99	-99	-99
27.11.1995	-99	18.42	-99	-99	-99	-99	-99	-99	-99	-99
28.11.1995	-99	17.889	-99	-99	-99	-99	-99	-99	-99	-99
29.11.1995	-99	16.617	-99	-99	-99	-99	-99	-99	-99	-99
30.11.1995	-99	15.342	-99	-99	-99	-99	-99	-99	-99	-99
01.12.1995	-99	14.154	-99	-99	-99	-99	-99	-99	-99	-99
02.12.1995	-99	12.975	-99	-99	-99	-99	-99	-99	-99	-99
03.12.1995	-99	11.965	-99	-99	-99	-99	-99	-99	-99	-99
04.12.1995	-99	10.863	-99	-99	-99	-99	-99	-99	-99	-99
05.12.1995	-99	9.805	-99	-99	-99	-99	-99	-99	-99	-99
06.12.1995	-99	9.11	-99	-99	-99	-99	-99	-99	-99	-99
07.12.1995	-99	8.456	-99	-99	-99	-99	-99	-99	-99	-99
08.12.1995	-99	7.713	-99	-99	-99	-99	-99	-99	-99	-99
09.12.1995	-99	6.854	-99	-99	-99	-99	-99	-99	-99	-99
10.12.1995	-99	7.636	-99	-99	-99	-99	-99	-99	-99	-99
11.12.1995	-99	9.974	-99	-99	-99	-99	-99	-99	-99	-99
12.12.1995	-99	11.876	-99	-99	-99	-99	-99	-99	-99	-99
13.12.1995	-99	14.2	-99	-99	-99	-99	-99	-99	-99	-99
14.12.1995	-99	14.373	-99	-99	-99	-99	-99	-99	-99	-99
15.12.1995	-99	13.297	-99	-99	-99	-99	-99	-99	-99	-99
16.12.1995	-99	12.385	-99	-99	-99	-99	-99	-99	-99	-99
17.12.1995	-99	11.509	-99	-99	-99	-99	-99	-99	-99	-99
18.12.1995	-99	10.758	-99	-99	-99	-99	-99	-99	-99	-99
19.12.1995	-99	9.876	-99	-99	-99	-99	-99	-99	-99	-99
20.12.1995	-99	9.383	-99	-99	-99	-99	-99	-99	-99	-99
21.12.1995	-99	8.973	-99	-99	-99	-99	-99	-99	-99	-99
22.12.1995	-99	8.478	-99	-99	-99	-99	-99	-99	-99	-99
23.12.1995	-99	7.877	-99	-99	-99	-99	-99	-99	-99	-99
24.12.1995	-99	7.51	-99	-99	-99	-99	-99	-99	-99	-99
25.12.1995	-99	7.423	-99	-99	-99	-99	-99	-99	-99	-99
26.12.1995	-99	6.548	-99	-99	-99	-99	-99	-99	-99	-99
27.12.1995	-99	6.218	-99	-99	-99	-99	-99	-99	-99	-99
28.12.1995	-99	5.895	-99	-99	-99	-99	-99	-99	-99	-99
29.12.1995	-99	5.712	-99	-99	-99	-99	-99	-99	-99	-99
30.12.1995	-99	5.681	-99	-99	-99	-99	-99	-99	-99	-99
31.12.1995	-99	5.476	-99	-99	-99	-99	-99	-99	-99	-99
01.01.1996	-99	5.153	-99	-99	-99	-99	-99	-99	-99	-99
02.01.1996	-99	4.916	-99	-99	-99	-99	-99	-99	-99	-99
03.01.1996	-99	4.689	-99	-99	-99	-99	-99	-99	-99	-99
04.01.1996	-99	4.46	-99	-99	-99	-99	-99	-99	-99	-99
05.01.1996	-99	4.277	-99	-99	-99	-99	-99	-99	-99	-99
06.01.1996	-99	4.111	-99	-99	-99	-99	-99	-99	-99	-99
07.01.1996	-99	4.377	-99	-99	-99	-99	-99	-99	-99	-99
08.01.1996	-99	3.672	-99	-99	-99	-99	-99	-99	-99	-99
09.01.1996	-99	3.51	-99	-99	-99	-99	-99	-99	-99	-99
10.01.1996	-99	3.421	-99	-99	-99	-99	-99	-99	-99	-99
11.01.1996	-99	3.548	-99	-99	-99	-99	-99	-99	-99	-99
12.01.1996	-99	3.541	-99	-99	-99	-99	-99	-99	-99	-99
13.01.1996	-99	3.568	-99	-99	-99	-99	-99	-99	-99	-99
14.01.1996	-99	3.5	-99	-99	-99	-99	-99	-99	-99	-99
15.01.1996	-99	3.57	-99	-99	-99	-99	-99	-99	-99	-99
16.01.1996	-99	3.562	-99	-99	-99	-99	-99	-99	-99	-99
17.01.1996	-99	3.574	-99	-99	-99	-99	-99	-99	-99	-99
18.01.1996	-99	3.518	-99	-99	-99	-99	-99	-99	-99	-99
19.01.1996	-99	3.66	-99	-99	-99	-99	-99	-99	-99	-99
20.01.1996	-99	3.658	-99	-99	-99	-99	-99	-99	-99	-99
21.01.1996	-99	3.415	-99	-99	-99	-99	-99	-99	-99	-99
22.01.1996	-99	3.353	-99	-99	-99	-99	-99	-99	-99	-99
23.01.1996	-99	3.119	-99	-99	-99	-99	-99	-99	-99	-99
24.01.1996	-99	3.126	-99	-99	-99	-99	-99	-99	-99	-99
25.01.1996	-99	2.901	-99	-99	-99	-99	-99	-99	-99	-99
26.01.1996	-99	2.723	-99	-99	-99	-99	-99	-99	-99	-99
27.01.1996	-99	2.573	-99	-99	-99	-99	-99	-99	-99	-99
28.01.1996	-99	2.507	-99	-99	-99	-99	-99	-99	-99	-99
29.01.1996	-99	2.438	-99	-99	-99	-99	-99	-99	-99	-99
30.01.1996	-99	2.394	-99	-99	-99	-99	-99	-99	-99	-99
31.01.1996	-99	2.323	-99	-99	-99	-99	-99	-99	-99	-99
01.02.1996	-99	2.269	-99	-99	-99	-99	-99	-99	-99	-99
02.02.1996	-99	2.265	-99	-99	-99	-99	-99	-99	-99	-99
03.02.1996	-99	2.266	-99	-99	-99	-99	-99	-99	-99	-99
04.02.1996	-99	2.236	-99	-99	-99	-99	-99	-99	-99	-99
05.02.1996	-99	2.221	-99	-99	-99	-99	-99	-99	-99	-99
06.02.1996	-99	2.167	-99	-99	-99	-99	-99	-99	-99	-99
07.02.1996	-99	2.127	-99	-99	-99	-99	-99	-99	-99	-99
08.02.1996	-99	2.591	-99	-99	-99	-99	-99	-99	-99	-99
09.02.1996	-99	2.377	-99	-99	-99	-99	-99	-99	-99	-99
10.02.1996	-99	1.969	-99	-99	-99	-99	-99	-99	-99	-99
11.02.1996	-99	1.88	-99	-99	-99	-99	-99	-99	-99	-99
12.02.1996	-99	1.83	-99	-99	-99	-99	-99	-99	-99	-99
13.02.1996	-99	1.743	-99	-99	-99	-99	-99	-99	-99	-99
14.02.1996	-99	1.722	-99	-99	-99	-99	-99	-99	-99	-99
15.02.1996	-99	2.61	-99	-99	-99	-99	-99	-99	-99	-99
16.02.1996	-99	2.369	-99	-99	-99	-99	-99	-99	-99	-99
17.02.1996	-99	2.494	-99	-99	-99	-99	-99	-99	-99	-99
18.02.1996	-99	2.467	-99	-99	-99	-99	-99	-99	-99	-99
19.02.1996	-99	2.435	-99	-99	-99	-99	-99	-99	-99	-99
20.02.1996	-99	2.319	-99	-99	-99	-99	-99	-99	-99	-99
21.02.1996	-99	2.263	-99	-99	-99	-99	-99	-99	-99	-99
22.02.1996	-99	2.229	-99	-99	-99	-99	-99	-99	-99	-99
23.02.1996	-99	2.185	-99	-99	-99	-99	-99	-99	-99	-99
24.02.1996	-99	2.142	-99	-99	-99	-99	-99	-99	-99	-99
25.02.1996	-99	2.118	-99	-99	-99	-99	-99	-99	-99	-99
26.02.1996	-99	1.984	-99	-99	-99	-99	-99	-99	-99	-99
27.02.1996	-99	2.584	-99	-99	-99	-99	-99	-99	-99	-99
28.02.1996	-99	2.12	-99	-99	-99	-99	-99	-99	-99	-99
29.02.1996	-99	2.369	-99	-99	-99	-99	-99	-99	-99	-99
01.03.1996	-99	2.508	-99	-99	-99	-99	-99	-99	-99	-99
02.03.1996	-99	2.574	-99	-99	-99	-99	-99	-99	-99	-99
03.03.1996	-99	2.607	-99	-99	-99	-99	-99	-99	-99	-99
04.03.1996	-99	2.567	-99	-99	-99	-99	-99	-99	-99	-99
05.03.1996	-99	2.552	-99	-99	-99	-99	-99	-99	-99	-99
06.03.1996	-99	2.497	-99	-99	-99	-99	-99	-99	-99	-99
07.03.1996	-99	2.498	-99	-99	-99	-99	-99	-99	-99	-99
08.03.1996	-99	2.448	-99	-99	-99	-99	-99	-99	-99	-99
09.03.1996	-99	2.375	-99	-99	-99	-99	-99	-99	-99	-99
10.03.1996	-99	2.35	-99	-99	-99	-99	-99	-99	-99	-99
11.03.1996	-99	2.324	-99	-99	-99	-99	-99	-99	-99	-99
12.03.1996	-99	2.308	-99	-99	-99	-99	-99	-99	-99	-99
13.03.1996	-99	2.298	-99	-99	-99	-99	-99	-99	-99	-99
14.03.1996	-99	2.249	-99	-99	-99	-99	-99	-99	-99	-99
15.03.1996	-99	2.987	-99	-99	-99	-99	-99	-99	-99	-99
16.03.1996	-99	2.246	-99	-99	-99	-99	-99	-99	-99	-99
17.03.1996	-99	1.976	-99	-99	-99	-99	-99	-99	-99	-99
18.03.1996	-99	1.96	-99	-99	-99	-99	-99	-99	-99	-99
19.03.1996	-99	1.96	-99	-99	-99	-99	-99	-99	-99	-99
20.03.1996	-99	1.953	-99	-99	-99	-99	-99	-99	-99	-99
21.03.1996	-99	1.899	-99	-99	-99	-99	-99	-99	-99	-99
22.03.1996	-99	1.914	-99	-99	-99	-99	-99	-99	-99	-99
23.03.1996	-99	1.912	-99	-99	-99	-99	-99	-99	-99	-99
24.03.1996	-99	1.88	-99	-99	-99	-99	-99	-99	-99	-99
25.03.1996	-99	1.85	-99	-99	-99	-99	-99	-99	-99	-99
26.03.1996	-99	1.951	-99	-99	-99	-99	-99	-99	-99	-99
27.03.1996	-99	2.149	-99	-99	-99	-99	-99	-99	-99	-99
28.03.1996	-99	2.201	-99	-99	-99	-99	-99	-99	-99	-99
29.03.1996	-99	2.183	-99	-99	-99	-99	-99	-99	-99	-99
30.03.1996	-99	2.172	-99	-99	-99	-99	-99	-99	-99	-99
31.03.1996	-99	2.142	-99	-99	-99	-99	-99	-99	-99	-99
01.04.1996	-99	2.122	-99	-99	-99	-99	-99	-99	-99	-99
02.04.1996	-99	2.803	-99	-99	-99	-99	-99	-99	-99	-99
03.04.1996	-99	2.792	-99	-99	-99	-99	-99	-99	-99	-99
04.04.1996	-99	2.272	-99	-99	-99	-99	-99	-99	-99	-99
05.04.1996	-99	1.976	-99	-99	-99	-99	-99	-99	-99	-99
06.04.1996	-99	2.148	-99	-99	-99	-99	-99	-99	-99	-99
07.04.1996	-99	2.538	-99	-99	-99	-99	-99	-99	-99	-99
08.04.1996	-99	2.131	-99	-99	-99	-99	-99	-99	-99	-99
09.04.1996	-99	2.492	-99	-99	-99	-99	-99	-99	-99	-99
10.04.1996	-99	2.944	-99	-99	-99	-99	-99	-99	-99	-99
11.04.1996	-99	3.551	-99	-99	-99	-99	-99	-99	-99	-99
12.04.1996	-99	3.652	-99	-99	-99	-99	-99	-99	-99	-99
13.04.1996	-99	3.715	-99	-99	-99	-99	-99	-99	-99	-99
14.04.1996	-99	3.781	-99	-99	-99	-99	-99	-99	-99	-99
15.04.1996	-99	3.901	-99	-99	-99	-99	-99	-99	-99	-99
16.04.1996	-99	4.427	-99	-99	-99	-99	-99	-99	-99	-99
17.04.1996	-99	4.66	-99	-99	-99	-99	-99	-99	-99	-99
18.04.1996	-99	5.795	-99	-99	-99	-99	-99	-99	-99	-99
19.04.1996	-99	6.927	-99	-99	-99	-99	-99	-99	-99	-99
20.04.1996	-99	7.885	-99	-99	-99	-99	-99	-99	-99	-99
21.04.1996	-99	8.895	-99	-99	-99	-99	-99	-99	-99	-99
22.04.1996	-99	10.433	-99	-99	-99	-99	-99	-99	-99	-99
23.04.1996	-99	12.193	-99	-99	-99	-99	-99	-99	-99	-99
24.04.1996	-99	15.837	-99	-99	-99	-99	-99	-99	-99	-99
25.04.1996	-99	19.659	-99	-99	-99	-99	-99	-99	-99	-99
26.04.1996	-99	20.506	-99	-99	-99	-99	-99	-99	-99	-99
27.04.1996	-99	20.669	-99	-99	-99	-99	-99	-99	-99	-99
28.04.1996	-99	22.182	-99	-99	-99	-99	-99	-99	-99	-99
29.04.1996	-99	21.414	-99	-99	-99	-99	-99	-99	-99	-99
30.04.1996	-99	19.639	-99	-99	-99	-99	-99	-99	-99	-99
01.05.1996	-99	17.822	-99	-99	-99	-99	-99	-99	-99	-99
02.05.1996	-99	16.175	-99	-99	-99	-99	-99	-99	-99	-99
03.05.1996	-99	14.938	-99	-99	-99	-99	-99	-99	-99	-99
04.05.1996	-99	13.965	-99	-99	-99	-99	-99	-99	-99	-99
05.05.1996	-99	12.906	-99	-99	-99	-99	-99	-99	-99	-99
06.05.1996	-99	12.249	-99	-99	-99	-99	-99	-99	-99	-99
07.05.1996	-99	11.376	-99	-99	-99	-99	-99	-99	-99	-99
08.05.1996	-99	10.637	-99	-99	-99	-99	-99	-99	-99	-99
09.05.1996	-99	10.242	-99	-99	-99	-99	-99	-99	-99	-99
10.05.1996	-99	9.578	-99	-99	-99	-99	-99	-99	-99	-99
11.05.1996	-99	9.124	-99	-99	-99	-99	-99	-99	-99	-99
12.05.1996	-99	9.696	-99	-99	-99	-99	-99	-99	-99	-99
13.05.1996	-99	15.763	-99	-99	-99	-99	-99	-99	-99	-99
14.05.1996	-99	23.779	-99	-99	-99	-99	-99	-99	-99	-99
15.05.1996	-99	27.443	-99	-99	-99	-99	-99	-99	-99	-99
16.05.1996	-99	26.646	-99	-99	-99	-99	-99	-99	-99	-99
17.05.1996	-99	24.619	-99	-99	-99	-99	-99	-99	-99	-99
18.05.1996	-99	22.515	-99	-99	-99	-99	-99	-99	-99	-99
19.05.1996	-99	20.371	-99	-99	-99	-99	-99	-99	-99	-99
20.05.1996	-99	18.775	-99	-99	-99	-99	-99	-99	-99	-99
21.05.1996	-99	18.555	-99	-99	-99	-99	-99	-99	-99	-99
22.05.1996	-99	19.613	-99	-99	-99	-99	-99	-99	-99	-99
23.05.1996	-99	20.615	-99	-99	-99	-99	-99	-99	-99	-99
24.05.1996	-99	21.751	-99	-99	-99	-99	-99	-99	-99	-99
25.05.1996	-99	23.371	-99	-99	-99	-99	-99	-99	-99	-99
26.05.1996	-99	24.777	-99	-99	-99	-99	-99	-99	-99	-99
27.05.1996	-99	23.521	-99	-99	-99	-99	-99	-99	-99	-99
28.05.1996	-99	22.236	-99	-99	-99	-99	-99	-99	-99	-99
29.05.1996	-99	20.558	-99	-99	-99	-99	-99	-99	-99	-99
30.05.1996	-99	19.324	-99	-99	-99	-99	-99	-99	-99	-99
31.05.1996	-99	19.599	-99	-99	-99	-99	-99	-99	-99	-99
01.06.1996	-99	24.931	-99	-99	-99	-99	-99	-99	-99	-99
02.06.1996	-99	26.351	-99	-99	-99	-99	-99	-99	-99	-99
03.06.1996	-99	26.139	-99	-99	-99	-99	-99	-99	-99	-99
04.06.1996	-99	25.368	-99	-99	-99	-99	-99	-99	-99	-99
05.06.1996	-99	25.971	-99	-99	-99	-99	-99	-99	-99	-99
06.06.1996	-99	31.516	-99	-99	-99	-99	-99	-99	-99	-99
07.06.1996	-99	38.373	-99	-99	-99	-99	-99	-99	-99	-99
08.06.1996	-99	48.1	-99	-99	-99	-99	-99	-99	-99	-99
09.06.1996	-99	66.976	-99	-99	-99	-99	-99	-99	-99	-99
10.06.1996	-99	67.51	-99	-99	-99	-99	-99	-99	-99	-99
11.06.1996	-99	66.87	-99	-99	-99	-99	-99	-99	-99	-99
12.06.1996	-99	68.528	-99	-99	-99	-99	-99	-99	-99	-99
13.06.1996	-99	70.22	-99	-99	-99	-99	-99	-99	-99	-99
14.06.1996	-99	65.697	-99	-99	-99	-99	-99	-99	-99	-99
15.06.1996	-99	58.771	-99	-99	-99	-99	-99	-99	-99	-99
16.06.1996	-99	53.974	-99	-99	-99	-99	-99	-99	-99	-99
17.06.1996	-99	52.864	-99	-99	-99	-99	-99	-99	-99	-99
18.06.1996	-99	56.243	-99	-99	-99	-99	-99	-99	-99	-99
19.06.1996	-99	57.618	-99	-99	-99	-99	-99	-99	-99	-99
20.06.1996	-99	53.352	-99	-99	-99	-99	-99	-99	-99	-99
21.06.1996	-99	47.484	-99	-99	-99	-99	-99	-99	-99	-99
22.06.1996	-99	43.283	-99	-99	-99	-99	-99	-99	-99	-99
23.06.1996	-99	41.262	-99	-99	-99	-99	-99	-99	-99	-99
24.06.1996	-99	40.863	-99	-99	-99	-99	-99	-99	-99	-99
25.06.1996	-99	40.217	-99	-99	-99	-99	-99	-99	-99	-99
26.06.1996	-99	40.412	-99	-99	-99	-99	-99	-99	-99	-99
27.06.1996	-99	42.421	-99	-99	-99	-99	-99	-99	-99	-99
28.06.1996	-99	43.523	-99	-99	-99	-99	-99	-99	-99	-99
29.06.1996	-99	43.195	-99	-99	-99	-99	-99	-99	-99	-99
30.06.1996	-99	44.103	-99	-99	-99	-99	-99	-99	-99	-99
01.07.1996	-99	48.148	-99	-99	-99	-99	-99	-99	-99	-99
02.07.1996	-99	54.887	-99	-99	-99	-99	-99	-99	-99	-99
03.07.1996	-99	62.868	-99	-99	-99	-99	-99	-99	-99	-99
04.07.1996	-99	62.472	-99	-99	-99	-99	-99	-99	-99	-99
05.07.1996	-99	67.21	-99	-99	-99	-99	-99	-99	-99	-99
06.07.1996	-99	74.633	-99	-99	-99	-99	-99	-99	-99	-99
07.07.1996	-99	68.812	-99	-99	-99	-99	-99	-99	-99	-99
08.07.1996	-99	62.493	-99	-99	-99	-99	-99	-99	-99	-99
09.07.1996	-99	57.681	-99	-99	-99	-99	-99	-99	-99	-99
10.07.1996	-99	53.833	-99	-99	-99	-99	-99	-99	-99	-99
11.07.1996	-99	51.435	-99	-99	-99	-99	-99	-99	-99	-99
12.07.1996	-99	50.929	-99	-99	-99	-99	-99	-99	-99	-99
13.07.1996	-99	50.19	-99	-99	-99	-99	-99	-99	-99	-99
14.07.1996	-99	49.791	-99	-99	-99	-99	-99	-99	-99	-99
15.07.1996	-99	59.979	-99	-99	-99	-99	-99	-99	-99	-99
16.07.1996	-99	64.644	-99	-99	-99	-99	-99	-99	-99	-99
17.07.1996	-99	62.105	-99	-99	-99	-99	-99	-99	-99	-99
18.07.1996	-99	58.359	-99	-99	-99	-99	-99	-99	-99	-99
19.07.1996	-99	52.527	-99	-99	-99	-99	-99	-99	-99	-99
20.07.1996	-99	47.624	-99	-99	-99	-99	-99	-99	-99	-99
21.07.1996	-99	44.698	-99	-99	-99	-99	-99	-99	-99	-99
22.07.1996	-99	43.987	-99	-99	-99	-99	-99	-99	-99	-99
23.07.1996	-99	47.257	-99	-99	-99	-99	-99	-99	-99	-99
24.07.1996	-99	53.116	-99	-99	-99	-99	-99	-99	-99	-99
25.07.1996	-99	57.804	-99	-99	-99	-99	-99	-99	-99	-99
26.07.1996	-99	59.769	-99	-99	-99	-99	-99	-99	-99	-99
27.07.1996	-99	59.807	-99	-99	-99	-99	-99	-99	-99	-99
28.07.1996	-99	57.922	-99	-99	-99	-99	-99	-99	-99	-99
29.07.1996	-99	56.661	-99	-99	-99	-99	-99	-99	-99	-99
30.07.1996	-99	53.479	-99	-99	-99	-99	-99	-99	-99	-99
31.07.1996	-99	48.865	-99	-99	-99	-99	-99	-99	-99	-99
01.08.1996	-99	46.303	-99	-99	-99	-99	-99	-99	-99	-99
02.08.1996	-99	46.126	-99	-99	-99	-99	-99	-99	-99	-99
03.08.1996	-99	46.751	-99	-99	-99	-99	-99	-99	-99	-99
04.08.1996	-99	50.852	-99	-99	-99	-99	-99	-99	-99	-99
05.08.1996	-99	54.382	-99	-99	-99	-99	-99	-99	-99	-99
06.08.1996	-99	55.208	-99	-99	-99	-99	-99	-99	-99	-99
07.08.1996	-99	56.578	-99	-99	-99	-99	-99	-99	-99	-99
08.08.1996	-99	58.729	-99	-99	-99	-99	-99	-99	-99	-99
09.08.1996	-99	60.54	-99	-99	-99	-99	-99	-99	-99	-99
10.08.1996	-99	63.89	-99	-99	-99	-99	-99	-99	-99	-99
11.08.1996	-99	66.855	-99	-99	-99	-99	-99	-99	-99	-99
12.08.1996	-99	69.914	-99	-99	-99	-99	-99	-99	-99	-99
13.08.1996	-99	72.13	-99	-99	-99	-99	-99	-99	-99	-99
14.08.1996	-99	72.353	-99	-99	-99	-99	-99	-99	-99	-99
15.08.1996	-99	69.63	-99	-99	-99	-99	-99	-99	-99	-99
16.08.1996	-99	66.261	-99	-99	-99	-99	-99	-99	-99	-99
17.08.1996	-99	63.2	-99	-99	-99	-99	-99	-99	-99	-99
18.08.1996	-99	61.659	-99	-99	-99	-99	-99	-99	-99	-99
19.08.1996	-99	61.769	-99	-99	-99	-99	-99	-99	-99	-99
20.08.1996	-99	64.003	-99	-99	-99	-99	-99	-99	-99	-99
21.08.1996	-99	67.971	-99	-99	-99	-99	-99	-99	-99	-99
22.08.1996	-99	70.766	-99	-99	-99	-99	-99	-99	-99	-99
23.08.1996	-99	71.316	-99	-99	-99	-99	-99	-99	-99	-99
24.08.1996	-99	75.139	-99	-99	-99	-99	-99	-99	-99	-99
25.08.1996	-99	82.302	-99	-99	-99	-99	-99	-99	-99	-99
26.08.1996	-99	80.427	-99	-99	-99	-99	-99	-99	-99	-99
27.08.1996	-99	75.944	-99	-99	-99	-99	-99	-99	-99	-99
28.08.1996	-99	78.802	-99	-99	-99	-99	-99	-99	-99	-99
29.08.1996	-99	75.433	-99	-99	-99	-99	-99	-99	-99	-99
30.08.1996	-99	71.926	-99	-99	-99	-99	-99	-99	-99	-99
31.08.1996	-99	70.854	-99	-99	-99	-99	-99	-99	-99	-99
01.09.1996	-99	70.814	-99	-99	-99	-99	-99	-99	-99	-99
02.09.1996	-99	64.77	-99	-99	-99	-99	-99	-99	-99	-99
03.09.1996	-99	58.951	-99	-99	-99	-99	-99	-99	-99	-99
04.09.1996	-99	53.52	-99	-99	-99	-99	-99	-99	-99	-99
05.09.1996	-99	47.764	-99	-99	-99	-99	-99	-99	-99	-99
06.09.1996	-99	42.301	-99	-99	-99	-99	-99	-99	-99	-99
07.09.1996	-99	37.713	-99	-99	-99	-99	-99	-99	-99	-99
08.09.1996	-99	34.398	-99	-99	-99	-99	-99	-99	-99	-99
09.09.1996	-99	31.729	-99	-99	-99	-99	-99	-99	-99	-99
10.09.1996	-99	29.171	-99	-99	-99	-99	-99	-99	-99	-99
11.09.1996	-99	27.28	-99	-99	-99	-99	-99	-99	-99	-99
12.09.1996	-99	25.917	-99	-99	-99	-99	-99	-99	-99	-99
13.09.1996	-99	23.846	-99	-99	-99	-99	-99	-99	-99	-99
14.09.1996	-99	21.729	-99	-99	-99	-99	-99	-99	-99	-99
15.09.1996	-99	19.862	-99	-99	-99	-99	-99	-99	-99	-99
16.09.1996	-99	18.462	-99	-99	-99	-99	-99	-99	-99	-99
17.09.1996	-99	16.996	-99	-99	-99	-99	-99	-99	-99	-99
18.09.1996	-99	15.869	-99	-99	-99	-99	-99	-99	-99	-99
19.09.1996	-99	14.679	-99	-99	-99	-99	-99	-99	-99	-99
20.09.1996	-99	14.913	-99	-99	-99	-99	-99	-99	-99	-99
21.09.1996	-99	12.954	-99	-99	-99	-99	-99	-99	-99	-99
22.09.1996	-99	12.476	-99	-99	-99	-99	-99	-99	-99	-99
23.09.1996	-99	11.688	-99	-99	-99	-99	-99	-99	-99	-99
24.09.1996	-99	11.904	-99	-99	-99	-99	-99	-99	-99	-99
25.09.1996	-99	10.482	-99	-99	-99	-99	-99	-99	-99	-99
26.09.1996	-99	9.731	-99	-99	-99	-99	-99	-99	-99	-99
27.09.1996	-99	9.441	-99	-99	-99	-99	-99	-99	-99	-99
28.09.1996	-99	9.772	-99	-99	-99	-99	-99	-99	-99	-99
29.09.1996	-99	8.958	-99	-99	-99	-99	-99	-99	-99	-99
30.09.1996	-99	8.766	-99	-99	-99	-99	-99	-99	-99	-99
01.10.1996	-99	9.384	-99	-99	-99	-99	-99	-99	-99	-99
02.10.1996	-99	10.206	-99	-99	-99	-99	-99	-99	-99	-99
03.10.1996	-99	10.228	-99	-99	-99	-99	-99	-99	-99	-99
04.10.1996	-99	11.314	-99	-99	-99	-99	-99	-99	-99	-99
05.10.1996	-99	12.315	-99	-99	-99	-99	-99	-99	-99	-99
06.10.1996	-99	12.72	-99	-99	-99	-99	-99	-99	-99	-99
07.10.1996	-99	14.98	-99	-99	-99	-99	-99	-99	-99	-99
08.10.1996	-99	22.964	-99	-99	-99	-99	-99	-99	-99	-99
09.10.1996	-99	23.74	-99	-99	-99	-99	-99	-99	-99	-99
10.10.1996	-99	25.356	-99	-99	-99	-99	-99	-99	-99	-99
11.10.1996	-99	25.214	-99	-99	-99	-99	-99	-99	-99	-99
12.10.1996	-99	26.822	-99	-99	-99	-99	-99	-99	-99	-99
13.10.1996	-99	30.331	-99	-99	-99	-99	-99	-99	-99	-99
14.10.1996	-99	28.557	-99	-99	-99	-99	-99	-99	-99	-99
15.10.1996	-99	26.786	-99	-99	-99	-99	-99	-99	-99	-99
16.10.1996	-99	24.812	-99	-99	-99	-99	-99	-99	-99	-99
17.10.1996	-99	23.594	-99	-99	-99	-99	-99	-99	-99	-99
18.10.1996	-99	22.847	-99	-99	-99	-99	-99	-99	-99	-99
19.10.1996	-99	20.339	-99	-99	-99	-99	-99	-99	-99	-99
20.10.1996	-99	18.648	-99	-99	-99	-99	-99	-99	-99	-99
21.10.1996	-99	17.405	-99	-99	-99	-99	-99	-99	-99	-99
22.10.1996	-99	15.838	-99	-99	-99	-99	-99	-99	-99	-99
23.10.1996	-99	14.692	-99	-99	-99	-99	-99	-99	-99	-99
24.10.1996	-99	13.987	-99	-99	-99	-99	-99	-99	-99	-99
25.10.1996	-99	14.194	-99	-99	-99	-99	-99	-99	-99	-99
26.10.1996	-99	13.665	-99	-99	-99	-99	-99	-99	-99	-99
27.10.1996	-99	13.153	-99	-99	-99	-99	-99	-99	-99	-99
28.10.1996	-99	12.404	-99	-99	-99	-99	-99	-99	-99	-99
29.10.1996	-99	12.388	-99	-99	-99	-99	-99	-99	-99	-99
30.10.1996	-99	11.858	-99	-99	-99	-99	-99	-99	-99	-99
31.10.1996	-99	11.372	-99	-99	-99	-99	-99	-99	-99	-99
01.11.1996	-99	11.13	-99	-99	-99	-99	-99	-99	-99	-99
02.11.1996	-99	16.903	-99	-99	-99	-99	-99	-99	-99	-99
03.11.1996	-99	44.333	-99	-99	-99	-99	-99	-99	-99	-99
04.11.1996	-99	48.3	-99	-99	-99	-99	-99	-99	-99	-99
05.11.1996	-99	43.385	-99	-99	-99	-99	-99	-99	-99	-99
06.11.1996	-99	38.72	-99	-99	-99	-99	-99	-99	-99	-99
07.11.1996	-99	33.692	-99	-99	-99	-99	-99	-99	-99	-99
08.11.1996	-99	29.881	-99	-99	-99	-99	-99	-99	-99	-99
09.11.1996	-99	26.375	-99	-99	-99	-99	-99	-99	-99	-99
10.11.1996	-99	23.217	-99	-99	-99	-99	-99	-99	-99	-99
11.11.1996	-99	20.375	-99	-99	-99	-99	-99	-99	-99	-99
12.11.1996	-99	17.989	-99	-99	-99	-99	-99	-99	-99	-99
13.11.1996	-99	16.842	-99	-99	-99	-99	-99	-99	-99	-99
14.11.1996	-99	14.509	-99	-99	-99	-99	-99	-99	-99	-99
15.11.1996	-99	14.248	-99	-99	-99	-99	-99	-99	-99	-99
16.11.1996	-99	15.582	-99	-99	-99	-99	-99	-99	-99	-99
17.11.1996	-99	16.254	-99	-99	-99	-99	-99	-99	-99	-99
18.11.1996	-99	16.641	-99	-99	-99	-99	-99	-99	-99	-99
19.11.1996	-99	14.813	-99	-99	-99	-99	-99	-99	-99	-99
20.11.1996	-99	13.605	-99	-99	-99	-99	-99	-99	-99	-99
21.11.1996	-99	12.541	-99	-99	-99	-99	-99	-99	-99	-99
22.11.1996	-99	11.625	-99	-99	-99	-99	-99	-99	-99	-99
23.11.1996	-99	10.865	-99	-99	-99	-99	-99	-99	-99	-99
24.11.1996	-99	10.955	-99	-99	-99	-99	-99	-99	-99	-99
25.11.1996	-99	9.346	-99	-99	-99	-99	-99	-99	-99	-99
26.11.1996	-99	8.835	-99	-99	-99	-99	-99	-99	-99	-99
27.11.1996	-99	7.945	-99	-99	-99	-99	-99	-99	-99	-99
28.11.1996	-99	7.333	-99	-99	-99	-99	-99	-99	-99	-99
29.11.1996	-99	6.797	-99	-99	-99	-99	-99	-99	-99	-99
30.11.1996	-99	6.326	-99	-99	-99	-99	-99	-99	-99	-99
01.12.1996	-99	5.988	-99	-99	-99	-99	-99	-99	-99	-99
02.12.1996	-99	5.682	-99	-99	-99	-99	-99	-99	-99	-99
03.12.1996	-99	5.303	-99	-99	-99	-99	-99	-99	-99	-99
04.12.1996	-99	5.159	-99	-99	-99	-99	-99	-99	-99	-99
05.12.1996	-99	4.824	-99	-99	-99	-99	-99	-99	-99	-99
06.12.1996	-99	4.769	-99	-99	-99	-99	-99	-99	-99	-99
07.12.1996	-99	4.572	-99	-99	-99	-99	-99	-99	-99	-99
08.12.1996	-99	4.451	-99	-99	-99	-99	-99	-99	-99	-99
09.12.1996	-99	4.656	-99	-99	-99	-99	-99	-99	-99	-99
10.12.1996	-99	5.292	-99	-99	-99	-99	-99	-99	-99	-99
11.12.1996	-99	5.671	-99	-99	-99	-99	-99	-99	-99	-99
12.12.1996	-99	6.359	-99	-99	-99	-99	-99	-99	-99	-99
13.12.1996	-99	6.579	-99	-99	-99	-99	-99	-99	-99	-99
14.12.1996	-99	6.676	-99	-99	-99	-99	-99	-99	-99	-99
15.12.1996	-99	6.197	-99	-99	-99	-99	-99	-99	-99	-99
16.12.1996	-99	6.248	-99	-99	-99	-99	-99	-99	-99	-99
17.12.1996	-99	6.223	-99	-99	-99	-99	-99	-99	-99	-99
18.12.1996	-99	5.993	-99	-99	-99	-99	-99	-99	-99	-99
19.12.1996	-99	5.679	-99	-99	-99	-99	-99	-99	-99	-99
20.12.1996	-99	5.42	-99	-99	-99	-99	-99	-99	-99	-99
21.12.1996	-99	5.235	-99	-99	-99	-99	-99	-99	-99	-99
22.12.1996	-99	5.177	-99	-99	-99	-99	-99	-99	-99	-99
23.12.1996	-99	5.154	-99	-99	-99	-99	-99	-99	-99	-99
24.12.1996	-99	4.815	-99	-99	-99	-99	-99	-99	-99	-99
25.12.1996	-99	4.744	-99	-99	-99	-99	-99	-99	-99	-99
26.12.1996	-99	4.558	-99	-99	-99	-99	-99	-99	-99	-99
27.12.1996	-99	4.486	-99	-99	-99	-99	-99	-99	-99	-99
28.12.1996	-99	4.386	-99	-99	-99	-99	-99	-99	-99	-99
29.12.1996	-99	4.293	-99	-99	-99	-99	-99	-99	-99	-99
30.12.1996	-99	4.237	-99	-99	-99	-99	-99	-99	-99	-99
31.12.1996	-99	3.855	-99	-99	-99	-99	-99	-99	-99	-99
01.01.1997	-99	3.615	-99	-99	-99	-99	-99	-99	-99	-99
02.01.1997	-99	3.491	-99	-99	-99	-99	-99	-99	-99	-99
03.01.1997	-99	3.487	-99	-99	-99	-99	-99	-99	-99	-99
04.01.1997	-99	3.438	-99	-99	-99	-99	-99	-99	-99	-99
05.01.1997	-99	3.344	-99	-99	-99	-99	-99	-99	-99	-99
06.01.1997	-99	3.272	-99	-99	-99	-99	-99	-99	-99	-99
07.01.1997	-99	3.175	-99	-99	-99	-99	-99	-99	-99	-99
08.01.1997	-99	3.798	-99	-99	-99	-99	-99	-99	-99	-99
09.01.1997	-99	3.5	-99	-99	-99	-99	-99	-99	-99	-99
10.01.1997	-99	2.978	-99	-99	-99	-99	-99	-99	-99	-99
11.01.1997	-99	2.949	-99	-99	-99	-99	-99	-99	-99	-99
12.01.1997	-99	2.872	-99	-99	-99	-99	-99	-99	-99	-99
13.01.1997	-99	3.414	-99	-99	-99	-99	-99	-99	-99	-99
14.01.1997	-99	5.866	-99	-99	-99	-99	-99	-99	-99	-99
15.01.1997	-99	9.465	-99	-99	-99	-99	-99	-99	-99	-99
16.01.1997	-99	12.585	-99	-99	-99	-99	-99	-99	-99	-99
17.01.1997	-99	12.758	-99	-99	-99	-99	-99	-99	-99	-99
18.01.1997	-99	12.441	-99	-99	-99	-99	-99	-99	-99	-99
19.01.1997	-99	13.413	-99	-99	-99	-99	-99	-99	-99	-99
20.01.1997	-99	13.196	-99	-99	-99	-99	-99	-99	-99	-99
21.01.1997	-99	12.16	-99	-99	-99	-99	-99	-99	-99	-99
22.01.1997	-99	11.525	-99	-99	-99	-99	-99	-99	-99	-99
23.01.1997	-99	10.756	-99	-99	-99	-99	-99	-99	-99	-99
24.01.1997	-99	9.824	-99	-99	-99	-99	-99	-99	-99	-99
25.01.1997	-99	9.241	-99	-99	-99	-99	-99	-99	-99	-99
26.01.1997	-99	8.459	-99	-99	-99	-99	-99	-99	-99	-99
27.01.1997	-99	8.48	-99	-99	-99	-99	-99	-99	-99	-99
28.01.1997	-99	8.737	-99	-99	-99	-99	-99	-99	-99	-99
29.01.1997	-99	8.644	-99	-99	-99	-99	-99	-99	-99	-99
30.01.1997	-99	9.646	-99	-99	-99	-99	-99	-99	-99	-99
31.01.1997	-99	11.395	-99	-99	-99	-99	-99	-99	-99	-99
01.02.1997	-99	11.177	-99	-99	-99	-99	-99	-99	-99	-99
02.02.1997	-99	10.515	-99	-99	-99	-99	-99	-99	-99	-99
03.02.1997	-99	9.928	-99	-99	-99	-99	-99	-99	-99	-99
04.02.1997	-99	9.448	-99	-99	-99	-99	-99	-99	-99	-99
05.02.1997	-99	9.31	-99	-99	-99	-99	-99	-99	-99	-99
06.02.1997	-99	9.981	-99	-99	-99	-99	-99	-99	-99	-99
07.02.1997	-99	8.953	-99	-99	-99	-99	-99	-99	-99	-99
08.02.1997	-99	9.531	-99	-99	-99	-99	-99	-99	-99	-99
09.02.1997	-99	9.789	-99	-99	-99	-99	-99	-99	-99	-99
10.02.1997	-99	10.294	-99	-99	-99	-99	-99	-99	-99	-99
11.02.1997	-99	10.551	-99	-99	-99	-99	-99	-99	-99	-99
12.02.1997	-99	10.921	-99	-99	-99	-99	-99	-99	-99	-99
13.02.1997	-99	10.805	-99	-99	-99	-99	-99	-99	-99	-99
14.02.1997	-99	10.338	-99	-99	-99	-99	-99	-99	-99	-99
15.02.1997	-99	9.381	-99	-99	-99	-99	-99	-99	-99	-99
16.02.1997	-99	8.477	-99	-99	-99	-99	-99	-99	-99	-99
17.02.1997	-99	8.372	-99	-99	-99	-99	-99	-99	-99	-99
18.02.1997	-99	7.547	-99	-99	-99	-99	-99	-99	-99	-99
19.02.1997	-99	6.978	-99	-99	-99	-99	-99	-99	-99	-99
20.02.1997	-99	6.643	-99	-99	-99	-99	-99	-99	-99	-99
21.02.1997	-99	6.365	-99	-99	-99	-99	-99	-99	-99	-99
22.02.1997	-99	7.169	-99	-99	-99	-99	-99	-99	-99	-99
23.02.1997	-99	10.182	-99	-99	-99	-99	-99	-99	-99	-99
24.02.1997	-99	11.94	-99	-99	-99	-99	-99	-99	-99	-99
25.02.1997	-99	12.846	-99	-99	-99	-99	-99	-99	-99	-99
26.02.1997	-99	11.63	-99	-99	-99	-99	-99	-99	-99	-99
27.02.1997	-99	11.519	-99	-99	-99	-99	-99	-99	-99	-99
28.02.1997	-99	10.915	-99	-99	-99	-99	-99	-99	-99	-99
01.03.1997	-99	12.316	-99	-99	-99	-99	-99	-99	-99	-99
02.03.1997	-99	16.72	-99	-99	-99	-99	-99	-99	-99	-99
03.03.1997	-99	19.815	-99	-99	-99	-99	-99	-99	-99	-99
04.03.1997	-99	20.635	-99	-99	-99	-99	-99	-99	-99	-99
05.03.1997	-99	19.751	-99	-99	-99	-99	-99	-99	-99	-99
06.03.1997	-99	18.89	-99	-99	-99	-99	-99	-99	-99	-99
07.03.1997	-99	17.527	-99	-99	-99	-99	-99	-99	-99	-99
08.03.1997	-99	17.661	-99	-99	-99	-99	-99	-99	-99	-99
09.03.1997	-99	16.68	-99	-99	-99	-99	-99	-99	-99	-99
10.03.1997	-99	15.632	-99	-99	-99	-99	-99	-99	-99	-99
11.03.1997	-99	14.453	-99	-99	-99	-99	-99	-99	-99	-99
12.03.1997	-99	14.25	-99	-99	-99	-99	-99	-99	-99	-99
13.03.1997	-99	14.981	-99	-99	-99	-99	-99	-99	-99	-99
14.03.1997	-99	14.862	-99	-99	-99	-99	-99	-99	-99	-99
15.03.1997	-99	13.181	-99	-99	-99	-99	-99	-99	-99	-99
16.03.1997	-99	12.279	-99	-99	-99	-99	-99	-99	-99	-99
17.03.1997	-99	11.489	-99	-99	-99	-99	-99	-99	-99	-99
18.03.1997	-99	10.456	-99	-99	-99	-99	-99	-99	-99	-99
19.03.1997	-99	9.24	-99	-99	-99	-99	-99	-99	-99	-99
20.03.1997	-99	8.479	-99	-99	-99	-99	-99	-99	-99	-99
21.03.1997	-99	7.852	-99	-99	-99	-99	-99	-99	-99	-99
22.03.1997	-99	7.317	-99	-99	-99	-99	-99	-99	-99	-99
23.03.1997	-99	6.792	-99	-99	-99	-99	-99	-99	-99	-99
24.03.1997	-99	6.343	-99	-99	-99	-99	-99	-99	-99	-99
25.03.1997	-99	5.842	-99	-99	-99	-99	-99	-99	-99	-99
26.03.1997	-99	5.651	-99	-99	-99	-99	-99	-99	-99	-99
27.03.1997	-99	6.968	-99	-99	-99	-99	-99	-99	-99	-99
28.03.1997	-99	8.274	-99	-99	-99	-99	-99	-99	-99	-99
29.03.1997	-99	8.438	-99	-99	-99	-99	-99	-99	-99	-99
30.03.1997	-99	9.341	-99	-99	-99	-99	-99	-99	-99	-99
31.03.1997	-99	18.244	-99	-99	-99	-99	-99	-99	-99	-99
01.04.1997	-99	33.94	-99	-99	-99	-99	-99	-99	-99	-99
02.04.1997	-99	37.608	-99	-99	-99	-99	-99	-99	-99	-99
03.04.1997	-99	35.849	-99	-99	-99	-99	-99	-99	-99	-99
04.04.1997	-99	32.473	-99	-99	-99	-99	-99	-99	-99	-99
05.04.1997	-99	28.611	-99	-99	-99	-99	-99	-99	-99	-99
06.04.1997	-99	24.937	-99	-99	-99	-99	-99	-99	-99	-99
07.04.1997	-99	21.71	-99	-99	-99	-99	-99	-99	-99	-99
08.04.1997	-99	19.159	-99	-99	-99	-99	-99	-99	-99	-99
09.04.1997	-99	17.449	-99	-99	-99	-99	-99	-99	-99	-99
10.04.1997	-99	19.259	-99	-99	-99	-99	-99	-99	-99	-99
11.04.1997	-99	22.796	-99	-99	-99	-99	-99	-99	-99	-99
12.04.1997	-99	22.081	-99	-99	-99	-99	-99	-99	-99	-99
13.04.1997	-99	20.218	-99	-99	-99	-99	-99	-99	-99	-99
14.04.1997	-99	18.715	-99	-99	-99	-99	-99	-99	-99	-99
15.04.1997	-99	17.624	-99	-99	-99	-99	-99	-99	-99	-99
16.04.1997	-99	16.318	-99	-99	-99	-99	-99	-99	-99	-99
17.04.1997	-99	15.185	-99	-99	-99	-99	-99	-99	-99	-99
18.04.1997	-99	14.489	-99	-99	-99	-99	-99	-99	-99	-99
19.04.1997	-99	13.658	-99	-99	-99	-99	-99	-99	-99	-99
20.04.1997	-99	12.814	-99	-99	-99	-99	-99	-99	-99	-99
21.04.1997	-99	11.819	-99	-99	-99	-99	-99	-99	-99	-99
22.04.1997	-99	11.847	-99	-99	-99	-99	-99	-99	-99	-99
23.04.1997	-99	10.74	-99	-99	-99	-99	-99	-99	-99	-99
24.04.1997	-99	10.137	-99	-99	-99	-99	-99	-99	-99	-99
25.04.1997	-99	9.119	-99	-99	-99	-99	-99	-99	-99	-99
26.04.1997	-99	8.629	-99	-99	-99	-99	-99	-99	-99	-99
27.04.1997	-99	8.132	-99	-99	-99	-99	-99	-99	-99	-99
28.04.1997	-99	7.758	-99	-99	-99	-99	-99	-99	-99	-99
29.04.1997	-99	7.679	-99	-99	-99	-99	-99	-99	-99	-99
30.04.1997	-99	8.157	-99	-99	-99	-99	-99	-99	-99	-99
01.05.1997	-99	9.764	-99	-99	-99	-99	-99	-99	-99	-99
02.05.1997	-99	17.168	-99	-99	-99	-99	-99	-99	-99	-99
03.05.1997	-99	24.124	-99	-99	-99	-99	-99	-99	-99	-99
04.05.1997	-99	25.513	-99	-99	-99	-99	-99	-99	-99	-99
05.05.1997	-99	24.239	-99	-99	-99	-99	-99	-99	-99	-99
06.05.1997	-99	22.543	-99	-99	-99	-99	-99	-99	-99	-99
07.05.1997	-99	20.739	-99	-99	-99	-99	-99	-99	-99	-99
08.05.1997	-99	19.524	-99	-99	-99	-99	-99	-99	-99	-99
09.05.1997	-99	18.237	-99	-99	-99	-99	-99	-99	-99	-99
10.05.1997	-99	17.343	-99	-99	-99	-99	-99	-99	-99	-99
11.05.1997	-99	17.456	-99	-99	-99	-99	-99	-99	-99	-99
12.05.1997	-99	18.31	-99	-99	-99	-99	-99	-99	-99	-99
13.05.1997	-99	20.602	-99	-99	-99	-99	-99	-99	-99	-99
14.05.1997	-99	23.501	-99	-99	-99	-99	-99	-99	-99	-99
15.05.1997	-99	26.404	-99	-99	-99	-99	-99	-99	-99	-99
16.05.1997	-99	27.187	-99	-99	-99	-99	-99	-99	-99	-99
17.05.1997	-99	27.592	-99	-99	-99	-99	-99	-99	-99	-99
18.05.1997	-99	29.406	-99	-99	-99	-99	-99	-99	-99	-99
19.05.1997	-99	30.508	-99	-99	-99	-99	-99	-99	-99	-99
20.05.1997	-99	30.35	-99	-99	-99	-99	-99	-99	-99	-99
21.05.1997	-99	29.453	-99	-99	-99	-99	-99	-99	-99	-99
22.05.1997	-99	27.821	-99	-99	-99	-99	-99	-99	-99	-99
23.05.1997	-99	26.36	-99	-99	-99	-99	-99	-99	-99	-99
24.05.1997	-99	25.227	-99	-99	-99	-99	-99	-99	-99	-99
25.05.1997	-99	24.445	-99	-99	-99	-99	-99	-99	-99	-99
26.05.1997	-99	24.3	-99	-99	-99	-99	-99	-99	-99	-99
27.05.1997	-99	24.713	-99	-99	-99	-99	-99	-99	-99	-99
28.05.1997	-99	25.642	-99	-99	-99	-99	-99	-99	-99	-99
29.05.1997	-99	26.903	-99	-99	-99	-99	-99	-99	-99	-99
30.05.1997	-99	27.924	-99	-99	-99	-99	-99	-99	-99	-99
31.05.1997	-99	29.698	-99	-99	-99	-99	-99	-99	-99	-99
01.06.1997	-99	36.605	-99	-99	-99	-99	-99	-99	-99	-99
02.06.1997	-99	45.328	-99	-99	-99	-99	-99	-99	-99	-99
03.06.1997	-99	52.398	-99	-99	-99	-99	-99	-99	-99	-99
04.06.1997	-99	55.232	-99	-99	-99	-99	-99	-99	-99	-99
05.06.1997	-99	55.651	-99	-99	-99	-99	-99	-99	-99	-99
06.06.1997	-99	59.225	-99	-99	-99	-99	-99	-99	-99	-99
07.06.1997	-99	70.68	-99	-99	-99	-99	-99	-99	-99	-99
08.06.1997	-99	102.893	-99	-99	-99	-99	-99	-99	-99	-99
09.06.1997	-99	125.354	-99	-99	-99	-99	-99	-99	-99	-99
10.06.1997	-99	134.516	-99	-99	-99	-99	-99	-99	-99	-99
11.06.1997	-99	127.108	-99	-99	-99	-99	-99	-99	-99	-99
12.06.1997	-99	114.172	-99	-99	-99	-99	-99	-99	-99	-99
13.06.1997	-99	113.727	-99	-99	-99	-99	-99	-99	-99	-99
14.06.1997	-99	123.276	-99	-99	-99	-99	-99	-99	-99	-99
15.06.1997	-99	129.171	-99	-99	-99	-99	-99	-99	-99	-99
16.06.1997	-99	122.911	-99	-99	-99	-99	-99	-99	-99	-99
17.06.1997	-99	102.362	-99	-99	-99	-99	-99	-99	-99	-99
18.06.1997	-99	84.454	-99	-99	-99	-99	-99	-99	-99	-99
19.06.1997	-99	73.817	-99	-99	-99	-99	-99	-99	-99	-99
20.06.1997	-99	67.894	-99	-99	-99	-99	-99	-99	-99	-99
21.06.1997	-99	67.267	-99	-99	-99	-99	-99	-99	-99	-99
22.06.1997	-99	70.515	-99	-99	-99	-99	-99	-99	-99	-99
23.06.1997	-99	75.562	-99	-99	-99	-99	-99	-99	-99	-99
24.06.1997	-99	75.514	-99	-99	-99	-99	-99	-99	-99	-99
25.06.1997	-99	72.226	-99	-99	-99	-99	-99	-99	-99	-99
26.06.1997	-99	67.581	-99	-99	-99	-99	-99	-99	-99	-99
27.06.1997	-99	64.612	-99	-99	-99	-99	-99	-99	-99	-99
28.06.1997	-99	65.451	-99	-99	-99	-99	-99	-99	-99	-99
29.06.1997	-99	73.135	-99	-99	-99	-99	-99	-99	-99	-99
30.06.1997	-99	81.797	-99	-99	-99	-99	-99	-99	-99	-99
01.07.1997	-99	96.101	-99	-99	-99	-99	-99	-99	-99	-99
02.07.1997	-99	119.646	-99	-99	-99	-99	-99	-99	-99	-99
03.07.1997	-99	133.321	-99	-99	-99	-99	-99	-99	-99	-99
04.07.1997	-99	132.285	-99	-99	-99	-99	-99	-99	-99	-99
05.07.1997	-99	125.684	-99	-99	-99	-99	-99	-99	-99	-99
06.07.1997	-99	113.383	-99	-99	-99	-99	-99	-99	-99	-99
07.07.1997	-99	107.529	-99	-99	-99	-99	-99	-99	-99	-99
08.07.1997	-99	105.491	-99	-99	-99	-99	-99	-99	-99	-99
09.07.1997	-99	96.794	-99	-99	-99	-99	-99	-99	-99	-99
10.07.1997	-99	89.2	-99	-99	-99	-99	-99	-99	-99	-99
11.07.1997	-99	86.687	-99	-99	-99	-99	-99	-99	-99	-99
12.07.1997	-99	88.811	-99	-99	-99	-99	-99	-99	-99	-99
13.07.1997	-99	92.809	-99	-99	-99	-99	-99	-99	-99	-99
14.07.1997	-99	98.311	-99	-99	-99	-99	-99	-99	-99	-99
15.07.1997	-99	102.811	-99	-99	-99	-99	-99	-99	-99	-99
16.07.1997	-99	104.965	-99	-99	-99	-99	-99	-99	-99	-99
17.07.1997	-99	105.625	-99	-99	-99	-99	-99	-99	-99	-99
18.07.1997	-99	102.988	-99	-99	-99	-99	-99	-99	-99	-99
19.07.1997	-99	99.772	-99	-99	-99	-99	-99	-99	-99	-99
20.07.1997	-99	97.287	-99	-99	-99	-99	-99	-99	-99	-99
21.07.1997	-99	97.132	-99	-99	-99	-99	-99	-99	-99	-99
22.07.1997	-99	97.719	-99	-99	-99	-99	-99	-99	-99	-99
23.07.1997	-99	96.149	-99	-99	-99	-99	-99	-99	-99	-99
24.07.1997	-99	94.735	-99	-99	-99	-99	-99	-99	-99	-99
25.07.1997	-99	94.735	-99	-99	-99	-99	-99	-99	-99	-99
26.07.1997	-99	93.913	-99	-99	-99	-99	-99	-99	-99	-99
27.07.1997	-99	94.871	-99	-99	-99	-99	-99	-99	-99	-99
28.07.1997	-99	95.635	-99	-99	-99	-99	-99	-99	-99	-99
29.07.1997	-99	91.496	-99	-99	-99	-99	-99	-99	-99	-99
30.07.1997	-99	85.976	-99	-99	-99	-99	-99	-99	-99	-99
31.07.1997	-99	79.267	-99	-99	-99	-99	-99	-99	-99	-99
01.08.1997	-99	75.824	-99	-99	-99	-99	-99	-99	-99	-99
02.08.1997	-99	77.231	-99	-99	-99	-99	-99	-99	-99	-99
03.08.1997	-99	78.779	-99	-99	-99	-99	-99	-99	-99	-99
04.08.1997	-99	74.738	-99	-99	-99	-99	-99	-99	-99	-99
05.08.1997	-99	69.412	-99	-99	-99	-99	-99	-99	-99	-99
06.08.1997	-99	66.678	-99	-99	-99	-99	-99	-99	-99	-99
07.08.1997	-99	66.482	-99	-99	-99	-99	-99	-99	-99	-99
08.08.1997	-99	67.229	-99	-99	-99	-99	-99	-99	-99	-99
09.08.1997	-99	73.904	-99	-99	-99	-99	-99	-99	-99	-99
10.08.1997	-99	88.308	-99	-99	-99	-99	-99	-99	-99	-99
11.08.1997	-99	86.887	-99	-99	-99	-99	-99	-99	-99	-99
12.08.1997	-99	84.37	-99	-99	-99	-99	-99	-99	-99	-99
13.08.1997	-99	85.921	-99	-99	-99	-99	-99	-99	-99	-99
14.08.1997	-99	88.443	-99	-99	-99	-99	-99	-99	-99	-99
15.08.1997	-99	85.394	-99	-99	-99	-99	-99	-99	-99	-99
16.08.1997	-99	80.383	-99	-99	-99	-99	-99	-99	-99	-99
17.08.1997	-99	75.816	-99	-99	-99	-99	-99	-99	-99	-99
18.08.1997	-99	73.182	-99	-99	-99	-99	-99	-99	-99	-99
19.08.1997	-99	70.068	-99	-99	-99	-99	-99	-99	-99	-99
20.08.1997	-99	70.399	-99	-99	-99	-99	-99	-99	-99	-99
21.08.1997	-99	68.672	-99	-99	-99	-99	-99	-99	-99	-99
22.08.1997	-99	67.601	-99	-99	-99	-99	-99	-99	-99	-99
23.08.1997	-99	72.857	-99	-99	-99	-99	-99	-99	-99	-99
24.08.1997	-99	75.926	-99	-99	-99	-99	-99	-99	-99	-99
25.08.1997	-99	75.175	-99	-99	-99	-99	-99	-99	-99	-99
26.08.1997	-99	68.16	-99	-99	-99	-99	-99	-99	-99	-99
27.08.1997	-99	67.102	-99	-99	-99	-99	-99	-99	-99	-99
28.08.1997	-99	63.607	-99	-99	-99	-99	-99	-99	-99	-99
29.08.1997	-99	68.44	-99	-99	-99	-99	-99	-99	-99	-99
30.08.1997	-99	88.33	-99	-99	-99	-99	-99	-99	-99	-99
31.08.1997	-99	102.199	-99	-99	-99	-99	-99	-99	-99	-99
01.09.1997	-99	96.529	-99	-99	-99	-99	-99	-99	-99	-99
02.09.1997	-99	91.929	-99	-99	-99	-99	-99	-99	-99	-99
03.09.1997	-99	85.473	-99	-99	-99	-99	-99	-99	-99	-99
04.09.1997	-99	79.845	-99	-99	-99	-99	-99	-99	-99	-99
05.09.1997	-99	73.332	-99	-99	-99	-99	-99	-99	-99	-99
06.09.1997	-99	66.768	-99	-99	-99	-99	-99	-99	-99	-99
07.09.1997	-99	60.126	-99	-99	-99	-99	-99	-99	-99	-99
08.09.1997	-99	61.855	-99	-99	-99	-99	-99	-99	-99	-99
09.09.1997	-99	79.825	-99	-99	-99	-99	-99	-99	-99	-99
10.09.1997	-99	78.12	-99	-99	-99	-99	-99	-99	-99	-99
11.09.1997	-99	71.817	-99	-99	-99	-99	-99	-99	-99	-99
12.09.1997	-99	69.226	-99	-99	-99	-99	-99	-99	-99	-99
13.09.1997	-99	64.883	-99	-99	-99	-99	-99	-99	-99	-99
14.09.1997	-99	67.476	-99	-99	-99	-99	-99	-99	-99	-99
15.09.1997	-99	71.933	-99	-99	-99	-99	-99	-99	-99	-99
16.09.1997	-99	69.782	-99	-99	-99	-99	-99	-99	-99	-99
17.09.1997	-99	78.124	-99	-99	-99	-99	-99	-99	-99	-99
18.09.1997	-99	77.776	-99	-99	-99	-99	-99	-99	-99	-99
19.09.1997	-99	67.632	-99	-99	-99	-99	-99	-99	-99	-99
20.09.1997	-99	58.29	-99	-99	-99	-99	-99	-99	-99	-99
21.09.1997	-99	64.901	-99	-99	-99	-99	-99	-99	-99	-99
22.09.1997	-99	69.174	-99	-99	-99	-99	-99	-99	-99	-99
23.09.1997	-99	68.602	-99	-99	-99	-99	-99	-99	-99	-99
24.09.1997	-99	70.346	-99	-99	-99	-99	-99	-99	-99	-99
25.09.1997	-99	68.494	-99	-99	-99	-99	-99	-99	-99	-99
26.09.1997	-99	62.908	-99	-99	-99	-99	-99	-99	-99	-99
27.09.1997	-99	54.396	-99	-99	-99	-99	-99	-99	-99	-99
28.09.1997	-99	47.155	-99	-99	-99	-99	-99	-99	-99	-99
29.09.1997	-99	41.548	-99	-99	-99	-99	-99	-99	-99	-99
30.09.1997	-99	40.959	-99	-99	-99	-99	-99	-99	-99	-99
01.10.1997	-99	38.32	-99	-99	-99	-99	-99	-99	-99	-99
02.10.1997	-99	35.583	-99	-99	-99	-99	-99	-99	-99	-99
03.10.1997	-99	34.124	-99	-99	-99	-99	-99	-99	-99	-99
04.10.1997	-99	37.682	-99	-99	-99	-99	-99	-99	-99	-99
05.10.1997	-99	40.262	-99	-99	-99	-99	-99	-99	-99	-99
06.10.1997	-99	38.991	-99	-99	-99	-99	-99	-99	-99	-99
07.10.1997	-99	40.173	-99	-99	-99	-99	-99	-99	-99	-99
08.10.1997	-99	44.875	-99	-99	-99	-99	-99	-99	-99	-99
09.10.1997	-99	44.657	-99	-99	-99	-99	-99	-99	-99	-99
10.10.1997	-99	40.394	-99	-99	-99	-99	-99	-99	-99	-99
11.10.1997	-99	35.904	-99	-99	-99	-99	-99	-99	-99	-99
12.10.1997	-99	31.59	-99	-99	-99	-99	-99	-99	-99	-99
13.10.1997	-99	29.782	-99	-99	-99	-99	-99	-99	-99	-99
14.10.1997	-99	27.124	-99	-99	-99	-99	-99	-99	-99	-99
15.10.1997	-99	24.488	-99	-99	-99	-99	-99	-99	-99	-99
16.10.1997	-99	22.19	-99	-99	-99	-99	-99	-99	-99	-99
17.10.1997	-99	20.496	-99	-99	-99	-99	-99	-99	-99	-99
18.10.1997	-99	29.553	-99	-99	-99	-99	-99	-99	-99	-99
19.10.1997	-99	39.401	-99	-99	-99	-99	-99	-99	-99	-99
20.10.1997	-99	38.518	-99	-99	-99	-99	-99	-99	-99	-99
21.10.1997	-99	35.253	-99	-99	-99	-99	-99	-99	-99	-99
22.10.1997	-99	33.978	-99	-99	-99	-99	-99	-99	-99	-99
23.10.1997	-99	29.839	-99	-99	-99	-99	-99	-99	-99	-99
24.10.1997	-99	26.873	-99	-99	-99	-99	-99	-99	-99	-99
25.10.1997	-99	24.234	-99	-99	-99	-99	-99	-99	-99	-99
26.10.1997	-99	21.82	-99	-99	-99	-99	-99	-99	-99	-99
27.10.1997	-99	19.496	-99	-99	-99	-99	-99	-99	-99	-99
28.10.1997	-99	17.578	-99	-99	-99	-99	-99	-99	-99	-99
29.10.1997	-99	16.375	-99	-99	-99	-99	-99	-99	-99	-99
30.10.1997	-99	15.861	-99	-99	-99	-99	-99	-99	-99	-99
31.10.1997	-99	16.341	-99	-99	-99	-99	-99	-99	-99	-99
01.11.1997	-99	26.831	-99	-99	-99	-99	-99	-99	-99	-99
02.11.1997	-99	35.719	-99	-99	-99	-99	-99	-99	-99	-99
03.11.1997	-99	33.689	-99	-99	-99	-99	-99	-99	-99	-99
04.11.1997	-99	29.987	-99	-99	-99	-99	-99	-99	-99	-99
05.11.1997	-99	26.394	-99	-99	-99	-99	-99	-99	-99	-99
06.11.1997	-99	23.237	-99	-99	-99	-99	-99	-99	-99	-99
07.11.1997	-99	20.663	-99	-99	-99	-99	-99	-99	-99	-99
08.11.1997	-99	18.905	-99	-99	-99	-99	-99	-99	-99	-99
09.11.1997	-99	17.314	-99	-99	-99	-99	-99	-99	-99	-99
10.11.1997	-99	16.367	-99	-99	-99	-99	-99	-99	-99	-99
11.11.1997	-99	14.811	-99	-99	-99	-99	-99	-99	-99	-99
12.11.1997	-99	13.667	-99	-99	-99	-99	-99	-99	-99	-99
13.11.1997	-99	12.719	-99	-99	-99	-99	-99	-99	-99	-99
14.11.1997	-99	11.937	-99	-99	-99	-99	-99	-99	-99	-99
15.11.1997	-99	11.174	-99	-99	-99	-99	-99	-99	-99	-99
16.11.1997	-99	10.427	-99	-99	-99	-99	-99	-99	-99	-99
17.11.1997	-99	9.738	-99	-99	-99	-99	-99	-99	-99	-99
18.11.1997	-99	9.375	-99	-99	-99	-99	-99	-99	-99	-99
19.11.1997	-99	8.989	-99	-99	-99	-99	-99	-99	-99	-99
20.11.1997	-99	8.331	-99	-99	-99	-99	-99	-99	-99	-99
21.11.1997	-99	7.564	-99	-99	-99	-99	-99	-99	-99	-99
22.11.1997	-99	7.905	-99	-99	-99	-99	-99	-99	-99	-99
23.11.1997	-99	6.639	-99	-99	-99	-99	-99	-99	-99	-99
24.11.1997	-99	6.124	-99	-99	-99	-99	-99	-99	-99	-99
25.11.1997	-99	5.831	-99	-99	-99	-99	-99	-99	-99	-99
26.11.1997	-99	5.544	-99	-99	-99	-99	-99	-99	-99	-99
27.11.1997	-99	5.251	-99	-99	-99	-99	-99	-99	-99	-99
28.11.1997	-99	4.955	-99	-99	-99	-99	-99	-99	-99	-99
29.11.1997	-99	4.704	-99	-99	-99	-99	-99	-99	-99	-99
30.11.1997	-99	4.433	-99	-99	-99	-99	-99	-99	-99	-99
01.12.1997	-99	4.129	-99	-99	-99	-99	-99	-99	-99	-99
02.12.1997	-99	4.169	-99	-99	-99	-99	-99	-99	-99	-99
03.12.1997	-99	3.77	-99	-99	-99	-99	-99	-99	-99	-99
04.12.1997	-99	3.577	-99	-99	-99	-99	-99	-99	-99	-99
05.12.1997	-99	3.544	-99	-99	-99	-99	-99	-99	-99	-99
06.12.1997	-99	3.791	-99	-99	-99	-99	-99	-99	-99	-99
07.12.1997	-99	3.705	-99	-99	-99	-99	-99	-99	-99	-99
08.12.1997	-99	3.813	-99	-99	-99	-99	-99	-99	-99	-99
09.12.1997	-99	4.172	-99	-99	-99	-99	-99	-99	-99	-99
10.12.1997	-99	4.398	-99	-99	-99	-99	-99	-99	-99	-99
11.12.1997	-99	4.44	-99	-99	-99	-99	-99	-99	-99	-99
12.12.1997	-99	4.409	-99	-99	-99	-99	-99	-99	-99	-99
13.12.1997	-99	4.297	-99	-99	-99	-99	-99	-99	-99	-99
14.12.1997	-99	4.255	-99	-99	-99	-99	-99	-99	-99	-99
15.12.1997	-99	4.892	-99	-99	-99	-99	-99	-99	-99	-99
16.12.1997	-99	3.962	-99	-99	-99	-99	-99	-99	-99	-99
17.12.1997	-99	3.84	-99	-99	-99	-99	-99	-99	-99	-99
18.12.1997	-99	3.711	-99	-99	-99	-99	-99	-99	-99	-99
19.12.1997	-99	3.606	-99	-99	-99	-99	-99	-99	-99	-99
20.12.1997	-99	3.479	-99	-99	-99	-99	-99	-99	-99	-99
21.12.1997	-99	3.381	-99	-99	-99	-99	-99	-99	-99	-99
22.12.1997	-99	3.313	-99	-99	-99	-99	-99	-99	-99	-99
23.12.1997	-99	3.48	-99	-99	-99	-99	-99	-99	-99	-99
24.12.1997	-99	3.42	-99	-99	-99	-99	-99	-99	-99	-99
25.12.1997	-99	3.455	-99	-99	-99	-99	-99	-99	-99	-99
26.12.1997	-99	3.257	-99	-99	-99	-99	-99	-99	-99	-99
27.12.1997	-99	3.149	-99	-99	-99	-99	-99	-99	-99	-99
28.12.1997	-99	3.132	-99	-99	-99	-99	-99	-99	-99	-99
29.12.1997	-99	3.733	-99	-99	-99	-99	-99	-99	-99	-99
30.12.1997	-99	2.986	-99	-99	-99	-99	-99	-99	-99	-99
31.12.1997	-99	2.95	-99	-99	-99	-99	-99	-99	-99	-99
01.01.1998	0.162	2.804	-99	-99	-99	-99	-99	-99	-99	-99
02.01.1998	0.155	2.813	-99	-99	-99	-99	-99	-99	-99	-99
03.01.1998	0.155	2.792	-99	-99	-99	-99	-99	-99	-99	-99
04.01.1998	0.152	2.581	-99	-99	-99	-99	-99	-99	-99	-99
05.01.1998	0.155	2.523	-99	-99	-99	-99	-99	-99	-99	-99
06.01.1998	0.161	2.539	-99	-99	-99	-99	-99	-99	-99	-99
07.01.1998	0.174	2.56	-99	-99	-99	-99	-99	-99	-99	-99
08.01.1998	0.232	2.428	-99	-99	-99	-99	-99	-99	-99	-99
09.01.1998	0.148	2.348	-99	-99	-99	-99	-99	-99	-99	-99
10.01.1998	1.41	3.281	-99	-99	-99	-99	-99	-99	-99	-99
11.01.1998	2.42	5.439	-99	-99	-99	-99	-99	-99	-99	-99
12.01.1998	2.315	9.474	-99	-99	-99	-99	-99	-99	-99	-99
13.01.1998	1.14	11.591	-99	-99	-99	-99	-99	-99	-99	-99
14.01.1998	0.83	11.706	-99	-99	-99	-99	-99	-99	-99	-99
15.01.1998	0.768	11.618	-99	-99	-99	-99	-99	-99	-99	-99
16.01.1998	0.562	11.285	-99	-99	-99	-99	-99	-99	-99	-99
17.01.1998	0.524	10.707	-99	-99	-99	-99	-99	-99	-99	-99
18.01.1998	0.64	10.314	-99	-99	-99	-99	-99	-99	-99	-99
19.01.1998	0.754	9.627	-99	-99	-99	-99	-99	-99	-99	-99
20.01.1998	0.853	8.778	-99	-99	-99	-99	-99	-99	-99	-99
21.01.1998	0.958	8.316	-99	-99	-99	-99	-99	-99	-99	-99
22.01.1998	1.597	7.508	-99	-99	-99	-99	-99	-99	-99	-99
23.01.1998	1.157	7.45	-99	-99	-99	-99	-99	-99	-99	-99
24.01.1998	1.633	7.279	-99	-99	-99	-99	-99	-99	-99	-99
25.01.1998	0.808	6.956	-99	-99	-99	-99	-99	-99	-99	-99
26.01.1998	0.53	6.57	-99	-99	-99	-99	-99	-99	-99	-99
27.01.1998	0.709	6.768	-99	-99	-99	-99	-99	-99	-99	-99
28.01.1998	1.146	6.918	-99	-99	-99	-99	-99	-99	-99	-99
29.01.1998	0.855	6.612	-99	-99	-99	-99	-99	-99	-99	-99
30.01.1998	0.842	6.443	-99	-99	-99	-99	-99	-99	-99	-99
31.01.1998	1.249	6.932	-99	-99	-99	-99	-99	-99	-99	-99
01.02.1998	0.949	5.977	-99	-99	-99	-99	-99	-99	-99	-99
02.02.1998	0.791	5.9	-99	-99	-99	-99	-99	-99	-99	-99
03.02.1998	0.712	5.753	-99	-99	-99	-99	-99	-99	-99	-99
04.02.1998	0.742	5.504	-99	-99	-99	-99	-99	-99	-99	-99
05.02.1998	0.817	5.284	-99	-99	-99	-99	-99	-99	-99	-99
06.02.1998	0.806	5.247	-99	-99	-99	-99	-99	-99	-99	-99
07.02.1998	0.582	5.708	-99	-99	-99	-99	-99	-99	-99	-99
08.02.1998	0.506	5.838	-99	-99	-99	-99	-99	-99	-99	-99
09.02.1998	0.485	6.352	-99	-99	-99	-99	-99	-99	-99	-99
10.02.1998	4.225	9.66	-99	-99	-99	-99	-99	-99	-99	-99
11.02.1998	6.703	12.421	-99	-99	-99	-99	-99	-99	-99	-99
12.02.1998	3.357	13.963	-99	-99	-99	-99	-99	-99	-99	-99
13.02.1998	2.361	12.861	-99	-99	-99	-99	-99	-99	-99	-99
14.02.1998	1.702	13.204	-99	-99	-99	-99	-99	-99	-99	-99
15.02.1998	1.569	15.494	-99	-99	-99	-99	-99	-99	-99	-99
16.02.1998	1.147	16.748	-99	-99	-99	-99	-99	-99	-99	-99
17.02.1998	0.883	16.368	-99	-99	-99	-99	-99	-99	-99	-99
18.02.1998	2.125	19.8	-99	-99	-99	-99	-99	-99	-99	-99
19.02.1998	3.151	29.276	-99	-99	-99	-99	-99	-99	-99	-99
20.02.1998	2.137	34.632	-99	-99	-99	-99	-99	-99	-99	-99
21.02.1998	3.739	43.117	-99	-99	-99	-99	-99	-99	-99	-99
22.02.1998	2.302	50.206	-99	-99	-99	-99	-99	-99	-99	-99
23.02.1998	1.811	48.329	-99	-99	-99	-99	-99	-99	-99	-99
24.02.1998	1.518	43.988	-99	-99	-99	-99	-99	-99	-99	-99
25.02.1998	2.125	42.451	-99	-99	-99	-99	-99	-99	-99	-99
26.02.1998	1.998	45.131	-99	-99	-99	-99	-99	-99	-99	-99
27.02.1998	1.665	44.831	-99	-99	-99	-99	-99	-99	-99	-99
28.02.1998	1.596	40.5	-99	-99	-99	-99	-99	-99	-99	-99
01.03.1998	1.524	35.936	-99	-99	-99	-99	-99	-99	-99	-99
02.03.1998	1.458	29.817	-99	-99	-99	-99	-99	-99	-99	-99
03.03.1998	1.383	25.551	-99	-99	-99	-99	-99	-99	-99	-99
04.03.1998	1.307	22.219	-99	-99	-99	-99	-99	-99	-99	-99
05.03.1998	1.229	19.987	-99	-99	-99	-99	-99	-99	-99	-99
06.03.1998	1.149	17.235	-99	-99	-99	-99	-99	-99	-99	-99
07.03.1998	1.763	15.321	-99	-99	-99	-99	-99	-99	-99	-99
08.03.1998	0.992	13.904	-99	-99	-99	-99	-99	-99	-99	-99
09.03.1998	0.906	12.829	-99	-99	-99	-99	-99	-99	-99	-99
10.03.1998	0.817	11.76	-99	-99	-99	-99	-99	-99	-99	-99
11.03.1998	0.735	10.685	-99	-99	-99	-99	-99	-99	-99	-99
12.03.1998	0.64	9.927	-99	-99	-99	-99	-99	-99	-99	-99
13.03.1998	0.539	9.584	-99	-99	-99	-99	-99	-99	-99	-99
14.03.1998	0.539	8.672	-99	-99	-99	-99	-99	-99	-99	-99
15.03.1998	0.539	8.433	-99	-99	-99	-99	-99	-99	-99	-99
16.03.1998	0.584	8.269	-99	-99	-99	-99	-99	-99	-99	-99
17.03.1998	0.565	8.296	-99	-99	-99	-99	-99	-99	-99	-99
18.03.1998	0.74	8.659	-99	-99	-99	-99	-99	-99	-99	-99
19.03.1998	0.979	8.676	-99	-99	-99	-99	-99	-99	-99	-99
20.03.1998	0.847	8.474	-99	-99	-99	-99	-99	-99	-99	-99
21.03.1998	0.659	8.22	-99	-99	-99	-99	-99	-99	-99	-99
22.03.1998	0.581	7.827	-99	-99	-99	-99	-99	-99	-99	-99
23.03.1998	0.501	7.416	-99	-99	-99	-99	-99	-99	-99	-99
24.03.1998	0.435	7.402	-99	-99	-99	-99	-99	-99	-99	-99
25.03.1998	0.41	6.866	-99	-99	-99	-99	-99	-99	-99	-99
26.03.1998	0.366	6.757	-99	-99	-99	-99	-99	-99	-99	-99
27.03.1998	0.29	6.963	-99	-99	-99	-99	-99	-99	-99	-99
28.03.1998	0.349	7.405	-99	-99	-99	-99	-99	-99	-99	-99
29.03.1998	0.414	8.818	-99	-99	-99	-99	-99	-99	-99	-99
30.03.1998	0.906	9.785	-99	-99	-99	-99	-99	-99	-99	-99
31.03.1998	4.494	15.398	-99	-99	-99	-99	-99	-99	-99	-99
01.04.1998	1.584	20.23	-99	-99	-99	-99	-99	-99	-99	-99
02.04.1998	1.534	20.724	-99	-99	-99	-99	-99	-99	-99	-99
03.04.1998	1.467	19.934	-99	-99	-99	-99	-99	-99	-99	-99
04.04.1998	1.955	17.97	-99	-99	-99	-99	-99	-99	-99	-99
05.04.1998	0.55	16.298	-99	-99	-99	-99	-99	-99	-99	-99
06.04.1998	0.528	14.404	-99	-99	-99	-99	-99	-99	-99	-99
07.04.1998	0.41	13.303	-99	-99	-99	-99	-99	-99	-99	-99
08.04.1998	0.547	12.387	-99	-99	-99	-99	-99	-99	-99	-99
09.04.1998	0.507	11.351	-99	-99	-99	-99	-99	-99	-99	-99
10.04.1998	0.459	10.385	-99	-99	-99	-99	-99	-99	-99	-99
11.04.1998	0.299	9.514	-99	-99	-99	-99	-99	-99	-99	-99
12.04.1998	0.282	8.791	-99	-99	-99	-99	-99	-99	-99	-99
13.04.1998	0.25	8.202	-99	-99	-99	-99	-99	-99	-99	-99
14.04.1998	0.267	7.772	-99	-99	-99	-99	-99	-99	-99	-99
15.04.1998	0.276	7.117	-99	-99	-99	-99	-99	-99	-99	-99
16.04.1998	0.287	6.675	-99	-99	-99	-99	-99	-99	-99	-99
17.04.1998	0.207	6.171	-99	-99	-99	-99	-99	-99	-99	-99
18.04.1998	0.211	5.948	-99	-99	-99	-99	-99	-99	-99	-99
19.04.1998	0.22	5.783	-99	-99	-99	-99	-99	-99	-99	-99
20.04.1998	0.23	5.678	-99	-99	-99	-99	-99	-99	-99	-99
21.04.1998	0.29	5.623	-99	-99	-99	-99	-99	-99	-99	-99
22.04.1998	0.489	5.617	-99	-99	-99	-99	-99	-99	-99	-99
23.04.1998	1.156	6.29	-99	-99	-99	-99	-99	-99	-99	-99
24.04.1998	1.794	8.127	-99	-99	-99	-99	-99	-99	-99	-99
25.04.1998	2.109	11.279	-99	-99	-99	-99	-99	-99	-99	-99
26.04.1998	2.543	14.868	-99	-99	-99	-99	-99	-99	-99	-99
27.04.1998	1.897	17.491	-99	-99	-99	-99	-99	-99	-99	-99
28.04.1998	1.627	18.634	-99	-99	-99	-99	-99	-99	-99	-99
29.04.1998	1.544	19.183	-99	-99	-99	-99	-99	-99	-99	-99
30.04.1998	1.906	19.197	-99	-99	-99	-99	-99	-99	-99	-99
01.05.1998	2.704	20.956	-99	-99	-99	-99	-99	-99	-99	-99
02.05.1998	1.845	20.787	-99	-99	-99	-99	-99	-99	-99	-99
03.05.1998	1.552	20.679	-99	-99	-99	-99	-99	-99	-99	-99
04.05.1998	1.385	19.868	-99	-99	-99	-99	-99	-99	-99	-99
05.05.1998	1.302	18.964	-99	-99	-99	-99	-99	-99	-99	-99
06.05.1998	1.289	18.246	-99	-99	-99	-99	-99	-99	-99	-99
07.05.1998	1.369	17.521	-99	-99	-99	-99	-99	-99	-99	-99
08.05.1998	1.573	18.212	-99	-99	-99	-99	-99	-99	-99	-99
09.05.1998	1.391	19.503	-99	-99	-99	-99	-99	-99	-99	-99
10.05.1998	2.966	20.803	-99	-99	-99	-99	-99	-99	-99	-99
11.05.1998	2.484	25.616	-99	-99	-99	-99	-99	-99	-99	-99
12.05.1998	1.95	25.953	-99	-99	-99	-99	-99	-99	-99	-99
13.05.1998	2.132	25.169	-99	-99	-99	-99	-99	-99	-99	-99
14.05.1998	2.928	25.617	-99	-99	-99	-99	-99	-99	-99	-99
15.05.1998	4.337	27.984	-99	-99	-99	-99	-99	-99	-99	-99
16.05.1998	4.368	33.307	-99	-99	-99	-99	-99	-99	-99	-99
17.05.1998	4.202	37.459	-99	-99	-99	-99	-99	-99	-99	-99
18.05.1998	4.19	39.861	-99	-99	-99	-99	-99	-99	-99	-99
19.05.1998	5.288	43.909	-99	-99	-99	-99	-99	-99	-99	-99
20.05.1998	3.284	44.855	-99	-99	-99	-99	-99	-99	-99	-99
21.05.1998	2.421	40.91	-99	-99	-99	-99	-99	-99	-99	-99
22.05.1998	2.463	36.248	-99	-99	-99	-99	-99	-99	-99	-99
23.05.1998	1.775	31.932	-99	-99	-99	-99	-99	-99	-99	-99
24.05.1998	1.79	29.156	-99	-99	-99	-99	-99	-99	-99	-99
25.05.1998	1.881	26.638	-99	-99	-99	-99	-99	-99	-99	-99
26.05.1998	1.828	24.8	-99	-99	-99	-99	-99	-99	-99	-99
27.05.1998	1.846	22.814	-99	-99	-99	-99	-99	-99	-99	-99
28.05.1998	2.255	21.676	-99	-99	-99	-99	-99	-99	-99	-99
29.05.1998	3.345	21.979	-99	-99	-99	-99	-99	-99	-99	-99
30.05.1998	3.922	24.343	-99	-99	-99	-99	-99	-99	-99	-99
31.05.1998	4.463	28.472	-99	-99	-99	-99	-99	-99	-99	-99
01.06.1998	3.566	30.969	-99	-99	-99	-99	-99	-99	-99	-99
02.06.1998	2.945	30.893	-99	-99	-99	-99	-99	-99	-99	-99
03.06.1998	2.958	29.928	-99	-99	-99	-99	-99	-99	-99	-99
04.06.1998	3.422	29.933	-99	-99	-99	-99	-99	-99	-99	-99
05.06.1998	2.707	30.513	-99	-99	-99	-99	-99	-99	-99	-99
06.06.1998	2.539	29.526	-99	-99	-99	-99	-99	-99	-99	-99
07.06.1998	3.969	28.409	-99	-99	-99	-99	-99	-99	-99	-99
08.06.1998	7.481	35.132	-99	-99	-99	-99	-99	-99	-99	-99
09.06.1998	6.698	46.244	-99	-99	-99	-99	-99	-99	-99	-99
10.06.1998	7.571	53.78	-99	-99	-99	-99	-99	-99	-99	-99
11.06.1998	6.98	62.342	-99	-99	-99	-99	-99	-99	-99	-99
12.06.1998	5.653	63.605	-99	-99	-99	-99	-99	-99	-99	-99
13.06.1998	4.902	60.419	-99	-99	-99	-99	-99	-99	-99	-99
14.06.1998	3.918	55.157	-99	-99	-99	-99	-99	-99	-99	-99
15.06.1998	3.92	49.301	-99	-99	-99	-99	-99	-99	-99	-99
16.06.1998	4.805	46.124	-99	-99	-99	-99	-99	-99	-99	-99
17.06.1998	6.155	49.769	-99	-99	-99	-99	-99	-99	-99	-99
18.06.1998	5.716	54.427	-99	-99	-99	-99	-99	-99	-99	-99
19.06.1998	4.44	55.397	-99	-99	-99	-99	-99	-99	-99	-99
20.06.1998	3.851	50.827	-99	-99	-99	-99	-99	-99	-99	-99
21.06.1998	5.286	48.211	-99	-99	-99	-99	-99	-99	-99	-99
22.06.1998	9.461	60.257	-99	-99	-99	-99	-99	-99	-99	-99
23.06.1998	9.693	83.221	-99	-99	-99	-99	-99	-99	-99	-99
24.06.1998	8.226	88.145	-99	-99	-99	-99	-99	-99	-99	-99
25.06.1998	7.876	88.368	-99	-99	-99	-99	-99	-99	-99	-99
26.06.1998	8.616	90.345	-99	-99	-99	-99	-99	-99	-99	-99
27.06.1998	8.174	93.715	-99	-99	-99	-99	-99	-99	-99	-99
28.06.1998	8.955	93.244	-99	-99	-99	-99	-99	-99	-99	-99
29.06.1998	10.229	96.457	-99	-99	-99	-99	-99	-99	-99	-99
30.06.1998	8.392	95.958	-99	-99	-99	-99	-99	-99	-99	-99
01.07.1998	7.731	89.845	-99	-99	-99	-99	-99	-99	-99	-99
02.07.1998	7.841	88.567	-99	-99	-99	-99	-99	-99	-99	-99
03.07.1998	6.81	85.205	-99	-99	-99	-99	-99	-99	-99	-99
04.07.1998	6.815	82.384	-99	-99	-99	-99	-99	-99	-99	-99
05.07.1998	7.794	81.694	-99	-99	-99	-99	-99	-99	-99	-99
06.07.1998	7.994	84.898	-99	-99	-99	-99	-99	-99	-99	-99
07.07.1998	5.983	81.648	-99	-99	-99	-99	-99	-99	-99	-99
08.07.1998	4.995	72.45	-99	-99	-99	-99	-99	-99	-99	-99
09.07.1998	5.836	69.634	-99	-99	-99	-99	-99	-99	-99	-99
10.07.1998	5.262	68.488	-99	-99	-99	-99	-99	-99	-99	-99
11.07.1998	4.468	63.794	-99	-99	-99	-99	-99	-99	-99	-99
12.07.1998	4.348	59.362	-99	-99	-99	-99	-99	-99	-99	-99
13.07.1998	5.215	57.444	-99	-99	-99	-99	-99	-99	-99	-99
14.07.1998	5.824	59.144	-99	-99	-99	-99	-99	-99	-99	-99
15.07.1998	5.164	59.607	-99	-99	-99	-99	-99	-99	-99	-99
16.07.1998	4.659	57.884	-99	-99	-99	-99	-99	-99	-99	-99
17.07.1998	4.388	54.871	-99	-99	-99	-99	-99	-99	-99	-99
18.07.1998	4.133	51.456	-99	-99	-99	-99	-99	-99	-99	-99
19.07.1998	4.325	49.86	-99	-99	-99	-99	-99	-99	-99	-99
20.07.1998	4.388	48.192	-99	-99	-99	-99	-99	-99	-99	-99
21.07.1998	5.47	50.433	-99	-99	-99	-99	-99	-99	-99	-99
22.07.1998	8.882	68.162	-99	-99	-99	-99	-99	-99	-99	-99
23.07.1998	6.484	79.721	-99	-99	-99	-99	-99	-99	-99	-99
24.07.1998	5.39	79.465	-99	-99	-99	-99	-99	-99	-99	-99
25.07.1998	5.419	76.551	-99	-99	-99	-99	-99	-99	-99	-99
26.07.1998	4.952	74.146	-99	-99	-99	-99	-99	-99	-99	-99
27.07.1998	4.378	68.176	-99	-99	-99	-99	-99	-99	-99	-99
28.07.1998	3.658	61.62	-99	-99	-99	-99	-99	-99	-99	-99
29.07.1998	3.723	56.925	-99	-99	-99	-99	-99	-99	-99	-99
30.07.1998	4.923	55.195	-99	-99	-99	-99	-99	-99	-99	-99
31.07.1998	4.35	55.113	-99	-99	-99	-99	-99	-99	-99	-99
01.08.1998	4.905	57.85	-99	-99	-99	-99	-99	-99	-99	-99
02.08.1998	4.199	59.31	-99	-99	-99	-99	-99	-99	-99	-99
03.08.1998	3.651	56.51	-99	-99	-99	-99	-99	-99	-99	-99
04.08.1998	4.32	55.914	-99	-99	-99	-99	-99	-99	-99	-99
05.08.1998	5.384	59.984	-99	-99	-99	-99	-99	-99	-99	-99
06.08.1998	5.907	68.404	-99	-99	-99	-99	-99	-99	-99	-99
07.08.1998	7.994	78.426	-99	-99	-99	-99	-99	-99	-99	-99
08.08.1998	6.14	89.508	-99	-99	-99	-99	-99	-99	-99	-99
09.08.1998	5.425	83.846	-99	-99	-99	-99	-99	-99	-99	-99
10.08.1998	4.218	75.677	-99	-99	-99	-99	-99	-99	-99	-99
11.08.1998	3.329	66.618	-99	-99	-99	-99	-99	-99	-99	-99
12.08.1998	3.916	59.614	-99	-99	-99	-99	-99	-99	-99	-99
13.08.1998	3.594	56.946	-99	-99	-99	-99	-99	-99	-99	-99
14.08.1998	3.499	56.44	-99	-99	-99	-99	-99	-99	-99	-99
15.08.1998	4.37	58.683	-99	-99	-99	-99	-99	-99	-99	-99
16.08.1998	4.178	63.117	-99	-99	-99	-99	-99	-99	-99	-99
17.08.1998	3.819	62.163	-99	-99	-99	-99	-99	-99	-99	-99
18.08.1998	5.832	68.437	-99	-99	-99	-99	-99	-99	-99	-99
19.08.1998	5.436	79.412	-99	-99	-99	-99	-99	-99	-99	-99
20.08.1998	3.93	73.926	-99	-99	-99	-99	-99	-99	-99	-99
21.08.1998	3.525	68.355	-99	-99	-99	-99	-99	-99	-99	-99
22.08.1998	3.692	64.96	-99	-99	-99	-99	-99	-99	-99	-99
23.08.1998	3.374	61.126	-99	-99	-99	-99	-99	-99	-99	-99
24.08.1998	2.926	55.916	-99	-99	-99	-99	-99	-99	-99	-99
25.08.1998	2.473	50.652	-99	-99	-99	-99	-99	-99	-99	-99
26.08.1998	2.12	44.919	-99	-99	-99	-99	-99	-99	-99	-99
27.08.1998	2.354	39.775	-99	-99	-99	-99	-99	-99	-99	-99
28.08.1998	2.202	37.493	-99	-99	-99	-99	-99	-99	-99	-99
29.08.1998	2.326	34.733	-99	-99	-99	-99	-99	-99	-99	-99
30.08.1998	1.865	32.255	-99	-99	-99	-99	-99	-99	-99	-99
31.08.1998	1.77	30.601	-99	-99	-99	-99	-99	-99	-99	-99
01.09.1998	1.98	28.737	-99	-99	-99	-99	-99	-99	-99	-99
02.09.1998	1.821	27.485	-99	-99	-99	-99	-99	-99	-99	-99
03.09.1998	1.637	25.908	-99	-99	-99	-99	-99	-99	-99	-99
04.09.1998	1.487	24.201	-99	-99	-99	-99	-99	-99	-99	-99
05.09.1998	1.373	22.783	-99	-99	-99	-99	-99	-99	-99	-99
06.09.1998	1.502	21.547	-99	-99	-99	-99	-99	-99	-99	-99
07.09.1998	1.845	22.123	-99	-99	-99	-99	-99	-99	-99	-99
08.09.1998	1.973	24.283	-99	-99	-99	-99	-99	-99	-99	-99
09.09.1998	2.33	27.644	-99	-99	-99	-99	-99	-99	-99	-99
10.09.1998	2.421	32.247	-99	-99	-99	-99	-99	-99	-99	-99
11.09.1998	2.33	35.229	-99	-99	-99	-99	-99	-99	-99	-99
12.09.1998	2.375	36.46	-99	-99	-99	-99	-99	-99	-99	-99
13.09.1998	2.353	36.82	-99	-99	-99	-99	-99	-99	-99	-99
14.09.1998	2.407	36.697	-99	-99	-99	-99	-99	-99	-99	-99
15.09.1998	2.526	38.363	-99	-99	-99	-99	-99	-99	-99	-99
16.09.1998	3.233	42.263	-99	-99	-99	-99	-99	-99	-99	-99
17.09.1998	2.627	42.765	-99	-99	-99	-99	-99	-99	-99	-99
18.09.1998	2.308	41.271	-99	-99	-99	-99	-99	-99	-99	-99
19.09.1998	2.105	38.316	-99	-99	-99	-99	-99	-99	-99	-99
20.09.1998	1.978	35.433	-99	-99	-99	-99	-99	-99	-99	-99
21.09.1998	2.27	33.612	-99	-99	-99	-99	-99	-99	-99	-99
22.09.1998	3.876	36.502	-99	-99	-99	-99	-99	-99	-99	-99
23.09.1998	3.113	39.569	-99	-99	-99	-99	-99	-99	-99	-99
24.09.1998	2.752	39.955	-99	-99	-99	-99	-99	-99	-99	-99
25.09.1998	2.433	38.934	-99	-99	-99	-99	-99	-99	-99	-99
26.09.1998	2.39	37.645	-99	-99	-99	-99	-99	-99	-99	-99
27.09.1998	2.418	37.483	-99	-99	-99	-99	-99	-99	-99	-99
28.09.1998	2.275	34.873	-99	-99	-99	-99	-99	-99	-99	-99
29.09.1998	1.813	31.926	-99	-99	-99	-99	-99	-99	-99	-99
30.09.1998	1.615	29.227	-99	-99	-99	-99	-99	-99	-99	-99
01.10.1998	1.413	26.488	-99	-99	-99	-99	-99	-99	-99	-99
02.10.1998	1.193	23.836	-99	-99	-99	-99	-99	-99	-99	-99
03.10.1998	1.235	21.511	-99	-99	-99	-99	-99	-99	-99	-99
04.10.1998	0.891	19.268	-99	-99	-99	-99	-99	-99	-99	-99
05.10.1998	0.761	17.441	-99	-99	-99	-99	-99	-99	-99	-99
06.10.1998	0.676	15.76	-99	-99	-99	-99	-99	-99	-99	-99
07.10.1998	0.604	14.326	-99	-99	-99	-99	-99	-99	-99	-99
08.10.1998	0.558	13.156	-99	-99	-99	-99	-99	-99	-99	-99
09.10.1998	0.965	12.43	-99	-99	-99	-99	-99	-99	-99	-99
10.10.1998	1.258	12.89	-99	-99	-99	-99	-99	-99	-99	-99
11.10.1998	1.145	13.971	-99	-99	-99	-99	-99	-99	-99	-99
12.10.1998	0.974	12.865	-99	-99	-99	-99	-99	-99	-99	-99
13.10.1998	0.915	12.246	-99	-99	-99	-99	-99	-99	-99	-99
14.10.1998	1.934	11.862	-99	-99	-99	-99	-99	-99	-99	-99
15.10.1998	1.157	12.902	-99	-99	-99	-99	-99	-99	-99	-99
16.10.1998	1.215	13.951	-99	-99	-99	-99	-99	-99	-99	-99
17.10.1998	1.561	13.844	-99	-99	-99	-99	-99	-99	-99	-99
18.10.1998	0.976	13.256	-99	-99	-99	-99	-99	-99	-99	-99
19.10.1998	0.927	13.132	-99	-99	-99	-99	-99	-99	-99	-99
20.10.1998	0.854	12.502	-99	-99	-99	-99	-99	-99	-99	-99
21.10.1998	0.788	12.145	-99	-99	-99	-99	-99	-99	-99	-99
22.10.1998	1.148	11.808	-99	-99	-99	-99	-99	-99	-99	-99
23.10.1998	3.341	18.194	-99	-99	-99	-99	-99	-99	-99	-99
24.10.1998	2.167	26.351	-99	-99	-99	-99	-99	-99	-99	-99
25.10.1998	1.937	27.939	-99	-99	-99	-99	-99	-99	-99	-99
26.10.1998	1.756	28.108	-99	-99	-99	-99	-99	-99	-99	-99
27.10.1998	1.429	27.345	-99	-99	-99	-99	-99	-99	-99	-99
28.10.1998	1.183	24.736	-99	-99	-99	-99	-99	-99	-99	-99
29.10.1998	1.366	22.343	-99	-99	-99	-99	-99	-99	-99	-99
30.10.1998	0.98	20.138	-99	-99	-99	-99	-99	-99	-99	-99
31.10.1998	0.984	19.259	-99	-99	-99	-99	-99	-99	-99	-99
01.11.1998	0.817	17.828	-99	-99	-99	-99	-99	-99	-99	-99
02.11.1998	0.781	16.37	-99	-99	-99	-99	-99	-99	-99	-99
03.11.1998	0.744	14.486	-99	-99	-99	-99	-99	-99	-99	-99
04.11.1998	0.698	13.254	-99	-99	-99	-99	-99	-99	-99	-99
05.11.1998	0.66	12.124	-99	-99	-99	-99	-99	-99	-99	-99
06.11.1998	0.621	11.258	-99	-99	-99	-99	-99	-99	-99	-99
07.11.1998	0.584	10.716	-99	-99	-99	-99	-99	-99	-99	-99
08.11.1998	0.778	10.108	-99	-99	-99	-99	-99	-99	-99	-99
09.11.1998	0.471	9.462	-99	-99	-99	-99	-99	-99	-99	-99
10.11.1998	0.455	8.437	-99	-99	-99	-99	-99	-99	-99	-99
11.11.1998	0.439	7.889	-99	-99	-99	-99	-99	-99	-99	-99
12.11.1998	0.403	7.478	-99	-99	-99	-99	-99	-99	-99	-99
13.11.1998	0.389	7.121	-99	-99	-99	-99	-99	-99	-99	-99
14.11.1998	0.384	6.711	-99	-99	-99	-99	-99	-99	-99	-99
15.11.1998	0.384	6.333	-99	-99	-99	-99	-99	-99	-99	-99
16.11.1998	0.384	5.982	-99	-99	-99	-99	-99	-99	-99	-99
17.11.1998	0.385	5.684	-99	-99	-99	-99	-99	-99	-99	-99
18.11.1998	0.266	5.427	-99	-99	-99	-99	-99	-99	-99	-99
19.11.1998	0.283	5.17	-99	-99	-99	-99	-99	-99	-99	-99
20.11.1998	0.306	4.877	-99	-99	-99	-99	-99	-99	-99	-99
21.11.1998	0.315	4.644	-99	-99	-99	-99	-99	-99	-99	-99
22.11.1998	0.629	5.44	-99	-99	-99	-99	-99	-99	-99	-99
23.11.1998	0.579	6.515	-99	-99	-99	-99	-99	-99	-99	-99
24.11.1998	0.46	6.66	-99	-99	-99	-99	-99	-99	-99	-99
25.11.1998	0.385	6.57	-99	-99	-99	-99	-99	-99	-99	-99
26.11.1998	0.336	6.407	-99	-99	-99	-99	-99	-99	-99	-99
27.11.1998	0.325	6.154	-99	-99	-99	-99	-99	-99	-99	-99
28.11.1998	0.274	5.981	-99	-99	-99	-99	-99	-99	-99	-99
29.11.1998	0.275	5.684	-99	-99	-99	-99	-99	-99	-99	-99
30.11.1998	0.256	5.435	-99	-99	-99	-99	-99	-99	-99	-99
01.12.1998	0.258	5.294	-99	-99	-99	-99	-99	-99	-99	-99
02.12.1998	1.199	5.694	-99	-99	-99	-99	-99	-99	-99	-99
03.12.1998	1.486	7.576	-99	-99	-99	-99	-99	-99	-99	-99
04.12.1998	1.632	8.98	-99	-99	-99	-99	-99	-99	-99	-99
05.12.1998	0.992	9.151	-99	-99	-99	-99	-99	-99	-99	-99
06.12.1998	0.924	8.734	-99	-99	-99	-99	-99	-99	-99	-99
07.12.1998	0.862	8.604	-99	-99	-99	-99	-99	-99	-99	-99
08.12.1998	0.79	7.568	-99	-99	-99	-99	-99	-99	-99	-99
09.12.1998	0.716	7.171	-99	-99	-99	-99	-99	-99	-99	-99
10.12.1998	0.64	6.882	-99	-99	-99	-99	-99	-99	-99	-99
11.12.1998	0.562	6.593	-99	-99	-99	-99	-99	-99	-99	-99
12.12.1998	0.49	6.244	-99	-99	-99	-99	-99	-99	-99	-99
13.12.1998	0.406	5.99	-99	-99	-99	-99	-99	-99	-99	-99
14.12.1998	0.315	5.815	-99	-99	-99	-99	-99	-99	-99	-99
15.12.1998	0.966	7.214	-99	-99	-99	-99	-99	-99	-99	-99
16.12.1998	0.837	9.627	-99	-99	-99	-99	-99	-99	-99	-99
17.12.1998	2.815	12.632	-99	-99	-99	-99	-99	-99	-99	-99
18.12.1998	3.338	25.106	-99	-99	-99	-99	-99	-99	-99	-99
19.12.1998	2.378	30.555	-99	-99	-99	-99	-99	-99	-99	-99
20.12.1998	1.76	28.466	-99	-99	-99	-99	-99	-99	-99	-99
21.12.1998	1.596	26.34	-99	-99	-99	-99	-99	-99	-99	-99
22.12.1998	1.436	23.39	-99	-99	-99	-99	-99	-99	-99	-99
23.12.1998	1.26	20.751	-99	-99	-99	-99	-99	-99	-99	-99
24.12.1998	1.845	18.577	-99	-99	-99	-99	-99	-99	-99	-99
25.12.1998	0.885	17.209	-99	-99	-99	-99	-99	-99	-99	-99
26.12.1998	0.879	16.632	-99	-99	-99	-99	-99	-99	-99	-99
27.12.1998	0.828	15.407	-99	-99	-99	-99	-99	-99	-99	-99
28.12.1998	0.686	13.857	-99	-99	-99	-99	-99	-99	-99	-99
29.12.1998	0.682	12.957	-99	-99	-99	-99	-99	-99	-99	-99
30.12.1998	0.614	12.633	-99	-99	-99	-99	-99	-99	-99	-99
31.12.1998	0.428	11.238	-99	-99	-99	-99	-99	-99	-99	-99
01.01.1999	0.388	10.846	-99	-99	-99	-99	-99	-99	-99	-99
02.01.1999	0.407	10.373	-99	-99	-99	-99	-99	-99	-99	-99
03.01.1999	0.37	9.907	-99	-99	-99	-99	-99	-99	-99	-99
04.01.1999	0.36	9.424	-99	-99	-99	-99	-99	-99	-99	-99
05.01.1999	0.369	8.992	-99	-99	-99	-99	-99	-99	-99	-99
06.01.1999	0.366	8.551	-99	-99	-99	-99	-99	-99	-99	-99
07.01.1999	0.381	8.647	-99	-99	-99	-99	-99	-99	-99	-99
08.01.1999	0.367	7.513	-99	-99	-99	-99	-99	-99	-99	-99
09.01.1999	0.367	7.366	-99	-99	-99	-99	-99	-99	-99	-99
10.01.1999	0.337	6.568	-99	-99	-99	-99	-99	-99	-99	-99
11.01.1999	0.337	6.167	-99	-99	-99	-99	-99	-99	-99	-99
12.01.1999	0.337	5.781	-99	-99	-99	-99	-99	-99	-99	-99
13.01.1999	0.337	5.471	-99	-99	-99	-99	-99	-99	-99	-99
14.01.1999	0.308	5.131	-99	-99	-99	-99	-99	-99	-99	-99
15.01.1999	0.308	4.648	-99	-99	-99	-99	-99	-99	-99	-99
16.01.1999	0.308	4.438	-99	-99	-99	-99	-99	-99	-99	-99
17.01.1999	0.281	4.489	-99	-99	-99	-99	-99	-99	-99	-99
18.01.1999	0.281	4.476	-99	-99	-99	-99	-99	-99	-99	-99
19.01.1999	0.291	4.397	-99	-99	-99	-99	-99	-99	-99	-99
20.01.1999	0.318	4.622	-99	-99	-99	-99	-99	-99	-99	-99
21.01.1999	0.318	4.729	-99	-99	-99	-99	-99	-99	-99	-99
22.01.1999	0.318	5.973	-99	-99	-99	-99	-99	-99	-99	-99
23.01.1999	0.409	5.465	-99	-99	-99	-99	-99	-99	-99	-99
24.01.1999	0.432	5.477	-99	-99	-99	-99	-99	-99	-99	-99
25.01.1999	0.41	5.55	-99	-99	-99	-99	-99	-99	-99	-99
26.01.1999	0.389	5.576	-99	-99	-99	-99	-99	-99	-99	-99
27.01.1999	0.343	5.439	-99	-99	-99	-99	-99	-99	-99	-99
28.01.1999	0.302	5.184	-99	-99	-99	-99	-99	-99	-99	-99
29.01.1999	0.283	4.887	-99	-99	-99	-99	-99	-99	-99	-99
30.01.1999	0.257	4.818	-99	-99	-99	-99	-99	-99	-99	-99
31.01.1999	0.498	5.509	-99	-99	-99	-99	-99	-99	-99	-99
01.02.1999	0.767	6.664	-99	-99	-99	-99	-99	-99	-99	-99
02.02.1999	0.706	7.99	-99	-99	-99	-99	-99	-99	-99	-99
03.02.1999	0.654	9.498	-99	-99	-99	-99	-99	-99	-99	-99
04.02.1999	2.96	16.941	-99	-99	-99	-99	-99	-99	-99	-99
05.02.1999	1.531	22.26	-99	-99	-99	-99	-99	-99	-99	-99
06.02.1999	1.545	22.71	-99	-99	-99	-99	-99	-99	-99	-99
07.02.1999	1.496	21.574	-99	-99	-99	-99	-99	-99	-99	-99
08.02.1999	1.458	18.814	-99	-99	-99	-99	-99	-99	-99	-99
09.02.1999	1.389	17.267	-99	-99	-99	-99	-99	-99	-99	-99
10.02.1999	1.322	15.552	-99	-99	-99	-99	-99	-99	-99	-99
11.02.1999	1.257	14.194	-99	-99	-99	-99	-99	-99	-99	-99
12.02.1999	1.194	12.804	-99	-99	-99	-99	-99	-99	-99	-99
13.02.1999	1.738	11.667	-99	-99	-99	-99	-99	-99	-99	-99
14.02.1999	1.163	10.574	-99	-99	-99	-99	-99	-99	-99	-99
15.02.1999	0.96	11.445	-99	-99	-99	-99	-99	-99	-99	-99
16.02.1999	0.907	13.341	-99	-99	-99	-99	-99	-99	-99	-99
17.02.1999	0.855	13.34	-99	-99	-99	-99	-99	-99	-99	-99
18.02.1999	0.805	12.914	-99	-99	-99	-99	-99	-99	-99	-99
19.02.1999	0.749	11.985	-99	-99	-99	-99	-99	-99	-99	-99
20.02.1999	0.692	11.699	-99	-99	-99	-99	-99	-99	-99	-99
21.02.1999	0.668	11.268	-99	-99	-99	-99	-99	-99	-99	-99
22.02.1999	0.596	10.598	-99	-99	-99	-99	-99	-99	-99	-99
23.02.1999	0.507	9.854	-99	-99	-99	-99	-99	-99	-99	-99
24.02.1999	0.478	9.283	-99	-99	-99	-99	-99	-99	-99	-99
25.02.1999	0.465	8.688	-99	-99	-99	-99	-99	-99	-99	-99
26.02.1999	0.38	8.323	-99	-99	-99	-99	-99	-99	-99	-99
27.02.1999	0.417	8.255	-99	-99	-99	-99	-99	-99	-99	-99
28.02.1999	0.399	7.823	-99	-99	-99	-99	-99	-99	-99	-99
01.03.1999	0.341	7.391	-99	-99	-99	-99	-99	-99	-99	-99
02.03.1999	0.335	6.93	-99	-99	-99	-99	-99	-99	-99	-99
03.03.1999	0.321	6.844	-99	-99	-99	-99	-99	-99	-99	-99
04.03.1999	0.286	6.252	-99	-99	-99	-99	-99	-99	-99	-99
05.03.1999	0.251	5.907	-99	-99	-99	-99	-99	-99	-99	-99
06.03.1999	0.237	5.483	-99	-99	-99	-99	-99	-99	-99	-99
07.03.1999	0.23	5.324	-99	-99	-99	-99	-99	-99	-99	-99
08.03.1999	0.226	5.761	-99	-99	-99	-99	-99	-99	-99	-99
09.03.1999	0.238	4.985	-99	-99	-99	-99	-99	-99	-99	-99
10.03.1999	0.208	4.743	-99	-99	-99	-99	-99	-99	-99	-99
11.03.1999	0.184	4.504	-99	-99	-99	-99	-99	-99	-99	-99
12.03.1999	0.176	4.339	-99	-99	-99	-99	-99	-99	-99	-99
13.03.1999	0.167	4.289	-99	-99	-99	-99	-99	-99	-99	-99
14.03.1999	0.162	4.837	-99	-99	-99	-99	-99	-99	-99	-99
15.03.1999	0.157	3.878	-99	-99	-99	-99	-99	-99	-99	-99
16.03.1999	0.154	3.926	-99	-99	-99	-99	-99	-99	-99	-99
17.03.1999	0.167	4.265	-99	-99	-99	-99	-99	-99	-99	-99
18.03.1999	0.199	4.781	-99	-99	-99	-99	-99	-99	-99	-99
19.03.1999	0.254	5.933	-99	-99	-99	-99	-99	-99	-99	-99
20.03.1999	0.271	6.571	-99	-99	-99	-99	-99	-99	-99	-99
21.03.1999	0.278	6.801	-99	-99	-99	-99	-99	-99	-99	-99
22.03.1999	0.295	6.788	-99	-99	-99	-99	-99	-99	-99	-99
23.03.1999	0.325	6.764	-99	-99	-99	-99	-99	-99	-99	-99
24.03.1999	0.313	6.738	-99	-99	-99	-99	-99	-99	-99	-99
25.03.1999	0.319	6.655	-99	-99	-99	-99	-99	-99	-99	-99
26.03.1999	0.311	6.56	-99	-99	-99	-99	-99	-99	-99	-99
27.03.1999	0.284	6.316	-99	-99	-99	-99	-99	-99	-99	-99
28.03.1999	0.268	6.34	-99	-99	-99	-99	-99	-99	-99	-99
29.03.1999	0.263	6.385	-99	-99	-99	-99	-99	-99	-99	-99
30.03.1999	0.378	7.29	-99	-99	-99	-99	-99	-99	-99	-99
31.03.1999	0.392	8.679	-99	-99	-99	-99	-99	-99	-99	-99
01.04.1999	0.495	9.905	-99	-99	-99	-99	-99	-99	-99	-99
02.04.1999	1.436	13.586	-99	-99	-99	-99	-99	-99	-99	-99
03.04.1999	1.609	17.308	-99	-99	-99	-99	-99	-99	-99	-99
04.04.1999	1.39	19.222	-99	-99	-99	-99	-99	-99	-99	-99
05.04.1999	1.12	19.781	-99	-99	-99	-99	-99	-99	-99	-99
06.04.1999	1.319	20.813	-99	-99	-99	-99	-99	-99	-99	-99
07.04.1999	1.718	22.874	-99	-99	-99	-99	-99	-99	-99	-99
08.04.1999	1.473	24.368	-99	-99	-99	-99	-99	-99	-99	-99
09.04.1999	4.56	33.438	-99	-99	-99	-99	-99	-99	-99	-99
10.04.1999	3.524	58.571	-99	-99	-99	-99	-99	-99	-99	-99
11.04.1999	2.611	59.618	-99	-99	-99	-99	-99	-99	-99	-99
12.04.1999	1.848	51.532	-99	-99	-99	-99	-99	-99	-99	-99
13.04.1999	1.463	43.533	-99	-99	-99	-99	-99	-99	-99	-99
14.04.1999	1.197	36.673	-99	-99	-99	-99	-99	-99	-99	-99
15.04.1999	1.235	31.558	-99	-99	-99	-99	-99	-99	-99	-99
16.04.1999	0.914	27.229	-99	-99	-99	-99	-99	-99	-99	-99
17.04.1999	0.809	23.778	-99	-99	-99	-99	-99	-99	-99	-99
18.04.1999	0.787	20.974	-99	-99	-99	-99	-99	-99	-99	-99
19.04.1999	0.677	18.591	-99	-99	-99	-99	-99	-99	-99	-99
20.04.1999	0.608	16.923	-99	-99	-99	-99	-99	-99	-99	-99
21.04.1999	0.561	15.24	-99	-99	-99	-99	-99	-99	-99	-99
22.04.1999	0.713	13.848	-99	-99	-99	-99	-99	-99	-99	-99
23.04.1999	0.953	13.308	-99	-99	-99	-99	-99	-99	-99	-99
24.04.1999	1.209	13.222	-99	-99	-99	-99	-99	-99	-99	-99
25.04.1999	1.467	13.609	-99	-99	-99	-99	-99	-99	-99	-99
26.04.1999	1.751	14.642	-99	-99	-99	-99	-99	-99	-99	-99
27.04.1999	1.737	16.224	-99	-99	-99	-99	-99	-99	-99	-99
28.04.1999	2.236	18.282	-99	-99	-99	-99	-99	-99	-99	-99
29.04.1999	1.736	20.506	-99	-99	-99	-99	-99	-99	-99	-99
30.04.1999	1.31	20.44	-99	-99	-99	-99	-99	-99	-99	-99
01.05.1999	1.954	19.628	-99	-99	-99	-99	-99	-99	-99	-99
02.05.1999	0.962	18.508	-99	-99	-99	-99	-99	-99	-99	-99
03.05.1999	0.882	17.235	-99	-99	-99	-99	-99	-99	-99	-99
04.05.1999	0.803	15.954	-99	-99	-99	-99	-99	-99	-99	-99
05.05.1999	0.904	14.872	-99	-99	-99	-99	-99	-99	-99	-99
06.05.1999	1.2	14.247	-99	-99	-99	-99	-99	-99	-99	-99
07.05.1999	1.536	14.151	-99	-99	-99	-99	-99	-99	-99	-99
08.05.1999	1.718	14.569	-99	-99	-99	-99	-99	-99	-99	-99
09.05.1999	1.776	15.465	-99	-99	-99	-99	-99	-99	-99	-99
10.05.1999	1.654	16.232	-99	-99	-99	-99	-99	-99	-99	-99
11.05.1999	1.505	16.322	-99	-99	-99	-99	-99	-99	-99	-99
12.05.1999	1.377	16.164	-99	-99	-99	-99	-99	-99	-99	-99
13.05.1999	1.265	15.907	-99	-99	-99	-99	-99	-99	-99	-99
14.05.1999	1.332	15.558	-99	-99	-99	-99	-99	-99	-99	-99
15.05.1999	1.38	15.898	-99	-99	-99	-99	-99	-99	-99	-99
16.05.1999	1.333	14.848	-99	-99	-99	-99	-99	-99	-99	-99
17.05.1999	1.657	14.716	-99	-99	-99	-99	-99	-99	-99	-99
18.05.1999	2.302	14.64	-99	-99	-99	-99	-99	-99	-99	-99
19.05.1999	2.649	14.74	-99	-99	-99	-99	-99	-99	-99	-99
20.05.1999	3.501	14.963	-99	-99	-99	-99	-99	-99	-99	-99
21.05.1999	6.372	19.309	-99	-99	-99	-99	-99	-99	-99	-99
22.05.1999	6.588	39.65	-99	-99	-99	-99	-99	-99	-99	-99
23.05.1999	3.988	44.502	-99	-99	-99	-99	-99	-99	-99	-99
24.05.1999	2.983	43.229	-99	-99	-99	-99	-99	-99	-99	-99
25.05.1999	2.564	40.626	-99	-99	-99	-99	-99	-99	-99	-99
26.05.1999	2.34	38.018	-99	-99	-99	-99	-99	-99	-99	-99
27.05.1999	2.617	35.424	-99	-99	-99	-99	-99	-99	-99	-99
28.05.1999	2.923	35.111	-99	-99	-99	-99	-99	-99	-99	-99
29.05.1999	5.131	38.291	-99	-99	-99	-99	-99	-99	-99	-99
30.05.1999	3.431	42.784	-99	-99	-99	-99	-99	-99	-99	-99
31.05.1999	2.828	41.552	-99	-99	-99	-99	-99	-99	-99	-99
01.06.1999	3.307	39.508	-99	-99	-99	-99	-99	-99	-99	-99
02.06.1999	5.47	41.94	-99	-99	-99	-99	-99	-99	-99	-99
03.06.1999	5.913	46.408	-99	-99	-99	-99	-99	-99	-99	-99
04.06.1999	5.62	49.384	-99	-99	-99	-99	-99	-99	-99	-99
05.06.1999	5.905	52.653	-99	-99	-99	-99	-99	-99	-99	-99
06.06.1999	5.503	57.385	-99	-99	-99	-99	-99	-99	-99	-99
07.06.1999	5.282	56.751	-99	-99	-99	-99	-99	-99	-99	-99
08.06.1999	5.271	55.916	-99	-99	-99	-99	-99	-99	-99	-99
09.06.1999	5.898	55.986	-99	-99	-99	-99	-99	-99	-99	-99
10.06.1999	8.406	61.799	-99	-99	-99	-99	-99	-99	-99	-99
11.06.1999	7.832	69.397	-99	-99	-99	-99	-99	-99	-99	-99
12.06.1999	8.232	73.728	-99	-99	-99	-99	-99	-99	-99	-99
13.06.1999	8.973	79.581	-99	-99	-99	-99	-99	-99	-99	-99
14.06.1999	8.702	84.217	-99	-99	-99	-99	-99	-99	-99	-99
15.06.1999	8.522	86.641	-99	-99	-99	-99	-99	-99	-99	-99
16.06.1999	7.509	88.795	-99	-99	-99	-99	-99	-99	-99	-99
17.06.1999	9.298	91.159	-99	-99	-99	-99	-99	-99	-99	-99
18.06.1999	6.901	93.58	-99	-99	-99	-99	-99	-99	-99	-99
19.06.1999	7.103	86.514	-99	-99	-99	-99	-99	-99	-99	-99
20.06.1999	8.638	85.953	-99	-99	-99	-99	-99	-99	-99	-99
21.06.1999	7.436	95.409	-99	-99	-99	-99	-99	-99	-99	-99
22.06.1999	5.284	91.783	-99	-99	-99	-99	-99	-99	-99	-99
23.06.1999	4.454	78.453	-99	-99	-99	-99	-99	-99	-99	-99
24.06.1999	4.361	68.145	-99	-99	-99	-99	-99	-99	-99	-99
25.06.1999	4.371	60.737	-99	-99	-99	-99	-99	-99	-99	-99
26.06.1999	5.144	57.83	-99	-99	-99	-99	-99	-99	-99	-99
27.06.1999	6.703	61.102	-99	-99	-99	-99	-99	-99	-99	-99
28.06.1999	7.539	66.947	-99	-99	-99	-99	-99	-99	-99	-99
29.06.1999	10.594	84.395	-99	-99	-99	-99	-99	-99	-99	-99
30.06.1999	7.717	93.218	-99	-99	-99	-99	-99	-99	-99	-99
01.07.1999	6.776	91.426	-99	-99	-99	-99	-99	-99	-99	-99
02.07.1999	6.817	87.999	-99	-99	-99	-99	-99	-99	-99	-99
03.07.1999	5.407	83.158	-99	-99	-99	-99	-99	-99	-99	-99
04.07.1999	4.744	75.436	-99	-99	-99	-99	-99	-99	-99	-99
05.07.1999	4.972	69.584	-99	-99	-99	-99	-99	-99	-99	-99
06.07.1999	6.569	72.23	-99	-99	-99	-99	-99	-99	-99	-99
07.07.1999	6.201	77.48	-99	-99	-99	-99	-99	-99	-99	-99
08.07.1999	5.45	73.65	-99	-99	-99	-99	-99	-99	-99	-99
09.07.1999	5.609	69.348	-99	-99	-99	-99	-99	-99	-99	-99
10.07.1999	7.225	73.488	-99	-99	-99	-99	-99	-99	-99	-99
11.07.1999	6.976	80.719	-99	-99	-99	-99	-99	-99	-99	-99
12.07.1999	6.712	81.276	-99	-99	-99	-99	-99	-99	-99	-99
13.07.1999	6.101	79.983	-99	-99	-99	-99	-99	-99	-99	-99
14.07.1999	6.169	80.8	-99	-99	-99	-99	-99	-99	-99	-99
15.07.1999	6.421	84.808	-99	-99	-99	-99	-99	-99	-99	-99
16.07.1999	5.29	84.1	-99	-99	-99	-99	-99	-99	-99	-99
17.07.1999	4.167	76.736	-99	-99	-99	-99	-99	-99	-99	-99
18.07.1999	4.435	69.706	-99	-99	-99	-99	-99	-99	-99	-99
19.07.1999	4.278	66.985	-99	-99	-99	-99	-99	-99	-99	-99
20.07.1999	5.611	67.932	-99	-99	-99	-99	-99	-99	-99	-99
21.07.1999	5.432	73.692	-99	-99	-99	-99	-99	-99	-99	-99
22.07.1999	6.722	80.818	-99	-99	-99	-99	-99	-99	-99	-99
23.07.1999	5.1	82.312	-99	-99	-99	-99	-99	-99	-99	-99
24.07.1999	5.606	78.252	-99	-99	-99	-99	-99	-99	-99	-99
25.07.1999	7.307	85.317	-99	-99	-99	-99	-99	-99	-99	-99
26.07.1999	5.347	88.635	-99	-99	-99	-99	-99	-99	-99	-99
27.07.1999	3.957	79.441	-99	-99	-99	-99	-99	-99	-99	-99
28.07.1999	3.487	69.482	-99	-99	-99	-99	-99	-99	-99	-99
29.07.1999	3.474	62.531	-99	-99	-99	-99	-99	-99	-99	-99
30.07.1999	3.472	58.102	-99	-99	-99	-99	-99	-99	-99	-99
31.07.1999	3.321	54.806	-99	-99	-99	-99	-99	-99	-99	-99
01.08.1999	3.97	52.219	-99	-99	-99	-99	-99	-99	-99	-99
02.08.1999	2.876	49.797	-99	-99	-99	-99	-99	-99	-99	-99
03.08.1999	2.999	48.495	-99	-99	-99	-99	-99	-99	-99	-99
04.08.1999	3.205	48.533	-99	-99	-99	-99	-99	-99	-99	-99
05.08.1999	3.392	49.647	-99	-99	-99	-99	-99	-99	-99	-99
06.08.1999	3.449	50.231	-99	-99	-99	-99	-99	-99	-99	-99
07.08.1999	3.346	50.134	-99	-99	-99	-99	-99	-99	-99	-99
08.08.1999	2.606	48.272	-99	-99	-99	-99	-99	-99	-99	-99
09.08.1999	2.368	45.804	-99	-99	-99	-99	-99	-99	-99	-99
10.08.1999	2.167	42.537	-99	-99	-99	-99	-99	-99	-99	-99
11.08.1999	2.774	39.974	-99	-99	-99	-99	-99	-99	-99	-99
12.08.1999	1.98	37.257	-99	-99	-99	-99	-99	-99	-99	-99
13.08.1999	1.793	34.531	-99	-99	-99	-99	-99	-99	-99	-99
14.08.1999	1.738	32.511	-99	-99	-99	-99	-99	-99	-99	-99
15.08.1999	1.796	31.322	-99	-99	-99	-99	-99	-99	-99	-99
16.08.1999	1.828	30.716	-99	-99	-99	-99	-99	-99	-99	-99
17.08.1999	1.841	30.796	-99	-99	-99	-99	-99	-99	-99	-99
18.08.1999	1.826	30.634	-99	-99	-99	-99	-99	-99	-99	-99
19.08.1999	1.891	30.248	-99	-99	-99	-99	-99	-99	-99	-99
20.08.1999	1.834	29.61	-99	-99	-99	-99	-99	-99	-99	-99
21.08.1999	1.71	28.189	-99	-99	-99	-99	-99	-99	-99	-99
22.08.1999	1.568	26.765	-99	-99	-99	-99	-99	-99	-99	-99
23.08.1999	1.537	25.853	-99	-99	-99	-99	-99	-99	-99	-99
24.08.1999	1.563	24.23	-99	-99	-99	-99	-99	-99	-99	-99
25.08.1999	1.504	23.511	-99	-99	-99	-99	-99	-99	-99	-99
26.08.1999	1.509	22.827	-99	-99	-99	-99	-99	-99	-99	-99
27.08.1999	2.19	24.132	-99	-99	-99	-99	-99	-99	-99	-99
28.08.1999	2.64	28.588	-99	-99	-99	-99	-99	-99	-99	-99
29.08.1999	2.701	32.839	-99	-99	-99	-99	-99	-99	-99	-99
30.08.1999	2.961	37.312	-99	-99	-99	-99	-99	-99	-99	-99
31.08.1999	2.452	39.776	-99	-99	-99	-99	-99	-99	-99	-99
01.09.1999	2.141	38.789	-99	-99	-99	-99	-99	-99	-99	-99
02.09.1999	3.614	40.95	-99	-99	-99	-99	-99	-99	-99	-99
03.09.1999	6.47	55.698	-99	-99	-99	-99	-99	-99	-99	-99
04.09.1999	6.223	78.292	-99	-99	-99	-99	-99	-99	-99	-99
05.09.1999	4.306	80.639	-99	-99	-99	-99	-99	-99	-99	-99
06.09.1999	3.654	78.14	-99	-99	-99	-99	-99	-99	-99	-99
07.09.1999	3.604	74.664	-99	-99	-99	-99	-99	-99	-99	-99
08.09.1999	4.15	76.813	-99	-99	-99	-99	-99	-99	-99	-99
09.09.1999	3.454	72.79	-99	-99	-99	-99	-99	-99	-99	-99
10.09.1999	2.931	67.638	-99	-99	-99	-99	-99	-99	-99	-99
11.09.1999	2.462	59.934	-99	-99	-99	-99	-99	-99	-99	-99
12.09.1999	2.976	57.201	-99	-99	-99	-99	-99	-99	-99	-99
13.09.1999	3.25	60.464	-99	-99	-99	-99	-99	-99	-99	-99
14.09.1999	2.948	62.107	-99	-99	-99	-99	-99	-99	-99	-99
15.09.1999	2.741	61.742	-99	-99	-99	-99	-99	-99	-99	-99
16.09.1999	2.41	58.913	-99	-99	-99	-99	-99	-99	-99	-99
17.09.1999	2.157	54.232	-99	-99	-99	-99	-99	-99	-99	-99
18.09.1999	2.757	50.392	-99	-99	-99	-99	-99	-99	-99	-99
19.09.1999	1.981	46.438	-99	-99	-99	-99	-99	-99	-99	-99
20.09.1999	1.987	44.112	-99	-99	-99	-99	-99	-99	-99	-99
21.09.1999	2.261	43.406	-99	-99	-99	-99	-99	-99	-99	-99
22.09.1999	2.267	43.343	-99	-99	-99	-99	-99	-99	-99	-99
23.09.1999	2.976	43.385	-99	-99	-99	-99	-99	-99	-99	-99
24.09.1999	1.87	43.431	-99	-99	-99	-99	-99	-99	-99	-99
25.09.1999	1.79	42.598	-99	-99	-99	-99	-99	-99	-99	-99
26.09.1999	1.693	40.818	-99	-99	-99	-99	-99	-99	-99	-99
27.09.1999	1.598	39.882	-99	-99	-99	-99	-99	-99	-99	-99
28.09.1999	1.496	38.604	-99	-99	-99	-99	-99	-99	-99	-99
29.09.1999	1.53	37.219	-99	-99	-99	-99	-99	-99	-99	-99
30.09.1999	1.31	35.786	-99	-99	-99	-99	-99	-99	-99	-99
01.10.1999	1.145	33.806	-99	-99	-99	-99	-99	-99	-99	-99
02.10.1999	1.529	30.299	-99	-99	-99	-99	-99	-99	-99	-99
03.10.1999	1.186	28.112	-99	-99	-99	-99	-99	-99	-99	-99
04.10.1999	1.691	26.279	-99	-99	-99	-99	-99	-99	-99	-99
05.10.1999	1.585	25.269	-99	-99	-99	-99	-99	-99	-99	-99
06.10.1999	0.911	23.432	-99	-99	-99	-99	-99	-99	-99	-99
07.10.1999	0.812	21.955	-99	-99	-99	-99	-99	-99	-99	-99
08.10.1999	0.855	19.357	-99	-99	-99	-99	-99	-99	-99	-99
09.10.1999	0.856	18.156	-99	-99	-99	-99	-99	-99	-99	-99
10.10.1999	0.985	16.441	-99	-99	-99	-99	-99	-99	-99	-99
11.10.1999	1.624	15.651	-99	-99	-99	-99	-99	-99	-99	-99
12.10.1999	1.617	17.804	-99	-99	-99	-99	-99	-99	-99	-99
13.10.1999	1.656	22.906	-99	-99	-99	-99	-99	-99	-99	-99
14.10.1999	1.43	22.422	-99	-99	-99	-99	-99	-99	-99	-99
15.10.1999	1.295	20.902	-99	-99	-99	-99	-99	-99	-99	-99
16.10.1999	1.121	19.36	-99	-99	-99	-99	-99	-99	-99	-99
17.10.1999	0.982	17.855	-99	-99	-99	-99	-99	-99	-99	-99
18.10.1999	0.979	16.589	-99	-99	-99	-99	-99	-99	-99	-99
19.10.1999	0.891	15.447	-99	-99	-99	-99	-99	-99	-99	-99
20.10.1999	0.755	14.317	-99	-99	-99	-99	-99	-99	-99	-99
21.10.1999	0.587	13.282	-99	-99	-99	-99	-99	-99	-99	-99
22.10.1999	0.56	12.461	-99	-99	-99	-99	-99	-99	-99	-99
23.10.1999	0.677	11.393	-99	-99	-99	-99	-99	-99	-99	-99
24.10.1999	0.764	10.718	-99	-99	-99	-99	-99	-99	-99	-99
25.10.1999	0.713	10.164	-99	-99	-99	-99	-99	-99	-99	-99
26.10.1999	1.121	10.159	-99	-99	-99	-99	-99	-99	-99	-99
27.10.1999	1.108	10.932	-99	-99	-99	-99	-99	-99	-99	-99
28.10.1999	1.854	12.674	-99	-99	-99	-99	-99	-99	-99	-99
29.10.1999	1.784	16.887	-99	-99	-99	-99	-99	-99	-99	-99
30.10.1999	1.943	18.8	-99	-99	-99	-99	-99	-99	-99	-99
31.10.1999	3.618	21.96	-99	-99	-99	-99	-99	-99	-99	-99
01.11.1999	2.559	25.859	-99	-99	-99	-99	-99	-99	-99	-99
02.11.1999	3.747	35.435	-99	-99	-99	-99	-99	-99	-99	-99
03.11.1999	2.48	42.11	-99	-99	-99	-99	-99	-99	-99	-99
04.11.1999	4.259	44.865	-99	-99	-99	-99	-99	-99	-99	-99
05.11.1999	3.324	49.472	-99	-99	-99	-99	-99	-99	-99	-99
06.11.1999	2.231	46.798	-99	-99	-99	-99	-99	-99	-99	-99
07.11.1999	1.74	40.528	-99	-99	-99	-99	-99	-99	-99	-99
08.11.1999	1.51	34.893	-99	-99	-99	-99	-99	-99	-99	-99
09.11.1999	1.453	30.854	-99	-99	-99	-99	-99	-99	-99	-99
10.11.1999	1.213	27.591	-99	-99	-99	-99	-99	-99	-99	-99
11.11.1999	1.593	25.565	-99	-99	-99	-99	-99	-99	-99	-99
12.11.1999	3.352	26.518	-99	-99	-99	-99	-99	-99	-99	-99
13.11.1999	3.126	29.906	-99	-99	-99	-99	-99	-99	-99	-99
14.11.1999	2.208	31.173	-99	-99	-99	-99	-99	-99	-99	-99
15.11.1999	1.605	28.77	-99	-99	-99	-99	-99	-99	-99	-99
16.11.1999	1.345	25.935	-99	-99	-99	-99	-99	-99	-99	-99
17.11.1999	1.12	23.37	-99	-99	-99	-99	-99	-99	-99	-99
18.11.1999	1.34	21.254	-99	-99	-99	-99	-99	-99	-99	-99
19.11.1999	1.163	18.817	-99	-99	-99	-99	-99	-99	-99	-99
20.11.1999	1.163	16.902	-99	-99	-99	-99	-99	-99	-99	-99
21.11.1999	1.163	15.452	-99	-99	-99	-99	-99	-99	-99	-99
22.11.1999	1.163	15.203	-99	-99	-99	-99	-99	-99	-99	-99
23.11.1999	1.219	15.58	-99	-99	-99	-99	-99	-99	-99	-99
24.11.1999	1.124	15.263	-99	-99	-99	-99	-99	-99	-99	-99
25.11.1999	1.111	16.463	-99	-99	-99	-99	-99	-99	-99	-99
26.11.1999	1.169	17.329	-99	-99	-99	-99	-99	-99	-99	-99
27.11.1999	1.453	20.443	-99	-99	-99	-99	-99	-99	-99	-99
28.11.1999	1.426	23.845	-99	-99	-99	-99	-99	-99	-99	-99
29.11.1999	1.46	26.778	-99	-99	-99	-99	-99	-99	-99	-99
30.11.1999	1.351	26.941	-99	-99	-99	-99	-99	-99	-99	-99
01.12.1999	1.257	27.177	-99	-99	-99	-99	-99	-99	-99	-99
02.12.1999	1.194	26.869	-99	-99	-99	-99	-99	-99	-99	-99
03.12.1999	1.738	24.957	-99	-99	-99	-99	-99	-99	-99	-99
04.12.1999	1.163	24.381	-99	-99	-99	-99	-99	-99	-99	-99
05.12.1999	0.96	23.519	-99	-99	-99	-99	-99	-99	-99	-99
06.12.1999	0.907	18.305	-99	-99	-99	-99	-99	-99	-99	-99
07.12.1999	0.855	17.793	-99	-99	-99	-99	-99	-99	-99	-99
08.12.1999	0.805	17.685	-99	-99	-99	-99	-99	-99	-99	-99
09.12.1999	0.71	15.93	-99	-99	-99	-99	-99	-99	-99	-99
10.12.1999	0.665	14.49	-99	-99	-99	-99	-99	-99	-99	-99
11.12.1999	0.622	13.202	-99	-99	-99	-99	-99	-99	-99	-99
12.12.1999	0.58	12.186	-99	-99	-99	-99	-99	-99	-99	-99
13.12.1999	0.541	10.668	-99	-99	-99	-99	-99	-99	-99	-99
14.12.1999	0.466	9.703	-99	-99	-99	-99	-99	-99	-99	-99
15.12.1999	0.432	9.153	-99	-99	-99	-99	-99	-99	-99	-99
16.12.1999	0.414	8.49	-99	-99	-99	-99	-99	-99	-99	-99
17.12.1999	0.439	8.174	-99	-99	-99	-99	-99	-99	-99	-99
18.12.1999	0.432	7.967	-99	-99	-99	-99	-99	-99	-99	-99
19.12.1999	0.432	8.607	-99	-99	-99	-99	-99	-99	-99	-99
20.12.1999	0.432	8.69	-99	-99	-99	-99	-99	-99	-99	-99
21.12.1999	0.432	8.267	-99	-99	-99	-99	-99	-99	-99	-99
22.12.1999	0.432	7.749	-99	-99	-99	-99	-99	-99	-99	-99
23.12.1999	0.42	7.473	-99	-99	-99	-99	-99	-99	-99	-99
24.12.1999	0.449	7.424	-99	-99	-99	-99	-99	-99	-99	-99
25.12.1999	0.39	7.945	-99	-99	-99	-99	-99	-99	-99	-99
26.12.1999	0.398	8.708	-99	-99	-99	-99	-99	-99	-99	-99
27.12.1999	0.398	9.381	-99	-99	-99	-99	-99	-99	-99	-99
28.12.1999	0.398	9.12	-99	-99	-99	-99	-99	-99	-99	-99
29.12.1999	0.367	8.605	-99	-99	-99	-99	-99	-99	-99	-99
30.12.1999	0.367	8.212	-99	-99	-99	-99	-99	-99	-99	-99
31.12.1999	0.355	7.584	-99	-99	-99	-99	-99	-99	-99	-99
01.01.2000	0.351	7.592	-99	-99	-99	-99	-99	-99	-99	-99
02.01.2000	0.387	7.989	-99	-99	-99	-99	-99	-99	-99	-99
03.01.2000	0.519	8.87	-99	-99	-99	-99	-99	-99	-99	-99
04.01.2000	0.531	11.175	-99	-99	-99	-99	-99	-99	-99	-99
05.01.2000	0.771	11.812	-99	-99	-99	-99	-99	-99	-99	-99
06.01.2000	0.896	12.214	-99	-99	-99	-99	-99	-99	-99	-99
07.01.2000	0.925	13.635	-99	-99	-99	-99	-99	-99	-99	-99
08.01.2000	1.302	16.504	-99	-99	-99	-99	-99	-99	-99	-99
09.01.2000	1.725	20.119	-99	-99	-99	-99	-99	-99	-99	-99
10.01.2000	1.267	20.151	-99	-99	-99	-99	-99	-99	-99	-99
11.01.2000	1.121	20.282	-99	-99	-99	-99	-99	-99	-99	-99
12.01.2000	1.274	20.349	-99	-99	-99	-99	-99	-99	-99	-99
13.01.2000	1.306	19.721	-99	-99	-99	-99	-99	-99	-99	-99
14.01.2000	0.894	18.221	-99	-99	-99	-99	-99	-99	-99	-99
15.01.2000	0.779	16.706	-99	-99	-99	-99	-99	-99	-99	-99
16.01.2000	0.756	15.643	-99	-99	-99	-99	-99	-99	-99	-99
17.01.2000	0.589	17.787	-99	-99	-99	-99	-99	-99	-99	-99
18.01.2000	0.373	19.805	-99	-99	-99	-99	-99	-99	-99	-99
19.01.2000	0.398	17.985	-99	-99	-99	-99	-99	-99	-99	-99
20.01.2000	0.432	17.591	-99	-99	-99	-99	-99	-99	-99	-99
21.01.2000	0.432	17.109	-99	-99	-99	-99	-99	-99	-99	-99
22.01.2000	0.466	15.744	-99	-99	-99	-99	-99	-99	-99	-99
23.01.2000	0.503	14.366	-99	-99	-99	-99	-99	-99	-99	-99
24.01.2000	0.503	13.274	-99	-99	-99	-99	-99	-99	-99	-99
25.01.2000	0.541	12.279	-99	-99	-99	-99	-99	-99	-99	-99
26.01.2000	0.596	11.325	-99	-99	-99	-99	-99	-99	-99	-99
27.01.2000	0.614	11.264	-99	-99	-99	-99	-99	-99	-99	-99
28.01.2000	0.773	11.278	-99	-99	-99	-99	-99	-99	-99	-99
29.01.2000	0.68	10.577	-99	-99	-99	-99	-99	-99	-99	-99
30.01.2000	0.71	10.292	-99	-99	-99	-99	-99	-99	-99	-99
31.01.2000	0.71	9.929	-99	-99	-99	-99	-99	-99	-99	-99
01.02.2000	0.756	9.569	-99	-99	-99	-99	-99	-99	-99	-99
02.02.2000	0.805	9.259	-99	-99	-99	-99	-99	-99	-99	-99
03.02.2000	0.855	9.147	-99	-99	-99	-99	-99	-99	-99	-99
04.02.2000	0.855	9.692	-99	-99	-99	-99	-99	-99	-99	-99
05.02.2000	0.927	10.927	-99	-99	-99	-99	-99	-99	-99	-99
06.02.2000	0.855	13.827	-99	-99	-99	-99	-99	-99	-99	-99
07.02.2000	0.855	16.18	-99	-99	-99	-99	-99	-99	-99	-99
08.02.2000	0.805	17.451	-99	-99	-99	-99	-99	-99	-99	-99
09.02.2000	0.756	16.768	-99	-99	-99	-99	-99	-99	-99	-99
10.02.2000	0.756	15.436	-99	-99	-99	-99	-99	-99	-99	-99
11.02.2000	0.71	15.536	-99	-99	-99	-99	-99	-99	-99	-99
12.02.2000	0.71	15.377	-99	-99	-99	-99	-99	-99	-99	-99
13.02.2000	0.665	15.277	-99	-99	-99	-99	-99	-99	-99	-99
14.02.2000	0.622	14.826	-99	-99	-99	-99	-99	-99	-99	-99
15.02.2000	0.622	13.961	-99	-99	-99	-99	-99	-99	-99	-99
16.02.2000	0.58	13.185	-99	-99	-99	-99	-99	-99	-99	-99
17.02.2000	0.541	12.131	-99	-99	-99	-99	-99	-99	-99	-99
18.02.2000	0.541	11.182	-99	-99	-99	-99	-99	-99	-99	-99
19.02.2000	0.488	10.339	-99	-99	-99	-99	-99	-99	-99	-99
20.02.2000	0.409	9.634	-99	-99	-99	-99	-99	-99	-99	-99
21.02.2000	0.377	8.971	-99	-99	-99	-99	-99	-99	-99	-99
22.02.2000	0.322	8.488	-99	-99	-99	-99	-99	-99	-99	-99
23.02.2000	0.3	7.798	-99	-99	-99	-99	-99	-99	-99	-99
24.02.2000	0.29	7.18	-99	-99	-99	-99	-99	-99	-99	-99
25.02.2000	0.315	7.11	-99	-99	-99	-99	-99	-99	-99	-99
26.02.2000	0.342	7.105	-99	-99	-99	-99	-99	-99	-99	-99
27.02.2000	0.399	6.901	-99	-99	-99	-99	-99	-99	-99	-99
28.02.2000	0.488	7.649	-99	-99	-99	-99	-99	-99	-99	-99
29.02.2000	0.547	8.662	-99	-99	-99	-99	-99	-99	-99	-99
01.03.2000	0.589	8.939	-99	-99	-99	-99	-99	-99	-99	-99
02.03.2000	0.705	9.476	-99	-99	-99	-99	-99	-99	-99	-99
03.03.2000	0.668	8.753	-99	-99	-99	-99	-99	-99	-99	-99
04.03.2000	0.766	8.564	-99	-99	-99	-99	-99	-99	-99	-99
05.03.2000	1.336	8.485	-99	-99	-99	-99	-99	-99	-99	-99
06.03.2000	1.146	8.647	-99	-99	-99	-99	-99	-99	-99	-99
07.03.2000	1.738	9.364	-99	-99	-99	-99	-99	-99	-99	-99
08.03.2000	1.163	9.374	-99	-99	-99	-99	-99	-99	-99	-99
09.03.2000	1.163	8.831	-99	-99	-99	-99	-99	-99	-99	-99
10.03.2000	0.95	8.548	-99	-99	-99	-99	-99	-99	-99	-99
11.03.2000	0.954	8.177	-99	-99	-99	-99	-99	-99	-99	-99
12.03.2000	0.602	7.541	-99	-99	-99	-99	-99	-99	-99	-99
13.03.2000	0.546	7.217	-99	-99	-99	-99	-99	-99	-99	-99
14.03.2000	0.689	7.504	-99	-99	-99	-99	-99	-99	-99	-99
15.03.2000	0.652	7.595	-99	-99	-99	-99	-99	-99	-99	-99
16.03.2000	0.634	7.604	-99	-99	-99	-99	-99	-99	-99	-99
17.03.2000	0.771	7.66	-99	-99	-99	-99	-99	-99	-99	-99
18.03.2000	0.627	7.446	-99	-99	-99	-99	-99	-99	-99	-99
19.03.2000	0.578	7.496	-99	-99	-99	-99	-99	-99	-99	-99
20.03.2000	1.129	10.129	-99	-99	-99	-99	-99	-99	-99	-99
21.03.2000	1.155	13.617	-99	-99	-99	-99	-99	-99	-99	-99
22.03.2000	0.92	14.302	-99	-99	-99	-99	-99	-99	-99	-99
23.03.2000	0.775	13.945	-99	-99	-99	-99	-99	-99	-99	-99
24.03.2000	0.643	13.288	-99	-99	-99	-99	-99	-99	-99	-99
25.03.2000	0.584	12.395	-99	-99	-99	-99	-99	-99	-99	-99
26.03.2000	0.469	11.581	-99	-99	-99	-99	-99	-99	-99	-99
27.03.2000	0.413	10.768	-99	-99	-99	-99	-99	-99	-99	-99
28.03.2000	0.359	10.843	-99	-99	-99	-99	-99	-99	-99	-99
29.03.2000	0.333	9.571	-99	-99	-99	-99	-99	-99	-99	-99
30.03.2000	0.31	9.969	-99	-99	-99	-99	-99	-99	-99	-99
31.03.2000	0.291	8.831	-99	-99	-99	-99	-99	-99	-99	-99
01.04.2000	0.272	8.689	-99	-99	-99	-99	-99	-99	-99	-99
02.04.2000	0.272	8.513	-99	-99	-99	-99	-99	-99	-99	-99
03.04.2000	0.283	8.234	-99	-99	-99	-99	-99	-99	-99	-99
04.04.2000	0.255	7.71	-99	-99	-99	-99	-99	-99	-99	-99
05.04.2000	0.233	7.14	-99	-99	-99	-99	-99	-99	-99	-99
06.04.2000	0.243	6.991	-99	-99	-99	-99	-99	-99	-99	-99
07.04.2000	0.25	6.91	-99	-99	-99	-99	-99	-99	-99	-99
08.04.2000	0.251	6.708	-99	-99	-99	-99	-99	-99	-99	-99
09.04.2000	0.263	6.655	-99	-99	-99	-99	-99	-99	-99	-99
10.04.2000	0.237	6.732	-99	-99	-99	-99	-99	-99	-99	-99
11.04.2000	0.225	6.844	-99	-99	-99	-99	-99	-99	-99	-99
12.04.2000	0.224	6.911	-99	-99	-99	-99	-99	-99	-99	-99
13.04.2000	0.244	7.71	-99	-99	-99	-99	-99	-99	-99	-99
14.04.2000	0.221	7.417	-99	-99	-99	-99	-99	-99	-99	-99
15.04.2000	0.223	7.763	-99	-99	-99	-99	-99	-99	-99	-99
16.04.2000	0.225	8.343	-99	-99	-99	-99	-99	-99	-99	-99
17.04.2000	0.221	8.57	-99	-99	-99	-99	-99	-99	-99	-99
18.04.2000	0.257	8.982	-99	-99	-99	-99	-99	-99	-99	-99
19.04.2000	0.283	8.548	-99	-99	-99	-99	-99	-99	-99	-99
20.04.2000	0.471	9.847	-99	-99	-99	-99	-99	-99	-99	-99
21.04.2000	1.16	13.288	-99	-99	-99	-99	-99	-99	-99	-99
22.04.2000	1.337	18.92	-99	-99	-99	-99	-99	-99	-99	-99
23.04.2000	1.603	23.56	-99	-99	-99	-99	-99	-99	-99	-99
24.04.2000	1.488	28.559	-99	-99	-99	-99	-99	-99	-99	-99
25.04.2000	1.717	28.997	-99	-99	-99	-99	-99	-99	-99	-99
26.04.2000	0.83	27.611	-99	-99	-99	-99	-99	-99	-99	-99
27.04.2000	0.968	26.366	-99	-99	-99	-99	-99	-99	-99	-99
28.04.2000	1.643	27.196	-99	-99	-99	-99	-99	-99	-99	-99
29.04.2000	4.668	35.859	-99	-99	-99	-99	-99	-99	-99	-99
30.04.2000	6.591	54.577	-99	-99	-99	-99	-99	-99	-99	-99
01.05.2000	6.782	74.979	-99	-99	-99	-99	-99	-99	-99	-99
02.05.2000	6.127	88.817	-99	-99	-99	-99	-99	-99	-99	-99
03.05.2000	5.386	92.686	-99	-99	-99	-99	-99	-99	-99	-99
04.05.2000	3.543	85.391	-99	-99	-99	-99	-99	-99	-99	-99
05.05.2000	3.185	74.606	-99	-99	-99	-99	-99	-99	-99	-99
06.05.2000	3.368	66.962	-99	-99	-99	-99	-99	-99	-99	-99
07.05.2000	3.768	61.84	-99	-99	-99	-99	-99	-99	-99	-99
08.05.2000	4.483	61.191	-99	-99	-99	-99	-99	-99	-99	-99
09.05.2000	5.452	64.715	-99	-99	-99	-99	-99	-99	-99	-99
10.05.2000	6.466	71.917	-99	-99	-99	-99	-99	-99	-99	-99
11.05.2000	5.86	74.72	-99	-99	-99	-99	-99	-99	-99	-99
12.05.2000	3.923	68.936	-99	-99	-99	-99	-99	-99	-99	-99
13.05.2000	3.841	61.572	-99	-99	-99	-99	-99	-99	-99	-99
14.05.2000	5.393	59.561	-99	-99	-99	-99	-99	-99	-99	-99
15.05.2000	6.2	64.183	-99	-99	-99	-99	-99	-99	-99	-99
16.05.2000	6.8	69.459	-99	-99	-99	-99	-99	-99	-99	-99
17.05.2000	10.265	86.125	-99	-99	-99	-99	-99	-99	-99	-99
18.05.2000	10.622	122.342	-99	-99	-99	-99	-99	-99	-99	-99
19.05.2000	7.962	124.268	-99	-99	-99	-99	-99	-99	-99	-99
20.05.2000	6.416	108.814	-99	-99	-99	-99	-99	-99	-99	-99
21.05.2000	5.548	93.722	-99	-99	-99	-99	-99	-99	-99	-99
22.05.2000	5.333	80.524	-99	-99	-99	-99	-99	-99	-99	-99
23.05.2000	5.273	70.958	-99	-99	-99	-99	-99	-99	-99	-99
24.05.2000	5.49	64.842	-99	-99	-99	-99	-99	-99	-99	-99
25.05.2000	5.117	62.178	-99	-99	-99	-99	-99	-99	-99	-99
26.05.2000	4.537	58.278	-99	-99	-99	-99	-99	-99	-99	-99
27.05.2000	3.98	54.304	-99	-99	-99	-99	-99	-99	-99	-99
28.05.2000	4.285	50.618	-99	-99	-99	-99	-99	-99	-99	-99
29.05.2000	4.793	50.179	-99	-99	-99	-99	-99	-99	-99	-99
30.05.2000	3.522	48.247	-99	-99	-99	-99	-99	-99	-99	-99
31.05.2000	2.589	44.908	-99	-99	-99	-99	-99	-99	-99	-99
01.06.2000	2.31	40.555	-99	-99	-99	-99	-99	-99	-99	-99
02.06.2000	3.108	37.411	-99	-99	-99	-99	-99	-99	-99	-99
03.06.2000	3.216	38.476	-99	-99	-99	-99	-99	-99	-99	-99
04.06.2000	2.353	37.5	-99	-99	-99	-99	-99	-99	-99	-99
05.06.2000	2.178	34.194	-99	-99	-99	-99	-99	-99	-99	-99
06.06.2000	2.304	31.823	-99	-99	-99	-99	-99	-99	-99	-99
07.06.2000	2.671	30.602	-99	-99	-99	-99	-99	-99	-99	-99
08.06.2000	3.26	31.146	-99	-99	-99	-99	-99	-99	-99	-99
09.06.2000	3.545	32.303	-99	-99	-99	-99	-99	-99	-99	-99
10.06.2000	7.293	37.955	-99	-99	-99	-99	-99	-99	-99	-99
11.06.2000	6.966	55.273	-99	-99	-99	-99	-99	-99	-99	-99
12.06.2000	6.188	62.758	-99	-99	-99	-99	-99	-99	-99	-99
13.06.2000	10.912	79.15	-99	-99	-99	-99	-99	-99	-99	-99
14.06.2000	8.687	112.682	-99	-99	-99	-99	-99	-99	-99	-99
15.06.2000	6.258	109.627	-99	-99	-99	-99	-99	-99	-99	-99
16.06.2000	4.792	93.238	-99	-99	-99	-99	-99	-99	-99	-99
17.06.2000	3.702	78.301	-99	-99	-99	-99	-99	-99	-99	-99
18.06.2000	4.335	67.401	-99	-99	-99	-99	-99	-99	-99	-99
19.06.2000	7.974	69.943	-99	-99	-99	-99	-99	-99	-99	-99
20.06.2000	7.77	84.989	-99	-99	-99	-99	-99	-99	-99	-99
21.06.2000	8.882	89.285	-99	-99	-99	-99	-99	-99	-99	-99
22.06.2000	10.244	105.379	-99	-99	-99	-99	-99	-99	-99	-99
23.06.2000	9.981	117.087	-99	-99	-99	-99	-99	-99	-99	-99
24.06.2000	8.455	115.981	-99	-99	-99	-99	-99	-99	-99	-99
25.06.2000	6.58	106.66	-99	-99	-99	-99	-99	-99	-99	-99
26.06.2000	6.113	94.371	-99	-99	-99	-99	-99	-99	-99	-99
27.06.2000	5.33	83.248	-99	-99	-99	-99	-99	-99	-99	-99
28.06.2000	4.594	75.448	-99	-99	-99	-99	-99	-99	-99	-99
29.06.2000	4.315	67.558	-99	-99	-99	-99	-99	-99	-99	-99
30.06.2000	7.368	65.184	-99	-99	-99	-99	-99	-99	-99	-99
01.07.2000	9.927	88.122	-99	-99	-99	-99	-99	-99	-99	-99
02.07.2000	11.398	120.796	-99	-99	-99	-99	-99	-99	-99	-99
03.07.2000	11.38	130.701	-99	-99	-99	-99	-99	-99	-99	-99
04.07.2000	10.361	131.456	-99	-99	-99	-99	-99	-99	-99	-99
05.07.2000	9.468	125.632	-99	-99	-99	-99	-99	-99	-99	-99
06.07.2000	8.573	120.115	-99	-99	-99	-99	-99	-99	-99	-99
07.07.2000	6.962	111.817	-99	-99	-99	-99	-99	-99	-99	-99
08.07.2000	6.181	99.739	-99	-99	-99	-99	-99	-99	-99	-99
09.07.2000	4.854	86.262	-99	-99	-99	-99	-99	-99	-99	-99
10.07.2000	4.553	75.13	-99	-99	-99	-99	-99	-99	-99	-99
11.07.2000	5.658	68.763	-99	-99	-99	-99	-99	-99	-99	-99
12.07.2000	6.224	73.528	-99	-99	-99	-99	-99	-99	-99	-99
13.07.2000	6.325	78.29	-99	-99	-99	-99	-99	-99	-99	-99
14.07.2000	6.265	78.791	-99	-99	-99	-99	-99	-99	-99	-99
15.07.2000	5.962	77.389	-99	-99	-99	-99	-99	-99	-99	-99
16.07.2000	6.302	74.572	-99	-99	-99	-99	-99	-99	-99	-99
17.07.2000	6.521	77.198	-99	-99	-99	-99	-99	-99	-99	-99
18.07.2000	6.805	81.276	-99	-99	-99	-99	-99	-99	-99	-99
19.07.2000	6.492	84.891	-99	-99	-99	-99	-99	-99	-99	-99
20.07.2000	6.245	85.869	-99	-99	-99	-99	-99	-99	-99	-99
21.07.2000	5.91	84.123	-99	-99	-99	-99	-99	-99	-99	-99
22.07.2000	5.462	80.667	-99	-99	-99	-99	-99	-99	-99	-99
23.07.2000	5.842	79.579	-99	-99	-99	-99	-99	-99	-99	-99
24.07.2000	7.412	84.505	-99	-99	-99	-99	-99	-99	-99	-99
25.07.2000	9.791	100.954	-99	-99	-99	-99	-99	-99	-99	-99
26.07.2000	9.764	114.601	-99	-99	-99	-99	-99	-99	-99	-99
27.07.2000	8.827	120.398	-99	-99	-99	-99	-99	-99	-99	-99
28.07.2000	7.442	119.525	-99	-99	-99	-99	-99	-99	-99	-99
29.07.2000	6.33	112.203	-99	-99	-99	-99	-99	-99	-99	-99
30.07.2000	6.14	104.886	-99	-99	-99	-99	-99	-99	-99	-99
31.07.2000	6.191	99.115	-99	-99	-99	-99	-99	-99	-99	-99
01.08.2000	5.95	93.239	-99	-99	-99	-99	-99	-99	-99	-99
02.08.2000	5.508	88.662	-99	-99	-99	-99	-99	-99	-99	-99
03.08.2000	5.339	83.249	-99	-99	-99	-99	-99	-99	-99	-99
04.08.2000	5.667	80.535	-99	-99	-99	-99	-99	-99	-99	-99
05.08.2000	5.66	78.607	-99	-99	-99	-99	-99	-99	-99	-99
06.08.2000	7.509	83.58	-99	-99	-99	-99	-99	-99	-99	-99
07.08.2000	7.889	100.272	-99	-99	-99	-99	-99	-99	-99	-99
08.08.2000	6.628	105.964	-99	-99	-99	-99	-99	-99	-99	-99
09.08.2000	4.695	95.595	-99	-99	-99	-99	-99	-99	-99	-99
10.08.2000	3.398	81.119	-99	-99	-99	-99	-99	-99	-99	-99
11.08.2000	3.835	72.123	-99	-99	-99	-99	-99	-99	-99	-99
12.08.2000	3.729	68.473	-99	-99	-99	-99	-99	-99	-99	-99
13.08.2000	3.249	63.629	-99	-99	-99	-99	-99	-99	-99	-99
14.08.2000	4.358	61.883	-99	-99	-99	-99	-99	-99	-99	-99
15.08.2000	6.359	70.566	-99	-99	-99	-99	-99	-99	-99	-99
16.08.2000	5.408	77.1	-99	-99	-99	-99	-99	-99	-99	-99
17.08.2000	4.388	75.677	-99	-99	-99	-99	-99	-99	-99	-99
18.08.2000	4.655	71.959	-99	-99	-99	-99	-99	-99	-99	-99
19.08.2000	3.584	68.952	-99	-99	-99	-99	-99	-99	-99	-99
20.08.2000	3.202	63.637	-99	-99	-99	-99	-99	-99	-99	-99
21.08.2000	3.661	59.873	-99	-99	-99	-99	-99	-99	-99	-99
22.08.2000	3.633	57.953	-99	-99	-99	-99	-99	-99	-99	-99
23.08.2000	3.488	55.538	-99	-99	-99	-99	-99	-99	-99	-99
24.08.2000	4.685	58.572	-99	-99	-99	-99	-99	-99	-99	-99
25.08.2000	4.69	60.509	-99	-99	-99	-99	-99	-99	-99	-99
26.08.2000	3.391	58.546	-99	-99	-99	-99	-99	-99	-99	-99
27.08.2000	3.727	57.293	-99	-99	-99	-99	-99	-99	-99	-99
28.08.2000	3.987	59.431	-99	-99	-99	-99	-99	-99	-99	-99
29.08.2000	3.63	60.651	-99	-99	-99	-99	-99	-99	-99	-99
30.08.2000	4.907	62.699	-99	-99	-99	-99	-99	-99	-99	-99
31.08.2000	4.225	63.71	-99	-99	-99	-99	-99	-99	-99	-99
01.09.2000	3.229	55.562	-99	-99	-99	-99	-99	-99	-99	-99
02.09.2000	2.862	51.769	-99	-99	-99	-99	-99	-99	-99	-99
03.09.2000	2.414	47.497	-99	-99	-99	-99	-99	-99	-99	-99
04.09.2000	2.203	42.343	-99	-99	-99	-99	-99	-99	-99	-99
05.09.2000	1.742	37.618	-99	-99	-99	-99	-99	-99	-99	-99
06.09.2000	1.588	33.58	-99	-99	-99	-99	-99	-99	-99	-99
07.09.2000	1.914	31.699	-99	-99	-99	-99	-99	-99	-99	-99
08.09.2000	2.576	35.516	-99	-99	-99	-99	-99	-99	-99	-99
09.09.2000	7.443	49.739	-99	-99	-99	-99	-99	-99	-99	-99
10.09.2000	8.991	81.776	-99	-99	-99	-99	-99	-99	-99	-99
11.09.2000	4.622	84.326	-99	-99	-99	-99	-99	-99	-99	-99
12.09.2000	3.697	72.274	-99	-99	-99	-99	-99	-99	-99	-99
13.09.2000	2.297	59.914	-99	-99	-99	-99	-99	-99	-99	-99
14.09.2000	1.864	49.902	-99	-99	-99	-99	-99	-99	-99	-99
15.09.2000	1.557	41.838	-99	-99	-99	-99	-99	-99	-99	-99
16.09.2000	1.875	36.544	-99	-99	-99	-99	-99	-99	-99	-99
17.09.2000	2.519	35.929	-99	-99	-99	-99	-99	-99	-99	-99
18.09.2000	2.665	38.812	-99	-99	-99	-99	-99	-99	-99	-99
19.09.2000	2.916	41.181	-99	-99	-99	-99	-99	-99	-99	-99
20.09.2000	2.51	40.802	-99	-99	-99	-99	-99	-99	-99	-99
21.09.2000	2.482	38.132	-99	-99	-99	-99	-99	-99	-99	-99
22.09.2000	1.718	34.585	-99	-99	-99	-99	-99	-99	-99	-99
23.09.2000	1.557	30.997	-99	-99	-99	-99	-99	-99	-99	-99
24.09.2000	1.592	29.108	-99	-99	-99	-99	-99	-99	-99	-99
25.09.2000	1.678	28.134	-99	-99	-99	-99	-99	-99	-99	-99
26.09.2000	1.718	27.439	-99	-99	-99	-99	-99	-99	-99	-99
27.09.2000	1.516	26.65	-99	-99	-99	-99	-99	-99	-99	-99
28.09.2000	1.496	25.382	-99	-99	-99	-99	-99	-99	-99	-99
29.09.2000	1.932	26.151	-99	-99	-99	-99	-99	-99	-99	-99
30.09.2000	2.521	29.691	-99	-99	-99	-99	-99	-99	-99	-99
01.10.2000	2.595	34.807	-99	-99	-99	-99	-99	-99	-99	-99
02.10.2000	2.218	36.572	-99	-99	-99	-99	-99	-99	-99	-99
03.10.2000	1.965	35.841	-99	-99	-99	-99	-99	-99	-99	-99
04.10.2000	2.121	34.824	-99	-99	-99	-99	-99	-99	-99	-99
05.10.2000	2.133	35.344	-99	-99	-99	-99	-99	-99	-99	-99
06.10.2000	1.931	35.417	-99	-99	-99	-99	-99	-99	-99	-99
07.10.2000	1.795	33.496	-99	-99	-99	-99	-99	-99	-99	-99
08.10.2000	1.737	32.299	-99	-99	-99	-99	-99	-99	-99	-99
09.10.2000	1.44	30.358	-99	-99	-99	-99	-99	-99	-99	-99
10.10.2000	1.258	28.18	-99	-99	-99	-99	-99	-99	-99	-99
11.10.2000	1.78	25.88	-99	-99	-99	-99	-99	-99	-99	-99
12.10.2000	0.922	22.873	-99	-99	-99	-99	-99	-99	-99	-99
13.10.2000	0.779	20.602	-99	-99	-99	-99	-99	-99	-99	-99
14.10.2000	0.692	18.608	-99	-99	-99	-99	-99	-99	-99	-99
15.10.2000	0.637	17.22	-99	-99	-99	-99	-99	-99	-99	-99
16.10.2000	0.693	16.241	-99	-99	-99	-99	-99	-99	-99	-99
17.10.2000	1.248	15.931	-99	-99	-99	-99	-99	-99	-99	-99
18.10.2000	1.396	17.825	-99	-99	-99	-99	-99	-99	-99	-99
19.10.2000	1.197	18.696	-99	-99	-99	-99	-99	-99	-99	-99
20.10.2000	1.375	18.858	-99	-99	-99	-99	-99	-99	-99	-99
21.10.2000	0.984	18.177	-99	-99	-99	-99	-99	-99	-99	-99
22.10.2000	1.337	19.139	-99	-99	-99	-99	-99	-99	-99	-99
23.10.2000	1.546	18.962	-99	-99	-99	-99	-99	-99	-99	-99
24.10.2000	1.581	18.173	-99	-99	-99	-99	-99	-99	-99	-99
25.10.2000	1.316	18.624	-99	-99	-99	-99	-99	-99	-99	-99
26.10.2000	0.971	17.996	-99	-99	-99	-99	-99	-99	-99	-99
27.10.2000	0.769	16.729	-99	-99	-99	-99	-99	-99	-99	-99
28.10.2000	0.676	15.487	-99	-99	-99	-99	-99	-99	-99	-99
29.10.2000	0.617	14.904	-99	-99	-99	-99	-99	-99	-99	-99
30.10.2000	0.542	13.524	-99	-99	-99	-99	-99	-99	-99	-99
31.10.2000	0.49	12.621	-99	-99	-99	-99	-99	-99	-99	-99
01.11.2000	0.412	11.317	-99	-99	-99	-99	-99	-99	-99	-99
02.11.2000	0.353	10.64	-99	-99	-99	-99	-99	-99	-99	-99
03.11.2000	0.319	10.196	-99	-99	-99	-99	-99	-99	-99	-99
04.11.2000	0.275	9.198	-99	-99	-99	-99	-99	-99	-99	-99
05.11.2000	0.21	8.931	-99	-99	-99	-99	-99	-99	-99	-99
06.11.2000	0.102	8.486	-99	-99	-99	-99	-99	-99	-99	-99
07.11.2000	0.194	8.106	-99	-99	-99	-99	-99	-99	-99	-99
08.11.2000	0.227	7.321	-99	-99	-99	-99	-99	-99	-99	-99
09.11.2000	0.187	6.958	-99	-99	-99	-99	-99	-99	-99	-99
10.11.2000	0.149	6.603	-99	-99	-99	-99	-99	-99	-99	-99
11.11.2000	0.104	6.268	-99	-99	-99	-99	-99	-99	-99	-99
12.11.2000	0.131	6.406	-99	-99	-99	-99	-99	-99	-99	-99
13.11.2000	0.15	5.862	-99	-99	-99	-99	-99	-99	-99	-99
14.11.2000	0.112	5.685	-99	-99	-99	-99	-99	-99	-99	-99
15.11.2000	0.111	5.459	-99	-99	-99	-99	-99	-99	-99	-99
16.11.2000	0.112	5.17	-99	-99	-99	-99	-99	-99	-99	-99
17.11.2000	0.829	5.869	-99	-99	-99	-99	-99	-99	-99	-99
18.11.2000	0.849	4.721	-99	-99	-99	-99	-99	-99	-99	-99
19.11.2000	0.717	4.538	-99	-99	-99	-99	-99	-99	-99	-99
20.11.2000	0.791	4.387	-99	-99	-99	-99	-99	-99	-99	-99
21.11.2000	0.803	4.198	-99	-99	-99	-99	-99	-99	-99	-99
22.11.2000	0.67	4.266	-99	-99	-99	-99	-99	-99	-99	-99
23.11.2000	0.673	3.728	-99	-99	-99	-99	-99	-99	-99	-99
24.11.2000	0.806	3.697	-99	-99	-99	-99	-99	-99	-99	-99
25.11.2000	0.882	3.634	-99	-99	-99	-99	-99	-99	-99	-99
26.11.2000	0.736	3.686	-99	-99	-99	-99	-99	-99	-99	-99
27.11.2000	0.678	3.414	-99	-99	-99	-99	-99	-99	-99	-99
28.11.2000	0.489	3.29	-99	-99	-99	-99	-99	-99	-99	-99
29.11.2000	0.558	3.252	-99	-99	-99	-99	-99	-99	-99	-99
30.11.2000	0.139	3.255	-99	-99	-99	-99	-99	-99	-99	-99
01.12.2000	0.115	3.513	-99	-99	-99	-99	-99	-99	-99	-99
02.12.2000	0.139	3.606	-99	-99	-99	-99	-99	-99	-99	-99
03.12.2000	0.123	3.721	-99	-99	-99	-99	-99	-99	-99	-99
04.12.2000	0.105	3.888	-99	-99	-99	-99	-99	-99	-99	-99
05.12.2000	0.102	3.822	-99	-99	-99	-99	-99	-99	-99	-99
06.12.2000	0.329	4.627	-99	-99	-99	-99	-99	-99	-99	-99
07.12.2000	0.218	4.712	-99	-99	-99	-99	-99	-99	-99	-99
08.12.2000	0.121	4.98	-99	-99	-99	-99	-99	-99	-99	-99
09.12.2000	0.132	4.92	-99	-99	-99	-99	-99	-99	-99	-99
10.12.2000	0.117	4.812	-99	-99	-99	-99	-99	-99	-99	-99
11.12.2000	0.108	4.592	-99	-99	-99	-99	-99	-99	-99	-99
12.12.2000	0.997	4.573	-99	-99	-99	-99	-99	-99	-99	-99
13.12.2000	0.141	4.62	-99	-99	-99	-99	-99	-99	-99	-99
14.12.2000	0.888	4.636	-99	-99	-99	-99	-99	-99	-99	-99
15.12.2000	0.867	4.522	-99	-99	-99	-99	-99	-99	-99	-99
16.12.2000	0.867	4.495	-99	-99	-99	-99	-99	-99	-99	-99
17.12.2000	0.867	4.347	-99	-99	-99	-99	-99	-99	-99	-99
18.12.2000	0.867	4.127	-99	-99	-99	-99	-99	-99	-99	-99
19.12.2000	0.867	3.899	-99	-99	-99	-99	-99	-99	-99	-99
20.12.2000	0.867	3.716	-99	-99	-99	-99	-99	-99	-99	-99
21.12.2000	0.867	3.545	-99	-99	-99	-99	-99	-99	-99	-99
22.12.2000	0.835	3.449	-99	-99	-99	-99	-99	-99	-99	-99
23.12.2000	0.74	3.393	-99	-99	-99	-99	-99	-99	-99	-99
24.12.2000	0.738	3.291	-99	-99	-99	-99	-99	-99	-99	-99
25.12.2000	0.743	3.29	-99	-99	-99	-99	-99	-99	-99	-99
26.12.2000	0.791	3.315	-99	-99	-99	-99	-99	-99	-99	-99
27.12.2000	0.807	3.256	-99	-99	-99	-99	-99	-99	-99	-99
28.12.2000	0.808	3.105	-99	-99	-99	-99	-99	-99	-99	-99
29.12.2000	0.742	3.334	-99	-99	-99	-99	-99	-99	-99	-99
30.12.2000	0.689	2.8	-99	-99	-99	-99	-99	-99	-99	-99
31.12.2000	0.809	2.653	-99	-99	-99	-99	-99	-99	-99	-99
01.01.2001	0.817	2.483	-99	-99	-99	-99	-99	-99	-99	-99
02.01.2001	0.558	2.599	-99	-99	-99	-99	-99	-99	-99	-99
03.01.2001	0.448	2.397	-99	-99	-99	-99	-99	-99	-99	-99
04.01.2001	0.47	2.279	-99	-99	-99	-99	-99	-99	-99	-99
05.01.2001	0.479	2.306	-99	-99	-99	-99	-99	-99	-99	-99
06.01.2001	0.448	2.237	-99	-99	-99	-99	-99	-99	-99	-99
07.01.2001	0.414	2.114	-99	-99	-99	-99	-99	-99	-99	-99
08.01.2001	0.387	2.706	-99	-99	-99	-99	-99	-99	-99	-99
09.01.2001	0.384	2.473	-99	-99	-99	-99	-99	-99	-99	-99
10.01.2001	0.404	1.976	-99	-99	-99	-99	-99	-99	-99	-99
11.01.2001	0.452	2.255	-99	-99	-99	-99	-99	-99	-99	-99
12.01.2001	0.544	2.431	-99	-99	-99	-99	-99	-99	-99	-99
13.01.2001	0.812	2.452	-99	-99	-99	-99	-99	-99	-99	-99
14.01.2001	0.11	2.412	-99	-99	-99	-99	-99	-99	-99	-99
15.01.2001	0.146	2.375	-99	-99	-99	-99	-99	-99	-99	-99
16.01.2001	0.118	2.309	-99	-99	-99	-99	-99	-99	-99	-99
17.01.2001	0.102	2.256	-99	-99	-99	-99	-99	-99	-99	-99
18.01.2001	0.926	2.215	-99	-99	-99	-99	-99	-99	-99	-99
19.01.2001	0.816	2.161	-99	-99	-99	-99	-99	-99	-99	-99
20.01.2001	0.781	2.85	-99	-99	-99	-99	-99	-99	-99	-99
21.01.2001	0.737	2.474	-99	-99	-99	-99	-99	-99	-99	-99
22.01.2001	0.701	2.467	-99	-99	-99	-99	-99	-99	-99	-99
23.01.2001	0.672	1.961	-99	-99	-99	-99	-99	-99	-99	-99
24.01.2001	0.639	1.966	-99	-99	-99	-99	-99	-99	-99	-99
25.01.2001	0.632	1.734	-99	-99	-99	-99	-99	-99	-99	-99
26.01.2001	0.636	1.742	-99	-99	-99	-99	-99	-99	-99	-99
27.01.2001	0.601	1.739	-99	-99	-99	-99	-99	-99	-99	-99
28.01.2001	0.544	1.706	-99	-99	-99	-99	-99	-99	-99	-99
29.01.2001	0.557	1.706	-99	-99	-99	-99	-99	-99	-99	-99
30.01.2001	0.555	1.706	-99	-99	-99	-99	-99	-99	-99	-99
31.01.2001	0.527	1.698	-99	-99	-99	-99	-99	-99	-99	-99
01.02.2001	0.478	1.704	-99	-99	-99	-99	-99	-99	-99	-99
02.02.2001	0.451	1.674	-99	-99	-99	-99	-99	-99	-99	-99
03.02.2001	0.428	1.513	-99	-99	-99	-99	-99	-99	-99	-99
04.02.2001	0.215	0.982	-99	-99	-99	-99	-99	-99	-99	-99
05.02.2001	0.975	0.754	-99	-99	-99	-99	-99	-99	-99	-99
06.02.2001	0.633	0.884	-99	-99	-99	-99	-99	-99	-99	-99
07.02.2001	0.692	0.933	-99	-99	-99	-99	-99	-99	-99	-99
08.02.2001	0.914	1.483	-99	-99	-99	-99	-99	-99	-99	-99
09.02.2001	0.106	1.14	-99	-99	-99	-99	-99	-99	-99	-99
10.02.2001	0.116	1.184	-99	-99	-99	-99	-99	-99	-99	-99
11.02.2001	0.156	1.212	-99	-99	-99	-99	-99	-99	-99	-99
12.02.2001	0.234	1.402	-99	-99	-99	-99	-99	-99	-99	-99
13.02.2001	0.315	1.647	-99	-99	-99	-99	-99	-99	-99	-99
14.02.2001	0.126	1.851	-99	-99	-99	-99	-99	-99	-99	-99
15.02.2001	0.379	2.251	-99	-99	-99	-99	-99	-99	-99	-99
16.02.2001	0.331	2.134	-99	-99	-99	-99	-99	-99	-99	-99
17.02.2001	0.223	2.34	-99	-99	-99	-99	-99	-99	-99	-99
18.02.2001	0.188	3.131	-99	-99	-99	-99	-99	-99	-99	-99
19.02.2001	0.265	3.34	-99	-99	-99	-99	-99	-99	-99	-99
20.02.2001	0.264	3.664	-99	-99	-99	-99	-99	-99	-99	-99
21.02.2001	0.262	4.29	-99	-99	-99	-99	-99	-99	-99	-99
22.02.2001	0.261	4.714	-99	-99	-99	-99	-99	-99	-99	-99
23.02.2001	0.26	4.653	-99	-99	-99	-99	-99	-99	-99	-99
24.02.2001	0.258	4.591	-99	-99	-99	-99	-99	-99	-99	-99
25.02.2001	0.257	4.435	-99	-99	-99	-99	-99	-99	-99	-99
26.02.2001	0.256	4.314	-99	-99	-99	-99	-99	-99	-99	-99
27.02.2001	0.254	3.95	-99	-99	-99	-99	-99	-99	-99	-99
28.02.2001	0.253	3.795	-99	-99	-99	-99	-99	-99	-99	-99
01.03.2001	0.252	3.611	-99	-99	-99	-99	-99	-99	-99	-99
02.03.2001	0.22	3.4	-99	-99	-99	-99	-99	-99	-99	-99
03.03.2001	0.188	3.254	-99	-99	-99	-99	-99	-99	-99	-99
04.03.2001	0.168	3.11	-99	-99	-99	-99	-99	-99	-99	-99
05.03.2001	0.168	3.127	-99	-99	-99	-99	-99	-99	-99	-99
06.03.2001	0.195	3.193	-99	-99	-99	-99	-99	-99	-99	-99
07.03.2001	0.271	3.35	-99	-99	-99	-99	-99	-99	-99	-99
08.03.2001	0.286	3.261	-99	-99	-99	-99	-99	-99	-99	-99
09.03.2001	0.249	3.368	-99	-99	-99	-99	-99	-99	-99	-99
10.03.2001	0.214	3.297	-99	-99	-99	-99	-99	-99	-99	-99
11.03.2001	0.193	3.323	-99	-99	-99	-99	-99	-99	-99	-99
12.03.2001	0.186	3.401	-99	-99	-99	-99	-99	-99	-99	-99
13.03.2001	0.165	3.449	-99	-99	-99	-99	-99	-99	-99	-99
14.03.2001	0.151	3.452	-99	-99	-99	-99	-99	-99	-99	-99
15.03.2001	0.14	3.45	-99	-99	-99	-99	-99	-99	-99	-99
16.03.2001	0.127	3.374	-99	-99	-99	-99	-99	-99	-99	-99
17.03.2001	0.116	3.234	-99	-99	-99	-99	-99	-99	-99	-99
18.03.2001	0.105	3.939	-99	-99	-99	-99	-99	-99	-99	-99
19.03.2001	0.987	2.975	-99	-99	-99	-99	-99	-99	-99	-99
20.03.2001	0.954	2.865	-99	-99	-99	-99	-99	-99	-99	-99
21.03.2001	0.948	2.793	-99	-99	-99	-99	-99	-99	-99	-99
22.03.2001	0.932	2.759	-99	-99	-99	-99	-99	-99	-99	-99
23.03.2001	0.887	2.754	-99	-99	-99	-99	-99	-99	-99	-99
24.03.2001	0.853	2.527	-99	-99	-99	-99	-99	-99	-99	-99
25.03.2001	0.798	2.415	-99	-99	-99	-99	-99	-99	-99	-99
26.03.2001	0.753	2.361	-99	-99	-99	-99	-99	-99	-99	-99
27.03.2001	0.715	2.255	-99	-99	-99	-99	-99	-99	-99	-99
28.03.2001	0.678	2.203	-99	-99	-99	-99	-99	-99	-99	-99
29.03.2001	0.659	2.147	-99	-99	-99	-99	-99	-99	-99	-99
30.03.2001	0.628	2.515	-99	-99	-99	-99	-99	-99	-99	-99
31.03.2001	0.597	1.962	-99	-99	-99	-99	-99	-99	-99	-99
01.04.2001	0.633	2.162	-99	-99	-99	-99	-99	-99	-99	-99
02.04.2001	0.955	2.585	-99	-99	-99	-99	-99	-99	-99	-99
03.04.2001	0.199	3.159	-99	-99	-99	-99	-99	-99	-99	-99
04.04.2001	0.206	3.949	-99	-99	-99	-99	-99	-99	-99	-99
05.04.2001	0.159	4.206	-99	-99	-99	-99	-99	-99	-99	-99
06.04.2001	0.155	4.444	-99	-99	-99	-99	-99	-99	-99	-99
07.04.2001	0.141	4.592	-99	-99	-99	-99	-99	-99	-99	-99
08.04.2001	0.126	4.575	-99	-99	-99	-99	-99	-99	-99	-99
09.04.2001	0.124	4.617	-99	-99	-99	-99	-99	-99	-99	-99
10.04.2001	0.126	4.671	-99	-99	-99	-99	-99	-99	-99	-99
11.04.2001	0.123	4.557	-99	-99	-99	-99	-99	-99	-99	-99
12.04.2001	0.119	4.507	-99	-99	-99	-99	-99	-99	-99	-99
13.04.2001	0.115	4.412	-99	-99	-99	-99	-99	-99	-99	-99
14.04.2001	0.111	4.18	-99	-99	-99	-99	-99	-99	-99	-99
15.04.2001	0.112	4.845	-99	-99	-99	-99	-99	-99	-99	-99
16.04.2001	0.115	3.917	-99	-99	-99	-99	-99	-99	-99	-99
17.04.2001	0.126	3.811	-99	-99	-99	-99	-99	-99	-99	-99
18.04.2001	0.131	3.871	-99	-99	-99	-99	-99	-99	-99	-99
19.04.2001	0.134	3.88	-99	-99	-99	-99	-99	-99	-99	-99
20.04.2001	0.125	3.645	-99	-99	-99	-99	-99	-99	-99	-99
21.04.2001	0.109	3.496	-99	-99	-99	-99	-99	-99	-99	-99
22.04.2001	0.113	3.452	-99	-99	-99	-99	-99	-99	-99	-99
23.04.2001	0.117	3.437	-99	-99	-99	-99	-99	-99	-99	-99
24.04.2001	0.165	3.396	-99	-99	-99	-99	-99	-99	-99	-99
25.04.2001	0.181	3.586	-99	-99	-99	-99	-99	-99	-99	-99
26.04.2001	0.191	3.774	-99	-99	-99	-99	-99	-99	-99	-99
27.04.2001	0.225	4.412	-99	-99	-99	-99	-99	-99	-99	-99
28.04.2001	0.252	4.471	-99	-99	-99	-99	-99	-99	-99	-99
29.04.2001	0.268	4.894	-99	-99	-99	-99	-99	-99	-99	-99
30.04.2001	0.326	5.311	-99	-99	-99	-99	-99	-99	-99	-99
01.05.2001	0.369	5.672	-99	-99	-99	-99	-99	-99	-99	-99
02.05.2001	0.399	6.149	-99	-99	-99	-99	-99	-99	-99	-99
03.05.2001	0.857	7.439	-99	-99	-99	-99	-99	-99	-99	-99
04.05.2001	0.46	8.53	-99	-99	-99	-99	-99	-99	-99	-99
05.05.2001	0.324	8.625	-99	-99	-99	-99	-99	-99	-99	-99
06.05.2001	0.467	8.475	-99	-99	-99	-99	-99	-99	-99	-99
07.05.2001	0.944	8.477	-99	-99	-99	-99	-99	-99	-99	-99
08.05.2001	1.377	9.226	-99	-99	-99	-99	-99	-99	-99	-99
09.05.2001	1.91	11.137	-99	-99	-99	-99	-99	-99	-99	-99
10.05.2001	2.562	14.899	-99	-99	-99	-99	-99	-99	-99	-99
11.05.2001	3.218	18.22	-99	-99	-99	-99	-99	-99	-99	-99
12.05.2001	3.693	23.201	-99	-99	-99	-99	-99	-99	-99	-99
13.05.2001	3.772	28.273	-99	-99	-99	-99	-99	-99	-99	-99
14.05.2001	3.218	31.965	-99	-99	-99	-99	-99	-99	-99	-99
15.05.2001	2.711	31.835	-99	-99	-99	-99	-99	-99	-99	-99
16.05.2001	2.612	32.147	-99	-99	-99	-99	-99	-99	-99	-99
17.05.2001	2.779	31.905	-99	-99	-99	-99	-99	-99	-99	-99
18.05.2001	2.636	31.928	-99	-99	-99	-99	-99	-99	-99	-99
19.05.2001	2.392	31.791	-99	-99	-99	-99	-99	-99	-99	-99
20.05.2001	1.916	30.647	-99	-99	-99	-99	-99	-99	-99	-99
21.05.2001	1.649	28.159	-99	-99	-99	-99	-99	-99	-99	-99
22.05.2001	2.744	25.942	-99	-99	-99	-99	-99	-99	-99	-99
23.05.2001	3.991	27.284	-99	-99	-99	-99	-99	-99	-99	-99
24.05.2001	3.285	33.107	-99	-99	-99	-99	-99	-99	-99	-99
25.05.2001	2.202	32.243	-99	-99	-99	-99	-99	-99	-99	-99
26.05.2001	2.187	29.553	-99	-99	-99	-99	-99	-99	-99	-99
27.05.2001	4.247	30.759	-99	-99	-99	-99	-99	-99	-99	-99
28.05.2001	5.819	41.211	-99	-99	-99	-99	-99	-99	-99	-99
29.05.2001	5.238	49.539	-99	-99	-99	-99	-99	-99	-99	-99
30.05.2001	4.596	52.208	-99	-99	-99	-99	-99	-99	-99	-99
31.05.2001	4.155	50.448	-99	-99	-99	-99	-99	-99	-99	-99
01.06.2001	4.652	48.634	-99	-99	-99	-99	-99	-99	-99	-99
02.06.2001	3.668	45.109	-99	-99	-99	-99	-99	-99	-99	-99
03.06.2001	2.551	40.682	-99	-99	-99	-99	-99	-99	-99	-99
04.06.2001	2.408	36.248	-99	-99	-99	-99	-99	-99	-99	-99
05.06.2001	2.605	33.249	-99	-99	-99	-99	-99	-99	-99	-99
06.06.2001	3.355	32.657	-99	-99	-99	-99	-99	-99	-99	-99
07.06.2001	3.628	33.606	-99	-99	-99	-99	-99	-99	-99	-99
08.06.2001	4.242	34.587	-99	-99	-99	-99	-99	-99	-99	-99
09.06.2001	2.843	34.783	-99	-99	-99	-99	-99	-99	-99	-99
10.06.2001	2.226	32.262	-99	-99	-99	-99	-99	-99	-99	-99
11.06.2001	1.981	29.284	-99	-99	-99	-99	-99	-99	-99	-99
12.06.2001	1.738	26.48	-99	-99	-99	-99	-99	-99	-99	-99
13.06.2001	1.697	24.247	-99	-99	-99	-99	-99	-99	-99	-99
14.06.2001	1.937	22.661	-99	-99	-99	-99	-99	-99	-99	-99
15.06.2001	1.779	21.776	-99	-99	-99	-99	-99	-99	-99	-99
16.06.2001	2.148	20.815	-99	-99	-99	-99	-99	-99	-99	-99
17.06.2001	2.678	21.105	-99	-99	-99	-99	-99	-99	-99	-99
18.06.2001	3.565	22.784	-99	-99	-99	-99	-99	-99	-99	-99
19.06.2001	3.999	25.268	-99	-99	-99	-99	-99	-99	-99	-99
20.06.2001	5.231	29.847	-99	-99	-99	-99	-99	-99	-99	-99
21.06.2001	5.507	38.317	-99	-99	-99	-99	-99	-99	-99	-99
22.06.2001	5.493	43.628	-99	-99	-99	-99	-99	-99	-99	-99
23.06.2001	5.323	46.284	-99	-99	-99	-99	-99	-99	-99	-99
24.06.2001	5.21	49.15	-99	-99	-99	-99	-99	-99	-99	-99
25.06.2001	5.896	53.726	-99	-99	-99	-99	-99	-99	-99	-99
26.06.2001	6.513	57.488	-99	-99	-99	-99	-99	-99	-99	-99
27.06.2001	5.734	59.796	-99	-99	-99	-99	-99	-99	-99	-99
28.06.2001	5.644	61.424	-99	-99	-99	-99	-99	-99	-99	-99
29.06.2001	5.521	64.692	-99	-99	-99	-99	-99	-99	-99	-99
30.06.2001	5.685	68.329	-99	-99	-99	-99	-99	-99	-99	-99
01.07.2001	5.415	73.58	-99	-99	-99	-99	-99	-99	-99	-99
02.07.2001	5.266	75.769	-99	-99	-99	-99	-99	-99	-99	-99
03.07.2001	8.617	83.959	-99	-99	-99	-99	-99	-99	-99	-99
04.07.2001	8.685	104.316	-99	-99	-99	-99	-99	-99	-99	-99
05.07.2001	7.67	108.876	-99	-99	-99	-99	-99	-99	-99	-99
06.07.2001	5.714	103.72	-99	-99	-99	-99	-99	-99	-99	-99
07.07.2001	5.397	96.57	-99	-99	-99	-99	-99	-99	-99	-99
08.07.2001	5.273	91.196	-99	-99	-99	-99	-99	-99	-99	-99
09.07.2001	6.632	93.658	-99	-99	-99	-99	-99	-99	-99	-99
10.07.2001	5.731	100.273	-99	-99	-99	-99	-99	-99	-99	-99
11.07.2001	4.915	94.376	-99	-99	-99	-99	-99	-99	-99	-99
12.07.2001	4.596	87.868	-99	-99	-99	-99	-99	-99	-99	-99
13.07.2001	4.874	82.203	-99	-99	-99	-99	-99	-99	-99	-99
14.07.2001	5.143	79.218	-99	-99	-99	-99	-99	-99	-99	-99
15.07.2001	3.988	73.83	-99	-99	-99	-99	-99	-99	-99	-99
16.07.2001	3.475	67.293	-99	-99	-99	-99	-99	-99	-99	-99
17.07.2001	2.973	60.765	-99	-99	-99	-99	-99	-99	-99	-99
18.07.2001	2.735	55.207	-99	-99	-99	-99	-99	-99	-99	-99
19.07.2001	2.669	51.606	-99	-99	-99	-99	-99	-99	-99	-99
20.07.2001	2.474	47.91	-99	-99	-99	-99	-99	-99	-99	-99
21.07.2001	2.451	45.134	-99	-99	-99	-99	-99	-99	-99	-99
22.07.2001	2.553	44.582	-99	-99	-99	-99	-99	-99	-99	-99
23.07.2001	2.784	45.62	-99	-99	-99	-99	-99	-99	-99	-99
24.07.2001	2.83	46.846	-99	-99	-99	-99	-99	-99	-99	-99
25.07.2001	2.967	48.825	-99	-99	-99	-99	-99	-99	-99	-99
26.07.2001	2.816	49.353	-99	-99	-99	-99	-99	-99	-99	-99
27.07.2001	2.586	48.237	-99	-99	-99	-99	-99	-99	-99	-99
28.07.2001	2.566	46.609	-99	-99	-99	-99	-99	-99	-99	-99
29.07.2001	3.327	47.552	-99	-99	-99	-99	-99	-99	-99	-99
30.07.2001	4.61	55.396	-99	-99	-99	-99	-99	-99	-99	-99
31.07.2001	5.429	65.885	-99	-99	-99	-99	-99	-99	-99	-99
01.08.2001	4.738	67.461	-99	-99	-99	-99	-99	-99	-99	-99
02.08.2001	3.72	64.266	-99	-99	-99	-99	-99	-99	-99	-99
03.08.2001	2.868	57.294	-99	-99	-99	-99	-99	-99	-99	-99
04.08.2001	3.261	54.99	-99	-99	-99	-99	-99	-99	-99	-99
05.08.2001	2.944	54.96	-99	-99	-99	-99	-99	-99	-99	-99
06.08.2001	2.588	52.699	-99	-99	-99	-99	-99	-99	-99	-99
07.08.2001	2.366	50.108	-99	-99	-99	-99	-99	-99	-99	-99
08.08.2001	2.22	46.362	-99	-99	-99	-99	-99	-99	-99	-99
09.08.2001	2.209	43.318	-99	-99	-99	-99	-99	-99	-99	-99
10.08.2001	2.432	41.605	-99	-99	-99	-99	-99	-99	-99	-99
11.08.2001	2.517	-99	-99	-99	-99	-99	-99	-99	-99	-99
12.08.2001	3.237	-99	-99	-99	-99	-99	-99	-99	-99	-99
13.08.2001	3.135	-99	-99	-99	-99	-99	-99	-99	-99	-99
14.08.2001	4.308	-99	-99	-99	-99	-99	-99	-99	-99	-99
15.08.2001	4.23	-99	-99	-99	-99	-99	-99	-99	-99	-99
16.08.2001	5.446	-99	-99	-99	-99	-99	-99	-99	-99	-99
17.08.2001	6.38	-99	-99	-99	-99	-99	-99	-99	-99	-99
18.08.2001	5.752	-99	-99	-99	-99	-99	-99	-99	-99	-99
19.08.2001	4.284	-99	-99	-99	-99	-99	-99	-99	-99	-99
20.08.2001	4.245	-99	-99	-99	-99	-99	-99	-99	-99	-99
21.08.2001	5.11	-99	-99	-99	-99	-99	-99	-99	-99	-99
22.08.2001	3.767	-99	-99	-99	-99	-99	-99	-99	-99	-99
23.08.2001	3.206	-99	-99	-99	-99	-99	-99	-99	-99	-99
24.08.2001	3.387	-99	-99	-99	-99	-99	-99	-99	-99	-99
25.08.2001	3.452	-99	-99	-99	-99	-99	-99	-99	-99	-99
26.08.2001	5.353	-99	-99	-99	-99	-99	-99	-99	-99	-99
27.08.2001	5.453	-99	-99	-99	-99	-99	-99	-99	-99	-99
28.08.2001	4.835	-99	-99	-99	-99	-99	-99	-99	-99	-99
29.08.2001	3.25	-99	-99	-99	-99	-99	-99	-99	-99	-99
30.08.2001	2.537	-99	-99	-99	-99	-99	-99	-99	-99	-99
31.08.2001	2.389	-99	-99	-99	-99	-99	-99	-99	-99	-99
01.09.2001	4.328	-99	-99	-99	-99	-99	-99	-99	-99	-99
02.09.2001	3.492	-99	-99	-99	-99	-99	-99	-99	-99	-99
03.09.2001	3.522	-99	-99	-99	-99	-99	-99	-99	-99	-99
04.09.2001	3.861	-99	-99	-99	-99	-99	-99	-99	-99	-99
05.09.2001	2.585	-99	-99	-99	-99	-99	-99	-99	-99	-99
06.09.2001	2.334	-99	-99	-99	-99	-99	-99	-99	-99	-99
07.09.2001	2.713	-99	-99	-99	-99	-99	-99	-99	-99	-99
08.09.2001	1.921	-99	-99	-99	-99	-99	-99	-99	-99	-99
09.09.2001	1.654	-99	-99	-99	-99	-99	-99	-99	-99	-99
10.09.2001	2.131	-99	-99	-99	-99	-99	-99	-99	-99	-99
11.09.2001	2.191	-99	-99	-99	-99	-99	-99	-99	-99	-99
12.09.2001	1.897	-99	-99	-99	-99	-99	-99	-99	-99	-99
13.09.2001	1.684	-99	-99	-99	-99	-99	-99	-99	-99	-99
14.09.2001	1.558	-99	-99	-99	-99	-99	-99	-99	-99	-99
15.09.2001	1.454	-99	-99	-99	-99	-99	-99	-99	-99	-99
16.09.2001	1.411	-99	-99	-99	-99	-99	-99	-99	-99	-99
17.09.2001	1.365	-99	-99	-99	-99	-99	-99	-99	-99	-99
18.09.2001	1.362	-99	-99	-99	-99	-99	-99	-99	-99	-99
19.09.2001	1.544	-99	-99	-99	-99	-99	-99	-99	-99	-99
20.09.2001	1.948	-99	-99	-99	-99	-99	-99	-99	-99	-99
21.09.2001	1.885	-99	-99	-99	-99	-99	-99	-99	-99	-99
22.09.2001	1.675	-99	-99	-99	-99	-99	-99	-99	-99	-99
23.09.2001	1.466	-99	-99	-99	-99	-99	-99	-99	-99	-99
24.09.2001	1.288	-99	-99	-99	-99	-99	-99	-99	-99	-99
25.09.2001	1.16	-99	-99	-99	-99	-99	-99	-99	-99	-99
26.09.2001	1.601	-99	-99	-99	-99	-99	-99	-99	-99	-99
27.09.2001	1.19	-99	-99	-99	-99	-99	-99	-99	-99	-99
28.09.2001	1.201	-99	-99	-99	-99	-99	-99	-99	-99	-99
29.09.2001	0.965	-99	-99	-99	-99	-99	-99	-99	-99	-99
30.09.2001	0.861	-99	-99	-99	-99	-99	-99	-99	-99	-99
01.10.2001	1.182	-99	-99	-99	-99	-99	-99	-99	-99	-99
02.10.2001	1.797	-99	-99	-99	-99	-99	-99	-99	-99	-99
03.10.2001	2.67	-99	-99	-99	-99	-99	-99	-99	-99	-99
04.10.2001	6.997	-99	-99	-99	-99	-99	-99	-99	-99	-99
05.10.2001	5.326	-99	-99	-99	-99	-99	-99	-99	-99	-99
06.10.2001	3.568	-99	-99	-99	-99	-99	-99	-99	-99	-99
07.10.2001	2.693	-99	-99	-99	-99	-99	-99	-99	-99	-99
08.10.2001	2.289	-99	-99	-99	-99	-99	-99	-99	-99	-99
09.10.2001	1.985	-99	-99	-99	-99	-99	-99	-99	-99	-99
10.10.2001	1.903	-99	-99	-99	-99	-99	-99	-99	-99	-99
11.10.2001	2.778	-99	-99	-99	-99	-99	-99	-99	-99	-99
12.10.2001	3.976	-99	-99	-99	-99	-99	-99	-99	-99	-99
13.10.2001	3.866	-99	-99	-99	-99	-99	-99	-99	-99	-99
14.10.2001	2.428	-99	-99	-99	-99	-99	-99	-99	-99	-99
15.10.2001	2.703	-99	-99	-99	-99	-99	-99	-99	-99	-99
16.10.2001	2.169	-99	-99	-99	-99	-99	-99	-99	-99	-99
17.10.2001	2.129	-99	-99	-99	-99	-99	-99	-99	-99	-99
18.10.2001	1.631	-99	-99	-99	-99	-99	-99	-99	-99	-99
19.10.2001	1.316	-99	-99	-99	-99	-99	-99	-99	-99	-99
20.10.2001	1.124	-99	-99	-99	-99	-99	-99	-99	-99	-99
21.10.2001	0.968	-99	-99	-99	-99	-99	-99	-99	-99	-99
22.10.2001	0.838	-99	-99	-99	-99	-99	-99	-99	-99	-99
23.10.2001	0.736	-99	-99	-99	-99	-99	-99	-99	-99	-99
24.10.2001	0.622	-99	-99	-99	-99	-99	-99	-99	-99	-99
25.10.2001	0.578	-99	-99	-99	-99	-99	-99	-99	-99	-99
26.10.2001	0.603	-99	-99	-99	-99	-99	-99	-99	-99	-99
27.10.2001	0.683	-99	-99	-99	-99	-99	-99	-99	-99	-99
28.10.2001	0.893	-99	-99	-99	-99	-99	-99	-99	-99	-99
29.10.2001	0.914	-99	-99	-99	-99	-99	-99	-99	-99	-99
30.10.2001	1.129	-99	-99	-99	-99	-99	-99	-99	-99	-99
31.10.2001	0.97	-99	-99	-99	-99	-99	-99	-99	-99	-99
01.11.2001	0.988	-99	-99	-99	-99	-99	-99	-99	-99	-99
02.11.2001	3.92	-99	-99	-99	-99	-99	-99	-99	-99	-99
03.11.2001	5.909	-99	-99	-99	-99	-99	-99	-99	-99	-99
04.11.2001	4.633	-99	-99	-99	-99	-99	-99	-99	-99	-99
05.11.2001	2.601	-99	-99	-99	-99	-99	-99	-99	-99	-99
06.11.2001	1.966	-99	-99	-99	-99	-99	-99	-99	-99	-99
07.11.2001	1.545	-99	-99	-99	-99	-99	-99	-99	-99	-99
08.11.2001	1.238	-99	-99	-99	-99	-99	-99	-99	-99	-99
09.11.2001	1.819	-99	-99	-99	-99	-99	-99	-99	-99	-99
10.11.2001	1.417	-99	-99	-99	-99	-99	-99	-99	-99	-99
11.11.2001	1.722	-99	-99	-99	-99	-99	-99	-99	-99	-99
12.11.2001	1.55	-99	-99	-99	-99	-99	-99	-99	-99	-99
13.11.2001	1.458	-99	-99	-99	-99	-99	-99	-99	-99	-99
14.11.2001	1.208	-99	-99	-99	-99	-99	-99	-99	-99	-99
15.11.2001	1.278	-99	-99	-99	-99	-99	-99	-99	-99	-99
16.11.2001	1.174	-99	-99	-99	-99	-99	-99	-99	-99	-99
17.11.2001	1.242	-99	-99	-99	-99	-99	-99	-99	-99	-99
18.11.2001	1.948	-99	-99	-99	-99	-99	-99	-99	-99	-99
19.11.2001	0.897	-99	-99	-99	-99	-99	-99	-99	-99	-99
20.11.2001	0.746	-99	-99	-99	-99	-99	-99	-99	-99	-99
21.11.2001	0.737	-99	-99	-99	-99	-99	-99	-99	-99	-99
22.11.2001	0.781	-99	-99	-99	-99	-99	-99	-99	-99	-99
23.11.2001	0.88	-99	-99	-99	-99	-99	-99	-99	-99	-99
24.11.2001	0.699	-99	-99	-99	-99	-99	-99	-99	-99	-99
25.11.2001	0.675	-99	-99	-99	-99	-99	-99	-99	-99	-99
26.11.2001	0.934	-99	-99	-99	-99	-99	-99	-99	-99	-99
27.11.2001	0.662	-99	-99	-99	-99	-99	-99	-99	-99	-99
28.11.2001	0.529	-99	-99	-99	-99	-99	-99	-99	-99	-99
29.11.2001	0.474	-99	-99	-99	-99	-99	-99	-99	-99	-99
30.11.2001	0.449	-99	-99	-99	-99	-99	-99	-99	-99	-99
01.12.2001	0.486	-99	-99	-99	-99	-99	-99	-99	-99	-99
02.12.2001	0.502	-99	-99	-99	-99	-99	-99	-99	-99	-99
03.12.2001	0.386	-99	-99	-99	-99	-99	-99	-99	-99	-99
04.12.2001	0.359	-99	-99	-99	-99	-99	-99	-99	-99	-99
05.12.2001	0.32	-99	-99	-99	-99	-99	-99	-99	-99	-99
06.12.2001	0.335	-99	-99	-99	-99	-99	-99	-99	-99	-99
07.12.2001	0.676	-99	-99	-99	-99	-99	-99	-99	-99	-99
08.12.2001	0.328	-99	-99	-99	-99	-99	-99	-99	-99	-99
09.12.2001	0.446	-99	-99	-99	-99	-99	-99	-99	-99	-99
10.12.2001	0.969	-99	-99	-99	-99	-99	-99	-99	-99	-99
11.12.2001	0.678	-99	-99	-99	-99	-99	-99	-99	-99	-99
12.12.2001	0.502	-99	-99	-99	-99	-99	-99	-99	-99	-99
13.12.2001	0.42	-99	-99	-99	-99	-99	-99	-99	-99	-99
14.12.2001	0.388	-99	-99	-99	-99	-99	-99	-99	-99	-99
15.12.2001	0.356	-99	-99	-99	-99	-99	-99	-99	-99	-99
16.12.2001	0.315	-99	-99	-99	-99	-99	-99	-99	-99	-99
17.12.2001	0.292	-99	-99	-99	-99	-99	-99	-99	-99	-99
18.12.2001	0.298	-99	-99	-99	-99	-99	-99	-99	-99	-99
19.12.2001	0.411	-99	-99	-99	-99	-99	-99	-99	-99	-99
20.12.2001	0.408	-99	-99	-99	-99	-99	-99	-99	-99	-99
21.12.2001	0.404	-99	-99	-99	-99	-99	-99	-99	-99	-99
22.12.2001	0.4	-99	-99	-99	-99	-99	-99	-99	-99	-99
23.12.2001	0.396	-99	-99	-99	-99	-99	-99	-99	-99	-99
24.12.2001	0.392	-99	-99	-99	-99	-99	-99	-99	-99	-99
25.12.2001	0.389	-99	-99	-99	-99	-99	-99	-99	-99	-99
26.12.2001	0.385	-99	-99	-99	-99	-99	-99	-99	-99	-99
27.12.2001	0.381	-99	-99	-99	-99	-99	-99	-99	-99	-99
28.12.2001	0.377	-99	-99	-99	-99	-99	-99	-99	-99	-99
29.12.2001	0.362	-99	-99	-99	-99	-99	-99	-99	-99	-99
30.12.2001	0.385	-99	-99	-99	-99	-99	-99	-99	-99	-99
31.12.2001	0.366	-99	-99	-99	-99	-99	-99	-99	-99	-99
01.01.2002	0.355	-99	-99	-99	-99	-99	-99	-99	-99	-99
02.01.2002	0.344	-99	-99	-99	-99	-99	-99	-99	-99	-99
03.01.2002	0.332	-99	-99	-99	-99	-99	-99	-99	-99	-99
04.01.2002	0.321	-99	-99	-99	-99	-99	-99	-99	-99	-99
05.01.2002	0.31	-99	-99	-99	-99	-99	-99	-99	-99	-99
06.01.2002	0.298	-99	-99	-99	-99	-99	-99	-99	-99	-99
07.01.2002	0.302	-99	-99	-99	-99	-99	-99	-99	-99	-99
08.01.2002	0.282	-99	-99	-99	-99	-99	-99	-99	-99	-99
09.01.2002	0.318	-99	-99	-99	-99	-99	-99	-99	-99	-99
10.01.2002	0.275	-99	-99	-99	-99	-99	-99	-99	-99	-99
11.01.2002	0.252	-99	-99	-99	-99	-99	-99	-99	-99	-99
12.01.2002	0.247	-99	-99	-99	-99	-99	-99	-99	-99	-99
13.01.2002	0.339	-99	-99	-99	-99	-99	-99	-99	-99	-99
14.01.2002	0.434	-99	-99	-99	-99	-99	-99	-99	-99	-99
15.01.2002	0.383	-99	-99	-99	-99	-99	-99	-99	-99	-99
16.01.2002	0.293	-99	-99	-99	-99	-99	-99	-99	-99	-99
17.01.2002	0.26	-99	-99	-99	-99	-99	-99	-99	-99	-99
18.01.2002	0.2	-99	-99	-99	-99	-99	-99	-99	-99	-99
19.01.2002	0.223	-99	-99	-99	-99	-99	-99	-99	-99	-99
20.01.2002	0.207	-99	-99	-99	-99	-99	-99	-99	-99	-99
21.01.2002	0.195	-99	-99	-99	-99	-99	-99	-99	-99	-99
22.01.2002	0.197	-99	-99	-99	-99	-99	-99	-99	-99	-99
23.01.2002	0.202	-99	-99	-99	-99	-99	-99	-99	-99	-99
24.01.2002	0.207	-99	-99	-99	-99	-99	-99	-99	-99	-99
25.01.2002	0.212	-99	-99	-99	-99	-99	-99	-99	-99	-99
26.01.2002	0.217	-99	-99	-99	-99	-99	-99	-99	-99	-99
27.01.2002	0.222	-99	-99	-99	-99	-99	-99	-99	-99	-99
28.01.2002	0.227	-99	-99	-99	-99	-99	-99	-99	-99	-99
29.01.2002	0.258	-99	-99	-99	-99	-99	-99	-99	-99	-99
30.01.2002	0.281	-99	-99	-99	-99	-99	-99	-99	-99	-99
31.01.2002	0.246	-99	-99	-99	-99	-99	-99	-99	-99	-99
01.02.2002	0.261	-99	-99	-99	-99	-99	-99	-99	-99	-99
02.02.2002	0.307	-99	-99	-99	-99	-99	-99	-99	-99	-99
03.02.2002	0.356	-99	-99	-99	-99	-99	-99	-99	-99	-99
04.02.2002	0.322	-99	-99	-99	-99	-99	-99	-99	-99	-99
05.02.2002	0.269	-99	-99	-99	-99	-99	-99	-99	-99	-99
06.02.2002	0.257	-99	-99	-99	-99	-99	-99	-99	-99	-99
07.02.2002	0.259	-99	-99	-99	-99	-99	-99	-99	-99	-99
08.02.2002	0.249	-99	-99	-99	-99	-99	-99	-99	-99	-99
09.02.2002	0.245	-99	-99	-99	-99	-99	-99	-99	-99	-99
10.02.2002	0.249	-99	-99	-99	-99	-99	-99	-99	-99	-99
11.02.2002	0.251	-99	-99	-99	-99	-99	-99	-99	-99	-99
12.02.2002	0.224	-99	-99	-99	-99	-99	-99	-99	-99	-99
13.02.2002	0.226	-99	-99	-99	-99	-99	-99	-99	-99	-99
14.02.2002	0.236	-99	-99	-99	-99	-99	-99	-99	-99	-99
15.02.2002	0.235	-99	-99	-99	-99	-99	-99	-99	-99	-99
16.02.2002	0.234	-99	-99	-99	-99	-99	-99	-99	-99	-99
17.02.2002	0.233	-99	-99	-99	-99	-99	-99	-99	-99	-99
18.02.2002	0.233	-99	-99	-99	-99	-99	-99	-99	-99	-99
19.02.2002	0.232	-99	-99	-99	-99	-99	-99	-99	-99	-99
20.02.2002	0.231	-99	-99	-99	-99	-99	-99	-99	-99	-99
21.02.2002	0.23	-99	-99	-99	-99	-99	-99	-99	-99	-99
22.02.2002	0.23	-99	-99	-99	-99	-99	-99	-99	-99	-99
23.02.2002	0.229	-99	-99	-99	-99	-99	-99	-99	-99	-99
24.02.2002	0.228	-99	-99	-99	-99	-99	-99	-99	-99	-99
25.02.2002	0.227	-99	-99	-99	-99	-99	-99	-99	-99	-99
26.02.2002	0.227	-99	-99	-99	-99	-99	-99	-99	-99	-99
27.02.2002	0.226	-99	-99	-99	-99	-99	-99	-99	-99	-99
28.02.2002	0.225	-99	-99	-99	-99	-99	-99	-99	-99	-99
01.03.2002	0.224	-99	-99	-99	-99	-99	-99	-99	-99	-99
02.03.2002	0.224	-99	-99	-99	-99	-99	-99	-99	-99	-99
03.03.2002	0.223	-99	-99	-99	-99	-99	-99	-99	-99	-99
04.03.2002	0.222	-99	-99	-99	-99	-99	-99	-99	-99	-99
05.03.2002	0.221	-99	-99	-99	-99	-99	-99	-99	-99	-99
06.03.2002	0.221	-99	-99	-99	-99	-99	-99	-99	-99	-99
07.03.2002	0.22	-99	-99	-99	-99	-99	-99	-99	-99	-99
08.03.2002	0.219	-99	-99	-99	-99	-99	-99	-99	-99	-99
09.03.2002	0.218	-99	-99	-99	-99	-99	-99	-99	-99	-99
10.03.2002	0.218	-99	-99	-99	-99	-99	-99	-99	-99	-99
11.03.2002	0.217	-99	-99	-99	-99	-99	-99	-99	-99	-99
12.03.2002	0.216	-99	-99	-99	-99	-99	-99	-99	-99	-99
13.03.2002	0.215	-99	-99	-99	-99	-99	-99	-99	-99	-99
14.03.2002	0.215	-99	-99	-99	-99	-99	-99	-99	-99	-99
15.03.2002	0.214	-99	-99	-99	-99	-99	-99	-99	-99	-99
16.03.2002	0.213	-99	-99	-99	-99	-99	-99	-99	-99	-99
17.03.2002	0.212	-99	-99	-99	-99	-99	-99	-99	-99	-99
18.03.2002	0.212	-99	-99	-99	-99	-99	-99	-99	-99	-99
19.03.2002	0.211	-99	-99	-99	-99	-99	-99	-99	-99	-99
20.03.2002	0.21	-99	-99	-99	-99	-99	-99	-99	-99	-99
21.03.2002	0.209	-99	-99	-99	-99	-99	-99	-99	-99	-99
22.03.2002	0.209	-99	-99	-99	-99	-99	-99	-99	-99	-99
23.03.2002	0.208	-99	-99	-99	-99	-99	-99	-99	-99	-99
24.03.2002	0.207	-99	-99	-99	-99	-99	-99	-99	-99	-99
25.03.2002	0.206	-99	-99	-99	-99	-99	-99	-99	-99	-99
26.03.2002	0.194	-99	-99	-99	-99	-99	-99	-99	-99	-99
27.03.2002	0.199	-99	-99	-99	-99	-99	-99	-99	-99	-99
28.03.2002	0.216	-99	-99	-99	-99	-99	-99	-99	-99	-99
29.03.2002	0.213	-99	-99	-99	-99	-99	-99	-99	-99	-99
30.03.2002	0.2	-99	-99	-99	-99	-99	-99	-99	-99	-99
31.03.2002	0.201	-99	-99	-99	-99	-99	-99	-99	-99	-99
01.04.2002	0.194	-99	-99	-99	-99	-99	-99	-99	-99	-99
02.04.2002	0.252	-99	-99	-99	-99	-99	-99	-99	-99	-99
03.04.2002	0.421	-99	-99	-99	-99	-99	-99	-99	-99	-99
04.04.2002	0.582	-99	-99	-99	-99	-99	-99	-99	-99	-99
05.04.2002	0.653	-99	-99	-99	-99	-99	-99	-99	-99	-99
06.04.2002	0.62	-99	-99	-99	-99	-99	-99	-99	-99	-99
07.04.2002	0.473	-99	-99	-99	-99	-99	-99	-99	-99	-99
08.04.2002	0.442	-99	-99	-99	-99	-99	-99	-99	-99	-99
09.04.2002	0.347	-99	-99	-99	-99	-99	-99	-99	-99	-99
10.04.2002	0.344	-99	-99	-99	-99	-99	-99	-99	-99	-99
11.04.2002	0.299	-99	-99	-99	-99	-99	-99	-99	-99	-99
12.04.2002	0.279	-99	-99	-99	-99	-99	-99	-99	-99	-99
13.04.2002	0.27	-99	-99	-99	-99	-99	-99	-99	-99	-99
14.04.2002	0.346	-99	-99	-99	-99	-99	-99	-99	-99	-99
15.04.2002	0.484	-99	-99	-99	-99	-99	-99	-99	-99	-99
16.04.2002	0.663	-99	-99	-99	-99	-99	-99	-99	-99	-99
17.04.2002	0.667	-99	-99	-99	-99	-99	-99	-99	-99	-99
18.04.2002	0.602	-99	-99	-99	-99	-99	-99	-99	-99	-99
19.04.2002	0.54	-99	-99	-99	-99	-99	-99	-99	-99	-99
20.04.2002	0.612	-99	-99	-99	-99	-99	-99	-99	-99	-99
21.04.2002	0.776	-99	-99	-99	-99	-99	-99	-99	-99	-99
22.04.2002	1.43	-99	-99	-99	-99	-99	-99	-99	-99	-99
23.04.2002	2.29	-99	-99	-99	-99	-99	-99	-99	-99	-99
24.04.2002	2.377	-99	-99	-99	-99	-99	-99	-99	-99	-99
25.04.2002	2.169	-99	-99	-99	-99	-99	-99	-99	-99	-99
26.04.2002	1.685	-99	-99	-99	-99	-99	-99	-99	-99	-99
27.04.2002	1.338	-99	-99	-99	-99	-99	-99	-99	-99	-99
28.04.2002	1.804	-99	-99	-99	-99	-99	-99	-99	-99	-99
29.04.2002	0.997	-99	-99	-99	-99	-99	-99	-99	-99	-99
30.04.2002	1.943	-99	-99	-99	-99	-99	-99	-99	-99	-99
01.05.2002	1.223	-99	-99	-99	-99	-99	-99	-99	-99	-99
02.05.2002	1.145	-99	-99	-99	-99	-99	-99	-99	-99	-99
03.05.2002	0.918	-99	-99	-99	-99	-99	-99	-99	-99	-99
04.05.2002	0.881	-99	-99	-99	-99	-99	-99	-99	-99	-99
05.05.2002	0.961	-99	-99	-99	-99	-99	-99	-99	-99	-99
06.05.2002	1.339	-99	-99	-99	-99	-99	-99	-99	-99	-99
07.05.2002	1.197	-99	-99	-99	-99	-99	-99	-99	-99	-99
08.05.2002	1.662	-99	-99	-99	-99	-99	-99	-99	-99	-99
09.05.2002	2.365	-99	-99	-99	-99	-99	-99	-99	-99	-99
10.05.2002	3.361	-99	-99	-99	-99	-99	-99	-99	-99	-99
11.05.2002	5.43	-99	-99	-99	-99	-99	-99	-99	-99	-99
12.05.2002	6.86	-99	-99	-99	-99	-99	-99	-99	-99	-99
13.05.2002	3.847	-99	-99	-99	-99	-99	-99	-99	-99	-99
14.05.2002	3.657	-99	-99	-99	-99	-99	-99	-99	-99	-99
15.05.2002	4.679	-99	-99	-99	-99	-99	-99	-99	-99	-99
16.05.2002	4.114	-99	-99	-99	-99	-99	-99	-99	-99	-99
17.05.2002	3.949	-99	-99	-99	-99	-99	-99	-99	-99	-99
18.05.2002	3.605	-99	-99	-99	-99	-99	-99	-99	-99	-99
19.05.2002	3.435	-99	-99	-99	-99	-99	-99	-99	-99	-99
20.05.2002	3.805	-99	-99	-99	-99	-99	-99	-99	-99	-99
21.05.2002	5.229	-99	-99	-99	-99	-99	-99	-99	-99	-99
22.05.2002	7.505	-99	-99	-99	-99	-99	-99	-99	-99	-99
23.05.2002	9.646	-99	-99	-99	-99	-99	-99	-99	-99	-99
24.05.2002	9.829	-99	-99	-99	-99	-99	-99	-99	-99	-99
25.05.2002	8.919	-99	-99	-99	-99	-99	-99	-99	-99	-99
26.05.2002	7.272	-99	-99	-99	-99	-99	-99	-99	-99	-99
27.05.2002	6.272	-99	-99	-99	-99	-99	-99	-99	-99	-99
28.05.2002	6.936	-99	-99	-99	-99	-99	-99	-99	-99	-99
29.05.2002	7.674	-99	-99	-99	-99	-99	-99	-99	-99	-99
30.05.2002	7.399	-99	-99	-99	-99	-99	-99	-99	-99	-99
31.05.2002	5.977	-99	-99	-99	-99	-99	-99	-99	-99	-99
01.06.2002	5.351	-99	-99	-99	-99	-99	-99	-99	-99	-99
02.06.2002	5.637	-99	-99	-99	-99	-99	-99	-99	-99	-99
03.06.2002	6.328	-99	-99	-99	-99	-99	-99	-99	-99	-99
04.06.2002	7.924	-99	-99	-99	-99	-99	-99	-99	-99	-99
05.06.2002	9.146	-99	-99	-99	-99	-99	-99	-99	-99	-99
06.06.2002	9.438	-99	-99	-99	-99	-99	-99	-99	-99	-99
07.06.2002	9.563	-99	-99	-99	-99	-99	-99	-99	-99	-99
08.06.2002	9.504	-99	-99	-99	-99	-99	-99	-99	-99	-99
09.06.2002	9.688	-99	-99	-99	-99	-99	-99	-99	-99	-99
10.06.2002	9.613	-99	-99	-99	-99	-99	-99	-99	-99	-99
11.06.2002	9.415	-99	-99	-99	-99	-99	-99	-99	-99	-99
12.06.2002	8.825	-99	-99	-99	-99	-99	-99	-99	-99	-99
13.06.2002	6.57	-99	-99	-99	-99	-99	-99	-99	-99	-99
14.06.2002	5.679	-99	-99	-99	-99	-99	-99	-99	-99	-99
15.06.2002	5.475	-99	-99	-99	-99	-99	-99	-99	-99	-99
16.06.2002	6.852	-99	-99	-99	-99	-99	-99	-99	-99	-99
17.06.2002	6.804	-99	-99	-99	-99	-99	-99	-99	-99	-99
18.06.2002	6.494	-99	-99	-99	-99	-99	-99	-99	-99	-99
19.06.2002	6.846	-99	-99	-99	-99	-99	-99	-99	-99	-99
20.06.2002	7.288	-99	-99	-99	-99	-99	-99	-99	-99	-99
21.06.2002	5.671	-99	-99	-99	-99	-99	-99	-99	-99	-99
22.06.2002	4.92	-99	-99	-99	-99	-99	-99	-99	-99	-99
23.06.2002	4.548	-99	-99	-99	-99	-99	-99	-99	-99	-99
24.06.2002	5.227	-99	-99	-99	-99	-99	-99	-99	-99	-99
25.06.2002	5.601	-99	-99	-99	-99	-99	-99	-99	-99	-99
26.06.2002	5.668	-99	-99	-99	-99	-99	-99	-99	-99	-99
27.06.2002	5.187	-99	-99	-99	-99	-99	-99	-99	-99	-99
28.06.2002	5.762	-99	-99	-99	-99	-99	-99	-99	-99	-99
29.06.2002	5.441	-99	-99	-99	-99	-99	-99	-99	-99	-99
30.06.2002	4.817	-99	-99	-99	-99	-99	-99	-99	-99	-99
01.07.2002	4.496	-99	-99	-99	-99	-99	-99	-99	-99	-99
02.07.2002	4.499	-99	-99	-99	-99	-99	-99	-99	-99	-99
03.07.2002	4.505	-99	-99	-99	-99	-99	-99	-99	-99	-99
04.07.2002	4.353	-99	-99	-99	-99	-99	-99	-99	-99	-99
05.07.2002	6.928	-99	-99	-99	-99	-99	-99	-99	-99	-99
06.07.2002	4.925	-99	-99	-99	-99	-99	-99	-99	-99	-99
07.07.2002	4.42	-99	-99	-99	-99	-99	-99	-99	-99	-99
08.07.2002	3.965	-99	-99	-99	-99	-99	-99	-99	-99	-99
09.07.2002	4.8	-99	-99	-99	-99	-99	-99	-99	-99	-99
10.07.2002	8.176	-99	-99	-99	-99	-99	-99	-99	-99	-99
11.07.2002	9.647	-99	-99	-99	-99	-99	-99	-99	-99	-99
12.07.2002	7.557	-99	-99	-99	-99	-99	-99	-99	-99	-99
13.07.2002	5.165	-99	-99	-99	-99	-99	-99	-99	-99	-99
14.07.2002	4.461	-99	-99	-99	-99	-99	-99	-99	-99	-99
15.07.2002	4.251	-99	-99	-99	-99	-99	-99	-99	-99	-99
16.07.2002	4.154	-99	-99	-99	-99	-99	-99	-99	-99	-99
17.07.2002	3.87	-99	-99	-99	-99	-99	-99	-99	-99	-99
18.07.2002	3.585	-99	-99	-99	-99	-99	-99	-99	-99	-99
19.07.2002	3.695	-99	-99	-99	-99	-99	-99	-99	-99	-99
20.07.2002	3.971	-99	-99	-99	-99	-99	-99	-99	-99	-99
21.07.2002	4.434	-99	-99	-99	-99	-99	-99	-99	-99	-99
22.07.2002	4.734	-99	-99	-99	-99	-99	-99	-99	-99	-99
23.07.2002	5.9	-99	-99	-99	-99	-99	-99	-99	-99	-99
24.07.2002	5.166	-99	-99	-99	-99	-99	-99	-99	-99	-99
25.07.2002	4.107	-99	-99	-99	-99	-99	-99	-99	-99	-99
26.07.2002	3.623	-99	-99	-99	-99	-99	-99	-99	-99	-99
27.07.2002	3.108	-99	-99	-99	-99	-99	-99	-99	-99	-99
28.07.2002	3.549	-99	-99	-99	-99	-99	-99	-99	-99	-99
29.07.2002	4.639	-99	-99	-99	-99	-99	-99	-99	-99	-99
30.07.2002	4.678	-99	-99	-99	-99	-99	-99	-99	-99	-99
31.07.2002	4.797	-99	-99	-99	-99	-99	-99	-99	-99	-99
01.08.2002	4.806	-99	-99	-99	-99	-99	-99	-99	-99	-99
02.08.2002	4.729	-99	-99	-99	-99	-99	-99	-99	-99	-99
03.08.2002	4.392	-99	-99	-99	-99	-99	-99	-99	-99	-99
04.08.2002	4.515	-99	-99	-99	-99	-99	-99	-99	-99	-99
05.08.2002	4.478	-99	-99	-99	-99	-99	-99	-99	-99	-99
06.08.2002	4.359	-99	-99	-99	-99	-99	-99	-99	-99	-99
07.08.2002	4.352	-99	-99	-99	-99	-99	-99	-99	-99	-99
08.08.2002	3.877	-99	-99	-99	-99	-99	-99	-99	-99	-99
09.08.2002	3.609	-99	-99	-99	-99	-99	-99	-99	-99	-99
10.08.2002	3.257	-99	-99	-99	-99	-99	-99	-99	-99	-99
11.08.2002	3.166	-99	-99	-99	-99	-99	-99	-99	-99	-99
12.08.2002	3.154	-99	-99	-99	-99	-99	-99	-99	-99	-99
13.08.2002	2.809	-99	-99	-99	-99	-99	-99	-99	-99	-99
14.08.2002	2.682	-99	-99	-99	-99	-99	-99	-99	-99	-99
15.08.2002	2.543	-99	-99	-99	-99	-99	-99	-99	-99	-99
16.08.2002	2.671	-99	-99	-99	-99	-99	-99	-99	-99	-99
17.08.2002	2.875	-99	-99	-99	-99	-99	-99	-99	-99	-99
18.08.2002	3.182	-99	-99	-99	-99	-99	-99	-99	-99	-99
19.08.2002	3.329	-99	-99	-99	-99	-99	-99	-99	-99	-99
20.08.2002	3.397	-99	-99	-99	-99	-99	-99	-99	-99	-99
21.08.2002	3.51	-99	-99	-99	-99	-99	-99	-99	-99	-99
22.08.2002	3.165	-99	-99	-99	-99	-99	-99	-99	-99	-99
23.08.2002	2.597	-99	-99	-99	-99	-99	-99	-99	-99	-99
24.08.2002	2.557	-99	-99	-99	-99	-99	-99	-99	-99	-99
25.08.2002	2.485	-99	-99	-99	-99	-99	-99	-99	-99	-99
26.08.2002	2.274	-99	-99	-99	-99	-99	-99	-99	-99	-99
27.08.2002	2.136	-99	-99	-99	-99	-99	-99	-99	-99	-99
28.08.2002	2.725	-99	-99	-99	-99	-99	-99	-99	-99	-99
29.08.2002	2.888	-99	-99	-99	-99	-99	-99	-99	-99	-99
30.08.2002	2.76	-99	-99	-99	-99	-99	-99	-99	-99	-99
31.08.2002	3.343	-99	-99	-99	-99	-99	-99	-99	-99	-99
01.09.2002	3.575	-99	-99	-99	-99	-99	-99	-99	-99	-99
02.09.2002	2.907	-99	-99	-99	-99	-99	-99	-99	-99	-99
03.09.2002	3.876	-99	-99	-99	-99	-99	-99	-99	-99	-99
04.09.2002	3.469	-99	-99	-99	-99	-99	-99	-99	-99	-99
05.09.2002	2.72	-99	-99	-99	-99	-99	-99	-99	-99	-99
06.09.2002	2.534	-99	-99	-99	-99	-99	-99	-99	-99	-99
07.09.2002	2.149	-99	-99	-99	-99	-99	-99	-99	-99	-99
08.09.2002	1.9	-99	-99	-99	-99	-99	-99	-99	-99	-99
09.09.2002	1.818	-99	-99	-99	-99	-99	-99	-99	-99	-99
10.09.2002	1.807	-99	-99	-99	-99	-99	-99	-99	-99	-99
11.09.2002	1.813	-99	-99	-99	-99	-99	-99	-99	-99	-99
12.09.2002	1.84	-99	-99	-99	-99	-99	-99	-99	-99	-99
13.09.2002	2.285	-99	-99	-99	-99	-99	-99	-99	-99	-99
14.09.2002	2.545	-99	-99	-99	-99	-99	-99	-99	-99	-99
15.09.2002	1.66	-99	-99	-99	-99	-99	-99	-99	-99	-99
16.09.2002	2.431	-99	-99	-99	-99	-99	-99	-99	-99	-99
17.09.2002	2.619	-99	-99	-99	-99	-99	-99	-99	-99	-99
18.09.2002	3.17	-99	-99	-99	-99	-99	-99	-99	-99	-99
19.09.2002	2.447	-99	-99	-99	-99	-99	-99	-99	-99	-99
20.09.2002	2.46	-99	-99	-99	-99	-99	-99	-99	-99	-99
21.09.2002	2.274	-99	-99	-99	-99	-99	-99	-99	-99	-99
22.09.2002	1.792	-99	-99	-99	-99	-99	-99	-99	-99	-99
23.09.2002	1.451	-99	-99	-99	-99	-99	-99	-99	-99	-99
24.09.2002	3.387	-99	-99	-99	-99	-99	-99	-99	-99	-99
25.09.2002	2.66	-99	-99	-99	-99	-99	-99	-99	-99	-99
26.09.2002	1.822	-99	-99	-99	-99	-99	-99	-99	-99	-99
27.09.2002	1.62	-99	-99	-99	-99	-99	-99	-99	-99	-99
28.09.2002	4.885	-99	-99	-99	-99	-99	-99	-99	-99	-99
29.09.2002	8.646	-99	-99	-99	-99	-99	-99	-99	-99	-99
30.09.2002	9.342	-99	-99	-99	-99	-99	-99	-99	-99	-99
01.10.2002	6.132	-99	-99	-99	-99	-99	-99	-99	-99	-99
02.10.2002	3.8	-99	-99	-99	-99	-99	-99	-99	-99	-99
03.10.2002	2.622	-99	-99	-99	-99	-99	-99	-99	-99	-99
04.10.2002	2.802	-99	-99	-99	-99	-99	-99	-99	-99	-99
05.10.2002	2.241	-99	-99	-99	-99	-99	-99	-99	-99	-99
06.10.2002	1.78	-99	-99	-99	-99	-99	-99	-99	-99	-99
07.10.2002	1.368	-99	-99	-99	-99	-99	-99	-99	-99	-99
08.10.2002	1.647	-99	-99	-99	-99	-99	-99	-99	-99	-99
09.10.2002	0.821	-99	-99	-99	-99	-99	-99	-99	-99	-99
10.10.2002	0.667	-99	-99	-99	-99	-99	-99	-99	-99	-99
11.10.2002	0.54	-99	-99	-99	-99	-99	-99	-99	-99	-99
12.10.2002	0.438	-99	-99	-99	-99	-99	-99	-99	-99	-99
13.10.2002	0.32	-99	-99	-99	-99	-99	-99	-99	-99	-99
14.10.2002	0.347	-99	-99	-99	-99	-99	-99	-99	-99	-99
15.10.2002	0.293	-99	-99	-99	-99	-99	-99	-99	-99	-99
16.10.2002	0.254	-99	-99	-99	-99	-99	-99	-99	-99	-99
17.10.2002	0.238	-99	-99	-99	-99	-99	-99	-99	-99	-99
18.10.2002	0.202	-99	-99	-99	-99	-99	-99	-99	-99	-99
19.10.2002	0.314	-99	-99	-99	-99	-99	-99	-99	-99	-99
20.10.2002	0.206	-99	-99	-99	-99	-99	-99	-99	-99	-99
21.10.2002	0.202	-99	-99	-99	-99	-99	-99	-99	-99	-99
22.10.2002	0.29	-99	-99	-99	-99	-99	-99	-99	-99	-99
23.10.2002	0.195	-99	-99	-99	-99	-99	-99	-99	-99	-99
24.10.2002	0.204	-99	-99	-99	-99	-99	-99	-99	-99	-99
25.10.2002	0.231	-99	-99	-99	-99	-99	-99	-99	-99	-99
26.10.2002	0.237	-99	-99	-99	-99	-99	-99	-99	-99	-99
27.10.2002	0.25	-99	-99	-99	-99	-99	-99	-99	-99	-99
28.10.2002	0.247	-99	-99	-99	-99	-99	-99	-99	-99	-99
29.10.2002	0.289	-99	-99	-99	-99	-99	-99	-99	-99	-99
30.10.2002	0.407	-99	-99	-99	-99	-99	-99	-99	-99	-99
31.10.2002	0.269	-99	-99	-99	-99	-99	-99	-99	-99	-99
01.11.2002	0.764	-99	-99	-99	-99	-99	-99	-99	-99	-99
02.11.2002	0.936	-99	-99	-99	-99	-99	-99	-99	-99	-99
03.11.2002	0.428	-99	-99	-99	-99	-99	-99	-99	-99	-99
04.11.2002	0.749	-99	-99	-99	-99	-99	-99	-99	-99	-99
05.11.2002	0.832	-99	-99	-99	-99	-99	-99	-99	-99	-99
06.11.2002	0.31	-99	-99	-99	-99	-99	-99	-99	-99	-99
07.11.2002	0.413	-99	-99	-99	-99	-99	-99	-99	-99	-99
08.11.2002	0.342	-99	-99	-99	-99	-99	-99	-99	-99	-99
09.11.2002	0.3	-99	-99	-99	-99	-99	-99	-99	-99	-99
10.11.2002	0.288	-99	-99	-99	-99	-99	-99	-99	-99	-99
11.11.2002	0.275	-99	-99	-99	-99	-99	-99	-99	-99	-99
12.11.2002	0.263	-99	-99	-99	-99	-99	-99	-99	-99	-99
13.11.2002	0.25	-99	-99	-99	-99	-99	-99	-99	-99	-99
14.11.2002	0.238	-99	-99	-99	-99	-99	-99	-99	-99	-99
15.11.2002	0.188	-99	-99	-99	-99	-99	-99	-99	-99	-99
16.11.2002	0.166	-99	-99	-99	-99	-99	-99	-99	-99	-99
17.11.2002	0.171	-99	-99	-99	-99	-99	-99	-99	-99	-99
18.11.2002	0.175	-99	-99	-99	-99	-99	-99	-99	-99	-99
19.11.2002	0.166	-99	-99	-99	-99	-99	-99	-99	-99	-99
20.11.2002	0.159	-99	-99	-99	-99	-99	-99	-99	-99	-99
21.11.2002	0.151	-99	-99	-99	-99	-99	-99	-99	-99	-99
22.11.2002	0.147	-99	-99	-99	-99	-99	-99	-99	-99	-99
23.11.2002	0.139	-99	-99	-99	-99	-99	-99	-99	-99	-99
24.11.2002	0.134	-99	-99	-99	-99	-99	-99	-99	-99	-99
25.11.2002	0.129	-99	-99	-99	-99	-99	-99	-99	-99	-99
26.11.2002	0.123	-99	-99	-99	-99	-99	-99	-99	-99	-99
27.11.2002	0.117	-99	-99	-99	-99	-99	-99	-99	-99	-99
28.11.2002	0.115	-99	-99	-99	-99	-99	-99	-99	-99	-99
29.11.2002	0.113	-99	-99	-99	-99	-99	-99	-99	-99	-99
30.11.2002	0.104	-99	-99	-99	-99	-99	-99	-99	-99	-99
01.12.2002	0.104	-99	-99	-99	-99	-99	-99	-99	-99	-99
02.12.2002	0.1	-99	-99	-99	-99	-99	-99	-99	-99	-99
03.12.2002	0.954	-99	-99	-99	-99	-99	-99	-99	-99	-99
04.12.2002	0.929	-99	-99	-99	-99	-99	-99	-99	-99	-99
05.12.2002	0.91	-99	-99	-99	-99	-99	-99	-99	-99	-99
06.12.2002	0.989	-99	-99	-99	-99	-99	-99	-99	-99	-99
07.12.2002	0.156	-99	-99	-99	-99	-99	-99	-99	-99	-99
08.12.2002	0.103	-99	-99	-99	-99	-99	-99	-99	-99	-99
09.12.2002	0.833	-99	-99	-99	-99	-99	-99	-99	-99	-99
10.12.2002	0.797	-99	-99	-99	-99	-99	-99	-99	-99	-99
11.12.2002	0.872	-99	-99	-99	-99	-99	-99	-99	-99	-99
12.12.2002	0.799	-99	-99	-99	-99	-99	-99	-99	-99	-99
13.12.2002	0.739	-99	-99	-99	-99	-99	-99	-99	-99	-99
14.12.2002	0.877	-99	-99	-99	-99	-99	-99	-99	-99	-99
15.12.2002	0.113	-99	-99	-99	-99	-99	-99	-99	-99	-99
16.12.2002	0.133	-99	-99	-99	-99	-99	-99	-99	-99	-99
17.12.2002	0.273	-99	-99	-99	-99	-99	-99	-99	-99	-99
18.12.2002	0.237	-99	-99	-99	-99	-99	-99	-99	-99	-99
19.12.2002	0.331	-99	-99	-99	-99	-99	-99	-99	-99	-99
20.12.2002	0.175	-99	-99	-99	-99	-99	-99	-99	-99	-99
21.12.2002	0.905	-99	-99	-99	-99	-99	-99	-99	-99	-99
22.12.2002	0.126	-99	-99	-99	-99	-99	-99	-99	-99	-99
23.12.2002	0.163	-99	-99	-99	-99	-99	-99	-99	-99	-99
24.12.2002	0.188	-99	-99	-99	-99	-99	-99	-99	-99	-99
25.12.2002	0.227	-99	-99	-99	-99	-99	-99	-99	-99	-99
26.12.2002	0.182	-99	-99	-99	-99	-99	-99	-99	-99	-99
27.12.2002	0.15	-99	-99	-99	-99	-99	-99	-99	-99	-99
28.12.2002	0.136	-99	-99	-99	-99	-99	-99	-99	-99	-99
29.12.2002	0.126	-99	-99	-99	-99	-99	-99	-99	-99	-99
30.12.2002	0.146	-99	-99	-99	-99	-99	-99	-99	-99	-99
31.12.2002	0.117	-99	-99	-99	-99	-99	-99	-99	-99	-99
01.01.2003	0.123	-99	-99	-99	-99	-99	-99	-99	-99	-99
02.01.2003	0.14	-99	-99	-99	-99	-99	-99	-99	-99	-99
03.01.2003	0.136	-99	-99	-99	-99	-99	-99	-99	-99	-99
04.01.2003	0.125	-99	-99	-99	-99	-99	-99	-99	-99	-99
05.01.2003	0.153	-99	-99	-99	-99	-99	-99	-99	-99	-99
06.01.2003	0.156	-99	-99	-99	-99	-99	-99	-99	-99	-99
07.01.2003	0.15	-99	-99	-99	-99	-99	-99	-99	-99	-99
08.01.2003	0.144	-99	-99	-99	-99	-99	-99	-99	-99	-99
09.01.2003	0.178	-99	-99	-99	-99	-99	-99	-99	-99	-99
10.01.2003	0.196	-99	-99	-99	-99	-99	-99	-99	-99	-99
11.01.2003	0.237	-99	-99	-99	-99	-99	-99	-99	-99	-99
12.01.2003	0.31	-99	-99	-99	-99	-99	-99	-99	-99	-99
13.01.2003	0.333	-99	-99	-99	-99	-99	-99	-99	-99	-99
14.01.2003	0.474	-99	-99	-99	-99	-99	-99	-99	-99	-99
15.01.2003	0.358	-99	-99	-99	-99	-99	-99	-99	-99	-99
16.01.2003	0.547	-99	-99	-99	-99	-99	-99	-99	-99	-99
17.01.2003	1.286	-99	-99	-99	-99	-99	-99	-99	-99	-99
18.01.2003	3.472	-99	-99	-99	-99	-99	-99	-99	-99	-99
19.01.2003	1.411	-99	-99	-99	-99	-99	-99	-99	-99	-99
20.01.2003	1.123	-99	-99	-99	-99	-99	-99	-99	-99	-99
21.01.2003	0.784	-99	-99	-99	-99	-99	-99	-99	-99	-99
22.01.2003	0.671	-99	-99	-99	-99	-99	-99	-99	-99	-99
23.01.2003	0.574	-99	-99	-99	-99	-99	-99	-99	-99	-99
24.01.2003	0.526	-99	-99	-99	-99	-99	-99	-99	-99	-99
25.01.2003	0.486	-99	-99	-99	-99	-99	-99	-99	-99	-99
26.01.2003	0.448	-99	-99	-99	-99	-99	-99	-99	-99	-99
27.01.2003	0.427	-99	-99	-99	-99	-99	-99	-99	-99	-99
28.01.2003	0.433	-99	-99	-99	-99	-99	-99	-99	-99	-99
29.01.2003	0.42	-99	-99	-99	-99	-99	-99	-99	-99	-99
30.01.2003	0.43	-99	-99	-99	-99	-99	-99	-99	-99	-99
31.01.2003	0.362	-99	-99	-99	-99	-99	-99	-99	-99	-99
01.02.2003	0.259	-99	-99	-99	-99	-99	-99	-99	-99	-99
02.02.2003	0.239	-99	-99	-99	-99	-99	-99	-99	-99	-99
03.02.2003	0.211	-99	-99	-99	-99	-99	-99	-99	-99	-99
04.02.2003	0.193	-99	-99	-99	-99	-99	-99	-99	-99	-99
05.02.2003	0.176	-99	-99	-99	-99	-99	-99	-99	-99	-99
06.02.2003	0.184	-99	-99	-99	-99	-99	-99	-99	-99	-99
07.02.2003	0.155	-99	-99	-99	-99	-99	-99	-99	-99	-99
08.02.2003	0.152	-99	-99	-99	-99	-99	-99	-99	-99	-99
09.02.2003	0.169	-99	-99	-99	-99	-99	-99	-99	-99	-99
10.02.2003	0.211	-99	-99	-99	-99	-99	-99	-99	-99	-99
11.02.2003	0.232	-99	-99	-99	-99	-99	-99	-99	-99	-99
12.02.2003	0.217	-99	-99	-99	-99	-99	-99	-99	-99	-99
13.02.2003	0.204	-99	-99	-99	-99	-99	-99	-99	-99	-99
14.02.2003	0.191	-99	-99	-99	-99	-99	-99	-99	-99	-99
15.02.2003	0.177	-99	-99	-99	-99	-99	-99	-99	-99	-99
16.02.2003	0.164	-99	-99	-99	-99	-99	-99	-99	-99	-99
17.02.2003	0.159	-99	-99	-99	-99	-99	-99	-99	-99	-99
18.02.2003	0.152	-99	-99	-99	-99	-99	-99	-99	-99	-99
19.02.2003	0.133	-99	-99	-99	-99	-99	-99	-99	-99	-99
20.02.2003	0.119	-99	-99	-99	-99	-99	-99	-99	-99	-99
21.02.2003	0.111	-99	-99	-99	-99	-99	-99	-99	-99	-99
22.02.2003	0.104	-99	-99	-99	-99	-99	-99	-99	-99	-99
23.02.2003	0.987	-99	-99	-99	-99	-99	-99	-99	-99	-99
24.02.2003	0.947	-99	-99	-99	-99	-99	-99	-99	-99	-99
25.02.2003	0.909	-99	-99	-99	-99	-99	-99	-99	-99	-99
26.02.2003	0.865	-99	-99	-99	-99	-99	-99	-99	-99	-99
27.02.2003	0.83	-99	-99	-99	-99	-99	-99	-99	-99	-99
28.02.2003	0.816	-99	-99	-99	-99	-99	-99	-99	-99	-99
01.03.2003	0.806	-99	-99	-99	-99	-99	-99	-99	-99	-99
02.03.2003	0.842	-99	-99	-99	-99	-99	-99	-99	-99	-99
03.03.2003	0.101	-99	-99	-99	-99	-99	-99	-99	-99	-99
04.03.2003	0.997	-99	-99	-99	-99	-99	-99	-99	-99	-99
05.03.2003	0.872	-99	-99	-99	-99	-99	-99	-99	-99	-99
06.03.2003	0.809	-99	-99	-99	-99	-99	-99	-99	-99	-99
07.03.2003	0.739	-99	-99	-99	-99	-99	-99	-99	-99	-99
08.03.2003	0.687	-99	-99	-99	-99	-99	-99	-99	-99	-99
09.03.2003	0.661	-99	-99	-99	-99	-99	-99	-99	-99	-99
10.03.2003	0.827	-99	-99	-99	-99	-99	-99	-99	-99	-99
11.03.2003	0.99	-99	-99	-99	-99	-99	-99	-99	-99	-99
12.03.2003	0.968	-99	-99	-99	-99	-99	-99	-99	-99	-99
13.03.2003	0.985	-99	-99	-99	-99	-99	-99	-99	-99	-99
14.03.2003	0.972	-99	-99	-99	-99	-99	-99	-99	-99	-99
15.03.2003	0.933	-99	-99	-99	-99	-99	-99	-99	-99	-99
16.03.2003	0.886	-99	-99	-99	-99	-99	-99	-99	-99	-99
17.03.2003	0.854	-99	-99	-99	-99	-99	-99	-99	-99	-99
18.03.2003	0.842	-99	-99	-99	-99	-99	-99	-99	-99	-99
19.03.2003	0.834	-99	-99	-99	-99	-99	-99	-99	-99	-99
20.03.2003	0.816	-99	-99	-99	-99	-99	-99	-99	-99	-99
21.03.2003	0.807	-99	-99	-99	-99	-99	-99	-99	-99	-99
22.03.2003	0.826	-99	-99	-99	-99	-99	-99	-99	-99	-99
23.03.2003	0.913	-99	-99	-99	-99	-99	-99	-99	-99	-99
24.03.2003	0.907	-99	-99	-99	-99	-99	-99	-99	-99	-99
25.03.2003	0.92	-99	-99	-99	-99	-99	-99	-99	-99	-99
26.03.2003	0.997	-99	-99	-99	-99	-99	-99	-99	-99	-99
27.03.2003	0.156	-99	-99	-99	-99	-99	-99	-99	-99	-99
28.03.2003	0.138	-99	-99	-99	-99	-99	-99	-99	-99	-99
29.03.2003	0.137	-99	-99	-99	-99	-99	-99	-99	-99	-99
30.03.2003	0.158	-99	-99	-99	-99	-99	-99	-99	-99	-99
31.03.2003	0.162	-99	-99	-99	-99	-99	-99	-99	-99	-99
01.04.2003	0.158	-99	-99	-99	-99	-99	-99	-99	-99	-99
02.04.2003	0.158	-99	-99	-99	-99	-99	-99	-99	-99	-99
03.04.2003	0.168	-99	-99	-99	-99	-99	-99	-99	-99	-99
04.04.2003	0.185	-99	-99	-99	-99	-99	-99	-99	-99	-99
05.04.2003	0.232	-99	-99	-99	-99	-99	-99	-99	-99	-99
06.04.2003	0.268	-99	-99	-99	-99	-99	-99	-99	-99	-99
07.04.2003	0.271	-99	-99	-99	-99	-99	-99	-99	-99	-99
08.04.2003	0.268	-99	-99	-99	-99	-99	-99	-99	-99	-99
09.04.2003	0.279	-99	-99	-99	-99	-99	-99	-99	-99	-99
10.04.2003	0.303	-99	-99	-99	-99	-99	-99	-99	-99	-99
11.04.2003	0.275	-99	-99	-99	-99	-99	-99	-99	-99	-99
12.04.2003	0.233	-99	-99	-99	-99	-99	-99	-99	-99	-99
13.04.2003	0.221	-99	-99	-99	-99	-99	-99	-99	-99	-99
14.04.2003	0.209	-99	-99	-99	-99	-99	-99	-99	-99	-99
15.04.2003	0.278	-99	-99	-99	-99	-99	-99	-99	-99	-99
16.04.2003	0.441	-99	-99	-99	-99	-99	-99	-99	-99	-99
17.04.2003	0.732	-99	-99	-99	-99	-99	-99	-99	-99	-99
18.04.2003	0.979	-99	-99	-99	-99	-99	-99	-99	-99	-99
19.04.2003	1.36	-99	-99	-99	-99	-99	-99	-99	-99	-99
20.04.2003	1.588	-99	-99	-99	-99	-99	-99	-99	-99	-99
21.04.2003	1.464	-99	-99	-99	-99	-99	-99	-99	-99	-99
22.04.2003	1.403	-99	-99	-99	-99	-99	-99	-99	-99	-99
23.04.2003	1.379	-99	-99	-99	-99	-99	-99	-99	-99	-99
24.04.2003	1.394	-99	-99	-99	-99	-99	-99	-99	-99	-99
25.04.2003	1.368	-99	-99	-99	-99	-99	-99	-99	-99	-99
26.04.2003	1.28	-99	-99	-99	-99	-99	-99	-99	-99	-99
27.04.2003	1.121	-99	-99	-99	-99	-99	-99	-99	-99	-99
28.04.2003	0.847	-99	-99	-99	-99	-99	-99	-99	-99	-99
29.04.2003	0.795	-99	-99	-99	-99	-99	-99	-99	-99	-99
30.04.2003	0.812	-99	-99	-99	-99	-99	-99	-99	-99	-99
01.05.2003	0.686	-99	-99	-99	-99	-99	-99	-99	-99	-99
02.05.2003	0.545	-99	-99	-99	-99	-99	-99	-99	-99	-99
03.05.2003	0.475	-99	-99	-99	-99	-99	-99	-99	-99	-99
04.05.2003	0.388	-99	-99	-99	-99	-99	-99	-99	-99	-99
05.05.2003	0.891	-99	-99	-99	-99	-99	-99	-99	-99	-99
06.05.2003	1.6	-99	-99	-99	-99	-99	-99	-99	-99	-99
07.05.2003	1.379	-99	-99	-99	-99	-99	-99	-99	-99	-99
08.05.2003	1.112	-99	-99	-99	-99	-99	-99	-99	-99	-99
09.05.2003	1.227	-99	-99	-99	-99	-99	-99	-99	-99	-99
10.05.2003	1.45	-99	-99	-99	-99	-99	-99	-99	-99	-99
11.05.2003	0.883	-99	-99	-99	-99	-99	-99	-99	-99	-99
12.05.2003	1.218	-99	-99	-99	-99	-99	-99	-99	-99	-99
13.05.2003	1.36	-99	-99	-99	-99	-99	-99	-99	-99	-99
14.05.2003	1.447	-99	-99	-99	-99	-99	-99	-99	-99	-99
15.05.2003	1.671	-99	-99	-99	-99	-99	-99	-99	-99	-99
16.05.2003	0.868	-99	-99	-99	-99	-99	-99	-99	-99	-99
17.05.2003	0.954	-99	-99	-99	-99	-99	-99	-99	-99	-99
18.05.2003	1.329	-99	-99	-99	-99	-99	-99	-99	-99	-99
19.05.2003	3.763	-99	-99	-99	-99	-99	-99	-99	-99	-99
20.05.2003	3.347	-99	-99	-99	-99	-99	-99	-99	-99	-99
21.05.2003	3.695	-99	-99	-99	-99	-99	-99	-99	-99	-99
22.05.2003	3.745	-99	-99	-99	-99	-99	-99	-99	-99	-99
23.05.2003	2.758	-99	-99	-99	-99	-99	-99	-99	-99	-99
24.05.2003	3.156	-99	-99	-99	-99	-99	-99	-99	-99	-99
25.05.2003	3.824	-99	-99	-99	-99	-99	-99	-99	-99	-99
26.05.2003	4.556	-99	-99	-99	-99	-99	-99	-99	-99	-99
27.05.2003	4.527	-99	-99	-99	-99	-99	-99	-99	-99	-99
28.05.2003	3.736	-99	-99	-99	-99	-99	-99	-99	-99	-99
29.05.2003	5.797	-99	-99	-99	-99	-99	-99	-99	-99	-99
30.05.2003	7.644	-99	-99	-99	-99	-99	-99	-99	-99	-99
31.05.2003	5.483	-99	-99	-99	-99	-99	-99	-99	-99	-99
01.06.2003	4.777	-99	-99	-99	-99	-99	-99	-99	-99	-99
02.06.2003	5.667	-99	-99	-99	-99	-99	-99	-99	-99	-99
03.06.2003	6.728	-99	-99	-99	-99	-99	-99	-99	-99	-99
04.06.2003	8.745	-99	-99	-99	-99	-99	-99	-99	-99	-99
05.06.2003	9.724	-99	-99	-99	-99	-99	-99	-99	-99	-99
06.06.2003	8.513	-99	-99	-99	-99	-99	-99	-99	-99	-99
07.06.2003	8.723	-99	-99	-99	-99	-99	-99	-99	-99	-99
08.06.2003	7.593	-99	-99	-99	-99	-99	-99	-99	-99	-99
09.06.2003	6.979	-99	-99	-99	-99	-99	-99	-99	-99	-99
10.06.2003	6.331	-99	-99	-99	-99	-99	-99	-99	-99	-99
11.06.2003	7.362	-99	-99	-99	-99	-99	-99	-99	-99	-99
12.06.2003	7.845	-99	-99	-99	-99	-99	-99	-99	-99	-99
13.06.2003	5.961	-99	-99	-99	-99	-99	-99	-99	-99	-99
14.06.2003	5.357	-99	-99	-99	-99	-99	-99	-99	-99	-99
15.06.2003	4.74	-99	-99	-99	-99	-99	-99	-99	-99	-99
16.06.2003	4.283	-99	-99	-99	-99	-99	-99	-99	-99	-99
17.06.2003	3.94	-99	-99	-99	-99	-99	-99	-99	-99	-99
18.06.2003	4.441	-99	-99	-99	-99	-99	-99	-99	-99	-99
19.06.2003	5.782	-99	-99	-99	-99	-99	-99	-99	-99	-99
20.06.2003	5.814	-99	-99	-99	-99	-99	-99	-99	-99	-99
21.06.2003	4.963	-99	-99	-99	-99	-99	-99	-99	-99	-99
22.06.2003	4.776	-99	-99	-99	-99	-99	-99	-99	-99	-99
23.06.2003	4.764	-99	-99	-99	-99	-99	-99	-99	-99	-99
24.06.2003	5.931	-99	-99	-99	-99	-99	-99	-99	-99	-99
25.06.2003	5.349	-99	-99	-99	-99	-99	-99	-99	-99	-99
26.06.2003	5.649	-99	-99	-99	-99	-99	-99	-99	-99	-99
27.06.2003	5.277	-99	-99	-99	-99	-99	-99	-99	-99	-99
28.06.2003	5.654	-99	-99	-99	-99	-99	-99	-99	-99	-99
29.06.2003	5.691	-99	-99	-99	-99	-99	-99	-99	-99	-99
30.06.2003	5.42	-99	-99	-99	-99	-99	-99	-99	-99	-99
01.07.2003	5.447	-99	-99	-99	-99	-99	-99	-99	-99	-99
02.07.2003	5.689	-99	-99	-99	-99	-99	-99	-99	-99	-99
03.07.2003	5.631	-99	-99	-99	-99	-99	-99	-99	-99	-99
04.07.2003	5.523	-99	-99	-99	-99	-99	-99	-99	-99	-99
05.07.2003	4.915	-99	-99	-99	-99	-99	-99	-99	-99	-99
06.07.2003	3.984	-99	-99	-99	-99	-99	-99	-99	-99	-99
07.07.2003	3.301	-99	-99	-99	-99	-99	-99	-99	-99	-99
08.07.2003	3.186	-99	-99	-99	-99	-99	-99	-99	-99	-99
09.07.2003	4.26	-99	-99	-99	-99	-99	-99	-99	-99	-99
10.07.2003	3.571	-99	-99	-99	-99	-99	-99	-99	-99	-99
11.07.2003	3.904	-99	-99	-99	-99	-99	-99	-99	-99	-99
12.07.2003	3.642	-99	-99	-99	-99	-99	-99	-99	-99	-99
13.07.2003	2.956	-99	-99	-99	-99	-99	-99	-99	-99	-99
14.07.2003	2.994	-99	-99	-99	-99	-99	-99	-99	-99	-99
15.07.2003	3.52	-99	-99	-99	-99	-99	-99	-99	-99	-99
16.07.2003	4.22	-99	-99	-99	-99	-99	-99	-99	-99	-99
17.07.2003	4.285	-99	-99	-99	-99	-99	-99	-99	-99	-99
18.07.2003	4.212	-99	-99	-99	-99	-99	-99	-99	-99	-99
19.07.2003	3.895	-99	-99	-99	-99	-99	-99	-99	-99	-99
20.07.2003	3.615	-99	-99	-99	-99	-99	-99	-99	-99	-99
21.07.2003	3.494	-99	-99	-99	-99	-99	-99	-99	-99	-99
22.07.2003	3.568	-99	-99	-99	-99	-99	-99	-99	-99	-99
23.07.2003	2.981	-99	-99	-99	-99	-99	-99	-99	-99	-99
24.07.2003	2.567	-99	-99	-99	-99	-99	-99	-99	-99	-99
25.07.2003	2.535	-99	-99	-99	-99	-99	-99	-99	-99	-99
26.07.2003	2.351	-99	-99	-99	-99	-99	-99	-99	-99	-99
27.07.2003	2.486	-99	-99	-99	-99	-99	-99	-99	-99	-99
28.07.2003	2.628	-99	-99	-99	-99	-99	-99	-99	-99	-99
29.07.2003	2.307	-99	-99	-99	-99	-99	-99	-99	-99	-99
30.07.2003	2.202	-99	-99	-99	-99	-99	-99	-99	-99	-99
31.07.2003	2.275	-99	-99	-99	-99	-99	-99	-99	-99	-99
01.08.2003	2.649	-99	-99	-99	-99	-99	-99	-99	-99	-99
02.08.2003	2.523	-99	-99	-99	-99	-99	-99	-99	-99	-99
03.08.2003	2.155	-99	-99	-99	-99	-99	-99	-99	-99	-99
04.08.2003	2.213	-99	-99	-99	-99	-99	-99	-99	-99	-99
05.08.2003	2.28	-99	-99	-99	-99	-99	-99	-99	-99	-99
06.08.2003	2.294	-99	-99	-99	-99	-99	-99	-99	-99	-99
07.08.2003	2.485	-99	-99	-99	-99	-99	-99	-99	-99	-99
08.08.2003	2.794	-99	-99	-99	-99	-99	-99	-99	-99	-99
09.08.2003	2.115	-99	-99	-99	-99	-99	-99	-99	-99	-99
10.08.2003	2.271	-99	-99	-99	-99	-99	-99	-99	-99	-99
11.08.2003	2.454	-99	-99	-99	-99	-99	-99	-99	-99	-99
12.08.2003	2.489	-99	-99	-99	-99	-99	-99	-99	-99	-99
13.08.2003	2.772	-99	-99	-99	-99	-99	-99	-99	-99	-99
14.08.2003	6.372	-99	-99	-99	-99	-99	-99	-99	-99	-99
15.08.2003	10.55	-99	-99	-99	-99	-99	-99	-99	-99	-99
16.08.2003	7.427	-99	-99	-99	-99	-99	-99	-99	-99	-99
17.08.2003	4.517	-99	-99	-99	-99	-99	-99	-99	-99	-99
18.08.2003	3.267	-99	-99	-99	-99	-99	-99	-99	-99	-99
19.08.2003	3.532	-99	-99	-99	-99	-99	-99	-99	-99	-99
20.08.2003	3.941	-99	-99	-99	-99	-99	-99	-99	-99	-99
21.08.2003	4.258	-99	-99	-99	-99	-99	-99	-99	-99	-99
22.08.2003	3.594	-99	-99	-99	-99	-99	-99	-99	-99	-99
23.08.2003	2.639	-99	-99	-99	-99	-99	-99	-99	-99	-99
24.08.2003	2.339	-99	-99	-99	-99	-99	-99	-99	-99	-99
25.08.2003	2.239	-99	-99	-99	-99	-99	-99	-99	-99	-99
26.08.2003	3.621	-99	-99	-99	-99	-99	-99	-99	-99	-99
27.08.2003	4.247	-99	-99	-99	-99	-99	-99	-99	-99	-99
28.08.2003	3.228	-99	-99	-99	-99	-99	-99	-99	-99	-99
29.08.2003	2.406	-99	-99	-99	-99	-99	-99	-99	-99	-99
30.08.2003	1.98	-99	-99	-99	-99	-99	-99	-99	-99	-99
31.08.2003	1.748	-99	-99	-99	-99	-99	-99	-99	-99	-99
01.09.2003	1.488	-99	-99	-99	-99	-99	-99	-99	-99	-99
02.09.2003	1.258	-99	-99	-99	-99	-99	-99	-99	-99	-99
03.09.2003	1.678	-99	-99	-99	-99	-99	-99	-99	-99	-99
04.09.2003	2.724	-99	-99	-99	-99	-99	-99	-99	-99	-99
05.09.2003	2.199	-99	-99	-99	-99	-99	-99	-99	-99	-99
06.09.2003	1.89	-99	-99	-99	-99	-99	-99	-99	-99	-99
07.09.2003	2.113	-99	-99	-99	-99	-99	-99	-99	-99	-99
08.09.2003	2.144	-99	-99	-99	-99	-99	-99	-99	-99	-99
09.09.2003	2.322	-99	-99	-99	-99	-99	-99	-99	-99	-99
10.09.2003	2.38	-99	-99	-99	-99	-99	-99	-99	-99	-99
11.09.2003	1.636	-99	-99	-99	-99	-99	-99	-99	-99	-99
12.09.2003	1.492	-99	-99	-99	-99	-99	-99	-99	-99	-99
13.09.2003	1.33	-99	-99	-99	-99	-99	-99	-99	-99	-99
14.09.2003	2.474	-99	-99	-99	-99	-99	-99	-99	-99	-99
15.09.2003	3.336	-99	-99	-99	-99	-99	-99	-99	-99	-99
16.09.2003	5.708	-99	-99	-99	-99	-99	-99	-99	-99	-99
17.09.2003	4.272	-99	-99	-99	-99	-99	-99	-99	-99	-99
18.09.2003	6.111	-99	-99	-99	-99	-99	-99	-99	-99	-99
19.09.2003	6.139	-99	-99	-99	-99	-99	-99	-99	-99	-99
20.09.2003	3.592	-99	-99	-99	-99	-99	-99	-99	-99	-99
21.09.2003	3.517	-99	-99	-99	-99	-99	-99	-99	-99	-99
22.09.2003	3.942	-99	-99	-99	-99	-99	-99	-99	-99	-99
23.09.2003	3.304	-99	-99	-99	-99	-99	-99	-99	-99	-99
24.09.2003	2.9	-99	-99	-99	-99	-99	-99	-99	-99	-99
25.09.2003	7.919	-99	-99	-99	-99	-99	-99	-99	-99	-99
26.09.2003	9.151	-99	-99	-99	-99	-99	-99	-99	-99	-99
27.09.2003	5.251	-99	-99	-99	-99	-99	-99	-99	-99	-99
28.09.2003	3.37	-99	-99	-99	-99	-99	-99	-99	-99	-99
29.09.2003	2.382	-99	-99	-99	-99	-99	-99	-99	-99	-99
30.09.2003	2.174	-99	-99	-99	-99	-99	-99	-99	-99	-99
01.10.2003	2.405	-99	-99	-99	-99	-99	-99	-99	-99	-99
02.10.2003	1.923	-99	-99	-99	-99	-99	-99	-99	-99	-99
03.10.2003	1.848	-99	-99	-99	-99	-99	-99	-99	-99	-99
04.10.2003	1.774	-99	-99	-99	-99	-99	-99	-99	-99	-99
05.10.2003	1.569	-99	-99	-99	-99	-99	-99	-99	-99	-99
06.10.2003	1.339	-99	-99	-99	-99	-99	-99	-99	-99	-99
07.10.2003	1.12	-99	-99	-99	-99	-99	-99	-99	-99	-99
08.10.2003	1.138	-99	-99	-99	-99	-99	-99	-99	-99	-99
09.10.2003	0.988	-99	-99	-99	-99	-99	-99	-99	-99	-99
10.10.2003	1.454	-99	-99	-99	-99	-99	-99	-99	-99	-99
11.10.2003	1.179	-99	-99	-99	-99	-99	-99	-99	-99	-99
12.10.2003	1.15	-99	-99	-99	-99	-99	-99	-99	-99	-99
13.10.2003	0.976	-99	-99	-99	-99	-99	-99	-99	-99	-99
14.10.2003	0.784	-99	-99	-99	-99	-99	-99	-99	-99	-99
15.10.2003	0.682	-99	-99	-99	-99	-99	-99	-99	-99	-99
16.10.2003	0.582	-99	-99	-99	-99	-99	-99	-99	-99	-99
17.10.2003	0.515	-99	-99	-99	-99	-99	-99	-99	-99	-99
18.10.2003	0.489	-99	-99	-99	-99	-99	-99	-99	-99	-99
19.10.2003	0.423	-99	-99	-99	-99	-99	-99	-99	-99	-99
20.10.2003	0.345	-99	-99	-99	-99	-99	-99	-99	-99	-99
21.10.2003	0.293	-99	-99	-99	-99	-99	-99	-99	-99	-99
22.10.2003	0.64	-99	-99	-99	-99	-99	-99	-99	-99	-99
23.10.2003	0.569	-99	-99	-99	-99	-99	-99	-99	-99	-99
24.10.2003	0.252	-99	-99	-99	-99	-99	-99	-99	-99	-99
25.10.2003	0.262	-99	-99	-99	-99	-99	-99	-99	-99	-99
26.10.2003	0.24	-99	-99	-99	-99	-99	-99	-99	-99	-99
27.10.2003	0.339	-99	-99	-99	-99	-99	-99	-99	-99	-99
28.10.2003	4.928	-99	-99	-99	-99	-99	-99	-99	-99	-99
29.10.2003	1.858	-99	-99	-99	-99	-99	-99	-99	-99	-99
30.10.2003	1.305	-99	-99	-99	-99	-99	-99	-99	-99	-99
31.10.2003	0.962	-99	-99	-99	-99	-99	-99	-99	-99	-99
01.11.2003	0.769	-99	-99	-99	-99	-99	-99	-99	-99	-99
02.11.2003	0.642	-99	-99	-99	-99	-99	-99	-99	-99	-99
03.11.2003	0.574	-99	-99	-99	-99	-99	-99	-99	-99	-99
04.11.2003	0.522	-99	-99	-99	-99	-99	-99	-99	-99	-99
05.11.2003	0.765	-99	-99	-99	-99	-99	-99	-99	-99	-99
06.11.2003	2.365	-99	-99	-99	-99	-99	-99	-99	-99	-99
07.11.2003	1.846	-99	-99	-99	-99	-99	-99	-99	-99	-99
08.11.2003	1.346	-99	-99	-99	-99	-99	-99	-99	-99	-99
09.11.2003	1.872	-99	-99	-99	-99	-99	-99	-99	-99	-99
10.11.2003	0.784	-99	-99	-99	-99	-99	-99	-99	-99	-99
11.11.2003	0.619	-99	-99	-99	-99	-99	-99	-99	-99	-99
12.11.2003	0.412	-99	-99	-99	-99	-99	-99	-99	-99	-99
13.11.2003	0.22	-99	-99	-99	-99	-99	-99	-99	-99	-99
14.11.2003	0.351	-99	-99	-99	-99	-99	-99	-99	-99	-99
15.11.2003	0.384	-99	-99	-99	-99	-99	-99	-99	-99	-99
16.11.2003	0.337	-99	-99	-99	-99	-99	-99	-99	-99	-99
17.11.2003	0.315	-99	-99	-99	-99	-99	-99	-99	-99	-99
18.11.2003	0.28	-99	-99	-99	-99	-99	-99	-99	-99	-99
19.11.2003	0.402	-99	-99	-99	-99	-99	-99	-99	-99	-99
20.11.2003	0.431	-99	-99	-99	-99	-99	-99	-99	-99	-99
21.11.2003	0.381	-99	-99	-99	-99	-99	-99	-99	-99	-99
22.11.2003	0.33	-99	-99	-99	-99	-99	-99	-99	-99	-99
23.11.2003	0.303	-99	-99	-99	-99	-99	-99	-99	-99	-99
24.11.2003	0.274	-99	-99	-99	-99	-99	-99	-99	-99	-99
25.11.2003	0.246	-99	-99	-99	-99	-99	-99	-99	-99	-99
26.11.2003	0.227	-99	-99	-99	-99	-99	-99	-99	-99	-99
27.11.2003	0.262	-99	-99	-99	-99	-99	-99	-99	-99	-99
28.11.2003	0.258	-99	-99	-99	-99	-99	-99	-99	-99	-99
29.11.2003	0.225	-99	-99	-99	-99	-99	-99	-99	-99	-99
30.11.2003	0.223	-99	-99	-99	-99	-99	-99	-99	-99	-99
01.12.2003	0.198	-99	-99	-99	-99	-99	-99	-99	-99	-99
02.12.2003	0.414	-99	-99	-99	-99	-99	-99	-99	-99	-99
03.12.2003	0.366	-99	-99	-99	-99	-99	-99	-99	-99	-99
04.12.2003	0.79	-99	-99	-99	-99	-99	-99	-99	-99	-99
05.12.2003	0.615	-99	-99	-99	-99	-99	-99	-99	-99	-99
06.12.2003	0.779	-99	-99	-99	-99	-99	-99	-99	-99	-99
07.12.2003	0.587	-99	-99	-99	-99	-99	-99	-99	-99	-99
08.12.2003	0.586	-99	-99	-99	-99	-99	-99	-99	-99	-99
09.12.2003	0.564	-99	-99	-99	-99	-99	-99	-99	-99	-99
10.12.2003	0.718	-99	-99	-99	-99	-99	-99	-99	-99	-99
11.12.2003	0.973	-99	-99	-99	-99	-99	-99	-99	-99	-99
12.12.2003	0.797	-99	-99	-99	-99	-99	-99	-99	-99	-99
13.12.2003	0.618	-99	-99	-99	-99	-99	-99	-99	-99	-99
14.12.2003	0.621	-99	-99	-99	-99	-99	-99	-99	-99	-99
15.12.2003	0.918	-99	-99	-99	-99	-99	-99	-99	-99	-99
16.12.2003	1.481	-99	-99	-99	-99	-99	-99	-99	-99	-99
17.12.2003	1.503	-99	-99	-99	-99	-99	-99	-99	-99	-99
18.12.2003	4.772	-99	-99	-99	-99	-99	-99	-99	-99	-99
19.12.2003	3.158	-99	-99	-99	-99	-99	-99	-99	-99	-99
20.12.2003	2.249	-99	-99	-99	-99	-99	-99	-99	-99	-99
21.12.2003	1.608	-99	-99	-99	-99	-99	-99	-99	-99	-99
22.12.2003	1.467	-99	-99	-99	-99	-99	-99	-99	-99	-99
23.12.2003	1.32	-99	-99	-99	-99	-99	-99	-99	-99	-99
24.12.2003	1.166	-99	-99	-99	-99	-99	-99	-99	-99	-99
25.12.2003	1.621	-99	-99	-99	-99	-99	-99	-99	-99	-99
26.12.2003	1.808	-99	-99	-99	-99	-99	-99	-99	-99	-99
27.12.2003	0.963	-99	-99	-99	-99	-99	-99	-99	-99	-99
28.12.2003	1.545	-99	-99	-99	-99	-99	-99	-99	-99	-99
29.12.2003	0.823	-99	-99	-99	-99	-99	-99	-99	-99	-99
30.12.2003	0.569	-99	-99	-99	-99	-99	-99	-99	-99	-99
31.12.2003	0.283	-99	-99	-99	-99	-99	-99	-99	-99	-99
01.01.2004	0.283	-99	-99	-99	-99	-99	-99	-99	-99	-99
02.01.2004	0.283	-99	-99	-99	-99	-99	-99	-99	-99	-99
03.01.2004	0.283	-99	-99	-99	-99	-99	-99	-99	-99	-99
04.01.2004	0.283	-99	-99	-99	-99	-99	-99	-99	-99	-99
05.01.2004	0.284	-99	-99	-99	-99	-99	-99	-99	-99	-99
06.01.2004	0.284	-99	-99	-99	-99	-99	-99	-99	-99	-99
07.01.2004	0.284	-99	-99	-99	-99	-99	-99	-99	-99	-99
08.01.2004	0.271	-99	-99	-99	-99	-99	-99	-99	-99	-99
09.01.2004	0.247	-99	-99	-99	-99	-99	-99	-99	-99	-99
10.01.2004	0.228	-99	-99	-99	-99	-99	-99	-99	-99	-99
11.01.2004	0.211	-99	-99	-99	-99	-99	-99	-99	-99	-99
12.01.2004	0.204	-99	-99	-99	-99	-99	-99	-99	-99	-99
13.01.2004	0.212	-99	-99	-99	-99	-99	-99	-99	-99	-99
14.01.2004	0.207	-99	-99	-99	-99	-99	-99	-99	-99	-99
15.01.2004	0.202	-99	-99	-99	-99	-99	-99	-99	-99	-99
16.01.2004	0.196	-99	-99	-99	-99	-99	-99	-99	-99	-99
17.01.2004	0.191	-99	-99	-99	-99	-99	-99	-99	-99	-99
18.01.2004	0.185	-99	-99	-99	-99	-99	-99	-99	-99	-99
19.01.2004	0.18	-99	-99	-99	-99	-99	-99	-99	-99	-99
20.01.2004	0.175	-99	-99	-99	-99	-99	-99	-99	-99	-99
21.01.2004	0.163	-99	-99	-99	-99	-99	-99	-99	-99	-99
22.01.2004	0.158	-99	-99	-99	-99	-99	-99	-99	-99	-99
23.01.2004	0.156	-99	-99	-99	-99	-99	-99	-99	-99	-99
24.01.2004	0.155	-99	-99	-99	-99	-99	-99	-99	-99	-99
25.01.2004	0.156	-99	-99	-99	-99	-99	-99	-99	-99	-99
26.01.2004	0.152	-99	-99	-99	-99	-99	-99	-99	-99	-99
27.01.2004	0.16	-99	-99	-99	-99	-99	-99	-99	-99	-99
28.01.2004	0.179	-99	-99	-99	-99	-99	-99	-99	-99	-99
29.01.2004	0.198	-99	-99	-99	-99	-99	-99	-99	-99	-99
30.01.2004	0.217	-99	-99	-99	-99	-99	-99	-99	-99	-99
31.01.2004	0.139	-99	-99	-99	-99	-99	-99	-99	-99	-99
01.02.2004	0.151	-99	-99	-99	-99	-99	-99	-99	-99	-99
02.02.2004	0.161	-99	-99	-99	-99	-99	-99	-99	-99	-99
03.02.2004	0.17	-99	-99	-99	-99	-99	-99	-99	-99	-99
04.02.2004	0.589	-99	-99	-99	-99	-99	-99	-99	-99	-99
05.02.2004	0.94	-99	-99	-99	-99	-99	-99	-99	-99	-99
06.02.2004	0.621	-99	-99	-99	-99	-99	-99	-99	-99	-99
07.02.2004	0.528	-99	-99	-99	-99	-99	-99	-99	-99	-99
08.02.2004	0.444	-99	-99	-99	-99	-99	-99	-99	-99	-99
09.02.2004	0.527	-99	-99	-99	-99	-99	-99	-99	-99	-99
10.02.2004	0.624	-99	-99	-99	-99	-99	-99	-99	-99	-99
11.02.2004	0.498	-99	-99	-99	-99	-99	-99	-99	-99	-99
12.02.2004	0.411	-99	-99	-99	-99	-99	-99	-99	-99	-99
13.02.2004	0.384	-99	-99	-99	-99	-99	-99	-99	-99	-99
14.02.2004	0.359	-99	-99	-99	-99	-99	-99	-99	-99	-99
15.02.2004	0.334	-99	-99	-99	-99	-99	-99	-99	-99	-99
16.02.2004	0.313	-99	-99	-99	-99	-99	-99	-99	-99	-99
17.02.2004	0.3	-99	-99	-99	-99	-99	-99	-99	-99	-99
18.02.2004	0.33	-99	-99	-99	-99	-99	-99	-99	-99	-99
19.02.2004	0.336	-99	-99	-99	-99	-99	-99	-99	-99	-99
20.02.2004	0.315	-99	-99	-99	-99	-99	-99	-99	-99	-99
21.02.2004	0.288	-99	-99	-99	-99	-99	-99	-99	-99	-99
22.02.2004	0.312	-99	-99	-99	-99	-99	-99	-99	-99	-99
23.02.2004	0.274	-99	-99	-99	-99	-99	-99	-99	-99	-99
24.02.2004	0.412	-99	-99	-99	-99	-99	-99	-99	-99	-99
25.02.2004	0.427	-99	-99	-99	-99	-99	-99	-99	-99	-99
26.02.2004	0.441	-99	-99	-99	-99	-99	-99	-99	-99	-99
27.02.2004	0.455	-99	-99	-99	-99	-99	-99	-99	-99	-99
28.02.2004	0.469	-99	-99	-99	-99	-99	-99	-99	-99	-99
29.02.2004	0.483	-99	-99	-99	-99	-99	-99	-99	-99	-99
01.03.2004	0.497	-99	-99	-99	-99	-99	-99	-99	-99	-99
02.03.2004	0.51	-99	-99	-99	-99	-99	-99	-99	-99	-99
03.03.2004	0.524	-99	-99	-99	-99	-99	-99	-99	-99	-99
04.03.2004	0.364	-99	-99	-99	-99	-99	-99	-99	-99	-99
05.03.2004	0.291	-99	-99	-99	-99	-99	-99	-99	-99	-99
06.03.2004	0.244	-99	-99	-99	-99	-99	-99	-99	-99	-99
07.03.2004	0.235	-99	-99	-99	-99	-99	-99	-99	-99	-99
08.03.2004	0.22	-99	-99	-99	-99	-99	-99	-99	-99	-99
09.03.2004	0.203	-99	-99	-99	-99	-99	-99	-99	-99	-99
10.03.2004	0.188	-99	-99	-99	-99	-99	-99	-99	-99	-99
11.03.2004	0.181	-99	-99	-99	-99	-99	-99	-99	-99	-99
12.03.2004	0.17	-99	-99	-99	-99	-99	-99	-99	-99	-99
13.03.2004	0.162	-99	-99	-99	-99	-99	-99	-99	-99	-99
14.03.2004	0.159	-99	-99	-99	-99	-99	-99	-99	-99	-99
15.03.2004	0.159	-99	-99	-99	-99	-99	-99	-99	-99	-99
16.03.2004	0.185	-99	-99	-99	-99	-99	-99	-99	-99	-99
17.03.2004	0.306	-99	-99	-99	-99	-99	-99	-99	-99	-99
18.03.2004	0.427	-99	-99	-99	-99	-99	-99	-99	-99	-99
19.03.2004	0.344	-99	-99	-99	-99	-99	-99	-99	-99	-99
20.03.2004	0.286	-99	-99	-99	-99	-99	-99	-99	-99	-99
21.03.2004	0.254	-99	-99	-99	-99	-99	-99	-99	-99	-99
22.03.2004	0.244	-99	-99	-99	-99	-99	-99	-99	-99	-99
23.03.2004	0.234	-99	-99	-99	-99	-99	-99	-99	-99	-99
24.03.2004	0.229	-99	-99	-99	-99	-99	-99	-99	-99	-99
25.03.2004	0.265	-99	-99	-99	-99	-99	-99	-99	-99	-99
26.03.2004	0.22	-99	-99	-99	-99	-99	-99	-99	-99	-99
27.03.2004	0.181	-99	-99	-99	-99	-99	-99	-99	-99	-99
28.03.2004	0.198	-99	-99	-99	-99	-99	-99	-99	-99	-99
29.03.2004	0.188	-99	-99	-99	-99	-99	-99	-99	-99	-99
30.03.2004	0.201	-99	-99	-99	-99	-99	-99	-99	-99	-99
31.03.2004	0.216	-99	-99	-99	-99	-99	-99	-99	-99	-99
01.04.2004	0.265	-99	-99	-99	-99	-99	-99	-99	-99	-99
02.04.2004	0.285	-99	-99	-99	-99	-99	-99	-99	-99	-99
03.04.2004	0.241	-99	-99	-99	-99	-99	-99	-99	-99	-99
04.04.2004	0.252	-99	-99	-99	-99	-99	-99	-99	-99	-99
05.04.2004	0.355	-99	-99	-99	-99	-99	-99	-99	-99	-99
06.04.2004	0.273	-99	-99	-99	-99	-99	-99	-99	-99	-99
07.04.2004	0.243	-99	-99	-99	-99	-99	-99	-99	-99	-99
08.04.2004	0.273	-99	-99	-99	-99	-99	-99	-99	-99	-99
09.04.2004	0.309	-99	-99	-99	-99	-99	-99	-99	-99	-99
10.04.2004	0.302	-99	-99	-99	-99	-99	-99	-99	-99	-99
11.04.2004	0.303	-99	-99	-99	-99	-99	-99	-99	-99	-99
12.04.2004	0.307	-99	-99	-99	-99	-99	-99	-99	-99	-99
13.04.2004	0.293	-99	-99	-99	-99	-99	-99	-99	-99	-99
14.04.2004	0.41	-99	-99	-99	-99	-99	-99	-99	-99	-99
15.04.2004	0.69	-99	-99	-99	-99	-99	-99	-99	-99	-99
16.04.2004	0.995	-99	-99	-99	-99	-99	-99	-99	-99	-99
17.04.2004	1.44	-99	-99	-99	-99	-99	-99	-99	-99	-99
18.04.2004	1.534	-99	-99	-99	-99	-99	-99	-99	-99	-99
19.04.2004	2.758	-99	-99	-99	-99	-99	-99	-99	-99	-99
20.04.2004	1.983	-99	-99	-99	-99	-99	-99	-99	-99	-99
21.04.2004	2.146	-99	-99	-99	-99	-99	-99	-99	-99	-99
22.04.2004	1.889	-99	-99	-99	-99	-99	-99	-99	-99	-99
23.04.2004	1.574	-99	-99	-99	-99	-99	-99	-99	-99	-99
24.04.2004	1.267	-99	-99	-99	-99	-99	-99	-99	-99	-99
25.04.2004	1.901	-99	-99	-99	-99	-99	-99	-99	-99	-99
26.04.2004	2.651	-99	-99	-99	-99	-99	-99	-99	-99	-99
27.04.2004	2.531	-99	-99	-99	-99	-99	-99	-99	-99	-99
28.04.2004	2.289	-99	-99	-99	-99	-99	-99	-99	-99	-99
29.04.2004	2.136	-99	-99	-99	-99	-99	-99	-99	-99	-99
30.04.2004	2.104	-99	-99	-99	-99	-99	-99	-99	-99	-99
01.05.2004	2.964	-99	-99	-99	-99	-99	-99	-99	-99	-99
02.05.2004	2.549	-99	-99	-99	-99	-99	-99	-99	-99	-99
03.05.2004	2.455	-99	-99	-99	-99	-99	-99	-99	-99	-99
04.05.2004	2.359	-99	-99	-99	-99	-99	-99	-99	-99	-99
05.05.2004	2.261	-99	-99	-99	-99	-99	-99	-99	-99	-99
06.05.2004	4.397	-99	-99	-99	-99	-99	-99	-99	-99	-99
07.05.2004	9.645	-99	-99	-99	-99	-99	-99	-99	-99	-99
08.05.2004	10.786	-99	-99	-99	-99	-99	-99	-99	-99	-99
09.05.2004	10.365	-99	-99	-99	-99	-99	-99	-99	-99	-99
10.05.2004	9.931	-99	-99	-99	-99	-99	-99	-99	-99	-99
11.05.2004	8.615	-99	-99	-99	-99	-99	-99	-99	-99	-99
12.05.2004	6.312	-99	-99	-99	-99	-99	-99	-99	-99	-99
13.05.2004	4.752	-99	-99	-99	-99	-99	-99	-99	-99	-99
14.05.2004	3.78	-99	-99	-99	-99	-99	-99	-99	-99	-99
15.05.2004	2.987	-99	-99	-99	-99	-99	-99	-99	-99	-99
16.05.2004	2.551	-99	-99	-99	-99	-99	-99	-99	-99	-99
17.05.2004	3.169	-99	-99	-99	-99	-99	-99	-99	-99	-99
18.05.2004	6.241	-99	-99	-99	-99	-99	-99	-99	-99	-99
19.05.2004	5.913	-99	-99	-99	-99	-99	-99	-99	-99	-99
20.05.2004	5.141	-99	-99	-99	-99	-99	-99	-99	-99	-99
21.05.2004	3.387	-99	-99	-99	-99	-99	-99	-99	-99	-99
22.05.2004	2.554	-99	-99	-99	-99	-99	-99	-99	-99	-99
23.05.2004	2.223	-99	-99	-99	-99	-99	-99	-99	-99	-99
24.05.2004	1.891	-99	-99	-99	-99	-99	-99	-99	-99	-99
25.05.2004	1.764	-99	-99	-99	-99	-99	-99	-99	-99	-99
26.05.2004	1.804	-99	-99	-99	-99	-99	-99	-99	-99	-99
27.05.2004	1.976	-99	-99	-99	-99	-99	-99	-99	-99	-99
28.05.2004	2.251	-99	-99	-99	-99	-99	-99	-99	-99	-99
29.05.2004	2.598	-99	-99	-99	-99	-99	-99	-99	-99	-99
30.05.2004	2.745	-99	-99	-99	-99	-99	-99	-99	-99	-99
31.05.2004	2.829	-99	-99	-99	-99	-99	-99	-99	-99	-99
01.06.2004	2.99	-99	-99	-99	-99	-99	-99	-99	-99	-99
02.06.2004	3.714	-99	-99	-99	-99	-99	-99	-99	-99	-99
03.06.2004	4.556	-99	-99	-99	-99	-99	-99	-99	-99	-99
04.06.2004	5.174	-99	-99	-99	-99	-99	-99	-99	-99	-99
05.06.2004	5.359	-99	-99	-99	-99	-99	-99	-99	-99	-99
06.06.2004	5.256	-99	-99	-99	-99	-99	-99	-99	-99	-99
07.06.2004	5.294	-99	-99	-99	-99	-99	-99	-99	-99	-99
08.06.2004	5.718	-99	-99	-99	-99	-99	-99	-99	-99	-99
09.06.2004	5.936	-99	-99	-99	-99	-99	-99	-99	-99	-99
10.06.2004	5.578	-99	-99	-99	-99	-99	-99	-99	-99	-99
11.06.2004	9.417	-99	-99	-99	-99	-99	-99	-99	-99	-99
12.06.2004	10.163	-99	-99	-99	-99	-99	-99	-99	-99	-99
13.06.2004	7.653	-99	-99	-99	-99	-99	-99	-99	-99	-99
14.06.2004	6.603	-99	-99	-99	-99	-99	-99	-99	-99	-99
15.06.2004	10.788	-99	-99	-99	-99	-99	-99	-99	-99	-99
16.06.2004	8.742	-99	-99	-99	-99	-99	-99	-99	-99	-99
17.06.2004	5.949	-99	-99	-99	-99	-99	-99	-99	-99	-99
18.06.2004	4.841	-99	-99	-99	-99	-99	-99	-99	-99	-99
19.06.2004	3.834	-99	-99	-99	-99	-99	-99	-99	-99	-99
20.06.2004	3.38	-99	-99	-99	-99	-99	-99	-99	-99	-99
21.06.2004	3.47	-99	-99	-99	-99	-99	-99	-99	-99	-99
22.06.2004	3.669	-99	-99	-99	-99	-99	-99	-99	-99	-99
23.06.2004	3.95	-99	-99	-99	-99	-99	-99	-99	-99	-99
24.06.2004	4.348	-99	-99	-99	-99	-99	-99	-99	-99	-99
25.06.2004	4.996	-99	-99	-99	-99	-99	-99	-99	-99	-99
26.06.2004	5.593	-99	-99	-99	-99	-99	-99	-99	-99	-99
27.06.2004	6.403	-99	-99	-99	-99	-99	-99	-99	-99	-99
28.06.2004	5.9	-99	-99	-99	-99	-99	-99	-99	-99	-99
29.06.2004	6.239	-99	-99	-99	-99	-99	-99	-99	-99	-99
30.06.2004	6.136	-99	-99	-99	-99	-99	-99	-99	-99	-99
01.07.2004	5.802	-99	-99	-99	-99	-99	-99	-99	-99	-99
02.07.2004	5.653	-99	-99	-99	-99	-99	-99	-99	-99	-99
03.07.2004	6.648	-99	-99	-99	-99	-99	-99	-99	-99	-99
04.07.2004	6.512	-99	-99	-99	-99	-99	-99	-99	-99	-99
05.07.2004	5.319	-99	-99	-99	-99	-99	-99	-99	-99	-99
06.07.2004	4.864	-99	-99	-99	-99	-99	-99	-99	-99	-99
07.07.2004	4.946	-99	-99	-99	-99	-99	-99	-99	-99	-99
08.07.2004	4.289	-99	-99	-99	-99	-99	-99	-99	-99	-99
09.07.2004	4.122	-99	-99	-99	-99	-99	-99	-99	-99	-99
10.07.2004	4.839	-99	-99	-99	-99	-99	-99	-99	-99	-99
11.07.2004	5.318	-99	-99	-99	-99	-99	-99	-99	-99	-99
12.07.2004	5.129	-99	-99	-99	-99	-99	-99	-99	-99	-99
13.07.2004	4.608	-99	-99	-99	-99	-99	-99	-99	-99	-99
14.07.2004	4.725	-99	-99	-99	-99	-99	-99	-99	-99	-99
15.07.2004	4.183	-99	-99	-99	-99	-99	-99	-99	-99	-99
16.07.2004	4.175	-99	-99	-99	-99	-99	-99	-99	-99	-99
17.07.2004	3.584	-99	-99	-99	-99	-99	-99	-99	-99	-99
18.07.2004	5.654	-99	-99	-99	-99	-99	-99	-99	-99	-99
19.07.2004	5.195	-99	-99	-99	-99	-99	-99	-99	-99	-99
20.07.2004	4.318	-99	-99	-99	-99	-99	-99	-99	-99	-99
21.07.2004	3.989	-99	-99	-99	-99	-99	-99	-99	-99	-99
22.07.2004	4.188	-99	-99	-99	-99	-99	-99	-99	-99	-99
23.07.2004	4.872	-99	-99	-99	-99	-99	-99	-99	-99	-99
24.07.2004	5.937	-99	-99	-99	-99	-99	-99	-99	-99	-99
25.07.2004	4.718	-99	-99	-99	-99	-99	-99	-99	-99	-99
26.07.2004	3.74	-99	-99	-99	-99	-99	-99	-99	-99	-99
27.07.2004	3.123	-99	-99	-99	-99	-99	-99	-99	-99	-99
28.07.2004	2.969	-99	-99	-99	-99	-99	-99	-99	-99	-99
29.07.2004	2.81	-99	-99	-99	-99	-99	-99	-99	-99	-99
30.07.2004	3.104	-99	-99	-99	-99	-99	-99	-99	-99	-99
31.07.2004	3.641	-99	-99	-99	-99	-99	-99	-99	-99	-99
01.08.2004	4.195	-99	-99	-99	-99	-99	-99	-99	-99	-99
02.08.2004	4.118	-99	-99	-99	-99	-99	-99	-99	-99	-99
03.08.2004	4.268	-99	-99	-99	-99	-99	-99	-99	-99	-99
04.08.2004	4.854	-99	-99	-99	-99	-99	-99	-99	-99	-99
05.08.2004	4.997	-99	-99	-99	-99	-99	-99	-99	-99	-99
06.08.2004	4.819	-99	-99	-99	-99	-99	-99	-99	-99	-99
07.08.2004	4.869	-99	-99	-99	-99	-99	-99	-99	-99	-99
08.08.2004	4.374	-99	-99	-99	-99	-99	-99	-99	-99	-99
09.08.2004	4.881	-99	-99	-99	-99	-99	-99	-99	-99	-99
10.08.2004	3.713	-99	-99	-99	-99	-99	-99	-99	-99	-99
11.08.2004	3.722	-99	-99	-99	-99	-99	-99	-99	-99	-99
12.08.2004	3.674	-99	-99	-99	-99	-99	-99	-99	-99	-99
13.08.2004	2.946	-99	-99	-99	-99	-99	-99	-99	-99	-99
14.08.2004	2.506	-99	-99	-99	-99	-99	-99	-99	-99	-99
15.08.2004	2.401	-99	-99	-99	-99	-99	-99	-99	-99	-99
16.08.2004	2.2	-99	-99	-99	-99	-99	-99	-99	-99	-99
17.08.2004	2.247	-99	-99	-99	-99	-99	-99	-99	-99	-99
18.08.2004	1.852	-99	-99	-99	-99	-99	-99	-99	-99	-99
19.08.2004	2.104	-99	-99	-99	-99	-99	-99	-99	-99	-99
20.08.2004	2.225	-99	-99	-99	-99	-99	-99	-99	-99	-99
21.08.2004	4.876	-99	-99	-99	-99	-99	-99	-99	-99	-99
22.08.2004	3.598	-99	-99	-99	-99	-99	-99	-99	-99	-99
23.08.2004	2.627	-99	-99	-99	-99	-99	-99	-99	-99	-99
24.08.2004	2.448	-99	-99	-99	-99	-99	-99	-99	-99	-99
25.08.2004	1.737	-99	-99	-99	-99	-99	-99	-99	-99	-99
26.08.2004	1.731	-99	-99	-99	-99	-99	-99	-99	-99	-99
27.08.2004	1.63	-99	-99	-99	-99	-99	-99	-99	-99	-99
28.08.2004	1.78	-99	-99	-99	-99	-99	-99	-99	-99	-99
29.08.2004	2.751	-99	-99	-99	-99	-99	-99	-99	-99	-99
30.08.2004	2.22	-99	-99	-99	-99	-99	-99	-99	-99	-99
31.08.2004	2.766	-99	-99	-99	-99	-99	-99	-99	-99	-99
01.09.2004	1.998	-99	-99	-99	-99	-99	-99	-99	-99	-99
02.09.2004	1.919	-99	-99	-99	-99	-99	-99	-99	-99	-99
03.09.2004	1.813	-99	-99	-99	-99	-99	-99	-99	-99	-99
04.09.2004	1.988	-99	-99	-99	-99	-99	-99	-99	-99	-99
05.09.2004	2.363	-99	-99	-99	-99	-99	-99	-99	-99	-99
06.09.2004	2.222	-99	-99	-99	-99	-99	-99	-99	-99	-99
07.09.2004	3.208	-99	-99	-99	-99	-99	-99	-99	-99	-99
08.09.2004	2.646	-99	-99	-99	-99	-99	-99	-99	-99	-99
09.09.2004	2.668	-99	-99	-99	-99	-99	-99	-99	-99	-99
10.09.2004	1.76	-99	-99	-99	-99	-99	-99	-99	-99	-99
11.09.2004	1.549	-99	-99	-99	-99	-99	-99	-99	-99	-99
12.09.2004	1.636	-99	-99	-99	-99	-99	-99	-99	-99	-99
13.09.2004	4.492	-99	-99	-99	-99	-99	-99	-99	-99	-99
14.09.2004	4.142	-99	-99	-99	-99	-99	-99	-99	-99	-99
15.09.2004	4.244	-99	-99	-99	-99	-99	-99	-99	-99	-99
16.09.2004	2.726	-99	-99	-99	-99	-99	-99	-99	-99	-99
17.09.2004	2.94	-99	-99	-99	-99	-99	-99	-99	-99	-99
18.09.2004	2.897	-99	-99	-99	-99	-99	-99	-99	-99	-99
19.09.2004	2.657	-99	-99	-99	-99	-99	-99	-99	-99	-99
20.09.2004	2.193	-99	-99	-99	-99	-99	-99	-99	-99	-99
21.09.2004	4.408	-99	-99	-99	-99	-99	-99	-99	-99	-99
22.09.2004	4.122	-99	-99	-99	-99	-99	-99	-99	-99	-99
23.09.2004	4.898	-99	-99	-99	-99	-99	-99	-99	-99	-99
24.09.2004	8.613	-99	-99	-99	-99	-99	-99	-99	-99	-99
25.09.2004	6.176	-99	-99	-99	-99	-99	-99	-99	-99	-99
26.09.2004	4.481	-99	-99	-99	-99	-99	-99	-99	-99	-99
27.09.2004	8.475	-99	-99	-99	-99	-99	-99	-99	-99	-99
28.09.2004	5.869	-99	-99	-99	-99	-99	-99	-99	-99	-99
29.09.2004	4.1	-99	-99	-99	-99	-99	-99	-99	-99	-99
30.09.2004	2.735	-99	-99	-99	-99	-99	-99	-99	-99	-99
01.10.2004	2.197	-99	-99	-99	-99	-99	-99	-99	-99	-99
02.10.2004	1.827	-99	-99	-99	-99	-99	-99	-99	-99	-99
03.10.2004	1.558	-99	-99	-99	-99	-99	-99	-99	-99	-99
04.10.2004	1.705	-99	-99	-99	-99	-99	-99	-99	-99	-99
05.10.2004	2.803	-99	-99	-99	-99	-99	-99	-99	-99	-99
06.10.2004	1.915	-99	-99	-99	-99	-99	-99	-99	-99	-99
07.10.2004	1.541	-99	-99	-99	-99	-99	-99	-99	-99	-99
08.10.2004	1.378	-99	-99	-99	-99	-99	-99	-99	-99	-99
09.10.2004	1.221	-99	-99	-99	-99	-99	-99	-99	-99	-99
10.10.2004	1.107	-99	-99	-99	-99	-99	-99	-99	-99	-99
11.10.2004	0.973	-99	-99	-99	-99	-99	-99	-99	-99	-99
12.10.2004	0.883	-99	-99	-99	-99	-99	-99	-99	-99	-99
13.10.2004	0.74	-99	-99	-99	-99	-99	-99	-99	-99	-99
14.10.2004	0.656	-99	-99	-99	-99	-99	-99	-99	-99	-99
15.10.2004	0.604	-99	-99	-99	-99	-99	-99	-99	-99	-99
16.10.2004	0.533	-99	-99	-99	-99	-99	-99	-99	-99	-99
17.10.2004	0.494	-99	-99	-99	-99	-99	-99	-99	-99	-99
18.10.2004	0.462	-99	-99	-99	-99	-99	-99	-99	-99	-99
19.10.2004	0.42	-99	-99	-99	-99	-99	-99	-99	-99	-99
20.10.2004	0.379	-99	-99	-99	-99	-99	-99	-99	-99	-99
21.10.2004	0.363	-99	-99	-99	-99	-99	-99	-99	-99	-99
22.10.2004	0.359	-99	-99	-99	-99	-99	-99	-99	-99	-99
23.10.2004	0.303	-99	-99	-99	-99	-99	-99	-99	-99	-99
24.10.2004	0.295	-99	-99	-99	-99	-99	-99	-99	-99	-99
25.10.2004	0.285	-99	-99	-99	-99	-99	-99	-99	-99	-99
26.10.2004	0.287	-99	-99	-99	-99	-99	-99	-99	-99	-99
27.10.2004	0.299	-99	-99	-99	-99	-99	-99	-99	-99	-99
28.10.2004	0.267	-99	-99	-99	-99	-99	-99	-99	-99	-99
29.10.2004	0.289	-99	-99	-99	-99	-99	-99	-99	-99	-99
30.10.2004	0.319	-99	-99	-99	-99	-99	-99	-99	-99	-99
31.10.2004	0.56	-99	-99	-99	-99	-99	-99	-99	-99	-99
01.11.2004	0.501	-99	-99	-99	-99	-99	-99	-99	-99	-99
02.11.2004	0.576	-99	-99	-99	-99	-99	-99	-99	-99	-99
03.11.2004	0.373	-99	-99	-99	-99	-99	-99	-99	-99	-99
04.11.2004	0.453	-99	-99	-99	-99	-99	-99	-99	-99	-99
05.11.2004	0.562	-99	-99	-99	-99	-99	-99	-99	-99	-99
06.11.2004	0.481	-99	-99	-99	-99	-99	-99	-99	-99	-99
07.11.2004	0.451	-99	-99	-99	-99	-99	-99	-99	-99	-99
08.11.2004	0.519	-99	-99	-99	-99	-99	-99	-99	-99	-99
09.11.2004	0.534	-99	-99	-99	-99	-99	-99	-99	-99	-99
10.11.2004	0.489	-99	-99	-99	-99	-99	-99	-99	-99	-99
11.11.2004	0.564	-99	-99	-99	-99	-99	-99	-99	-99	-99
12.11.2004	2.132	-99	-99	-99	-99	-99	-99	-99	-99	-99
13.11.2004	1.307	-99	-99	-99	-99	-99	-99	-99	-99	-99
14.11.2004	2.188	-99	-99	-99	-99	-99	-99	-99	-99	-99
15.11.2004	4.364	-99	-99	-99	-99	-99	-99	-99	-99	-99
16.11.2004	2.119	-99	-99	-99	-99	-99	-99	-99	-99	-99
17.11.2004	1.748	-99	-99	-99	-99	-99	-99	-99	-99	-99
18.11.2004	1.514	-99	-99	-99	-99	-99	-99	-99	-99	-99
19.11.2004	1.476	-99	-99	-99	-99	-99	-99	-99	-99	-99
20.11.2004	1.403	-99	-99	-99	-99	-99	-99	-99	-99	-99
21.11.2004	1.209	-99	-99	-99	-99	-99	-99	-99	-99	-99
22.11.2004	1.875	-99	-99	-99	-99	-99	-99	-99	-99	-99
23.11.2004	0.96	-99	-99	-99	-99	-99	-99	-99	-99	-99
24.11.2004	0.827	-99	-99	-99	-99	-99	-99	-99	-99	-99
25.11.2004	1.329	-99	-99	-99	-99	-99	-99	-99	-99	-99
26.11.2004	1.202	-99	-99	-99	-99	-99	-99	-99	-99	-99
27.11.2004	1.117	-99	-99	-99	-99	-99	-99	-99	-99	-99
28.11.2004	0.936	-99	-99	-99	-99	-99	-99	-99	-99	-99
29.11.2004	0.837	-99	-99	-99	-99	-99	-99	-99	-99	-99
30.11.2004	0.778	-99	-99	-99	-99	-99	-99	-99	-99	-99
01.12.2004	0.768	-99	-99	-99	-99	-99	-99	-99	-99	-99
02.12.2004	0.721	-99	-99	-99	-99	-99	-99	-99	-99	-99
03.12.2004	0.676	-99	-99	-99	-99	-99	-99	-99	-99	-99
04.12.2004	0.714	-99	-99	-99	-99	-99	-99	-99	-99	-99
05.12.2004	1.922	-99	-99	-99	-99	-99	-99	-99	-99	-99
06.12.2004	1.523	-99	-99	-99	-99	-99	-99	-99	-99	-99
07.12.2004	1.465	-99	-99	-99	-99	-99	-99	-99	-99	-99
08.12.2004	1.448	-99	-99	-99	-99	-99	-99	-99	-99	-99
09.12.2004	1.382	-99	-99	-99	-99	-99	-99	-99	-99	-99
10.12.2004	1.405	-99	-99	-99	-99	-99	-99	-99	-99	-99
11.12.2004	1.213	-99	-99	-99	-99	-99	-99	-99	-99	-99
12.12.2004	1.148	-99	-99	-99	-99	-99	-99	-99	-99	-99
13.12.2004	1.233	-99	-99	-99	-99	-99	-99	-99	-99	-99
14.12.2004	1.246	-99	-99	-99	-99	-99	-99	-99	-99	-99
15.12.2004	1.459	-99	-99	-99	-99	-99	-99	-99	-99	-99
16.12.2004	1.178	-99	-99	-99	-99	-99	-99	-99	-99	-99
17.12.2004	1.23	-99	-99	-99	-99	-99	-99	-99	-99	-99
18.12.2004	0.872	-99	-99	-99	-99	-99	-99	-99	-99	-99
19.12.2004	0.862	-99	-99	-99	-99	-99	-99	-99	-99	-99
20.12.2004	0.852	-99	-99	-99	-99	-99	-99	-99	-99	-99
21.12.2004	0.842	-99	-99	-99	-99	-99	-99	-99	-99	-99
22.12.2004	0.832	-99	-99	-99	-99	-99	-99	-99	-99	-99
23.12.2004	0.822	-99	-99	-99	-99	-99	-99	-99	-99	-99
24.12.2004	0.812	-99	-99	-99	-99	-99	-99	-99	-99	-99
25.12.2004	0.802	-99	-99	-99	-99	-99	-99	-99	-99	-99
26.12.2004	0.792	-99	-99	-99	-99	-99	-99	-99	-99	-99
27.12.2004	0.782	-99	-99	-99	-99	-99	-99	-99	-99	-99
28.12.2004	0.771	-99	-99	-99	-99	-99	-99	-99	-99	-99
29.12.2004	0.761	-99	-99	-99	-99	-99	-99	-99	-99	-99
30.12.2004	0.971	-99	-99	-99	-99	-99	-99	-99	-99	-99
31.12.2004	0.605	-99	-99	-99	-99	-99	-99	-99	-99	-99
01.01.2005	0.581	-99	-99	-99	-99	-99	-99	-99	-99	-99
02.01.2005	0.525	-99	-99	-99	-99	-99	-99	-99	-99	-99
03.01.2005	0.524	-99	-99	-99	-99	-99	-99	-99	-99	-99
04.01.2005	0.522	-99	-99	-99	-99	-99	-99	-99	-99	-99
05.01.2005	0.521	-99	-99	-99	-99	-99	-99	-99	-99	-99
06.01.2005	0.52	-99	-99	-99	-99	-99	-99	-99	-99	-99
07.01.2005	0.518	-99	-99	-99	-99	-99	-99	-99	-99	-99
08.01.2005	1.463	-99	-99	-99	-99	-99	-99	-99	-99	-99
09.01.2005	1.768	-99	-99	-99	-99	-99	-99	-99	-99	-99
10.01.2005	1.441	-99	-99	-99	-99	-99	-99	-99	-99	-99
11.01.2005	1.772	-99	-99	-99	-99	-99	-99	-99	-99	-99
12.01.2005	1.769	-99	-99	-99	-99	-99	-99	-99	-99	-99
13.01.2005	1.849	-99	-99	-99	-99	-99	-99	-99	-99	-99
14.01.2005	1.967	-99	-99	-99	-99	-99	-99	-99	-99	-99
15.01.2005	1.801	-99	-99	-99	-99	-99	-99	-99	-99	-99
16.01.2005	1.639	-99	-99	-99	-99	-99	-99	-99	-99	-99
17.01.2005	1.396	-99	-99	-99	-99	-99	-99	-99	-99	-99
18.01.2005	1.616	-99	-99	-99	-99	-99	-99	-99	-99	-99
19.01.2005	1.261	-99	-99	-99	-99	-99	-99	-99	-99	-99
20.01.2005	1.372	-99	-99	-99	-99	-99	-99	-99	-99	-99
21.01.2005	0.905	-99	-99	-99	-99	-99	-99	-99	-99	-99
22.01.2005	0.923	-99	-99	-99	-99	-99	-99	-99	-99	-99
23.01.2005	0.94	-99	-99	-99	-99	-99	-99	-99	-99	-99
24.01.2005	0.958	-99	-99	-99	-99	-99	-99	-99	-99	-99
25.01.2005	0.976	-99	-99	-99	-99	-99	-99	-99	-99	-99
26.01.2005	0.993	-99	-99	-99	-99	-99	-99	-99	-99	-99
27.01.2005	0.814	-99	-99	-99	-99	-99	-99	-99	-99	-99
28.01.2005	0.687	-99	-99	-99	-99	-99	-99	-99	-99	-99
29.01.2005	0.61	-99	-99	-99	-99	-99	-99	-99	-99	-99
30.01.2005	0.708	-99	-99	-99	-99	-99	-99	-99	-99	-99
31.01.2005	0.947	-99	-99	-99	-99	-99	-99	-99	-99	-99
01.02.2005	1.328	-99	-99	-99	-99	-99	-99	-99	-99	-99
02.02.2005	0.917	-99	-99	-99	-99	-99	-99	-99	-99	-99
03.02.2005	0.801	-99	-99	-99	-99	-99	-99	-99	-99	-99
04.02.2005	0.721	-99	-99	-99	-99	-99	-99	-99	-99	-99
05.02.2005	0.711	-99	-99	-99	-99	-99	-99	-99	-99	-99
06.02.2005	0.667	-99	-99	-99	-99	-99	-99	-99	-99	-99
07.02.2005	0.675	-99	-99	-99	-99	-99	-99	-99	-99	-99
08.02.2005	0.64	-99	-99	-99	-99	-99	-99	-99	-99	-99
09.02.2005	0.445	-99	-99	-99	-99	-99	-99	-99	-99	-99
10.02.2005	0.497	-99	-99	-99	-99	-99	-99	-99	-99	-99
11.02.2005	0.946	-99	-99	-99	-99	-99	-99	-99	-99	-99
12.02.2005	1.198	-99	-99	-99	-99	-99	-99	-99	-99	-99
13.02.2005	0.784	-99	-99	-99	-99	-99	-99	-99	-99	-99
14.02.2005	0.735	-99	-99	-99	-99	-99	-99	-99	-99	-99
15.02.2005	0.686	-99	-99	-99	-99	-99	-99	-99	-99	-99
16.02.2005	0.636	-99	-99	-99	-99	-99	-99	-99	-99	-99
17.02.2005	0.585	-99	-99	-99	-99	-99	-99	-99	-99	-99
18.02.2005	0.532	-99	-99	-99	-99	-99	-99	-99	-99	-99
19.02.2005	0.518	-99	-99	-99	-99	-99	-99	-99	-99	-99
20.02.2005	0.502	-99	-99	-99	-99	-99	-99	-99	-99	-99
21.02.2005	0.473	-99	-99	-99	-99	-99	-99	-99	-99	-99
22.02.2005	0.444	-99	-99	-99	-99	-99	-99	-99	-99	-99
23.02.2005	0.414	-99	-99	-99	-99	-99	-99	-99	-99	-99
24.02.2005	0.383	-99	-99	-99	-99	-99	-99	-99	-99	-99
25.02.2005	0.352	-99	-99	-99	-99	-99	-99	-99	-99	-99
26.02.2005	0.287	-99	-99	-99	-99	-99	-99	-99	-99	-99
27.02.2005	0.264	-99	-99	-99	-99	-99	-99	-99	-99	-99
28.02.2005	0.261	-99	-99	-99	-99	-99	-99	-99	-99	-99
01.03.2005	0.263	-99	-99	-99	-99	-99	-99	-99	-99	-99
02.03.2005	0.252	-99	-99	-99	-99	-99	-99	-99	-99	-99
03.03.2005	0.241	-99	-99	-99	-99	-99	-99	-99	-99	-99
04.03.2005	0.235	-99	-99	-99	-99	-99	-99	-99	-99	-99
05.03.2005	0.233	-99	-99	-99	-99	-99	-99	-99	-99	-99
06.03.2005	0.236	-99	-99	-99	-99	-99	-99	-99	-99	-99
07.03.2005	0.232	-99	-99	-99	-99	-99	-99	-99	-99	-99
08.03.2005	0.225	-99	-99	-99	-99	-99	-99	-99	-99	-99
09.03.2005	0.224	-99	-99	-99	-99	-99	-99	-99	-99	-99
10.03.2005	0.215	-99	-99	-99	-99	-99	-99	-99	-99	-99
11.03.2005	0.235	-99	-99	-99	-99	-99	-99	-99	-99	-99
12.03.2005	0.232	-99	-99	-99	-99	-99	-99	-99	-99	-99
13.03.2005	0.237	-99	-99	-99	-99	-99	-99	-99	-99	-99
14.03.2005	0.239	-99	-99	-99	-99	-99	-99	-99	-99	-99
15.03.2005	0.237	-99	-99	-99	-99	-99	-99	-99	-99	-99
16.03.2005	0.227	-99	-99	-99	-99	-99	-99	-99	-99	-99
17.03.2005	0.263	-99	-99	-99	-99	-99	-99	-99	-99	-99
18.03.2005	0.284	-99	-99	-99	-99	-99	-99	-99	-99	-99
19.03.2005	0.264	-99	-99	-99	-99	-99	-99	-99	-99	-99
20.03.2005	0.253	-99	-99	-99	-99	-99	-99	-99	-99	-99
21.03.2005	0.252	-99	-99	-99	-99	-99	-99	-99	-99	-99
22.03.2005	0.243	-99	-99	-99	-99	-99	-99	-99	-99	-99
23.03.2005	0.242	-99	-99	-99	-99	-99	-99	-99	-99	-99
24.03.2005	0.259	-99	-99	-99	-99	-99	-99	-99	-99	-99
25.03.2005	0.296	-99	-99	-99	-99	-99	-99	-99	-99	-99
26.03.2005	0.305	-99	-99	-99	-99	-99	-99	-99	-99	-99
27.03.2005	0.343	-99	-99	-99	-99	-99	-99	-99	-99	-99
28.03.2005	0.369	-99	-99	-99	-99	-99	-99	-99	-99	-99
29.03.2005	0.357	-99	-99	-99	-99	-99	-99	-99	-99	-99
30.03.2005	0.338	-99	-99	-99	-99	-99	-99	-99	-99	-99
31.03.2005	0.336	-99	-99	-99	-99	-99	-99	-99	-99	-99
01.04.2005	0.337	-99	-99	-99	-99	-99	-99	-99	-99	-99
02.04.2005	0.349	-99	-99	-99	-99	-99	-99	-99	-99	-99
03.04.2005	0.46	-99	-99	-99	-99	-99	-99	-99	-99	-99
04.04.2005	0.724	-99	-99	-99	-99	-99	-99	-99	-99	-99
05.04.2005	0.857	-99	-99	-99	-99	-99	-99	-99	-99	-99
06.04.2005	0.567	-99	-99	-99	-99	-99	-99	-99	-99	-99
07.04.2005	0.464	-99	-99	-99	-99	-99	-99	-99	-99	-99
08.04.2005	0.484	-99	-99	-99	-99	-99	-99	-99	-99	-99
09.04.2005	0.465	-99	-99	-99	-99	-99	-99	-99	-99	-99
10.04.2005	0.434	-99	-99	-99	-99	-99	-99	-99	-99	-99
11.04.2005	0.612	-99	-99	-99	-99	-99	-99	-99	-99	-99
12.04.2005	1.129	-99	-99	-99	-99	-99	-99	-99	-99	-99
13.04.2005	0.868	-99	-99	-99	-99	-99	-99	-99	-99	-99
14.04.2005	0.743	-99	-99	-99	-99	-99	-99	-99	-99	-99
15.04.2005	0.642	-99	-99	-99	-99	-99	-99	-99	-99	-99
16.04.2005	0.629	-99	-99	-99	-99	-99	-99	-99	-99	-99
17.04.2005	0.933	-99	-99	-99	-99	-99	-99	-99	-99	-99
18.04.2005	1.156	-99	-99	-99	-99	-99	-99	-99	-99	-99
19.04.2005	1.821	-99	-99	-99	-99	-99	-99	-99	-99	-99
20.04.2005	0.982	-99	-99	-99	-99	-99	-99	-99	-99	-99
21.04.2005	0.929	-99	-99	-99	-99	-99	-99	-99	-99	-99
22.04.2005	0.873	-99	-99	-99	-99	-99	-99	-99	-99	-99
23.04.2005	0.876	-99	-99	-99	-99	-99	-99	-99	-99	-99
24.04.2005	0.958	-99	-99	-99	-99	-99	-99	-99	-99	-99
25.04.2005	1.357	-99	-99	-99	-99	-99	-99	-99	-99	-99
26.04.2005	1.15	-99	-99	-99	-99	-99	-99	-99	-99	-99
27.04.2005	1.201	-99	-99	-99	-99	-99	-99	-99	-99	-99
28.04.2005	1.282	-99	-99	-99	-99	-99	-99	-99	-99	-99
29.04.2005	1.435	-99	-99	-99	-99	-99	-99	-99	-99	-99
30.04.2005	1.465	-99	-99	-99	-99	-99	-99	-99	-99	-99
01.05.2005	1.49	-99	-99	-99	-99	-99	-99	-99	-99	-99
02.05.2005	2.258	-99	-99	-99	-99	-99	-99	-99	-99	-99
03.05.2005	2.76	-99	-99	-99	-99	-99	-99	-99	-99	-99
04.05.2005	2.797	-99	-99	-99	-99	-99	-99	-99	-99	-99
05.05.2005	1.94	-99	-99	-99	-99	-99	-99	-99	-99	-99
06.05.2005	1.553	-99	-99	-99	-99	-99	-99	-99	-99	-99
07.05.2005	1.27	-99	-99	-99	-99	-99	-99	-99	-99	-99
08.05.2005	1.809	-99	-99	-99	-99	-99	-99	-99	-99	-99
09.05.2005	1.1	-99	-99	-99	-99	-99	-99	-99	-99	-99
10.05.2005	1.238	-99	-99	-99	-99	-99	-99	-99	-99	-99
11.05.2005	1.247	-99	-99	-99	-99	-99	-99	-99	-99	-99
12.05.2005	1.284	-99	-99	-99	-99	-99	-99	-99	-99	-99
13.05.2005	1.268	-99	-99	-99	-99	-99	-99	-99	-99	-99
14.05.2005	1.259	-99	-99	-99	-99	-99	-99	-99	-99	-99
15.05.2005	1.486	-99	-99	-99	-99	-99	-99	-99	-99	-99
16.05.2005	1.442	-99	-99	-99	-99	-99	-99	-99	-99	-99
17.05.2005	1.114	-99	-99	-99	-99	-99	-99	-99	-99	-99
18.05.2005	0.966	-99	-99	-99	-99	-99	-99	-99	-99	-99
19.05.2005	0.868	-99	-99	-99	-99	-99	-99	-99	-99	-99
20.05.2005	0.872	-99	-99	-99	-99	-99	-99	-99	-99	-99
21.05.2005	2.284	-99	-99	-99	-99	-99	-99	-99	-99	-99
22.05.2005	2.851	-99	-99	-99	-99	-99	-99	-99	-99	-99
23.05.2005	3.396	-99	-99	-99	-99	-99	-99	-99	-99	-99
24.05.2005	3.898	-99	-99	-99	-99	-99	-99	-99	-99	-99
25.05.2005	3.167	-99	-99	-99	-99	-99	-99	-99	-99	-99
26.05.2005	4.428	-99	-99	-99	-99	-99	-99	-99	-99	-99
27.05.2005	5.194	-99	-99	-99	-99	-99	-99	-99	-99	-99
28.05.2005	3.169	-99	-99	-99	-99	-99	-99	-99	-99	-99
29.05.2005	3.596	-99	-99	-99	-99	-99	-99	-99	-99	-99
30.05.2005	4.282	-99	-99	-99	-99	-99	-99	-99	-99	-99
31.05.2005	3.747	-99	-99	-99	-99	-99	-99	-99	-99	-99
01.06.2005	3.362	-99	-99	-99	-99	-99	-99	-99	-99	-99
02.06.2005	3.367	-99	-99	-99	-99	-99	-99	-99	-99	-99
03.06.2005	3.375	-99	-99	-99	-99	-99	-99	-99	-99	-99
04.06.2005	4.502	-99	-99	-99	-99	-99	-99	-99	-99	-99
05.06.2005	5.147	-99	-99	-99	-99	-99	-99	-99	-99	-99
06.06.2005	3.899	-99	-99	-99	-99	-99	-99	-99	-99	-99
07.06.2005	2.618	-99	-99	-99	-99	-99	-99	-99	-99	-99
08.06.2005	2.314	-99	-99	-99	-99	-99	-99	-99	-99	-99
09.06.2005	4.934	-99	-99	-99	-99	-99	-99	-99	-99	-99
10.06.2005	6.662	-99	-99	-99	-99	-99	-99	-99	-99	-99
11.06.2005	4.796	-99	-99	-99	-99	-99	-99	-99	-99	-99
12.06.2005	5.719	-99	-99	-99	-99	-99	-99	-99	-99	-99
13.06.2005	6.948	-99	-99	-99	-99	-99	-99	-99	-99	-99
14.06.2005	7.367	-99	-99	-99	-99	-99	-99	-99	-99	-99
15.06.2005	8.89	-99	-99	-99	-99	-99	-99	-99	-99	-99
16.06.2005	9.874	-99	-99	-99	-99	-99	-99	-99	-99	-99
17.06.2005	10.526	-99	-99	-99	-99	-99	-99	-99	-99	-99
18.06.2005	8.836	-99	-99	-99	-99	-99	-99	-99	-99	-99
19.06.2005	8.555	-99	-99	-99	-99	-99	-99	-99	-99	-99
20.06.2005	11.61	-99	-99	-99	-99	-99	-99	-99	-99	-99
21.06.2005	12.365	-99	-99	-99	-99	-99	-99	-99	-99	-99
22.06.2005	10.4	-99	-99	-99	-99	-99	-99	-99	-99	-99
23.06.2005	10.894	-99	-99	-99	-99	-99	-99	-99	-99	-99
24.06.2005	11.405	-99	-99	-99	-99	-99	-99	-99	-99	-99
25.06.2005	11.158	-99	-99	-99	-99	-99	-99	-99	-99	-99
26.06.2005	8.144	-99	-99	-99	-99	-99	-99	-99	-99	-99
27.06.2005	8.455	-99	-99	-99	-99	-99	-99	-99	-99	-99
28.06.2005	7.351	-99	-99	-99	-99	-99	-99	-99	-99	-99
29.06.2005	6.813	-99	-99	-99	-99	-99	-99	-99	-99	-99
30.06.2005	6.963	-99	-99	-99	-99	-99	-99	-99	-99	-99
01.07.2005	8.447	-99	-99	-99	-99	-99	-99	-99	-99	-99
02.07.2005	9.438	-99	-99	-99	-99	-99	-99	-99	-99	-99
03.07.2005	10.589	-99	-99	-99	-99	-99	-99	-99	-99	-99
04.07.2005	12.919	-99	-99	-99	-99	-99	-99	-99	-99	-99
05.07.2005	10.389	-99	-99	-99	-99	-99	-99	-99	-99	-99
06.07.2005	12.99	-99	-99	-99	-99	-99	-99	-99	-99	-99
07.07.2005	13.659	-99	-99	-99	-99	-99	-99	-99	-99	-99
08.07.2005	12.177	-99	-99	-99	-99	-99	-99	-99	-99	-99
09.07.2005	11.904	-99	-99	-99	-99	-99	-99	-99	-99	-99
10.07.2005	11.765	-99	-99	-99	-99	-99	-99	-99	-99	-99
11.07.2005	10.469	-99	-99	-99	-99	-99	-99	-99	-99	-99
12.07.2005	10.98	-99	-99	-99	-99	-99	-99	-99	-99	-99
13.07.2005	12.102	-99	-99	-99	-99	-99	-99	-99	-99	-99
14.07.2005	8.928	-99	-99	-99	-99	-99	-99	-99	-99	-99
15.07.2005	7.608	-99	-99	-99	-99	-99	-99	-99	-99	-99
16.07.2005	7.158	-99	-99	-99	-99	-99	-99	-99	-99	-99
17.07.2005	6.934	-99	-99	-99	-99	-99	-99	-99	-99	-99
18.07.2005	7.349	-99	-99	-99	-99	-99	-99	-99	-99	-99
19.07.2005	8.325	-99	-99	-99	-99	-99	-99	-99	-99	-99
20.07.2005	8.47	-99	-99	-99	-99	-99	-99	-99	-99	-99
21.07.2005	9.794	-99	-99	-99	-99	-99	-99	-99	-99	-99
22.07.2005	8.638	-99	-99	-99	-99	-99	-99	-99	-99	-99
23.07.2005	7.16	-99	-99	-99	-99	-99	-99	-99	-99	-99
24.07.2005	5.868	-99	-99	-99	-99	-99	-99	-99	-99	-99
25.07.2005	5.112	-99	-99	-99	-99	-99	-99	-99	-99	-99
26.07.2005	5.107	-99	-99	-99	-99	-99	-99	-99	-99	-99
27.07.2005	5.178	-99	-99	-99	-99	-99	-99	-99	-99	-99
28.07.2005	5.943	-99	-99	-99	-99	-99	-99	-99	-99	-99
29.07.2005	4.928	-99	-99	-99	-99	-99	-99	-99	-99	-99
30.07.2005	4.923	-99	-99	-99	-99	-99	-99	-99	-99	-99
31.07.2005	5.13	-99	-99	-99	-99	-99	-99	-99	-99	-99
01.08.2005	5.59	-99	-99	-99	-99	-99	-99	-99	-99	-99
02.08.2005	5.201	-99	-99	-99	-99	-99	-99	-99	-99	-99
03.08.2005	4.615	-99	-99	-99	-99	-99	-99	-99	-99	-99
04.08.2005	4.33	-99	-99	-99	-99	-99	-99	-99	-99	-99
05.08.2005	4.563	-99	-99	-99	-99	-99	-99	-99	-99	-99
06.08.2005	4.906	-99	-99	-99	-99	-99	-99	-99	-99	-99
07.08.2005	4.888	-99	-99	-99	-99	-99	-99	-99	-99	-99
08.08.2005	5.253	-99	-99	-99	-99	-99	-99	-99	-99	-99
09.08.2005	4.702	-99	-99	-99	-99	-99	-99	-99	-99	-99
10.08.2005	4.728	-99	-99	-99	-99	-99	-99	-99	-99	-99
11.08.2005	5.729	-99	-99	-99	-99	-99	-99	-99	-99	-99
12.08.2005	5.958	-99	-99	-99	-99	-99	-99	-99	-99	-99
13.08.2005	4.896	-99	-99	-99	-99	-99	-99	-99	-99	-99
14.08.2005	3.901	-99	-99	-99	-99	-99	-99	-99	-99	-99
15.08.2005	3.612	-99	-99	-99	-99	-99	-99	-99	-99	-99
16.08.2005	4.475	-99	-99	-99	-99	-99	-99	-99	-99	-99
17.08.2005	4.312	-99	-99	-99	-99	-99	-99	-99	-99	-99
18.08.2005	5.308	-99	-99	-99	-99	-99	-99	-99	-99	-99
19.08.2005	4.766	-99	-99	-99	-99	-99	-99	-99	-99	-99
20.08.2005	4.466	-99	-99	-99	-99	-99	-99	-99	-99	-99
21.08.2005	3.96	-99	-99	-99	-99	-99	-99	-99	-99	-99
22.08.2005	4.166	-99	-99	-99	-99	-99	-99	-99	-99	-99
23.08.2005	4.702	-99	-99	-99	-99	-99	-99	-99	-99	-99
24.08.2005	4.197	-99	-99	-99	-99	-99	-99	-99	-99	-99
25.08.2005	5.104	-99	-99	-99	-99	-99	-99	-99	-99	-99
26.08.2005	3.877	-99	-99	-99	-99	-99	-99	-99	-99	-99
27.08.2005	2.892	-99	-99	-99	-99	-99	-99	-99	-99	-99
28.08.2005	2.515	-99	-99	-99	-99	-99	-99	-99	-99	-99
29.08.2005	7.214	-99	-99	-99	-99	-99	-99	-99	-99	-99
30.08.2005	9.252	-99	-99	-99	-99	-99	-99	-99	-99	-99
31.08.2005	5.431	-99	-99	-99	-99	-99	-99	-99	-99	-99
01.09.2005	4.158	-99	-99	-99	-99	-99	-99	-99	-99	-99
02.09.2005	5.878	-99	-99	-99	-99	-99	-99	-99	-99	-99
03.09.2005	4.718	-99	-99	-99	-99	-99	-99	-99	-99	-99
04.09.2005	4.264	-99	-99	-99	-99	-99	-99	-99	-99	-99
05.09.2005	10.638	-99	-99	-99	-99	-99	-99	-99	-99	-99
06.09.2005	7.364	-99	-99	-99	-99	-99	-99	-99	-99	-99
07.09.2005	6.629	-99	-99	-99	-99	-99	-99	-99	-99	-99
08.09.2005	7.83	-99	-99	-99	-99	-99	-99	-99	-99	-99
09.09.2005	6.44	-99	-99	-99	-99	-99	-99	-99	-99	-99
10.09.2005	4.377	-99	-99	-99	-99	-99	-99	-99	-99	-99
11.09.2005	3.185	-99	-99	-99	-99	-99	-99	-99	-99	-99
12.09.2005	3.801	-99	-99	-99	-99	-99	-99	-99	-99	-99
13.09.2005	4.216	-99	-99	-99	-99	-99	-99	-99	-99	-99
14.09.2005	12.517	-99	-99	-99	-99	-99	-99	-99	-99	-99
15.09.2005	7.875	-99	-99	-99	-99	-99	-99	-99	-99	-99
16.09.2005	5.115	-99	-99	-99	-99	-99	-99	-99	-99	-99
17.09.2005	3.838	-99	-99	-99	-99	-99	-99	-99	-99	-99
18.09.2005	5.102	-99	-99	-99	-99	-99	-99	-99	-99	-99
19.09.2005	5.982	-99	-99	-99	-99	-99	-99	-99	-99	-99
20.09.2005	5.655	-99	-99	-99	-99	-99	-99	-99	-99	-99
21.09.2005	5.549	-99	-99	-99	-99	-99	-99	-99	-99	-99
22.09.2005	4.53	-99	-99	-99	-99	-99	-99	-99	-99	-99
23.09.2005	4.403	-99	-99	-99	-99	-99	-99	-99	-99	-99
24.09.2005	3.762	-99	-99	-99	-99	-99	-99	-99	-99	-99
25.09.2005	2.698	-99	-99	-99	-99	-99	-99	-99	-99	-99
26.09.2005	2.388	-99	-99	-99	-99	-99	-99	-99	-99	-99
27.09.2005	2.344	-99	-99	-99	-99	-99	-99	-99	-99	-99
28.09.2005	2.407	-99	-99	-99	-99	-99	-99	-99	-99	-99
29.09.2005	2.339	-99	-99	-99	-99	-99	-99	-99	-99	-99
30.09.2005	1.809	-99	-99	-99	-99	-99	-99	-99	-99	-99
01.10.2005	2.604	-99	-99	-99	-99	-99	-99	-99	-99	-99
02.10.2005	2.21	-99	-99	-99	-99	-99	-99	-99	-99	-99
03.10.2005	4.97	-99	-99	-99	-99	-99	-99	-99	-99	-99
04.10.2005	4.642	-99	-99	-99	-99	-99	-99	-99	-99	-99
05.10.2005	3.1	-99	-99	-99	-99	-99	-99	-99	-99	-99
06.10.2005	2.368	-99	-99	-99	-99	-99	-99	-99	-99	-99
07.10.2005	2.118	-99	-99	-99	-99	-99	-99	-99	-99	-99
08.10.2005	2.279	-99	-99	-99	-99	-99	-99	-99	-99	-99
09.10.2005	2.887	-99	-99	-99	-99	-99	-99	-99	-99	-99
10.10.2005	2.237	-99	-99	-99	-99	-99	-99	-99	-99	-99
11.10.2005	2.267	-99	-99	-99	-99	-99	-99	-99	-99	-99
12.10.2005	2.2	-99	-99	-99	-99	-99	-99	-99	-99	-99
13.10.2005	2.406	-99	-99	-99	-99	-99	-99	-99	-99	-99
14.10.2005	2.509	-99	-99	-99	-99	-99	-99	-99	-99	-99
15.10.2005	2.104	-99	-99	-99	-99	-99	-99	-99	-99	-99
16.10.2005	1.749	-99	-99	-99	-99	-99	-99	-99	-99	-99
17.10.2005	1.479	-99	-99	-99	-99	-99	-99	-99	-99	-99
18.10.2005	1.255	-99	-99	-99	-99	-99	-99	-99	-99	-99
19.10.2005	1.718	-99	-99	-99	-99	-99	-99	-99	-99	-99
20.10.2005	0.959	-99	-99	-99	-99	-99	-99	-99	-99	-99
21.10.2005	1.259	-99	-99	-99	-99	-99	-99	-99	-99	-99
22.10.2005	0.953	-99	-99	-99	-99	-99	-99	-99	-99	-99
23.10.2005	0.629	-99	-99	-99	-99	-99	-99	-99	-99	-99
24.10.2005	0.508	-99	-99	-99	-99	-99	-99	-99	-99	-99
25.10.2005	0.525	-99	-99	-99	-99	-99	-99	-99	-99	-99
26.10.2005	0.503	-99	-99	-99	-99	-99	-99	-99	-99	-99
27.10.2005	0.603	-99	-99	-99	-99	-99	-99	-99	-99	-99
28.10.2005	2.3	-99	-99	-99	-99	-99	-99	-99	-99	-99
29.10.2005	3.765	-99	-99	-99	-99	-99	-99	-99	-99	-99
30.10.2005	2.486	-99	-99	-99	-99	-99	-99	-99	-99	-99
31.10.2005	3.523	-99	-99	-99	-99	-99	-99	-99	-99	-99
01.11.2005	3.922	-99	-99	-99	-99	-99	-99	-99	-99	-99
02.11.2005	2.922	-99	-99	-99	-99	-99	-99	-99	-99	-99
03.11.2005	2.236	-99	-99	-99	-99	-99	-99	-99	-99	-99
04.11.2005	2.3	-99	-99	-99	-99	-99	-99	-99	-99	-99
05.11.2005	1.974	-99	-99	-99	-99	-99	-99	-99	-99	-99
06.11.2005	1.724	-99	-99	-99	-99	-99	-99	-99	-99	-99
07.11.2005	1.594	-99	-99	-99	-99	-99	-99	-99	-99	-99
08.11.2005	1.408	-99	-99	-99	-99	-99	-99	-99	-99	-99
09.11.2005	2.572	-99	-99	-99	-99	-99	-99	-99	-99	-99
10.11.2005	2.161	-99	-99	-99	-99	-99	-99	-99	-99	-99
11.11.2005	1.93	-99	-99	-99	-99	-99	-99	-99	-99	-99
12.11.2005	1.898	-99	-99	-99	-99	-99	-99	-99	-99	-99
13.11.2005	1.626	-99	-99	-99	-99	-99	-99	-99	-99	-99
14.11.2005	6.818	-99	-99	-99	-99	-99	-99	-99	-99	-99
15.11.2005	4.753	-99	-99	-99	-99	-99	-99	-99	-99	-99
16.11.2005	2.705	-99	-99	-99	-99	-99	-99	-99	-99	-99
17.11.2005	2.155	-99	-99	-99	-99	-99	-99	-99	-99	-99
18.11.2005	1.784	-99	-99	-99	-99	-99	-99	-99	-99	-99
19.11.2005	1.526	-99	-99	-99	-99	-99	-99	-99	-99	-99
20.11.2005	1.372	-99	-99	-99	-99	-99	-99	-99	-99	-99
21.11.2005	1.362	-99	-99	-99	-99	-99	-99	-99	-99	-99
22.11.2005	2.982	-99	-99	-99	-99	-99	-99	-99	-99	-99
23.11.2005	2.346	-99	-99	-99	-99	-99	-99	-99	-99	-99
24.11.2005	2.33	-99	-99	-99	-99	-99	-99	-99	-99	-99
25.11.2005	1.688	-99	-99	-99	-99	-99	-99	-99	-99	-99
26.11.2005	1.228	-99	-99	-99	-99	-99	-99	-99	-99	-99
27.11.2005	1.101	-99	-99	-99	-99	-99	-99	-99	-99	-99
28.11.2005	1.143	-99	-99	-99	-99	-99	-99	-99	-99	-99
29.11.2005	1.963	-99	-99	-99	-99	-99	-99	-99	-99	-99
30.11.2005	1.486	-99	-99	-99	-99	-99	-99	-99	-99	-99
01.12.2005	1.051	-99	-99	-99	-99	-99	-99	-99	-99	-99
02.12.2005	0.95	-99	-99	-99	-99	-99	-99	-99	-99	-99
03.12.2005	0.92	-99	-99	-99	-99	-99	-99	-99	-99	-99
04.12.2005	1.618	-99	-99	-99	-99	-99	-99	-99	-99	-99
05.12.2005	1.275	-99	-99	-99	-99	-99	-99	-99	-99	-99
06.12.2005	0.526	-99	-99	-99	-99	-99	-99	-99	-99	-99
07.12.2005	0.484	-99	-99	-99	-99	-99	-99	-99	-99	-99
08.12.2005	0.486	-99	-99	-99	-99	-99	-99	-99	-99	-99
09.12.2005	0.841	-99	-99	-99	-99	-99	-99	-99	-99	-99
10.12.2005	0.688	-99	-99	-99	-99	-99	-99	-99	-99	-99
11.12.2005	6.405	-99	-99	-99	-99	-99	-99	-99	-99	-99
12.12.2005	3.536	-99	-99	-99	-99	-99	-99	-99	-99	-99
13.12.2005	2.205	-99	-99	-99	-99	-99	-99	-99	-99	-99
14.12.2005	1.846	-99	-99	-99	-99	-99	-99	-99	-99	-99
15.12.2005	1.946	-99	-99	-99	-99	-99	-99	-99	-99	-99
16.12.2005	1.735	-99	-99	-99	-99	-99	-99	-99	-99	-99
17.12.2005	1.717	-99	-99	-99	-99	-99	-99	-99	-99	-99
18.12.2005	1.806	-99	-99	-99	-99	-99	-99	-99	-99	-99
19.12.2005	1.698	-99	-99	-99	-99	-99	-99	-99	-99	-99
20.12.2005	1.399	-99	-99	-99	-99	-99	-99	-99	-99	-99
21.12.2005	1.351	-99	-99	-99	-99	-99	-99	-99	-99	-99
22.12.2005	0.881	-99	-99	-99	-99	-99	-99	-99	-99	-99
23.12.2005	0.839	-99	-99	-99	-99	-99	-99	-99	-99	-99
24.12.2005	0.839	-99	-99	-99	-99	-99	-99	-99	-99	-99
25.12.2005	0.81	-99	-99	-99	-99	-99	-99	-99	-99	-99
26.12.2005	0.786	-99	-99	-99	-99	-99	-99	-99	-99	-99
27.12.2005	0.763	-99	-99	-99	-99	-99	-99	-99	-99	-99
28.12.2005	0.738	-99	-99	-99	-99	-99	-99	-99	-99	-99
29.12.2005	0.714	-99	-99	-99	-99	-99	-99	-99	-99	-99
30.12.2005	0.69	-99	-99	-99	-99	-99	-99	-99	-99	-99
31.12.2005	0.665	-99	-99	-99	-99	-99	-99	-99	-99	-99
01.01.2006	0.602	-99	-99	-99	-99	-99	-99	-99	-99	-99
02.01.2006	0.538	-99	-99	-99	-99	-99	-99	-99	-99	-99
03.01.2006	0.472	-99	-99	-99	-99	-99	-99	-99	-99	-99
04.01.2006	0.404	-99	-99	-99	-99	-99	-99	-99	-99	-99
05.01.2006	0.333	-99	-99	-99	-99	-99	-99	-99	-99	-99
06.01.2006	0.312	-99	-99	-99	-99	-99	-99	-99	-99	-99
07.01.2006	0.291	-99	-99	-99	-99	-99	-99	-99	-99	-99
08.01.2006	0.27	-99	-99	-99	-99	-99	-99	-99	-99	-99
09.01.2006	0.249	-99	-99	-99	-99	-99	-99	-99	-99	-99
10.01.2006	0.227	-99	-99	-99	-99	-99	-99	-99	-99	-99
11.01.2006	0.262	-99	-99	-99	-99	-99	-99	-99	-99	-99
12.01.2006	0.309	-99	-99	-99	-99	-99	-99	-99	-99	-99
13.01.2006	0.485	-99	-99	-99	-99	-99	-99	-99	-99	-99
14.01.2006	0.474	-99	-99	-99	-99	-99	-99	-99	-99	-99
15.01.2006	0.428	-99	-99	-99	-99	-99	-99	-99	-99	-99
16.01.2006	0.339	-99	-99	-99	-99	-99	-99	-99	-99	-99
17.01.2006	0.295	-99	-99	-99	-99	-99	-99	-99	-99	-99
18.01.2006	0.29	-99	-99	-99	-99	-99	-99	-99	-99	-99
19.01.2006	0.284	-99	-99	-99	-99	-99	-99	-99	-99	-99
20.01.2006	0.392	-99	-99	-99	-99	-99	-99	-99	-99	-99
21.01.2006	0.376	-99	-99	-99	-99	-99	-99	-99	-99	-99
22.01.2006	0.361	-99	-99	-99	-99	-99	-99	-99	-99	-99
23.01.2006	0.345	-99	-99	-99	-99	-99	-99	-99	-99	-99
24.01.2006	0.316	-99	-99	-99	-99	-99	-99	-99	-99	-99
25.01.2006	0.341	-99	-99	-99	-99	-99	-99	-99	-99	-99
26.01.2006	0.31	-99	-99	-99	-99	-99	-99	-99	-99	-99
27.01.2006	0.282	-99	-99	-99	-99	-99	-99	-99	-99	-99
28.01.2006	0.258	-99	-99	-99	-99	-99	-99	-99	-99	-99
29.01.2006	0.257	-99	-99	-99	-99	-99	-99	-99	-99	-99
30.01.2006	0.275	-99	-99	-99	-99	-99	-99	-99	-99	-99
31.01.2006	0.288	-99	-99	-99	-99	-99	-99	-99	-99	-99
01.02.2006	0.301	-99	-99	-99	-99	-99	-99	-99	-99	-99
02.02.2006	0.288	-99	-99	-99	-99	-99	-99	-99	-99	-99
03.02.2006	0.337	-99	-99	-99	-99	-99	-99	-99	-99	-99
04.02.2006	0.302	-99	-99	-99	-99	-99	-99	-99	-99	-99
05.02.2006	0.325	-99	-99	-99	-99	-99	-99	-99	-99	-99
06.02.2006	0.241	-99	-99	-99	-99	-99	-99	-99	-99	-99
07.02.2006	0.617	-99	-99	-99	-99	-99	-99	-99	-99	-99
08.02.2006	0.695	-99	-99	-99	-99	-99	-99	-99	-99	-99
09.02.2006	0.571	-99	-99	-99	-99	-99	-99	-99	-99	-99
10.02.2006	0.512	-99	-99	-99	-99	-99	-99	-99	-99	-99
11.02.2006	0.446	-99	-99	-99	-99	-99	-99	-99	-99	-99
12.02.2006	0.399	-99	-99	-99	-99	-99	-99	-99	-99	-99
13.02.2006	0.36	-99	-99	-99	-99	-99	-99	-99	-99	-99
14.02.2006	0.323	-99	-99	-99	-99	-99	-99	-99	-99	-99
15.02.2006	0.249	-99	-99	-99	-99	-99	-99	-99	-99	-99
16.02.2006	0.222	-99	-99	-99	-99	-99	-99	-99	-99	-99
17.02.2006	0.217	-99	-99	-99	-99	-99	-99	-99	-99	-99
18.02.2006	0.211	-99	-99	-99	-99	-99	-99	-99	-99	-99
19.02.2006	0.205	-99	-99	-99	-99	-99	-99	-99	-99	-99
20.02.2006	0.193	-99	-99	-99	-99	-99	-99	-99	-99	-99
21.02.2006	0.184	-99	-99	-99	-99	-99	-99	-99	-99	-99
22.02.2006	0.177	-99	-99	-99	-99	-99	-99	-99	-99	-99
23.02.2006	0.171	-99	-99	-99	-99	-99	-99	-99	-99	-99
24.02.2006	0.171	-99	-99	-99	-99	-99	-99	-99	-99	-99
25.02.2006	0.167	-99	-99	-99	-99	-99	-99	-99	-99	-99
26.02.2006	0.174	-99	-99	-99	-99	-99	-99	-99	-99	-99
27.02.2006	0.191	-99	-99	-99	-99	-99	-99	-99	-99	-99
28.02.2006	0.191	-99	-99	-99	-99	-99	-99	-99	-99	-99
01.03.2006	0.191	-99	-99	-99	-99	-99	-99	-99	-99	-99
02.03.2006	0.192	-99	-99	-99	-99	-99	-99	-99	-99	-99
03.03.2006	0.168	-99	-99	-99	-99	-99	-99	-99	-99	-99
04.03.2006	0.159	-99	-99	-99	-99	-99	-99	-99	-99	-99
05.03.2006	0.16	-99	-99	-99	-99	-99	-99	-99	-99	-99
06.03.2006	0.16	-99	-99	-99	-99	-99	-99	-99	-99	-99
07.03.2006	0.145	-99	-99	-99	-99	-99	-99	-99	-99	-99
08.03.2006	0.138	-99	-99	-99	-99	-99	-99	-99	-99	-99
09.03.2006	0.131	-99	-99	-99	-99	-99	-99	-99	-99	-99
10.03.2006	0.126	-99	-99	-99	-99	-99	-99	-99	-99	-99
11.03.2006	0.131	-99	-99	-99	-99	-99	-99	-99	-99	-99
12.03.2006	0.128	-99	-99	-99	-99	-99	-99	-99	-99	-99
13.03.2006	0.119	-99	-99	-99	-99	-99	-99	-99	-99	-99
14.03.2006	0.11	-99	-99	-99	-99	-99	-99	-99	-99	-99
15.03.2006	0.103	-99	-99	-99	-99	-99	-99	-99	-99	-99
16.03.2006	0.1	-99	-99	-99	-99	-99	-99	-99	-99	-99
17.03.2006	0.988	-99	-99	-99	-99	-99	-99	-99	-99	-99
18.03.2006	0.968	-99	-99	-99	-99	-99	-99	-99	-99	-99
19.03.2006	0.117	-99	-99	-99	-99	-99	-99	-99	-99	-99
20.03.2006	0.141	-99	-99	-99	-99	-99	-99	-99	-99	-99
21.03.2006	0.162	-99	-99	-99	-99	-99	-99	-99	-99	-99
22.03.2006	0.171	-99	-99	-99	-99	-99	-99	-99	-99	-99
23.03.2006	0.175	-99	-99	-99	-99	-99	-99	-99	-99	-99
24.03.2006	0.173	-99	-99	-99	-99	-99	-99	-99	-99	-99
25.03.2006	0.167	-99	-99	-99	-99	-99	-99	-99	-99	-99
26.03.2006	0.156	-99	-99	-99	-99	-99	-99	-99	-99	-99
27.03.2006	0.147	-99	-99	-99	-99	-99	-99	-99	-99	-99
28.03.2006	0.141	-99	-99	-99	-99	-99	-99	-99	-99	-99
29.03.2006	0.139	-99	-99	-99	-99	-99	-99	-99	-99	-99
30.03.2006	0.156	-99	-99	-99	-99	-99	-99	-99	-99	-99
31.03.2006	0.168	-99	-99	-99	-99	-99	-99	-99	-99	-99
01.04.2006	0.166	-99	-99	-99	-99	-99	-99	-99	-99	-99
02.04.2006	0.198	-99	-99	-99	-99	-99	-99	-99	-99	-99
03.04.2006	0.153	-99	-99	-99	-99	-99	-99	-99	-99	-99
04.04.2006	0.161	-99	-99	-99	-99	-99	-99	-99	-99	-99
05.04.2006	0.167	-99	-99	-99	-99	-99	-99	-99	-99	-99
06.04.2006	0.161	-99	-99	-99	-99	-99	-99	-99	-99	-99
07.04.2006	0.159	-99	-99	-99	-99	-99	-99	-99	-99	-99
08.04.2006	0.159	-99	-99	-99	-99	-99	-99	-99	-99	-99
09.04.2006	0.15	-99	-99	-99	-99	-99	-99	-99	-99	-99
10.04.2006	0.145	-99	-99	-99	-99	-99	-99	-99	-99	-99
11.04.2006	0.144	-99	-99	-99	-99	-99	-99	-99	-99	-99
12.04.2006	0.137	-99	-99	-99	-99	-99	-99	-99	-99	-99
13.04.2006	0.135	-99	-99	-99	-99	-99	-99	-99	-99	-99
14.04.2006	0.14	-99	-99	-99	-99	-99	-99	-99	-99	-99
15.04.2006	0.177	-99	-99	-99	-99	-99	-99	-99	-99	-99
16.04.2006	0.2	-99	-99	-99	-99	-99	-99	-99	-99	-99
17.04.2006	0.208	-99	-99	-99	-99	-99	-99	-99	-99	-99
18.04.2006	0.213	-99	-99	-99	-99	-99	-99	-99	-99	-99
19.04.2006	0.232	-99	-99	-99	-99	-99	-99	-99	-99	-99
20.04.2006	0.212	-99	-99	-99	-99	-99	-99	-99	-99	-99
21.04.2006	0.223	-99	-99	-99	-99	-99	-99	-99	-99	-99
22.04.2006	0.217	-99	-99	-99	-99	-99	-99	-99	-99	-99
23.04.2006	0.227	-99	-99	-99	-99	-99	-99	-99	-99	-99
24.04.2006	0.311	-99	-99	-99	-99	-99	-99	-99	-99	-99
25.04.2006	0.34	-99	-99	-99	-99	-99	-99	-99	-99	-99
26.04.2006	0.701	-99	-99	-99	-99	-99	-99	-99	-99	-99
27.04.2006	0.534	-99	-99	-99	-99	-99	-99	-99	-99	-99
28.04.2006	0.388	-99	-99	-99	-99	-99	-99	-99	-99	-99
29.04.2006	0.472	-99	-99	-99	-99	-99	-99	-99	-99	-99
30.04.2006	1.232	-99	-99	-99	-99	-99	-99	-99	-99	-99
01.05.2006	1.672	-99	-99	-99	-99	-99	-99	-99	-99	-99
02.05.2006	1.256	-99	-99	-99	-99	-99	-99	-99	-99	-99
03.05.2006	1.417	-99	-99	-99	-99	-99	-99	-99	-99	-99
04.05.2006	4.326	-99	-99	-99	-99	-99	-99	-99	-99	-99
05.05.2006	5.638	-99	-99	-99	-99	-99	-99	-99	-99	-99
06.05.2006	5.997	-99	-99	-99	-99	-99	-99	-99	-99	-99
07.05.2006	4.744	-99	-99	-99	-99	-99	-99	-99	-99	-99
08.05.2006	4.463	-99	-99	-99	-99	-99	-99	-99	-99	-99
09.05.2006	4.59	-99	-99	-99	-99	-99	-99	-99	-99	-99
10.05.2006	4.54	-99	-99	-99	-99	-99	-99	-99	-99	-99
11.05.2006	3.973	-99	-99	-99	-99	-99	-99	-99	-99	-99
12.05.2006	3.219	-99	-99	-99	-99	-99	-99	-99	-99	-99
13.05.2006	2.425	-99	-99	-99	-99	-99	-99	-99	-99	-99
14.05.2006	2.198	-99	-99	-99	-99	-99	-99	-99	-99	-99
15.05.2006	1.913	-99	-99	-99	-99	-99	-99	-99	-99	-99
16.05.2006	1.727	-99	-99	-99	-99	-99	-99	-99	-99	-99
17.05.2006	1.718	24.989	-99	-99	-99	-99	-99	-99	-99	-99
18.05.2006	1.974	22.811	-99	-99	-99	-99	-99	-99	-99	-99
19.05.2006	2.607	21.894	-99	-99	-99	-99	-99	-99	-99	-99
20.05.2006	3.329	22.468	-99	-99	-99	-99	-99	-99	-99	-99
21.05.2006	3.692	24.208	-99	-99	-99	-99	-99	-99	-99	-99
22.05.2006	3.346	25.717	-99	-99	-99	-99	-99	-99	-99	-99
23.05.2006	3.713	26.83	-99	-99	-99	-99	-99	-99	-99	-99
24.05.2006	2.949	28.429	-99	-99	-99	-99	-99	-99	-99	-99
25.05.2006	2.447	27.449	-99	-99	-99	-99	-99	-99	-99	-99
26.05.2006	2.265	25.937	-99	-99	-99	-99	-99	-99	-99	-99
27.05.2006	2.226	24.786	-99	-99	-99	-99	-99	-99	-99	-99
28.05.2006	2.263	22.663	-99	-99	-99	-99	-99	-99	-99	-99
29.05.2006	2.625	22.251	-99	-99	-99	-99	-99	-99	-99	-99
30.05.2006	2.608	22.26	-99	-99	-99	-99	-99	-99	-99	-99
31.05.2006	2.303	21.705	-99	-99	-99	-99	-99	-99	-99	-99
01.06.2006	1.958	20.612	-99	-99	-99	-99	-99	-99	-99	-99
02.06.2006	3.387	20.234	-99	-99	-99	-99	-99	-99	-99	-99
03.06.2006	4.198	24.698	-99	-99	-99	-99	-99	-99	-99	-99
04.06.2006	3.112	25.979	-99	-99	-99	-99	-99	-99	-99	-99
05.06.2006	2.658	25.605	-99	-99	-99	-99	-99	-99	-99	-99
06.06.2006	2.87	24.787	-99	-99	-99	-99	-99	-99	-99	-99
07.06.2006	3.489	25.437	-99	-99	-99	-99	-99	-99	-99	-99
08.06.2006	4.584	26.307	-99	-99	-99	-99	-99	-99	-99	-99
09.06.2006	5.431	29.117	-99	-99	-99	-99	-99	-99	-99	-99
10.06.2006	6.106	32.935	-99	-99	-99	-99	-99	-99	-99	-99
11.06.2006	7.166	38.872	-99	-99	-99	-99	-99	-99	-99	-99
12.06.2006	8.53	47.536	-99	-99	-99	-99	-99	-99	-99	-99
13.06.2006	11.736	66.774	-99	-99	-99	-99	-99	-99	-99	-99
14.06.2006	10.365	89.895	-99	-99	-99	-99	-99	-99	-99	-99
15.06.2006	6.948	84.385	-99	-99	-99	-99	-99	-99	-99	-99
16.06.2006	5.346	71.887	-99	-99	-99	-99	-99	-99	-99	-99
17.06.2006	5.869	65.505	-99	-99	-99	-99	-99	-99	-99	-99
18.06.2006	7.816	67.486	-99	-99	-99	-99	-99	-99	-99	-99
19.06.2006	8.982	75.916	-99	-99	-99	-99	-99	-99	-99	-99
20.06.2006	9.599	86.616	-99	-99	-99	-99	-99	-99	-99	-99
21.06.2006	8.32	89.72	-99	-99	-99	-99	-99	-99	-99	-99
22.06.2006	6.657	89.987	-99	-99	-99	-99	-99	-99	-99	-99
23.06.2006	5.811	82.412	-99	-99	-99	-99	-99	-99	-99	-99
24.06.2006	5.368	74.859	-99	-99	-99	-99	-99	-99	-99	-99
25.06.2006	5.167	68.302	-99	-99	-99	-99	-99	-99	-99	-99
26.06.2006	4.803	63.478	-99	-99	-99	-99	-99	-99	-99	-99
27.06.2006	4.667	59.916	-99	-99	-99	-99	-99	-99	-99	-99
28.06.2006	4.689	56.122	-99	-99	-99	-99	-99	-99	-99	-99
29.06.2006	4.315	54.657	-99	-99	-99	-99	-99	-99	-99	-99
30.06.2006	4.415	51.688	-99	-99	-99	-99	-99	-99	-99	-99
01.07.2006	4.738	52.27	-99	-99	-99	-99	-99	-99	-99	-99
02.07.2006	5.302	54.517	-99	-99	-99	-99	-99	-99	-99	-99
03.07.2006	5.619	59.578	-99	-99	-99	-99	-99	-99	-99	-99
04.07.2006	6.474	68.212	-99	-99	-99	-99	-99	-99	-99	-99
05.07.2006	5.866	72.726	-99	-99	-99	-99	-99	-99	-99	-99
06.07.2006	6.161	77.753	-99	-99	-99	-99	-99	-99	-99	-99
07.07.2006	6.225	84.367	-99	-99	-99	-99	-99	-99	-99	-99
08.07.2006	6.477	91.413	-99	-99	-99	-99	-99	-99	-99	-99
09.07.2006	4.999	88.895	-99	-99	-99	-99	-99	-99	-99	-99
10.07.2006	6.8	89.206	-99	-99	-99	-99	-99	-99	-99	-99
11.07.2006	4.904	89.389	-99	-99	-99	-99	-99	-99	-99	-99
12.07.2006	4.435	82.43	-99	-99	-99	-99	-99	-99	-99	-99
13.07.2006	5.473	80.713	-99	-99	-99	-99	-99	-99	-99	-99
14.07.2006	4.687	79.144	-99	-99	-99	-99	-99	-99	-99	-99
15.07.2006	3.316	69.136	-99	-99	-99	-99	-99	-99	-99	-99
16.07.2006	2.845	60.382	-99	-99	-99	-99	-99	-99	-99	-99
17.07.2006	4.173	56.772	-99	-99	-99	-99	-99	-99	-99	-99
18.07.2006	3.609	57.204	-99	-99	-99	-99	-99	-99	-99	-99
19.07.2006	3.516	54.304	-99	-99	-99	-99	-99	-99	-99	-99
20.07.2006	3.35	52.789	-99	-99	-99	-99	-99	-99	-99	-99
21.07.2006	3.389	53.523	-99	-99	-99	-99	-99	-99	-99	-99
22.07.2006	3.377	54.63	-99	-99	-99	-99	-99	-99	-99	-99
23.07.2006	3.34	55.475	-99	-99	-99	-99	-99	-99	-99	-99
24.07.2006	3.296	56.703	-99	-99	-99	-99	-99	-99	-99	-99
25.07.2006	3.232	57.391	-99	-99	-99	-99	-99	-99	-99	-99
26.07.2006	3.136	57.239	-99	-99	-99	-99	-99	-99	-99	-99
27.07.2006	3.175	57.933	-99	-99	-99	-99	-99	-99	-99	-99
28.07.2006	3.296	60.986	-99	-99	-99	-99	-99	-99	-99	-99
29.07.2006	3.169	60.728	-99	-99	-99	-99	-99	-99	-99	-99
30.07.2006	3.729	61.531	-99	-99	-99	-99	-99	-99	-99	-99
31.07.2006	3.304	64.526	-99	-99	-99	-99	-99	-99	-99	-99
01.08.2006	3.124	65.866	-99	-99	-99	-99	-99	-99	-99	-99
02.08.2006	2.828	63.711	-99	-99	-99	-99	-99	-99	-99	-99
03.08.2006	2.73	62.408	-99	-99	-99	-99	-99	-99	-99	-99
04.08.2006	2.536	60.594	-99	-99	-99	-99	-99	-99	-99	-99
05.08.2006	2.471	57.809	-99	-99	-99	-99	-99	-99	-99	-99
06.08.2006	2.53	57.182	-99	-99	-99	-99	-99	-99	-99	-99
07.08.2006	2.871	60.701	-99	-99	-99	-99	-99	-99	-99	-99
08.08.2006	2.37	58.48	-99	-99	-99	-99	-99	-99	-99	-99
09.08.2006	2.661	55.905	-99	-99	-99	-99	-99	-99	-99	-99
10.08.2006	2.995	56.882	-99	-99	-99	-99	-99	-99	-99	-99
11.08.2006	2.556	55.58	-99	-99	-99	-99	-99	-99	-99	-99
12.08.2006	2.379	53.752	-99	-99	-99	-99	-99	-99	-99	-99
13.08.2006	2.236	51.37	-99	-99	-99	-99	-99	-99	-99	-99
14.08.2006	2.425	50.284	-99	-99	-99	-99	-99	-99	-99	-99
15.08.2006	2.49	51.287	-99	-99	-99	-99	-99	-99	-99	-99
16.08.2006	2.442	51.138	-99	-99	-99	-99	-99	-99	-99	-99
17.08.2006	2.169	50.302	-99	-99	-99	-99	-99	-99	-99	-99
18.08.2006	2.316	48.284	-99	-99	-99	-99	-99	-99	-99	-99
19.08.2006	1.966	45.969	-99	-99	-99	-99	-99	-99	-99	-99
20.08.2006	1.992	45.755	-99	-99	-99	-99	-99	-99	-99	-99
21.08.2006	2.184	44.958	-99	-99	-99	-99	-99	-99	-99	-99
22.08.2006	2.12	45.142	-99	-99	-99	-99	-99	-99	-99	-99
23.08.2006	2.961	45.214	-99	-99	-99	-99	-99	-99	-99	-99
24.08.2006	2.113	45.723	-99	-99	-99	-99	-99	-99	-99	-99
25.08.2006	2.106	46.275	-99	-99	-99	-99	-99	-99	-99	-99
26.08.2006	2.432	47.822	-99	-99	-99	-99	-99	-99	-99	-99
27.08.2006	1.964	46.709	-99	-99	-99	-99	-99	-99	-99	-99
28.08.2006	2.632	45.877	-99	-99	-99	-99	-99	-99	-99	-99
29.08.2006	2.663	45.127	-99	-99	-99	-99	-99	-99	-99	-99
30.08.2006	1.825	43.458	-99	-99	-99	-99	-99	-99	-99	-99
31.08.2006	1.782	41.933	-99	-99	-99	-99	-99	-99	-99	-99
01.09.2006	1.556	39.795	-99	-99	-99	-99	-99	-99	-99	-99
02.09.2006	1.452	37.316	-99	-99	-99	-99	-99	-99	-99	-99
03.09.2006	1.68	36.279	-99	-99	-99	-99	-99	-99	-99	-99
04.09.2006	3.239	39.374	-99	-99	-99	-99	-99	-99	-99	-99
05.09.2006	5.718	52.435	-99	-99	-99	-99	-99	-99	-99	-99
06.09.2006	3.293	55.618	-99	-99	-99	-99	-99	-99	-99	-99
07.09.2006	2.756	50.668	-99	-99	-99	-99	-99	-99	-99	-99
08.09.2006	3.625	46.184	-99	-99	-99	-99	-99	-99	-99	-99
09.09.2006	4.506	47.714	-99	-99	-99	-99	-99	-99	-99	-99
10.09.2006	2.806	47.402	-99	-99	-99	-99	-99	-99	-99	-99
11.09.2006	2.238	43.598	-99	-99	-99	-99	-99	-99	-99	-99
12.09.2006	2.126	41.289	-99	-99	-99	-99	-99	-99	-99	-99
13.09.2006	2.387	42.938	-99	-99	-99	-99	-99	-99	-99	-99
14.09.2006	2.16	44.594	-99	-99	-99	-99	-99	-99	-99	-99
15.09.2006	1.998	44.742	-99	-99	-99	-99	-99	-99	-99	-99
16.09.2006	1.751	44.177	-99	-99	-99	-99	-99	-99	-99	-99
17.09.2006	1.515	41.283	-99	-99	-99	-99	-99	-99	-99	-99
18.09.2006	1.471	37.998	-99	-99	-99	-99	-99	-99	-99	-99
19.09.2006	1.656	36.855	-99	-99	-99	-99	-99	-99	-99	-99
20.09.2006	3.602	42.297	-99	-99	-99	-99	-99	-99	-99	-99
21.09.2006	4.138	50.787	-99	-99	-99	-99	-99	-99	-99	-99
22.09.2006	3.286	56.604	-99	-99	-99	-99	-99	-99	-99	-99
23.09.2006	2.59	55.696	-99	-99	-99	-99	-99	-99	-99	-99
24.09.2006	2.144	53.262	-99	-99	-99	-99	-99	-99	-99	-99
25.09.2006	2.109	48.981	-99	-99	-99	-99	-99	-99	-99	-99
26.09.2006	1.9	47.131	-99	-99	-99	-99	-99	-99	-99	-99
27.09.2006	1.949	45.774	-99	-99	-99	-99	-99	-99	-99	-99
28.09.2006	1.925	44.37	-99	-99	-99	-99	-99	-99	-99	-99
29.09.2006	1.993	43.35	-99	-99	-99	-99	-99	-99	-99	-99
30.09.2006	1.78	40.833	-99	-99	-99	-99	-99	-99	-99	-99
01.10.2006	1.838	39.966	-99	-99	-99	-99	-99	-99	-99	-99
02.10.2006	1.567	37.402	-99	-99	-99	-99	-99	-99	-99	-99
03.10.2006	1.561	34.191	-99	-99	-99	-99	-99	-99	-99	-99
04.10.2006	1.504	31.601	-99	-99	-99	-99	-99	-99	-99	-99
05.10.2006	1.312	29.931	-99	-99	-99	-99	-99	-99	-99	-99
06.10.2006	1.135	26.55	-99	-99	-99	-99	-99	-99	-99	-99
07.10.2006	1.815	24.931	-99	-99	-99	-99	-99	-99	-99	-99
08.10.2006	6.908	37.284	-99	-99	-99	-99	-99	-99	-99	-99
09.10.2006	3.853	44.984	-99	-99	-99	-99	-99	-99	-99	-99
10.10.2006	3.233	45.169	-99	-99	-99	-99	-99	-99	-99	-99
11.10.2006	2.239	41.481	-99	-99	-99	-99	-99	-99	-99	-99
12.10.2006	1.814	36.2	-99	-99	-99	-99	-99	-99	-99	-99
13.10.2006	1.583	31.705	-99	-99	-99	-99	-99	-99	-99	-99
14.10.2006	1.413	28.326	-99	-99	-99	-99	-99	-99	-99	-99
15.10.2006	1.209	25.235	-99	-99	-99	-99	-99	-99	-99	-99
16.10.2006	1.821	22.538	-99	-99	-99	-99	-99	-99	-99	-99
17.10.2006	0.983	20.271	-99	-99	-99	-99	-99	-99	-99	-99
18.10.2006	0.939	18.533	-99	-99	-99	-99	-99	-99	-99	-99
19.10.2006	0.828	16.825	-99	-99	-99	-99	-99	-99	-99	-99
20.10.2006	0.75	15.353	-99	-99	-99	-99	-99	-99	-99	-99
21.10.2006	0.739	14.115	-99	-99	-99	-99	-99	-99	-99	-99
22.10.2006	0.752	13.334	-99	-99	-99	-99	-99	-99	-99	-99
23.10.2006	0.709	12.655	-99	-99	-99	-99	-99	-99	-99	-99
24.10.2006	0.692	11.998	-99	-99	-99	-99	-99	-99	-99	-99
25.10.2006	0.683	11.347	-99	-99	-99	-99	-99	-99	-99	-99
26.10.2006	0.628	11.252	-99	-99	-99	-99	-99	-99	-99	-99
27.10.2006	0.714	10.543	-99	-99	-99	-99	-99	-99	-99	-99
28.10.2006	0.674	10.574	-99	-99	-99	-99	-99	-99	-99	-99
29.10.2006	0.621	9.89	-99	-99	-99	-99	-99	-99	-99	-99
30.10.2006	0.734	10.106	-99	-99	-99	-99	-99	-99	-99	-99
31.10.2006	0.67	10.676	-99	-99	-99	-99	-99	-99	-99	-99
01.11.2006	1.95	9.964	-99	-99	-99	-99	-99	-99	-99	-99
02.11.2006	0.812	9.706	-99	-99	-99	-99	-99	-99	-99	-99
03.11.2006	0.729	9.315	-99	-99	-99	-99	-99	-99	-99	-99
04.11.2006	0.749	9.876	-99	-99	-99	-99	-99	-99	-99	-99
05.11.2006	0.95	11.868	-99	-99	-99	-99	-99	-99	-99	-99
06.11.2006	2.419	18.348	-99	-99	-99	-99	-99	-99	-99	-99
07.11.2006	3.424	27.606	-99	-99	-99	-99	-99	-99	-99	-99
08.11.2006	2.168	32.138	-99	-99	-99	-99	-99	-99	-99	-99
09.11.2006	1.562	30.331	-99	-99	-99	-99	-99	-99	-99	-99
10.11.2006	1.342	27.447	-99	-99	-99	-99	-99	-99	-99	-99
11.11.2006	1.189	24.76	-99	-99	-99	-99	-99	-99	-99	-99
12.11.2006	1.59	23.692	-99	-99	-99	-99	-99	-99	-99	-99
13.11.2006	1.184	21.306	-99	-99	-99	-99	-99	-99	-99	-99
14.11.2006	0.984	19.726	-99	-99	-99	-99	-99	-99	-99	-99
15.11.2006	0.832	18.669	-99	-99	-99	-99	-99	-99	-99	-99
16.11.2006	1.149	17.475	-99	-99	-99	-99	-99	-99	-99	-99
17.11.2006	1.563	17.89	-99	-99	-99	-99	-99	-99	-99	-99
18.11.2006	1.312	18.372	-99	-99	-99	-99	-99	-99	-99	-99
19.11.2006	1.184	18.136	-99	-99	-99	-99	-99	-99	-99	-99
20.11.2006	0.872	17.22	-99	-99	-99	-99	-99	-99	-99	-99
21.11.2006	0.807	15.973	-99	-99	-99	-99	-99	-99	-99	-99
22.11.2006	0.667	14.741	-99	-99	-99	-99	-99	-99	-99	-99
23.11.2006	0.678	13.777	-99	-99	-99	-99	-99	-99	-99	-99
24.11.2006	0.671	12.503	-99	-99	-99	-99	-99	-99	-99	-99
25.11.2006	0.878	11.917	-99	-99	-99	-99	-99	-99	-99	-99
26.11.2006	2.17	13.779	-99	-99	-99	-99	-99	-99	-99	-99
27.11.2006	1.44	16.334	-99	-99	-99	-99	-99	-99	-99	-99
28.11.2006	1.58	16.639	-99	-99	-99	-99	-99	-99	-99	-99
29.11.2006	2.189	18.889	-99	-99	-99	-99	-99	-99	-99	-99
30.11.2006	1.992	22.775	-99	-99	-99	-99	-99	-99	-99	-99
01.12.2006	2.865	27.958	-99	-99	-99	-99	-99	-99	-99	-99
02.12.2006	1.94	28.869	-99	-99	-99	-99	-99	-99	-99	-99
03.12.2006	1.458	27.366	-99	-99	-99	-99	-99	-99	-99	-99
04.12.2006	1.274	24.897	-99	-99	-99	-99	-99	-99	-99	-99
05.12.2006	1.181	23.512	-99	-99	-99	-99	-99	-99	-99	-99
06.12.2006	1.486	22.788	-99	-99	-99	-99	-99	-99	-99	-99
07.12.2006	0.889	21.551	-99	-99	-99	-99	-99	-99	-99	-99
08.12.2006	0.879	19.565	-99	-99	-99	-99	-99	-99	-99	-99
09.12.2006	0.898	18.174	-99	-99	-99	-99	-99	-99	-99	-99
10.12.2006	0.675	17.857	-99	-99	-99	-99	-99	-99	-99	-99
11.12.2006	1.117	17.935	-99	-99	-99	-99	-99	-99	-99	-99
12.12.2006	1.152	20.904	-99	-99	-99	-99	-99	-99	-99	-99
13.12.2006	1.661	21.21	-99	-99	-99	-99	-99	-99	-99	-99
14.12.2006	1.104	21.659	-99	-99	-99	-99	-99	-99	-99	-99
15.12.2006	1.403	23.603	-99	-99	-99	-99	-99	-99	-99	-99
16.12.2006	1.647	24.418	-99	-99	-99	-99	-99	-99	-99	-99
17.12.2006	1.4	23.362	-99	-99	-99	-99	-99	-99	-99	-99
18.12.2006	1.219	21.164	-99	-99	-99	-99	-99	-99	-99	-99
19.12.2006	1.178	20.188	-99	-99	-99	-99	-99	-99	-99	-99
20.12.2006	1.387	21.563	-99	-99	-99	-99	-99	-99	-99	-99
21.12.2006	1.147	21.513	-99	-99	-99	-99	-99	-99	-99	-99
22.12.2006	1.104	20.888	-99	-99	-99	-99	-99	-99	-99	-99
23.12.2006	1.892	22.88	-99	-99	-99	-99	-99	-99	-99	-99
24.12.2006	3.497	30.36	-99	-99	-99	-99	-99	-99	-99	-99
25.12.2006	2.342	35.305	-99	-99	-99	-99	-99	-99	-99	-99
26.12.2006	1.652	34.1	-99	-99	-99	-99	-99	-99	-99	-99
27.12.2006	1.858	35.666	-99	-99	-99	-99	-99	-99	-99	-99
28.12.2006	1.489	35.286	-99	-99	-99	-99	-99	-99	-99	-99
29.12.2006	1.617	31.81	-99	-99	-99	-99	-99	-99	-99	-99
30.12.2006	1.523	28.184	-99	-99	-99	-99	-99	-99	-99	-99
31.12.2006	1.302	26.406	-99	-99	-99	-99	-99	-99	-99	-99
01.01.2007	0.891	24.36	-99	-99	-99	-99	-99	-99	-99	-99
02.01.2007	0.852	23.917	-99	-99	-99	-99	-99	-99	-99	-99
03.01.2007	0.853	21.662	-99	-99	-99	-99	-99	-99	-99	-99
04.01.2007	0.896	20.674	-99	-99	-99	-99	-99	-99	-99	-99
05.01.2007	0.869	20.232	-99	-99	-99	-99	-99	-99	-99	-99
06.01.2007	0.849	19.569	-99	-99	-99	-99	-99	-99	-99	-99
07.01.2007	0.753	18.532	-99	-99	-99	-99	-99	-99	-99	-99
08.01.2007	0.698	17.711	-99	-99	-99	-99	-99	-99	-99	-99
09.01.2007	0.69	17.278	-99	-99	-99	-99	-99	-99	-99	-99
10.01.2007	0.661	18.539	-99	-99	-99	-99	-99	-99	-99	-99
11.01.2007	0.67	17.742	-99	-99	-99	-99	-99	-99	-99	-99
12.01.2007	0.679	16.237	-99	-99	-99	-99	-99	-99	-99	-99
13.01.2007	0.688	15.937	-99	-99	-99	-99	-99	-99	-99	-99
14.01.2007	0.697	15.179	-99	-99	-99	-99	-99	-99	-99	-99
15.01.2007	0.706	14.923	-99	-99	-99	-99	-99	-99	-99	-99
16.01.2007	0.571	16.301	-99	-99	-99	-99	-99	-99	-99	-99
17.01.2007	1.743	16.37	-99	-99	-99	-99	-99	-99	-99	-99
18.01.2007	1.326	15.182	-99	-99	-99	-99	-99	-99	-99	-99
19.01.2007	1.574	14.17	-99	-99	-99	-99	-99	-99	-99	-99
20.01.2007	1.432	13.641	-99	-99	-99	-99	-99	-99	-99	-99
21.01.2007	1.339	12.18	-99	-99	-99	-99	-99	-99	-99	-99
22.01.2007	1.247	11.669	-99	-99	-99	-99	-99	-99	-99	-99
23.01.2007	1.154	10.451	-99	-99	-99	-99	-99	-99	-99	-99
24.01.2007	1.605	9.956	-99	-99	-99	-99	-99	-99	-99	-99
25.01.2007	0.996	9.191	-99	-99	-99	-99	-99	-99	-99	-99
26.01.2007	0.987	9.139	-99	-99	-99	-99	-99	-99	-99	-99
27.01.2007	1.885	9.184	-99	-99	-99	-99	-99	-99	-99	-99
28.01.2007	2.185	9.339	-99	-99	-99	-99	-99	-99	-99	-99
29.01.2007	2.538	9.151	-99	-99	-99	-99	-99	-99	-99	-99
30.01.2007	1.834	9.192	-99	-99	-99	-99	-99	-99	-99	-99
31.01.2007	1.423	9.555	-99	-99	-99	-99	-99	-99	-99	-99
01.02.2007	0.916	9.425	-99	-99	-99	-99	-99	-99	-99	-99
02.02.2007	0.929	10.111	-99	-99	-99	-99	-99	-99	-99	-99
03.02.2007	0.981	11.928	-99	-99	-99	-99	-99	-99	-99	-99
04.02.2007	1.28	14.722	-99	-99	-99	-99	-99	-99	-99	-99
05.02.2007	1.376	15.284	-99	-99	-99	-99	-99	-99	-99	-99
06.02.2007	1.291	14.92	-99	-99	-99	-99	-99	-99	-99	-99
07.02.2007	1.204	13.586	-99	-99	-99	-99	-99	-99	-99	-99
08.02.2007	1.114	12.468	-99	-99	-99	-99	-99	-99	-99	-99
09.02.2007	1.229	11.429	-99	-99	-99	-99	-99	-99	-99	-99
10.02.2007	0.928	10.547	-99	-99	-99	-99	-99	-99	-99	-99
11.02.2007	0.83	9.784	-99	-99	-99	-99	-99	-99	-99	-99
12.02.2007	0.728	9.245	-99	-99	-99	-99	-99	-99	-99	-99
13.02.2007	0.622	8.471	-99	-99	-99	-99	-99	-99	-99	-99
14.02.2007	0.511	8.134	-99	-99	-99	-99	-99	-99	-99	-99
15.02.2007	0.394	7.485	-99	-99	-99	-99	-99	-99	-99	-99
16.02.2007	0.269	7.127	-99	-99	-99	-99	-99	-99	-99	-99
17.02.2007	0.257	6.865	-99	-99	-99	-99	-99	-99	-99	-99
18.02.2007	0.277	6.946	-99	-99	-99	-99	-99	-99	-99	-99
19.02.2007	0.276	6.883	-99	-99	-99	-99	-99	-99	-99	-99
20.02.2007	0.266	6.878	-99	-99	-99	-99	-99	-99	-99	-99
21.02.2007	0.29	6.769	-99	-99	-99	-99	-99	-99	-99	-99
22.02.2007	0.261	6.111	-99	-99	-99	-99	-99	-99	-99	-99
23.02.2007	0.26	5.739	-99	-99	-99	-99	-99	-99	-99	-99
24.02.2007	0.25	5.252	-99	-99	-99	-99	-99	-99	-99	-99
25.02.2007	0.236	5.387	-99	-99	-99	-99	-99	-99	-99	-99
26.02.2007	0.223	4.618	-99	-99	-99	-99	-99	-99	-99	-99
27.02.2007	0.222	4.556	-99	-99	-99	-99	-99	-99	-99	-99
28.02.2007	0.231	4.506	-99	-99	-99	-99	-99	-99	-99	-99
01.03.2007	0.23	4.299	-99	-99	-99	-99	-99	-99	-99	-99
02.03.2007	0.236	4.257	-99	-99	-99	-99	-99	-99	-99	-99
03.03.2007	0.191	4.191	-99	-99	-99	-99	-99	-99	-99	-99
04.03.2007	0.181	4.154	-99	-99	-99	-99	-99	-99	-99	-99
05.03.2007	0.174	4.182	-99	-99	-99	-99	-99	-99	-99	-99
06.03.2007	0.166	4.98	-99	-99	-99	-99	-99	-99	-99	-99
07.03.2007	0.164	3.951	-99	-99	-99	-99	-99	-99	-99	-99
08.03.2007	0.161	4.53	-99	-99	-99	-99	-99	-99	-99	-99
09.03.2007	0.16	4.107	-99	-99	-99	-99	-99	-99	-99	-99
10.03.2007	0.167	4.58	-99	-99	-99	-99	-99	-99	-99	-99
11.03.2007	0.248	5.721	-99	-99	-99	-99	-99	-99	-99	-99
12.03.2007	0.731	7.478	-99	-99	-99	-99	-99	-99	-99	-99
13.03.2007	0.79	9.359	-99	-99	-99	-99	-99	-99	-99	-99
14.03.2007	0.658	11.469	-99	-99	-99	-99	-99	-99	-99	-99
15.03.2007	0.957	13.285	-99	-99	-99	-99	-99	-99	-99	-99
16.03.2007	1.835	16.312	-99	-99	-99	-99	-99	-99	-99	-99
17.03.2007	0.939	17.727	-99	-99	-99	-99	-99	-99	-99	-99
18.03.2007	0.898	17.448	-99	-99	-99	-99	-99	-99	-99	-99
19.03.2007	0.775	16.489	-99	-99	-99	-99	-99	-99	-99	-99
20.03.2007	0.815	16.565	-99	-99	-99	-99	-99	-99	-99	-99
21.03.2007	0.855	15.674	-99	-99	-99	-99	-99	-99	-99	-99
22.03.2007	0.651	14.506	-99	-99	-99	-99	-99	-99	-99	-99
23.03.2007	0.559	13.432	-99	-99	-99	-99	-99	-99	-99	-99
24.03.2007	0.495	12.461	-99	-99	-99	-99	-99	-99	-99	-99
25.03.2007	0.514	12.589	-99	-99	-99	-99	-99	-99	-99	-99
26.03.2007	0.536	12.731	-99	-99	-99	-99	-99	-99	-99	-99
27.03.2007	0.541	12.744	-99	-99	-99	-99	-99	-99	-99	-99
28.03.2007	0.558	12.78	-99	-99	-99	-99	-99	-99	-99	-99
29.03.2007	0.527	12.817	-99	-99	-99	-99	-99	-99	-99	-99
30.03.2007	0.466	12.698	-99	-99	-99	-99	-99	-99	-99	-99
31.03.2007	0.381	12.342	-99	-99	-99	-99	-99	-99	-99	-99
01.04.2007	0.374	11.904	-99	-99	-99	-99	-99	-99	-99	-99
02.04.2007	0.376	11.417	-99	-99	-99	-99	-99	-99	-99	-99
03.04.2007	0.353	11.772	-99	-99	-99	-99	-99	-99	-99	-99
04.04.2007	0.35	10.5	-99	-99	-99	-99	-99	-99	-99	-99
05.04.2007	0.434	10.441	-99	-99	-99	-99	-99	-99	-99	-99
06.04.2007	0.414	10.311	-99	-99	-99	-99	-99	-99	-99	-99
07.04.2007	0.413	10.803	-99	-99	-99	-99	-99	-99	-99	-99
08.04.2007	0.392	9.715	-99	-99	-99	-99	-99	-99	-99	-99
09.04.2007	0.415	9.168	-99	-99	-99	-99	-99	-99	-99	-99
10.04.2007	0.393	8.957	-99	-99	-99	-99	-99	-99	-99	-99
11.04.2007	0.53	9.685	-99	-99	-99	-99	-99	-99	-99	-99
12.04.2007	0.52	10.215	-99	-99	-99	-99	-99	-99	-99	-99
13.04.2007	0.561	10.616	-99	-99	-99	-99	-99	-99	-99	-99
14.04.2007	0.832	11.433	-99	-99	-99	-99	-99	-99	-99	-99
15.04.2007	1.327	12.895	-99	-99	-99	-99	-99	-99	-99	-99
16.04.2007	1.972	16.723	-99	-99	-99	-99	-99	-99	-99	-99
17.04.2007	1.587	20.933	-99	-99	-99	-99	-99	-99	-99	-99
18.04.2007	1.495	21.541	-99	-99	-99	-99	-99	-99	-99	-99
19.04.2007	0.879	21.18	-99	-99	-99	-99	-99	-99	-99	-99
20.04.2007	0.834	20.22	-99	-99	-99	-99	-99	-99	-99	-99
21.04.2007	0.822	18.868	-99	-99	-99	-99	-99	-99	-99	-99
22.04.2007	0.679	17.584	-99	-99	-99	-99	-99	-99	-99	-99
23.04.2007	1.602	18.895	-99	-99	-99	-99	-99	-99	-99	-99
24.04.2007	2.962	23.761	-99	-99	-99	-99	-99	-99	-99	-99
25.04.2007	4.793	33.674	-99	-99	-99	-99	-99	-99	-99	-99
26.04.2007	6.822	51.801	-99	-99	-99	-99	-99	-99	-99	-99
27.04.2007	4.347	62.493	-99	-99	-99	-99	-99	-99	-99	-99
28.04.2007	3.722	58.465	-99	-99	-99	-99	-99	-99	-99	-99
29.04.2007	2.801	52.925	-99	-99	-99	-99	-99	-99	-99	-99
30.04.2007	2.891	48.286	-99	-99	-99	-99	-99	-99	-99	-99
01.05.2007	3.115	45.415	-99	-99	-99	-99	-99	-99	-99	-99
02.05.2007	3.249	43.744	-99	-99	-99	-99	-99	-99	-99	-99
03.05.2007	3.445	42.758	-99	-99	-99	-99	-99	-99	-99	-99
04.05.2007	3.16	42.413	-99	-99	-99	-99	-99	-99	-99	-99
05.05.2007	2.85	40.631	-99	-99	-99	-99	-99	-99	-99	-99
06.05.2007	2.853	38.971	-99	-99	-99	-99	-99	-99	-99	-99
07.05.2007	2.614	37.519	-99	-99	-99	-99	-99	-99	-99	-99
08.05.2007	2.528	36.266	-99	-99	-99	-99	-99	-99	-99	-99
09.05.2007	2.279	34.252	-99	-99	-99	-99	-99	-99	-99	-99
10.05.2007	1.882	31.732	-99	-99	-99	-99	-99	-99	-99	-99
11.05.2007	1.737	28.772	-99	-99	-99	-99	-99	-99	-99	-99
12.05.2007	1.681	26.277	-99	-99	-99	-99	-99	-99	-99	-99
13.05.2007	1.774	24.322	-99	-99	-99	-99	-99	-99	-99	-99
14.05.2007	1.787	23.171	-99	-99	-99	-99	-99	-99	-99	-99
15.05.2007	1.604	22.201	-99	-99	-99	-99	-99	-99	-99	-99
16.05.2007	1.365	21.222	-99	-99	-99	-99	-99	-99	-99	-99
17.05.2007	1.335	20.326	-99	-99	-99	-99	-99	-99	-99	-99
18.05.2007	1.568	19.225	-99	-99	-99	-99	-99	-99	-99	-99
19.05.2007	2.57	19.69	-99	-99	-99	-99	-99	-99	-99	-99
20.05.2007	3.771	23.988	-99	-99	-99	-99	-99	-99	-99	-99
21.05.2007	3.166	28.456	-99	-99	-99	-99	-99	-99	-99	-99
22.05.2007	2.69	30.378	-99	-99	-99	-99	-99	-99	-99	-99
23.05.2007	2.35	30.662	-99	-99	-99	-99	-99	-99	-99	-99
24.05.2007	3.153	33.63	-99	-99	-99	-99	-99	-99	-99	-99
25.05.2007	2.841	36.416	-99	-99	-99	-99	-99	-99	-99	-99
26.05.2007	2.365	36.724	-99	-99	-99	-99	-99	-99	-99	-99
27.05.2007	2.139	34.747	-99	-99	-99	-99	-99	-99	-99	-99
28.05.2007	2.572	32.76	-99	-99	-99	-99	-99	-99	-99	-99
29.05.2007	7.303	34.285	-99	-99	-99	-99	-99	-99	-99	-99
30.05.2007	10.858	50.424	-99	-99	-99	-99	-99	-99	-99	-99
31.05.2007	12.268	77.433	-99	-99	-99	-99	-99	-99	-99	-99
01.06.2007	12.165	98.344	-99	-99	-99	-99	-99	-99	-99	-99
02.06.2007	9.953	105.873	-99	-99	-99	-99	-99	-99	-99	-99
03.06.2007	9.696	105.723	-99	-99	-99	-99	-99	-99	-99	-99
04.06.2007	11.986	103.869	-99	-99	-99	-99	-99	-99	-99	-99
05.06.2007	10.602	101.576	-99	-99	-99	-99	-99	-99	-99	-99
06.06.2007	11.664	106.911	-99	-99	-99	-99	-99	-99	-99	-99
07.06.2007	12.831	117.589	-99	-99	-99	-99	-99	-99	-99	-99
08.06.2007	12.915	127.449	-99	-99	-99	-99	-99	-99	-99	-99
09.06.2007	11.936	132.397	-99	-99	-99	-99	-99	-99	-99	-99
10.06.2007	12.182	133.905	-99	-99	-99	-99	-99	-99	-99	-99
11.06.2007	11.454	135.178	-99	-99	-99	-99	-99	-99	-99	-99
12.06.2007	9.91	129.802	-99	-99	-99	-99	-99	-99	-99	-99
13.06.2007	6.619	114.061	-99	-99	-99	-99	-99	-99	-99	-99
14.06.2007	5.327	95.574	-99	-99	-99	-99	-99	-99	-99	-99
15.06.2007	4.103	78.575	-99	-99	-99	-99	-99	-99	-99	-99
16.06.2007	4.981	65.573	-99	-99	-99	-99	-99	-99	-99	-99
17.06.2007	4.757	58.406	-99	-99	-99	-99	-99	-99	-99	-99
18.06.2007	6.142	55.399	-99	-99	-99	-99	-99	-99	-99	-99
19.06.2007	6.12	57.372	-99	-99	-99	-99	-99	-99	-99	-99
20.06.2007	6.246	58.513	-99	-99	-99	-99	-99	-99	-99	-99
21.06.2007	6.792	61.714	-99	-99	-99	-99	-99	-99	-99	-99
22.06.2007	8.281	67.28	-99	-99	-99	-99	-99	-99	-99	-99
23.06.2007	8.151	73.363	-99	-99	-99	-99	-99	-99	-99	-99
24.06.2007	8.607	79.458	-99	-99	-99	-99	-99	-99	-99	-99
25.06.2007	7.919	82.7	-99	-99	-99	-99	-99	-99	-99	-99
26.06.2007	7.642	83.142	-99	-99	-99	-99	-99	-99	-99	-99
27.06.2007	7.5	82.512	-99	-99	-99	-99	-99	-99	-99	-99
28.06.2007	6.902	81.296	-99	-99	-99	-99	-99	-99	-99	-99
29.06.2007	6.737	78.006	-99	-99	-99	-99	-99	-99	-99	-99
30.06.2007	6.246	73.39	-99	-99	-99	-99	-99	-99	-99	-99
01.07.2007	6.568	73.11	-99	-99	-99	-99	-99	-99	-99	-99
02.07.2007	6.994	76.945	-99	-99	-99	-99	-99	-99	-99	-99
03.07.2007	8.954	83.255	-99	-99	-99	-99	-99	-99	-99	-99
04.07.2007	10.774	93.595	-99	-99	-99	-99	-99	-99	-99	-99
05.07.2007	11.267	103.986	-99	-99	-99	-99	-99	-99	-99	-99
06.07.2007	11.795	111.397	-99	-99	-99	-99	-99	-99	-99	-99
07.07.2007	10.612	115.534	-99	-99	-99	-99	-99	-99	-99	-99
08.07.2007	8.515	111.749	-99	-99	-99	-99	-99	-99	-99	-99
09.07.2007	9.249	112.31	-99	-99	-99	-99	-99	-99	-99	-99
10.07.2007	7.197	110.563	-99	-99	-99	-99	-99	-99	-99	-99
11.07.2007	7.295	102.14	-99	-99	-99	-99	-99	-99	-99	-99
12.07.2007	6.735	97.899	-99	-99	-99	-99	-99	-99	-99	-99
13.07.2007	6.102	92.918	-99	-99	-99	-99	-99	-99	-99	-99
14.07.2007	5.614	85.173	-99	-99	-99	-99	-99	-99	-99	-99
15.07.2007	5.892	81.348	-99	-99	-99	-99	-99	-99	-99	-99
16.07.2007	5.698	79.431	-99	-99	-99	-99	-99	-99	-99	-99
17.07.2007	6.668	79.411	-99	-99	-99	-99	-99	-99	-99	-99
18.07.2007	10.787	98.389	-99	-99	-99	-99	-99	-99	-99	-99
19.07.2007	6.643	102.95	-99	-99	-99	-99	-99	-99	-99	-99
20.07.2007	5.333	90.519	-99	-99	-99	-99	-99	-99	-99	-99
21.07.2007	3.981	77.789	-99	-99	-99	-99	-99	-99	-99	-99
22.07.2007	3.758	68.766	-99	-99	-99	-99	-99	-99	-99	-99
23.07.2007	4.214	63.324	-99	-99	-99	-99	-99	-99	-99	-99
24.07.2007	4.297	60.486	-99	-99	-99	-99	-99	-99	-99	-99
25.07.2007	3.919	57.26	-99	-99	-99	-99	-99	-99	-99	-99
26.07.2007	3.994	55.597	-99	-99	-99	-99	-99	-99	-99	-99
27.07.2007	4.36	54.204	-99	-99	-99	-99	-99	-99	-99	-99
28.07.2007	4.479	56.359	-99	-99	-99	-99	-99	-99	-99	-99
29.07.2007	4.239	59.626	-99	-99	-99	-99	-99	-99	-99	-99
30.07.2007	5.355	60.856	-99	-99	-99	-99	-99	-99	-99	-99
31.07.2007	6.587	69.146	-99	-99	-99	-99	-99	-99	-99	-99
01.08.2007	5.306	72.799	-99	-99	-99	-99	-99	-99	-99	-99
02.08.2007	4.143	68.625	-99	-99	-99	-99	-99	-99	-99	-99
03.08.2007	3.636	63.84	-99	-99	-99	-99	-99	-99	-99	-99
04.08.2007	3.917	59.708	-99	-99	-99	-99	-99	-99	-99	-99
05.08.2007	4.312	62.191	-99	-99	-99	-99	-99	-99	-99	-99
06.08.2007	5.141	67.572	-99	-99	-99	-99	-99	-99	-99	-99
07.08.2007	6.192	78.59	-99	-99	-99	-99	-99	-99	-99	-99
08.08.2007	5.664	87.442	-99	-99	-99	-99	-99	-99	-99	-99
09.08.2007	4.873	88.576	-99	-99	-99	-99	-99	-99	-99	-99
10.08.2007	4.327	82.668	-99	-99	-99	-99	-99	-99	-99	-99
11.08.2007	4.193	79.909	-99	-99	-99	-99	-99	-99	-99	-99
12.08.2007	4.227	78.228	-99	-99	-99	-99	-99	-99	-99	-99
13.08.2007	4.429	78.622	-99	-99	-99	-99	-99	-99	-99	-99
14.08.2007	4.262	79.212	-99	-99	-99	-99	-99	-99	-99	-99
15.08.2007	5.453	78.411	-99	-99	-99	-99	-99	-99	-99	-99
16.08.2007	4.926	87.92	-99	-99	-99	-99	-99	-99	-99	-99
17.08.2007	4.433	83.146	-99	-99	-99	-99	-99	-99	-99	-99
18.08.2007	5.55	86.95	-99	-99	-99	-99	-99	-99	-99	-99
19.08.2007	4.327	81.38	-99	-99	-99	-99	-99	-99	-99	-99
20.08.2007	4.562	74.718	-99	-99	-99	-99	-99	-99	-99	-99
21.08.2007	3.532	69.21	-99	-99	-99	-99	-99	-99	-99	-99
22.08.2007	2.929	63.789	-99	-99	-99	-99	-99	-99	-99	-99
23.08.2007	2.646	58.309	-99	-99	-99	-99	-99	-99	-99	-99
24.08.2007	2.635	55.14	-99	-99	-99	-99	-99	-99	-99	-99
25.08.2007	2.904	52.949	-99	-99	-99	-99	-99	-99	-99	-99
26.08.2007	3.872	54.396	-99	-99	-99	-99	-99	-99	-99	-99
27.08.2007	4.535	58.225	-99	-99	-99	-99	-99	-99	-99	-99
28.08.2007	4.287	56.447	-99	-99	-99	-99	-99	-99	-99	-99
29.08.2007	3.669	51.852	-99	-99	-99	-99	-99	-99	-99	-99
30.08.2007	2.63	46.961	-99	-99	-99	-99	-99	-99	-99	-99
31.08.2007	2.39	41.563	-99	-99	-99	-99	-99	-99	-99	-99
01.09.2007	2.279	36.654	-99	-99	-99	-99	-99	-99	-99	-99
02.09.2007	3.583	37.212	-99	-99	-99	-99	-99	-99	-99	-99
03.09.2007	4.507	42.262	-99	-99	-99	-99	-99	-99	-99	-99
04.09.2007	3.739	45.849	-99	-99	-99	-99	-99	-99	-99	-99
05.09.2007	4.151	44.609	-99	-99	-99	-99	-99	-99	-99	-99
06.09.2007	4.716	45.31	-99	-99	-99	-99	-99	-99	-99	-99
07.09.2007	10.867	66.142	-99	-99	-99	-99	-99	-99	-99	-99
08.09.2007	12.221	107.959	-99	-99	-99	-99	-99	-99	-99	-99
09.09.2007	7.554	121.113	-99	-99	-99	-99	-99	-99	-99	-99
10.09.2007	6.413	110.693	-99	-99	-99	-99	-99	-99	-99	-99
11.09.2007	4.193	93.138	-99	-99	-99	-99	-99	-99	-99	-99
12.09.2007	4.724	80.924	-99	-99	-99	-99	-99	-99	-99	-99
13.09.2007	3.488	71.291	-99	-99	-99	-99	-99	-99	-99	-99
14.09.2007	2.761	61.339	-99	-99	-99	-99	-99	-99	-99	-99
15.09.2007	3.314	60.778	-99	-99	-99	-99	-99	-99	-99	-99
16.09.2007	3.77	57.827	-99	-99	-99	-99	-99	-99	-99	-99
17.09.2007	4.382	56.782	-99	-99	-99	-99	-99	-99	-99	-99
18.09.2007	2.614	52.131	-99	-99	-99	-99	-99	-99	-99	-99
19.09.2007	2.22	45.944	-99	-99	-99	-99	-99	-99	-99	-99
20.09.2007	2.263	40.758	-99	-99	-99	-99	-99	-99	-99	-99
21.09.2007	2.517	39.713	-99	-99	-99	-99	-99	-99	-99	-99
22.09.2007	2.689	42.741	-99	-99	-99	-99	-99	-99	-99	-99
23.09.2007	2.912	42.836	-99	-99	-99	-99	-99	-99	-99	-99
24.09.2007	8.313	52.513	-99	-99	-99	-99	-99	-99	-99	-99
25.09.2007	7.8	73.946	-99	-99	-99	-99	-99	-99	-99	-99
26.09.2007	5.197	75.713	-99	-99	-99	-99	-99	-99	-99	-99
27.09.2007	3.508	67.212	-99	-99	-99	-99	-99	-99	-99	-99
28.09.2007	2.464	56.668	-99	-99	-99	-99	-99	-99	-99	-99
29.09.2007	2.202	47.812	-99	-99	-99	-99	-99	-99	-99	-99
30.09.2007	1.958	40.37	-99	-99	-99	-99	-99	-99	-99	-99
01.10.2007	2.117	36.217	-99	-99	-99	-99	-99	-99	-99	-99
02.10.2007	1.881	32.917	-99	-99	-99	-99	-99	-99	-99	-99
03.10.2007	1.638	29.447	-99	-99	-99	-99	-99	-99	-99	-99
04.10.2007	1.442	26.342	-99	-99	-99	-99	-99	-99	-99	-99
05.10.2007	1.271	23.657	-99	-99	-99	-99	-99	-99	-99	-99
06.10.2007	1.127	21.36	-99	-99	-99	-99	-99	-99	-99	-99
07.10.2007	1.382	19.762	-99	-99	-99	-99	-99	-99	-99	-99
08.10.2007	1.601	20.194	-99	-99	-99	-99	-99	-99	-99	-99
09.10.2007	1.324	19.326	-99	-99	-99	-99	-99	-99	-99	-99
10.10.2007	1.18	17.963	-99	-99	-99	-99	-99	-99	-99	-99
11.10.2007	2.675	18.59	-99	-99	-99	-99	-99	-99	-99	-99
12.10.2007	3.314	26.943	-99	-99	-99	-99	-99	-99	-99	-99
13.10.2007	2.37	26.455	-99	-99	-99	-99	-99	-99	-99	-99
14.10.2007	3.489	26.38	-99	-99	-99	-99	-99	-99	-99	-99
15.10.2007	4.349	30.65	-99	-99	-99	-99	-99	-99	-99	-99
16.10.2007	4.299	35.136	-99	-99	-99	-99	-99	-99	-99	-99
17.10.2007	3.953	43.566	-99	-99	-99	-99	-99	-99	-99	-99
18.10.2007	2.587	43.222	-99	-99	-99	-99	-99	-99	-99	-99
19.10.2007	2.144	39.119	-99	-99	-99	-99	-99	-99	-99	-99
20.10.2007	2.321	34.783	-99	-99	-99	-99	-99	-99	-99	-99
21.10.2007	3.222	32.791	-99	-99	-99	-99	-99	-99	-99	-99
22.10.2007	2.475	32.755	-99	-99	-99	-99	-99	-99	-99	-99
23.10.2007	2.578	31.828	-99	-99	-99	-99	-99	-99	-99	-99
24.10.2007	1.759	28.477	-99	-99	-99	-99	-99	-99	-99	-99
25.10.2007	1.517	25.766	-99	-99	-99	-99	-99	-99	-99	-99
26.10.2007	1.321	23.673	-99	-99	-99	-99	-99	-99	-99	-99
27.10.2007	1.333	21.233	-99	-99	-99	-99	-99	-99	-99	-99
28.10.2007	5.661	27.284	-99	-99	-99	-99	-99	-99	-99	-99
29.10.2007	4.418	45.493	-99	-99	-99	-99	-99	-99	-99	-99
30.10.2007	2.749	45.548	-99	-99	-99	-99	-99	-99	-99	-99
31.10.2007	5.257	47.21	-99	-99	-99	-99	-99	-99	-99	-99
01.11.2007	6.125	72.852	-99	-99	-99	-99	-99	-99	-99	-99
02.11.2007	4.423	68.112	-99	-99	-99	-99	-99	-99	-99	-99
03.11.2007	5.867	78.703	-99	-99	-99	-99	-99	-99	-99	-99
04.11.2007	3.218	74.721	-99	-99	-99	-99	-99	-99	-99	-99
05.11.2007	2.35	62.403	-99	-99	-99	-99	-99	-99	-99	-99
06.11.2007	2.32	52.904	-99	-99	-99	-99	-99	-99	-99	-99
07.11.2007	1.894	46.138	-99	-99	-99	-99	-99	-99	-99	-99
08.11.2007	1.766	40.69	-99	-99	-99	-99	-99	-99	-99	-99
09.11.2007	1.724	36.43	-99	-99	-99	-99	-99	-99	-99	-99
10.11.2007	2.567	32.961	-99	-99	-99	-99	-99	-99	-99	-99
11.11.2007	1.881	29.844	-99	-99	-99	-99	-99	-99	-99	-99
12.11.2007	1.685	27.606	-99	-99	-99	-99	-99	-99	-99	-99
13.11.2007	1.295	24.789	-99	-99	-99	-99	-99	-99	-99	-99
14.11.2007	1.211	22.113	-99	-99	-99	-99	-99	-99	-99	-99
15.11.2007	0.951	19.904	-99	-99	-99	-99	-99	-99	-99	-99
16.11.2007	0.895	18.426	-99	-99	-99	-99	-99	-99	-99	-99
17.11.2007	0.888	17.465	-99	-99	-99	-99	-99	-99	-99	-99
18.11.2007	0.768	16.826	-99	-99	-99	-99	-99	-99	-99	-99
19.11.2007	0.646	16.336	-99	-99	-99	-99	-99	-99	-99	-99
20.11.2007	0.529	15.435	-99	-99	-99	-99	-99	-99	-99	-99
21.11.2007	0.515	14.41	-99	-99	-99	-99	-99	-99	-99	-99
22.11.2007	0.485	13.792	-99	-99	-99	-99	-99	-99	-99	-99
23.11.2007	0.497	13.153	-99	-99	-99	-99	-99	-99	-99	-99
24.11.2007	0.54	12.385	-99	-99	-99	-99	-99	-99	-99	-99
25.11.2007	0.474	11.827	-99	-99	-99	-99	-99	-99	-99	-99
26.11.2007	1.148	11.443	-99	-99	-99	-99	-99	-99	-99	-99
27.11.2007	1.423	11.285	-99	-99	-99	-99	-99	-99	-99	-99
28.11.2007	0.755	11.126	-99	-99	-99	-99	-99	-99	-99	-99
29.11.2007	0.648	11.128	-99	-99	-99	-99	-99	-99	-99	-99
30.11.2007	0.575	10.94	-99	-99	-99	-99	-99	-99	-99	-99
01.12.2007	0.462	10.619	-99	-99	-99	-99	-99	-99	-99	-99
02.12.2007	0.544	10.511	-99	-99	-99	-99	-99	-99	-99	-99
03.12.2007	0.558	9.981	-99	-99	-99	-99	-99	-99	-99	-99
04.12.2007	0.571	9.501	-99	-99	-99	-99	-99	-99	-99	-99
05.12.2007	0.584	10.194	-99	-99	-99	-99	-99	-99	-99	-99
06.12.2007	1.102	13.628	-99	-99	-99	-99	-99	-99	-99	-99
07.12.2007	0.743	15.642	-99	-99	-99	-99	-99	-99	-99	-99
08.12.2007	0.594	15.533	-99	-99	-99	-99	-99	-99	-99	-99
09.12.2007	0.559	14.708	-99	-99	-99	-99	-99	-99	-99	-99
10.12.2007	0.523	13.649	-99	-99	-99	-99	-99	-99	-99	-99
11.12.2007	0.487	12.633	-99	-99	-99	-99	-99	-99	-99	-99
12.12.2007	0.45	11.73	-99	-99	-99	-99	-99	-99	-99	-99
13.12.2007	0.412	10.889	-99	-99	-99	-99	-99	-99	-99	-99
14.12.2007	0.374	10.114	-99	-99	-99	-99	-99	-99	-99	-99
15.12.2007	0.335	9.404	-99	-99	-99	-99	-99	-99	-99	-99
16.12.2007	0.295	8.839	-99	-99	-99	-99	-99	-99	-99	-99
17.12.2007	0.287	8.247	-99	-99	-99	-99	-99	-99	-99	-99
18.12.2007	0.279	7.665	-99	-99	-99	-99	-99	-99	-99	-99
19.12.2007	0.272	7.205	-99	-99	-99	-99	-99	-99	-99	-99
20.12.2007	0.264	6.83	-99	-99	-99	-99	-99	-99	-99	-99
21.12.2007	0.256	6.459	-99	-99	-99	-99	-99	-99	-99	-99
22.12.2007	0.225	6.131	-99	-99	-99	-99	-99	-99	-99	-99
23.12.2007	0.235	5.839	-99	-99	-99	-99	-99	-99	-99	-99
24.12.2007	0.176	5.658	-99	-99	-99	-99	-99	-99	-99	-99
25.12.2007	0.207	5.995	-99	-99	-99	-99	-99	-99	-99	-99
26.12.2007	0.214	5.748	-99	-99	-99	-99	-99	-99	-99	-99
27.12.2007	0.43	6.391	-99	-99	-99	-99	-99	-99	-99	-99
28.12.2007	0.49	8.872	-99	-99	-99	-99	-99	-99	-99	-99
29.12.2007	0.562	9.494	-99	-99	-99	-99	-99	-99	-99	-99
30.12.2007	0.537	9.973	-99	-99	-99	-99	-99	-99	-99	-99
31.12.2007	0.604	10.484	-99	-99	-99	-99	-99	-99	-99	-99
01.01.2008	0.581	9.605	-99	-99	-99	-99	-99	-99	-99	-99
02.01.2008	0.559	8.773	-99	-99	-99	-99	-99	-99	-99	-99
03.01.2008	0.536	8.541	-99	-99	-99	-99	-99	-99	-99	-99
04.01.2008	0.513	8.221	-99	-99	-99	-99	-99	-99	-99	-99
05.01.2008	0.49	7.501	-99	-99	-99	-99	-99	-99	-99	-99
06.01.2008	0.466	6.545	-99	-99	-99	-99	-99	-99	-99	-99
07.01.2008	0.274	6.296	-99	-99	-99	-99	-99	-99	-99	-99
08.01.2008	0.248	5.732	-99	-99	-99	-99	-99	-99	-99	-99
09.01.2008	0.23	5.583	-99	-99	-99	-99	-99	-99	-99	-99
10.01.2008	0.23	5.434	-99	-99	-99	-99	-99	-99	-99	-99
11.01.2008	0.239	5.435	-99	-99	-99	-99	-99	-99	-99	-99
12.01.2008	0.23	5.281	-99	-99	-99	-99	-99	-99	-99	-99
13.01.2008	0.227	5.257	-99	-99	-99	-99	-99	-99	-99	-99
14.01.2008	0.23	5.241	-99	-99	-99	-99	-99	-99	-99	-99
15.01.2008	0.225	5.311	-99	-99	-99	-99	-99	-99	-99	-99
16.01.2008	0.219	5.643	-99	-99	-99	-99	-99	-99	-99	-99
17.01.2008	0.27	5.52	-99	-99	-99	-99	-99	-99	-99	-99
18.01.2008	0.268	5.378	-99	-99	-99	-99	-99	-99	-99	-99
19.01.2008	0.278	5.391	-99	-99	-99	-99	-99	-99	-99	-99
20.01.2008	0.365	6.21	-99	-99	-99	-99	-99	-99	-99	-99
21.01.2008	0.508	6.453	-99	-99	-99	-99	-99	-99	-99	-99
22.01.2008	0.528	6.306	-99	-99	-99	-99	-99	-99	-99	-99
23.01.2008	0.438	6.459	-99	-99	-99	-99	-99	-99	-99	-99
24.01.2008	0.49	6.641	-99	-99	-99	-99	-99	-99	-99	-99
25.01.2008	1.504	7.74	-99	-99	-99	-99	-99	-99	-99	-99
26.01.2008	1.966	9.224	-99	-99	-99	-99	-99	-99	-99	-99
27.01.2008	1.9	9.479	-99	-99	-99	-99	-99	-99	-99	-99
28.01.2008	1.695	9.557	-99	-99	-99	-99	-99	-99	-99	-99
29.01.2008	5.616	14.318	-99	-99	-99	-99	-99	-99	-99	-99
30.01.2008	4.647	16.99	-99	-99	-99	-99	-99	-99	-99	-99
31.01.2008	2.407	16.948	-99	-99	-99	-99	-99	-99	-99	-99
01.02.2008	1.703	15.764	-99	-99	-99	-99	-99	-99	-99	-99
02.02.2008	1.567	14.757	-99	-99	-99	-99	-99	-99	-99	-99
03.02.2008	1.332	13.902	-99	-99	-99	-99	-99	-99	-99	-99
04.02.2008	1.811	12.928	-99	-99	-99	-99	-99	-99	-99	-99
05.02.2008	0.601	11.767	-99	-99	-99	-99	-99	-99	-99	-99
06.02.2008	0.509	10.874	-99	-99	-99	-99	-99	-99	-99	-99
07.02.2008	0.478	10.33	-99	-99	-99	-99	-99	-99	-99	-99
08.02.2008	0.46	9.66	-99	-99	-99	-99	-99	-99	-99	-99
09.02.2008	0.489	9.889	-99	-99	-99	-99	-99	-99	-99	-99
10.02.2008	0.461	10.248	-99	-99	-99	-99	-99	-99	-99	-99
11.02.2008	0.401	10.297	-99	-99	-99	-99	-99	-99	-99	-99
12.02.2008	0.337	9.993	-99	-99	-99	-99	-99	-99	-99	-99
13.02.2008	0.319	9.625	-99	-99	-99	-99	-99	-99	-99	-99
14.02.2008	0.308	9.209	-99	-99	-99	-99	-99	-99	-99	-99
15.02.2008	0.354	8.705	-99	-99	-99	-99	-99	-99	-99	-99
16.02.2008	0.4	8.211	-99	-99	-99	-99	-99	-99	-99	-99
17.02.2008	0.444	11.832	-99	-99	-99	-99	-99	-99	-99	-99
18.02.2008	0.558	15.87	-99	-99	-99	-99	-99	-99	-99	-99
19.02.2008	0.608	18.263	-99	-99	-99	-99	-99	-99	-99	-99
20.02.2008	0.592	18.534	-99	-99	-99	-99	-99	-99	-99	-99
21.02.2008	0.583	17.694	-99	-99	-99	-99	-99	-99	-99	-99
22.02.2008	0.798	20.975	-99	-99	-99	-99	-99	-99	-99	-99
23.02.2008	0.907	22.234	-99	-99	-99	-99	-99	-99	-99	-99
24.02.2008	0.934	22.428	-99	-99	-99	-99	-99	-99	-99	-99
25.02.2008	0.97	22.949	-99	-99	-99	-99	-99	-99	-99	-99
26.02.2008	0.919	21.526	-99	-99	-99	-99	-99	-99	-99	-99
27.02.2008	0.819	19.943	-99	-99	-99	-99	-99	-99	-99	-99
28.02.2008	0.786	19.717	-99	-99	-99	-99	-99	-99	-99	-99
29.02.2008	0.829	18.217	-99	-99	-99	-99	-99	-99	-99	-99
01.03.2008	0.775	16.666	-99	-99	-99	-99	-99	-99	-99	-99
02.03.2008	0.709	15.48	-99	-99	-99	-99	-99	-99	-99	-99
03.03.2008	0.679	14.397	-99	-99	-99	-99	-99	-99	-99	-99
04.03.2008	0.657	13.738	-99	-99	-99	-99	-99	-99	-99	-99
05.03.2008	0.635	12.611	-99	-99	-99	-99	-99	-99	-99	-99
06.03.2008	0.613	12.21	-99	-99	-99	-99	-99	-99	-99	-99
07.03.2008	0.59	11.387	-99	-99	-99	-99	-99	-99	-99	-99
08.03.2008	0.567	10.536	-99	-99	-99	-99	-99	-99	-99	-99
09.03.2008	0.508	10.12	-99	-99	-99	-99	-99	-99	-99	-99
10.03.2008	0.455	9.88	-99	-99	-99	-99	-99	-99	-99	-99
11.03.2008	0.396	9.605	-99	-99	-99	-99	-99	-99	-99	-99
12.03.2008	0.354	9.464	-99	-99	-99	-99	-99	-99	-99	-99
13.03.2008	0.312	9.24	-99	-99	-99	-99	-99	-99	-99	-99
14.03.2008	0.287	9.677	-99	-99	-99	-99	-99	-99	-99	-99
15.03.2008	0.269	8.736	-99	-99	-99	-99	-99	-99	-99	-99
16.03.2008	0.251	8.24	-99	-99	-99	-99	-99	-99	-99	-99
17.03.2008	0.335	8.449	-99	-99	-99	-99	-99	-99	-99	-99
18.03.2008	0.424	7.922	-99	-99	-99	-99	-99	-99	-99	-99
19.03.2008	0.374	7.614	-99	-99	-99	-99	-99	-99	-99	-99
20.03.2008	0.358	7.361	-99	-99	-99	-99	-99	-99	-99	-99
21.03.2008	0.336	7.432	-99	-99	-99	-99	-99	-99	-99	-99
22.03.2008	0.315	6.417	-99	-99	-99	-99	-99	-99	-99	-99
23.03.2008	0.292	6.376	-99	-99	-99	-99	-99	-99	-99	-99
24.03.2008	0.27	5.735	-99	-99	-99	-99	-99	-99	-99	-99
25.03.2008	0.247	5.472	-99	-99	-99	-99	-99	-99	-99	-99
26.03.2008	0.224	5.12	-99	-99	-99	-99	-99	-99	-99	-99
27.03.2008	0.191	4.867	-99	-99	-99	-99	-99	-99	-99	-99
28.03.2008	0.177	4.647	-99	-99	-99	-99	-99	-99	-99	-99
29.03.2008	0.163	4.491	-99	-99	-99	-99	-99	-99	-99	-99
30.03.2008	0.161	4.502	-99	-99	-99	-99	-99	-99	-99	-99
31.03.2008	0.159	4.309	-99	-99	-99	-99	-99	-99	-99	-99
01.04.2008	0.152	4.624	-99	-99	-99	-99	-99	-99	-99	-99
02.04.2008	0.148	4.681	-99	-99	-99	-99	-99	-99	-99	-99
03.04.2008	0.155	4.924	-99	-99	-99	-99	-99	-99	-99	-99
04.04.2008	0.184	5.528	-99	-99	-99	-99	-99	-99	-99	-99
05.04.2008	0.243	6.449	-99	-99	-99	-99	-99	-99	-99	-99
06.04.2008	0.266	6.944	-99	-99	-99	-99	-99	-99	-99	-99
07.04.2008	0.205	6.924	-99	-99	-99	-99	-99	-99	-99	-99
08.04.2008	0.193	6.667	-99	-99	-99	-99	-99	-99	-99	-99
09.04.2008	0.182	6.551	-99	-99	-99	-99	-99	-99	-99	-99
10.04.2008	0.178	6.51	-99	-99	-99	-99	-99	-99	-99	-99
11.04.2008	0.174	6.429	-99	-99	-99	-99	-99	-99	-99	-99
12.04.2008	0.168	6.301	-99	-99	-99	-99	-99	-99	-99	-99
13.04.2008	0.157	6.282	-99	-99	-99	-99	-99	-99	-99	-99
14.04.2008	0.155	6.546	-99	-99	-99	-99	-99	-99	-99	-99
15.04.2008	0.159	6.134	-99	-99	-99	-99	-99	-99	-99	-99
16.04.2008	0.157	5.878	-99	-99	-99	-99	-99	-99	-99	-99
17.04.2008	0.171	5.763	-99	-99	-99	-99	-99	-99	-99	-99
18.04.2008	0.199	5.7	-99	-99	-99	-99	-99	-99	-99	-99
19.04.2008	0.255	5.734	-99	-99	-99	-99	-99	-99	-99	-99
20.04.2008	0.352	5.877	-99	-99	-99	-99	-99	-99	-99	-99
21.04.2008	0.439	6.187	-99	-99	-99	-99	-99	-99	-99	-99
22.04.2008	0.497	6.599	-99	-99	-99	-99	-99	-99	-99	-99
23.04.2008	0.638	7.113	-99	-99	-99	-99	-99	-99	-99	-99
24.04.2008	0.737	7.846	-99	-99	-99	-99	-99	-99	-99	-99
25.04.2008	0.683	8.614	-99	-99	-99	-99	-99	-99	-99	-99
26.04.2008	0.628	9.45	-99	-99	-99	-99	-99	-99	-99	-99
27.04.2008	1.422	11.228	-99	-99	-99	-99	-99	-99	-99	-99
28.04.2008	2.167	14.459	-99	-99	-99	-99	-99	-99	-99	-99
29.04.2008	5.856	24.788	-99	-99	-99	-99	-99	-99	-99	-99
30.04.2008	5.77	38.913	-99	-99	-99	-99	-99	-99	-99	-99
01.05.2008	5.927	49.971	-99	-99	-99	-99	-99	-99	-99	-99
02.05.2008	5.174	56.355	-99	-99	-99	-99	-99	-99	-99	-99
03.05.2008	3.939	57.674	-99	-99	-99	-99	-99	-99	-99	-99
04.05.2008	3.199	54.557	-99	-99	-99	-99	-99	-99	-99	-99
05.05.2008	3.248	50.273	-99	-99	-99	-99	-99	-99	-99	-99
06.05.2008	3.676	47.238	-99	-99	-99	-99	-99	-99	-99	-99
07.05.2008	4.827	47.268	-99	-99	-99	-99	-99	-99	-99	-99
08.05.2008	4.38	47.854	-99	-99	-99	-99	-99	-99	-99	-99
09.05.2008	5.188	50.494	-99	-99	-99	-99	-99	-99	-99	-99
10.05.2008	5.583	53.673	-99	-99	-99	-99	-99	-99	-99	-99
11.05.2008	7.941	61.586	-99	-99	-99	-99	-99	-99	-99	-99
12.05.2008	6.334	67.674	-99	-99	-99	-99	-99	-99	-99	-99
13.05.2008	4.731	63.222	-99	-99	-99	-99	-99	-99	-99	-99
14.05.2008	4.356	57.234	-99	-99	-99	-99	-99	-99	-99	-99
15.05.2008	4.729	53.138	-99	-99	-99	-99	-99	-99	-99	-99
16.05.2008	3.944	51.994	-99	-99	-99	-99	-99	-99	-99	-99
17.05.2008	2.977	47.172	-99	-99	-99	-99	-99	-99	-99	-99
18.05.2008	2.525	41.596	-99	-99	-99	-99	-99	-99	-99	-99
19.05.2008	2.256	36.487	-99	-99	-99	-99	-99	-99	-99	-99
20.05.2008	2.848	32.597	-99	-99	-99	-99	-99	-99	-99	-99
21.05.2008	1.998	29.346	-99	-99	-99	-99	-99	-99	-99	-99
22.05.2008	2.314	26.866	-99	-99	-99	-99	-99	-99	-99	-99
23.05.2008	2.273	25.251	-99	-99	-99	-99	-99	-99	-99	-99
24.05.2008	2.772	24.71	-99	-99	-99	-99	-99	-99	-99	-99
25.05.2008	3.375	25.253	-99	-99	-99	-99	-99	-99	-99	-99
26.05.2008	3.33	26.18	-99	-99	-99	-99	-99	-99	-99	-99
27.05.2008	3.243	26.941	-99	-99	-99	-99	-99	-99	-99	-99
28.05.2008	3.996	28.259	-99	-99	-99	-99	-99	-99	-99	-99
29.05.2008	5.165	31.656	-99	-99	-99	-99	-99	-99	-99	-99
30.05.2008	6.663	38.608	-99	-99	-99	-99	-99	-99	-99	-99
31.05.2008	9.825	52.909	-99	-99	-99	-99	-99	-99	-99	-99
01.06.2008	9.878	74.12	-99	-99	-99	-99	-99	-99	-99	-99
02.06.2008	11.424	89.126	-99	-99	-99	-99	-99	-99	-99	-99
03.06.2008	12.464	106.567	-99	-99	-99	-99	-99	-99	-99	-99
04.06.2008	12.57	123.977	-99	-99	-99	-99	-99	-99	-99	-99
05.06.2008	12.176	131.504	-99	-99	-99	-99	-99	-99	-99	-99
06.06.2008	11.481	128.941	-99	-99	-99	-99	-99	-99	-99	-99
07.06.2008	11.696	125.724	-99	-99	-99	-99	-99	-99	-99	-99
08.06.2008	11.435	125.889	-99	-99	-99	-99	-99	-99	-99	-99
09.06.2008	11.111	123.964	-99	-99	-99	-99	-99	-99	-99	-99
10.06.2008	11.599	129.801	-99	-99	-99	-99	-99	-99	-99	-99
11.06.2008	10.26	132.062	-99	-99	-99	-99	-99	-99	-99	-99
12.06.2008	6.819	113.849	-99	-99	-99	-99	-99	-99	-99	-99
13.06.2008	5.493	94.462	-99	-99	-99	-99	-99	-99	-99	-99
14.06.2008	5.12	78.64	-99	-99	-99	-99	-99	-99	-99	-99
15.06.2008	4.923	67.874	-99	-99	-99	-99	-99	-99	-99	-99
16.06.2008	4.798	60.255	-99	-99	-99	-99	-99	-99	-99	-99
17.06.2008	4.484	55.485	-99	-99	-99	-99	-99	-99	-99	-99
18.06.2008	4.717	51.576	-99	-99	-99	-99	-99	-99	-99	-99
19.06.2008	5.358	50.796	-99	-99	-99	-99	-99	-99	-99	-99
20.06.2008	6.215	52.232	-99	-99	-99	-99	-99	-99	-99	-99
21.06.2008	6.641	56.585	-99	-99	-99	-99	-99	-99	-99	-99
22.06.2008	5.946	61.264	-99	-99	-99	-99	-99	-99	-99	-99
23.06.2008	6.5	59.187	-99	-99	-99	-99	-99	-99	-99	-99
24.06.2008	5.591	57.209	-99	-99	-99	-99	-99	-99	-99	-99
25.06.2008	4.341	53.278	-99	-99	-99	-99	-99	-99	-99	-99
26.06.2008	3.924	47.79	-99	-99	-99	-99	-99	-99	-99	-99
27.06.2008	4.413	44.245	-99	-99	-99	-99	-99	-99	-99	-99
28.06.2008	4.444	43.383	-99	-99	-99	-99	-99	-99	-99	-99
29.06.2008	4.943	43.382	-99	-99	-99	-99	-99	-99	-99	-99
30.06.2008	6.178	45.241	-99	-99	-99	-99	-99	-99	-99	-99
01.07.2008	6.39	49.535	-99	-99	-99	-99	-99	-99	-99	-99
02.07.2008	7.808	51.793	-99	-99	-99	-99	-99	-99	-99	-99
03.07.2008	9.397	60.169	-99	-99	-99	-99	-99	-99	-99	-99
04.07.2008	10.745	74.88	-99	-99	-99	-99	-99	-99	-99	-99
05.07.2008	10.747	87.699	-99	-99	-99	-99	-99	-99	-99	-99
06.07.2008	9.272	94.252	-99	-99	-99	-99	-99	-99	-99	-99
07.07.2008	7.968	91.402	-99	-99	-99	-99	-99	-99	-99	-99
08.07.2008	6.401	84.217	-99	-99	-99	-99	-99	-99	-99	-99
09.07.2008	5.588	75.736	-99	-99	-99	-99	-99	-99	-99	-99
10.07.2008	5.403	69.666	-99	-99	-99	-99	-99	-99	-99	-99
11.07.2008	5.536	65.107	-99	-99	-99	-99	-99	-99	-99	-99
12.07.2008	5.926	63.159	-99	-99	-99	-99	-99	-99	-99	-99
13.07.2008	6.142	62.809	-99	-99	-99	-99	-99	-99	-99	-99
14.07.2008	6.381	64.506	-99	-99	-99	-99	-99	-99	-99	-99
15.07.2008	8.887	67.866	-99	-99	-99	-99	-99	-99	-99	-99
16.07.2008	8.899	80.914	-99	-99	-99	-99	-99	-99	-99	-99
17.07.2008	7.412	84.459	-99	-99	-99	-99	-99	-99	-99	-99
18.07.2008	5.917	80.555	-99	-99	-99	-99	-99	-99	-99	-99
19.07.2008	4.744	71.529	-99	-99	-99	-99	-99	-99	-99	-99
20.07.2008	5.454	64.292	-99	-99	-99	-99	-99	-99	-99	-99
21.07.2008	5.698	63.536	-99	-99	-99	-99	-99	-99	-99	-99
22.07.2008	4.97	61.329	-99	-99	-99	-99	-99	-99	-99	-99
23.07.2008	5.204	58.818	-99	-99	-99	-99	-99	-99	-99	-99
24.07.2008	5.725	59.536	-99	-99	-99	-99	-99	-99	-99	-99
25.07.2008	6.353	65.523	-99	-99	-99	-99	-99	-99	-99	-99
26.07.2008	6.589	71.944	-99	-99	-99	-99	-99	-99	-99	-99
27.07.2008	6.543	78.341	-99	-99	-99	-99	-99	-99	-99	-99
28.07.2008	6.181	80.635	-99	-99	-99	-99	-99	-99	-99	-99
29.07.2008	6.248	81.52	-99	-99	-99	-99	-99	-99	-99	-99
30.07.2008	5.829	81.78	-99	-99	-99	-99	-99	-99	-99	-99
31.07.2008	5.538	81.241	-99	-99	-99	-99	-99	-99	-99	-99
01.08.2008	5.304	79.8	-99	-99	-99	-99	-99	-99	-99	-99
02.08.2008	5.229	78.458	-99	-99	-99	-99	-99	-99	-99	-99
03.08.2008	5.207	79.892	-99	-99	-99	-99	-99	-99	-99	-99
04.08.2008	5.792	78.634	-99	-99	-99	-99	-99	-99	-99	-99
05.08.2008	4.745	73.969	-99	-99	-99	-99	-99	-99	-99	-99
06.08.2008	3.991	68.467	-99	-99	-99	-99	-99	-99	-99	-99
07.08.2008	3.405	63.693	-99	-99	-99	-99	-99	-99	-99	-99
08.08.2008	3.313	58.944	-99	-99	-99	-99	-99	-99	-99	-99
09.08.2008	3.305	55.354	-99	-99	-99	-99	-99	-99	-99	-99
10.08.2008	2.727	52.592	-99	-99	-99	-99	-99	-99	-99	-99
11.08.2008	2.65	48.43	-99	-99	-99	-99	-99	-99	-99	-99
12.08.2008	2.873	47.788	-99	-99	-99	-99	-99	-99	-99	-99
13.08.2008	2.633	46.697	-99	-99	-99	-99	-99	-99	-99	-99
14.08.2008	3.694	46.36	-99	-99	-99	-99	-99	-99	-99	-99
15.08.2008	3.47	48.716	-99	-99	-99	-99	-99	-99	-99	-99
16.08.2008	2.687	47.923	-99	-99	-99	-99	-99	-99	-99	-99
17.08.2008	2.371	45.098	-99	-99	-99	-99	-99	-99	-99	-99
18.08.2008	2.147	41.73	-99	-99	-99	-99	-99	-99	-99	-99
19.08.2008	2.43	38.831	-99	-99	-99	-99	-99	-99	-99	-99
20.08.2008	1.92	36.521	-99	-99	-99	-99	-99	-99	-99	-99
21.08.2008	1.849	34.41	-99	-99	-99	-99	-99	-99	-99	-99
22.08.2008	1.803	32.647	-99	-99	-99	-99	-99	-99	-99	-99
23.08.2008	1.69	31.679	-99	-99	-99	-99	-99	-99	-99	-99
24.08.2008	1.644	29.82	-99	-99	-99	-99	-99	-99	-99	-99
25.08.2008	1.742	29.848	-99	-99	-99	-99	-99	-99	-99	-99
26.08.2008	2.645	31.819	-99	-99	-99	-99	-99	-99	-99	-99
27.08.2008	1.852	33.119	-99	-99	-99	-99	-99	-99	-99	-99
28.08.2008	2.293	34.26	-99	-99	-99	-99	-99	-99	-99	-99
29.08.2008	2.122	34.712	-99	-99	-99	-99	-99	-99	-99	-99
30.08.2008	2.192	33.398	-99	-99	-99	-99	-99	-99	-99	-99
31.08.2008	2.538	34.471	-99	-99	-99	-99	-99	-99	-99	-99
01.09.2008	2.528	36.746	-99	-99	-99	-99	-99	-99	-99	-99
02.09.2008	2.349	38.534	-99	-99	-99	-99	-99	-99	-99	-99
03.09.2008	4.72	44.67	-99	-99	-99	-99	-99	-99	-99	-99
04.09.2008	3.857	50.666	-99	-99	-99	-99	-99	-99	-99	-99
05.09.2008	3.644	48.378	-99	-99	-99	-99	-99	-99	-99	-99
06.09.2008	2.548	44.55	-99	-99	-99	-99	-99	-99	-99	-99
07.09.2008	2.698	39.873	-99	-99	-99	-99	-99	-99	-99	-99
08.09.2008	1.795	35.654	-99	-99	-99	-99	-99	-99	-99	-99
09.09.2008	1.635	32.567	-99	-99	-99	-99	-99	-99	-99	-99
10.09.2008	1.513	30.644	-99	-99	-99	-99	-99	-99	-99	-99
11.09.2008	1.506	28.762	-99	-99	-99	-99	-99	-99	-99	-99
12.09.2008	1.433	27.994	-99	-99	-99	-99	-99	-99	-99	-99
13.09.2008	1.235	27.389	-99	-99	-99	-99	-99	-99	-99	-99
14.09.2008	1.773	25.56	-99	-99	-99	-99	-99	-99	-99	-99
15.09.2008	0.936	23.824	-99	-99	-99	-99	-99	-99	-99	-99
16.09.2008	0.817	21.951	-99	-99	-99	-99	-99	-99	-99	-99
17.09.2008	0.724	20.217	-99	-99	-99	-99	-99	-99	-99	-99
18.09.2008	0.653	18.662	-99	-99	-99	-99	-99	-99	-99	-99
19.09.2008	0.808	17.774	-99	-99	-99	-99	-99	-99	-99	-99
20.09.2008	0.859	17.29	-99	-99	-99	-99	-99	-99	-99	-99
21.09.2008	0.736	16.615	-99	-99	-99	-99	-99	-99	-99	-99
22.09.2008	0.931	16.469	-99	-99	-99	-99	-99	-99	-99	-99
23.09.2008	0.929	16.628	-99	-99	-99	-99	-99	-99	-99	-99
24.09.2008	0.816	16.231	-99	-99	-99	-99	-99	-99	-99	-99
25.09.2008	0.749	15.669	-99	-99	-99	-99	-99	-99	-99	-99
26.09.2008	0.828	15.301	-99	-99	-99	-99	-99	-99	-99	-99
27.09.2008	1.979	15.625	-99	-99	-99	-99	-99	-99	-99	-99
28.09.2008	2.496	20.486	-99	-99	-99	-99	-99	-99	-99	-99
29.09.2008	2.184	21.772	-99	-99	-99	-99	-99	-99	-99	-99
30.09.2008	1.774	21.586	-99	-99	-99	-99	-99	-99	-99	-99
01.10.2008	1.468	20.567	-99	-99	-99	-99	-99	-99	-99	-99
02.10.2008	1.265	19.218	-99	-99	-99	-99	-99	-99	-99	-99
03.10.2008	1.12	17.873	-99	-99	-99	-99	-99	-99	-99	-99
04.10.2008	1.385	16.755	-99	-99	-99	-99	-99	-99	-99	-99
05.10.2008	0.999	15.727	-99	-99	-99	-99	-99	-99	-99	-99
06.10.2008	1.253	16.8	-99	-99	-99	-99	-99	-99	-99	-99
07.10.2008	1.215	17.184	-99	-99	-99	-99	-99	-99	-99	-99
08.10.2008	2.642	17.782	-99	-99	-99	-99	-99	-99	-99	-99
09.10.2008	3.939	22.507	-99	-99	-99	-99	-99	-99	-99	-99
10.10.2008	3.139	25.196	-99	-99	-99	-99	-99	-99	-99	-99
11.10.2008	6.645	33.875	-99	-99	-99	-99	-99	-99	-99	-99
12.10.2008	6.27	45.38	-99	-99	-99	-99	-99	-99	-99	-99
13.10.2008	5.343	51.898	-99	-99	-99	-99	-99	-99	-99	-99
14.10.2008	4.656	57.259	-99	-99	-99	-99	-99	-99	-99	-99
15.10.2008	3.152	56.103	-99	-99	-99	-99	-99	-99	-99	-99
16.10.2008	2.289	48.994	-99	-99	-99	-99	-99	-99	-99	-99
17.10.2008	1.898	41.92	-99	-99	-99	-99	-99	-99	-99	-99
18.10.2008	1.665	36.506	-99	-99	-99	-99	-99	-99	-99	-99
19.10.2008	1.651	32.177	-99	-99	-99	-99	-99	-99	-99	-99
20.10.2008	3.224	30.911	-99	-99	-99	-99	-99	-99	-99	-99
21.10.2008	3.356	39.991	-99	-99	-99	-99	-99	-99	-99	-99
22.10.2008	2.315	41.408	-99	-99	-99	-99	-99	-99	-99	-99
23.10.2008	2.135	38.438	-99	-99	-99	-99	-99	-99	-99	-99
24.10.2008	3.155	39.919	-99	-99	-99	-99	-99	-99	-99	-99
25.10.2008	2.554	43.923	-99	-99	-99	-99	-99	-99	-99	-99
26.10.2008	3.447	47.579	-99	-99	-99	-99	-99	-99	-99	-99
27.10.2008	2.133	45.961	-99	-99	-99	-99	-99	-99	-99	-99
28.10.2008	1.766	40.649	-99	-99	-99	-99	-99	-99	-99	-99
29.10.2008	1.441	35.376	-99	-99	-99	-99	-99	-99	-99	-99
30.10.2008	1.297	30.242	-99	-99	-99	-99	-99	-99	-99	-99
31.10.2008	1.146	26.149	-99	-99	-99	-99	-99	-99	-99	-99
01.11.2008	0.988	22.954	-99	-99	-99	-99	-99	-99	-99	-99
02.11.2008	0.821	20.471	-99	-99	-99	-99	-99	-99	-99	-99
03.11.2008	0.818	18.856	-99	-99	-99	-99	-99	-99	-99	-99
04.11.2008	0.845	17.565	-99	-99	-99	-99	-99	-99	-99	-99
05.11.2008	0.725	16.402	-99	-99	-99	-99	-99	-99	-99	-99
06.11.2008	0.616	15.145	-99	-99	-99	-99	-99	-99	-99	-99
07.11.2008	0.643	14.308	-99	-99	-99	-99	-99	-99	-99	-99
08.11.2008	0.573	13.265	-99	-99	-99	-99	-99	-99	-99	-99
09.11.2008	0.626	12.681	-99	-99	-99	-99	-99	-99	-99	-99
10.11.2008	0.593	12.167	-99	-99	-99	-99	-99	-99	-99	-99
11.11.2008	0.504	11.657	-99	-99	-99	-99	-99	-99	-99	-99
12.11.2008	0.446	10.98	-99	-99	-99	-99	-99	-99	-99	-99
13.11.2008	0.392	10.368	-99	-99	-99	-99	-99	-99	-99	-99
14.11.2008	0.391	10.967	-99	-99	-99	-99	-99	-99	-99	-99
15.11.2008	1.633	12.632	-99	-99	-99	-99	-99	-99	-99	-99
16.11.2008	1.361	17.832	-99	-99	-99	-99	-99	-99	-99	-99
17.11.2008	1.816	18.662	-99	-99	-99	-99	-99	-99	-99	-99
18.11.2008	0.984	17.419	-99	-99	-99	-99	-99	-99	-99	-99
19.11.2008	1.858	17.41	-99	-99	-99	-99	-99	-99	-99	-99
20.11.2008	1.196	18.421	-99	-99	-99	-99	-99	-99	-99	-99
21.11.2008	1.133	17.696	-99	-99	-99	-99	-99	-99	-99	-99
22.11.2008	1.697	17.462	-99	-99	-99	-99	-99	-99	-99	-99
23.11.2008	1.453	16.328	-99	-99	-99	-99	-99	-99	-99	-99
24.11.2008	0.937	14.922	-99	-99	-99	-99	-99	-99	-99	-99
25.11.2008	0.869	13.833	-99	-99	-99	-99	-99	-99	-99	-99
26.11.2008	0.739	13.984	-99	-99	-99	-99	-99	-99	-99	-99
27.11.2008	2.102	22.389	-99	-99	-99	-99	-99	-99	-99	-99
28.11.2008	1.814	29.261	-99	-99	-99	-99	-99	-99	-99	-99
29.11.2008	1.42	27.874	-99	-99	-99	-99	-99	-99	-99	-99
30.11.2008	1.692	24.971	-99	-99	-99	-99	-99	-99	-99	-99
01.12.2008	0.936	22.561	-99	-99	-99	-99	-99	-99	-99	-99
02.12.2008	0.874	20.101	-99	-99	-99	-99	-99	-99	-99	-99
03.12.2008	0.811	17.905	-99	-99	-99	-99	-99	-99	-99	-99
04.12.2008	0.746	16.199	-99	-99	-99	-99	-99	-99	-99	-99
05.12.2008	0.679	14.661	-99	-99	-99	-99	-99	-99	-99	-99
06.12.2008	0.61	12.97	-99	-99	-99	-99	-99	-99	-99	-99
07.12.2008	0.54	11.818	-99	-99	-99	-99	-99	-99	-99	-99
08.12.2008	0.466	11.194	-99	-99	-99	-99	-99	-99	-99	-99
09.12.2008	0.391	10.737	-99	-99	-99	-99	-99	-99	-99	-99
10.12.2008	0.373	10.307	-99	-99	-99	-99	-99	-99	-99	-99
11.12.2008	0.355	9.204	-99	-99	-99	-99	-99	-99	-99	-99
12.12.2008	0.337	8.6	-99	-99	-99	-99	-99	-99	-99	-99
13.12.2008	0.319	8.902	-99	-99	-99	-99	-99	-99	-99	-99
14.12.2008	0.3	7.647	-99	-99	-99	-99	-99	-99	-99	-99
15.12.2008	0.282	7.171	-99	-99	-99	-99	-99	-99	-99	-99
16.12.2008	0.256	6.695	-99	-99	-99	-99	-99	-99	-99	-99
17.12.2008	0.247	7.173	-99	-99	-99	-99	-99	-99	-99	-99
18.12.2008	0.335	8.305	-99	-99	-99	-99	-99	-99	-99	-99
19.12.2008	0.439	10.282	-99	-99	-99	-99	-99	-99	-99	-99
20.12.2008	0.388	10.397	-99	-99	-99	-99	-99	-99	-99	-99
21.12.2008	0.455	10.625	-99	-99	-99	-99	-99	-99	-99	-99
22.12.2008	0.435	11.885	-99	-99	-99	-99	-99	-99	-99	-99
23.12.2008	0.58	12.342	-99	-99	-99	-99	-99	-99	-99	-99
24.12.2008	0.641	12.243	-99	-99	-99	-99	-99	-99	-99	-99
25.12.2008	0.656	11.548	-99	-99	-99	-99	-99	-99	-99	-99
26.12.2008	0.656	10.914	-99	-99	-99	-99	-99	-99	-99	-99
27.12.2008	0.638	10.284	-99	-99	-99	-99	-99	-99	-99	-99
28.12.2008	0.55	9.653	-99	-99	-99	-99	-99	-99	-99	-99
29.12.2008	0.458	9.594	-99	-99	-99	-99	-99	-99	-99	-99
30.12.2008	0.361	8.529	-99	-99	-99	-99	-99	-99	-99	-99
31.12.2008	0.331	7.989	-99	-99	-99	-99	-99	-99	-99	-99
01.01.2009	0.339	7.595	-99	-99	-99	-99	-99	-99	-99	-99
02.01.2009	0.35	7.113	-99	-99	-99	-99	-99	-99	-99	-99
03.01.2009	0.364	6.974	-99	-99	-99	-99	-99	-99	-99	-99
04.01.2009	0.468	6.679	-99	-99	-99	-99	-99	-99	-99	-99
05.01.2009	0.566	6.206	-99	-99	-99	-99	-99	-99	-99	-99
06.01.2009	0.659	6.1	-99	-99	-99	-99	-99	-99	-99	-99
07.01.2009	0.75	6.154	-99	-99	-99	-99	-99	-99	-99	-99
08.01.2009	0.837	6.22	-99	-99	-99	-99	-99	-99	-99	-99
09.01.2009	0.921	8.174	-99	-99	-99	-99	-99	-99	-99	-99
10.01.2009	1.402	9.199	-99	-99	-99	-99	-99	-99	-99	-99
11.01.2009	0.53	10.256	-99	-99	-99	-99	-99	-99	-99	-99
12.01.2009	2.564	18.703	-99	-99	-99	-99	-99	-99	-99	-99
13.01.2009	2.718	26.48	-99	-99	-99	-99	-99	-99	-99	-99
14.01.2009	1.822	26.613	-99	-99	-99	-99	-99	-99	-99	-99
15.01.2009	1.557	24.232	-99	-99	-99	-99	-99	-99	-99	-99
16.01.2009	1.275	21.616	-99	-99	-99	-99	-99	-99	-99	-99
17.01.2009	1.125	19.491	-99	-99	-99	-99	-99	-99	-99	-99
18.01.2009	0.967	17.472	-99	-99	-99	-99	-99	-99	-99	-99
19.01.2009	0.801	15.268	-99	-99	-99	-99	-99	-99	-99	-99
20.01.2009	0.624	13.597	-99	-99	-99	-99	-99	-99	-99	-99
21.01.2009	0.432	12.118	-99	-99	-99	-99	-99	-99	-99	-99
22.01.2009	0.428	11.275	-99	-99	-99	-99	-99	-99	-99	-99
23.01.2009	0.439	10.547	-99	-99	-99	-99	-99	-99	-99	-99
24.01.2009	0.348	9.398	-99	-99	-99	-99	-99	-99	-99	-99
25.01.2009	0.326	8.559	-99	-99	-99	-99	-99	-99	-99	-99
26.01.2009	0.305	7.947	-99	-99	-99	-99	-99	-99	-99	-99
27.01.2009	0.283	7.321	-99	-99	-99	-99	-99	-99	-99	-99
28.01.2009	0.261	6.948	-99	-99	-99	-99	-99	-99	-99	-99
29.01.2009	0.238	6.62	-99	-99	-99	-99	-99	-99	-99	-99
30.01.2009	0.224	6.227	-99	-99	-99	-99	-99	-99	-99	-99
31.01.2009	0.209	5.888	-99	-99	-99	-99	-99	-99	-99	-99
01.02.2009	0.198	5.581	-99	-99	-99	-99	-99	-99	-99	-99
02.02.2009	0.193	5.308	-99	-99	-99	-99	-99	-99	-99	-99
03.02.2009	0.189	5.323	-99	-99	-99	-99	-99	-99	-99	-99
04.02.2009	0.185	4.809	-99	-99	-99	-99	-99	-99	-99	-99
05.02.2009	0.181	4.634	-99	-99	-99	-99	-99	-99	-99	-99
06.02.2009	0.177	4.428	-99	-99	-99	-99	-99	-99	-99	-99
07.02.2009	0.173	4.22	-99	-99	-99	-99	-99	-99	-99	-99
08.02.2009	0.168	4.199	-99	-99	-99	-99	-99	-99	-99	-99
09.02.2009	0.164	4.744	-99	-99	-99	-99	-99	-99	-99	-99
10.02.2009	0.16	3.927	-99	-99	-99	-99	-99	-99	-99	-99
11.02.2009	0.156	3.765	-99	-99	-99	-99	-99	-99	-99	-99
12.02.2009	0.151	3.658	-99	-99	-99	-99	-99	-99	-99	-99
13.02.2009	0.154	3.573	-99	-99	-99	-99	-99	-99	-99	-99
14.02.2009	0.151	3.478	-99	-99	-99	-99	-99	-99	-99	-99
15.02.2009	0.147	3.418	-99	-99	-99	-99	-99	-99	-99	-99
16.02.2009	0.146	3.353	-99	-99	-99	-99	-99	-99	-99	-99
17.02.2009	0.146	3.26	-99	-99	-99	-99	-99	-99	-99	-99
18.02.2009	0.157	3.19	-99	-99	-99	-99	-99	-99	-99	-99
19.02.2009	0.151	3.166	-99	-99	-99	-99	-99	-99	-99	-99
20.02.2009	0.162	3.199	-99	-99	-99	-99	-99	-99	-99	-99
21.02.2009	0.177	3.467	-99	-99	-99	-99	-99	-99	-99	-99
22.02.2009	0.22	4.244	-99	-99	-99	-99	-99	-99	-99	-99
23.02.2009	0.257	4.628	-99	-99	-99	-99	-99	-99	-99	-99
24.02.2009	0.258	4.801	-99	-99	-99	-99	-99	-99	-99	-99
25.02.2009	0.258	4.888	-99	-99	-99	-99	-99	-99	-99	-99
26.02.2009	0.273	4.947	-99	-99	-99	-99	-99	-99	-99	-99
27.02.2009	0.283	4.834	-99	-99	-99	-99	-99	-99	-99	-99
28.02.2009	0.267	4.713	-99	-99	-99	-99	-99	-99	-99	-99
01.03.2009	0.257	4.63	-99	-99	-99	-99	-99	-99	-99	-99
02.03.2009	0.248	4.52	-99	-99	-99	-99	-99	-99	-99	-99
03.03.2009	0.231	4.455	-99	-99	-99	-99	-99	-99	-99	-99
04.03.2009	0.216	4.558	-99	-99	-99	-99	-99	-99	-99	-99
05.03.2009	0.197	4.414	-99	-99	-99	-99	-99	-99	-99	-99
06.03.2009	0.183	4.305	-99	-99	-99	-99	-99	-99	-99	-99
07.03.2009	0.176	4.193	-99	-99	-99	-99	-99	-99	-99	-99
08.03.2009	0.165	4.197	-99	-99	-99	-99	-99	-99	-99	-99
09.03.2009	0.163	3.937	-99	-99	-99	-99	-99	-99	-99	-99
10.03.2009	0.151	3.864	-99	-99	-99	-99	-99	-99	-99	-99
11.03.2009	0.14	3.817	-99	-99	-99	-99	-99	-99	-99	-99
12.03.2009	0.138	3.707	-99	-99	-99	-99	-99	-99	-99	-99
13.03.2009	0.139	3.709	-99	-99	-99	-99	-99	-99	-99	-99
14.03.2009	0.153	3.793	-99	-99	-99	-99	-99	-99	-99	-99
15.03.2009	0.155	3.698	-99	-99	-99	-99	-99	-99	-99	-99
16.03.2009	0.159	3.947	-99	-99	-99	-99	-99	-99	-99	-99
17.03.2009	0.207	4.391	-99	-99	-99	-99	-99	-99	-99	-99
18.03.2009	0.25	4.857	-99	-99	-99	-99	-99	-99	-99	-99
19.03.2009	0.25	5.429	-99	-99	-99	-99	-99	-99	-99	-99
20.03.2009	0.232	5.259	-99	-99	-99	-99	-99	-99	-99	-99
21.03.2009	0.215	4.934	-99	-99	-99	-99	-99	-99	-99	-99
22.03.2009	0.207	4.924	-99	-99	-99	-99	-99	-99	-99	-99
23.03.2009	0.22	5.163	-99	-99	-99	-99	-99	-99	-99	-99
24.03.2009	0.219	5.739	-99	-99	-99	-99	-99	-99	-99	-99
25.03.2009	0.203	4.92	-99	-99	-99	-99	-99	-99	-99	-99
26.03.2009	0.187	4.793	-99	-99	-99	-99	-99	-99	-99	-99
27.03.2009	0.169	4.718	-99	-99	-99	-99	-99	-99	-99	-99
28.03.2009	0.159	4.311	-99	-99	-99	-99	-99	-99	-99	-99
29.03.2009	0.147	4.132	-99	-99	-99	-99	-99	-99	-99	-99
30.03.2009	0.132	4.103	-99	-99	-99	-99	-99	-99	-99	-99
31.03.2009	0.106	4.759	-99	-99	-99	-99	-99	-99	-99	-99
01.04.2009	0.399	5.259	-99	-99	-99	-99	-99	-99	-99	-99
02.04.2009	0.38	5.522	-99	-99	-99	-99	-99	-99	-99	-99
03.04.2009	0.348	5.295	-99	-99	-99	-99	-99	-99	-99	-99
04.04.2009	0.403	5.718	-99	-99	-99	-99	-99	-99	-99	-99
05.04.2009	0.49	6.316	-99	-99	-99	-99	-99	-99	-99	-99
06.04.2009	0.425	7.131	-99	-99	-99	-99	-99	-99	-99	-99
07.04.2009	0.364	7.567	-99	-99	-99	-99	-99	-99	-99	-99
08.04.2009	0.451	7.921	-99	-99	-99	-99	-99	-99	-99	-99
09.04.2009	0.409	8.658	-99	-99	-99	-99	-99	-99	-99	-99
10.04.2009	0.556	9.623	-99	-99	-99	-99	-99	-99	-99	-99
11.04.2009	1.824	12.46	-99	-99	-99	-99	-99	-99	-99	-99
12.04.2009	2.528	18.758	-99	-99	-99	-99	-99	-99	-99	-99
13.04.2009	1.72	21.849	-99	-99	-99	-99	-99	-99	-99	-99
14.04.2009	1.254	21.931	-99	-99	-99	-99	-99	-99	-99	-99
15.04.2009	1.222	21.225	-99	-99	-99	-99	-99	-99	-99	-99
16.04.2009	1.213	20.77	-99	-99	-99	-99	-99	-99	-99	-99
17.04.2009	1.201	20.556	-99	-99	-99	-99	-99	-99	-99	-99
18.04.2009	1.63	19.936	-99	-99	-99	-99	-99	-99	-99	-99
19.04.2009	1.132	19.18	-99	-99	-99	-99	-99	-99	-99	-99
20.04.2009	1.138	18.652	-99	-99	-99	-99	-99	-99	-99	-99
21.04.2009	1.962	17.98	-99	-99	-99	-99	-99	-99	-99	-99
22.04.2009	1.291	17.648	-99	-99	-99	-99	-99	-99	-99	-99
23.04.2009	1.32	17.447	-99	-99	-99	-99	-99	-99	-99	-99
24.04.2009	1.545	17.65	-99	-99	-99	-99	-99	-99	-99	-99
25.04.2009	1.821	18.576	-99	-99	-99	-99	-99	-99	-99	-99
26.04.2009	1.95	19.625	-99	-99	-99	-99	-99	-99	-99	-99
27.04.2009	2.178	21.211	-99	-99	-99	-99	-99	-99	-99	-99
28.04.2009	2.414	23.114	-99	-99	-99	-99	-99	-99	-99	-99
29.04.2009	2.901	24.586	-99	-99	-99	-99	-99	-99	-99	-99
30.04.2009	5.483	29.691	-99	-99	-99	-99	-99	-99	-99	-99
01.05.2009	6.59	37.482	-99	-99	-99	-99	-99	-99	-99	-99
02.05.2009	6.377	47.272	-99	-99	-99	-99	-99	-99	-99	-99
03.05.2009	4.269	51.462	-99	-99	-99	-99	-99	-99	-99	-99
04.05.2009	3.178	48.182	-99	-99	-99	-99	-99	-99	-99	-99
05.05.2009	2.672	43.924	-99	-99	-99	-99	-99	-99	-99	-99
06.05.2009	2.292	40.666	-99	-99	-99	-99	-99	-99	-99	-99
07.05.2009	2.609	35.673	-99	-99	-99	-99	-99	-99	-99	-99
08.05.2009	1.91	32.13	-99	-99	-99	-99	-99	-99	-99	-99
09.05.2009	1.894	29.704	-99	-99	-99	-99	-99	-99	-99	-99
10.05.2009	1.785	27.414	-99	-99	-99	-99	-99	-99	-99	-99
11.05.2009	1.658	25.207	-99	-99	-99	-99	-99	-99	-99	-99
12.05.2009	1.639	23.751	-99	-99	-99	-99	-99	-99	-99	-99
13.05.2009	1.891	21.608	-99	-99	-99	-99	-99	-99	-99	-99
14.05.2009	2.299	20.78	-99	-99	-99	-99	-99	-99	-99	-99
15.05.2009	2.541	20.858	-99	-99	-99	-99	-99	-99	-99	-99
16.05.2009	3.306	21.545	-99	-99	-99	-99	-99	-99	-99	-99
17.05.2009	3.639	23.596	-99	-99	-99	-99	-99	-99	-99	-99
18.05.2009	3.424	25.572	-99	-99	-99	-99	-99	-99	-99	-99
19.05.2009	3.433	27.105	-99	-99	-99	-99	-99	-99	-99	-99
20.05.2009	3.6	28.759	-99	-99	-99	-99	-99	-99	-99	-99
21.05.2009	3.599	30.338	-99	-99	-99	-99	-99	-99	-99	-99
22.05.2009	3.855	30.892	-99	-99	-99	-99	-99	-99	-99	-99
23.05.2009	4.235	32.936	-99	-99	-99	-99	-99	-99	-99	-99
24.05.2009	4.261	33.76	-99	-99	-99	-99	-99	-99	-99	-99
25.05.2009	4.713	35.153	-99	-99	-99	-99	-99	-99	-99	-99
26.05.2009	5.963	37.333	-99	-99	-99	-99	-99	-99	-99	-99
27.05.2009	5.797	43.931	-99	-99	-99	-99	-99	-99	-99	-99
28.05.2009	4.159	46.647	-99	-99	-99	-99	-99	-99	-99	-99
29.05.2009	3.812	43.154	-99	-99	-99	-99	-99	-99	-99	-99
30.05.2009	6.139	42.591	-99	-99	-99	-99	-99	-99	-99	-99
31.05.2009	7.473	48.969	-99	-99	-99	-99	-99	-99	-99	-99
01.06.2009	7.451	55.494	-99	-99	-99	-99	-99	-99	-99	-99
02.06.2009	6.523	57.741	-99	-99	-99	-99	-99	-99	-99	-99
03.06.2009	4.949	55.13	-99	-99	-99	-99	-99	-99	-99	-99
04.06.2009	3.685	49.125	-99	-99	-99	-99	-99	-99	-99	-99
05.06.2009	2.93	42.982	-99	-99	-99	-99	-99	-99	-99	-99
06.06.2009	2.685	37.761	-99	-99	-99	-99	-99	-99	-99	-99
07.06.2009	2.795	34.429	-99	-99	-99	-99	-99	-99	-99	-99
08.06.2009	2.692	31.959	-99	-99	-99	-99	-99	-99	-99	-99
09.06.2009	3.283	30.952	-99	-99	-99	-99	-99	-99	-99	-99
10.06.2009	3.345	30.936	-99	-99	-99	-99	-99	-99	-99	-99
11.06.2009	3.689	32.212	-99	-99	-99	-99	-99	-99	-99	-99
12.06.2009	4.413	33.842	-99	-99	-99	-99	-99	-99	-99	-99
13.06.2009	5.913	35.614	-99	-99	-99	-99	-99	-99	-99	-99
14.06.2009	5.132	37.588	-99	-99	-99	-99	-99	-99	-99	-99
15.06.2009	4.54	37.845	-99	-99	-99	-99	-99	-99	-99	-99
16.06.2009	3.533	36.464	-99	-99	-99	-99	-99	-99	-99	-99
17.06.2009	3.974	34.77	-99	-99	-99	-99	-99	-99	-99	-99
18.06.2009	3.835	32.956	-99	-99	-99	-99	-99	-99	-99	-99
19.06.2009	3.953	33.642	-99	-99	-99	-99	-99	-99	-99	-99
20.06.2009	4.282	33.97	-99	-99	-99	-99	-99	-99	-99	-99
21.06.2009	4.674	35.469	-99	-99	-99	-99	-99	-99	-99	-99
22.06.2009	4.929	36.577	-99	-99	-99	-99	-99	-99	-99	-99
23.06.2009	5.239	38.239	-99	-99	-99	-99	-99	-99	-99	-99
24.06.2009	6.142	41.803	-99	-99	-99	-99	-99	-99	-99	-99
25.06.2009	7.939	48.512	-99	-99	-99	-99	-99	-99	-99	-99
26.06.2009	9.521	60.603	-99	-99	-99	-99	-99	-99	-99	-99
27.06.2009	9.666	72.612	-99	-99	-99	-99	-99	-99	-99	-99
28.06.2009	10.135	82.249	-99	-99	-99	-99	-99	-99	-99	-99
29.06.2009	10.679	92.113	-99	-99	-99	-99	-99	-99	-99	-99
30.06.2009	10.529	99.622	-99	-99	-99	-99	-99	-99	-99	-99
01.07.2009	9.805	101.238	-99	-99	-99	-99	-99	-99	-99	-99
02.07.2009	9.851	102.199	-99	-99	-99	-99	-99	-99	-99	-99
03.07.2009	10.302	103.684	-99	-99	-99	-99	-99	-99	-99	-99
04.07.2009	9.983	105.398	-99	-99	-99	-99	-99	-99	-99	-99
05.07.2009	9.499	105.658	-99	-99	-99	-99	-99	-99	-99	-99
06.07.2009	8.635	104.934	-99	-99	-99	-99	-99	-99	-99	-99
07.07.2009	7.45	99.995	-99	-99	-99	-99	-99	-99	-99	-99
08.07.2009	7.58	92.351	-99	-99	-99	-99	-99	-99	-99	-99
09.07.2009	7.133	85.974	-99	-99	-99	-99	-99	-99	-99	-99
10.07.2009	6.193	80.709	-99	-99	-99	-99	-99	-99	-99	-99
11.07.2009	5.26	73.193	-99	-99	-99	-99	-99	-99	-99	-99
12.07.2009	5.494	69.211	-99	-99	-99	-99	-99	-99	-99	-99
13.07.2009	5.319	68.421	-99	-99	-99	-99	-99	-99	-99	-99
14.07.2009	5.85	69.323	-99	-99	-99	-99	-99	-99	-99	-99
15.07.2009	5.379	68.309	-99	-99	-99	-99	-99	-99	-99	-99
16.07.2009	5.859	68.351	-99	-99	-99	-99	-99	-99	-99	-99
17.07.2009	5.553	67.88	-99	-99	-99	-99	-99	-99	-99	-99
18.07.2009	5.327	66.257	-99	-99	-99	-99	-99	-99	-99	-99
19.07.2009	6.906	69.789	-99	-99	-99	-99	-99	-99	-99	-99
20.07.2009	10.864	80.754	-99	-99	-99	-99	-99	-99	-99	-99
21.07.2009	8.491	94.265	-99	-99	-99	-99	-99	-99	-99	-99
22.07.2009	6.251	91.123	-99	-99	-99	-99	-99	-99	-99	-99
23.07.2009	5.547	84.791	-99	-99	-99	-99	-99	-99	-99	-99
24.07.2009	4.956	80.804	-99	-99	-99	-99	-99	-99	-99	-99
25.07.2009	5.409	74.782	-99	-99	-99	-99	-99	-99	-99	-99
26.07.2009	6.184	72.774	-99	-99	-99	-99	-99	-99	-99	-99
27.07.2009	4.823	70.585	-99	-99	-99	-99	-99	-99	-99	-99
28.07.2009	4.283	67.359	-99	-99	-99	-99	-99	-99	-99	-99
29.07.2009	3.761	62.933	-99	-99	-99	-99	-99	-99	-99	-99
30.07.2009	3.667	59.73	-99	-99	-99	-99	-99	-99	-99	-99
31.07.2009	4.841	60.161	-99	-99	-99	-99	-99	-99	-99	-99
01.08.2009	4.642	65.628	-99	-99	-99	-99	-99	-99	-99	-99
02.08.2009	3.515	62.611	-99	-99	-99	-99	-99	-99	-99	-99
03.08.2009	3.328	58.884	-99	-99	-99	-99	-99	-99	-99	-99
04.08.2009	3.638	57.98	-99	-99	-99	-99	-99	-99	-99	-99
05.08.2009	3.393	57.908	-99	-99	-99	-99	-99	-99	-99	-99
06.08.2009	3.566	59.144	-99	-99	-99	-99	-99	-99	-99	-99
07.08.2009	3.66	61.238	-99	-99	-99	-99	-99	-99	-99	-99
08.08.2009	3.679	62.662	-99	-99	-99	-99	-99	-99	-99	-99
09.08.2009	3.432	63.485	-99	-99	-99	-99	-99	-99	-99	-99
10.08.2009	2.997	62.478	-99	-99	-99	-99	-99	-99	-99	-99
11.08.2009	3.589	59.289	-99	-99	-99	-99	-99	-99	-99	-99
12.08.2009	4.48	58.471	-99	-99	-99	-99	-99	-99	-99	-99
13.08.2009	4.439	58.723	-99	-99	-99	-99	-99	-99	-99	-99
14.08.2009	4.594	58.608	-99	-99	-99	-99	-99	-99	-99	-99
15.08.2009	3.72	55.366	-99	-99	-99	-99	-99	-99	-99	-99
16.08.2009	5.544	55.714	-99	-99	-99	-99	-99	-99	-99	-99
17.08.2009	5.305	60.33	-99	-99	-99	-99	-99	-99	-99	-99
18.08.2009	5.249	62.127	-99	-99	-99	-99	-99	-99	-99	-99
19.08.2009	3.696	58.273	-99	-99	-99	-99	-99	-99	-99	-99
20.08.2009	3.974	56.381	-99	-99	-99	-99	-99	-99	-99	-99
21.08.2009	6.712	71.764	-99	-99	-99	-99	-99	-99	-99	-99
22.08.2009	4.752	77.87	-99	-99	-99	-99	-99	-99	-99	-99
23.08.2009	3.313	72.778	-99	-99	-99	-99	-99	-99	-99	-99
24.08.2009	3.88	65.415	-99	-99	-99	-99	-99	-99	-99	-99
25.08.2009	2.845	62.432	-99	-99	-99	-99	-99	-99	-99	-99
26.08.2009	4.116	62.149	-99	-99	-99	-99	-99	-99	-99	-99
27.08.2009	3.36	60.733	-99	-99	-99	-99	-99	-99	-99	-99
28.08.2009	3.558	58.901	-99	-99	-99	-99	-99	-99	-99	-99
29.08.2009	3.528	59.66	-99	-99	-99	-99	-99	-99	-99	-99
30.08.2009	6.847	64.581	-99	-99	-99	-99	-99	-99	-99	-99
31.08.2009	9.413	91.208	-99	-99	-99	-99	-99	-99	-99	-99
01.09.2009	8.705	106.577	-99	-99	-99	-99	-99	-99	-99	-99
02.09.2009	6.963	124.316	-99	-99	-99	-99	-99	-99	-99	-99
03.09.2009	4.221	106.536	-99	-99	-99	-99	-99	-99	-99	-99
04.09.2009	3.195	87.581	-99	-99	-99	-99	-99	-99	-99	-99
05.09.2009	3.155	75.731	-99	-99	-99	-99	-99	-99	-99	-99
06.09.2009	2.545	65.696	-99	-99	-99	-99	-99	-99	-99	-99
07.09.2009	2.495	58.185	-99	-99	-99	-99	-99	-99	-99	-99
08.09.2009	2.815	55.558	-99	-99	-99	-99	-99	-99	-99	-99
09.09.2009	8.537	70.694	-99	-99	-99	-99	-99	-99	-99	-99
10.09.2009	6.272	86.408	-99	-99	-99	-99	-99	-99	-99	-99
11.09.2009	7.858	86.751	-99	-99	-99	-99	-99	-99	-99	-99
12.09.2009	9.411	101.131	-99	-99	-99	-99	-99	-99	-99	-99
13.09.2009	6.773	108.086	-99	-99	-99	-99	-99	-99	-99	-99
14.09.2009	3.88	92.737	-99	-99	-99	-99	-99	-99	-99	-99
15.09.2009	2.631	76.416	-99	-99	-99	-99	-99	-99	-99	-99
16.09.2009	2.891	64.643	-99	-99	-99	-99	-99	-99	-99	-99
17.09.2009	2.657	58.295	-99	-99	-99	-99	-99	-99	-99	-99
18.09.2009	2.478	52.771	-99	-99	-99	-99	-99	-99	-99	-99
19.09.2009	2.108	48.691	-99	-99	-99	-99	-99	-99	-99	-99
20.09.2009	2.203	44.271	-99	-99	-99	-99	-99	-99	-99	-99
21.09.2009	2.244	42.473	-99	-99	-99	-99	-99	-99	-99	-99
22.09.2009	5.272	47.242	-99	-99	-99	-99	-99	-99	-99	-99
23.09.2009	6.956	66.278	-99	-99	-99	-99	-99	-99	-99	-99
24.09.2009	6.347	80.381	-99	-99	-99	-99	-99	-99	-99	-99
25.09.2009	8.676	88.496	-99	-99	-99	-99	-99	-99	-99	-99
26.09.2009	7.31	94.224	-99	-99	-99	-99	-99	-99	-99	-99
27.09.2009	9.108	113.359	-99	-99	-99	-99	-99	-99	-99	-99
28.09.2009	5.384	125.194	-99	-99	-99	-99	-99	-99	-99	-99
29.09.2009	3.785	107.882	-99	-99	-99	-99	-99	-99	-99	-99
30.09.2009	2.623	88.62	-99	-99	-99	-99	-99	-99	-99	-99
01.10.2009	2.122	72.766	-99	-99	-99	-99	-99	-99	-99	-99
02.10.2009	1.713	60.644	-99	-99	-99	-99	-99	-99	-99	-99
03.10.2009	1.379	48.651	-99	-99	-99	-99	-99	-99	-99	-99
04.10.2009	1.17	35.19	-99	-99	-99	-99	-99	-99	-99	-99
05.10.2009	1.931	31.132	-99	-99	-99	-99	-99	-99	-99	-99
06.10.2009	0.962	27.752	-99	-99	-99	-99	-99	-99	-99	-99
07.10.2009	1.132	26.59	-99	-99	-99	-99	-99	-99	-99	-99
08.10.2009	1.668	26.21	-99	-99	-99	-99	-99	-99	-99	-99
09.10.2009	0.882	24.34	-99	-99	-99	-99	-99	-99	-99	-99
10.10.2009	0.7	22.381	-99	-99	-99	-99	-99	-99	-99	-99
11.10.2009	0.625	20.248	-99	-99	-99	-99	-99	-99	-99	-99
12.10.2009	0.554	18.96	-99	-99	-99	-99	-99	-99	-99	-99
13.10.2009	0.491	16.917	-99	-99	-99	-99	-99	-99	-99	-99
14.10.2009	0.43	17.275	-99	-99	-99	-99	-99	-99	-99	-99
15.10.2009	0.74	16.242	-99	-99	-99	-99	-99	-99	-99	-99
16.10.2009	1.423	17.862	-99	-99	-99	-99	-99	-99	-99	-99
17.10.2009	0.893	18.629	-99	-99	-99	-99	-99	-99	-99	-99
18.10.2009	0.729	17.955	-99	-99	-99	-99	-99	-99	-99	-99
19.10.2009	0.612	17.51	-99	-99	-99	-99	-99	-99	-99	-99
20.10.2009	0.504	16.102	-99	-99	-99	-99	-99	-99	-99	-99
21.10.2009	0.478	15.14	-99	-99	-99	-99	-99	-99	-99	-99
22.10.2009	0.444	14.351	-99	-99	-99	-99	-99	-99	-99	-99
23.10.2009	0.437	13.393	-99	-99	-99	-99	-99	-99	-99	-99
24.10.2009	0.405	12.744	-99	-99	-99	-99	-99	-99	-99	-99
25.10.2009	0.346	11.977	-99	-99	-99	-99	-99	-99	-99	-99
26.10.2009	0.321	11.27	-99	-99	-99	-99	-99	-99	-99	-99
27.10.2009	0.317	10.735	-99	-99	-99	-99	-99	-99	-99	-99
28.10.2009	0.242	10.233	-99	-99	-99	-99	-99	-99	-99	-99
29.10.2009	0.175	9.648	-99	-99	-99	-99	-99	-99	-99	-99
30.10.2009	0.24	9.188	-99	-99	-99	-99	-99	-99	-99	-99
31.10.2009	0.233	8.745	-99	-99	-99	-99	-99	-99	-99	-99
01.11.2009	0.212	8.558	-99	-99	-99	-99	-99	-99	-99	-99
02.11.2009	0.202	8.214	-99	-99	-99	-99	-99	-99	-99	-99
03.11.2009	0.266	7.599	-99	-99	-99	-99	-99	-99	-99	-99
04.11.2009	0.226	7.599	-99	-99	-99	-99	-99	-99	-99	-99
05.11.2009	0.178	6.743	-99	-99	-99	-99	-99	-99	-99	-99
06.11.2009	0.277	6.324	-99	-99	-99	-99	-99	-99	-99	-99
07.11.2009	0.157	6.161	-99	-99	-99	-99	-99	-99	-99	-99
08.11.2009	0.1	5.757	-99	-99	-99	-99	-99	-99	-99	-99
09.11.2009	0.81	5.5	-99	-99	-99	-99	-99	-99	-99	-99
10.11.2009	0.104	5.284	-99	-99	-99	-99	-99	-99	-99	-99
11.11.2009	0.374	5.554	-99	-99	-99	-99	-99	-99	-99	-99
12.11.2009	0.658	4.848	-99	-99	-99	-99	-99	-99	-99	-99
13.11.2009	0.728	4.689	-99	-99	-99	-99	-99	-99	-99	-99
14.11.2009	0.191	4.705	-99	-99	-99	-99	-99	-99	-99	-99
15.11.2009	0.264	4.302	-99	-99	-99	-99	-99	-99	-99	-99
16.11.2009	0.143	4.383	-99	-99	-99	-99	-99	-99	-99	-99
17.11.2009	0.105	4.369	-99	-99	-99	-99	-99	-99	-99	-99
18.11.2009	0.938	4.137	-99	-99	-99	-99	-99	-99	-99	-99
19.11.2009	0.91	4.882	-99	-99	-99	-99	-99	-99	-99	-99
20.11.2009	1.171	4.527	-99	-99	-99	-99	-99	-99	-99	-99
21.11.2009	1.345	7.72	-99	-99	-99	-99	-99	-99	-99	-99
22.11.2009	0.633	9.599	-99	-99	-99	-99	-99	-99	-99	-99
23.11.2009	0.466	10.168	-99	-99	-99	-99	-99	-99	-99	-99
24.11.2009	0.361	10.154	-99	-99	-99	-99	-99	-99	-99	-99
25.11.2009	0.275	10.489	-99	-99	-99	-99	-99	-99	-99	-99
26.11.2009	0.257	9.986	-99	-99	-99	-99	-99	-99	-99	-99
27.11.2009	0.287	9.99	-99	-99	-99	-99	-99	-99	-99	-99
28.11.2009	0.261	9.753	-99	-99	-99	-99	-99	-99	-99	-99
29.11.2009	0.223	9.339	-99	-99	-99	-99	-99	-99	-99	-99
30.11.2009	0.208	8.795	-99	-99	-99	-99	-99	-99	-99	-99
01.12.2009	0.191	8.477	-99	-99	-99	-99	-99	-99	-99	-99
02.12.2009	0.175	7.968	-99	-99	-99	-99	-99	-99	-99	-99
03.12.2009	0.159	7.441	-99	-99	-99	-99	-99	-99	-99	-99
04.12.2009	0.142	7.255	-99	-99	-99	-99	-99	-99	-99	-99
05.12.2009	0.126	6.823	-99	-99	-99	-99	-99	-99	-99	-99
06.12.2009	0.131	6.551	-99	-99	-99	-99	-99	-99	-99	-99
07.12.2009	0.999	5.95	-99	-99	-99	-99	-99	-99	-99	-99
08.12.2009	0.985	5.512	-99	-99	-99	-99	-99	-99	-99	-99
09.12.2009	0.116	5.203	-99	-99	-99	-99	-99	-99	-99	-99
10.12.2009	0.903	5.804	-99	-99	-99	-99	-99	-99	-99	-99
11.12.2009	0.102	4.809	-99	-99	-99	-99	-99	-99	-99	-99
12.12.2009	0.867	4.586	-99	-99	-99	-99	-99	-99	-99	-99
13.12.2009	0.713	4.467	-99	-99	-99	-99	-99	-99	-99	-99
14.12.2009	0.766	4.433	-99	-99	-99	-99	-99	-99	-99	-99
15.12.2009	0.831	4.453	-99	-99	-99	-99	-99	-99	-99	-99
16.12.2009	0.873	4.367	-99	-99	-99	-99	-99	-99	-99	-99
17.12.2009	0.915	4.132	-99	-99	-99	-99	-99	-99	-99	-99
18.12.2009	0.958	3.712	-99	-99	-99	-99	-99	-99	-99	-99
19.12.2009	0.1	3.658	-99	-99	-99	-99	-99	-99	-99	-99
20.12.2009	0.756	3.658	-99	-99	-99	-99	-99	-99	-99	-99
21.12.2009	0.647	3.28	-99	-99	-99	-99	-99	-99	-99	-99
22.12.2009	0.565	3.117	-99	-99	-99	-99	-99	-99	-99	-99
23.12.2009	0.485	2.985	-99	-99	-99	-99	-99	-99	-99	-99
24.12.2009	0.444	2.898	-99	-99	-99	-99	-99	-99	-99	-99
25.12.2009	0.454	2.933	-99	-99	-99	-99	-99	-99	-99	-99
26.12.2009	0.581	2.704	-99	-99	-99	-99	-99	-99	-99	-99
27.12.2009	0.662	2.589	-99	-99	-99	-99	-99	-99	-99	-99
28.12.2009	0.649	2.569	-99	-99	-99	-99	-99	-99	-99	-99
29.12.2009	0.794	2.566	-99	-99	-99	-99	-99	-99	-99	-99
30.12.2009	0.72	2.51	-99	-99	-99	-99	-99	-99	-99	-99
31.12.2009	0.568	2.454	-99	-99	-99	-99	-99	-99	-99	-99
01.01.2010	0.492	2.55	-99	-99	-99	-99	-99	-99	-99	-99
02.01.2010	0.433	2.345	-99	-99	-99	-99	-99	-99	-99	-99
03.01.2010	0.383	2.221	-99	-99	-99	-99	-99	-99	-99	-99
04.01.2010	0.566	2.235	-99	-99	-99	-99	-99	-99	-99	-99
05.01.2010	0.664	2.269	-99	-99	-99	-99	-99	-99	-99	-99
06.01.2010	0.581	2.141	-99	-99	-99	-99	-99	-99	-99	-99
07.01.2010	0.491	2.843	-99	-99	-99	-99	-99	-99	-99	-99
08.01.2010	0.424	1.99	-99	-99	-99	-99	-99	-99	-99	-99
09.01.2010	0.376	1.948	-99	-99	-99	-99	-99	-99	-99	-99
10.01.2010	0.321	1.911	-99	-99	-99	-99	-99	-99	-99	-99
11.01.2010	0.28	1.881	-99	-99	-99	-99	-99	-99	-99	-99
12.01.2010	0.259	1.851	-99	-99	-99	-99	-99	-99	-99	-99
13.01.2010	0.234	1.823	-99	-99	-99	-99	-99	-99	-99	-99
14.01.2010	0.215	1.788	-99	-99	-99	-99	-99	-99	-99	-99
15.01.2010	0.205	1.752	-99	-99	-99	-99	-99	-99	-99	-99
16.01.2010	0.201	1.801	-99	-99	-99	-99	-99	-99	-99	-99
17.01.2010	0.19	1.745	-99	-99	-99	-99	-99	-99	-99	-99
18.01.2010	0.171	1.635	-99	-99	-99	-99	-99	-99	-99	-99
19.01.2010	0.161	1.622	-99	-99	-99	-99	-99	-99	-99	-99
20.01.2010	0.151	1.69	-99	-99	-99	-99	-99	-99	-99	-99
21.01.2010	0.151	1.554	-99	-99	-99	-99	-99	-99	-99	-99
22.01.2010	0.146	1.566	-99	-99	-99	-99	-99	-99	-99	-99
23.01.2010	0.138	1.548	-99	-99	-99	-99	-99	-99	-99	-99
24.01.2010	0.123	1.444	-99	-99	-99	-99	-99	-99	-99	-99
25.01.2010	0.113	1.433	-99	-99	-99	-99	-99	-99	-99	-99
26.01.2010	0.112	1.434	-99	-99	-99	-99	-99	-99	-99	-99
27.01.2010	0.114	1.56	-99	-99	-99	-99	-99	-99	-99	-99
28.01.2010	0.267	1.743	-99	-99	-99	-99	-99	-99	-99	-99
29.01.2010	0.503	1.845	-99	-99	-99	-99	-99	-99	-99	-99
30.01.2010	0.938	1.895	-99	-99	-99	-99	-99	-99	-99	-99
31.01.2010	0.883	1.917	-99	-99	-99	-99	-99	-99	-99	-99
01.02.2010	0.772	1.819	-99	-99	-99	-99	-99	-99	-99	-99
02.02.2010	0.648	1.825	-99	-99	-99	-99	-99	-99	-99	-99
03.02.2010	0.53	1.745	-99	-99	-99	-99	-99	-99	-99	-99
04.02.2010	0.435	1.711	-99	-99	-99	-99	-99	-99	-99	-99
05.02.2010	0.417	1.673	-99	-99	-99	-99	-99	-99	-99	-99
06.02.2010	0.415	1.661	-99	-99	-99	-99	-99	-99	-99	-99
07.02.2010	0.391	1.631	-99	-99	-99	-99	-99	-99	-99	-99
08.02.2010	0.386	1.648	-99	-99	-99	-99	-99	-99	-99	-99
09.02.2010	0.426	1.666	-99	-99	-99	-99	-99	-99	-99	-99
10.02.2010	0.449	1.728	-99	-99	-99	-99	-99	-99	-99	-99
11.02.2010	0.442	1.763	-99	-99	-99	-99	-99	-99	-99	-99
12.02.2010	0.467	1.758	-99	-99	-99	-99	-99	-99	-99	-99
13.02.2010	0.437	1.731	-99	-99	-99	-99	-99	-99	-99	-99
14.02.2010	0.405	1.712	-99	-99	-99	-99	-99	-99	-99	-99
15.02.2010	0.369	1.68	-99	-99	-99	-99	-99	-99	-99	-99
16.02.2010	0.33	1.665	-99	-99	-99	-99	-99	-99	-99	-99
17.02.2010	0.302	1.635	-99	-99	-99	-99	-99	-99	-99	-99
18.02.2010	0.271	1.606	-99	-99	-99	-99	-99	-99	-99	-99
19.02.2010	0.254	1.608	-99	-99	-99	-99	-99	-99	-99	-99
20.02.2010	0.244	1.679	-99	-99	-99	-99	-99	-99	-99	-99
21.02.2010	0.239	1.547	-99	-99	-99	-99	-99	-99	-99	-99
22.02.2010	0.221	1.451	-99	-99	-99	-99	-99	-99	-99	-99
23.02.2010	0.197	1.43	-99	-99	-99	-99	-99	-99	-99	-99
24.02.2010	0.177	1.412	-99	-99	-99	-99	-99	-99	-99	-99
25.02.2010	0.151	1.417	-99	-99	-99	-99	-99	-99	-99	-99
26.02.2010	0.15	1.387	-99	-99	-99	-99	-99	-99	-99	-99
27.02.2010	0.147	1.363	-99	-99	-99	-99	-99	-99	-99	-99
28.02.2010	0.143	1.333	-99	-99	-99	-99	-99	-99	-99	-99
01.03.2010	0.14	1.316	-99	-99	-99	-99	-99	-99	-99	-99
02.03.2010	0.132	1.302	-99	-99	-99	-99	-99	-99	-99	-99
03.03.2010	0.128	1.321	-99	-99	-99	-99	-99	-99	-99	-99
04.03.2010	0.128	1.324	-99	-99	-99	-99	-99	-99	-99	-99
05.03.2010	0.134	1.35	-99	-99	-99	-99	-99	-99	-99	-99
06.03.2010	0.143	1.339	-99	-99	-99	-99	-99	-99	-99	-99
07.03.2010	0.147	1.317	-99	-99	-99	-99	-99	-99	-99	-99
08.03.2010	0.153	1.296	-99	-99	-99	-99	-99	-99	-99	-99
09.03.2010	0.173	1.392	-99	-99	-99	-99	-99	-99	-99	-99
10.03.2010	0.209	1.437	-99	-99	-99	-99	-99	-99	-99	-99
11.03.2010	0.297	1.689	-99	-99	-99	-99	-99	-99	-99	-99
12.03.2010	0.327	1.775	-99	-99	-99	-99	-99	-99	-99	-99
13.03.2010	0.197	1.797	-99	-99	-99	-99	-99	-99	-99	-99
14.03.2010	0.298	1.849	-99	-99	-99	-99	-99	-99	-99	-99
15.03.2010	0.833	1.889	-99	-99	-99	-99	-99	-99	-99	-99
16.03.2010	0.146	2.48	-99	-99	-99	-99	-99	-99	-99	-99
17.03.2010	0.186	2.223	-99	-99	-99	-99	-99	-99	-99	-99
18.03.2010	0.139	2.416	-99	-99	-99	-99	-99	-99	-99	-99
19.03.2010	0.139	2.773	-99	-99	-99	-99	-99	-99	-99	-99
20.03.2010	0.191	4.52	-99	-99	-99	-99	-99	-99	-99	-99
21.03.2010	0.22	5.429	-99	-99	-99	-99	-99	-99	-99	-99
22.03.2010	0.277	5.911	-99	-99	-99	-99	-99	-99	-99	-99
23.03.2010	0.266	5.961	-99	-99	-99	-99	-99	-99	-99	-99
24.03.2010	0.2	5.957	-99	-99	-99	-99	-99	-99	-99	-99
25.03.2010	0.177	5.96	-99	-99	-99	-99	-99	-99	-99	-99
26.03.2010	0.205	6.677	-99	-99	-99	-99	-99	-99	-99	-99
27.03.2010	0.258	8.798	-99	-99	-99	-99	-99	-99	-99	-99
28.03.2010	0.212	8.868	-99	-99	-99	-99	-99	-99	-99	-99
29.03.2010	0.149	9.124	-99	-99	-99	-99	-99	-99	-99	-99
30.03.2010	0.121	8.987	-99	-99	-99	-99	-99	-99	-99	-99
31.03.2010	0.108	8.628	-99	-99	-99	-99	-99	-99	-99	-99
01.04.2010	0.107	8.423	-99	-99	-99	-99	-99	-99	-99	-99
02.04.2010	0.945	8.203	-99	-99	-99	-99	-99	-99	-99	-99
03.04.2010	0.754	7.96	-99	-99	-99	-99	-99	-99	-99	-99
04.04.2010	0.642	7.66	-99	-99	-99	-99	-99	-99	-99	-99
05.04.2010	0.666	7.307	-99	-99	-99	-99	-99	-99	-99	-99
06.04.2010	0.769	7.451	-99	-99	-99	-99	-99	-99	-99	-99
07.04.2010	0.105	6.999	-99	-99	-99	-99	-99	-99	-99	-99
08.04.2010	0.181	7.792	-99	-99	-99	-99	-99	-99	-99	-99
09.04.2010	0.178	8.304	-99	-99	-99	-99	-99	-99	-99	-99
10.04.2010	0.108	8.477	-99	-99	-99	-99	-99	-99	-99	-99
11.04.2010	0.1	8.299	-99	-99	-99	-99	-99	-99	-99	-99
12.04.2010	0.202	8.125	-99	-99	-99	-99	-99	-99	-99	-99
13.04.2010	0.253	8.34	-99	-99	-99	-99	-99	-99	-99	-99
14.04.2010	0.201	8.387	-99	-99	-99	-99	-99	-99	-99	-99
15.04.2010	0.201	8.403	-99	-99	-99	-99	-99	-99	-99	-99
16.04.2010	0.15	8.825	-99	-99	-99	-99	-99	-99	-99	-99
17.04.2010	0.144	9.455	-99	-99	-99	-99	-99	-99	-99	-99
18.04.2010	0.165	9.882	-99	-99	-99	-99	-99	-99	-99	-99
19.04.2010	0.172	9.723	-99	-99	-99	-99	-99	-99	-99	-99
20.04.2010	0.153	9.413	-99	-99	-99	-99	-99	-99	-99	-99
21.04.2010	0.149	8.802	-99	-99	-99	-99	-99	-99	-99	-99
22.04.2010	0.129	8.335	-99	-99	-99	-99	-99	-99	-99	-99
23.04.2010	0.129	7.801	-99	-99	-99	-99	-99	-99	-99	-99
24.04.2010	0.106	7.513	-99	-99	-99	-99	-99	-99	-99	-99
25.04.2010	0.1	7.168	-99	-99	-99	-99	-99	-99	-99	-99
26.04.2010	0.13	6.898	-99	-99	-99	-99	-99	-99	-99	-99
27.04.2010	0.473	7.596	-99	-99	-99	-99	-99	-99	-99	-99
28.04.2010	0.304	8.525	-99	-99	-99	-99	-99	-99	-99	-99
29.04.2010	1.125	10.523	-99	-99	-99	-99	-99	-99	-99	-99
30.04.2010	2.231	16.187	-99	-99	-99	-99	-99	-99	-99	-99
01.05.2010	1.462	19.96	-99	-99	-99	-99	-99	-99	-99	-99
02.05.2010	0.749	20.158	-99	-99	-99	-99	-99	-99	-99	-99
03.05.2010	0.513	18.934	-99	-99	-99	-99	-99	-99	-99	-99
04.05.2010	0.418	17.549	-99	-99	-99	-99	-99	-99	-99	-99
05.05.2010	0.374	15.933	-99	-99	-99	-99	-99	-99	-99	-99
06.05.2010	0.353	14.671	-99	-99	-99	-99	-99	-99	-99	-99
07.05.2010	0.438	13.539	-99	-99	-99	-99	-99	-99	-99	-99
08.05.2010	0.479	12.766	-99	-99	-99	-99	-99	-99	-99	-99
09.05.2010	0.47	12.857	-99	-99	-99	-99	-99	-99	-99	-99
10.05.2010	0.418	11.571	-99	-99	-99	-99	-99	-99	-99	-99
11.05.2010	0.336	11.116	-99	-99	-99	-99	-99	-99	-99	-99
12.05.2010	0.322	10.545	-99	-99	-99	-99	-99	-99	-99	-99
13.05.2010	0.401	9.968	-99	-99	-99	-99	-99	-99	-99	-99
14.05.2010	0.879	9.654	-99	-99	-99	-99	-99	-99	-99	-99
15.05.2010	2.128	10.392	-99	-99	-99	-99	-99	-99	-99	-99
16.05.2010	5.559	14.837	-99	-99	-99	-99	-99	-99	-99	-99
17.05.2010	4.303	24.948	-99	-99	-99	-99	-99	-99	-99	-99
18.05.2010	3.145	30.323	-99	-99	-99	-99	-99	-99	-99	-99
19.05.2010	4.253	33.809	-99	-99	-99	-99	-99	-99	-99	-99
20.05.2010	4.37	41.789	-99	-99	-99	-99	-99	-99	-99	-99
21.05.2010	4.142	46.689	-99	-99	-99	-99	-99	-99	-99	-99
22.05.2010	4.374	49.691	-99	-99	-99	-99	-99	-99	-99	-99
23.05.2010	5.892	55.502	-99	-99	-99	-99	-99	-99	-99	-99
24.05.2010	4.361	57.991	-99	-99	-99	-99	-99	-99	-99	-99
25.05.2010	3.624	51.937	-99	-99	-99	-99	-99	-99	-99	-99
26.05.2010	2.428	45.307	-99	-99	-99	-99	-99	-99	-99	-99
27.05.2010	2.26	38.95	-99	-99	-99	-99	-99	-99	-99	-99
28.05.2010	2.16	34.454	-99	-99	-99	-99	-99	-99	-99	-99
29.05.2010	2.61	31.405	-99	-99	-99	-99	-99	-99	-99	-99
30.05.2010	2.221	29.405	-99	-99	-99	-99	-99	-99	-99	-99
31.05.2010	2.64	28.381	-99	-99	-99	-99	-99	-99	-99	-99
01.06.2010	3.292	29.215	-99	-99	-99	-99	-99	-99	-99	-99
02.06.2010	3.548	31.592	-99	-99	-99	-99	-99	-99	-99	-99
03.06.2010	5.262	38.548	-99	-99	-99	-99	-99	-99	-99	-99
04.06.2010	4.557	43.513	-99	-99	-99	-99	-99	-99	-99	-99
05.06.2010	3.982	43.238	-99	-99	-99	-99	-99	-99	-99	-99
06.06.2010	4.747	42.264	-99	-99	-99	-99	-99	-99	-99	-99
07.06.2010	3.795	42.735	-99	-99	-99	-99	-99	-99	-99	-99
08.06.2010	3.767	40.715	-99	-99	-99	-99	-99	-99	-99	-99
09.06.2010	4.419	40.957	-99	-99	-99	-99	-99	-99	-99	-99
10.06.2010	4.75	42.904	-99	-99	-99	-99	-99	-99	-99	-99
11.06.2010	4.868	46.992	-99	-99	-99	-99	-99	-99	-99	-99
12.06.2010	6.316	56.841	-99	-99	-99	-99	-99	-99	-99	-99
13.06.2010	4.853	63.162	-99	-99	-99	-99	-99	-99	-99	-99
14.06.2010	3.574	58.979	-99	-99	-99	-99	-99	-99	-99	-99
15.06.2010	2.588	51.504	-99	-99	-99	-99	-99	-99	-99	-99
16.06.2010	2.353	44.91	-99	-99	-99	-99	-99	-99	-99	-99
17.06.2010	3.163	40.561	-99	-99	-99	-99	-99	-99	-99	-99
18.06.2010	5.348	44.945	-99	-99	-99	-99	-99	-99	-99	-99
19.06.2010	4.35	50.261	-99	-99	-99	-99	-99	-99	-99	-99
20.06.2010	2.616	47.46	-99	-99	-99	-99	-99	-99	-99	-99
21.06.2010	2.353	41.758	-99	-99	-99	-99	-99	-99	-99	-99
22.06.2010	2.72	38.514	-99	-99	-99	-99	-99	-99	-99	-99
23.06.2010	3.391	36.896	-99	-99	-99	-99	-99	-99	-99	-99
24.06.2010	3.675	36.923	-99	-99	-99	-99	-99	-99	-99	-99
25.06.2010	5.719	43.608	-99	-99	-99	-99	-99	-99	-99	-99
26.06.2010	5.291	54.543	-99	-99	-99	-99	-99	-99	-99	-99
27.06.2010	4.502	58.352	-99	-99	-99	-99	-99	-99	-99	-99
28.06.2010	4.504	57.976	-99	-99	-99	-99	-99	-99	-99	-99
29.06.2010	4.576	60.942	-99	-99	-99	-99	-99	-99	-99	-99
30.06.2010	4.436	62.1	-99	-99	-99	-99	-99	-99	-99	-99
01.07.2010	4.215	61.641	-99	-99	-99	-99	-99	-99	-99	-99
02.07.2010	4.159	59.438	-99	-99	-99	-99	-99	-99	-99	-99
03.07.2010	5.322	64.956	-99	-99	-99	-99	-99	-99	-99	-99
04.07.2010	4.594	70.423	-99	-99	-99	-99	-99	-99	-99	-99
05.07.2010	4.557	71.855	-99	-99	-99	-99	-99	-99	-99	-99
06.07.2010	3.861	72.851	-99	-99	-99	-99	-99	-99	-99	-99
07.07.2010	2.821	67.417	-99	-99	-99	-99	-99	-99	-99	-99
08.07.2010	2.888	61.964	-99	-99	-99	-99	-99	-99	-99	-99
09.07.2010	2.535	59.39	-99	-99	-99	-99	-99	-99	-99	-99
10.07.2010	3.304	58.86	-99	-99	-99	-99	-99	-99	-99	-99
11.07.2010	3.372	61.47	-99	-99	-99	-99	-99	-99	-99	-99
12.07.2010	3.692	66.679	-99	-99	-99	-99	-99	-99	-99	-99
13.07.2010	3.886	70.878	-99	-99	-99	-99	-99	-99	-99	-99
14.07.2010	3.345	70.569	-99	-99	-99	-99	-99	-99	-99	-99
15.07.2010	3.241	68.76	-99	-99	-99	-99	-99	-99	-99	-99
16.07.2010	3.567	75.106	-99	-99	-99	-99	-99	-99	-99	-99
17.07.2010	3.272	77.237	-99	-99	-99	-99	-99	-99	-99	-99
18.07.2010	3.348	77.31	-99	-99	-99	-99	-99	-99	-99	-99
19.07.2010	2.436	73.166	-99	-99	-99	-99	-99	-99	-99	-99
20.07.2010	2.634	69.36	-99	-99	-99	-99	-99	-99	-99	-99
21.07.2010	4.52	74.961	-99	-99	-99	-99	-99	-99	-99	-99
22.07.2010	7.624	108.908	-99	-99	-99	-99	-99	-99	-99	-99
23.07.2010	4.24	109.548	-99	-99	-99	-99	-99	-99	-99	-99
24.07.2010	2.712	90.88	-99	-99	-99	-99	-99	-99	-99	-99
25.07.2010	2.236	75.589	-99	-99	-99	-99	-99	-99	-99	-99
26.07.2010	2.565	64.818	-99	-99	-99	-99	-99	-99	-99	-99
27.07.2010	1.979	58.71	-99	-99	-99	-99	-99	-99	-99	-99
28.07.2010	2.142	54.256	-99	-99	-99	-99	-99	-99	-99	-99
29.07.2010	2.283	53.172	-99	-99	-99	-99	-99	-99	-99	-99
30.07.2010	2.332	53.628	-99	-99	-99	-99	-99	-99	-99	-99
31.07.2010	2.275	55.2	-99	-99	-99	-99	-99	-99	-99	-99
01.08.2010	2.382	55.892	-99	-99	-99	-99	-99	-99	-99	-99
02.08.2010	2.187	56.687	-99	-99	-99	-99	-99	-99	-99	-99
03.08.2010	1.795	53.154	-99	-99	-99	-99	-99	-99	-99	-99
04.08.2010	1.582	48.999	-99	-99	-99	-99	-99	-99	-99	-99
05.08.2010	1.515	46.163	-99	-99	-99	-99	-99	-99	-99	-99
06.08.2010	1.758	45.946	-99	-99	-99	-99	-99	-99	-99	-99
07.08.2010	1.693	47.469	-99	-99	-99	-99	-99	-99	-99	-99
08.08.2010	1.518	46.64	-99	-99	-99	-99	-99	-99	-99	-99
09.08.2010	1.515	45.603	-99	-99	-99	-99	-99	-99	-99	-99
10.08.2010	1.609	45.489	-99	-99	-99	-99	-99	-99	-99	-99
11.08.2010	1.73	46.367	-99	-99	-99	-99	-99	-99	-99	-99
12.08.2010	1.687	47.34	-99	-99	-99	-99	-99	-99	-99	-99
13.08.2010	1.599	46.869	-99	-99	-99	-99	-99	-99	-99	-99
14.08.2010	1.637	46.699	-99	-99	-99	-99	-99	-99	-99	-99
15.08.2010	1.507	46.565	-99	-99	-99	-99	-99	-99	-99	-99
16.08.2010	1.52	46.971	-99	-99	-99	-99	-99	-99	-99	-99
17.08.2010	1.64	49.857	-99	-99	-99	-99	-99	-99	-99	-99
18.08.2010	1.791	53.521	-99	-99	-99	-99	-99	-99	-99	-99
19.08.2010	1.664	54.44	-99	-99	-99	-99	-99	-99	-99	-99
20.08.2010	1.503	53.733	-99	-99	-99	-99	-99	-99	-99	-99
21.08.2010	1.901	54.36	-99	-99	-99	-99	-99	-99	-99	-99
22.08.2010	2.211	56.767	-99	-99	-99	-99	-99	-99	-99	-99
23.08.2010	2.232	58.159	-99	-99	-99	-99	-99	-99	-99	-99
24.08.2010	1.839	55.756	-99	-99	-99	-99	-99	-99	-99	-99
25.08.2010	1.65	52.686	-99	-99	-99	-99	-99	-99	-99	-99
26.08.2010	1.756	52.108	-99	-99	-99	-99	-99	-99	-99	-99
27.08.2010	1.494	49.44	-99	-99	-99	-99	-99	-99	-99	-99
28.08.2010	1.504	45.338	-99	-99	-99	-99	-99	-99	-99	-99
29.08.2010	1.451	41.839	-99	-99	-99	-99	-99	-99	-99	-99
30.08.2010	1.205	38.26	-99	-99	-99	-99	-99	-99	-99	-99
31.08.2010	2.177	36.727	-99	-99	-99	-99	-99	-99	-99	-99
01.09.2010	2.295	38.223	-99	-99	-99	-99	-99	-99	-99	-99
02.09.2010	1.521	37.806	-99	-99	-99	-99	-99	-99	-99	-99
03.09.2010	1.148	34.25	-99	-99	-99	-99	-99	-99	-99	-99
04.09.2010	0.927	30.546	-99	-99	-99	-99	-99	-99	-99	-99
05.09.2010	0.808	27.608	-99	-99	-99	-99	-99	-99	-99	-99
06.09.2010	0.785	25.581	-99	-99	-99	-99	-99	-99	-99	-99
07.09.2010	0.836	25.873	-99	-99	-99	-99	-99	-99	-99	-99
08.09.2010	0.8	25.153	-99	-99	-99	-99	-99	-99	-99	-99
09.09.2010	0.785	25.656	-99	-99	-99	-99	-99	-99	-99	-99
10.09.2010	0.743	25.606	-99	-99	-99	-99	-99	-99	-99	-99
11.09.2010	0.773	25.147	-99	-99	-99	-99	-99	-99	-99	-99
12.09.2010	1.873	27.538	-99	-99	-99	-99	-99	-99	-99	-99
13.09.2010	1.251	28.401	-99	-99	-99	-99	-99	-99	-99	-99
14.09.2010	1.172	29.229	-99	-99	-99	-99	-99	-99	-99	-99
15.09.2010	1.955	30.909	-99	-99	-99	-99	-99	-99	-99	-99
16.09.2010	1.816	31.905	-99	-99	-99	-99	-99	-99	-99	-99
17.09.2010	1.57	31.881	-99	-99	-99	-99	-99	-99	-99	-99
18.09.2010	2.12	30.887	-99	-99	-99	-99	-99	-99	-99	-99
19.09.2010	2.798	31.444	-99	-99	-99	-99	-99	-99	-99	-99
20.09.2010	1.678	31.949	-99	-99	-99	-99	-99	-99	-99	-99
21.09.2010	1.275	28.96	-99	-99	-99	-99	-99	-99	-99	-99
22.09.2010	1.734	27.809	-99	-99	-99	-99	-99	-99	-99	-99
23.09.2010	5.345	37.612	-99	-99	-99	-99	-99	-99	-99	-99
24.09.2010	4.26	48.746	-99	-99	-99	-99	-99	-99	-99	-99
25.09.2010	2.403	46.545	-99	-99	-99	-99	-99	-99	-99	-99
26.09.2010	1.722	40.778	-99	-99	-99	-99	-99	-99	-99	-99
27.09.2010	1.298	35.138	-99	-99	-99	-99	-99	-99	-99	-99
28.09.2010	0.997	30.335	-99	-99	-99	-99	-99	-99	-99	-99
29.09.2010	0.792	27.896	-99	-99	-99	-99	-99	-99	-99	-99
30.09.2010	0.657	24.387	-99	-99	-99	-99	-99	-99	-99	-99
01.10.2010	0.555	21.591	-99	-99	-99	-99	-99	-99	-99	-99
02.10.2010	0.474	19.826	-99	-99	-99	-99	-99	-99	-99	-99
03.10.2010	0.521	16.946	-99	-99	-99	-99	-99	-99	-99	-99
04.10.2010	0.811	16.271	-99	-99	-99	-99	-99	-99	-99	-99
05.10.2010	1.155	20.241	-99	-99	-99	-99	-99	-99	-99	-99
06.10.2010	1.393	25.93	-99	-99	-99	-99	-99	-99	-99	-99
07.10.2010	2.2	35.888	-99	-99	-99	-99	-99	-99	-99	-99
08.10.2010	1.362	36.834	-99	-99	-99	-99	-99	-99	-99	-99
09.10.2010	1.381	33.628	-99	-99	-99	-99	-99	-99	-99	-99
10.10.2010	0.845	29.506	-99	-99	-99	-99	-99	-99	-99	-99
11.10.2010	0.688	26.135	-99	-99	-99	-99	-99	-99	-99	-99
12.10.2010	0.595	22.857	-99	-99	-99	-99	-99	-99	-99	-99
13.10.2010	0.523	20.259	-99	-99	-99	-99	-99	-99	-99	-99
14.10.2010	0.574	18.428	-99	-99	-99	-99	-99	-99	-99	-99
15.10.2010	0.451	17.425	-99	-99	-99	-99	-99	-99	-99	-99
16.10.2010	0.375	15.974	-99	-99	-99	-99	-99	-99	-99	-99
17.10.2010	0.346	14.376	-99	-99	-99	-99	-99	-99	-99	-99
18.10.2010	0.346	13.119	-99	-99	-99	-99	-99	-99	-99	-99
19.10.2010	0.381	12.626	-99	-99	-99	-99	-99	-99	-99	-99
20.10.2010	0.342	12.215	-99	-99	-99	-99	-99	-99	-99	-99
21.10.2010	0.289	11.327	-99	-99	-99	-99	-99	-99	-99	-99
22.10.2010	0.281	10.63	-99	-99	-99	-99	-99	-99	-99	-99
23.10.2010	0.268	9.917	-99	-99	-99	-99	-99	-99	-99	-99
24.10.2010	0.244	9.286	-99	-99	-99	-99	-99	-99	-99	-99
25.10.2010	0.241	8.72	-99	-99	-99	-99	-99	-99	-99	-99
26.10.2010	0.209	8.294	-99	-99	-99	-99	-99	-99	-99	-99
27.10.2010	0.606	7.639	-99	-99	-99	-99	-99	-99	-99	-99
28.10.2010	1.115	8.876	-99	-99	-99	-99	-99	-99	-99	-99
29.10.2010	0.835	9.724	-99	-99	-99	-99	-99	-99	-99	-99
30.10.2010	1.734	11.551	-99	-99	-99	-99	-99	-99	-99	-99
31.10.2010	0.942	12.249	-99	-99	-99	-99	-99	-99	-99	-99
01.11.2010	0.746	12.802	-99	-99	-99	-99	-99	-99	-99	-99
02.11.2010	0.623	12.583	-99	-99	-99	-99	-99	-99	-99	-99
03.11.2010	0.624	12.475	-99	-99	-99	-99	-99	-99	-99	-99
04.11.2010	0.639	13.64	-99	-99	-99	-99	-99	-99	-99	-99
05.11.2010	0.568	13.654	-99	-99	-99	-99	-99	-99	-99	-99
06.11.2010	0.479	12.978	-99	-99	-99	-99	-99	-99	-99	-99
07.11.2010	0.426	12.324	-99	-99	-99	-99	-99	-99	-99	-99
08.11.2010	0.377	11.573	-99	-99	-99	-99	-99	-99	-99	-99
09.11.2010	0.327	10.555	-99	-99	-99	-99	-99	-99	-99	-99
10.11.2010	0.275	9.618	-99	-99	-99	-99	-99	-99	-99	-99
11.11.2010	0.222	9.6	-99	-99	-99	-99	-99	-99	-99	-99
12.11.2010	0.167	8.344	-99	-99	-99	-99	-99	-99	-99	-99
13.11.2010	0.111	7.927	-99	-99	-99	-99	-99	-99	-99	-99
14.11.2010	0.112	7.488	-99	-99	-99	-99	-99	-99	-99	-99
15.11.2010	0.113	7.122	-99	-99	-99	-99	-99	-99	-99	-99
16.11.2010	0.114	6.808	-99	-99	-99	-99	-99	-99	-99	-99
17.11.2010	0.115	6.536	-99	-99	-99	-99	-99	-99	-99	-99
18.11.2010	0.115	6.142	-99	-99	-99	-99	-99	-99	-99	-99
19.11.2010	0.116	5.82	-99	-99	-99	-99	-99	-99	-99	-99
20.11.2010	0.117	5.34	-99	-99	-99	-99	-99	-99	-99	-99
21.11.2010	0.118	5.258	-99	-99	-99	-99	-99	-99	-99	-99
22.11.2010	0.119	4.819	-99	-99	-99	-99	-99	-99	-99	-99
23.11.2010	0.105	4.68	-99	-99	-99	-99	-99	-99	-99	-99
24.11.2010	0.919	4.371	-99	-99	-99	-99	-99	-99	-99	-99
25.11.2010	0.778	3.932	-99	-99	-99	-99	-99	-99	-99	-99
26.11.2010	0.639	3.785	-99	-99	-99	-99	-99	-99	-99	-99
27.11.2010	0.499	3.409	-99	-99	-99	-99	-99	-99	-99	-99
28.11.2010	0.364	3.364	-99	-99	-99	-99	-99	-99	-99	-99
29.11.2010	0.236	2.857	-99	-99	-99	-99	-99	-99	-99	-99
30.11.2010	0.214	2.681	-99	-99	-99	-99	-99	-99	-99	-99
01.12.2010	0.403	2.487	-99	-99	-99	-99	-99	-99	-99	-99
02.12.2010	0.39	2.429	-99	-99	-99	-99	-99	-99	-99	-99
03.12.2010	0.377	2.363	-99	-99	-99	-99	-99	-99	-99	-99
04.12.2010	0.364	2.316	-99	-99	-99	-99	-99	-99	-99	-99
05.12.2010	0.352	2.289	-99	-99	-99	-99	-99	-99	-99	-99
06.12.2010	0.339	2.241	-99	-99	-99	-99	-99	-99	-99	-99
07.12.2010	0.327	2.155	-99	-99	-99	-99	-99	-99	-99	-99
08.12.2010	0.314	2.111	-99	-99	-99	-99	-99	-99	-99	-99
09.12.2010	0.273	2.197	-99	-99	-99	-99	-99	-99	-99	-99
10.12.2010	0.366	2.255	-99	-99	-99	-99	-99	-99	-99	-99
11.12.2010	0.547	2.391	-99	-99	-99	-99	-99	-99	-99	-99
12.12.2010	0.954	2.377	-99	-99	-99	-99	-99	-99	-99	-99
13.12.2010	0.119	2.335	-99	-99	-99	-99	-99	-99	-99	-99
14.12.2010	0.114	2.294	-99	-99	-99	-99	-99	-99	-99	-99
15.12.2010	0.101	2.25	-99	-99	-99	-99	-99	-99	-99	-99
16.12.2010	0.128	2.412	-99	-99	-99	-99	-99	-99	-99	-99
17.12.2010	0.151	2.394	-99	-99	-99	-99	-99	-99	-99	-99
18.12.2010	0.106	2.342	-99	-99	-99	-99	-99	-99	-99	-99
19.12.2010	0.107	2.27	-99	-99	-99	-99	-99	-99	-99	-99
20.12.2010	0.945	2.952	-99	-99	-99	-99	-99	-99	-99	-99
21.12.2010	0.862	1.986	-99	-99	-99	-99	-99	-99	-99	-99
22.12.2010	0.824	2.119	-99	-99	-99	-99	-99	-99	-99	-99
23.12.2010	0.802	2.996	-99	-99	-99	-99	-99	-99	-99	-99
24.12.2010	0.647	1.916	-99	-99	-99	-99	-99	-99	-99	-99
25.12.2010	0.598	1.828	-99	-99	-99	-99	-99	-99	-99	-99
26.12.2010	0.528	1.765	-99	-99	-99	-99	-99	-99	-99	-99
27.12.2010	0.458	1.717	-99	-99	-99	-99	-99	-99	-99	-99
28.12.2010	0.394	1.665	-99	-99	-99	-99	-99	-99	-99	-99
29.12.2010	0.334	1.671	-99	-99	-99	-99	-99	-99	-99	-99
30.12.2010	0.368	1.729	-99	-99	-99	-99	-99	-99	-99	-99
31.12.2010	0.691	1.84	-99	-99	-99	-99	-99	-99	-99	-99
01.01.2011	0.228	2.4	-99	-99	-99	-99	-99	-99	-99	-99
02.01.2011	0.463	2.623	-99	-99	-99	-99	-99	-99	-99	-99
03.01.2011	0.613	2.712	-99	-99	-99	-99	-99	-99	-99	-99
04.01.2011	0.53	2.893	-99	-99	-99	-99	-99	-99	-99	-99
05.01.2011	0.374	2.868	-99	-99	-99	-99	-99	-99	-99	-99
06.01.2011	0.262	2.746	-99	-99	-99	-99	-99	-99	-99	-99
07.01.2011	0.231	2.635	-99	-99	-99	-99	-99	-99	-99	-99
08.01.2011	0.2	2.636	-99	-99	-99	-99	-99	-99	-99	-99
09.01.2011	0.123	2.527	-99	-99	-99	-99	-99	-99	-99	-99
10.01.2011	0.25	2.621	-99	-99	-99	-99	-99	-99	-99	-99
11.01.2011	0.278	2.681	-99	-99	-99	-99	-99	-99	-99	-99
12.01.2011	0.232	2.615	-99	-99	-99	-99	-99	-99	-99	-99
13.01.2011	0.192	2.524	-99	-99	-99	-99	-99	-99	-99	-99
14.01.2011	0.143	2.458	-99	-99	-99	-99	-99	-99	-99	-99
15.01.2011	0.998	2.402	-99	-99	-99	-99	-99	-99	-99	-99
16.01.2011	0.119	2.471	-99	-99	-99	-99	-99	-99	-99	-99
17.01.2011	0.224	3.908	-99	-99	-99	-99	-99	-99	-99	-99
18.01.2011	0.261	3.703	-99	-99	-99	-99	-99	-99	-99	-99
19.01.2011	0.262	3.866	-99	-99	-99	-99	-99	-99	-99	-99
20.01.2011	0.238	3.828	-99	-99	-99	-99	-99	-99	-99	-99
21.01.2011	0.213	3.761	-99	-99	-99	-99	-99	-99	-99	-99
22.01.2011	0.211	3.842	-99	-99	-99	-99	-99	-99	-99	-99
23.01.2011	0.223	3.946	-99	-99	-99	-99	-99	-99	-99	-99
24.01.2011	0.233	4.27	-99	-99	-99	-99	-99	-99	-99	-99
25.01.2011	0.266	4.63	-99	-99	-99	-99	-99	-99	-99	-99
26.01.2011	0.222	4.529	-99	-99	-99	-99	-99	-99	-99	-99
27.01.2011	0.186	4.364	-99	-99	-99	-99	-99	-99	-99	-99
28.01.2011	0.16	4.191	-99	-99	-99	-99	-99	-99	-99	-99
29.01.2011	0.172	4.115	-99	-99	-99	-99	-99	-99	-99	-99
30.01.2011	0.223	4.29	-99	-99	-99	-99	-99	-99	-99	-99
31.01.2011	0.235	4.289	-99	-99	-99	-99	-99	-99	-99	-99
01.02.2011	0.259	4.505	-99	-99	-99	-99	-99	-99	-99	-99
02.02.2011	0.291	5.306	-99	-99	-99	-99	-99	-99	-99	-99
03.02.2011	0.312	5.73	-99	-99	-99	-99	-99	-99	-99	-99
04.02.2011	0.291	5.826	-99	-99	-99	-99	-99	-99	-99	-99
05.02.2011	0.313	5.893	-99	-99	-99	-99	-99	-99	-99	-99
06.02.2011	0.356	6.877	-99	-99	-99	-99	-99	-99	-99	-99
07.02.2011	0.407	6.119	-99	-99	-99	-99	-99	-99	-99	-99
08.02.2011	0.404	6.854	-99	-99	-99	-99	-99	-99	-99	-99
09.02.2011	0.396	5.975	-99	-99	-99	-99	-99	-99	-99	-99
10.02.2011	0.335	5.74	-99	-99	-99	-99	-99	-99	-99	-99
11.02.2011	0.297	5.576	-99	-99	-99	-99	-99	-99	-99	-99
12.02.2011	0.251	4.951	-99	-99	-99	-99	-99	-99	-99	-99
13.02.2011	0.2	4.683	-99	-99	-99	-99	-99	-99	-99	-99
14.02.2011	0.135	4.614	-99	-99	-99	-99	-99	-99	-99	-99
15.02.2011	0.108	4.114	-99	-99	-99	-99	-99	-99	-99	-99
16.02.2011	0.11	3.809	-99	-99	-99	-99	-99	-99	-99	-99
17.02.2011	0.113	3.563	-99	-99	-99	-99	-99	-99	-99	-99
18.02.2011	0.102	3.31	-99	-99	-99	-99	-99	-99	-99	-99
19.02.2011	0.904	3.908	-99	-99	-99	-99	-99	-99	-99	-99
20.02.2011	0.77	2.932	-99	-99	-99	-99	-99	-99	-99	-99
21.02.2011	0.68	2.802	-99	-99	-99	-99	-99	-99	-99	-99
22.02.2011	0.61	2.741	-99	-99	-99	-99	-99	-99	-99	-99
23.02.2011	0.535	2.63	-99	-99	-99	-99	-99	-99	-99	-99
24.02.2011	0.477	2.474	-99	-99	-99	-99	-99	-99	-99	-99
25.02.2011	0.438	2.397	-99	-99	-99	-99	-99	-99	-99	-99
26.02.2011	0.514	2.561	-99	-99	-99	-99	-99	-99	-99	-99
27.02.2011	0.51	2.749	-99	-99	-99	-99	-99	-99	-99	-99
28.02.2011	0.446	2.859	-99	-99	-99	-99	-99	-99	-99	-99
01.03.2011	0.41	2.872	-99	-99	-99	-99	-99	-99	-99	-99
02.03.2011	0.375	2.798	-99	-99	-99	-99	-99	-99	-99	-99
03.03.2011	0.461	2.978	-99	-99	-99	-99	-99	-99	-99	-99
04.03.2011	0.644	3.281	-99	-99	-99	-99	-99	-99	-99	-99
05.03.2011	0.11	3.82	-99	-99	-99	-99	-99	-99	-99	-99
06.03.2011	0.193	4.396	-99	-99	-99	-99	-99	-99	-99	-99
07.03.2011	0.217	4.162	-99	-99	-99	-99	-99	-99	-99	-99
08.03.2011	0.224	4.339	-99	-99	-99	-99	-99	-99	-99	-99
09.03.2011	0.236	4.552	-99	-99	-99	-99	-99	-99	-99	-99
10.03.2011	0.254	4.741	-99	-99	-99	-99	-99	-99	-99	-99
11.03.2011	0.228	4.62	-99	-99	-99	-99	-99	-99	-99	-99
12.03.2011	0.218	4.553	-99	-99	-99	-99	-99	-99	-99	-99
13.03.2011	0.192	4.392	-99	-99	-99	-99	-99	-99	-99	-99
14.03.2011	0.167	4.205	-99	-99	-99	-99	-99	-99	-99	-99
15.03.2011	0.139	3.95	-99	-99	-99	-99	-99	-99	-99	-99
16.03.2011	0.113	3.823	-99	-99	-99	-99	-99	-99	-99	-99
17.03.2011	0.95	3.654	-99	-99	-99	-99	-99	-99	-99	-99
18.03.2011	0.832	3.566	-99	-99	-99	-99	-99	-99	-99	-99
19.03.2011	0.81	3.482	-99	-99	-99	-99	-99	-99	-99	-99
20.03.2011	0.722	3.344	-99	-99	-99	-99	-99	-99	-99	-99
21.03.2011	0.187	4.67	-99	-99	-99	-99	-99	-99	-99	-99
22.03.2011	7.583	12.53	-99	-99	-99	-99	-99	-99	-99	-99
23.03.2011	2.57	18.739	-99	-99	-99	-99	-99	-99	-99	-99
24.03.2011	0.57	22.812	-99	-99	-99	-99	-99	-99	-99	-99
25.03.2011	0.627	22.356	-99	-99	-99	-99	-99	-99	-99	-99
26.03.2011	1.732	20.584	-99	-99	-99	-99	-99	-99	-99	-99
27.03.2011	0.82	18.63	-99	-99	-99	-99	-99	-99	-99	-99
28.03.2011	0.702	16.911	-99	-99	-99	-99	-99	-99	-99	-99
29.03.2011	0.629	15.572	-99	-99	-99	-99	-99	-99	-99	-99
30.03.2011	0.52	14.135	-99	-99	-99	-99	-99	-99	-99	-99
31.03.2011	0.369	12.677	-99	-99	-99	-99	-99	-99	-99	-99
01.04.2011	0.341	11.513	-99	-99	-99	-99	-99	-99	-99	-99
02.04.2011	0.546	11.905	-99	-99	-99	-99	-99	-99	-99	-99
03.04.2011	1.088	18.514	-99	-99	-99	-99	-99	-99	-99	-99
04.04.2011	0.786	21.868	-99	-99	-99	-99	-99	-99	-99	-99
05.04.2011	0.579	22.7	-99	-99	-99	-99	-99	-99	-99	-99
06.04.2011	0.599	24.604	-99	-99	-99	-99	-99	-99	-99	-99
07.04.2011	0.754	27.506	-99	-99	-99	-99	-99	-99	-99	-99
08.04.2011	0.759	30.384	-99	-99	-99	-99	-99	-99	-99	-99
09.04.2011	0.661	30.796	-99	-99	-99	-99	-99	-99	-99	-99
10.04.2011	0.568	28.287	-99	-99	-99	-99	-99	-99	-99	-99
11.04.2011	0.954	28.21	-99	-99	-99	-99	-99	-99	-99	-99
12.04.2011	1.714	33.715	-99	-99	-99	-99	-99	-99	-99	-99
13.04.2011	1.644	34.675	-99	-99	-99	-99	-99	-99	-99	-99
14.04.2011	0.809	32.255	-99	-99	-99	-99	-99	-99	-99	-99
15.04.2011	0.717	29.619	-99	-99	-99	-99	-99	-99	-99	-99
16.04.2011	0.8	28.16	-99	-99	-99	-99	-99	-99	-99	-99
17.04.2011	1.17	28.621	-99	-99	-99	-99	-99	-99	-99	-99
18.04.2011	1.95	32.673	-99	-99	-99	-99	-99	-99	-99	-99
19.04.2011	1.786	36.167	-99	-99	-99	-99	-99	-99	-99	-99
20.04.2011	1.667	38.617	-99	-99	-99	-99	-99	-99	-99	-99
21.04.2011	1.649	39.996	-99	-99	-99	-99	-99	-99	-99	-99
22.04.2011	2.652	39.928	-99	-99	-99	-99	-99	-99	-99	-99
23.04.2011	2.576	42.725	-99	-99	-99	-99	-99	-99	-99	-99
24.04.2011	3.364	50.273	-99	-99	-99	-99	-99	-99	-99	-99
25.04.2011	3.149	55.687	-99	-99	-99	-99	-99	-99	-99	-99
26.04.2011	2.55	55.747	-99	-99	-99	-99	-99	-99	-99	-99
27.04.2011	2.769	50.672	-99	-99	-99	-99	-99	-99	-99	-99
28.04.2011	1.96	45.425	-99	-99	-99	-99	-99	-99	-99	-99
29.04.2011	2.754	41.639	-99	-99	-99	-99	-99	-99	-99	-99
30.04.2011	2.276	39.776	-99	-99	-99	-99	-99	-99	-99	-99
01.05.2011	2.305	38.765	-99	-99	-99	-99	-99	-99	-99	-99
02.05.2011	2.212	37.16	-99	-99	-99	-99	-99	-99	-99	-99
03.05.2011	2.993	35.396	-99	-99	-99	-99	-99	-99	-99	-99
04.05.2011	1.943	33.359	-99	-99	-99	-99	-99	-99	-99	-99
05.05.2011	1.719	31.971	-99	-99	-99	-99	-99	-99	-99	-99
06.05.2011	1.531	28.892	-99	-99	-99	-99	-99	-99	-99	-99
07.05.2011	1.834	27.312	-99	-99	-99	-99	-99	-99	-99	-99
08.05.2011	3.305	28.711	-99	-99	-99	-99	-99	-99	-99	-99
09.05.2011	5.457	37.178	-99	-99	-99	-99	-99	-99	-99	-99
10.05.2011	6.442	51.218	-99	-99	-99	-99	-99	-99	-99	-99
11.05.2011	6.237	64.756	-99	-99	-99	-99	-99	-99	-99	-99
12.05.2011	5.314	69.43	-99	-99	-99	-99	-99	-99	-99	-99
13.05.2011	4.607	68.215	-99	-99	-99	-99	-99	-99	-99	-99
14.05.2011	4.202	65.482	-99	-99	-99	-99	-99	-99	-99	-99
15.05.2011	3.778	60.857	-99	-99	-99	-99	-99	-99	-99	-99
16.05.2011	3.442	57.944	-99	-99	-99	-99	-99	-99	-99	-99
17.05.2011	2.731	53.552	-99	-99	-99	-99	-99	-99	-99	-99
18.05.2011	2.358	48.658	-99	-99	-99	-99	-99	-99	-99	-99
19.05.2011	2.555	44.308	-99	-99	-99	-99	-99	-99	-99	-99
20.05.2011	2.033	42.462	-99	-99	-99	-99	-99	-99	-99	-99
21.05.2011	2.162	39.482	-99	-99	-99	-99	-99	-99	-99	-99
22.05.2011	2.536	36.415	-99	-99	-99	-99	-99	-99	-99	-99
23.05.2011	3.559	38.755	-99	-99	-99	-99	-99	-99	-99	-99
24.05.2011	3.125	41.587	-99	-99	-99	-99	-99	-99	-99	-99
25.05.2011	2.634	44.217	-99	-99	-99	-99	-99	-99	-99	-99
26.05.2011	2.451	44.438	-99	-99	-99	-99	-99	-99	-99	-99
27.05.2011	2.323	40.998	-99	-99	-99	-99	-99	-99	-99	-99
28.05.2011	2.383	38.2	-99	-99	-99	-99	-99	-99	-99	-99
29.05.2011	2.363	35.813	-99	-99	-99	-99	-99	-99	-99	-99
30.05.2011	2.35	34.279	-99	-99	-99	-99	-99	-99	-99	-99
31.05.2011	2.227	32.624	-99	-99	-99	-99	-99	-99	-99	-99
01.06.2011	2.301	31.505	-99	-99	-99	-99	-99	-99	-99	-99
02.06.2011	3.552	32.22	-99	-99	-99	-99	-99	-99	-99	-99
03.06.2011	5.924	38.471	-99	-99	-99	-99	-99	-99	-99	-99
04.06.2011	8.344	55.471	-99	-99	-99	-99	-99	-99	-99	-99
05.06.2011	6.681	68.443	-99	-99	-99	-99	-99	-99	-99	-99
06.06.2011	7.166	70.742	-99	-99	-99	-99	-99	-99	-99	-99
07.06.2011	9.635	89.973	-99	-99	-99	-99	-99	-99	-99	-99
08.06.2011	9.594	109.836	-99	-99	-99	-99	-99	-99	-99	-99
09.06.2011	8.635	126.955	-99	-99	-99	-99	-99	-99	-99	-99
10.06.2011	10.516	147.924	-99	-99	-99	-99	-99	-99	-99	-99
11.06.2011	10.461	146.994	-99	-99	-99	-99	-99	-99	-99	-99
12.06.2011	10.957	149.287	-99	-99	-99	-99	-99	-99	-99	-99
13.06.2011	8.746	141.531	-99	-99	-99	-99	-99	-99	-99	-99
14.06.2011	7.723	127.961	-99	-99	-99	-99	-99	-99	-99	-99
15.06.2011	6.887	115.389	-99	-99	-99	-99	-99	-99	-99	-99
16.06.2011	6.58	101.965	-99	-99	-99	-99	-99	-99	-99	-99
17.06.2011	5.797	93.466	-99	-99	-99	-99	-99	-99	-99	-99
18.06.2011	5.815	87.167	-99	-99	-99	-99	-99	-99	-99	-99
19.06.2011	6.483	83.249	-99	-99	-99	-99	-99	-99	-99	-99
20.06.2011	6.574	82.852	-99	-99	-99	-99	-99	-99	-99	-99
21.06.2011	5.806	80.782	-99	-99	-99	-99	-99	-99	-99	-99
22.06.2011	5.127	75.115	-99	-99	-99	-99	-99	-99	-99	-99
23.06.2011	4.993	70.289	-99	-99	-99	-99	-99	-99	-99	-99
24.06.2011	4.542	67.471	-99	-99	-99	-99	-99	-99	-99	-99
25.06.2011	4.16	64.411	-99	-99	-99	-99	-99	-99	-99	-99
26.06.2011	4.254	60.745	-99	-99	-99	-99	-99	-99	-99	-99
27.06.2011	5.284	60.227	-99	-99	-99	-99	-99	-99	-99	-99
28.06.2011	6.914	88.388	-99	-99	-99	-99	-99	-99	-99	-99
29.06.2011	7.979	143.875	-99	-99	-99	-99	-99	-99	-99	-99
30.06.2011	8.738	171.699	-99	-99	-99	-99	-99	-99	-99	-99
01.07.2011	7.263	151.968	-99	-99	-99	-99	-99	-99	-99	-99
02.07.2011	6.378	129.404	-99	-99	-99	-99	-99	-99	-99	-99
03.07.2011	7.291	121.317	-99	-99	-99	-99	-99	-99	-99	-99
04.07.2011	6.662	118.806	-99	-99	-99	-99	-99	-99	-99	-99
05.07.2011	5.941	110.976	-99	-99	-99	-99	-99	-99	-99	-99
06.07.2011	5.902	104.844	-99	-99	-99	-99	-99	-99	-99	-99
07.07.2011	6.12	103.641	-99	-99	-99	-99	-99	-99	-99	-99
08.07.2011	5.597	100.149	-99	-99	-99	-99	-99	-99	-99	-99
09.07.2011	5.527	97.603	-99	-99	-99	-99	-99	-99	-99	-99
10.07.2011	4.883	93.933	-99	-99	-99	-99	-99	-99	-99	-99
11.07.2011	4.2	87.34	-99	-99	-99	-99	-99	-99	-99	-99
12.07.2011	5.287	82.847	-99	-99	-99	-99	-99	-99	-99	-99
13.07.2011	3.966	76.528	-99	-99	-99	-99	-99	-99	-99	-99
14.07.2011	3.292	66.909	-99	-99	-99	-99	-99	-99	-99	-99
15.07.2011	2.738	59.522	-99	-99	-99	-99	-99	-99	-99	-99
16.07.2011	2.829	55.911	-99	-99	-99	-99	-99	-99	-99	-99
17.07.2011	3.655	54.482	-99	-99	-99	-99	-99	-99	-99	-99
18.07.2011	3.255	56.265	-99	-99	-99	-99	-99	-99	-99	-99
19.07.2011	2.895	57.261	-99	-99	-99	-99	-99	-99	-99	-99
20.07.2011	2.814	57.71	-99	-99	-99	-99	-99	-99	-99	-99
21.07.2011	2.715	58.214	-99	-99	-99	-99	-99	-99	-99	-99
22.07.2011	2.777	57.815	-99	-99	-99	-99	-99	-99	-99	-99
23.07.2011	4.397	60.56	-99	-99	-99	-99	-99	-99	-99	-99
24.07.2011	5.131	70.888	-99	-99	-99	-99	-99	-99	-99	-99
25.07.2011	6.923	89.979	-99	-99	-99	-99	-99	-99	-99	-99
26.07.2011	6.31	99.484	-99	-99	-99	-99	-99	-99	-99	-99
27.07.2011	4.505	94.271	-99	-99	-99	-99	-99	-99	-99	-99
28.07.2011	3.48	85.383	-99	-99	-99	-99	-99	-99	-99	-99
29.07.2011	3.138	77.763	-99	-99	-99	-99	-99	-99	-99	-99
30.07.2011	2.66	71.831	-99	-99	-99	-99	-99	-99	-99	-99
31.07.2011	2.489	67.413	-99	-99	-99	-99	-99	-99	-99	-99
01.08.2011	2.329	64.885	-99	-99	-99	-99	-99	-99	-99	-99
02.08.2011	2.332	63.199	-99	-99	-99	-99	-99	-99	-99	-99
03.08.2011	2.719	65.324	-99	-99	-99	-99	-99	-99	-99	-99
04.08.2011	2.566	66.676	-99	-99	-99	-99	-99	-99	-99	-99
05.08.2011	2.401	65.141	-99	-99	-99	-99	-99	-99	-99	-99
06.08.2011	2.371	64.31	-99	-99	-99	-99	-99	-99	-99	-99
07.08.2011	2.26	61.26	-99	-99	-99	-99	-99	-99	-99	-99
08.08.2011	2.321	58.801	-99	-99	-99	-99	-99	-99	-99	-99
09.08.2011	3.109	57.822	-99	-99	-99	-99	-99	-99	-99	-99
10.08.2011	2.572	58.801	-99	-99	-99	-99	-99	-99	-99	-99
11.08.2011	1.943	52.741	-99	-99	-99	-99	-99	-99	-99	-99
12.08.2011	1.579	46.153	-99	-99	-99	-99	-99	-99	-99	-99
13.08.2011	1.391	40.64	-99	-99	-99	-99	-99	-99	-99	-99
14.08.2011	1.391	38.424	-99	-99	-99	-99	-99	-99	-99	-99
15.08.2011	2.9	41.234	-99	-99	-99	-99	-99	-99	-99	-99
16.08.2011	3.531	52.409	-99	-99	-99	-99	-99	-99	-99	-99
17.08.2011	2.341	54.243	-99	-99	-99	-99	-99	-99	-99	-99
18.08.2011	1.897	50.652	-99	-99	-99	-99	-99	-99	-99	-99
19.08.2011	1.693	46.321	-99	-99	-99	-99	-99	-99	-99	-99
20.08.2011	1.595	42.81	-99	-99	-99	-99	-99	-99	-99	-99
21.08.2011	1.481	39.989	-99	-99	-99	-99	-99	-99	-99	-99
22.08.2011	1.523	38.698	-99	-99	-99	-99	-99	-99	-99	-99
23.08.2011	1.48	37.528	-99	-99	-99	-99	-99	-99	-99	-99
24.08.2011	1.422	36.891	-99	-99	-99	-99	-99	-99	-99	-99
25.08.2011	1.653	38.623	-99	-99	-99	-99	-99	-99	-99	-99
26.08.2011	1.737	40.941	-99	-99	-99	-99	-99	-99	-99	-99
27.08.2011	2.473	48.471	-99	-99	-99	-99	-99	-99	-99	-99
28.08.2011	6.279	75.87	-99	-99	-99	-99	-99	-99	-99	-99
29.08.2011	4.794	91.708	-99	-99	-99	-99	-99	-99	-99	-99
30.08.2011	2.914	80.871	-99	-99	-99	-99	-99	-99	-99	-99
31.08.2011	2.698	72.197	-99	-99	-99	-99	-99	-99	-99	-99
01.09.2011	2.931	63.376	-99	-99	-99	-99	-99	-99	-99	-99
02.09.2011	1.765	54.381	-99	-99	-99	-99	-99	-99	-99	-99
03.09.2011	1.752	49.431	-99	-99	-99	-99	-99	-99	-99	-99
04.09.2011	2.595	51.623	-99	-99	-99	-99	-99	-99	-99	-99
05.09.2011	1.971	54.917	-99	-99	-99	-99	-99	-99	-99	-99
06.09.2011	2.525	57.754	-99	-99	-99	-99	-99	-99	-99	-99
07.09.2011	1.927	56.696	-99	-99	-99	-99	-99	-99	-99	-99
08.09.2011	1.933	55.422	-99	-99	-99	-99	-99	-99	-99	-99
09.09.2011	1.507	49.121	-99	-99	-99	-99	-99	-99	-99	-99
10.09.2011	1.233	42.498	-99	-99	-99	-99	-99	-99	-99	-99
11.09.2011	1.469	39.48	-99	-99	-99	-99	-99	-99	-99	-99
12.09.2011	1.451	40.379	-99	-99	-99	-99	-99	-99	-99	-99
13.09.2011	1.626	40.575	-99	-99	-99	-99	-99	-99	-99	-99
14.09.2011	2.81	46.654	-99	-99	-99	-99	-99	-99	-99	-99
15.09.2011	3.177	50.993	-99	-99	-99	-99	-99	-99	-99	-99
16.09.2011	2.343	48.281	-99	-99	-99	-99	-99	-99	-99	-99
17.09.2011	1.748	42.369	-99	-99	-99	-99	-99	-99	-99	-99
18.09.2011	1.383	36.815	-99	-99	-99	-99	-99	-99	-99	-99
19.09.2011	1.144	31.596	-99	-99	-99	-99	-99	-99	-99	-99
20.09.2011	1.293	28.753	-99	-99	-99	-99	-99	-99	-99	-99
21.09.2011	1.211	26.94	-99	-99	-99	-99	-99	-99	-99	-99
22.09.2011	1.29	24.991	-99	-99	-99	-99	-99	-99	-99	-99
23.09.2011	1.526	24.597	-99	-99	-99	-99	-99	-99	-99	-99
24.09.2011	1.38	23.895	-99	-99	-99	-99	-99	-99	-99	-99
25.09.2011	1.272	22.981	-99	-99	-99	-99	-99	-99	-99	-99
26.09.2011	2.126	24.418	-99	-99	-99	-99	-99	-99	-99	-99
27.09.2011	2.529	32.641	-99	-99	-99	-99	-99	-99	-99	-99
28.09.2011	7.107	43.728	-99	-99	-99	-99	-99	-99	-99	-99
29.09.2011	4.757	59.469	-99	-99	-99	-99	-99	-99	-99	-99
30.09.2011	3.259	62.334	-99	-99	-99	-99	-99	-99	-99	-99
01.10.2011	2.536	60.338	-99	-99	-99	-99	-99	-99	-99	-99
02.10.2011	4.885	67.193	-99	-99	-99	-99	-99	-99	-99	-99
03.10.2011	2.812	65.844	-99	-99	-99	-99	-99	-99	-99	-99
04.10.2011	4.659	66.307	-99	-99	-99	-99	-99	-99	-99	-99
05.10.2011	3.88	71.349	-99	-99	-99	-99	-99	-99	-99	-99
06.10.2011	6.751	81.317	-99	-99	-99	-99	-99	-99	-99	-99
07.10.2011	4.17	87.956	-99	-99	-99	-99	-99	-99	-99	-99
08.10.2011	3.418	81.931	-99	-99	-99	-99	-99	-99	-99	-99
09.10.2011	2.38	69.146	-99	-99	-99	-99	-99	-99	-99	-99
10.10.2011	2.26	62.827	-99	-99	-99	-99	-99	-99	-99	-99
11.10.2011	2.809	59.804	-99	-99	-99	-99	-99	-99	-99	-99
12.10.2011	1.894	54.976	-99	-99	-99	-99	-99	-99	-99	-99
13.10.2011	1.651	48.791	-99	-99	-99	-99	-99	-99	-99	-99
14.10.2011	1.411	41.578	-99	-99	-99	-99	-99	-99	-99	-99
15.10.2011	1.423	35.937	-99	-99	-99	-99	-99	-99	-99	-99
16.10.2011	1.795	33.643	-99	-99	-99	-99	-99	-99	-99	-99
17.10.2011	1.776	32.369	-99	-99	-99	-99	-99	-99	-99	-99
18.10.2011	2.412	32.284	-99	-99	-99	-99	-99	-99	-99	-99
19.10.2011	1.448	31.576	-99	-99	-99	-99	-99	-99	-99	-99
20.10.2011	1.265	29.487	-99	-99	-99	-99	-99	-99	-99	-99
21.10.2011	1.163	27.173	-99	-99	-99	-99	-99	-99	-99	-99
22.10.2011	2.276	26.966	-99	-99	-99	-99	-99	-99	-99	-99
23.10.2011	2.648	28.845	-99	-99	-99	-99	-99	-99	-99	-99
24.10.2011	1.66	28.371	-99	-99	-99	-99	-99	-99	-99	-99
25.10.2011	1.437	26.873	-99	-99	-99	-99	-99	-99	-99	-99
26.10.2011	1.142	23.94	-99	-99	-99	-99	-99	-99	-99	-99
27.10.2011	1.169	21.458	-99	-99	-99	-99	-99	-99	-99	-99
28.10.2011	1.869	20.659	-99	-99	-99	-99	-99	-99	-99	-99
29.10.2011	1.313	20.83	-99	-99	-99	-99	-99	-99	-99	-99
30.10.2011	2.447	21.315	-99	-99	-99	-99	-99	-99	-99	-99
31.10.2011	3.827	28.146	-99	-99	-99	-99	-99	-99	-99	-99
01.11.2011	5.995	39.873	-99	-99	-99	-99	-99	-99	-99	-99
02.11.2011	5.864	52.774	-99	-99	-99	-99	-99	-99	-99	-99
03.11.2011	2.982	51.786	-99	-99	-99	-99	-99	-99	-99	-99
04.11.2011	2.48	46.358	-99	-99	-99	-99	-99	-99	-99	-99
05.11.2011	3.318	43.673	-99	-99	-99	-99	-99	-99	-99	-99
06.11.2011	3.195	44.191	-99	-99	-99	-99	-99	-99	-99	-99
07.11.2011	2.311	42.282	-99	-99	-99	-99	-99	-99	-99	-99
08.11.2011	1.836	37.694	-99	-99	-99	-99	-99	-99	-99	-99
09.11.2011	1.602	33.232	-99	-99	-99	-99	-99	-99	-99	-99
10.11.2011	1.466	29.836	-99	-99	-99	-99	-99	-99	-99	-99
11.11.2011	1.189	26.811	-99	-99	-99	-99	-99	-99	-99	-99
12.11.2011	0.939	23.76	-99	-99	-99	-99	-99	-99	-99	-99
13.11.2011	0.874	21.354	-99	-99	-99	-99	-99	-99	-99	-99
14.11.2011	0.762	19.411	-99	-99	-99	-99	-99	-99	-99	-99
15.11.2011	0.597	17.535	-99	-99	-99	-99	-99	-99	-99	-99
16.11.2011	0.457	15.849	-99	-99	-99	-99	-99	-99	-99	-99
17.11.2011	0.374	14.299	-99	-99	-99	-99	-99	-99	-99	-99
18.11.2011	0.897	13.315	-99	-99	-99	-99	-99	-99	-99	-99
19.11.2011	1.757	15.349	-99	-99	-99	-99	-99	-99	-99	-99
20.11.2011	2.322	19.457	-99	-99	-99	-99	-99	-99	-99	-99
21.11.2011	1.6	20.898	-99	-99	-99	-99	-99	-99	-99	-99
22.11.2011	1.204	20.408	-99	-99	-99	-99	-99	-99	-99	-99
23.11.2011	1.602	19.327	-99	-99	-99	-99	-99	-99	-99	-99
24.11.2011	1.198	20.635	-99	-99	-99	-99	-99	-99	-99	-99
25.11.2011	1.466	22.154	-99	-99	-99	-99	-99	-99	-99	-99
26.11.2011	1.436	24.927	-99	-99	-99	-99	-99	-99	-99	-99
27.11.2011	1.784	29.872	-99	-99	-99	-99	-99	-99	-99	-99
28.11.2011	1.583	32.603	-99	-99	-99	-99	-99	-99	-99	-99
29.11.2011	1.618	32.114	-99	-99	-99	-99	-99	-99	-99	-99
30.11.2011	2.771	39.351	-99	-99	-99	-99	-99	-99	-99	-99
01.12.2011	1.593	40.632	-99	-99	-99	-99	-99	-99	-99	-99
02.12.2011	1.408	40.173	-99	-99	-99	-99	-99	-99	-99	-99
03.12.2011	1.18	36.134	-99	-99	-99	-99	-99	-99	-99	-99
04.12.2011	1.943	32.896	-99	-99	-99	-99	-99	-99	-99	-99
05.12.2011	1.222	30.945	-99	-99	-99	-99	-99	-99	-99	-99
06.12.2011	0.948	28.197	-99	-99	-99	-99	-99	-99	-99	-99
07.12.2011	0.872	24.869	-99	-99	-99	-99	-99	-99	-99	-99
08.12.2011	0.794	22.178	-99	-99	-99	-99	-99	-99	-99	-99
09.12.2011	0.714	19.665	-99	-99	-99	-99	-99	-99	-99	-99
10.12.2011	0.631	17.504	-99	-99	-99	-99	-99	-99	-99	-99
11.12.2011	0.584	15.854	-99	-99	-99	-99	-99	-99	-99	-99
12.12.2011	0.452	14.506	-99	-99	-99	-99	-99	-99	-99	-99
13.12.2011	0.405	13.418	-99	-99	-99	-99	-99	-99	-99	-99
14.12.2011	0.387	12.342	-99	-99	-99	-99	-99	-99	-99	-99
15.12.2011	0.458	12.361	-99	-99	-99	-99	-99	-99	-99	-99
16.12.2011	0.463	11.68	-99	-99	-99	-99	-99	-99	-99	-99
17.12.2011	0.407	11.249	-99	-99	-99	-99	-99	-99	-99	-99
18.12.2011	0.367	10.606	-99	-99	-99	-99	-99	-99	-99	-99
19.12.2011	0.372	10.612	-99	-99	-99	-99	-99	-99	-99	-99
20.12.2011	0.394	10.144	-99	-99	-99	-99	-99	-99	-99	-99
21.12.2011	0.355	9.511	-99	-99	-99	-99	-99	-99	-99	-99
22.12.2011	0.31	9.281	-99	-99	-99	-99	-99	-99	-99	-99
23.12.2011	0.496	9.427	-99	-99	-99	-99	-99	-99	-99	-99
24.12.2011	0.602	10.926	-99	-99	-99	-99	-99	-99	-99	-99
25.12.2011	0.483	12.378	-99	-99	-99	-99	-99	-99	-99	-99
26.12.2011	1.405	17.097	-99	-99	-99	-99	-99	-99	-99	-99
27.12.2011	4.503	38.455	-99	-99	-99	-99	-99	-99	-99	-99
28.12.2011	2.144	42.514	-99	-99	-99	-99	-99	-99	-99	-99
29.12.2011	1.871	38.751	-99	-99	-99	-99	-99	-99	-99	-99
30.12.2011	1.724	34.298	-99	-99	-99	-99	-99	-99	-99	-99
31.12.2011	1.444	30.781	-99	-99	-99	-99	-99	-99	-99	-99
01.01.2012	1.142	26.691	-99	-99	-99	-99	-99	-99	-99	-99
02.01.2012	0.946	23.736	-99	-99	-99	-99	-99	-99	-99	-99
03.01.2012	0.9	21.414	-99	-99	-99	-99	-99	-99	-99	-99
04.01.2012	0.723	19.156	-99	-99	-99	-99	-99	-99	-99	-99
05.01.2012	0.705	17.589	-99	-99	-99	-99	-99	-99	-99	-99
06.01.2012	0.656	15.848	-99	-99	-99	-99	-99	-99	-99	-99
07.01.2012	0.613	14.712	-99	-99	-99	-99	-99	-99	-99	-99
08.01.2012	0.605	13.509	-99	-99	-99	-99	-99	-99	-99	-99
09.01.2012	0.564	12.534	-99	-99	-99	-99	-99	-99	-99	-99
10.01.2012	0.553	11.944	-99	-99	-99	-99	-99	-99	-99	-99
11.01.2012	0.556	12.433	-99	-99	-99	-99	-99	-99	-99	-99
12.01.2012	0.545	12.531	-99	-99	-99	-99	-99	-99	-99	-99
13.01.2012	0.514	12.366	-99	-99	-99	-99	-99	-99	-99	-99
14.01.2012	0.477	11.86	-99	-99	-99	-99	-99	-99	-99	-99
15.01.2012	0.459	11.329	-99	-99	-99	-99	-99	-99	-99	-99
16.01.2012	0.428	10.719	-99	-99	-99	-99	-99	-99	-99	-99
17.01.2012	0.376	10.147	-99	-99	-99	-99	-99	-99	-99	-99
18.01.2012	0.392	9.674	-99	-99	-99	-99	-99	-99	-99	-99
19.01.2012	0.389	10.154	-99	-99	-99	-99	-99	-99	-99	-99
20.01.2012	0.367	9.886	-99	-99	-99	-99	-99	-99	-99	-99
21.01.2012	0.352	9.372	-99	-99	-99	-99	-99	-99	-99	-99
22.01.2012	0.358	8.658	-99	-99	-99	-99	-99	-99	-99	-99
23.01.2012	0.358	8.147	-99	-99	-99	-99	-99	-99	-99	-99
24.01.2012	0.308	7.583	-99	-99	-99	-99	-99	-99	-99	-99
25.01.2012	0.297	7.238	-99	-99	-99	-99	-99	-99	-99	-99
26.01.2012	0.294	7.186	-99	-99	-99	-99	-99	-99	-99	-99
27.01.2012	0.303	6.375	-99	-99	-99	-99	-99	-99	-99	-99
28.01.2012	0.294	5.751	-99	-99	-99	-99	-99	-99	-99	-99
29.01.2012	0.273	5.624	-99	-99	-99	-99	-99	-99	-99	-99
30.01.2012	0.276	5.143	-99	-99	-99	-99	-99	-99	-99	-99
31.01.2012	0.271	4.754	-99	-99	-99	-99	-99	-99	-99	-99
01.02.2012	0.265	4.54	-99	-99	-99	-99	-99	-99	-99	-99
02.02.2012	0.234	4.466	-99	-99	-99	-99	-99	-99	-99	-99
03.02.2012	0.23	4.377	-99	-99	-99	-99	-99	-99	-99	-99
04.02.2012	0.213	4.144	-99	-99	-99	-99	-99	-99	-99	-99
05.02.2012	0.201	3.992	-99	-99	-99	-99	-99	-99	-99	-99
06.02.2012	0.198	3.955	-99	-99	-99	-99	-99	-99	-99	-99
07.02.2012	0.191	3.842	-99	-99	-99	-99	-99	-99	-99	-99
08.02.2012	0.18	3.726	-99	-99	-99	-99	-99	-99	-99	-99
09.02.2012	0.169	3.616	-99	-99	-99	-99	-99	-99	-99	-99
10.02.2012	0.157	3.515	-99	-99	-99	-99	-99	-99	-99	-99
11.02.2012	0.147	3.426	-99	-99	-99	-99	-99	-99	-99	-99
12.02.2012	0.156	3.33	-99	-99	-99	-99	-99	-99	-99	-99
13.02.2012	0.163	3.364	-99	-99	-99	-99	-99	-99	-99	-99
14.02.2012	0.193	3.497	-99	-99	-99	-99	-99	-99	-99	-99
15.02.2012	0.153	3.983	-99	-99	-99	-99	-99	-99	-99	-99
16.02.2012	0.472	4.112	-99	-99	-99	-99	-99	-99	-99	-99
17.02.2012	0.48	4.267	-99	-99	-99	-99	-99	-99	-99	-99
18.02.2012	0.47	4.384	-99	-99	-99	-99	-99	-99	-99	-99
19.02.2012	0.495	4.426	-99	-99	-99	-99	-99	-99	-99	-99
20.02.2012	0.49	4.577	-99	-99	-99	-99	-99	-99	-99	-99
21.02.2012	0.518	4.821	-99	-99	-99	-99	-99	-99	-99	-99
22.02.2012	0.486	5.313	-99	-99	-99	-99	-99	-99	-99	-99
23.02.2012	0.513	6.818	-99	-99	-99	-99	-99	-99	-99	-99
24.02.2012	0.557	7.407	-99	-99	-99	-99	-99	-99	-99	-99
25.02.2012	0.491	9.387	-99	-99	-99	-99	-99	-99	-99	-99
26.02.2012	0.597	9.46	-99	-99	-99	-99	-99	-99	-99	-99
27.02.2012	0.524	9.202	-99	-99	-99	-99	-99	-99	-99	-99
28.02.2012	0.665	10.454	-99	-99	-99	-99	-99	-99	-99	-99
29.02.2012	1.626	14.943	-99	-99	-99	-99	-99	-99	-99	-99
01.03.2012	1.411	18.151	-99	-99	-99	-99	-99	-99	-99	-99
02.03.2012	1.18	21.381	-99	-99	-99	-99	-99	-99	-99	-99
03.03.2012	0.822	21.075	-99	-99	-99	-99	-99	-99	-99	-99
04.03.2012	0.649	19.747	-99	-99	-99	-99	-99	-99	-99	-99
05.03.2012	0.536	17.868	-99	-99	-99	-99	-99	-99	-99	-99
06.03.2012	0.433	16.171	-99	-99	-99	-99	-99	-99	-99	-99
07.03.2012	0.38	14.725	-99	-99	-99	-99	-99	-99	-99	-99
08.03.2012	0.338	13.788	-99	-99	-99	-99	-99	-99	-99	-99
09.03.2012	0.602	15.3	-99	-99	-99	-99	-99	-99	-99	-99
10.03.2012	0.828	19.42	-99	-99	-99	-99	-99	-99	-99	-99
11.03.2012	0.776	20.377	-99	-99	-99	-99	-99	-99	-99	-99
12.03.2012	1.208	22.713	-99	-99	-99	-99	-99	-99	-99	-99
13.03.2012	1.742	30.54	-99	-99	-99	-99	-99	-99	-99	-99
14.03.2012	1.583	36.655	-99	-99	-99	-99	-99	-99	-99	-99
15.03.2012	1.147	36.282	-99	-99	-99	-99	-99	-99	-99	-99
16.03.2012	0.877	33.787	-99	-99	-99	-99	-99	-99	-99	-99
17.03.2012	0.819	32.366	-99	-99	-99	-99	-99	-99	-99	-99
18.03.2012	0.688	29.983	-99	-99	-99	-99	-99	-99	-99	-99
19.03.2012	0.64	27.383	-99	-99	-99	-99	-99	-99	-99	-99
20.03.2012	0.604	25.213	-99	-99	-99	-99	-99	-99	-99	-99
21.03.2012	1.734	28.862	-99	-99	-99	-99	-99	-99	-99	-99
22.03.2012	2.946	36.701	-99	-99	-99	-99	-99	-99	-99	-99
23.03.2012	2.221	42.209	-99	-99	-99	-99	-99	-99	-99	-99
24.03.2012	1.477	40.453	-99	-99	-99	-99	-99	-99	-99	-99
25.03.2012	1.14	36.565	-99	-99	-99	-99	-99	-99	-99	-99
26.03.2012	1.127	33.279	-99	-99	-99	-99	-99	-99	-99	-99
27.03.2012	2.575	34.865	-99	-99	-99	-99	-99	-99	-99	-99
28.03.2012	2.686	40.903	-99	-99	-99	-99	-99	-99	-99	-99
29.03.2012	1.881	44.904	-99	-99	-99	-99	-99	-99	-99	-99
30.03.2012	1.378	40.851	-99	-99	-99	-99	-99	-99	-99	-99
31.03.2012	1.145	36.422	-99	-99	-99	-99	-99	-99	-99	-99
01.04.2012	1.391	31.873	-99	-99	-99	-99	-99	-99	-99	-99
02.04.2012	1.817	28.374	-99	-99	-99	-99	-99	-99	-99	-99
03.04.2012	1.852	25.126	-99	-99	-99	-99	-99	-99	-99	-99
04.04.2012	0.985	22.132	-99	-99	-99	-99	-99	-99	-99	-99
05.04.2012	0.697	19.767	-99	-99	-99	-99	-99	-99	-99	-99
06.04.2012	0.637	17.739	-99	-99	-99	-99	-99	-99	-99	-99
07.04.2012	0.597	15.981	-99	-99	-99	-99	-99	-99	-99	-99
08.04.2012	0.525	14.462	-99	-99	-99	-99	-99	-99	-99	-99
09.04.2012	0.453	13.197	-99	-99	-99	-99	-99	-99	-99	-99
10.04.2012	0.412	12.294	-99	-99	-99	-99	-99	-99	-99	-99
11.04.2012	0.391	11.289	-99	-99	-99	-99	-99	-99	-99	-99
12.04.2012	0.37	10.904	-99	-99	-99	-99	-99	-99	-99	-99
13.04.2012	0.348	10.354	-99	-99	-99	-99	-99	-99	-99	-99
14.04.2012	0.334	9.981	-99	-99	-99	-99	-99	-99	-99	-99
15.04.2012	0.313	9.557	-99	-99	-99	-99	-99	-99	-99	-99
16.04.2012	0.303	9.13	-99	-99	-99	-99	-99	-99	-99	-99
17.04.2012	0.284	8.503	-99	-99	-99	-99	-99	-99	-99	-99
18.04.2012	0.258	8.219	-99	-99	-99	-99	-99	-99	-99	-99
19.04.2012	0.25	7.625	-99	-99	-99	-99	-99	-99	-99	-99
20.04.2012	0.264	7.453	-99	-99	-99	-99	-99	-99	-99	-99
21.04.2012	0.295	7.172	-99	-99	-99	-99	-99	-99	-99	-99
22.04.2012	0.286	7.106	-99	-99	-99	-99	-99	-99	-99	-99
23.04.2012	0.33	7.651	-99	-99	-99	-99	-99	-99	-99	-99
24.04.2012	0.362	7.236	-99	-99	-99	-99	-99	-99	-99	-99
25.04.2012	0.379	7.603	-99	-99	-99	-99	-99	-99	-99	-99
26.04.2012	0.666	8.332	-99	-99	-99	-99	-99	-99	-99	-99
27.04.2012	0.78	9.478	-99	-99	-99	-99	-99	-99	-99	-99
28.04.2012	0.627	10.487	-99	-99	-99	-99	-99	-99	-99	-99
29.04.2012	0.519	10.923	-99	-99	-99	-99	-99	-99	-99	-99
30.04.2012	0.635	10.901	-99	-99	-99	-99	-99	-99	-99	-99
01.05.2012	0.855	11.29	-99	-99	-99	-99	-99	-99	-99	-99
02.05.2012	0.974	12.307	-99	-99	-99	-99	-99	-99	-99	-99
03.05.2012	0.895	12.845	-99	-99	-99	-99	-99	-99	-99	-99
04.05.2012	0.766	13.506	-99	-99	-99	-99	-99	-99	-99	-99
05.05.2012	0.613	13.487	-99	-99	-99	-99	-99	-99	-99	-99
06.05.2012	0.526	13.217	-99	-99	-99	-99	-99	-99	-99	-99
07.05.2012	0.464	12.622	-99	-99	-99	-99	-99	-99	-99	-99
08.05.2012	0.44	11.959	-99	-99	-99	-99	-99	-99	-99	-99
09.05.2012	0.511	11.346	-99	-99	-99	-99	-99	-99	-99	-99
10.05.2012	0.758	11.392	-99	-99	-99	-99	-99	-99	-99	-99
11.05.2012	0.854	11.964	-99	-99	-99	-99	-99	-99	-99	-99
12.05.2012	0.721	12.251	-99	-99	-99	-99	-99	-99	-99	-99
13.05.2012	0.646	12.169	-99	-99	-99	-99	-99	-99	-99	-99
14.05.2012	0.811	12.43	-99	-99	-99	-99	-99	-99	-99	-99
15.05.2012	0.99	13.388	-99	-99	-99	-99	-99	-99	-99	-99
16.05.2012	0.951	13.981	-99	-99	-99	-99	-99	-99	-99	-99
17.05.2012	0.91	13.894	-99	-99	-99	-99	-99	-99	-99	-99
18.05.2012	1.573	13.998	-99	-99	-99	-99	-99	-99	-99	-99
19.05.2012	1.174	14.21	-99	-99	-99	-99	-99	-99	-99	-99
20.05.2012	1.591	14.598	-99	-99	-99	-99	-99	-99	-99	-99
21.05.2012	2.173	15.695	-99	-99	-99	-99	-99	-99	-99	-99
22.05.2012	4.548	21.82	-99	-99	-99	-99	-99	-99	-99	-99
23.05.2012	6.304	34.67	-99	-99	-99	-99	-99	-99	-99	-99
24.05.2012	7.837	55.437	-99	-99	-99	-99	-99	-99	-99	-99
25.05.2012	7.667	77.908	-99	-99	-99	-99	-99	-99	-99	-99
26.05.2012	7.509	90.43	-99	-99	-99	-99	-99	-99	-99	-99
27.05.2012	7.518	94.363	-99	-99	-99	-99	-99	-99	-99	-99
28.05.2012	7.978	101.878	-99	-99	-99	-99	-99	-99	-99	-99
29.05.2012	5.184	93.94	-99	-99	-99	-99	-99	-99	-99	-99
30.05.2012	4.158	79.323	-99	-99	-99	-99	-99	-99	-99	-99
31.05.2012	3.313	66.842	-99	-99	-99	-99	-99	-99	-99	-99
01.06.2012	2.599	56.564	-99	-99	-99	-99	-99	-99	-99	-99
02.06.2012	2.245	47.942	-99	-99	-99	-99	-99	-99	-99	-99
03.06.2012	2.594	41.987	-99	-99	-99	-99	-99	-99	-99	-99
04.06.2012	1.955	36.309	-99	-99	-99	-99	-99	-99	-99	-99
05.06.2012	2.233	33.235	-99	-99	-99	-99	-99	-99	-99	-99
06.06.2012	2.515	31.845	-99	-99	-99	-99	-99	-99	-99	-99
07.06.2012	3.368	31.357	-99	-99	-99	-99	-99	-99	-99	-99
08.06.2012	4.467	33.292	-99	-99	-99	-99	-99	-99	-99	-99
09.06.2012	4.817	37.878	-99	-99	-99	-99	-99	-99	-99	-99
10.06.2012	5.415	43.439	-99	-99	-99	-99	-99	-99	-99	-99
11.06.2012	5.824	49.276	-99	-99	-99	-99	-99	-99	-99	-99
12.06.2012	6.243	53.971	-99	-99	-99	-99	-99	-99	-99	-99
13.06.2012	5.674	57.118	-99	-99	-99	-99	-99	-99	-99	-99
14.06.2012	4.847	56.452	-99	-99	-99	-99	-99	-99	-99	-99
15.06.2012	4.679	53.447	-99	-99	-99	-99	-99	-99	-99	-99
16.06.2012	4.275	51.601	-99	-99	-99	-99	-99	-99	-99	-99
17.06.2012	5.143	51.295	-99	-99	-99	-99	-99	-99	-99	-99
18.06.2012	5.457	54.722	-99	-99	-99	-99	-99	-99	-99	-99
19.06.2012	5.378	57.194	-99	-99	-99	-99	-99	-99	-99	-99
20.06.2012	4.652	55.903	-99	-99	-99	-99	-99	-99	-99	-99
21.06.2012	4.608	52.85	-99	-99	-99	-99	-99	-99	-99	-99
22.06.2012	5.72	53.372	-99	-99	-99	-99	-99	-99	-99	-99
23.06.2012	6.446	61.556	-99	-99	-99	-99	-99	-99	-99	-99
24.06.2012	7.124	69.461	-99	-99	-99	-99	-99	-99	-99	-99
25.06.2012	7.263	74.879	-99	-99	-99	-99	-99	-99	-99	-99
26.06.2012	7.164	79.393	-99	-99	-99	-99	-99	-99	-99	-99
27.06.2012	5.865	77.846	-99	-99	-99	-99	-99	-99	-99	-99
28.06.2012	5.305	73.229	-99	-99	-99	-99	-99	-99	-99	-99
29.06.2012	6.106	69.36	-99	-99	-99	-99	-99	-99	-99	-99
30.06.2012	9.174	79.334	-99	-99	-99	-99	-99	-99	-99	-99
01.07.2012	8.812	96.572	-99	-99	-99	-99	-99	-99	-99	-99
02.07.2012	7.649	100.51	-99	-99	-99	-99	-99	-99	-99	-99
03.07.2012	6.277	95.485	-99	-99	-99	-99	-99	-99	-99	-99
04.07.2012	6.428	88.158	-99	-99	-99	-99	-99	-99	-99	-99
05.07.2012	8.216	91.266	-99	-99	-99	-99	-99	-99	-99	-99
06.07.2012	8.905	100.833	-99	-99	-99	-99	-99	-99	-99	-99
07.07.2012	9.773	108.558	-99	-99	-99	-99	-99	-99	-99	-99
08.07.2012	10.288	122.601	-99	-99	-99	-99	-99	-99	-99	-99
09.07.2012	9.746	126.051	-99	-99	-99	-99	-99	-99	-99	-99
10.07.2012	9.454	125.609	-99	-99	-99	-99	-99	-99	-99	-99
11.07.2012	8.406	121.415	-99	-99	-99	-99	-99	-99	-99	-99
12.07.2012	7.895	116.855	-99	-99	-99	-99	-99	-99	-99	-99
13.07.2012	6.806	111.551	-99	-99	-99	-99	-99	-99	-99	-99
14.07.2012	6.671	105.313	-99	-99	-99	-99	-99	-99	-99	-99
15.07.2012	5.579	96.62	-99	-99	-99	-99	-99	-99	-99	-99
16.07.2012	4.851	86.597	-99	-99	-99	-99	-99	-99	-99	-99
17.07.2012	4.639	78.188	-99	-99	-99	-99	-99	-99	-99	-99
18.07.2012	4.221	71.423	-99	-99	-99	-99	-99	-99	-99	-99
19.07.2012	4.96	64.929	-99	-99	-99	-99	-99	-99	-99	-99
20.07.2012	4.434	62.892	-99	-99	-99	-99	-99	-99	-99	-99
21.07.2012	3.93	60.413	-99	-99	-99	-99	-99	-99	-99	-99
22.07.2012	6.313	62.847	-99	-99	-99	-99	-99	-99	-99	-99
23.07.2012	7.889	75.716	-99	-99	-99	-99	-99	-99	-99	-99
24.07.2012	7.472	85.563	-99	-99	-99	-99	-99	-99	-99	-99
25.07.2012	5.716	85.845	-99	-99	-99	-99	-99	-99	-99	-99
26.07.2012	4.923	81.291	-99	-99	-99	-99	-99	-99	-99	-99
27.07.2012	4.543	74.592	-99	-99	-99	-99	-99	-99	-99	-99
28.07.2012	5.633	74.606	-99	-99	-99	-99	-99	-99	-99	-99
29.07.2012	5.556	78.561	-99	-99	-99	-99	-99	-99	-99	-99
30.07.2012	4.541	75.871	-99	-99	-99	-99	-99	-99	-99	-99
31.07.2012	3.978	69.854	-99	-99	-99	-99	-99	-99	-99	-99
01.08.2012	3.954	66.706	-99	-99	-99	-99	-99	-99	-99	-99
02.08.2012	3.6	63.433	-99	-99	-99	-99	-99	-99	-99	-99
03.08.2012	3.88	60.346	-99	-99	-99	-99	-99	-99	-99	-99
04.08.2012	4.853	65.267	-99	-99	-99	-99	-99	-99	-99	-99
05.08.2012	4.401	64.957	-99	-99	-99	-99	-99	-99	-99	-99
06.08.2012	3.505	61.305	-99	-99	-99	-99	-99	-99	-99	-99
07.08.2012	3.207	56.848	-99	-99	-99	-99	-99	-99	-99	-99
08.08.2012	3.617	53.182	-99	-99	-99	-99	-99	-99	-99	-99
09.08.2012	3.153	50.733	-99	-99	-99	-99	-99	-99	-99	-99
10.08.2012	3.517	49.872	-99	-99	-99	-99	-99	-99	-99	-99
11.08.2012	3.309	48.739	-99	-99	-99	-99	-99	-99	-99	-99
12.08.2012	3.234	47.938	-99	-99	-99	-99	-99	-99	-99	-99
13.08.2012	3.439	48.754	-99	-99	-99	-99	-99	-99	-99	-99
14.08.2012	4.298	52.84	-99	-99	-99	-99	-99	-99	-99	-99
15.08.2012	4.144	56.895	-99	-99	-99	-99	-99	-99	-99	-99
16.08.2012	3.519	57.242	-99	-99	-99	-99	-99	-99	-99	-99
17.08.2012	3.123	55.54	-99	-99	-99	-99	-99	-99	-99	-99
18.08.2012	3.2	54.121	-99	-99	-99	-99	-99	-99	-99	-99
19.08.2012	5.235	62.678	-99	-99	-99	-99	-99	-99	-99	-99
20.08.2012	4.478	66.686	-99	-99	-99	-99	-99	-99	-99	-99
21.08.2012	3.902	65.982	-99	-99	-99	-99	-99	-99	-99	-99
22.08.2012	3.709	66.461	-99	-99	-99	-99	-99	-99	-99	-99
23.08.2012	4.148	69.215	-99	-99	-99	-99	-99	-99	-99	-99
24.08.2012	3.1	66.846	-99	-99	-99	-99	-99	-99	-99	-99
25.08.2012	2.456	60.436	-99	-99	-99	-99	-99	-99	-99	-99
26.08.2012	2.253	54.129	-99	-99	-99	-99	-99	-99	-99	-99
27.08.2012	1.96	48.969	-99	-99	-99	-99	-99	-99	-99	-99
28.08.2012	1.895	44.479	-99	-99	-99	-99	-99	-99	-99	-99
29.08.2012	1.997	45.292	-99	-99	-99	-99	-99	-99	-99	-99
30.08.2012	2.44	45.818	-99	-99	-99	-99	-99	-99	-99	-99
31.08.2012	2.308	49.444	-99	-99	-99	-99	-99	-99	-99	-99
01.09.2012	1.885	46.975	-99	-99	-99	-99	-99	-99	-99	-99
02.09.2012	3.584	47.621	-99	-99	-99	-99	-99	-99	-99	-99
03.09.2012	5.987	63.341	-99	-99	-99	-99	-99	-99	-99	-99
04.09.2012	5.474	70.959	-99	-99	-99	-99	-99	-99	-99	-99
05.09.2012	7.656	95.576	-99	-99	-99	-99	-99	-99	-99	-99
06.09.2012	4.432	94.558	-99	-99	-99	-99	-99	-99	-99	-99
07.09.2012	4.104	82.513	-99	-99	-99	-99	-99	-99	-99	-99
08.09.2012	4.339	77.177	-99	-99	-99	-99	-99	-99	-99	-99
09.09.2012	3.799	70.323	-99	-99	-99	-99	-99	-99	-99	-99
10.09.2012	3.808	65.38	-99	-99	-99	-99	-99	-99	-99	-99
11.09.2012	5.111	68.125	-99	-99	-99	-99	-99	-99	-99	-99
12.09.2012	3.654	72.844	-99	-99	-99	-99	-99	-99	-99	-99
13.09.2012	2.605	64.89	-99	-99	-99	-99	-99	-99	-99	-99
14.09.2012	2.911	58.683	-99	-99	-99	-99	-99	-99	-99	-99
15.09.2012	4.348	62.268	-99	-99	-99	-99	-99	-99	-99	-99
16.09.2012	6.267	74.445	-99	-99	-99	-99	-99	-99	-99	-99
17.09.2012	5.409	82.173	-99	-99	-99	-99	-99	-99	-99	-99
18.09.2012	3.432	76.202	-99	-99	-99	-99	-99	-99	-99	-99
19.09.2012	2.607	66.454	-99	-99	-99	-99	-99	-99	-99	-99
20.09.2012	2.144	57.222	-99	-99	-99	-99	-99	-99	-99	-99
21.09.2012	1.819	48.997	-99	-99	-99	-99	-99	-99	-99	-99
22.09.2012	1.536	41.994	-99	-99	-99	-99	-99	-99	-99	-99
23.09.2012	1.266	36.195	-99	-99	-99	-99	-99	-99	-99	-99
24.09.2012	1.593	31.452	-99	-99	-99	-99	-99	-99	-99	-99
25.09.2012	0.89	27.715	-99	-99	-99	-99	-99	-99	-99	-99
26.09.2012	0.774	24.188	-99	-99	-99	-99	-99	-99	-99	-99
27.09.2012	0.737	21.485	-99	-99	-99	-99	-99	-99	-99	-99
28.09.2012	0.765	19.728	-99	-99	-99	-99	-99	-99	-99	-99
29.09.2012	0.696	18.151	-99	-99	-99	-99	-99	-99	-99	-99
30.09.2012	0.644	16.727	-99	-99	-99	-99	-99	-99	-99	-99
01.10.2012	0.591	15.551	-99	-99	-99	-99	-99	-99	-99	-99
02.10.2012	0.588	14.652	-99	-99	-99	-99	-99	-99	-99	-99
03.10.2012	0.979	14.452	-99	-99	-99	-99	-99	-99	-99	-99
04.10.2012	0.968	14.99	-99	-99	-99	-99	-99	-99	-99	-99
05.10.2012	0.763	14.752	-99	-99	-99	-99	-99	-99	-99	-99
06.10.2012	0.658	14.105	-99	-99	-99	-99	-99	-99	-99	-99
07.10.2012	1.159	13.724	-99	-99	-99	-99	-99	-99	-99	-99
08.10.2012	1.177	15.212	-99	-99	-99	-99	-99	-99	-99	-99
09.10.2012	0.989	16.23	-99	-99	-99	-99	-99	-99	-99	-99
10.10.2012	0.845	15.942	-99	-99	-99	-99	-99	-99	-99	-99
11.10.2012	0.723	15.323	-99	-99	-99	-99	-99	-99	-99	-99
12.10.2012	0.606	14.537	-99	-99	-99	-99	-99	-99	-99	-99
13.10.2012	0.489	13.667	-99	-99	-99	-99	-99	-99	-99	-99
14.10.2012	0.454	12.81	-99	-99	-99	-99	-99	-99	-99	-99
15.10.2012	0.425	11.947	-99	-99	-99	-99	-99	-99	-99	-99
16.10.2012	0.321	10.994	-99	-99	-99	-99	-99	-99	-99	-99
17.10.2012	0.318	10.243	-99	-99	-99	-99	-99	-99	-99	-99
18.10.2012	0.334	9.675	-99	-99	-99	-99	-99	-99	-99	-99
19.10.2012	0.573	9.654	-99	-99	-99	-99	-99	-99	-99	-99
20.10.2012	0.458	9.556	-99	-99	-99	-99	-99	-99	-99	-99
21.10.2012	0.418	9.251	-99	-99	-99	-99	-99	-99	-99	-99
22.10.2012	0.623	9.3	-99	-99	-99	-99	-99	-99	-99	-99
23.10.2012	0.711	9.607	-99	-99	-99	-99	-99	-99	-99	-99
24.10.2012	1.106	10.651	-99	-99	-99	-99	-99	-99	-99	-99
25.10.2012	0.64	11.451	-99	-99	-99	-99	-99	-99	-99	-99
26.10.2012	0.643	12.199	-99	-99	-99	-99	-99	-99	-99	-99
27.10.2012	0.737	12.7	-99	-99	-99	-99	-99	-99	-99	-99
28.10.2012	0.812	12.415	-99	-99	-99	-99	-99	-99	-99	-99
29.10.2012	0.692	11.899	-99	-99	-99	-99	-99	-99	-99	-99
30.10.2012	0.601	11.24	-99	-99	-99	-99	-99	-99	-99	-99
31.10.2012	0.518	10.712	-99	-99	-99	-99	-99	-99	-99	-99
01.11.2012	0.474	10.701	-99	-99	-99	-99	-99	-99	-99	-99
02.11.2012	0.446	11.601	-99	-99	-99	-99	-99	-99	-99	-99
03.11.2012	0.385	11.722	-99	-99	-99	-99	-99	-99	-99	-99
04.11.2012	0.337	10.787	-99	-99	-99	-99	-99	-99	-99	-99
05.11.2012	0.304	10.338	-99	-99	-99	-99	-99	-99	-99	-99
06.11.2012	0.284	9.938	-99	-99	-99	-99	-99	-99	-99	-99
07.11.2012	0.311	9.692	-99	-99	-99	-99	-99	-99	-99	-99
08.11.2012	0.345	9.935	-99	-99	-99	-99	-99	-99	-99	-99
09.11.2012	0.329	9.513	-99	-99	-99	-99	-99	-99	-99	-99
10.11.2012	0.31	9.448	-99	-99	-99	-99	-99	-99	-99	-99
11.11.2012	0.296	9.566	-99	-99	-99	-99	-99	-99	-99	-99
12.11.2012	0.317	10.447	-99	-99	-99	-99	-99	-99	-99	-99
13.11.2012	0.323	10.108	-99	-99	-99	-99	-99	-99	-99	-99
14.11.2012	1.77	13.987	-99	-99	-99	-99	-99	-99	-99	-99
15.11.2012	1.497	21.471	-99	-99	-99	-99	-99	-99	-99	-99
16.11.2012	1.736	22.944	-99	-99	-99	-99	-99	-99	-99	-99
17.11.2012	0.92	23.968	-99	-99	-99	-99	-99	-99	-99	-99
18.11.2012	0.785	22.916	-99	-99	-99	-99	-99	-99	-99	-99
19.11.2012	0.767	22.674	-99	-99	-99	-99	-99	-99	-99	-99
20.11.2012	0.72	21.678	-99	-99	-99	-99	-99	-99	-99	-99
21.11.2012	1.56	22.456	-99	-99	-99	-99	-99	-99	-99	-99
22.11.2012	1.36	24.252	-99	-99	-99	-99	-99	-99	-99	-99
23.11.2012	1.452	23.876	-99	-99	-99	-99	-99	-99	-99	-99
24.11.2012	1.125	24.143	-99	-99	-99	-99	-99	-99	-99	-99
25.11.2012	0.679	22.784	-99	-99	-99	-99	-99	-99	-99	-99
26.11.2012	0.564	20.972	-99	-99	-99	-99	-99	-99	-99	-99
27.11.2012	0.47	18.778	-99	-99	-99	-99	-99	-99	-99	-99
28.11.2012	0.418	16.771	-99	-99	-99	-99	-99	-99	-99	-99
29.11.2012	0.386	15.347	-99	-99	-99	-99	-99	-99	-99	-99
30.11.2012	0.376	14.248	-99	-99	-99	-99	-99	-99	-99	-99
01.12.2012	0.343	12.988	-99	-99	-99	-99	-99	-99	-99	-99
02.12.2012	0.376	11.407	-99	-99	-99	-99	-99	-99	-99	-99
03.12.2012	0.286	10.419	-99	-99	-99	-99	-99	-99	-99	-99
04.12.2012	0.286	9.497	-99	-99	-99	-99	-99	-99	-99	-99
05.12.2012	0.314	8.73	-99	-99	-99	-99	-99	-99	-99	-99
06.12.2012	0.286	8.514	-99	-99	-99	-99	-99	-99	-99	-99
07.12.2012	0.286	7.517	-99	-99	-99	-99	-99	-99	-99	-99
08.12.2012	0.234	7.383	-99	-99	-99	-99	-99	-99	-99	-99
09.12.2012	0.167	6.733	-99	-99	-99	-99	-99	-99	-99	-99
10.12.2012	0.129	6.242	-99	-99	-99	-99	-99	-99	-99	-99
11.12.2012	0.129	5.953	-99	-99	-99	-99	-99	-99	-99	-99
12.12.2012	0.129	5.668	-99	-99	-99	-99	-99	-99	-99	-99
13.12.2012	0.147	5.414	-99	-99	-99	-99	-99	-99	-99	-99
14.12.2012	0.147	5.316	-99	-99	-99	-99	-99	-99	-99	-99
15.12.2012	0.129	5.248	-99	-99	-99	-99	-99	-99	-99	-99
16.12.2012	0.112	4.529	-99	-99	-99	-99	-99	-99	-99	-99
17.12.2012	0.915	4.282	-99	-99	-99	-99	-99	-99	-99	-99
18.12.2012	0.854	4.109	-99	-99	-99	-99	-99	-99	-99	-99
19.12.2012	0.789	3.964	-99	-99	-99	-99	-99	-99	-99	-99
20.12.2012	0.727	3.819	-99	-99	-99	-99	-99	-99	-99	-99
21.12.2012	0.497	3.698	-99	-99	-99	-99	-99	-99	-99	-99
22.12.2012	0.718	3.754	-99	-99	-99	-99	-99	-99	-99	-99
23.12.2012	0.497	3.6	-99	-99	-99	-99	-99	-99	-99	-99
24.12.2012	0.702	3.212	-99	-99	-99	-99	-99	-99	-99	-99
25.12.2012	0.599	2.975	-99	-99	-99	-99	-99	-99	-99	-99
26.12.2012	0.596	2.99	-99	-99	-99	-99	-99	-99	-99	-99
27.12.2012	0.713	2.952	-99	-99	-99	-99	-99	-99	-99	-99
28.12.2012	0.958	3.179	-99	-99	-99	-99	-99	-99	-99	-99
29.12.2012	0.123	3.125	-99	-99	-99	-99	-99	-99	-99	-99
30.12.2012	0.139	3.359	-99	-99	-99	-99	-99	-99	-99	-99
31.12.2012	0.149	3.462	-99	-99	-99	-99	-99	-99	-99	-99
01.01.2013	0.166	3.556	-99	-99	-99	-99	-99	-99	-99	-99
02.01.2013	0.181	3.789	-99	-99	-99	-99	-99	-99	-99	-99
03.01.2013	0.197	4.523	-99	-99	-99	-99	-99	-99	-99	-99
04.01.2013	0.236	7.143	-99	-99	-99	-99	-99	-99	-99	-99
05.01.2013	1.105	8.722	-99	-99	-99	-99	-99	-99	-99	-99
06.01.2013	0.975	9.177	-99	-99	-99	-99	-99	-99	-99	-99
07.01.2013	0.446	9.193	-99	-99	-99	-99	-99	-99	-99	-99
08.01.2013	0.396	9.225	-99	-99	-99	-99	-99	-99	-99	-99
09.01.2013	0.343	8.982	-99	-99	-99	-99	-99	-99	-99	-99
10.01.2013	0.273	8.559	-99	-99	-99	-99	-99	-99	-99	-99
11.01.2013	0.287	8.664	-99	-99	-99	-99	-99	-99	-99	-99
12.01.2013	0.296	7.502	-99	-99	-99	-99	-99	-99	-99	-99
13.01.2013	0.269	7.316	-99	-99	-99	-99	-99	-99	-99	-99
14.01.2013	0.238	6.623	-99	-99	-99	-99	-99	-99	-99	-99
15.01.2013	0.209	6.249	-99	-99	-99	-99	-99	-99	-99	-99
16.01.2013	0.196	5.98	-99	-99	-99	-99	-99	-99	-99	-99
17.01.2013	0.173	5.565	-99	-99	-99	-99	-99	-99	-99	-99
18.01.2013	0.143	5.201	-99	-99	-99	-99	-99	-99	-99	-99
19.01.2013	0.115	4.939	-99	-99	-99	-99	-99	-99	-99	-99
20.01.2013	0.937	4.714	-99	-99	-99	-99	-99	-99	-99	-99
21.01.2013	0.853	4.543	-99	-99	-99	-99	-99	-99	-99	-99
22.01.2013	0.794	4.287	-99	-99	-99	-99	-99	-99	-99	-99
23.01.2013	0.737	4.101	-99	-99	-99	-99	-99	-99	-99	-99
24.01.2013	0.695	3.928	-99	-99	-99	-99	-99	-99	-99	-99
25.01.2013	0.67	3.775	-99	-99	-99	-99	-99	-99	-99	-99
26.01.2013	0.661	3.64	-99	-99	-99	-99	-99	-99	-99	-99
27.01.2013	0.674	3.58	-99	-99	-99	-99	-99	-99	-99	-99
28.01.2013	0.624	3.37	-99	-99	-99	-99	-99	-99	-99	-99
29.01.2013	0.613	3.29	-99	-99	-99	-99	-99	-99	-99	-99
30.01.2013	0.627	3.262	-99	-99	-99	-99	-99	-99	-99	-99
31.01.2013	0.772	3.27	-99	-99	-99	-99	-99	-99	-99	-99
01.02.2013	0.881	3.202	-99	-99	-99	-99	-99	-99	-99	-99
02.02.2013	0.131	3.758	-99	-99	-99	-99	-99	-99	-99	-99
03.02.2013	0.202	3.875	-99	-99	-99	-99	-99	-99	-99	-99
04.02.2013	0.186	3.432	-99	-99	-99	-99	-99	-99	-99	-99
05.02.2013	0.177	2.998	-99	-99	-99	-99	-99	-99	-99	-99
06.02.2013	0.162	2.899	-99	-99	-99	-99	-99	-99	-99	-99
07.02.2013	0.143	2.823	-99	-99	-99	-99	-99	-99	-99	-99
08.02.2013	0.119	2.734	-99	-99	-99	-99	-99	-99	-99	-99
09.02.2013	0.101	2.661	-99	-99	-99	-99	-99	-99	-99	-99
10.02.2013	0.994	2.604	-99	-99	-99	-99	-99	-99	-99	-99
11.02.2013	0.939	2.528	-99	-99	-99	-99	-99	-99	-99	-99
12.02.2013	0.874	2.46	-99	-99	-99	-99	-99	-99	-99	-99
13.02.2013	0.816	2.391	-99	-99	-99	-99	-99	-99	-99	-99
14.02.2013	0.766	2.336	-99	-99	-99	-99	-99	-99	-99	-99
15.02.2013	0.73	2.241	-99	-99	-99	-99	-99	-99	-99	-99
16.02.2013	0.709	2.176	-99	-99	-99	-99	-99	-99	-99	-99
17.02.2013	0.73	2.273	-99	-99	-99	-99	-99	-99	-99	-99
18.02.2013	0.957	2.463	-99	-99	-99	-99	-99	-99	-99	-99
19.02.2013	0.12	2.551	-99	-99	-99	-99	-99	-99	-99	-99
20.02.2013	0.111	2.491	-99	-99	-99	-99	-99	-99	-99	-99
21.02.2013	0.1	2.417	-99	-99	-99	-99	-99	-99	-99	-99
22.02.2013	0.931	2.358	-99	-99	-99	-99	-99	-99	-99	-99
23.02.2013	0.852	2.304	-99	-99	-99	-99	-99	-99	-99	-99
24.02.2013	0.78	2.254	-99	-99	-99	-99	-99	-99	-99	-99
25.02.2013	0.723	2.202	-99	-99	-99	-99	-99	-99	-99	-99
26.02.2013	0.667	2.155	-99	-99	-99	-99	-99	-99	-99	-99
27.02.2013	0.638	2.109	-99	-99	-99	-99	-99	-99	-99	-99
28.02.2013	0.763	1.887	-99	-99	-99	-99	-99	-99	-99	-99
01.03.2013	0.982	2.25	-99	-99	-99	-99	-99	-99	-99	-99
02.03.2013	0.144	2.329	-99	-99	-99	-99	-99	-99	-99	-99
03.03.2013	0.22	2.664	-99	-99	-99	-99	-99	-99	-99	-99
04.03.2013	0.325	2.769	-99	-99	-99	-99	-99	-99	-99	-99
05.03.2013	0.326	2.737	-99	-99	-99	-99	-99	-99	-99	-99
06.03.2013	0.281	2.7	-99	-99	-99	-99	-99	-99	-99	-99
07.03.2013	0.24	2.736	-99	-99	-99	-99	-99	-99	-99	-99
08.03.2013	0.192	2.603	-99	-99	-99	-99	-99	-99	-99	-99
09.03.2013	0.155	2.557	-99	-99	-99	-99	-99	-99	-99	-99
10.03.2013	0.145	2.432	-99	-99	-99	-99	-99	-99	-99	-99
11.03.2013	0.131	2.35	-99	-99	-99	-99	-99	-99	-99	-99
12.03.2013	0.132	2.367	-99	-99	-99	-99	-99	-99	-99	-99
13.03.2013	0.131	2.333	-99	-99	-99	-99	-99	-99	-99	-99
14.03.2013	0.118	2.275	-99	-99	-99	-99	-99	-99	-99	-99
15.03.2013	0.111	2.222	-99	-99	-99	-99	-99	-99	-99	-99
16.03.2013	0.1	2.144	-99	-99	-99	-99	-99	-99	-99	-99
17.03.2013	0.873	2.924	-99	-99	-99	-99	-99	-99	-99	-99
18.03.2013	0.831	2.392	-99	-99	-99	-99	-99	-99	-99	-99
19.03.2013	0.798	1.992	-99	-99	-99	-99	-99	-99	-99	-99
20.03.2013	0.766	1.931	-99	-99	-99	-99	-99	-99	-99	-99
21.03.2013	0.706	1.832	-99	-99	-99	-99	-99	-99	-99	-99
22.03.2013	0.676	1.801	-99	-99	-99	-99	-99	-99	-99	-99
23.03.2013	0.637	1.676	-99	-99	-99	-99	-99	-99	-99	-99
24.03.2013	0.602	1.639	-99	-99	-99	-99	-99	-99	-99	-99
25.03.2013	0.578	1.616	-99	-99	-99	-99	-99	-99	-99	-99
26.03.2013	0.551	1.589	-99	-99	-99	-99	-99	-99	-99	-99
27.03.2013	0.52	1.569	-99	-99	-99	-99	-99	-99	-99	-99
28.03.2013	0.496	1.543	-99	-99	-99	-99	-99	-99	-99	-99
29.03.2013	0.491	1.521	-99	-99	-99	-99	-99	-99	-99	-99
30.03.2013	0.475	1.5	-99	-99	-99	-99	-99	-99	-99	-99
31.03.2013	0.458	1.496	-99	-99	-99	-99	-99	-99	-99	-99
01.04.2013	0.465	1.496	-99	-99	-99	-99	-99	-99	-99	-99
02.04.2013	0.46	1.486	-99	-99	-99	-99	-99	-99	-99	-99
03.04.2013	0.457	1.472	-99	-99	-99	-99	-99	-99	-99	-99
04.04.2013	0.441	1.464	-99	-99	-99	-99	-99	-99	-99	-99
05.04.2013	0.438	1.462	-99	-99	-99	-99	-99	-99	-99	-99
06.04.2013	0.454	1.4	-99	-99	-99	-99	-99	-99	-99	-99
07.04.2013	0.485	1.486	-99	-99	-99	-99	-99	-99	-99	-99
08.04.2013	0.494	1.518	-99	-99	-99	-99	-99	-99	-99	-99
09.04.2013	0.488	1.526	-99	-99	-99	-99	-99	-99	-99	-99
10.04.2013	0.481	1.525	-99	-99	-99	-99	-99	-99	-99	-99
11.04.2013	0.474	1.518	-99	-99	-99	-99	-99	-99	-99	-99
12.04.2013	0.463	1.53	-99	-99	-99	-99	-99	-99	-99	-99
13.04.2013	0.453	1.548	-99	-99	-99	-99	-99	-99	-99	-99
14.04.2013	0.895	1.616	-99	-99	-99	-99	-99	-99	-99	-99
15.04.2013	0.975	2.867	-99	-99	-99	-99	-99	-99	-99	-99
16.04.2013	0.956	5.121	-99	-99	-99	-99	-99	-99	-99	-99
17.04.2013	0.783	7.503	-99	-99	-99	-99	-99	-99	-99	-99
18.04.2013	0.817	9.494	-99	-99	-99	-99	-99	-99	-99	-99
19.04.2013	0.786	11.541	-99	-99	-99	-99	-99	-99	-99	-99
20.04.2013	0.421	12.221	-99	-99	-99	-99	-99	-99	-99	-99
21.04.2013	0.319	11.43	-99	-99	-99	-99	-99	-99	-99	-99
22.04.2013	0.255	10.913	-99	-99	-99	-99	-99	-99	-99	-99
23.04.2013	0.24	11.224	-99	-99	-99	-99	-99	-99	-99	-99
24.04.2013	0.333	12.81	-99	-99	-99	-99	-99	-99	-99	-99
25.04.2013	0.419	13.775	-99	-99	-99	-99	-99	-99	-99	-99
26.04.2013	0.424	13.415	-99	-99	-99	-99	-99	-99	-99	-99
27.04.2013	0.419	12.785	-99	-99	-99	-99	-99	-99	-99	-99
28.04.2013	0.38	12.008	-99	-99	-99	-99	-99	-99	-99	-99
29.04.2013	0.328	11.348	-99	-99	-99	-99	-99	-99	-99	-99
30.04.2013	0.325	10.752	-99	-99	-99	-99	-99	-99	-99	-99
01.05.2013	0.317	10.326	-99	-99	-99	-99	-99	-99	-99	-99
02.05.2013	0.299	10.531	-99	-99	-99	-99	-99	-99	-99	-99
03.05.2013	0.316	9.867	-99	-99	-99	-99	-99	-99	-99	-99
04.05.2013	0.309	9.281	-99	-99	-99	-99	-99	-99	-99	-99
05.05.2013	0.348	8.926	-99	-99	-99	-99	-99	-99	-99	-99
06.05.2013	0.922	9.741	-99	-99	-99	-99	-99	-99	-99	-99
07.05.2013	2.833	14.767	-99	-99	-99	-99	-99	-99	-99	-99
08.05.2013	2.511	20.115	-99	-99	-99	-99	-99	-99	-99	-99
09.05.2013	4.703	28.68	-99	-99	-99	-99	-99	-99	-99	-99
10.05.2013	4.536	39.427	-99	-99	-99	-99	-99	-99	-99	-99
11.05.2013	3.213	43.806	-99	-99	-99	-99	-99	-99	-99	-99
12.05.2013	2.682	42.475	-99	-99	-99	-99	-99	-99	-99	-99
13.05.2013	2.428	40.649	-99	-99	-99	-99	-99	-99	-99	-99
14.05.2013	1.996	37.281	-99	-99	-99	-99	-99	-99	-99	-99
15.05.2013	1.752	33.853	-99	-99	-99	-99	-99	-99	-99	-99
16.05.2013	5.583	37.61	-99	-99	-99	-99	-99	-99	-99	-99
17.05.2013	6.99	47.707	-99	-99	-99	-99	-99	-99	-99	-99
18.05.2013	9.272	70.719	-99	-99	-99	-99	-99	-99	-99	-99
19.05.2013	9.347	97.397	-99	-99	-99	-99	-99	-99	-99	-99
20.05.2013	9.475	113.18	-99	-99	-99	-99	-99	-99	-99	-99
21.05.2013	8.531	116.384	-99	-99	-99	-99	-99	-99	-99	-99
22.05.2013	7.113	109.893	-99	-99	-99	-99	-99	-99	-99	-99
23.05.2013	5.949	97.618	-99	-99	-99	-99	-99	-99	-99	-99
24.05.2013	5.448	86.22	-99	-99	-99	-99	-99	-99	-99	-99
25.05.2013	4.94	75.687	-99	-99	-99	-99	-99	-99	-99	-99
26.05.2013	5.412	69.464	-99	-99	-99	-99	-99	-99	-99	-99
27.05.2013	5.802	68.343	-99	-99	-99	-99	-99	-99	-99	-99
28.05.2013	6.171	70.243	-99	-99	-99	-99	-99	-99	-99	-99
29.05.2013	7.3	72.181	-99	-99	-99	-99	-99	-99	-99	-99
30.05.2013	8.794	77.812	-99	-99	-99	-99	-99	-99	-99	-99
31.05.2013	9.494	85.432	-99	-99	-99	-99	-99	-99	-99	-99
01.06.2013	8.858	92.848	-99	-99	-99	-99	-99	-99	-99	-99
02.06.2013	8.152	97.357	-99	-99	-99	-99	-99	-99	-99	-99
03.06.2013	6.51	96.116	-99	-99	-99	-99	-99	-99	-99	-99
04.06.2013	4.464	84.144	-99	-99	-99	-99	-99	-99	-99	-99
05.06.2013	3.631	71.144	-99	-99	-99	-99	-99	-99	-99	-99
06.06.2013	3.258	60.796	-99	-99	-99	-99	-99	-99	-99	-99
07.06.2013	3.889	53.596	-99	-99	-99	-99	-99	-99	-99	-99
08.06.2013	4.276	49.693	-99	-99	-99	-99	-99	-99	-99	-99
09.06.2013	4.591	48.964	-99	-99	-99	-99	-99	-99	-99	-99
10.06.2013	3.723	46.473	-99	-99	-99	-99	-99	-99	-99	-99
11.06.2013	3.619	43.753	-99	-99	-99	-99	-99	-99	-99	-99
12.06.2013	4.174	42.806	-99	-99	-99	-99	-99	-99	-99	-99
13.06.2013	5.202	46.36	-99	-99	-99	-99	-99	-99	-99	-99
14.06.2013	6.514	54.166	-99	-99	-99	-99	-99	-99	-99	-99
15.06.2013	5.153	57.911	-99	-99	-99	-99	-99	-99	-99	-99
16.06.2013	4.296	55.283	-99	-99	-99	-99	-99	-99	-99	-99
17.06.2013	4.213	52.373	-99	-99	-99	-99	-99	-99	-99	-99
18.06.2013	4.278	51.101	-99	-99	-99	-99	-99	-99	-99	-99
19.06.2013	3.704	48.957	-99	-99	-99	-99	-99	-99	-99	-99
20.06.2013	4.305	49.307	-99	-99	-99	-99	-99	-99	-99	-99
21.06.2013	4.594	50.817	-99	-99	-99	-99	-99	-99	-99	-99
22.06.2013	7.664	59.959	-99	-99	-99	-99	-99	-99	-99	-99
23.06.2013	5.585	67.838	-99	-99	-99	-99	-99	-99	-99	-99
24.06.2013	5.213	71.917	-99	-99	-99	-99	-99	-99	-99	-99
25.06.2013	6.856	81.121	-99	-99	-99	-99	-99	-99	-99	-99
26.06.2013	4.947	80.639	-99	-99	-99	-99	-99	-99	-99	-99
27.06.2013	4.745	74.954	-99	-99	-99	-99	-99	-99	-99	-99
28.06.2013	4.918	74.415	-99	-99	-99	-99	-99	-99	-99	-99
29.06.2013	4.456	75.133	-99	-99	-99	-99	-99	-99	-99	-99
30.06.2013	3.478	71.42	-99	-99	-99	-99	-99	-99	-99	-99
01.07.2013	3.293	64.798	-99	-99	-99	-99	-99	-99	-99	-99
02.07.2013	2.784	59.806	-99	-99	-99	-99	-99	-99	-99	-99
03.07.2013	2.455	54.5	-99	-99	-99	-99	-99	-99	-99	-99
04.07.2013	2.768	51.543	-99	-99	-99	-99	-99	-99	-99	-99
05.07.2013	3.829	55.321	-99	-99	-99	-99	-99	-99	-99	-99
06.07.2013	3.896	58.392	-99	-99	-99	-99	-99	-99	-99	-99
07.07.2013	3.987	60.519	-99	-99	-99	-99	-99	-99	-99	-99
08.07.2013	3.162	61.96	-99	-99	-99	-99	-99	-99	-99	-99
09.07.2013	4.904	61.943	-99	-99	-99	-99	-99	-99	-99	-99
10.07.2013	4.916	72.75	-99	-99	-99	-99	-99	-99	-99	-99
11.07.2013	3.298	69.123	-99	-99	-99	-99	-99	-99	-99	-99
12.07.2013	2.598	61.838	-99	-99	-99	-99	-99	-99	-99	-99
13.07.2013	3.738	57.294	-99	-99	-99	-99	-99	-99	-99	-99
14.07.2013	3.7	58.004	-99	-99	-99	-99	-99	-99	-99	-99
15.07.2013	6.165	65.89	-99	-99	-99	-99	-99	-99	-99	-99
16.07.2013	5.861	74.406	-99	-99	-99	-99	-99	-99	-99	-99
17.07.2013	7.434	84.674	-99	-99	-99	-99	-99	-99	-99	-99
18.07.2013	7.972	98.296	-99	-99	-99	-99	-99	-99	-99	-99
19.07.2013	5.494	106.611	-99	-99	-99	-99	-99	-99	-99	-99
20.07.2013	4.28	97.753	-99	-99	-99	-99	-99	-99	-99	-99
21.07.2013	3.856	90.709	-99	-99	-99	-99	-99	-99	-99	-99
22.07.2013	3.353	82.446	-99	-99	-99	-99	-99	-99	-99	-99
23.07.2013	2.53	73.204	-99	-99	-99	-99	-99	-99	-99	-99
24.07.2013	2.527	67.544	-99	-99	-99	-99	-99	-99	-99	-99
25.07.2013	2.617	65.251	-99	-99	-99	-99	-99	-99	-99	-99
26.07.2013	2.71	66.344	-99	-99	-99	-99	-99	-99	-99	-99
27.07.2013	3.292	69.868	-99	-99	-99	-99	-99	-99	-99	-99
28.07.2013	2.995	70.226	-99	-99	-99	-99	-99	-99	-99	-99
29.07.2013	3.229	72.147	-99	-99	-99	-99	-99	-99	-99	-99
30.07.2013	2.786	73.479	-99	-99	-99	-99	-99	-99	-99	-99
31.07.2013	3.38	73.996	-99	-99	-99	-99	-99	-99	-99	-99
01.08.2013	3.169	73.943	-99	-99	-99	-99	-99	-99	-99	-99
02.08.2013	2.766	69.375	-99	-99	-99	-99	-99	-99	-99	-99
03.08.2013	3.856	76.116	-99	-99	-99	-99	-99	-99	-99	-99
04.08.2013	3.438	85.876	-99	-99	-99	-99	-99	-99	-99	-99
05.08.2013	2.71	81.582	-99	-99	-99	-99	-99	-99	-99	-99
06.08.2013	2.75	80.297	-99	-99	-99	-99	-99	-99	-99	-99
07.08.2013	2.487	80.578	-99	-99	-99	-99	-99	-99	-99	-99
08.08.2013	2.13	73.165	-99	-99	-99	-99	-99	-99	-99	-99
09.08.2013	2.3	66.152	-99	-99	-99	-99	-99	-99	-99	-99
10.08.2013	2.403	60.203	-99	-99	-99	-99	-99	-99	-99	-99
11.08.2013	1.964	54.442	-99	-99	-99	-99	-99	-99	-99	-99
12.08.2013	5.924	61.456	-99	-99	-99	-99	-99	-99	-99	-99
13.08.2013	4.323	69.739	-99	-99	-99	-99	-99	-99	-99	-99
14.08.2013	2.915	65.31	-99	-99	-99	-99	-99	-99	-99	-99
15.08.2013	2.221	57.415	-99	-99	-99	-99	-99	-99	-99	-99
16.08.2013	2.207	50.919	-99	-99	-99	-99	-99	-99	-99	-99
17.08.2013	2.302	50.9	-99	-99	-99	-99	-99	-99	-99	-99
18.08.2013	2.581	51.442	-99	-99	-99	-99	-99	-99	-99	-99
19.08.2013	3.61	57.192	-99	-99	-99	-99	-99	-99	-99	-99
20.08.2013	3.236	59.526	-99	-99	-99	-99	-99	-99	-99	-99
21.08.2013	4.39	60.101	-99	-99	-99	-99	-99	-99	-99	-99
22.08.2013	4.192	64.254	-99	-99	-99	-99	-99	-99	-99	-99
23.08.2013	2.603	61.349	-99	-99	-99	-99	-99	-99	-99	-99
24.08.2013	2.175	56.304	-99	-99	-99	-99	-99	-99	-99	-99
25.08.2013	1.902	51.863	-99	-99	-99	-99	-99	-99	-99	-99
26.08.2013	1.746	48.298	-99	-99	-99	-99	-99	-99	-99	-99
27.08.2013	1.644	45.498	-99	-99	-99	-99	-99	-99	-99	-99
28.08.2013	1.819	44.209	-99	-99	-99	-99	-99	-99	-99	-99
29.08.2013	1.496	41.442	-99	-99	-99	-99	-99	-99	-99	-99
30.08.2013	1.254	37.191	-99	-99	-99	-99	-99	-99	-99	-99
31.08.2013	1.548	35.629	-99	-99	-99	-99	-99	-99	-99	-99
01.09.2013	1.471	35.905	-99	-99	-99	-99	-99	-99	-99	-99
02.09.2013	1.524	34.725	-99	-99	-99	-99	-99	-99	-99	-99
03.09.2013	1.388	32.84	-99	-99	-99	-99	-99	-99	-99	-99
04.09.2013	1.41	31.923	-99	-99	-99	-99	-99	-99	-99	-99
05.09.2013	1.371	32.263	-99	-99	-99	-99	-99	-99	-99	-99
06.09.2013	1.49	33.462	-99	-99	-99	-99	-99	-99	-99	-99
07.09.2013	1.626	37.167	-99	-99	-99	-99	-99	-99	-99	-99
08.09.2013	1.656	40.874	-99	-99	-99	-99	-99	-99	-99	-99
09.09.2013	1.441	42.162	-99	-99	-99	-99	-99	-99	-99	-99
10.09.2013	1.219	39.819	-99	-99	-99	-99	-99	-99	-99	-99
11.09.2013	1.724	36.551	-99	-99	-99	-99	-99	-99	-99	-99
12.09.2013	1.922	33.962	-99	-99	-99	-99	-99	-99	-99	-99
13.09.2013	1.125	32.844	-99	-99	-99	-99	-99	-99	-99	-99
14.09.2013	1.241	33.805	-99	-99	-99	-99	-99	-99	-99	-99
15.09.2013	1.443	34.608	-99	-99	-99	-99	-99	-99	-99	-99
16.09.2013	2.415	40.544	-99	-99	-99	-99	-99	-99	-99	-99
17.09.2013	2.249	43.438	-99	-99	-99	-99	-99	-99	-99	-99
18.09.2013	1.646	39.243	-99	-99	-99	-99	-99	-99	-99	-99
19.09.2013	1.317	34.837	-99	-99	-99	-99	-99	-99	-99	-99
20.09.2013	1.905	30.573	-99	-99	-99	-99	-99	-99	-99	-99
21.09.2013	0.997	27.144	-99	-99	-99	-99	-99	-99	-99	-99
22.09.2013	1.334	25.332	-99	-99	-99	-99	-99	-99	-99	-99
23.09.2013	1.297	23.91	-99	-99	-99	-99	-99	-99	-99	-99
24.09.2013	1.31	22.424	-99	-99	-99	-99	-99	-99	-99	-99
25.09.2013	1.797	20.703	-99	-99	-99	-99	-99	-99	-99	-99
26.09.2013	0.895	18.848	-99	-99	-99	-99	-99	-99	-99	-99
27.09.2013	0.742	17.838	-99	-99	-99	-99	-99	-99	-99	-99
28.09.2013	0.641	15.503	-99	-99	-99	-99	-99	-99	-99	-99
29.09.2013	0.561	14.108	-99	-99	-99	-99	-99	-99	-99	-99
30.09.2013	0.514	12.907	-99	-99	-99	-99	-99	-99	-99	-99
01.10.2013	0.457	11.86	-99	-99	-99	-99	-99	-99	-99	-99
02.10.2013	0.414	10.929	-99	-99	-99	-99	-99	-99	-99	-99
03.10.2013	0.371	10.916	-99	-99	-99	-99	-99	-99	-99	-99
04.10.2013	0.338	9.391	-99	-99	-99	-99	-99	-99	-99	-99
05.10.2013	0.698	9.462	-99	-99	-99	-99	-99	-99	-99	-99
06.10.2013	1.826	11.645	-99	-99	-99	-99	-99	-99	-99	-99
07.10.2013	8.703	30.911	-99	-99	-99	-99	-99	-99	-99	-99
08.10.2013	9.528	69.973	-99	-99	-99	-99	-99	-99	-99	-99
09.10.2013	6.973	95.308	-99	-99	-99	-99	-99	-99	-99	-99
10.10.2013	4.215	91.771	-99	-99	-99	-99	-99	-99	-99	-99
11.10.2013	2.576	75.74	-99	-99	-99	-99	-99	-99	-99	-99
12.10.2013	1.987	61.309	-99	-99	-99	-99	-99	-99	-99	-99
13.10.2013	1.619	50.173	-99	-99	-99	-99	-99	-99	-99	-99
14.10.2013	1.323	41.846	-99	-99	-99	-99	-99	-99	-99	-99
15.10.2013	1.997	35.499	-99	-99	-99	-99	-99	-99	-99	-99
16.10.2013	0.938	30.334	-99	-99	-99	-99	-99	-99	-99	-99
17.10.2013	0.814	26.265	-99	-99	-99	-99	-99	-99	-99	-99
18.10.2013	0.726	23.146	-99	-99	-99	-99	-99	-99	-99	-99
19.10.2013	0.641	31.724	-99	-99	-99	-99	-99	-99	-99	-99
20.10.2013	0.46	29.224	-99	-99	-99	-99	-99	-99	-99	-99
21.10.2013	0.466	26.387	-99	-99	-99	-99	-99	-99	-99	-99
22.10.2013	0.653	24.896	-99	-99	-99	-99	-99	-99	-99	-99
23.10.2013	1.858	27.25	-99	-99	-99	-99	-99	-99	-99	-99
24.10.2013	2.179	33.753	-99	-99	-99	-99	-99	-99	-99	-99
25.10.2013	1.817	38.915	-99	-99	-99	-99	-99	-99	-99	-99
26.10.2013	1.77	39.815	-99	-99	-99	-99	-99	-99	-99	-99
27.10.2013	1.697	39.635	-99	-99	-99	-99	-99	-99	-99	-99
28.10.2013	1.483	38.684	-99	-99	-99	-99	-99	-99	-99	-99
29.10.2013	1.506	37.397	-99	-99	-99	-99	-99	-99	-99	-99
30.10.2013	1.244	36.149	-99	-99	-99	-99	-99	-99	-99	-99
31.10.2013	1.14	34.151	-99	-99	-99	-99	-99	-99	-99	-99
01.11.2013	0.875	32.936	-99	-99	-99	-99	-99	-99	-99	-99
02.11.2013	0.785	30.591	-99	-99	-99	-99	-99	-99	-99	-99
03.11.2013	0.694	29.213	-99	-99	-99	-99	-99	-99	-99	-99
04.11.2013	0.579	26.956	-99	-99	-99	-99	-99	-99	-99	-99
05.11.2013	0.53	25.463	-99	-99	-99	-99	-99	-99	-99	-99
06.11.2013	0.41	23.949	-99	-99	-99	-99	-99	-99	-99	-99
07.11.2013	0.357	22.053	-99	-99	-99	-99	-99	-99	-99	-99
08.11.2013	0.389	21.598	-99	-99	-99	-99	-99	-99	-99	-99
09.11.2013	0.379	21.766	-99	-99	-99	-99	-99	-99	-99	-99
10.11.2013	0.348	20.19	-99	-99	-99	-99	-99	-99	-99	-99
11.11.2013	0.325	19.19	-99	-99	-99	-99	-99	-99	-99	-99
12.11.2013	0.346	19.35	-99	-99	-99	-99	-99	-99	-99	-99
13.11.2013	0.434	21.185	-99	-99	-99	-99	-99	-99	-99	-99
14.11.2013	0.463	21.455	-99	-99	-99	-99	-99	-99	-99	-99
15.11.2013	1.603	22.993	-99	-99	-99	-99	-99	-99	-99	-99
16.11.2013	8.768	50.491	-99	-99	-99	-99	-99	-99	-99	-99
17.11.2013	4.205	74.423	-99	-99	-99	-99	-99	-99	-99	-99
18.11.2013	2.375	70.706	-99	-99	-99	-99	-99	-99	-99	-99
19.11.2013	1.816	62.406	-99	-99	-99	-99	-99	-99	-99	-99
20.11.2013	1.573	54.89	-99	-99	-99	-99	-99	-99	-99	-99
21.11.2013	0.785	47.473	-99	-99	-99	-99	-99	-99	-99	-99
22.11.2013	1.974	41.938	-99	-99	-99	-99	-99	-99	-99	-99
23.11.2013	0.957	37.369	-99	-99	-99	-99	-99	-99	-99	-99
24.11.2013	0.917	34.178	-99	-99	-99	-99	-99	-99	-99	-99
25.11.2013	0.852	31.422	-99	-99	-99	-99	-99	-99	-99	-99
26.11.2013	0.808	29.134	-99	-99	-99	-99	-99	-99	-99	-99
27.11.2013	2.599	30.509	-99	-99	-99	-99	-99	-99	-99	-99
28.11.2013	2.22	36.971	-99	-99	-99	-99	-99	-99	-99	-99
29.11.2013	1.674	37.511	-99	-99	-99	-99	-99	-99	-99	-99
30.11.2013	1.35	35.517	-99	-99	-99	-99	-99	-99	-99	-99
01.12.2013	1.326	34.816	-99	-99	-99	-99	-99	-99	-99	-99
02.12.2013	1.293	34.449	-99	-99	-99	-99	-99	-99	-99	-99
03.12.2013	1.296	35.182	-99	-99	-99	-99	-99	-99	-99	-99
04.12.2013	1.192	36.335	-99	-99	-99	-99	-99	-99	-99	-99
05.12.2013	1.414	35.872	-99	-99	-99	-99	-99	-99	-99	-99
06.12.2013	1.566	33.827	-99	-99	-99	-99	-99	-99	-99	-99
07.12.2013	2.171	32.199	-99	-99	-99	-99	-99	-99	-99	-99
08.12.2013	1.656	30.215	-99	-99	-99	-99	-99	-99	-99	-99
09.12.2013	1.562	27.98	-99	-99	-99	-99	-99	-99	-99	-99
10.12.2013	1.437	28.953	-99	-99	-99	-99	-99	-99	-99	-99
11.12.2013	1.243	29.818	-99	-99	-99	-99	-99	-99	-99	-99
12.12.2013	2.802	36.47	-99	-99	-99	-99	-99	-99	-99	-99
13.12.2013	2.183	44.469	-99	-99	-99	-99	-99	-99	-99	-99
14.12.2013	1.514	43.747	-99	-99	-99	-99	-99	-99	-99	-99
15.12.2013	1.196	41.31	-99	-99	-99	-99	-99	-99	-99	-99
16.12.2013	1.466	39.603	-99	-99	-99	-99	-99	-99	-99	-99
17.12.2013	1.123	40.634	-99	-99	-99	-99	-99	-99	-99	-99
18.12.2013	1.103	39.461	-99	-99	-99	-99	-99	-99	-99	-99
19.12.2013	0.764	37.212	-99	-99	-99	-99	-99	-99	-99	-99
20.12.2013	0.765	34.359	-99	-99	-99	-99	-99	-99	-99	-99
21.12.2013	0.738	32.82	-99	-99	-99	-99	-99	-99	-99	-99
22.12.2013	0.833	32.962	-99	-99	-99	-99	-99	-99	-99	-99
23.12.2013	0.814	31.794	-99	-99	-99	-99	-99	-99	-99	-99
24.12.2013	0.479	30.77	-99	-99	-99	-99	-99	-99	-99	-99
25.12.2013	0.449	28.821	-99	-99	-99	-99	-99	-99	-99	-99
26.12.2013	0.499	28.219	-99	-99	-99	-99	-99	-99	-99	-99
27.12.2013	0.478	28.123	-99	-99	-99	-99	-99	-99	-99	-99
28.12.2013	0.402	26.261	-99	-99	-99	-99	-99	-99	-99	-99
29.12.2013	0.483	25.785	-99	-99	-99	-99	-99	-99	-99	-99
30.12.2013	0.641	25.793	-99	-99	-99	-99	-99	-99	-99	-99
31.12.2013	0.436	#VALUE!	-99	-99	-99	-99	-99	-99	-99	-99
01.01.2014	0.445	23.539	-99	-99	-99	-99	-99	-99	-99	-99
02.01.2014	0.356	22.419	-99	-99	-99	-99	-99	-99	-99	-99
03.01.2014	0.299	21.157	-99	-99	-99	-99	-99	-99	-99	-99
04.01.2014	0.37	11.317	-99	-99	-99	-99	-99	-99	-99	-99
05.01.2014	0.341	10.784	-99	-99	-99	-99	-99	-99	-99	-99
06.01.2014	0.296	10.28	-99	-99	-99	-99	-99	-99	-99	-99
07.01.2014	0.316	9.598	-99	-99	-99	-99	-99	-99	-99	-99
08.01.2014	0.321	9.337	-99	-99	-99	-99	-99	-99	-99	-99
09.01.2014	0.336	9.161	-99	-99	-99	-99	-99	-99	-99	-99
10.01.2014	0.372	8.907	-99	-99	-99	-99	-99	-99	-99	-99
11.01.2014	0.392	8.649	-99	-99	-99	-99	-99	-99	-99	-99
12.01.2014	0.361	8.139	-99	-99	-99	-99	-99	-99	-99	-99
13.01.2014	0.303	7.9	-99	-99	-99	-99	-99	-99	-99	-99
14.01.2014	0.276	7.347	-99	-99	-99	-99	-99	-99	-99	-99
15.01.2014	0.268	6.884	-99	-99	-99	-99	-99	-99	-99	-99
16.01.2014	0.276	6.652	-99	-99	-99	-99	-99	-99	-99	-99
17.01.2014	0.258	6.211	-99	-99	-99	-99	-99	-99	-99	-99
18.01.2014	0.25	5.783	-99	-99	-99	-99	-99	-99	-99	-99
19.01.2014	0.25	5.446	-99	-99	-99	-99	-99	-99	-99	-99
20.01.2014	0.234	4.852	-99	-99	-99	-99	-99	-99	-99	-99
21.01.2014	0.227	4.377	-99	-99	-99	-99	-99	-99	-99	-99
22.01.2014	0.22	4.163	-99	-99	-99	-99	-99	-99	-99	-99
23.01.2014	0.204	4.81	-99	-99	-99	-99	-99	-99	-99	-99
24.01.2014	0.198	3.735	-99	-99	-99	-99	-99	-99	-99	-99
25.01.2014	0.177	3.575	-99	-99	-99	-99	-99	-99	-99	-99
26.01.2014	0.162	3.603	-99	-99	-99	-99	-99	-99	-99	-99
27.01.2014	0.161	3.956	-99	-99	-99	-99	-99	-99	-99	-99
28.01.2014	0.153	3.577	-99	-99	-99	-99	-99	-99	-99	-99
29.01.2014	0.144	3.48	-99	-99	-99	-99	-99	-99	-99	-99
30.01.2014	0.14	3.367	-99	-99	-99	-99	-99	-99	-99	-99
31.01.2014	0.134	3.859	-99	-99	-99	-99	-99	-99	-99	-99
01.02.2014	0.129	3.11	-99	-99	-99	-99	-99	-99	-99	-99
02.02.2014	0.123	2.971	-99	-99	-99	-99	-99	-99	-99	-99
03.02.2014	0.122	2.935	-99	-99	-99	-99	-99	-99	-99	-99
04.02.2014	0.122	3.416	-99	-99	-99	-99	-99	-99	-99	-99
05.02.2014	0.117	2.964	-99	-99	-99	-99	-99	-99	-99	-99
06.02.2014	0.114	2.736	-99	-99	-99	-99	-99	-99	-99	-99
07.02.2014	0.108	2.493	-99	-99	-99	-99	-99	-99	-99	-99
08.02.2014	0.104	2.45	-99	-99	-99	-99	-99	-99	-99	-99
09.02.2014	0.103	2.48	-99	-99	-99	-99	-99	-99	-99	-99
10.02.2014	0.997	2.294	-99	-99	-99	-99	-99	-99	-99	-99
11.02.2014	0.989	2.268	-99	-99	-99	-99	-99	-99	-99	-99
12.02.2014	0.964	2.262	-99	-99	-99	-99	-99	-99	-99	-99
13.02.2014	0.952	2.354	-99	-99	-99	-99	-99	-99	-99	-99
14.02.2014	0.904	2.953	-99	-99	-99	-99	-99	-99	-99	-99
15.02.2014	0.841	2.267	-99	-99	-99	-99	-99	-99	-99	-99
16.02.2014	0.841	2.259	-99	-99	-99	-99	-99	-99	-99	-99
17.02.2014	0.917	2.156	-99	-99	-99	-99	-99	-99	-99	-99
18.02.2014	0.106	2.285	-99	-99	-99	-99	-99	-99	-99	-99
19.02.2014	0.12	2.249	-99	-99	-99	-99	-99	-99	-99	-99
20.02.2014	0.12	2.261	-99	-99	-99	-99	-99	-99	-99	-99
21.02.2014	0.121	2.155	-99	-99	-99	-99	-99	-99	-99	-99
22.02.2014	0.116	2.817	-99	-99	-99	-99	-99	-99	-99	-99
23.02.2014	0.118	2.899	-99	-99	-99	-99	-99	-99	-99	-99
24.02.2014	0.21	2.535	-99	-99	-99	-99	-99	-99	-99	-99
25.02.2014	0.267	3.3	-99	-99	-99	-99	-99	-99	-99	-99
26.02.2014	0.241	3.568	-99	-99	-99	-99	-99	-99	-99	-99
27.02.2014	0.204	3.674	-99	-99	-99	-99	-99	-99	-99	-99
28.02.2014	0.173	3.783	-99	-99	-99	-99	-99	-99	-99	-99
01.03.2014	0.154	3.68	-99	-99	-99	-99	-99	-99	-99	-99
02.03.2014	0.14	3.693	-99	-99	-99	-99	-99	-99	-99	-99
03.03.2014	0.129	3.588	-99	-99	-99	-99	-99	-99	-99	-99
04.03.2014	0.12	3.476	-99	-99	-99	-99	-99	-99	-99	-99
05.03.2014	0.112	3.251	-99	-99	-99	-99	-99	-99	-99	-99
06.03.2014	0.108	3.177	-99	-99	-99	-99	-99	-99	-99	-99
07.03.2014	0.139	3.403	-99	-99	-99	-99	-99	-99	-99	-99
08.03.2014	0.203	3.925	-99	-99	-99	-99	-99	-99	-99	-99
09.03.2014	0.488	4.487	-99	-99	-99	-99	-99	-99	-99	-99
10.03.2014	0.572	6.286	-99	-99	-99	-99	-99	-99	-99	-99
11.03.2014	0.48	7.107	-99	-99	-99	-99	-99	-99	-99	-99
12.03.2014	0.414	7.247	-99	-99	-99	-99	-99	-99	-99	-99
13.03.2014	0.354	7.188	-99	-99	-99	-99	-99	-99	-99	-99
14.03.2014	0.36	7.281	-99	-99	-99	-99	-99	-99	-99	-99
15.03.2014	0.398	7.513	-99	-99	-99	-99	-99	-99	-99	-99
16.03.2014	0.437	7.702	-99	-99	-99	-99	-99	-99	-99	-99
17.03.2014	0.688	7.967	-99	-99	-99	-99	-99	-99	-99	-99
18.03.2014	0.632	8.116	-99	-99	-99	-99	-99	-99	-99	-99
19.03.2014	0.527	8.305	-99	-99	-99	-99	-99	-99	-99	-99
20.03.2014	0.561	8.476	-99	-99	-99	-99	-99	-99	-99	-99
21.03.2014	0.647	10.104	-99	-99	-99	-99	-99	-99	-99	-99
22.03.2014	0.639	10.86	-99	-99	-99	-99	-99	-99	-99	-99
23.03.2014	0.584	10.828	-99	-99	-99	-99	-99	-99	-99	-99
24.03.2014	0.534	10.612	-99	-99	-99	-99	-99	-99	-99	-99
25.03.2014	0.475	10.145	-99	-99	-99	-99	-99	-99	-99	-99
26.03.2014	0.424	9.656	-99	-99	-99	-99	-99	-99	-99	-99
27.03.2014	0.375	9.151	-99	-99	-99	-99	-99	-99	-99	-99
28.03.2014	0.473	8.987	-99	-99	-99	-99	-99	-99	-99	-99
29.03.2014	0.629	9.479	-99	-99	-99	-99	-99	-99	-99	-99
30.03.2014	0.7	10.419	-99	-99	-99	-99	-99	-99	-99	-99
31.03.2014	0.598	10.553	-99	-99	-99	-99	-99	-99	-99	-99
01.04.2014	0.416	10.539	-99	-99	-99	-99	-99	-99	-99	-99
02.04.2014	0.338	10.167	-99	-99	-99	-99	-99	-99	-99	-99
03.04.2014	0.29	9.73	-99	-99	-99	-99	-99	-99	-99	-99
04.04.2014	0.281	9.29	-99	-99	-99	-99	-99	-99	-99	-99
05.04.2014	0.271	8.86	-99	-99	-99	-99	-99	-99	-99	-99
06.04.2014	0.261	8.529	-99	-99	-99	-99	-99	-99	-99	-99
07.04.2014	0.79	9.481	-99	-99	-99	-99	-99	-99	-99	-99
08.04.2014	1.322	11.568	-99	-99	-99	-99	-99	-99	-99	-99
09.04.2014	1.585	13.318	-99	-99	-99	-99	-99	-99	-99	-99
10.04.2014	0.85	14.675	-99	-99	-99	-99	-99	-99	-99	-99
11.04.2014	0.698	14.833	-99	-99	-99	-99	-99	-99	-99	-99
12.04.2014	0.605	14.738	-99	-99	-99	-99	-99	-99	-99	-99
13.04.2014	0.627	16.233	-99	-99	-99	-99	-99	-99	-99	-99
14.04.2014	0.637	17.427	-99	-99	-99	-99	-99	-99	-99	-99
15.04.2014	0.581	16.979	-99	-99	-99	-99	-99	-99	-99	-99
16.04.2014	0.523	15.63	-99	-99	-99	-99	-99	-99	-99	-99
17.04.2014	0.53	14.7	-99	-99	-99	-99	-99	-99	-99	-99
18.04.2014	0.553	14.328	-99	-99	-99	-99	-99	-99	-99	-99
19.04.2014	0.538	13.561	-99	-99	-99	-99	-99	-99	-99	-99
20.04.2014	0.589	12.865	-99	-99	-99	-99	-99	-99	-99	-99
21.04.2014	0.779	12.514	-99	-99	-99	-99	-99	-99	-99	-99
22.04.2014	1.11	12.459	-99	-99	-99	-99	-99	-99	-99	-99
23.04.2014	1.427	13.37	-99	-99	-99	-99	-99	-99	-99	-99
24.04.2014	1.637	14.693	-99	-99	-99	-99	-99	-99	-99	-99
25.04.2014	1.468	16.396	-99	-99	-99	-99	-99	-99	-99	-99
26.04.2014	1.506	16.695	-99	-99	-99	-99	-99	-99	-99	-99
27.04.2014	1.864	17.598	-99	-99	-99	-99	-99	-99	-99	-99
28.04.2014	1.824	19.256	-99	-99	-99	-99	-99	-99	-99	-99
29.04.2014	1.882	20.985	-99	-99	-99	-99	-99	-99	-99	-99
30.04.2014	1.413	21.262	-99	-99	-99	-99	-99	-99	-99	-99
01.05.2014	0.965	20.197	-99	-99	-99	-99	-99	-99	-99	-99
02.05.2014	0.772	18.498	-99	-99	-99	-99	-99	-99	-99	-99
03.05.2014	0.663	16.781	-99	-99	-99	-99	-99	-99	-99	-99
04.05.2014	0.598	15.488	-99	-99	-99	-99	-99	-99	-99	-99
05.05.2014	0.598	14.148	-99	-99	-99	-99	-99	-99	-99	-99
06.05.2014	0.774	13.186	-99	-99	-99	-99	-99	-99	-99	-99
07.05.2014	1.191	12.846	-99	-99	-99	-99	-99	-99	-99	-99
08.05.2014	1.289	13.74	-99	-99	-99	-99	-99	-99	-99	-99
09.05.2014	1.133	12.99	-99	-99	-99	-99	-99	-99	-99	-99
10.05.2014	1.468	13.178	-99	-99	-99	-99	-99	-99	-99	-99
11.05.2014	1.667	13.714	-99	-99	-99	-99	-99	-99	-99	-99
12.05.2014	1.729	14.202	-99	-99	-99	-99	-99	-99	-99	-99
13.05.2014	1.898	14.699	-99	-99	-99	-99	-99	-99	-99	-99
14.05.2014	1.755	14.946	-99	-99	-99	-99	-99	-99	-99	-99
15.05.2014	1.574	15.483	-99	-99	-99	-99	-99	-99	-99	-99
16.05.2014	2.883	18.314	-99	-99	-99	-99	-99	-99	-99	-99
17.05.2014	3.657	22.822	-99	-99	-99	-99	-99	-99	-99	-99
18.05.2014	4.67	27.361	-99	-99	-99	-99	-99	-99	-99	-99
19.05.2014	5.792	35.471	-99	-99	-99	-99	-99	-99	-99	-99
20.05.2014	5.428	43.403	-99	-99	-99	-99	-99	-99	-99	-99
21.05.2014	6.123	49.716	-99	-99	-99	-99	-99	-99	-99	-99
22.05.2014	8.873	63.387	-99	-99	-99	-99	-99	-99	-99	-99
23.05.2014	10.38	88.507	-99	-99	-99	-99	-99	-99	-99	-99
24.05.2014	10.203	99.758	-99	-99	-99	-99	-99	-99	-99	-99
25.05.2014	8.431	103.023	-99	-99	-99	-99	-99	-99	-99	-99
26.05.2014	7.342	94.715	-99	-99	-99	-99	-99	-99	-99	-99
27.05.2014	6.796	87.104	-99	-99	-99	-99	-99	-99	-99	-99
28.05.2014	6.397	81.208	-99	-99	-99	-99	-99	-99	-99	-99
29.05.2014	6.2	77.201	-99	-99	-99	-99	-99	-99	-99	-99
30.05.2014	5.976	74.387	-99	-99	-99	-99	-99	-99	-99	-99
31.05.2014	5.528	69.761	-99	-99	-99	-99	-99	-99	-99	-99
01.06.2014	5.188	65.163	-99	-99	-99	-99	-99	-99	-99	-99
02.06.2014	5.193	61.43	-99	-99	-99	-99	-99	-99	-99	-99
03.06.2014	5.745	61.523	-99	-99	-99	-99	-99	-99	-99	-99
04.06.2014	5.707	64.286	-99	-99	-99	-99	-99	-99	-99	-99
05.06.2014	6.571	66.39	-99	-99	-99	-99	-99	-99	-99	-99
06.06.2014	7.916	72.863	-99	-99	-99	-99	-99	-99	-99	-99
07.06.2014	7.296	78.397	-99	-99	-99	-99	-99	-99	-99	-99
08.06.2014	6.569	79.425	-99	-99	-99	-99	-99	-99	-99	-99
09.06.2014	6.477	80.528	-99	-99	-99	-99	-99	-99	-99	-99
10.06.2014	6.107	78.379	-99	-99	-99	-99	-99	-99	-99	-99
11.06.2014	7.357	82.152	-99	-99	-99	-99	-99	-99	-99	-99
12.06.2014	8.419	91.258	-99	-99	-99	-99	-99	-99	-99	-99
13.06.2014	8.388	109.639	-99	-99	-99	-99	-99	-99	-99	-99
14.06.2014	5.876	104.114	-99	-99	-99	-99	-99	-99	-99	-99
15.06.2014	4.873	90.924	-99	-99	-99	-99	-99	-99	-99	-99
16.06.2014	4.293	80.808	-99	-99	-99	-99	-99	-99	-99	-99
17.06.2014	3.511	70.959	-99	-99	-99	-99	-99	-99	-99	-99
18.06.2014	3.928	63.91	-99	-99	-99	-99	-99	-99	-99	-99
19.06.2014	6.206	68.412	-99	-99	-99	-99	-99	-99	-99	-99
20.06.2014	4.957	69.428	-99	-99	-99	-99	-99	-99	-99	-99
21.06.2014	3.532	63.317	-99	-99	-99	-99	-99	-99	-99	-99
22.06.2014	3.707	56.206	-99	-99	-99	-99	-99	-99	-99	-99
23.06.2014	3.13	51.473	-99	-99	-99	-99	-99	-99	-99	-99
24.06.2014	2.636	46.075	-99	-99	-99	-99	-99	-99	-99	-99
25.06.2014	2.5	43.138	-99	-99	-99	-99	-99	-99	-99	-99
26.06.2014	2.428	40.678	-99	-99	-99	-99	-99	-99	-99	-99
27.06.2014	2.435	38.862	-99	-99	-99	-99	-99	-99	-99	-99
28.06.2014	2.404	37.589	-99	-99	-99	-99	-99	-99	-99	-99
29.06.2014	2.506	37.269	-99	-99	-99	-99	-99	-99	-99	-99
30.06.2014	2.633	37.723	-99	-99	-99	-99	-99	-99	-99	-99
01.07.2014	3.107	38.819	-99	-99	-99	-99	-99	-99	-99	-99
02.07.2014	3.217	40.702	-99	-99	-99	-99	-99	-99	-99	-99
03.07.2014	3.887	43.908	-99	-99	-99	-99	-99	-99	-99	-99
04.07.2014	3.457	45.753	-99	-99	-99	-99	-99	-99	-99	-99
05.07.2014	4.687	49.302	-99	-99	-99	-99	-99	-99	-99	-99
06.07.2014	6.487	65.874	-99	-99	-99	-99	-99	-99	-99	-99
07.07.2014	7.811	92.524	-99	-99	-99	-99	-99	-99	-99	-99
08.07.2014	6.401	111.994	-99	-99	-99	-99	-99	-99	-99	-99
09.07.2014	5.925	113.351	-99	-99	-99	-99	-99	-99	-99	-99
10.07.2014	5.561	115.555	-99	-99	-99	-99	-99	-99	-99	-99
11.07.2014	5.197	112.707	-99	-99	-99	-99	-99	-99	-99	-99
12.07.2014	4.689	107.548	-99	-99	-99	-99	-99	-99	-99	-99
13.07.2014	4.34	101.836	-99	-99	-99	-99	-99	-99	-99	-99
14.07.2014	4.398	95.501	-99	-99	-99	-99	-99	-99	-99	-99
15.07.2014	4.131	92.362	-99	-99	-99	-99	-99	-99	-99	-99
16.07.2014	4.188	91.526	-99	-99	-99	-99	-99	-99	-99	-99
17.07.2014	3.572	85.555	-99	-99	-99	-99	-99	-99	-99	-99
18.07.2014	3.525	80.313	-99	-99	-99	-99	-99	-99	-99	-99
19.07.2014	3.76	75.746	-99	-99	-99	-99	-99	-99	-99	-99
20.07.2014	2.843	72.95	-99	-99	-99	-99	-99	-99	-99	-99
21.07.2014	2.724	72.339	-99	-99	-99	-99	-99	-99	-99	-99
22.07.2014	2.684	72.419	-99	-99	-99	-99	-99	-99	-99	-99
23.07.2014	2.71	72.837	-99	-99	-99	-99	-99	-99	-99	-99
24.07.2014	2.714	73.939	-99	-99	-99	-99	-99	-99	-99	-99
25.07.2014	2.651	77.174	-99	-99	-99	-99	-99	-99	-99	-99
26.07.2014	2.517	76.785	-99	-99	-99	-99	-99	-99	-99	-99
27.07.2014	2.472	76.304	-99	-99	-99	-99	-99	-99	-99	-99
28.07.2014	2.497	75.314	-99	-99	-99	-99	-99	-99	-99	-99
29.07.2014	2.467	72.463	-99	-99	-99	-99	-99	-99	-99	-99
30.07.2014	2.319	70.272	-99	-99	-99	-99	-99	-99	-99	-99
31.07.2014	2.227	67.676	-99	-99	-99	-99	-99	-99	-99	-99
01.08.2014	2.329	66.271	-99	-99	-99	-99	-99	-99	-99	-99
02.08.2014	2.174	64.371	-99	-99	-99	-99	-99	-99	-99	-99
03.08.2014	2.259	65.891	-99	-99	-99	-99	-99	-99	-99	-99
04.08.2014	2.283	68.255	-99	-99	-99	-99	-99	-99	-99	-99
05.08.2014	2.203	68.316	-99	-99	-99	-99	-99	-99	-99	-99
06.08.2014	2.919	65.529	-99	-99	-99	-99	-99	-99	-99	-99
07.08.2014	1.965	62.75	-99	-99	-99	-99	-99	-99	-99	-99
08.08.2014	1.946	61.351	-99	-99	-99	-99	-99	-99	-99	-99
09.08.2014	1.964	60.301	-99	-99	-99	-99	-99	-99	-99	-99
10.08.2014	2.693	62.671	-99	-99	-99	-99	-99	-99	-99	-99
11.08.2014	1.857	62.982	-99	-99	-99	-99	-99	-99	-99	-99
12.08.2014	1.738	60.78	-99	-99	-99	-99	-99	-99	-99	-99
13.08.2014	1.55	57.255	-99	-99	-99	-99	-99	-99	-99	-99
14.08.2014	1.325	53.215	-99	-99	-99	-99	-99	-99	-99	-99
15.08.2014	1.415	49.943	-99	-99	-99	-99	-99	-99	-99	-99
16.08.2014	1.414	47.764	-99	-99	-99	-99	-99	-99	-99	-99
17.08.2014	1.409	45.605	-99	-99	-99	-99	-99	-99	-99	-99
18.08.2014	1.856	44.825	-99	-99	-99	-99	-99	-99	-99	-99
19.08.2014	3.426	49.807	-99	-99	-99	-99	-99	-99	-99	-99
20.08.2014	2.731	56.151	-99	-99	-99	-99	-99	-99	-99	-99
21.08.2014	2.429	57.42	-99	-99	-99	-99	-99	-99	-99	-99
22.08.2014	2.163	54.591	-99	-99	-99	-99	-99	-99	-99	-99
23.08.2014	1.886	51.162	-99	-99	-99	-99	-99	-99	-99	-99
24.08.2014	1.788	48.596	-99	-99	-99	-99	-99	-99	-99	-99
25.08.2014	1.822	46.446	-99	-99	-99	-99	-99	-99	-99	-99
26.08.2014	1.638	44.798	-99	-99	-99	-99	-99	-99	-99	-99
27.08.2014	1.451	42.297	-99	-99	-99	-99	-99	-99	-99	-99
28.08.2014	1.271	39.76	-99	-99	-99	-99	-99	-99	-99	-99
29.08.2014	1.159	37.652	-99	-99	-99	-99	-99	-99	-99	-99
30.08.2014	1.137	37.137	-99	-99	-99	-99	-99	-99	-99	-99
31.08.2014	1.136	37.317	-99	-99	-99	-99	-99	-99	-99	-99
01.09.2014	1.729	37.424	-99	-99	-99	-99	-99	-99	-99	-99
02.09.2014	1.177	37.727	-99	-99	-99	-99	-99	-99	-99	-99
03.09.2014	1.191	38.013	-99	-99	-99	-99	-99	-99	-99	-99
04.09.2014	1.228	39.245	-99	-99	-99	-99	-99	-99	-99	-99
05.09.2014	1.795	39.221	-99	-99	-99	-99	-99	-99	-99	-99
06.09.2014	1.685	38.48	-99	-99	-99	-99	-99	-99	-99	-99
07.09.2014	1.181	39.408	-99	-99	-99	-99	-99	-99	-99	-99
08.09.2014	1.393	40.687	-99	-99	-99	-99	-99	-99	-99	-99
09.09.2014	1.651	42.444	-99	-99	-99	-99	-99	-99	-99	-99
10.09.2014	1.328	42.335	-99	-99	-99	-99	-99	-99	-99	-99
11.09.2014	1.122	39.73	-99	-99	-99	-99	-99	-99	-99	-99
12.09.2014	1.846	37.959	-99	-99	-99	-99	-99	-99	-99	-99
13.09.2014	0.976	36.503	-99	-99	-99	-99	-99	-99	-99	-99
14.09.2014	0.954	35.313	-99	-99	-99	-99	-99	-99	-99	-99
15.09.2014	0.913	34.256	-99	-99	-99	-99	-99	-99	-99	-99
16.09.2014	0.808	32.674	-99	-99	-99	-99	-99	-99	-99	-99
17.09.2014	0.712	30.806	-99	-99	-99	-99	-99	-99	-99	-99
18.09.2014	0.641	28.756	-99	-99	-99	-99	-99	-99	-99	-99
19.09.2014	0.584	26.857	-99	-99	-99	-99	-99	-99	-99	-99
20.09.2014	0.645	25.286	-99	-99	-99	-99	-99	-99	-99	-99
21.09.2014	1.698	25.144	-99	-99	-99	-99	-99	-99	-99	-99
22.09.2014	1.422	25.119	-99	-99	-99	-99	-99	-99	-99	-99
23.09.2014	0.821	23.47	-99	-99	-99	-99	-99	-99	-99	-99
24.09.2014	0.759	21.71	-99	-99	-99	-99	-99	-99	-99	-99
25.09.2014	0.959	20.858	-99	-99	-99	-99	-99	-99	-99	-99
26.09.2014	4.417	24.586	-99	-99	-99	-99	-99	-99	-99	-99
27.09.2014	7.336	46.936	-99	-99	-99	-99	-99	-99	-99	-99
28.09.2014	9.353	90.726	-99	-99	-99	-99	-99	-99	-99	-99
29.09.2014	5.421	95.394	-99	-99	-99	-99	-99	-99	-99	-99
30.09.2014	3.385	81.739	-99	-99	-99	-99	-99	-99	-99	-99
01.10.2014	2.989	69.871	-99	-99	-99	-99	-99	-99	-99	-99
02.10.2014	3.17	67.608	-99	-99	-99	-99	-99	-99	-99	-99
03.10.2014	2.24	59.736	-99	-99	-99	-99	-99	-99	-99	-99
04.10.2014	2.139	54.172	-99	-99	-99	-99	-99	-99	-99	-99
05.10.2014	2.184	52.39	-99	-99	-99	-99	-99	-99	-99	-99
06.10.2014	1.866	51.487	-99	-99	-99	-99	-99	-99	-99	-99
07.10.2014	1.47	45.968	-99	-99	-99	-99	-99	-99	-99	-99
08.10.2014	1.191	38.976	-99	-99	-99	-99	-99	-99	-99	-99
09.10.2014	0.971	33.938	-99	-99	-99	-99	-99	-99	-99	-99
10.10.2014	0.872	29.856	-99	-99	-99	-99	-99	-99	-99	-99
11.10.2014	0.765	26.902	-99	-99	-99	-99	-99	-99	-99	-99
12.10.2014	0.672	24.27	-99	-99	-99	-99	-99	-99	-99	-99
13.10.2014	0.638	22.209	-99	-99	-99	-99	-99	-99	-99	-99
14.10.2014	0.615	20.396	-99	-99	-99	-99	-99	-99	-99	-99
15.10.2014	0.552	18.714	-99	-99	-99	-99	-99	-99	-99	-99
16.10.2014	0.46	15.837	-99	-99	-99	-99	-99	-99	-99	-99
17.10.2014	0.397	12.442	-99	-99	-99	-99	-99	-99	-99	-99
18.10.2014	0.421	11.319	-99	-99	-99	-99	-99	-99	-99	-99
19.10.2014	1.588	12.306	-99	-99	-99	-99	-99	-99	-99	-99
20.10.2014	2.213	17.139	-99	-99	-99	-99	-99	-99	-99	-99
21.10.2014	1.982	20.545	-99	-99	-99	-99	-99	-99	-99	-99
22.10.2014	1.546	20.969	-99	-99	-99	-99	-99	-99	-99	-99
23.10.2014	1.438	21.135	-99	-99	-99	-99	-99	-99	-99	-99
24.10.2014	1.8	22.98	-99	-99	-99	-99	-99	-99	-99	-99
25.10.2014	1.586	25.343	-99	-99	-99	-99	-99	-99	-99	-99
26.10.2014	2.64	27.864	-99	-99	-99	-99	-99	-99	-99	-99
27.10.2014	4.841	44.329	-99	-99	-99	-99	-99	-99	-99	-99
28.10.2014	8.596	84.608	-99	-99	-99	-99	-99	-99	-99	-99
29.10.2014	5.95	121.594	-99	-99	-99	-99	-99	-99	-99	-99
30.10.2014	3.355	100.467	-99	-99	-99	-99	-99	-99	-99	-99
31.10.2014	2.351	79.201	-99	-99	-99	-99	-99	-99	-99	-99
01.11.2014	3.179	66.293	-99	-99	-99	-99	-99	-99	-99	-99
02.11.2014	2.918	66.265	-99	-99	-99	-99	-99	-99	-99	-99
03.11.2014	2.357	58.818	-99	-99	-99	-99	-99	-99	-99	-99
04.11.2014	1.817	50.161	-99	-99	-99	-99	-99	-99	-99	-99
05.11.2014	1.293	41.846	-99	-99	-99	-99	-99	-99	-99	-99
06.11.2014	1.416	35.191	-99	-99	-99	-99	-99	-99	-99	-99
07.11.2014	0.812	29.823	-99	-99	-99	-99	-99	-99	-99	-99
08.11.2014	0.738	25.133	-99	-99	-99	-99	-99	-99	-99	-99
09.11.2014	0.691	21.827	-99	-99	-99	-99	-99	-99	-99	-99
10.11.2014	0.651	19.876	-99	-99	-99	-99	-99	-99	-99	-99
11.11.2014	0.538	18.98	-99	-99	-99	-99	-99	-99	-99	-99
12.11.2014	0.381	16.353	-99	-99	-99	-99	-99	-99	-99	-99
13.11.2014	0.455	14.96	-99	-99	-99	-99	-99	-99	-99	-99
14.11.2014	0.392	13.492	-99	-99	-99	-99	-99	-99	-99	-99
15.11.2014	0.343	12.401	-99	-99	-99	-99	-99	-99	-99	-99
16.11.2014	0.271	11.518	-99	-99	-99	-99	-99	-99	-99	-99
17.11.2014	0.106	10.349	-99	-99	-99	-99	-99	-99	-99	-99
18.11.2014	0.134	9.673	-99	-99	-99	-99	-99	-99	-99	-99
19.11.2014	0.157	8.409	-99	-99	-99	-99	-99	-99	-99	-99
20.11.2014	0.182	7.846	-99	-99	-99	-99	-99	-99	-99	-99
21.11.2014	0.143	7.357	-99	-99	-99	-99	-99	-99	-99	-99
22.11.2014	0.274	6.859	-99	-99	-99	-99	-99	-99	-99	-99
23.11.2014	0.145	6.409	-99	-99	-99	-99	-99	-99	-99	-99
24.11.2014	0.898	6.112	-99	-99	-99	-99	-99	-99	-99	-99
25.11.2014	0.128	6.172	-99	-99	-99	-99	-99	-99	-99	-99
26.11.2014	0.18	6.118	-99	-99	-99	-99	-99	-99	-99	-99
27.11.2014	0.186	5.94	-99	-99	-99	-99	-99	-99	-99	-99
28.11.2014	0.195	5.652	-99	-99	-99	-99	-99	-99	-99	-99
29.11.2014	0.263	5.306	-99	-99	-99	-99	-99	-99	-99	-99
30.11.2014	0.257	5.646	-99	-99	-99	-99	-99	-99	-99	-99
01.12.2014	0.123	4.698	-99	-99	-99	-99	-99	-99	-99	-99
02.12.2014	0.12	4.598	-99	-99	-99	-99	-99	-99	-99	-99
03.12.2014	0.185	4.672	-99	-99	-99	-99	-99	-99	-99	-99
04.12.2014	0.89	5.71	-99	-99	-99	-99	-99	-99	-99	-99
05.12.2014	0.493	6.395	-99	-99	-99	-99	-99	-99	-99	-99
06.12.2014	0.373	6.682	-99	-99	-99	-99	-99	-99	-99	-99
07.12.2014	0.359	7.625	-99	-99	-99	-99	-99	-99	-99	-99
08.12.2014	0.399	7.713	-99	-99	-99	-99	-99	-99	-99	-99
09.12.2014	0.406	8.404	-99	-99	-99	-99	-99	-99	-99	-99
10.12.2014	0.352	8.245	-99	-99	-99	-99	-99	-99	-99	-99
11.12.2014	0.382	8.255	-99	-99	-99	-99	-99	-99	-99	-99
12.12.2014	0.349	7.991	-99	-99	-99	-99	-99	-99	-99	-99
13.12.2014	0.366	7.89	-99	-99	-99	-99	-99	-99	-99	-99
14.12.2014	0.364	7.768	-99	-99	-99	-99	-99	-99	-99	-99
15.12.2014	0.398	8.383	-99	-99	-99	-99	-99	-99	-99	-99
16.12.2014	0.459	8.465	-99	-99	-99	-99	-99	-99	-99	-99
17.12.2014	0.442	8.149	-99	-99	-99	-99	-99	-99	-99	-99
18.12.2014	0.466	8.864	-99	-99	-99	-99	-99	-99	-99	-99
19.12.2014	0.455	8.507	-99	-99	-99	-99	-99	-99	-99	-99
20.12.2014	0.478	8.503	-99	-99	-99	-99	-99	-99	-99	-99
21.12.2014	0.448	8.479	-99	-99	-99	-99	-99	-99	-99	-99
22.12.2014	0.418	8.734	-99	-99	-99	-99	-99	-99	-99	-99
23.12.2014	0.499	9.643	-99	-99	-99	-99	-99	-99	-99	-99
24.12.2014	0.525	9.601	-99	-99	-99	-99	-99	-99	-99	-99
25.12.2014	0.576	8.264	-99	-99	-99	-99	-99	-99	-99	-99
26.12.2014	0.537	7.752	-99	-99	-99	-99	-99	-99	-99	-99
27.12.2014	0.549	7.358	-99	-99	-99	-99	-99	-99	-99	-99
28.12.2014	0.51	6.985	-99	-99	-99	-99	-99	-99	-99	-99
29.12.2014	0.549	7.215	-99	-99	-99	-99	-99	-99	-99	-99
30.12.2014	0.549	6.907	-99	-99	-99	-99	-99	-99	-99	-99
31.12.2014	0.532	7.317	-99	-99	-99	-99	-99	-99	-99	-99
01.01.2015	0.51	8.144	-99	-99	-99	-99	-99	-99	-99	-99
02.01.2015	0.531	10.2	-99	-99	-99	-99	-99	-99	-99	-99
03.01.2015	0.58	11.316	-99	-99	-99	-99	-99	-99	-99	-99
04.01.2015	0.618	11.526	-99	-99	-99	-99	-99	-99	-99	-99
05.01.2015	0.665	11.224	-99	-99	-99	-99	-99	-99	-99	-99
06.01.2015	0.569	10.723	-99	-99	-99	-99	-99	-99	-99	-99
07.01.2015	0.54	10.821	-99	-99	-99	-99	-99	-99	-99	-99
08.01.2015	0.505	11.611	-99	-99	-99	-99	-99	-99	-99	-99
09.01.2015	0.474	12.396	-99	-99	-99	-99	-99	-99	-99	-99
10.01.2015	0.459	11.971	-99	-99	-99	-99	-99	-99	-99	-99
11.01.2015	0.427	11.795	-99	-99	-99	-99	-99	-99	-99	-99
12.01.2015	0.456	11.455	-99	-99	-99	-99	-99	-99	-99	-99
13.01.2015	0.474	11.369	-99	-99	-99	-99	-99	-99	-99	-99
14.01.2015	0.509	11.463	-99	-99	-99	-99	-99	-99	-99	-99
15.01.2015	0.57	11.339	-99	-99	-99	-99	-99	-99	-99	-99
16.01.2015	0.536	10.572	-99	-99	-99	-99	-99	-99	-99	-99
17.01.2015	0.525	10.398	-99	-99	-99	-99	-99	-99	-99	-99
18.01.2015	0.506	10.25	-99	-99	-99	-99	-99	-99	-99	-99
19.01.2015	0.456	9.489	-99	-99	-99	-99	-99	-99	-99	-99
20.01.2015	0.418	8.902	-99	-99	-99	-99	-99	-99	-99	-99
21.01.2015	0.405	8.263	-99	-99	-99	-99	-99	-99	-99	-99
22.01.2015	0.379	7.63	-99	-99	-99	-99	-99	-99	-99	-99
23.01.2015	0.358	7.115	-99	-99	-99	-99	-99	-99	-99	-99
24.01.2015	0.34	6.863	-99	-99	-99	-99	-99	-99	-99	-99
25.01.2015	0.303	6.702	-99	-99	-99	-99	-99	-99	-99	-99
26.01.2015	0.293	6.617	-99	-99	-99	-99	-99	-99	-99	-99
27.01.2015	0.287	6.583	-99	-99	-99	-99	-99	-99	-99	-99
28.01.2015	0.288	6.707	-99	-99	-99	-99	-99	-99	-99	-99
29.01.2015	0.284	6.738	-99	-99	-99	-99	-99	-99	-99	-99
30.01.2015	0.267	6.69	-99	-99	-99	-99	-99	-99	-99	-99
31.01.2015	0.253	6.417	-99	-99	-99	-99	-99	-99	-99	-99
01.02.2015	0.246	5.975	-99	-99	-99	-99	-99	-99	-99	-99
02.02.2015	0.238	5.756	-99	-99	-99	-99	-99	-99	-99	-99
03.02.2015	0.232	5.59	-99	-99	-99	-99	-99	-99	-99	-99
04.02.2015	0.221	5.354	-99	-99	-99	-99	-99	-99	-99	-99
05.02.2015	0.213	5.121	-99	-99	-99	-99	-99	-99	-99	-99
06.02.2015	0.211	4.905	-99	-99	-99	-99	-99	-99	-99	-99
07.02.2015	0.243	4.649	-99	-99	-99	-99	-99	-99	-99	-99
08.02.2015	0.253	5.144	-99	-99	-99	-99	-99	-99	-99	-99
09.02.2015	0.265	5.522	-99	-99	-99	-99	-99	-99	-99	-99
10.02.2015	0.279	6.732	-99	-99	-99	-99	-99	-99	-99	-99
11.02.2015	0.294	7.256	-99	-99	-99	-99	-99	-99	-99	-99
12.02.2015	0.286	8.18	-99	-99	-99	-99	-99	-99	-99	-99
13.02.2015	0.284	8.294	-99	-99	-99	-99	-99	-99	-99	-99
14.02.2015	0.285	8.146	-99	-99	-99	-99	-99	-99	-99	-99
15.02.2015	0.278	7.939	-99	-99	-99	-99	-99	-99	-99	-99
16.02.2015	0.285	7.429	-99	-99	-99	-99	-99	-99	-99	-99
17.02.2015	0.275	6.877	-99	-99	-99	-99	-99	-99	-99	-99
18.02.2015	0.394	7.504	-99	-99	-99	-99	-99	-99	-99	-99
19.02.2015	0.672	9.987	-99	-99	-99	-99	-99	-99	-99	-99
20.02.2015	0.71	13.2	-99	-99	-99	-99	-99	-99	-99	-99
21.02.2015	0.602	13.735	-99	-99	-99	-99	-99	-99	-99	-99
22.02.2015	0.508	13.42	-99	-99	-99	-99	-99	-99	-99	-99
23.02.2015	0.459	12.848	-99	-99	-99	-99	-99	-99	-99	-99
24.02.2015	0.43	11.883	-99	-99	-99	-99	-99	-99	-99	-99
25.02.2015	0.392	11.914	-99	-99	-99	-99	-99	-99	-99	-99
26.02.2015	0.372	10.234	-99	-99	-99	-99	-99	-99	-99	-99
27.02.2015	0.339	9.599	-99	-99	-99	-99	-99	-99	-99	-99
28.02.2015	0.313	9.508	-99	-99	-99	-99	-99	-99	-99	-99
01.03.2015	0.286	9.773	-99	-99	-99	-99	-99	-99	-99	-99
02.03.2015	0.273	8.991	-99	-99	-99	-99	-99	-99	-99	-99
03.03.2015	0.253	8.789	-99	-99	-99	-99	-99	-99	-99	-99
04.03.2015	0.243	8.348	-99	-99	-99	-99	-99	-99	-99	-99
05.03.2015	0.237	8.121	-99	-99	-99	-99	-99	-99	-99	-99
06.03.2015	0.281	8.688	-99	-99	-99	-99	-99	-99	-99	-99
07.03.2015	0.384	9.718	-99	-99	-99	-99	-99	-99	-99	-99
08.03.2015	1.796	19.135	-99	-99	-99	-99	-99	-99	-99	-99
09.03.2015	1.219	26.773	-99	-99	-99	-99	-99	-99	-99	-99
10.03.2015	1.17	27.733	-99	-99	-99	-99	-99	-99	-99	-99
11.03.2015	1.718	30.297	-99	-99	-99	-99	-99	-99	-99	-99
12.03.2015	0.87	27.479	-99	-99	-99	-99	-99	-99	-99	-99
13.03.2015	0.727	24.594	-99	-99	-99	-99	-99	-99	-99	-99
14.03.2015	0.62	22.401	-99	-99	-99	-99	-99	-99	-99	-99
15.03.2015	0.531	19.8	-99	-99	-99	-99	-99	-99	-99	-99
16.03.2015	0.483	17.916	-99	-99	-99	-99	-99	-99	-99	-99
17.03.2015	0.419	16.35	-99	-99	-99	-99	-99	-99	-99	-99
18.03.2015	0.362	15.121	-99	-99	-99	-99	-99	-99	-99	-99
19.03.2015	0.333	14.184	-99	-99	-99	-99	-99	-99	-99	-99
20.03.2015	0.331	14.66	-99	-99	-99	-99	-99	-99	-99	-99
21.03.2015	0.317	13.486	-99	-99	-99	-99	-99	-99	-99	-99
22.03.2015	0.298	12.514	-99	-99	-99	-99	-99	-99	-99	-99
23.03.2015	0.307	12.185	-99	-99	-99	-99	-99	-99	-99	-99
24.03.2015	0.311	12.368	-99	-99	-99	-99	-99	-99	-99	-99
25.03.2015	0.317	11.832	-99	-99	-99	-99	-99	-99	-99	-99
26.03.2015	0.308	11.119	-99	-99	-99	-99	-99	-99	-99	-99
27.03.2015	0.263	10.265	-99	-99	-99	-99	-99	-99	-99	-99
28.03.2015	0.236	9.746	-99	-99	-99	-99	-99	-99	-99	-99
29.03.2015	0.211	9.138	-99	-99	-99	-99	-99	-99	-99	-99
30.03.2015	0.205	8.574	-99	-99	-99	-99	-99	-99	-99	-99
31.03.2015	0.198	8.152	-99	-99	-99	-99	-99	-99	-99	-99
01.04.2015	0.189	7.705	-99	-99	-99	-99	-99	-99	-99	-99
02.04.2015	0.188	7.42	-99	-99	-99	-99	-99	-99	-99	-99
03.04.2015	0.198	7.126	-99	-99	-99	-99	-99	-99	-99	-99
04.04.2015	0.2	6.832	-99	-99	-99	-99	-99	-99	-99	-99
05.04.2015	0.2	6.523	-99	-99	-99	-99	-99	-99	-99	-99
06.04.2015	0.185	6.211	-99	-99	-99	-99	-99	-99	-99	-99
07.04.2015	0.345	6.256	-99	-99	-99	-99	-99	-99	-99	-99
08.04.2015	0.536	7.155	-99	-99	-99	-99	-99	-99	-99	-99
09.04.2015	0.396	7.52	-99	-99	-99	-99	-99	-99	-99	-99
10.04.2015	0.444	7.689	-99	-99	-99	-99	-99	-99	-99	-99
11.04.2015	0.49	8.599	-99	-99	-99	-99	-99	-99	-99	-99
12.04.2015	0.564	9.855	-99	-99	-99	-99	-99	-99	-99	-99
13.04.2015	0.433	10.534	-99	-99	-99	-99	-99	-99	-99	-99
14.04.2015	0.368	10.662	-99	-99	-99	-99	-99	-99	-99	-99
15.04.2015	0.372	11.571	-99	-99	-99	-99	-99	-99	-99	-99
16.04.2015	0.376	11.224	-99	-99	-99	-99	-99	-99	-99	-99
17.04.2015	0.381	11.142	-99	-99	-99	-99	-99	-99	-99	-99
18.04.2015	0.372	10.731	-99	-99	-99	-99	-99	-99	-99	-99
19.04.2015	0.37	10.354	-99	-99	-99	-99	-99	-99	-99	-99
20.04.2015	0.6	10.251	-99	-99	-99	-99	-99	-99	-99	-99
21.04.2015	0.767	10.72	-99	-99	-99	-99	-99	-99	-99	-99
22.04.2015	0.685	11.343	-99	-99	-99	-99	-99	-99	-99	-99
23.04.2015	0.862	13.667	-99	-99	-99	-99	-99	-99	-99	-99
24.04.2015	0.585	14.424	-99	-99	-99	-99	-99	-99	-99	-99
25.04.2015	0.488	14.759	-99	-99	-99	-99	-99	-99	-99	-99
26.04.2015	0.481	13.793	-99	-99	-99	-99	-99	-99	-99	-99
27.04.2015	0.453	13.308	-99	-99	-99	-99	-99	-99	-99	-99
28.04.2015	0.447	12.626	-99	-99	-99	-99	-99	-99	-99	-99
29.04.2015	0.452	11.942	-99	-99	-99	-99	-99	-99	-99	-99
30.04.2015	0.423	11.456	-99	-99	-99	-99	-99	-99	-99	-99
01.05.2015	0.384	10.902	-99	-99	-99	-99	-99	-99	-99	-99
02.05.2015	0.341	10.339	-99	-99	-99	-99	-99	-99	-99	-99
03.05.2015	0.337	9.842	-99	-99	-99	-99	-99	-99	-99	-99
04.05.2015	0.391	9.473	-99	-99	-99	-99	-99	-99	-99	-99
05.05.2015	0.768	9.663	-99	-99	-99	-99	-99	-99	-99	-99
06.05.2015	2.173	12.757	-99	-99	-99	-99	-99	-99	-99	-99
07.05.2015	1.801	17.524	-99	-99	-99	-99	-99	-99	-99	-99
08.05.2015	1.343	19.651	-99	-99	-99	-99	-99	-99	-99	-99
09.05.2015	0.953	19.994	-99	-99	-99	-99	-99	-99	-99	-99
10.05.2015	0.833	19.299	-99	-99	-99	-99	-99	-99	-99	-99
11.05.2015	0.884	18.918	-99	-99	-99	-99	-99	-99	-99	-99
12.05.2015	1.553	21.35	-99	-99	-99	-99	-99	-99	-99	-99
13.05.2015	1.485	22.846	-99	-99	-99	-99	-99	-99	-99	-99
14.05.2015	1.269	23.157	-99	-99	-99	-99	-99	-99	-99	-99
15.05.2015	1.362	22.401	-99	-99	-99	-99	-99	-99	-99	-99
16.05.2015	1.686	21.579	-99	-99	-99	-99	-99	-99	-99	-99
17.05.2015	0.932	20.929	-99	-99	-99	-99	-99	-99	-99	-99
18.05.2015	0.968	19.862	-99	-99	-99	-99	-99	-99	-99	-99
19.05.2015	1.785	19.276	-99	-99	-99	-99	-99	-99	-99	-99
20.05.2015	1.135	18.865	-99	-99	-99	-99	-99	-99	-99	-99
21.05.2015	1.118	19.822	-99	-99	-99	-99	-99	-99	-99	-99
22.05.2015	1.834	20.744	-99	-99	-99	-99	-99	-99	-99	-99
23.05.2015	1.504	24.356	-99	-99	-99	-99	-99	-99	-99	-99
24.05.2015	1.12	24.87	-99	-99	-99	-99	-99	-99	-99	-99
25.05.2015	1.279	24.115	-99	-99	-99	-99	-99	-99	-99	-99
26.05.2015	1.573	23.857	-99	-99	-99	-99	-99	-99	-99	-99
27.05.2015	1.622	23.829	-99	-99	-99	-99	-99	-99	-99	-99
28.05.2015	1.521	23.758	-99	-99	-99	-99	-99	-99	-99	-99
29.05.2015	1.649	23.785	-99	-99	-99	-99	-99	-99	-99	-99
30.05.2015	1.599	24.189	-99	-99	-99	-99	-99	-99	-99	-99
31.05.2015	1.77	24.235	-99	-99	-99	-99	-99	-99	-99	-99
01.06.2015	1.843	24.633	-99	-99	-99	-99	-99	-99	-99	-99
02.06.2015	1.587	25.387	-99	-99	-99	-99	-99	-99	-99	-99
03.06.2015	1.591	25.221	-99	-99	-99	-99	-99	-99	-99	-99
04.06.2015	1.78	26.623	-99	-99	-99	-99	-99	-99	-99	-99
05.06.2015	1.839	27.418	-99	-99	-99	-99	-99	-99	-99	-99
06.06.2015	3.662	29.306	-99	-99	-99	-99	-99	-99	-99	-99
07.06.2015	2.876	34.299	-99	-99	-99	-99	-99	-99	-99	-99
08.06.2015	2.634	36.339	-99	-99	-99	-99	-99	-99	-99	-99
09.06.2015	2.292	36.598	-99	-99	-99	-99	-99	-99	-99	-99
10.06.2015	3.211	36.368	-99	-99	-99	-99	-99	-99	-99	-99
11.06.2015	5.51	48.429	-99	-99	-99	-99	-99	-99	-99	-99
12.06.2015	4.424	56.33	-99	-99	-99	-99	-99	-99	-99	-99
13.06.2015	4.418	58.579	-99	-99	-99	-99	-99	-99	-99	-99
14.06.2015	3.549	57.534	-99	-99	-99	-99	-99	-99	-99	-99
15.06.2015	2.63	52.772	-99	-99	-99	-99	-99	-99	-99	-99
16.06.2015	2.508	47.413	-99	-99	-99	-99	-99	-99	-99	-99
17.06.2015	2.514	43.779	-99	-99	-99	-99	-99	-99	-99	-99
18.06.2015	2.637	40.181	-99	-99	-99	-99	-99	-99	-99	-99
19.06.2015	3.579	39.479	-99	-99	-99	-99	-99	-99	-99	-99
20.06.2015	4.632	41.848	-99	-99	-99	-99	-99	-99	-99	-99
21.06.2015	4.35	45.275	-99	-99	-99	-99	-99	-99	-99	-99
22.06.2015	5.897	50.14	-99	-99	-99	-99	-99	-99	-99	-99
23.06.2015	5.944	58.108	-99	-99	-99	-99	-99	-99	-99	-99
24.06.2015	5.167	60.473	-99	-99	-99	-99	-99	-99	-99	-99
25.06.2015	4.577	59.568	-99	-99	-99	-99	-99	-99	-99	-99
26.06.2015	4.51	56.142	-99	-99	-99	-99	-99	-99	-99	-99
27.06.2015	5.149	55.882	-99	-99	-99	-99	-99	-99	-99	-99
28.06.2015	5.502	59.193	-99	-99	-99	-99	-99	-99	-99	-99
29.06.2015	5.997	66.188	-99	-99	-99	-99	-99	-99	-99	-99
30.06.2015	6.425	72.838	-99	-99	-99	-99	-99	-99	-99	-99
01.07.2015	8.157	79.891	-99	-99	-99	-99	-99	-99	-99	-99
02.07.2015	9.182	102.706	-99	-99	-99	-99	-99	-99	-99	-99
03.07.2015	7.848	143.942	-99	-99	-99	-99	-99	-99	-99	-99
04.07.2015	9.358	164.98	-99	-99	-99	-99	-99	-99	-99	-99
05.07.2015	10.067	162.772	-99	-99	-99	-99	-99	-99	-99	-99
06.07.2015	10.893	158.951	-99	-99	-99	-99	-99	-99	-99	-99
07.07.2015	10.384	157.485	-99	-99	-99	-99	-99	-99	-99	-99
08.07.2015	8.271	140.494	-99	-99	-99	-99	-99	-99	-99	-99
09.07.2015	6.35	120.723	-99	-99	-99	-99	-99	-99	-99	-99
10.07.2015	5.257	101.904	-99	-99	-99	-99	-99	-99	-99	-99
11.07.2015	4.41	85.981	-99	-99	-99	-99	-99	-99	-99	-99
12.07.2015	5.227	77.238	-99	-99	-99	-99	-99	-99	-99	-99
13.07.2015	5.577	78.643	-99	-99	-99	-99	-99	-99	-99	-99
14.07.2015	5.282	80.707	-99	-99	-99	-99	-99	-99	-99	-99
15.07.2015	5.764	80.962	-99	-99	-99	-99	-99	-99	-99	-99
16.07.2015	6.3	84.805	-99	-99	-99	-99	-99	-99	-99	-99
17.07.2015	4.859	80.588	-99	-99	-99	-99	-99	-99	-99	-99
18.07.2015	4.778	73.86	-99	-99	-99	-99	-99	-99	-99	-99
19.07.2015	5.704	74.86	-99	-99	-99	-99	-99	-99	-99	-99
20.07.2015	5.262	75.771	-99	-99	-99	-99	-99	-99	-99	-99
21.07.2015	4.932	72.664	-99	-99	-99	-99	-99	-99	-99	-99
22.07.2015	5.262	72.849	-99	-99	-99	-99	-99	-99	-99	-99
23.07.2015	5.453	73.584	-99	-99	-99	-99	-99	-99	-99	-99
24.07.2015	4.119	68.613	-99	-99	-99	-99	-99	-99	-99	-99
25.07.2015	4.761	63.707	-99	-99	-99	-99	-99	-99	-99	-99
26.07.2015	4.382	60.135	-99	-99	-99	-99	-99	-99	-99	-99
27.07.2015	4.497	57.668	-99	-99	-99	-99	-99	-99	-99	-99
28.07.2015	3.69	55.141	-99	-99	-99	-99	-99	-99	-99	-99
29.07.2015	3.862	53.225	-99	-99	-99	-99	-99	-99	-99	-99
30.07.2015	4.39	53.255	-99	-99	-99	-99	-99	-99	-99	-99
31.07.2015	4.349	55.26	-99	-99	-99	-99	-99	-99	-99	-99
01.08.2015	3.52	55.195	-99	-99	-99	-99	-99	-99	-99	-99
02.08.2015	3.937	51.598	-99	-99	-99	-99	-99	-99	-99	-99
03.08.2015	2.909	48.616	-99	-99	-99	-99	-99	-99	-99	-99
04.08.2015	3.584	46.959	-99	-99	-99	-99	-99	-99	-99	-99
05.08.2015	5.61	53.948	-99	-99	-99	-99	-99	-99	-99	-99
06.08.2015	5.842	60.489	-99	-99	-99	-99	-99	-99	-99	-99
07.08.2015	5.724	67.312	-99	-99	-99	-99	-99	-99	-99	-99
08.08.2015	5.161	74.311	-99	-99	-99	-99	-99	-99	-99	-99
09.08.2015	4.306	72.163	-99	-99	-99	-99	-99	-99	-99	-99
10.08.2015	4.503	69.834	-99	-99	-99	-99	-99	-99	-99	-99
11.08.2015	5.821	73.154	-99	-99	-99	-99	-99	-99	-99	-99
12.08.2015	5.475	81.829	-99	-99	-99	-99	-99	-99	-99	-99
13.08.2015	4.225	77.509	-99	-99	-99	-99	-99	-99	-99	-99
14.08.2015	3.224	69.43	-99	-99	-99	-99	-99	-99	-99	-99
15.08.2015	3.523	65.66	-99	-99	-99	-99	-99	-99	-99	-99
16.08.2015	4.146	68.164	-99	-99	-99	-99	-99	-99	-99	-99
17.08.2015	4.79	74.241	-99	-99	-99	-99	-99	-99	-99	-99
18.08.2015	3.859	75.699	-99	-99	-99	-99	-99	-99	-99	-99
19.08.2015	3.301	70.768	-99	-99	-99	-99	-99	-99	-99	-99
20.08.2015	3.179	66.535	-99	-99	-99	-99	-99	-99	-99	-99
21.08.2015	3.3	63.909	-99	-99	-99	-99	-99	-99	-99	-99
22.08.2015	3.594	64.514	-99	-99	-99	-99	-99	-99	-99	-99
23.08.2015	3.585	66.797	-99	-99	-99	-99	-99	-99	-99	-99
24.08.2015	2.894	65.356	-99	-99	-99	-99	-99	-99	-99	-99
25.08.2015	3.434	63.848	-99	-99	-99	-99	-99	-99	-99	-99
26.08.2015	4.705	68.111	-99	-99	-99	-99	-99	-99	-99	-99
27.08.2015	3.743	70.952	-99	-99	-99	-99	-99	-99	-99	-99
28.08.2015	3.257	70.829	-99	-99	-99	-99	-99	-99	-99	-99
29.08.2015	2.968	67.802	-99	-99	-99	-99	-99	-99	-99	-99
30.08.2015	2.567	63.299	-99	-99	-99	-99	-99	-99	-99	-99
31.08.2015	2.34	58.88	-99	-99	-99	-99	-99	-99	-99	-99
01.09.2015	1.996	52.894	-99	-99	-99	-99	-99	-99	-99	-99
02.09.2015	1.866	47.567	-99	-99	-99	-99	-99	-99	-99	-99
03.09.2015	1.829	43.721	-99	-99	-99	-99	-99	-99	-99	-99
04.09.2015	1.855	39.583	-99	-99	-99	-99	-99	-99	-99	-99
05.09.2015	2.277	40.965	-99	-99	-99	-99	-99	-99	-99	-99
06.09.2015	1.963	38.803	-99	-99	-99	-99	-99	-99	-99	-99
07.09.2015	1.863	36.902	-99	-99	-99	-99	-99	-99	-99	-99
08.09.2015	1.78	34.405	-99	-99	-99	-99	-99	-99	-99	-99
09.09.2015	1.572	32.735	-99	-99	-99	-99	-99	-99	-99	-99
10.09.2015	1.403	30.965	-99	-99	-99	-99	-99	-99	-99	-99
11.09.2015	1.279	29.339	-99	-99	-99	-99	-99	-99	-99	-99
12.09.2015	1.188	28.295	-99	-99	-99	-99	-99	-99	-99	-99
13.09.2015	1.3	28.107	-99	-99	-99	-99	-99	-99	-99	-99
14.09.2015	1.605	31.168	-99	-99	-99	-99	-99	-99	-99	-99
15.09.2015	2.158	36.599	-99	-99	-99	-99	-99	-99	-99	-99
16.09.2015	2.634	39.938	-99	-99	-99	-99	-99	-99	-99	-99
17.09.2015	1.686	38.49	-99	-99	-99	-99	-99	-99	-99	-99
18.09.2015	1.747	36.523	-99	-99	-99	-99	-99	-99	-99	-99
19.09.2015	2.419	38.571	-99	-99	-99	-99	-99	-99	-99	-99
20.09.2015	2.422	40.167	-99	-99	-99	-99	-99	-99	-99	-99
21.09.2015	1.835	37.665	-99	-99	-99	-99	-99	-99	-99	-99
22.09.2015	1.499	33.858	-99	-99	-99	-99	-99	-99	-99	-99
23.09.2015	1.281	30.292	-99	-99	-99	-99	-99	-99	-99	-99
24.09.2015	1.224	27.681	-99	-99	-99	-99	-99	-99	-99	-99
25.09.2015	1.769	28.883	-99	-99	-99	-99	-99	-99	-99	-99
26.09.2015	1.988	30.228	-99	-99	-99	-99	-99	-99	-99	-99
27.09.2015	1.745	30.576	-99	-99	-99	-99	-99	-99	-99	-99
28.09.2015	1.411	27.982	-99	-99	-99	-99	-99	-99	-99	-99
29.09.2015	1.173	25.551	-99	-99	-99	-99	-99	-99	-99	-99
30.09.2015	1.47	23.892	-99	-99	-99	-99	-99	-99	-99	-99
01.10.2015	1.943	24.834	-99	-99	-99	-99	-99	-99	-99	-99
02.10.2015	3.704	27.828	-99	-99	-99	-99	-99	-99	-99	-99
03.10.2015	2.785	34.295	-99	-99	-99	-99	-99	-99	-99	-99
04.10.2015	2.382	34.278	-99	-99	-99	-99	-99	-99	-99	-99
05.10.2015	1.92	32.396	-99	-99	-99	-99	-99	-99	-99	-99
06.10.2015	1.54	29.859	-99	-99	-99	-99	-99	-99	-99	-99
07.10.2015	1.228	26.243	-99	-99	-99	-99	-99	-99	-99	-99
08.10.2015	1.136	23.105	-99	-99	-99	-99	-99	-99	-99	-99
09.10.2015	0.899	20.418	-99	-99	-99	-99	-99	-99	-99	-99
10.10.2015	0.775	18.45	-99	-99	-99	-99	-99	-99	-99	-99
11.10.2015	0.671	16.736	-99	-99	-99	-99	-99	-99	-99	-99
12.10.2015	0.588	15.229	-99	-99	-99	-99	-99	-99	-99	-99
13.10.2015	0.511	13.972	-99	-99	-99	-99	-99	-99	-99	-99
14.10.2015	0.461	12.794	-99	-99	-99	-99	-99	-99	-99	-99
15.10.2015	0.396	11.817	-99	-99	-99	-99	-99	-99	-99	-99
16.10.2015	0.35	10.911	-99	-99	-99	-99	-99	-99	-99	-99
17.10.2015	0.328	10.126	-99	-99	-99	-99	-99	-99	-99	-99
18.10.2015	0.292	9.432	-99	-99	-99	-99	-99	-99	-99	-99
19.10.2015	0.27	8.828	-99	-99	-99	-99	-99	-99	-99	-99
20.10.2015	0.249	8.281	-99	-99	-99	-99	-99	-99	-99	-99
21.10.2015	0.258	7.724	-99	-99	-99	-99	-99	-99	-99	-99
22.10.2015	1.616	8.165	-99	-99	-99	-99	-99	-99	-99	-99
23.10.2015	2.408	13.654	-99	-99	-99	-99	-99	-99	-99	-99
24.10.2015	1.462	15.703	-99	-99	-99	-99	-99	-99	-99	-99
25.10.2015	1.697	17.244	-99	-99	-99	-99	-99	-99	-99	-99
26.10.2015	1.532	18.63	-99	-99	-99	-99	-99	-99	-99	-99
27.10.2015	1.449	18.956	-99	-99	-99	-99	-99	-99	-99	-99
28.10.2015	1.152	18.331	-99	-99	-99	-99	-99	-99	-99	-99
29.10.2015	0.879	17.108	-99	-99	-99	-99	-99	-99	-99	-99
30.10.2015	0.761	15.933	-99	-99	-99	-99	-99	-99	-99	-99
31.10.2015	1.843	15.538	-99	-99	-99	-99	-99	-99	-99	-99
01.11.2015	2.64	19.355	-99	-99	-99	-99	-99	-99	-99	-99
02.11.2015	2.198	21.786	-99	-99	-99	-99	-99	-99	-99	-99
03.11.2015	1.908	23.365	-99	-99	-99	-99	-99	-99	-99	-99
04.11.2015	2.701	24.777	-99	-99	-99	-99	-99	-99	-99	-99
05.11.2015	2.193	26.883	-99	-99	-99	-99	-99	-99	-99	-99
06.11.2015	1.73	25.915	-99	-99	-99	-99	-99	-99	-99	-99
07.11.2015	1.65	25.694	-99	-99	-99	-99	-99	-99	-99	-99
08.11.2015	1.498	24.365	-99	-99	-99	-99	-99	-99	-99	-99
09.11.2015	1.359	23.394	-99	-99	-99	-99	-99	-99	-99	-99
10.11.2015	1.577	24.831	-99	-99	-99	-99	-99	-99	-99	-99
11.11.2015	1.555	26.84	-99	-99	-99	-99	-99	-99	-99	-99
12.11.2015	1.343	27.193	-99	-99	-99	-99	-99	-99	-99	-99
13.11.2015	1.151	25.609	-99	-99	-99	-99	-99	-99	-99	-99
14.11.2015	0.987	24.221	-99	-99	-99	-99	-99	-99	-99	-99
15.11.2015	1.44	24.453	-99	-99	-99	-99	-99	-99	-99	-99
16.11.2015	0.947	23.195	-99	-99	-99	-99	-99	-99	-99	-99
17.11.2015	0.851	21.806	-99	-99	-99	-99	-99	-99	-99	-99
18.11.2015	0.754	20.132	-99	-99	-99	-99	-99	-99	-99	-99
19.11.2015	0.608	18.475	-99	-99	-99	-99	-99	-99	-99	-99
20.11.2015	0.559	16.618	-99	-99	-99	-99	-99	-99	-99	-99
21.11.2015	0.505	15.148	-99	-99	-99	-99	-99	-99	-99	-99
22.11.2015	0.451	13.768	-99	-99	-99	-99	-99	-99	-99	-99
23.11.2015	0.422	12.617	-99	-99	-99	-99	-99	-99	-99	-99
24.11.2015	0.394	11.719	-99	-99	-99	-99	-99	-99	-99	-99
25.11.2015	0.362	10.961	-99	-99	-99	-99	-99	-99	-99	-99
26.11.2015	0.422	10.588	-99	-99	-99	-99	-99	-99	-99	-99
27.11.2015	5.725	22.783	-99	-99	-99	-99	-99	-99	-99	-99
28.11.2015	3.32	43.722	-99	-99	-99	-99	-99	-99	-99	-99
29.11.2015	1.953	41.971	-99	-99	-99	-99	-99	-99	-99	-99
30.11.2015	1.541	37.421	-99	-99	-99	-99	-99	-99	-99	-99
01.12.2015	1.42	33.771	-99	-99	-99	-99	-99	-99	-99	-99
02.12.2015	1.36	30.557	-99	-99	-99	-99	-99	-99	-99	-99
03.12.2015	1.433	29.706	-99	-99	-99	-99	-99	-99	-99	-99
04.12.2015	1.185	27.295	-99	-99	-99	-99	-99	-99	-99	-99
05.12.2015	1.495	27.525	-99	-99	-99	-99	-99	-99	-99	-99
06.12.2015	1.485	31.218	-99	-99	-99	-99	-99	-99	-99	-99
07.12.2015	1.418	31.755	-99	-99	-99	-99	-99	-99	-99	-99
08.12.2015	1.239	29.492	-99	-99	-99	-99	-99	-99	-99	-99
09.12.2015	1.452	30.944	-99	-99	-99	-99	-99	-99	-99	-99
10.12.2015	1.519	34.37	-99	-99	-99	-99	-99	-99	-99	-99
11.12.2015	1.485	36.52	-99	-99	-99	-99	-99	-99	-99	-99
12.12.2015	1.316	33.999	-99	-99	-99	-99	-99	-99	-99	-99
13.12.2015	1.65	30.316	-99	-99	-99	-99	-99	-99	-99	-99
14.12.2015	0.918	26.745	-99	-99	-99	-99	-99	-99	-99	-99
15.12.2015	0.821	23.598	-99	-99	-99	-99	-99	-99	-99	-99
16.12.2015	0.88	20.872	-99	-99	-99	-99	-99	-99	-99	-99
17.12.2015	1.163	19.58	-99	-99	-99	-99	-99	-99	-99	-99
18.12.2015	1.957	24.551	-99	-99	-99	-99	-99	-99	-99	-99
19.12.2015	2.677	38.575	-99	-99	-99	-99	-99	-99	-99	-99
20.12.2015	5.763	54.875	-99	-99	-99	-99	-99	-99	-99	-99
21.12.2015	3.724	67.41	-99	-99	-99	-99	-99	-99	-99	-99
22.12.2015	2.621	63.104	-99	-99	-99	-99	-99	-99	-99	-99
23.12.2015	1.648	55.79	-99	-99	-99	-99	-99	-99	-99	-99
24.12.2015	1.483	49.397	-99	-99	-99	-99	-99	-99	-99	-99
25.12.2015	1.439	46.108	-99	-99	-99	-99	-99	-99	-99	-99
26.12.2015	1.395	42.334	-99	-99	-99	-99	-99	-99	-99	-99
27.12.2015	1.621	36.626	-99	-99	-99	-99	-99	-99	-99	-99
28.12.2015	2.261	30.851	-99	-99	-99	-99	-99	-99	-99	-99
29.12.2015	2.286	26.946	-99	-99	-99	-99	-99	-99	-99	-99
30.12.2015	0.757	22.073	-99	-99	-99	-99	-99	-99	-99	-99
31.12.2015	0.783	21.117	-99	-99	-99	-99	-99	-99	-99	-99
01.01.2016	0.737	19.711	-99	-99	-99	-99	-99	-99	-99	-99
02.01.2016	0.701	18.354	-99	-99	-99	-99	-99	-99	-99	-99
03.01.2016	0.661	16.37	-99	-99	-99	-99	-99	-99	-99	-99
04.01.2016	0.626	14.219	-99	-99	-99	-99	-99	-99	-99	-99
05.01.2016	0.589	12.587	-99	-99	-99	-99	-99	-99	-99	-99
06.01.2016	0.556	11.223	-99	-99	-99	-99	-99	-99	-99	-99
07.01.2016	0.525	10.389	-99	-99	-99	-99	-99	-99	-99	-99
08.01.2016	0.492	9.486	-99	-99	-99	-99	-99	-99	-99	-99
09.01.2016	0.463	8.717	-99	-99	-99	-99	-99	-99	-99	-99
10.01.2016	0.432	8.133	-99	-99	-99	-99	-99	-99	-99	-99
11.01.2016	0.405	7.387	-99	-99	-99	-99	-99	-99	-99	-99
12.01.2016	0.376	6.78	-99	-99	-99	-99	-99	-99	-99	-99
13.01.2016	0.352	6.426	-99	-99	-99	-99	-99	-99	-99	-99
14.01.2016	0.328	5.901	-99	-99	-99	-99	-99	-99	-99	-99
15.01.2016	0.303	5.636	-99	-99	-99	-99	-99	-99	-99	-99
16.01.2016	0.281	5.441	-99	-99	-99	-99	-99	-99	-99	-99
17.01.2016	0.258	5.203	-99	-99	-99	-99	-99	-99	-99	-99
18.01.2016	0.237	5.211	-99	-99	-99	-99	-99	-99	-99	-99
19.01.2016	0.262	5.441	-99	-99	-99	-99	-99	-99	-99	-99
20.01.2016	0.24	4.85	-99	-99	-99	-99	-99	-99	-99	-99
21.01.2016	0.235	4.662	-99	-99	-99	-99	-99	-99	-99	-99
22.01.2016	0.228	4.457	-99	-99	-99	-99	-99	-99	-99	-99
23.01.2016	0.163	4.306	-99	-99	-99	-99	-99	-99	-99	-99
24.01.2016	0.176	4.24	-99	-99	-99	-99	-99	-99	-99	-99
25.01.2016	0.253	4.356	-99	-99	-99	-99	-99	-99	-99	-99
26.01.2016	1.254	6.2	-99	-99	-99	-99	-99	-99	-99	-99
27.01.2016	0.664	8.173	-99	-99	-99	-99	-99	-99	-99	-99
28.01.2016	0.542	9.344	-99	-99	-99	-99	-99	-99	-99	-99
29.01.2016	0.471	9.721	-99	-99	-99	-99	-99	-99	-99	-99
30.01.2016	0.482	12.344	-99	-99	-99	-99	-99	-99	-99	-99
31.01.2016	0.719	12.788	-99	-99	-99	-99	-99	-99	-99	-99
01.02.2016	0.687	12.535	-99	-99	-99	-99	-99	-99	-99	-99
02.02.2016	0.662	12.186	-99	-99	-99	-99	-99	-99	-99	-99
03.02.2016	0.598	11.564	-99	-99	-99	-99	-99	-99	-99	-99
04.02.2016	0.633	11.104	-99	-99	-99	-99	-99	-99	-99	-99
05.02.2016	0.601	10.681	-99	-99	-99	-99	-99	-99	-99	-99
06.02.2016	0.548	10.117	-99	-99	-99	-99	-99	-99	-99	-99
07.02.2016	0.498	9.849	-99	-99	-99	-99	-99	-99	-99	-99
08.02.2016	0.453	9.899	-99	-99	-99	-99	-99	-99	-99	-99
09.02.2016	0.396	9.691	-99	-99	-99	-99	-99	-99	-99	-99
10.02.2016	0.341	9.43	-99	-99	-99	-99	-99	-99	-99	-99
11.02.2016	0.317	8.955	-99	-99	-99	-99	-99	-99	-99	-99
12.02.2016	0.292	8.321	-99	-99	-99	-99	-99	-99	-99	-99
13.02.2016	0.268	7.786	-99	-99	-99	-99	-99	-99	-99	-99
14.02.2016	0.246	7.236	-99	-99	-99	-99	-99	-99	-99	-99
15.02.2016	0.224	6.805	-99	-99	-99	-99	-99	-99	-99	-99
16.02.2016	0.204	6.403	-99	-99	-99	-99	-99	-99	-99	-99
17.02.2016	0.181	6.926	-99	-99	-99	-99	-99	-99	-99	-99
18.02.2016	0.167	5.936	-99	-99	-99	-99	-99	-99	-99	-99
19.02.2016	0.155	5.575	-99	-99	-99	-99	-99	-99	-99	-99
20.02.2016	0.135	5.339	-99	-99	-99	-99	-99	-99	-99	-99
21.02.2016	0.141	5.127	-99	-99	-99	-99	-99	-99	-99	-99
22.02.2016	0.153	5.512	-99	-99	-99	-99	-99	-99	-99	-99
23.02.2016	0.162	4.923	-99	-99	-99	-99	-99	-99	-99	-99
24.02.2016	0.204	4.937	-99	-99	-99	-99	-99	-99	-99	-99
25.02.2016	0.233	4.86	-99	-99	-99	-99	-99	-99	-99	-99
26.02.2016	0.294	4.944	-99	-99	-99	-99	-99	-99	-99	-99
27.02.2016	0.295	4.922	-99	-99	-99	-99	-99	-99	-99	-99
28.02.2016	0.299	4.815	-99	-99	-99	-99	-99	-99	-99	-99
29.02.2016	0.269	4.71	-99	-99	-99	-99	-99	-99	-99	-99
01.03.2016	0.247	4.611	-99	-99	-99	-99	-99	-99	-99	-99
02.03.2016	0.199	4.427	-99	-99	-99	-99	-99	-99	-99	-99
03.03.2016	0.187	4.518	-99	-99	-99	-99	-99	-99	-99	-99
04.03.2016	0.178	3.953	-99	-99	-99	-99	-99	-99	-99	-99
05.03.2016	0.172	3.896	-99	-99	-99	-99	-99	-99	-99	-99
06.03.2016	0.164	3.795	-99	-99	-99	-99	-99	-99	-99	-99
07.03.2016	0.154	3.603	-99	-99	-99	-99	-99	-99	-99	-99
08.03.2016	0.141	3.487	-99	-99	-99	-99	-99	-99	-99	-99
09.03.2016	0.13	3.387	-99	-99	-99	-99	-99	-99	-99	-99
10.03.2016	0.124	3.283	-99	-99	-99	-99	-99	-99	-99	-99
11.03.2016	0.124	3.201	-99	-99	-99	-99	-99	-99	-99	-99
12.03.2016	0.119	3.133	-99	-99	-99	-99	-99	-99	-99	-99
13.03.2016	0.118	3.152	-99	-99	-99	-99	-99	-99	-99	-99
14.03.2016	0.286	3.726	-99	-99	-99	-99	-99	-99	-99	-99
15.03.2016	0.342	4.409	-99	-99	-99	-99	-99	-99	-99	-99
16.03.2016	0.362	4.95	-99	-99	-99	-99	-99	-99	-99	-99
17.03.2016	0.342	5.333	-99	-99	-99	-99	-99	-99	-99	-99
18.03.2016	0.319	5.654	-99	-99	-99	-99	-99	-99	-99	-99
19.03.2016	0.298	5.871	-99	-99	-99	-99	-99	-99	-99	-99
20.03.2016	0.256	6.128	-99	-99	-99	-99	-99	-99	-99	-99
21.03.2016	0.25	6.48	-99	-99	-99	-99	-99	-99	-99	-99
22.03.2016	0.248	6.594	-99	-99	-99	-99	-99	-99	-99	-99
23.03.2016	0.242	6.672	-99	-99	-99	-99	-99	-99	-99	-99
24.03.2016	0.23	6.551	-99	-99	-99	-99	-99	-99	-99	-99
25.03.2016	0.216	6.444	-99	-99	-99	-99	-99	-99	-99	-99
26.03.2016	0.208	6.258	-99	-99	-99	-99	-99	-99	-99	-99
27.03.2016	0.389	6.731	-99	-99	-99	-99	-99	-99	-99	-99
28.03.2016	0.373	8.28	-99	-99	-99	-99	-99	-99	-99	-99
29.03.2016	0.286	8.771	-99	-99	-99	-99	-99	-99	-99	-99
30.03.2016	0.268	9.449	-99	-99	-99	-99	-99	-99	-99	-99
31.03.2016	0.271	9.286	-99	-99	-99	-99	-99	-99	-99	-99
01.04.2016	0.262	9.133	-99	-99	-99	-99	-99	-99	-99	-99
02.04.2016	0.248	8.751	-99	-99	-99	-99	-99	-99	-99	-99
03.04.2016	0.25	8.434	-99	-99	-99	-99	-99	-99	-99	-99
04.04.2016	0.289	8.17	-99	-99	-99	-99	-99	-99	-99	-99
05.04.2016	0.443	8.369	-99	-99	-99	-99	-99	-99	-99	-99
06.04.2016	0.485	8.826	-99	-99	-99	-99	-99	-99	-99	-99
07.04.2016	0.448	9.416	-99	-99	-99	-99	-99	-99	-99	-99
08.04.2016	0.359	9.623	-99	-99	-99	-99	-99	-99	-99	-99
09.04.2016	0.294	9.472	-99	-99	-99	-99	-99	-99	-99	-99
10.04.2016	0.254	9.139	-99	-99	-99	-99	-99	-99	-99	-99
11.04.2016	0.256	8.767	-99	-99	-99	-99	-99	-99	-99	-99
12.04.2016	0.275	8.482	-99	-99	-99	-99	-99	-99	-99	-99
13.04.2016	0.293	8.288	-99	-99	-99	-99	-99	-99	-99	-99
14.04.2016	0.277	7.992	-99	-99	-99	-99	-99	-99	-99	-99
15.04.2016	0.251	7.81	-99	-99	-99	-99	-99	-99	-99	-99
16.04.2016	0.228	7.623	-99	-99	-99	-99	-99	-99	-99	-99
17.04.2016	0.236	7.356	-99	-99	-99	-99	-99	-99	-99	-99
18.04.2016	0.264	7.261	-99	-99	-99	-99	-99	-99	-99	-99
19.04.2016	0.265	7.539	-99	-99	-99	-99	-99	-99	-99	-99
20.04.2016	0.265	7.307	-99	-99	-99	-99	-99	-99	-99	-99
21.04.2016	0.27	7.383	-99	-99	-99	-99	-99	-99	-99	-99
22.04.2016	0.325	7.766	-99	-99	-99	-99	-99	-99	-99	-99
23.04.2016	0.316	7.943	-99	-99	-99	-99	-99	-99	-99	-99
24.04.2016	0.295	7.77	-99	-99	-99	-99	-99	-99	-99	-99
25.04.2016	0.28	7.576	-99	-99	-99	-99	-99	-99	-99	-99
26.04.2016	0.254	7.259	-99	-99	-99	-99	-99	-99	-99	-99
27.04.2016	0.241	6.937	-99	-99	-99	-99	-99	-99	-99	-99
28.04.2016	0.262	6.707	-99	-99	-99	-99	-99	-99	-99	-99
29.04.2016	0.275	6.566	-99	-99	-99	-99	-99	-99	-99	-99
30.04.2016	0.23	6.446	-99	-99	-99	-99	-99	-99	-99	-99
01.05.2016	0.256	6.276	-99	-99	-99	-99	-99	-99	-99	-99
02.05.2016	0.464	6.199	-99	-99	-99	-99	-99	-99	-99	-99
03.05.2016	0.984	6.905	-99	-99	-99	-99	-99	-99	-99	-99
04.05.2016	0.839	7.843	-99	-99	-99	-99	-99	-99	-99	-99
05.05.2016	0.903	8.43	-99	-99	-99	-99	-99	-99	-99	-99
06.05.2016	1.958	9.486	-99	-99	-99	-99	-99	-99	-99	-99
07.05.2016	1.59	10.753	-99	-99	-99	-99	-99	-99	-99	-99
08.05.2016	3.175	14.109	-99	-99	-99	-99	-99	-99	-99	-99
09.05.2016	3.872	20.885	-99	-99	-99	-99	-99	-99	-99	-99
10.05.2016	3.824	28.535	-99	-99	-99	-99	-99	-99	-99	-99
11.05.2016	3.566	34.524	-99	-99	-99	-99	-99	-99	-99	-99
12.05.2016	2.858	38.111	-99	-99	-99	-99	-99	-99	-99	-99
13.05.2016	2.671	37.142	-99	-99	-99	-99	-99	-99	-99	-99
14.05.2016	1.577	33.962	-99	-99	-99	-99	-99	-99	-99	-99
15.05.2016	1.317	30.467	-99	-99	-99	-99	-99	-99	-99	-99
16.05.2016	1.361	27.314	-99	-99	-99	-99	-99	-99	-99	-99
17.05.2016	1.456	25.132	-99	-99	-99	-99	-99	-99	-99	-99
18.05.2016	1.232	23.54	-99	-99	-99	-99	-99	-99	-99	-99
19.05.2016	1.246	22.872	-99	-99	-99	-99	-99	-99	-99	-99
20.05.2016	1.629	21.152	-99	-99	-99	-99	-99	-99	-99	-99
21.05.2016	2.543	22.146	-99	-99	-99	-99	-99	-99	-99	-99
22.05.2016	3.96	25.906	-99	-99	-99	-99	-99	-99	-99	-99
23.05.2016	3.642	31.886	-99	-99	-99	-99	-99	-99	-99	-99
24.05.2016	3.197	35.164	-99	-99	-99	-99	-99	-99	-99	-99
25.05.2016	3.174	35.526	-99	-99	-99	-99	-99	-99	-99	-99
26.05.2016	3.243	35.68	-99	-99	-99	-99	-99	-99	-99	-99
27.05.2016	3.536	35.691	-99	-99	-99	-99	-99	-99	-99	-99
28.05.2016	4.624	38.656	-99	-99	-99	-99	-99	-99	-99	-99
29.05.2016	5.528	42.205	-99	-99	-99	-99	-99	-99	-99	-99
30.05.2016	6.619	48.37	-99	-99	-99	-99	-99	-99	-99	-99
31.05.2016	9.351	61.663	-99	-99	-99	-99	-99	-99	-99	-99
01.06.2016	9.401	79.392	-99	-99	-99	-99	-99	-99	-99	-99
02.06.2016	10.536	95.345	-99	-99	-99	-99	-99	-99	-99	-99
03.06.2016	10.234	108.617	-99	-99	-99	-99	-99	-99	-99	-99
04.06.2016	8.308	110.589	-99	-99	-99	-99	-99	-99	-99	-99
05.06.2016	6.647	100.607	-99	-99	-99	-99	-99	-99	-99	-99
06.06.2016	6.276	92.277	-99	-99	-99	-99	-99	-99	-99	-99
07.06.2016	6.793	88.393	-99	-99	-99	-99	-99	-99	-99	-99
08.06.2016	6.518	88.516	-99	-99	-99	-99	-99	-99	-99	-99
09.06.2016	4.56	80.962	-99	-99	-99	-99	-99	-99	-99	-99
10.06.2016	3.211	70.499	-99	-99	-99	-99	-99	-99	-99	-99
11.06.2016	2.994	60.938	-99	-99	-99	-99	-99	-99	-99	-99
12.06.2016	3.623	54.372	-99	-99	-99	-99	-99	-99	-99	-99
13.06.2016	3.147	50.72	-99	-99	-99	-99	-99	-99	-99	-99
14.06.2016	3.36	48.524	-99	-99	-99	-99	-99	-99	-99	-99
15.06.2016	3.968	48.804	-99	-99	-99	-99	-99	-99	-99	-99
16.06.2016	4.823	51.507	-99	-99	-99	-99	-99	-99	-99	-99
17.06.2016	5.452	56.104	-99	-99	-99	-99	-99	-99	-99	-99
18.06.2016	5.294	60.281	-99	-99	-99	-99	-99	-99	-99	-99
19.06.2016	4.208	59.276	-99	-99	-99	-99	-99	-99	-99	-99
20.06.2016	3.391	55.236	-99	-99	-99	-99	-99	-99	-99	-99
21.06.2016	4.318	53.57	-99	-99	-99	-99	-99	-99	-99	-99
22.06.2016	4.919	53.583	-99	-99	-99	-99	-99	-99	-99	-99
23.06.2016	4.109	52.785	-99	-99	-99	-99	-99	-99	-99	-99
24.06.2016	4.597	54.586	-99	-99	-99	-99	-99	-99	-99	-99
25.06.2016	5.725	60.174	-99	-99	-99	-99	-99	-99	-99	-99
26.06.2016	5.814	65.941	-99	-99	-99	-99	-99	-99	-99	-99
27.06.2016	7.317	76.811	-99	-99	-99	-99	-99	-99	-99	-99
28.06.2016	6.192	85.584	-99	-99	-99	-99	-99	-99	-99	-99
29.06.2016	4.648	82.451	-99	-99	-99	-99	-99	-99	-99	-99
30.06.2016	4.849	77.592	-99	-99	-99	-99	-99	-99	-99	-99
01.07.2016	4.617	77.671	-99	-99	-99	-99	-99	-99	-99	-99
02.07.2016	4.136	73.837	-99	-99	-99	-99	-99	-99	-99	-99
03.07.2016	3.901	71.437	-99	-99	-99	-99	-99	-99	-99	-99
04.07.2016	3.234	65.465	-99	-99	-99	-99	-99	-99	-99	-99
05.07.2016	3.256	59.774	-99	-99	-99	-99	-99	-99	-99	-99
06.07.2016	3.604	55.78	-99	-99	-99	-99	-99	-99	-99	-99
07.07.2016	2.684	52.257	-99	-99	-99	-99	-99	-99	-99	-99
08.07.2016	2.598	48.764	-99	-99	-99	-99	-99	-99	-99	-99
09.07.2016	2.837	47.719	-99	-99	-99	-99	-99	-99	-99	-99
10.07.2016	2.927	48.597	-99	-99	-99	-99	-99	-99	-99	-99
11.07.2016	3.576	50.843	-99	-99	-99	-99	-99	-99	-99	-99
12.07.2016	4.332	54.46	-99	-99	-99	-99	-99	-99	-99	-99
13.07.2016	4.7	60.104	-99	-99	-99	-99	-99	-99	-99	-99
14.07.2016	3.814	61.27	-99	-99	-99	-99	-99	-99	-99	-99
15.07.2016	3.245	59.796	-99	-99	-99	-99	-99	-99	-99	-99
16.07.2016	3.663	59.569	-99	-99	-99	-99	-99	-99	-99	-99
17.07.2016	4.235	63.444	-99	-99	-99	-99	-99	-99	-99	-99
18.07.2016	3.961	64.113	-99	-99	-99	-99	-99	-99	-99	-99
19.07.2016	3.19	61.38	-99	-99	-99	-99	-99	-99	-99	-99
20.07.2016	3.572	60.744	-99	-99	-99	-99	-99	-99	-99	-99
21.07.2016	3.941	63.998	-99	-99	-99	-99	-99	-99	-99	-99
22.07.2016	4.283	72.796	-99	-99	-99	-99	-99	-99	-99	-99
23.07.2016	4.45	78.448	-99	-99	-99	-99	-99	-99	-99	-99
24.07.2016	3.772	78.588	-99	-99	-99	-99	-99	-99	-99	-99
25.07.2016	3.547	76.738	-99	-99	-99	-99	-99	-99	-99	-99
26.07.2016	4.717	78.305	-99	-99	-99	-99	-99	-99	-99	-99
27.07.2016	3.31	76.616	-99	-99	-99	-99	-99	-99	-99	-99
28.07.2016	3.138	74.904	-99	-99	-99	-99	-99	-99	-99	-99
29.07.2016	2.785	72.444	-99	-99	-99	-99	-99	-99	-99	-99
30.07.2016	2.773	68.686	-99	-99	-99	-99	-99	-99	-99	-99
31.07.2016	2.455	63.998	-99	-99	-99	-99	-99	-99	-99	-99
01.08.2016	2.227	58.426	-99	-99	-99	-99	-99	-99	-99	-99
02.08.2016	2.192	53.322	-99	-99	-99	-99	-99	-99	-99	-99
03.08.2016	2.182	50.204	-99	-99	-99	-99	-99	-99	-99	-99
04.08.2016	2.153	47.438	-99	-99	-99	-99	-99	-99	-99	-99
05.08.2016	2.291	46.707	-99	-99	-99	-99	-99	-99	-99	-99
06.08.2016	4.704	51.293	-99	-99	-99	-99	-99	-99	-99	-99
07.08.2016	3.184	54.644	-99	-99	-99	-99	-99	-99	-99	-99
08.08.2016	3.119	56.378	-99	-99	-99	-99	-99	-99	-99	-99
09.08.2016	5.695	67.287	-99	-99	-99	-99	-99	-99	-99	-99
10.08.2016	5.102	76.419	-99	-99	-99	-99	-99	-99	-99	-99
11.08.2016	3.849	72.792	-99	-99	-99	-99	-99	-99	-99	-99
12.08.2016	3.823	65.847	-99	-99	-99	-99	-99	-99	-99	-99
13.08.2016	8.596	81.642	-99	-99	-99	-99	-99	-99	-99	-99
14.08.2016	6.419	96.12	-99	-99	-99	-99	-99	-99	-99	-99
15.08.2016	3.818	87.918	-99	-99	-99	-99	-99	-99	-99	-99
16.08.2016	2.763	76.325	-99	-99	-99	-99	-99	-99	-99	-99
17.08.2016	2.381	67.559	-99	-99	-99	-99	-99	-99	-99	-99
18.08.2016	2.119	60.646	-99	-99	-99	-99	-99	-99	-99	-99
19.08.2016	2.96	56.113	-99	-99	-99	-99	-99	-99	-99	-99
20.08.2016	1.969	52.73	-99	-99	-99	-99	-99	-99	-99	-99
21.08.2016	1.872	49.484	-99	-99	-99	-99	-99	-99	-99	-99
22.08.2016	1.767	47.138	-99	-99	-99	-99	-99	-99	-99	-99
23.08.2016	1.692	45.266	-99	-99	-99	-99	-99	-99	-99	-99
24.08.2016	1.7	43.909	-99	-99	-99	-99	-99	-99	-99	-99
25.08.2016	1.807	44.172	-99	-99	-99	-99	-99	-99	-99	-99
26.08.2016	3.43	45.557	-99	-99	-99	-99	-99	-99	-99	-99
27.08.2016	6.427	67.64	-99	-99	-99	-99	-99	-99	-99	-99
28.08.2016	3.511	73.609	-99	-99	-99	-99	-99	-99	-99	-99
29.08.2016	3.164	67.209	-99	-99	-99	-99	-99	-99	-99	-99
30.08.2016	4.936	66.949	-99	-99	-99	-99	-99	-99	-99	-99
31.08.2016	5.438	79.395	-99	-99	-99	-99	-99	-99	-99	-99
01.09.2016	7.932	97.209	-99	-99	-99	-99	-99	-99	-99	-99
02.09.2016	8.687	122.765	-99	-99	-99	-99	-99	-99	-99	-99
03.09.2016	5.6	120.731	-99	-99	-99	-99	-99	-99	-99	-99
04.09.2016	4.947	105.835	-99	-99	-99	-99	-99	-99	-99	-99
05.09.2016	2.742	87.728	-99	-99	-99	-99	-99	-99	-99	-99
06.09.2016	2.412	74.242	-99	-99	-99	-99	-99	-99	-99	-99
07.09.2016	2.465	69.5	-99	-99	-99	-99	-99	-99	-99	-99
08.09.2016	2.166	63.309	-99	-99	-99	-99	-99	-99	-99	-99
09.09.2016	2.189	61.104	-99	-99	-99	-99	-99	-99	-99	-99
10.09.2016	2.153	60.598	-99	-99	-99	-99	-99	-99	-99	-99
11.09.2016	2.188	59.42	-99	-99	-99	-99	-99	-99	-99	-99
12.09.2016	1.917	54.821	-99	-99	-99	-99	-99	-99	-99	-99
13.09.2016	1.674	50.73	-99	-99	-99	-99	-99	-99	-99	-99
14.09.2016	1.669	49.937	-99	-99	-99	-99	-99	-99	-99	-99
15.09.2016	1.788	50.736	-99	-99	-99	-99	-99	-99	-99	-99
16.09.2016	1.781	51.307	-99	-99	-99	-99	-99	-99	-99	-99
17.09.2016	1.756	51.703	-99	-99	-99	-99	-99	-99	-99	-99
18.09.2016	1.668	50.726	-99	-99	-99	-99	-99	-99	-99	-99
19.09.2016	1.544	49.247	-99	-99	-99	-99	-99	-99	-99	-99
20.09.2016	1.385	45.807	-99	-99	-99	-99	-99	-99	-99	-99
21.09.2016	1.284	42.579	-99	-99	-99	-99	-99	-99	-99	-99
22.09.2016	1.342	41.762	-99	-99	-99	-99	-99	-99	-99	-99
23.09.2016	1.308	40.383	-99	-99	-99	-99	-99	-99	-99	-99
24.09.2016	1.144	37.885	-99	-99	-99	-99	-99	-99	-99	-99
25.09.2016	1.119	35.531	-99	-99	-99	-99	-99	-99	-99	-99
26.09.2016	1.293	35.297	-99	-99	-99	-99	-99	-99	-99	-99
27.09.2016	1.263	34.222	-99	-99	-99	-99	-99	-99	-99	-99
28.09.2016	2.718	39.881	-99	-99	-99	-99	-99	-99	-99	-99
29.09.2016	4.549	49.881	-99	-99	-99	-99	-99	-99	-99	-99
30.09.2016	4.189	62.831	-99	-99	-99	-99	-99	-99	-99	-99
01.10.2016	3.189	66.907	-99	-99	-99	-99	-99	-99	-99	-99
02.10.2016	2.285	59.619	-99	-99	-99	-99	-99	-99	-99	-99
03.10.2016	1.85	50.504	-99	-99	-99	-99	-99	-99	-99	-99
04.10.2016	1.558	42.813	-99	-99	-99	-99	-99	-99	-99	-99
05.10.2016	1.258	36.503	-99	-99	-99	-99	-99	-99	-99	-99
06.10.2016	1.612	31.468	-99	-99	-99	-99	-99	-99	-99	-99
07.10.2016	0.935	27.353	-99	-99	-99	-99	-99	-99	-99	-99
08.10.2016	0.824	24.642	-99	-99	-99	-99	-99	-99	-99	-99
09.10.2016	0.695	21.419	-99	-99	-99	-99	-99	-99	-99	-99
10.10.2016	0.589	18.964	-99	-99	-99	-99	-99	-99	-99	-99
11.10.2016	0.524	17.594	-99	-99	-99	-99	-99	-99	-99	-99
12.10.2016	0.466	15.456	-99	-99	-99	-99	-99	-99	-99	-99
13.10.2016	0.396	14.492	-99	-99	-99	-99	-99	-99	-99	-99
14.10.2016	0.348	12.636	-99	-99	-99	-99	-99	-99	-99	-99
15.10.2016	0.267	11.81	-99	-99	-99	-99	-99	-99	-99	-99
16.10.2016	0.278	10.638	-99	-99	-99	-99	-99	-99	-99	-99
17.10.2016	0.272	9.754	-99	-99	-99	-99	-99	-99	-99	-99
18.10.2016	0.259	8.886	-99	-99	-99	-99	-99	-99	-99	-99
19.10.2016	0.24	8.267	-99	-99	-99	-99	-99	-99	-99	-99
20.10.2016	0.214	7.743	-99	-99	-99	-99	-99	-99	-99	-99
21.10.2016	0.192	7.4	-99	-99	-99	-99	-99	-99	-99	-99
22.10.2016	0.149	7.32	-99	-99	-99	-99	-99	-99	-99	-99
23.10.2016	0.116	6.636	-99	-99	-99	-99	-99	-99	-99	-99
24.10.2016	0.123	5.914	-99	-99	-99	-99	-99	-99	-99	-99
25.10.2016	0.145	5.585	-99	-99	-99	-99	-99	-99	-99	-99
26.10.2016	0.133	5.393	-99	-99	-99	-99	-99	-99	-99	-99
27.10.2016	0.974	6.325	-99	-99	-99	-99	-99	-99	-99	-99
28.10.2016	1.453	10.896	-99	-99	-99	-99	-99	-99	-99	-99
29.10.2016	1.103	14.242	-99	-99	-99	-99	-99	-99	-99	-99
30.10.2016	0.909	14.816	-99	-99	-99	-99	-99	-99	-99	-99
31.10.2016	1.94	16.715	-99	-99	-99	-99	-99	-99	-99	-99
01.11.2016	2.744	22.79	-99	-99	-99	-99	-99	-99	-99	-99
02.11.2016	1.29	23.642	-99	-99	-99	-99	-99	-99	-99	-99
03.11.2016	0.89	22.221	-99	-99	-99	-99	-99	-99	-99	-99
04.11.2016	0.692	20.493	-99	-99	-99	-99	-99	-99	-99	-99
05.11.2016	0.575	18.742	-99	-99	-99	-99	-99	-99	-99	-99
06.11.2016	0.518	16.834	-99	-99	-99	-99	-99	-99	-99	-99
07.11.2016	0.463	14.401	-99	-99	-99	-99	-99	-99	-99	-99
08.11.2016	0.411	12.825	-99	-99	-99	-99	-99	-99	-99	-99
09.11.2016	0.364	11.44	-99	-99	-99	-99	-99	-99	-99	-99
10.11.2016	0.322	10.131	-99	-99	-99	-99	-99	-99	-99	-99
11.11.2016	0.281	9.305	-99	-99	-99	-99	-99	-99	-99	-99
12.11.2016	0.243	8.666	-99	-99	-99	-99	-99	-99	-99	-99
13.11.2016	0.208	8.184	-99	-99	-99	-99	-99	-99	-99	-99
14.11.2016	0.252	8.105	-99	-99	-99	-99	-99	-99	-99	-99
15.11.2016	2.467	9.856	-99	-99	-99	-99	-99	-99	-99	-99
16.11.2016	1.476	12.704	-99	-99	-99	-99	-99	-99	-99	-99
17.11.2016	0.714	13.195	-99	-99	-99	-99	-99	-99	-99	-99
18.11.2016	0.528	12.82	-99	-99	-99	-99	-99	-99	-99	-99
19.11.2016	0.475	12.234	-99	-99	-99	-99	-99	-99	-99	-99
20.11.2016	0.419	11.344	-99	-99	-99	-99	-99	-99	-99	-99
21.11.2016	0.369	10.589	-99	-99	-99	-99	-99	-99	-99	-99
22.11.2016	0.338	9.938	-99	-99	-99	-99	-99	-99	-99	-99
23.11.2016	0.349	10.119	-99	-99	-99	-99	-99	-99	-99	-99
24.11.2016	0.372	9.915	-99	-99	-99	-99	-99	-99	-99	-99
25.11.2016	2.54	13.584	-99	-99	-99	-99	-99	-99	-99	-99
26.11.2016	3.562	28.753	-99	-99	-99	-99	-99	-99	-99	-99
27.11.2016	1.705	32.953	-99	-99	-99	-99	-99	-99	-99	-99
28.11.2016	1.288	30.439	-99	-99	-99	-99	-99	-99	-99	-99
29.11.2016	1.417	27.298	-99	-99	-99	-99	-99	-99	-99	-99
30.11.2016	0.994	25.57	-99	-99	-99	-99	-99	-99	-99	-99
01.12.2016	0.927	23.698	-99	-99	-99	-99	-99	-99	-99	-99
02.12.2016	0.926	22.126	-99	-99	-99	-99	-99	-99	-99	-99
03.12.2016	0.827	20.227	-99	-99	-99	-99	-99	-99	-99	-99
04.12.2016	0.774	19.509	-99	-99	-99	-99	-99	-99	-99	-99
05.12.2016	0.843	21.596	-99	-99	-99	-99	-99	-99	-99	-99
06.12.2016	0.829	21.805	-99	-99	-99	-99	-99	-99	-99	-99
07.12.2016	0.813	20.726	-99	-99	-99	-99	-99	-99	-99	-99
08.12.2016	5.592	33.733	-99	-99	-99	-99	-99	-99	-99	-99
09.12.2016	5.522	58.554	-99	-99	-99	-99	-99	-99	-99	-99
10.12.2016	3.11	65.655	-99	-99	-99	-99	-99	-99	-99	-99
11.12.2016	2.116	61.831	-99	-99	-99	-99	-99	-99	-99	-99
12.12.2016	1.588	52.914	-99	-99	-99	-99	-99	-99	-99	-99
13.12.2016	1.332	44.754	-99	-99	-99	-99	-99	-99	-99	-99
14.12.2016	1.262	38.671	-99	-99	-99	-99	-99	-99	-99	-99
15.12.2016	0.96	32.59	-99	-99	-99	-99	-99	-99	-99	-99
16.12.2016	1.171	29.411	-99	-99	-99	-99	-99	-99	-99	-99
17.12.2016	0.898	27.344	-99	-99	-99	-99	-99	-99	-99	-99
18.12.2016	0.805	25.437	-99	-99	-99	-99	-99	-99	-99	-99
19.12.2016	2.565	25.961	-99	-99	-99	-99	-99	-99	-99	-99
20.12.2016	3.593	31.663	-99	-99	-99	-99	-99	-99	-99	-99
21.12.2016	2.657	33.107	-99	-99	-99	-99	-99	-99	-99	-99
22.12.2016	1.711	32.456	-99	-99	-99	-99	-99	-99	-99	-99
23.12.2016	1.616	31.408	-99	-99	-99	-99	-99	-99	-99	-99
24.12.2016	1.437	30.125	-99	-99	-99	-99	-99	-99	-99	-99
25.12.2016	1.515	31.547	-99	-99	-99	-99	-99	-99	-99	-99
26.12.2016	1.782	33.724	-99	-99	-99	-99	-99	-99	-99	-99
27.12.2016	1.688	34.375	-99	-99	-99	-99	-99	-99	-99	-99
28.12.2016	1.454	31.532	-99	-99	-99	-99	-99	-99	-99	-99
29.12.2016	1.378	28.617	-99	-99	-99	-99	-99	-99	-99	-99
30.12.2016	3.72	35.161	-99	-99	-99	-99	-99	-99	-99	-99
31.12.2016	2.682	49.983	-99	-99	-99	-99	-99	-99	-99	-99
01.01.2017	1.887	48.895	-99	-99	-99	-99	-99	-99	-99	-99
02.01.2017	1.606	43.918	-99	-99	-99	-99	-99	-99	-99	-99
03.01.2017	1.426	38.836	-99	-99	-99	-99	-99	-99	-99	-99
04.01.2017	1.289	34.698	-99	-99	-99	-99	-99	-99	-99	-99
05.01.2017	1.163	30.488	-99	-99	-99	-99	-99	-99	-99	-99
06.01.2017	1.448	26.179	-99	-99	-99	-99	-99	-99	-99	-99
07.01.2017	0.933	23.501	-99	-99	-99	-99	-99	-99	-99	-99
08.01.2017	0.829	21.171	-99	-99	-99	-99	-99	-99	-99	-99
09.01.2017	0.759	19.395	-99	-99	-99	-99	-99	-99	-99	-99
10.01.2017	0.708	18.41	-99	-99	-99	-99	-99	-99	-99	-99
11.01.2017	0.664	17.753	-99	-99	-99	-99	-99	-99	-99	-99
12.01.2017	0.629	17.318	-99	-99	-99	-99	-99	-99	-99	-99
13.01.2017	0.635	16.491	-99	-99	-99	-99	-99	-99	-99	-99
14.01.2017	0.635	15.132	-99	-99	-99	-99	-99	-99	-99	-99
15.01.2017	0.639	14.13	-99	-99	-99	-99	-99	-99	-99	-99
16.01.2017	0.643	13.434	-99	-99	-99	-99	-99	-99	-99	-99
17.01.2017	0.643	12.28	-99	-99	-99	-99	-99	-99	-99	-99
18.01.2017	0.648	12.324	-99	-99	-99	-99	-99	-99	-99	-99
19.01.2017	2.199	17.256	-99	-99	-99	-99	-99	-99	-99	-99
20.01.2017	4.83	41.635	-99	-99	-99	-99	-99	-99	-99	-99
21.01.2017	2.654	56.728	-99	-99	-99	-99	-99	-99	-99	-99
22.01.2017	1.61	53.375	-99	-99	-99	-99	-99	-99	-99	-99
23.01.2017	1.161	45.504	-99	-99	-99	-99	-99	-99	-99	-99
24.01.2017	0.966	38.988	-99	-99	-99	-99	-99	-99	-99	-99
25.01.2017	0.84	33.191	-99	-99	-99	-99	-99	-99	-99	-99
26.01.2017	1.171	30.401	-99	-99	-99	-99	-99	-99	-99	-99
27.01.2017	0.891	27.94	-99	-99	-99	-99	-99	-99	-99	-99
28.01.2017	0.684	25.277	-99	-99	-99	-99	-99	-99	-99	-99
29.01.2017	0.551	22.995	-99	-99	-99	-99	-99	-99	-99	-99
30.01.2017	0.465	20.882	-99	-99	-99	-99	-99	-99	-99	-99
31.01.2017	0.415	18.844	-99	-99	-99	-99	-99	-99	-99	-99
01.02.2017	0.37	16.991	-99	-99	-99	-99	-99	-99	-99	-99
02.02.2017	0.326	15.52	-99	-99	-99	-99	-99	-99	-99	-99
03.02.2017	0.324	14.986	-99	-99	-99	-99	-99	-99	-99	-99
04.02.2017	0.305	13.143	-99	-99	-99	-99	-99	-99	-99	-99
05.02.2017	0.336	12.356	-99	-99	-99	-99	-99	-99	-99	-99
06.02.2017	0.322	11.328	-99	-99	-99	-99	-99	-99	-99	-99
07.02.2017	0.311	10.727	-99	-99	-99	-99	-99	-99	-99	-99
08.02.2017	0.297	9.299	-99	-99	-99	-99	-99	-99	-99	-99
09.02.2017	0.286	8.439	-99	-99	-99	-99	-99	-99	-99	-99
10.02.2017	0.273	7.749	-99	-99	-99	-99	-99	-99	-99	-99
11.02.2017	0.26	7.169	-99	-99	-99	-99	-99	-99	-99	-99
12.02.2017	0.25	6.786	-99	-99	-99	-99	-99	-99	-99	-99
13.02.2017	0.238	6.475	-99	-99	-99	-99	-99	-99	-99	-99
14.02.2017	0.229	6.161	-99	-99	-99	-99	-99	-99	-99	-99
15.02.2017	0.217	5.885	-99	-99	-99	-99	-99	-99	-99	-99
16.02.2017	0.208	5.731	-99	-99	-99	-99	-99	-99	-99	-99
17.02.2017	0.197	5.593	-99	-99	-99	-99	-99	-99	-99	-99
18.02.2017	0.205	5.598	-99	-99	-99	-99	-99	-99	-99	-99
19.02.2017	0.304	6.364	-99	-99	-99	-99	-99	-99	-99	-99
20.02.2017	0.486	8.831	-99	-99	-99	-99	-99	-99	-99	-99
21.02.2017	0.505	11.239	-99	-99	-99	-99	-99	-99	-99	-99
22.02.2017	0.456	11.643	-99	-99	-99	-99	-99	-99	-99	-99
23.02.2017	0.419	11.359	-99	-99	-99	-99	-99	-99	-99	-99
24.02.2017	0.412	10.855	-99	-99	-99	-99	-99	-99	-99	-99
25.02.2017	0.398	10.35	-99	-99	-99	-99	-99	-99	-99	-99
26.02.2017	0.382	9.849	-99	-99	-99	-99	-99	-99	-99	-99
27.02.2017	0.36	9.281	-99	-99	-99	-99	-99	-99	-99	-99
28.02.2017	0.327	8.844	-99	-99	-99	-99	-99	-99	-99	-99
01.03.2017	0.31	8.447	-99	-99	-99	-99	-99	-99	-99	-99
02.03.2017	0.294	8.629	-99	-99	-99	-99	-99	-99	-99	-99
03.03.2017	0.278	7.587	-99	-99	-99	-99	-99	-99	-99	-99
04.03.2017	0.263	7.213	-99	-99	-99	-99	-99	-99	-99	-99
05.03.2017	0.248	7.191	-99	-99	-99	-99	-99	-99	-99	-99
06.03.2017	0.236	6.579	-99	-99	-99	-99	-99	-99	-99	-99
07.03.2017	0.222	5.811	-99	-99	-99	-99	-99	-99	-99	-99
08.03.2017	0.208	5.404	-99	-99	-99	-99	-99	-99	-99	-99
09.03.2017	0.195	5.246	-99	-99	-99	-99	-99	-99	-99	-99
10.03.2017	0.184	5.838	-99	-99	-99	-99	-99	-99	-99	-99
11.03.2017	0.176	4.903	-99	-99	-99	-99	-99	-99	-99	-99
12.03.2017	0.17	4.752	-99	-99	-99	-99	-99	-99	-99	-99
13.03.2017	0.164	4.616	-99	-99	-99	-99	-99	-99	-99	-99
14.03.2017	0.188	4.829	-99	-99	-99	-99	-99	-99	-99	-99
15.03.2017	0.134	6.167	-99	-99	-99	-99	-99	-99	-99	-99
16.03.2017	1.227	7.27	-99	-99	-99	-99	-99	-99	-99	-99
17.03.2017	1.451	8.921	-99	-99	-99	-99	-99	-99	-99	-99
18.03.2017	1.124	9.585	-99	-99	-99	-99	-99	-99	-99	-99
19.03.2017	0.695	9.43	-99	-99	-99	-99	-99	-99	-99	-99
20.03.2017	0.547	9.151	-99	-99	-99	-99	-99	-99	-99	-99
21.03.2017	0.488	8.828	-99	-99	-99	-99	-99	-99	-99	-99
22.03.2017	0.453	8.614	-99	-99	-99	-99	-99	-99	-99	-99
23.03.2017	0.441	8.409	-99	-99	-99	-99	-99	-99	-99	-99
24.03.2017	0.411	8.182	-99	-99	-99	-99	-99	-99	-99	-99
25.03.2017	0.428	8.318	-99	-99	-99	-99	-99	-99	-99	-99
26.03.2017	0.392	8.729	-99	-99	-99	-99	-99	-99	-99	-99
27.03.2017	1.158	10.304	-99	-99	-99	-99	-99	-99	-99	-99
28.03.2017	1.367	12.292	-99	-99	-99	-99	-99	-99	-99	-99
29.03.2017	0.787	12.765	-99	-99	-99	-99	-99	-99	-99	-99
30.03.2017	0.591	12.507	-99	-99	-99	-99	-99	-99	-99	-99
31.03.2017	0.513	12.946	-99	-99	-99	-99	-99	-99	-99	-99
01.04.2017	0.824	12.315	-99	-99	-99	-99	-99	-99	-99	-99
02.04.2017	1.325	15.508	-99	-99	-99	-99	-99	-99	-99	-99
03.04.2017	1.112	17.308	-99	-99	-99	-99	-99	-99	-99	-99
04.04.2017	0.84	17.956	-99	-99	-99	-99	-99	-99	-99	-99
05.04.2017	0.781	19.74	-99	-99	-99	-99	-99	-99	-99	-99
06.04.2017	0.715	20.62	-99	-99	-99	-99	-99	-99	-99	-99
07.04.2017	0.942	21.799	-99	-99	-99	-99	-99	-99	-99	-99
08.04.2017	1.135	23.184	-99	-99	-99	-99	-99	-99	-99	-99
09.04.2017	1.173	23.588	-99	-99	-99	-99	-99	-99	-99	-99
10.04.2017	1.238	24.608	-99	-99	-99	-99	-99	-99	-99	-99
11.04.2017	0.929	24.734	-99	-99	-99	-99	-99	-99	-99	-99
12.04.2017	0.743	23.234	-99	-99	-99	-99	-99	-99	-99	-99
13.04.2017	0.631	21.488	-99	-99	-99	-99	-99	-99	-99	-99
14.04.2017	0.532	19.732	-99	-99	-99	-99	-99	-99	-99	-99
15.04.2017	0.536	18.346	-99	-99	-99	-99	-99	-99	-99	-99
16.04.2017	0.436	16.521	-99	-99	-99	-99	-99	-99	-99	-99
17.04.2017	0.392	15.842	-99	-99	-99	-99	-99	-99	-99	-99
18.04.2017	0.446	13.74	-99	-99	-99	-99	-99	-99	-99	-99
19.04.2017	0.337	12.664	-99	-99	-99	-99	-99	-99	-99	-99
20.04.2017	0.358	12.173	-99	-99	-99	-99	-99	-99	-99	-99
21.04.2017	0.468	12.365	-99	-99	-99	-99	-99	-99	-99	-99
22.04.2017	0.499	12.389	-99	-99	-99	-99	-99	-99	-99	-99
23.04.2017	0.49	11.995	-99	-99	-99	-99	-99	-99	-99	-99
24.04.2017	0.473	11.621	-99	-99	-99	-99	-99	-99	-99	-99
25.04.2017	0.431	10.927	-99	-99	-99	-99	-99	-99	-99	-99
26.04.2017	0.399	10.244	-99	-99	-99	-99	-99	-99	-99	-99
27.04.2017	0.369	9.768	-99	-99	-99	-99	-99	-99	-99	-99
28.04.2017	0.389	9.348	-99	-99	-99	-99	-99	-99	-99	-99
29.04.2017	0.334	8.741	-99	-99	-99	-99	-99	-99	-99	-99
30.04.2017	0.374	8.299	-99	-99	-99	-99	-99	-99	-99	-99
01.05.2017	0.441	8.101	-99	-99	-99	-99	-99	-99	-99	-99
02.05.2017	0.564	8.579	-99	-99	-99	-99	-99	-99	-99	-99
03.05.2017	0.74	8.323	-99	-99	-99	-99	-99	-99	-99	-99
04.05.2017	0.899	8.862	-99	-99	-99	-99	-99	-99	-99	-99
05.05.2017	1.584	9.812	-99	-99	-99	-99	-99	-99	-99	-99
06.05.2017	2.35	12.899	-99	-99	-99	-99	-99	-99	-99	-99
07.05.2017	2.32	17.141	-99	-99	-99	-99	-99	-99	-99	-99
08.05.2017	1.622	19.879	-99	-99	-99	-99	-99	-99	-99	-99
09.05.2017	1.133	19.824	-99	-99	-99	-99	-99	-99	-99	-99
10.05.2017	0.872	18.291	-99	-99	-99	-99	-99	-99	-99	-99
11.05.2017	0.79	17.345	-99	-99	-99	-99	-99	-99	-99	-99
12.05.2017	0.796	16.603	-99	-99	-99	-99	-99	-99	-99	-99
13.05.2017	0.973	15.22	-99	-99	-99	-99	-99	-99	-99	-99
14.05.2017	1.713	15.681	-99	-99	-99	-99	-99	-99	-99	-99
15.05.2017	2.576	17.943	-99	-99	-99	-99	-99	-99	-99	-99
16.05.2017	4.491	23.974	-99	-99	-99	-99	-99	-99	-99	-99
17.05.2017	6.154	38.386	-99	-99	-99	-99	-99	-99	-99	-99
18.05.2017	6.154	52.12	-99	-99	-99	-99	-99	-99	-99	-99
19.05.2017	6.262	64.305	-99	-99	-99	-99	-99	-99	-99	-99
20.05.2017	7.664	74.258	-99	-99	-99	-99	-99	-99	-99	-99
21.05.2017	8.16	93.212	-99	-99	-99	-99	-99	-99	-99	-99
22.05.2017	6.125	97.383	-99	-99	-99	-99	-99	-99	-99	-99
23.05.2017	5.194	88.929	-99	-99	-99	-99	-99	-99	-99	-99
24.05.2017	4.637	80.775	-99	-99	-99	-99	-99	-99	-99	-99
25.05.2017	6.666	76.852	-99	-99	-99	-99	-99	-99	-99	-99
26.05.2017	8.46	83.652	-99	-99	-99	-99	-99	-99	-99	-99
27.05.2017	9.647	96.119	-99	-99	-99	-99	-99	-99	-99	-99
28.05.2017	10.207	116.58	-99	-99	-99	-99	-99	-99	-99	-99
29.05.2017	10.764	126.293	-99	-99	-99	-99	-99	-99	-99	-99
30.05.2017	8.562	125.392	-99	-99	-99	-99	-99	-99	-99	-99
31.05.2017	7.566	115.011	-99	-99	-99	-99	-99	-99	-99	-99
01.06.2017	5.71	101.913	-99	-99	-99	-99	-99	-99	-99	-99
02.06.2017	4.512	87.219	-99	-99	-99	-99	-99	-99	-99	-99
03.06.2017	5.303	77.726	-99	-99	-99	-99	-99	-99	-99	-99
04.06.2017	5.385	76.311	-99	-99	-99	-99	-99	-99	-99	-99
05.06.2017	5.852	76.342	-99	-99	-99	-99	-99	-99	-99	-99
06.06.2017	5.396	73.767	-99	-99	-99	-99	-99	-99	-99	-99
07.06.2017	8.1	76.972	-99	-99	-99	-99	-99	-99	-99	-99
08.06.2017	9.333	89.192	-99	-99	-99	-99	-99	-99	-99	-99
09.06.2017	8.357	93.894	-99	-99	-99	-99	-99	-99	-99	-99
10.06.2017	8.193	94.975	-99	-99	-99	-99	-99	-99	-99	-99
11.06.2017	7.903	94.516	-99	-99	-99	-99	-99	-99	-99	-99
12.06.2017	7.377	95.422	-99	-99	-99	-99	-99	-99	-99	-99
13.06.2017	7.632	95.516	-99	-99	-99	-99	-99	-99	-99	-99
14.06.2017	6.686	95.627	-99	-99	-99	-99	-99	-99	-99	-99
15.06.2017	6.284	90.597	-99	-99	-99	-99	-99	-99	-99	-99
16.06.2017	6.637	88.701	-99	-99	-99	-99	-99	-99	-99	-99
17.06.2017	6.787	89.66	-99	-99	-99	-99	-99	-99	-99	-99
18.06.2017	9.35	96.843	-99	-99	-99	-99	-99	-99	-99	-99
19.06.2017	9.413	105.918	-99	-99	-99	-99	-99	-99	-99	-99
20.06.2017	7.871	109.424	-99	-99	-99	-99	-99	-99	-99	-99
21.06.2017	5.713	101.734	-99	-99	-99	-99	-99	-99	-99	-99
22.06.2017	4.391	87.174	-99	-99	-99	-99	-99	-99	-99	-99
23.06.2017	4.498	76.867	-99	-99	-99	-99	-99	-99	-99	-99
24.06.2017	5.684	76.684	-99	-99	-99	-99	-99	-99	-99	-99
25.06.2017	4.933	73.493	-99	-99	-99	-99	-99	-99	-99	-99
26.06.2017	4.851	67.846	-99	-99	-99	-99	-99	-99	-99	-99
27.06.2017	3.845	62.796	-99	-99	-99	-99	-99	-99	-99	-99
28.06.2017	3.332	56.107	-99	-99	-99	-99	-99	-99	-99	-99
29.06.2017	3.576	51.426	-99	-99	-99	-99	-99	-99	-99	-99
30.06.2017	4.475	51.241	-99	-99	-99	-99	-99	-99	-99	-99
01.07.2017	4.846	54.175	-99	-99	-99	-99	-99	-99	-99	-99
02.07.2017	5.353	57.468	-99	-99	-99	-99	-99	-99	-99	-99
03.07.2017	6.179	65.296	-99	-99	-99	-99	-99	-99	-99	-99
04.07.2017	5.305	68.752	-99	-99	-99	-99	-99	-99	-99	-99
05.07.2017	4.152	64.518	-99	-99	-99	-99	-99	-99	-99	-99
06.07.2017	3.54	58.801	-99	-99	-99	-99	-99	-99	-99	-99
07.07.2017	3.339	53.736	-99	-99	-99	-99	-99	-99	-99	-99
08.07.2017	4.991	54.812	-99	-99	-99	-99	-99	-99	-99	-99
09.07.2017	4.555	59.294	-99	-99	-99	-99	-99	-99	-99	-99
10.07.2017	4.605	58.578	-99	-99	-99	-99	-99	-99	-99	-99
11.07.2017	4.501	56.595	-99	-99	-99	-99	-99	-99	-99	-99
12.07.2017	5.415	58.219	-99	-99	-99	-99	-99	-99	-99	-99
13.07.2017	4.994	59.975	-99	-99	-99	-99	-99	-99	-99	-99
14.07.2017	3.908	57.926	-99	-99	-99	-99	-99	-99	-99	-99
15.07.2017	3.441	53.174	-99	-99	-99	-99	-99	-99	-99	-99
16.07.2017	6.434	56.99	-99	-99	-99	-99	-99	-99	-99	-99
17.07.2017	7.449	70.691	-99	-99	-99	-99	-99	-99	-99	-99
18.07.2017	6.656	81.929	-99	-99	-99	-99	-99	-99	-99	-99
19.07.2017	4.756	79.214	-99	-99	-99	-99	-99	-99	-99	-99
20.07.2017	4.165	71.214	-99	-99	-99	-99	-99	-99	-99	-99
21.07.2017	4.529	66.718	-99	-99	-99	-99	-99	-99	-99	-99
22.07.2017	5.262	68.884	-99	-99	-99	-99	-99	-99	-99	-99
23.07.2017	5.526	71.362	-99	-99	-99	-99	-99	-99	-99	-99
24.07.2017	7.826	84.571	-99	-99	-99	-99	-99	-99	-99	-99
25.07.2017	6.624	90.759	-99	-99	-99	-99	-99	-99	-99	-99
26.07.2017	5.407	86.614	-99	-99	-99	-99	-99	-99	-99	-99
27.07.2017	5.11	83.779	-99	-99	-99	-99	-99	-99	-99	-99
28.07.2017	5.366	84.28	-99	-99	-99	-99	-99	-99	-99	-99
29.07.2017	4.466	81.818	-99	-99	-99	-99	-99	-99	-99	-99
30.07.2017	3.88	75.358	-99	-99	-99	-99	-99	-99	-99	-99
31.07.2017	3.959	71.449	-99	-99	-99	-99	-99	-99	-99	-99
01.08.2017	3.684	69.884	-99	-99	-99	-99	-99	-99	-99	-99
02.08.2017	3.242	66.188	-99	-99	-99	-99	-99	-99	-99	-99
03.08.2017	2.854	61.767	-99	-99	-99	-99	-99	-99	-99	-99
04.08.2017	3.693	58.52	-99	-99	-99	-99	-99	-99	-99	-99
05.08.2017	4.13	60.111	-99	-99	-99	-99	-99	-99	-99	-99
06.08.2017	3.51	61.568	-99	-99	-99	-99	-99	-99	-99	-99
07.08.2017	3.243	60.726	-99	-99	-99	-99	-99	-99	-99	-99
08.08.2017	2.084	59.293	-99	-99	-99	-99	-99	-99	-99	-99
09.08.2017	2.536	55.406	-99	-99	-99	-99	-99	-99	-99	-99
10.08.2017	3.167	53.702	-99	-99	-99	-99	-99	-99	-99	-99
11.08.2017	3.875	57.356	-99	-99	-99	-99	-99	-99	-99	-99
12.08.2017	4.784	64.197	-99	-99	-99	-99	-99	-99	-99	-99
13.08.2017	3.89	68.441	-99	-99	-99	-99	-99	-99	-99	-99
14.08.2017	3.804	64.309	-99	-99	-99	-99	-99	-99	-99	-99
15.08.2017	2.471	57.166	-99	-99	-99	-99	-99	-99	-99	-99
16.08.2017	2.912	54.786	-99	-99	-99	-99	-99	-99	-99	-99
17.08.2017	2.569	54.492	-99	-99	-99	-99	-99	-99	-99	-99
18.08.2017	2.682	53.879	-99	-99	-99	-99	-99	-99	-99	-99
19.08.2017	2.615	54.729	-99	-99	-99	-99	-99	-99	-99	-99
20.08.2017	2.842	54.675	-99	-99	-99	-99	-99	-99	-99	-99
21.08.2017	3.432	57.63	-99	-99	-99	-99	-99	-99	-99	-99
22.08.2017	2.591	56.351	-99	-99	-99	-99	-99	-99	-99	-99
23.08.2017	2.132	51.233	-99	-99	-99	-99	-99	-99	-99	-99
24.08.2017	1.844	45.683	-99	-99	-99	-99	-99	-99	-99	-99
25.08.2017	1.614	40.794	-99	-99	-99	-99	-99	-99	-99	-99
26.08.2017	1.415	36.519	-99	-99	-99	-99	-99	-99	-99	-99
27.08.2017	1.251	32.739	-99	-99	-99	-99	-99	-99	-99	-99
28.08.2017	1.279	30.105	-99	-99	-99	-99	-99	-99	-99	-99
29.08.2017	2.832	33.831	-99	-99	-99	-99	-99	-99	-99	-99
30.08.2017	1.868	36.971	-99	-99	-99	-99	-99	-99	-99	-99
31.08.2017	1.64	35.52	-99	-99	-99	-99	-99	-99	-99	-99
01.09.2017	1.659	34.394	-99	-99	-99	-99	-99	-99	-99	-99
02.09.2017	1.488	33.347	-99	-99	-99	-99	-99	-99	-99	-99
03.09.2017	1.276	31.782	-99	-99	-99	-99	-99	-99	-99	-99
04.09.2017	1.112	28.631	-99	-99	-99	-99	-99	-99	-99	-99
05.09.2017	1.258	26.832	-99	-99	-99	-99	-99	-99	-99	-99
06.09.2017	1.854	29.837	-99	-99	-99	-99	-99	-99	-99	-99
07.09.2017	2.575	34.74	-99	-99	-99	-99	-99	-99	-99	-99
08.09.2017	1.764	36.114	-99	-99	-99	-99	-99	-99	-99	-99
09.09.2017	1.523	34.609	-99	-99	-99	-99	-99	-99	-99	-99
10.09.2017	1.323	32.184	-99	-99	-99	-99	-99	-99	-99	-99
11.09.2017	1.316	30.345	-99	-99	-99	-99	-99	-99	-99	-99
12.09.2017	1.36	30.124	-99	-99	-99	-99	-99	-99	-99	-99
13.09.2017	1.38	29.93	-99	-99	-99	-99	-99	-99	-99	-99
14.09.2017	1.241	28.687	-99	-99	-99	-99	-99	-99	-99	-99
15.09.2017	1.248	27.318	-99	-99	-99	-99	-99	-99	-99	-99
16.09.2017	1.172	25.964	-99	-99	-99	-99	-99	-99	-99	-99
17.09.2017	1.329	24.358	-99	-99	-99	-99	-99	-99	-99	-99
18.09.2017	0.959	22.604	-99	-99	-99	-99	-99	-99	-99	-99
19.09.2017	0.956	21.257	-99	-99	-99	-99	-99	-99	-99	-99
20.09.2017	1.485	21.366	-99	-99	-99	-99	-99	-99	-99	-99
21.09.2017	1.299	21.271	-99	-99	-99	-99	-99	-99	-99	-99
22.09.2017	1.2	20.505	-99	-99	-99	-99	-99	-99	-99	-99
23.09.2017	1.144	20.246	-99	-99	-99	-99	-99	-99	-99	-99
24.09.2017	1.496	20.182	-99	-99	-99	-99	-99	-99	-99	-99
25.09.2017	1.531	20.369	-99	-99	-99	-99	-99	-99	-99	-99
26.09.2017	1.293	21.192	-99	-99	-99	-99	-99	-99	-99	-99
27.09.2017	0.975	21.359	-99	-99	-99	-99	-99	-99	-99	-99
28.09.2017	0.986	22.194	-99	-99	-99	-99	-99	-99	-99	-99
29.09.2017	0.949	22.488	-99	-99	-99	-99	-99	-99	-99	-99
30.09.2017	1.29	22.742	-99	-99	-99	-99	-99	-99	-99	-99
01.10.2017	1.934	23.612	-99	-99	-99	-99	-99	-99	-99	-99
02.10.2017	2.531	28.752	-99	-99	-99	-99	-99	-99	-99	-99
03.10.2017	3.201	33.203	-99	-99	-99	-99	-99	-99	-99	-99
04.10.2017	3.198	41.773	-99	-99	-99	-99	-99	-99	-99	-99
05.10.2017	2.169	40.556	-99	-99	-99	-99	-99	-99	-99	-99
06.10.2017	2.648	38.461	-99	-99	-99	-99	-99	-99	-99	-99
07.10.2017	2.247	37.35	-99	-99	-99	-99	-99	-99	-99	-99
08.10.2017	1.802	34.817	-99	-99	-99	-99	-99	-99	-99	-99
09.10.2017	1.492	31.271	-99	-99	-99	-99	-99	-99	-99	-99
10.10.2017	1.232	27.823	-99	-99	-99	-99	-99	-99	-99	-99
11.10.2017	1.108	24.994	-99	-99	-99	-99	-99	-99	-99	-99
12.10.2017	1.287	23.648	-99	-99	-99	-99	-99	-99	-99	-99
13.10.2017	1.958	23.111	-99	-99	-99	-99	-99	-99	-99	-99
14.10.2017	4.275	30.573	-99	-99	-99	-99	-99	-99	-99	-99
15.10.2017	5.792	43.217	-99	-99	-99	-99	-99	-99	-99	-99
16.10.2017	6.355	53.204	-99	-99	-99	-99	-99	-99	-99	-99
17.10.2017	4.613	56.313	-99	-99	-99	-99	-99	-99	-99	-99
18.10.2017	2.7	54.711	-99	-99	-99	-99	-99	-99	-99	-99
19.10.2017	2.235	47.715	-99	-99	-99	-99	-99	-99	-99	-99
20.10.2017	1.652	41.192	-99	-99	-99	-99	-99	-99	-99	-99
21.10.2017	1.65	36.294	-99	-99	-99	-99	-99	-99	-99	-99
22.10.2017	1.373	31.785	-99	-99	-99	-99	-99	-99	-99	-99
23.10.2017	1.11	27.923	-99	-99	-99	-99	-99	-99	-99	-99
24.10.2017	0.942	24.709	-99	-99	-99	-99	-99	-99	-99	-99
25.10.2017	0.888	21.896	-99	-99	-99	-99	-99	-99	-99	-99
26.10.2017	1.825	21.62	-99	-99	-99	-99	-99	-99	-99	-99
27.10.2017	1.231	20.987	-99	-99	-99	-99	-99	-99	-99	-99
28.10.2017	2.15	28.728	-99	-99	-99	-99	-99	-99	-99	-99
29.10.2017	1.412	32.186	-99	-99	-99	-99	-99	-99	-99	-99
30.10.2017	1.355	31.413	-99	-99	-99	-99	-99	-99	-99	-99
31.10.2017	1.176	29.131	-99	-99	-99	-99	-99	-99	-99	-99
01.11.2017	2.649	32.451	-99	-99	-99	-99	-99	-99	-99	-99
02.11.2017	3.121	47.443	-99	-99	-99	-99	-99	-99	-99	-99
03.11.2017	1.813	46.171	-99	-99	-99	-99	-99	-99	-99	-99
04.11.2017	1.486	41.958	-99	-99	-99	-99	-99	-99	-99	-99
05.11.2017	1.371	37.581	-99	-99	-99	-99	-99	-99	-99	-99
06.11.2017	1.109	33.683	-99	-99	-99	-99	-99	-99	-99	-99
07.11.2017	0.978	29.646	-99	-99	-99	-99	-99	-99	-99	-99
08.11.2017	0.948	26.401	-99	-99	-99	-99	-99	-99	-99	-99
09.11.2017	1.301	25.268	-99	-99	-99	-99	-99	-99	-99	-99
10.11.2017	1.107	26.37	-99	-99	-99	-99	-99	-99	-99	-99
11.11.2017	1.591	25.364	-99	-99	-99	-99	-99	-99	-99	-99
12.11.2017	1.288	24.393	-99	-99	-99	-99	-99	-99	-99	-99
13.11.2017	1.338	23.228	-99	-99	-99	-99	-99	-99	-99	-99
14.11.2017	0.916	21.59	-99	-99	-99	-99	-99	-99	-99	-99
15.11.2017	0.943	21.503	-99	-99	-99	-99	-99	-99	-99	-99
16.11.2017	0.973	21.465	-99	-99	-99	-99	-99	-99	-99	-99
17.11.2017	1.935	21.742	-99	-99	-99	-99	-99	-99	-99	-99
18.11.2017	1.388	22.371	-99	-99	-99	-99	-99	-99	-99	-99
19.11.2017	1.942	21.205	-99	-99	-99	-99	-99	-99	-99	-99
20.11.2017	0.899	19.607	-99	-99	-99	-99	-99	-99	-99	-99
21.11.2017	0.875	18.297	-99	-99	-99	-99	-99	-99	-99	-99
22.11.2017	0.845	16.829	-99	-99	-99	-99	-99	-99	-99	-99
23.11.2017	0.819	15.648	-99	-99	-99	-99	-99	-99	-99	-99
24.11.2017	0.791	15.502	-99	-99	-99	-99	-99	-99	-99	-99
25.11.2017	0.737	15.316	-99	-99	-99	-99	-99	-99	-99	-99
26.11.2017	0.645	14.57	-99	-99	-99	-99	-99	-99	-99	-99
27.11.2017	0.605	13.571	-99	-99	-99	-99	-99	-99	-99	-99
28.11.2017	0.568	12.605	-99	-99	-99	-99	-99	-99	-99	-99
29.11.2017	0.529	11.661	-99	-99	-99	-99	-99	-99	-99	-99
30.11.2017	0.495	10.88	-99	-99	-99	-99	-99	-99	-99	-99
01.12.2017	0.463	10.181	-99	-99	-99	-99	-99	-99	-99	-99
02.12.2017	0.431	9.687	-99	-99	-99	-99	-99	-99	-99	-99
03.12.2017	0.373	9.589	-99	-99	-99	-99	-99	-99	-99	-99
04.12.2017	0.43	9.531	-99	-99	-99	-99	-99	-99	-99	-99
05.12.2017	0.453	10.34	-99	-99	-99	-99	-99	-99	-99	-99
06.12.2017	0.467	10.628	-99	-99	-99	-99	-99	-99	-99	-99
07.12.2017	0.542	11.514	-99	-99	-99	-99	-99	-99	-99	-99
08.12.2017	0.614	13.323	-99	-99	-99	-99	-99	-99	-99	-99
09.12.2017	0.699	15.251	-99	-99	-99	-99	-99	-99	-99	-99
10.12.2017	0.705	15.164	-99	-99	-99	-99	-99	-99	-99	-99
11.12.2017	0.712	14.446	-99	-99	-99	-99	-99	-99	-99	-99
12.12.2017	0.639	13.61	-99	-99	-99	-99	-99	-99	-99	-99
13.12.2017	0.572	12.696	-99	-99	-99	-99	-99	-99	-99	-99
14.12.2017	0.51	11.902	-99	-99	-99	-99	-99	-99	-99	-99
15.12.2017	0.456	11.383	-99	-99	-99	-99	-99	-99	-99	-99
16.12.2017	0.402	10.341	-99	-99	-99	-99	-99	-99	-99	-99
17.12.2017	0.35	9.742	-99	-99	-99	-99	-99	-99	-99	-99
18.12.2017	0.338	9.191	-99	-99	-99	-99	-99	-99	-99	-99
19.12.2017	0.393	9.448	-99	-99	-99	-99	-99	-99	-99	-99
20.12.2017	1.756	11.186	-99	-99	-99	-99	-99	-99	-99	-99
21.12.2017	1.791	16.169	-99	-99	-99	-99	-99	-99	-99	-99
22.12.2017	1.394	18.863	-99	-99	-99	-99	-99	-99	-99	-99
23.12.2017	1.458	24.795	-99	-99	-99	-99	-99	-99	-99	-99
24.12.2017	1.46	28.658	-99	-99	-99	-99	-99	-99	-99	-99
25.12.2017	1.301	28.431	-99	-99	-99	-99	-99	-99	-99	-99
26.12.2017	0.95	26.726	-99	-99	-99	-99	-99	-99	-99	-99
27.12.2017	0.888	23.418	-99	-99	-99	-99	-99	-99	-99	-99
28.12.2017	1.474	20.859	-99	-99	-99	-99	-99	-99	-99	-99
29.12.2017	1.372	18.742	-99	-99	-99	-99	-99	-99	-99	-99
30.12.2017	0.806	17.201	-99	-99	-99	-99	-99	-99	-99	-99
31.12.2017	0.805	15.582	-99	-99	-99	-99	-99	-99	-99	-99
01.01.2018	0.612	14.162	-99	-99	-99	-99	-99	-99	-99	-99
02.01.2018	0.577	13.779	-99	-99	-99	-99	-99	-99	-99	-99
03.01.2018	0.528	12.321	-99	-99	-99	-99	-99	-99	-99	-99
04.01.2018	0.446	11.359	-99	-99	-99	-99	-99	-99	-99	-99
05.01.2018	0.393	10.384	-99	-99	-99	-99	-99	-99	-99	-99
06.01.2018	0.386	9.595	-99	-99	-99	-99	-99	-99	-99	-99
07.01.2018	0.379	9.904	-99	-99	-99	-99	-99	-99	-99	-99
08.01.2018	0.376	9.507	-99	-99	-99	-99	-99	-99	-99	-99
09.01.2018	0.37	8.574	-99	-99	-99	-99	-99	-99	-99	-99
10.01.2018	0.364	8.141	-99	-99	-99	-99	-99	-99	-99	-99
11.01.2018	0.358	7.647	-99	-99	-99	-99	-99	-99	-99	-99
12.01.2018	0.336	7.356	-99	-99	-99	-99	-99	-99	-99	-99
13.01.2018	0.319	6.984	-99	-99	-99	-99	-99	-99	-99	-99
14.01.2018	0.303	6.676	-99	-99	-99	-99	-99	-99	-99	-99
15.01.2018	0.289	6.391	-99	-99	-99	-99	-99	-99	-99	-99
16.01.2018	0.273	6.873	-99	-99	-99	-99	-99	-99	-99	-99
17.01.2018	0.257	5.745	-99	-99	-99	-99	-99	-99	-99	-99
18.01.2018	0.248	5.438	-99	-99	-99	-99	-99	-99	-99	-99
19.01.2018	0.241	5.196	-99	-99	-99	-99	-99	-99	-99	-99
20.01.2018	0.232	4.961	-99	-99	-99	-99	-99	-99	-99	-99
21.01.2018	0.221	4.771	-99	-99	-99	-99	-99	-99	-99	-99
22.01.2018	0.212	4.589	-99	-99	-99	-99	-99	-99	-99	-99
23.01.2018	0.209	4.407	-99	-99	-99	-99	-99	-99	-99	-99
24.01.2018	0.218	4.385	-99	-99	-99	-99	-99	-99	-99	-99
25.01.2018	0.237	5.689	-99	-99	-99	-99	-99	-99	-99	-99
26.01.2018	0.398	5.356	-99	-99	-99	-99	-99	-99	-99	-99
27.01.2018	0.37	5.444	-99	-99	-99	-99	-99	-99	-99	-99
28.01.2018	0.317	5.327	-99	-99	-99	-99	-99	-99	-99	-99
29.01.2018	0.316	5.387	-99	-99	-99	-99	-99	-99	-99	-99
30.01.2018	0.326	5.464	-99	-99	-99	-99	-99	-99	-99	-99
31.01.2018	0.329	5.36	-99	-99	-99	-99	-99	-99	-99	-99
01.02.2018	0.309	5.243	-99	-99	-99	-99	-99	-99	-99	-99
02.02.2018	0.309	5.672	-99	-99	-99	-99	-99	-99	-99	-99
03.02.2018	0.286	4.874	-99	-99	-99	-99	-99	-99	-99	-99
04.02.2018	0.263	4.559	-99	-99	-99	-99	-99	-99	-99	-99
05.02.2018	0.243	4.454	-99	-99	-99	-99	-99	-99	-99	-99
06.02.2018	0.216	4.325	-99	-99	-99	-99	-99	-99	-99	-99
07.02.2018	0.193	4.235	-99	-99	-99	-99	-99	-99	-99	-99
08.02.2018	0.186	4.143	-99	-99	-99	-99	-99	-99	-99	-99
09.02.2018	0.184	4.613	-99	-99	-99	-99	-99	-99	-99	-99
10.02.2018	0.174	3.967	-99	-99	-99	-99	-99	-99	-99	-99
11.02.2018	0.158	3.982	-99	-99	-99	-99	-99	-99	-99	-99
12.02.2018	0.152	3.672	-99	-99	-99	-99	-99	-99	-99	-99
13.02.2018	0.152	3.535	-99	-99	-99	-99	-99	-99	-99	-99
14.02.2018	0.147	3.391	-99	-99	-99	-99	-99	-99	-99	-99
15.02.2018	0.147	3.419	-99	-99	-99	-99	-99	-99	-99	-99
16.02.2018	0.145	3.214	-99	-99	-99	-99	-99	-99	-99	-99
17.02.2018	0.144	3.13	-99	-99	-99	-99	-99	-99	-99	-99
18.02.2018	0.138	3.717	-99	-99	-99	-99	-99	-99	-99	-99
19.02.2018	0.133	3.132	-99	-99	-99	-99	-99	-99	-99	-99
20.02.2018	0.13	2.948	-99	-99	-99	-99	-99	-99	-99	-99
21.02.2018	0.128	2.933	-99	-99	-99	-99	-99	-99	-99	-99
22.02.2018	0.128	2.888	-99	-99	-99	-99	-99	-99	-99	-99
23.02.2018	0.126	2.836	-99	-99	-99	-99	-99	-99	-99	-99
24.02.2018	0.123	2.782	-99	-99	-99	-99	-99	-99	-99	-99
25.02.2018	0.118	2.731	-99	-99	-99	-99	-99	-99	-99	-99
26.02.2018	0.116	2.781	-99	-99	-99	-99	-99	-99	-99	-99
27.02.2018	0.121	2.848	-99	-99	-99	-99	-99	-99	-99	-99
28.02.2018	0.126	2.662	-99	-99	-99	-99	-99	-99	-99	-99
01.03.2018	0.124	2.369	-99	-99	-99	-99	-99	-99	-99	-99
02.03.2018	0.118	2.265	-99	-99	-99	-99	-99	-99	-99	-99
03.03.2018	0.113	2.212	-99	-99	-99	-99	-99	-99	-99	-99
04.03.2018	0.11	2.21	-99	-99	-99	-99	-99	-99	-99	-99
05.03.2018	0.11	2.196	-99	-99	-99	-99	-99	-99	-99	-99
06.03.2018	0.108	2.892	-99	-99	-99	-99	-99	-99	-99	-99
07.03.2018	0.107	2.119	-99	-99	-99	-99	-99	-99	-99	-99
08.03.2018	0.101	1.992	-99	-99	-99	-99	-99	-99	-99	-99
09.03.2018	0.975	1.949	-99	-99	-99	-99	-99	-99	-99	-99
10.03.2018	0.934	1.933	-99	-99	-99	-99	-99	-99	-99	-99
11.03.2018	0.925	1.918	-99	-99	-99	-99	-99	-99	-99	-99
12.03.2018	0.908	1.885	-99	-99	-99	-99	-99	-99	-99	-99
13.03.2018	0.868	1.843	-99	-99	-99	-99	-99	-99	-99	-99
14.03.2018	0.857	1.772	-99	-99	-99	-99	-99	-99	-99	-99
15.03.2018	0.853	1.83	-99	-99	-99	-99	-99	-99	-99	-99
16.03.2018	0.854	1.848	-99	-99	-99	-99	-99	-99	-99	-99
17.03.2018	0.854	1.542	-99	-99	-99	-99	-99	-99	-99	-99
18.03.2018	0.825	1.48	-99	-99	-99	-99	-99	-99	-99	-99
19.03.2018	0.8	1.532	-99	-99	-99	-99	-99	-99	-99	-99
20.03.2018	0.1	1.567	-99	-99	-99	-99	-99	-99	-99	-99
21.03.2018	0.104	1.683	-99	-99	-99	-99	-99	-99	-99	-99
22.03.2018	0.114	1.748	-99	-99	-99	-99	-99	-99	-99	-99
23.03.2018	0.125	1.724	-99	-99	-99	-99	-99	-99	-99	-99
24.03.2018	0.132	1.743	-99	-99	-99	-99	-99	-99	-99	-99
25.03.2018	0.133	1.992	-99	-99	-99	-99	-99	-99	-99	-99
26.03.2018	0.134	2.222	-99	-99	-99	-99	-99	-99	-99	-99
27.03.2018	0.162	2.2	-99	-99	-99	-99	-99	-99	-99	-99
28.03.2018	0.132	1.966	-99	-99	-99	-99	-99	-99	-99	-99
29.03.2018	0.128	1.87	-99	-99	-99	-99	-99	-99	-99	-99
30.03.2018	0.119	1.794	-99	-99	-99	-99	-99	-99	-99	-99
31.03.2018	0.112	1.733	-99	-99	-99	-99	-99	-99	-99	-99
01.04.2018	0.108	1.675	-99	-99	-99	-99	-99	-99	-99	-99
02.04.2018	0.104	1.644	-99	-99	-99	-99	-99	-99	-99	-99
03.04.2018	0.1	1.644	-99	-99	-99	-99	-99	-99	-99	-99
04.04.2018	0.904	1.54	-99	-99	-99	-99	-99	-99	-99	-99
05.04.2018	0.91	1.585	-99	-99	-99	-99	-99	-99	-99	-99
06.04.2018	0.101	1.616	-99	-99	-99	-99	-99	-99	-99	-99
07.04.2018	0.102	1.643	-99	-99	-99	-99	-99	-99	-99	-99
08.04.2018	0.107	1.717	-99	-99	-99	-99	-99	-99	-99	-99
09.04.2018	0.13	1.852	-99	-99	-99	-99	-99	-99	-99	-99
10.04.2018	0.122	2.131	-99	-99	-99	-99	-99	-99	-99	-99
11.04.2018	0.125	2.225	-99	-99	-99	-99	-99	-99	-99	-99
12.04.2018	0.148	2.458	-99	-99	-99	-99	-99	-99	-99	-99
13.04.2018	0.176	2.803	-99	-99	-99	-99	-99	-99	-99	-99
14.04.2018	0.447	3.51	-99	-99	-99	-99	-99	-99	-99	-99
15.04.2018	0.959	5.35	-99	-99	-99	-99	-99	-99	-99	-99
16.04.2018	0.939	7.765	-99	-99	-99	-99	-99	-99	-99	-99
17.04.2018	0.959	9.959	-99	-99	-99	-99	-99	-99	-99	-99
18.04.2018	1.187	12.912	-99	-99	-99	-99	-99	-99	-99	-99
19.04.2018	1.612	16.479	-99	-99	-99	-99	-99	-99	-99	-99
20.04.2018	3.363	25.968	-99	-99	-99	-99	-99	-99	-99	-99
21.04.2018	2.854	37.972	-99	-99	-99	-99	-99	-99	-99	-99
22.04.2018	2.278	39.708	-99	-99	-99	-99	-99	-99	-99	-99
23.04.2018	2.298	38.196	-99	-99	-99	-99	-99	-99	-99	-99
24.04.2018	2.214	37.851	-99	-99	-99	-99	-99	-99	-99	-99
25.04.2018	1.577	35.886	-99	-99	-99	-99	-99	-99	-99	-99
26.04.2018	1.236	32.658	-99	-99	-99	-99	-99	-99	-99	-99
27.04.2018	1.702	29.272	-99	-99	-99	-99	-99	-99	-99	-99
28.04.2018	0.943	26.402	-99	-99	-99	-99	-99	-99	-99	-99
29.04.2018	0.843	23.804	-99	-99	-99	-99	-99	-99	-99	-99
30.04.2018	0.786	21.432	-99	-99	-99	-99	-99	-99	-99	-99
01.05.2018	0.842	19.62	-99	-99	-99	-99	-99	-99	-99	-99
02.05.2018	0.825	18.383	-99	-99	-99	-99	-99	-99	-99	-99
03.05.2018	1.3	17.168	-99	-99	-99	-99	-99	-99	-99	-99
04.05.2018	1.771	16.963	-99	-99	-99	-99	-99	-99	-99	-99
05.05.2018	2.752	17.584	-99	-99	-99	-99	-99	-99	-99	-99
06.05.2018	5.245	25.514	-99	-99	-99	-99	-99	-99	-99	-99
07.05.2018	5.836	39.178	-99	-99	-99	-99	-99	-99	-99	-99
08.05.2018	5.536	50.203	-99	-99	-99	-99	-99	-99	-99	-99
09.05.2018	8.202	64.282	-99	-99	-99	-99	-99	-99	-99	-99
10.05.2018	9.203	91.342	-99	-99	-99	-99	-99	-99	-99	-99
11.05.2018	9.593	116.95	-99	-99	-99	-99	-99	-99	-99	-99
12.05.2018	8.019	112.294	-99	-99	-99	-99	-99	-99	-99	-99
13.05.2018	7.312	100.12	-99	-99	-99	-99	-99	-99	-99	-99
14.05.2018	8.665	95.004	-99	-99	-99	-99	-99	-99	-99	-99
15.05.2018	8.877	99.53	-99	-99	-99	-99	-99	-99	-99	-99
16.05.2018	7.735	100.854	-99	-99	-99	-99	-99	-99	-99	-99
17.05.2018	5.528	91.498	-99	-99	-99	-99	-99	-99	-99	-99
18.05.2018	4.28	77.771	-99	-99	-99	-99	-99	-99	-99	-99
19.05.2018	3.812	66.738	-99	-99	-99	-99	-99	-99	-99	-99
20.05.2018	3.644	58.907	-99	-99	-99	-99	-99	-99	-99	-99
21.05.2018	4.663	55.582	-99	-99	-99	-99	-99	-99	-99	-99
22.05.2018	5.354	57.471	-99	-99	-99	-99	-99	-99	-99	-99
23.05.2018	5.251	57.747	-99	-99	-99	-99	-99	-99	-99	-99
24.05.2018	5.117	57.102	-99	-99	-99	-99	-99	-99	-99	-99
25.05.2018	5.295	57.665	-99	-99	-99	-99	-99	-99	-99	-99
26.05.2018	5.563	59.78	-99	-99	-99	-99	-99	-99	-99	-99
27.05.2018	5.862	59.913	-99	-99	-99	-99	-99	-99	-99	-99
28.05.2018	6.53	63.677	-99	-99	-99	-99	-99	-99	-99	-99
29.05.2018	6.928	68.182	-99	-99	-99	-99	-99	-99	-99	-99
30.05.2018	8.337	74.731	-99	-99	-99	-99	-99	-99	-99	-99
31.05.2018	8.844	85.637	-99	-99	-99	-99	-99	-99	-99	-99
01.06.2018	8.709	94.422	-99	-99	-99	-99	-99	-99	-99	-99
02.06.2018	8.41	98.368	-99	-99	-99	-99	-99	-99	-99	-99
03.06.2018	8.175	99.277	-99	-99	-99	-99	-99	-99	-99	-99
04.06.2018	6.993	98.847	-99	-99	-99	-99	-99	-99	-99	-99
05.06.2018	4.785	89.712	-99	-99	-99	-99	-99	-99	-99	-99
06.06.2018	3.518	76.59	-99	-99	-99	-99	-99	-99	-99	-99
07.06.2018	3.369	66.45	-99	-99	-99	-99	-99	-99	-99	-99
08.06.2018	3.458	60.458	-99	-99	-99	-99	-99	-99	-99	-99
09.06.2018	3.749	56.643	-99	-99	-99	-99	-99	-99	-99	-99
10.06.2018	4.582	56.664	-99	-99	-99	-99	-99	-99	-99	-99
11.06.2018	4.552	58.157	-99	-99	-99	-99	-99	-99	-99	-99
12.06.2018	4.528	57.492	-99	-99	-99	-99	-99	-99	-99	-99
13.06.2018	3.316	55.322	-99	-99	-99	-99	-99	-99	-99	-99
14.06.2018	3.555	52.548	-99	-99	-99	-99	-99	-99	-99	-99
15.06.2018	4.721	58.681	-99	-99	-99	-99	-99	-99	-99	-99
16.06.2018	3.677	61.808	-99	-99	-99	-99	-99	-99	-99	-99
17.06.2018	2.835	55.578	-99	-99	-99	-99	-99	-99	-99	-99
18.06.2018	2.551	49.957	-99	-99	-99	-99	-99	-99	-99	-99
19.06.2018	4.36	52.191	-99	-99	-99	-99	-99	-99	-99	-99
20.06.2018	3.214	56.148	-99	-99	-99	-99	-99	-99	-99	-99
21.06.2018	2.503	50.173	-99	-99	-99	-99	-99	-99	-99	-99
22.06.2018	2.52	44.128	-99	-99	-99	-99	-99	-99	-99	-99
23.06.2018	2.143	39.563	-99	-99	-99	-99	-99	-99	-99	-99
24.06.2018	2.2	35.6	-99	-99	-99	-99	-99	-99	-99	-99
25.06.2018	2.92	35.976	-99	-99	-99	-99	-99	-99	-99	-99
26.06.2018	2.862	36.905	-99	-99	-99	-99	-99	-99	-99	-99
27.06.2018	2.63	37.191	-99	-99	-99	-99	-99	-99	-99	-99
28.06.2018	3.756	38.147	-99	-99	-99	-99	-99	-99	-99	-99
29.06.2018	3.407	42.184	-99	-99	-99	-99	-99	-99	-99	-99
30.06.2018	2.675	41.573	-99	-99	-99	-99	-99	-99	-99	-99
01.07.2018	2.504	40.118	-99	-99	-99	-99	-99	-99	-99	-99
02.07.2018	2.575	39.984	-99	-99	-99	-99	-99	-99	-99	-99
03.07.2018	2.579	40.634	-99	-99	-99	-99	-99	-99	-99	-99
04.07.2018	2.605	41.126	-99	-99	-99	-99	-99	-99	-99	-99
05.07.2018	2.862	42.484	-99	-99	-99	-99	-99	-99	-99	-99
06.07.2018	2.884	45.328	-99	-99	-99	-99	-99	-99	-99	-99
07.07.2018	2.458	44.423	-99	-99	-99	-99	-99	-99	-99	-99
08.07.2018	2.216	42.335	-99	-99	-99	-99	-99	-99	-99	-99
09.07.2018	2.398	41.442	-99	-99	-99	-99	-99	-99	-99	-99
10.07.2018	2.309	41.916	-99	-99	-99	-99	-99	-99	-99	-99
11.07.2018	2.434	42.161	-99	-99	-99	-99	-99	-99	-99	-99
12.07.2018	2.514	44.287	-99	-99	-99	-99	-99	-99	-99	-99
13.07.2018	2.474	45.705	-99	-99	-99	-99	-99	-99	-99	-99
14.07.2018	2.43	46.53	-99	-99	-99	-99	-99	-99	-99	-99
15.07.2018	2.397	47.166	-99	-99	-99	-99	-99	-99	-99	-99
16.07.2018	2.519	48.672	-99	-99	-99	-99	-99	-99	-99	-99
17.07.2018	2.642	51.858	-99	-99	-99	-99	-99	-99	-99	-99
18.07.2018	3.103	56.662	-99	-99	-99	-99	-99	-99	-99	-99
19.07.2018	2.874	60.566	-99	-99	-99	-99	-99	-99	-99	-99
20.07.2018	2.495	58.903	-99	-99	-99	-99	-99	-99	-99	-99
21.07.2018	2.393	57.623	-99	-99	-99	-99	-99	-99	-99	-99
22.07.2018	2.244	53.906	-99	-99	-99	-99	-99	-99	-99	-99
23.07.2018	2.284	53.1	-99	-99	-99	-99	-99	-99	-99	-99
24.07.2018	2.498	55.809	-99	-99	-99	-99	-99	-99	-99	-99
25.07.2018	3.122	63.54	-99	-99	-99	-99	-99	-99	-99	-99
26.07.2018	2.507	64.795	-99	-99	-99	-99	-99	-99	-99	-99
27.07.2018	2.345	62.405	-99	-99	-99	-99	-99	-99	-99	-99
28.07.2018	2.711	64.57	-99	-99	-99	-99	-99	-99	-99	-99
29.07.2018	3.415	72.822	-99	-99	-99	-99	-99	-99	-99	-99
30.07.2018	2.785	76.801	-99	-99	-99	-99	-99	-99	-99	-99
31.07.2018	3.286	78.264	-99	-99	-99	-99	-99	-99	-99	-99
01.08.2018	3.617	87.549	-99	-99	-99	-99	-99	-99	-99	-99
02.08.2018	2.573	83.122	-99	-99	-99	-99	-99	-99	-99	-99
03.08.2018	2.28	74.648	-99	-99	-99	-99	-99	-99	-99	-99
04.08.2018	2.423	69.123	-99	-99	-99	-99	-99	-99	-99	-99
05.08.2018	2.994	67.984	-99	-99	-99	-99	-99	-99	-99	-99
06.08.2018	2.831	69.212	-99	-99	-99	-99	-99	-99	-99	-99
07.08.2018	2.362	64.176	-99	-99	-99	-99	-99	-99	-99	-99
08.08.2018	2.287	62.269	-99	-99	-99	-99	-99	-99	-99	-99
09.08.2018	2.206	62.128	-99	-99	-99	-99	-99	-99	-99	-99
10.08.2018	3.993	62.426	-99	-99	-99	-99	-99	-99	-99	-99
11.08.2018	6.121	83.711	-99	-99	-99	-99	-99	-99	-99	-99
12.08.2018	3.553	80.292	-99	-99	-99	-99	-99	-99	-99	-99
13.08.2018	2.252	68.507	-99	-99	-99	-99	-99	-99	-99	-99
14.08.2018	1.848	57.72	-99	-99	-99	-99	-99	-99	-99	-99
15.08.2018	1.648	50.693	-99	-99	-99	-99	-99	-99	-99	-99
16.08.2018	2.453	50.661	-99	-99	-99	-99	-99	-99	-99	-99
17.08.2018	2.736	58.536	-99	-99	-99	-99	-99	-99	-99	-99
18.08.2018	3.154	59.661	-99	-99	-99	-99	-99	-99	-99	-99
19.08.2018	5.672	72.469	-99	-99	-99	-99	-99	-99	-99	-99
20.08.2018	3.14	70.485	-99	-99	-99	-99	-99	-99	-99	-99
21.08.2018	2.937	63.631	-99	-99	-99	-99	-99	-99	-99	-99
22.08.2018	4.307	60.358	-99	-99	-99	-99	-99	-99	-99	-99
23.08.2018	3.998	66.464	-99	-99	-99	-99	-99	-99	-99	-99
24.08.2018	3.29	62.988	-99	-99	-99	-99	-99	-99	-99	-99
25.08.2018	3.78	59.289	-99	-99	-99	-99	-99	-99	-99	-99
26.08.2018	2.431	53.4	-99	-99	-99	-99	-99	-99	-99	-99
27.08.2018	1.975	46.464	-99	-99	-99	-99	-99	-99	-99	-99
28.08.2018	1.705	40.687	-99	-99	-99	-99	-99	-99	-99	-99
29.08.2018	1.624	37.218	-99	-99	-99	-99	-99	-99	-99	-99
30.08.2018	1.79	37.254	-99	-99	-99	-99	-99	-99	-99	-99
31.08.2018	1.529	35.964	-99	-99	-99	-99	-99	-99	-99	-99
01.09.2018	1.306	32.202	-99	-99	-99	-99	-99	-99	-99	-99
02.09.2018	1.302	30.6	-99	-99	-99	-99	-99	-99	-99	-99
03.09.2018	1.462	31.813	-99	-99	-99	-99	-99	-99	-99	-99
04.09.2018	1.557	32.773	-99	-99	-99	-99	-99	-99	-99	-99
05.09.2018	1.461	32.701	-99	-99	-99	-99	-99	-99	-99	-99
06.09.2018	1.501	32.746	-99	-99	-99	-99	-99	-99	-99	-99
07.09.2018	1.56	34.401	-99	-99	-99	-99	-99	-99	-99	-99
08.09.2018	1.686	35.291	-99	-99	-99	-99	-99	-99	-99	-99
09.09.2018	1.534	34.873	-99	-99	-99	-99	-99	-99	-99	-99
10.09.2018	1.733	35.675	-99	-99	-99	-99	-99	-99	-99	-99
11.09.2018	2.167	36.786	-99	-99	-99	-99	-99	-99	-99	-99
12.09.2018	4.595	44.813	-99	-99	-99	-99	-99	-99	-99	-99
13.09.2018	4.922	57.288	-99	-99	-99	-99	-99	-99	-99	-99
14.09.2018	4.424	62.142	-99	-99	-99	-99	-99	-99	-99	-99
15.09.2018	3.54	60.428	-99	-99	-99	-99	-99	-99	-99	-99
16.09.2018	2.89	56.318	-99	-99	-99	-99	-99	-99	-99	-99
17.09.2018	2.709	51.37	-99	-99	-99	-99	-99	-99	-99	-99
18.09.2018	4.916	50.532	-99	-99	-99	-99	-99	-99	-99	-99
19.09.2018	4.892	59.682	-99	-99	-99	-99	-99	-99	-99	-99
20.09.2018	5.554	69.384	-99	-99	-99	-99	-99	-99	-99	-99
21.09.2018	4.641	71.951	-99	-99	-99	-99	-99	-99	-99	-99
22.09.2018	6.569	78.692	-99	-99	-99	-99	-99	-99	-99	-99
23.09.2018	4.526	84.425	-99	-99	-99	-99	-99	-99	-99	-99
24.09.2018	2.88	73.299	-99	-99	-99	-99	-99	-99	-99	-99
25.09.2018	2.84	61.335	-99	-99	-99	-99	-99	-99	-99	-99
26.09.2018	8.604	77.33	-99	-99	-99	-99	-99	-99	-99	-99
27.09.2018	5.292	88.537	-99	-99	-99	-99	-99	-99	-99	-99
28.09.2018	3.543	78.866	-99	-99	-99	-99	-99	-99	-99	-99
29.09.2018	3.625	67.604	-99	-99	-99	-99	-99	-99	-99	-99
30.09.2018	3.801	66.89	-99	-99	-99	-99	-99	-99	-99	-99
01.10.2018	2.527	59.871	-99	-99	-99	-99	-99	-99	-99	-99
02.10.2018	2.213	50.499	-99	-99	-99	-99	-99	-99	-99	-99
03.10.2018	1.723	41.967	-99	-99	-99	-99	-99	-99	-99	-99
04.10.2018	2.654	37.777	-99	-99	-99	-99	-99	-99	-99	-99
05.10.2018	4.663	50.783	-99	-99	-99	-99	-99	-99	-99	-99
06.10.2018	2.564	52.866	-99	-99	-99	-99	-99	-99	-99	-99
07.10.2018	2.754	47.306	-99	-99	-99	-99	-99	-99	-99	-99
08.10.2018	2.161	42.113	-99	-99	-99	-99	-99	-99	-99	-99
09.10.2018	6.235	47.157	-99	-99	-99	-99	-99	-99	-99	-99
10.10.2018	9.289	85.137	-99	-99	-99	-99	-99	-99	-99	-99
11.10.2018	7.215	91.508	-99	-99	-99	-99	-99	-99	-99	-99
12.10.2018	7.664	88.831	-99	-99	-99	-99	-99	-99	-99	-99
13.10.2018	8.261	117.721	-99	-99	-99	-99	-99	-99	-99	-99
14.10.2018	8.485	183.172	-99	-99	-99	-99	-99	-99	-99	-99
15.10.2018	9.861	209.074	-99	-99	-99	-99	-99	-99	-99	-99
16.10.2018	5.779	156.365	-99	-99	-99	-99	-99	-99	-99	-99
17.10.2018	4.287	115.315	-99	-99	-99	-99	-99	-99	-99	-99
18.10.2018	3.619	90.88	-99	-99	-99	-99	-99	-99	-99	-99
19.10.2018	2.701	72.308	-99	-99	-99	-99	-99	-99	-99	-99
20.10.2018	2.325	58.15	-99	-99	-99	-99	-99	-99	-99	-99
21.10.2018	7.621	61.865	-99	-99	-99	-99	-99	-99	-99	-99
22.10.2018	4.81	76.108	-99	-99	-99	-99	-99	-99	-99	-99
23.10.2018	3.75	73.287	-99	-99	-99	-99	-99	-99	-99	-99
24.10.2018	2.897	64.26	-99	-99	-99	-99	-99	-99	-99	-99
25.10.2018	2.503	55.431	-99	-99	-99	-99	-99	-99	-99	-99
26.10.2018	2.104	48.359	-99	-99	-99	-99	-99	-99	-99	-99
27.10.2018	1.725	40.783	-99	-99	-99	-99	-99	-99	-99	-99
28.10.2018	1.479	34.28	-99	-99	-99	-99	-99	-99	-99	-99
29.10.2018	1.508	29.253	-99	-99	-99	-99	-99	-99	-99	-99
30.10.2018	1.316	25.328	-99	-99	-99	-99	-99	-99	-99	-99
31.10.2018	1.136	21.537	-99	-99	-99	-99	-99	-99	-99	-99
01.11.2018	1.777	19.767	-99	-99	-99	-99	-99	-99	-99	-99
02.11.2018	1.619	19.293	-99	-99	-99	-99	-99	-99	-99	-99
03.11.2018	1.285	19.448	-99	-99	-99	-99	-99	-99	-99	-99
04.11.2018	2.616	20.22	-99	-99	-99	-99	-99	-99	-99	-99
05.11.2018	1.995	21.804	-99	-99	-99	-99	-99	-99	-99	-99
06.11.2018	1.439	21.212	-99	-99	-99	-99	-99	-99	-99	-99
07.11.2018	1.447	19.577	-99	-99	-99	-99	-99	-99	-99	-99
08.11.2018	1.756	19.368	-99	-99	-99	-99	-99	-99	-99	-99
09.11.2018	1.27	19.867	-99	-99	-99	-99	-99	-99	-99	-99
10.11.2018	1.479	18.172	-99	-99	-99	-99	-99	-99	-99	-99
11.11.2018	1.421	17.225	-99	-99	-99	-99	-99	-99	-99	-99
12.11.2018	1.473	16.874	-99	-99	-99	-99	-99	-99	-99	-99
13.11.2018	1.184	16.599	-99	-99	-99	-99	-99	-99	-99	-99
14.11.2018	0.9	15.704	-99	-99	-99	-99	-99	-99	-99	-99
15.11.2018	1.356	14.899	-99	-99	-99	-99	-99	-99	-99	-99
16.11.2018	2.176	15.464	-99	-99	-99	-99	-99	-99	-99	-99
17.11.2018	2.218	16.62	-99	-99	-99	-99	-99	-99	-99	-99
18.11.2018	1.672	16.683	-99	-99	-99	-99	-99	-99	-99	-99
19.11.2018	1.197	15.864	-99	-99	-99	-99	-99	-99	-99	-99
20.11.2018	0.888	14.774	-99	-99	-99	-99	-99	-99	-99	-99
21.11.2018	0.265	13.715	-99	-99	-99	-99	-99	-99	-99	-99
22.11.2018	0.281	12.275	-99	-99	-99	-99	-99	-99	-99	-99
23.11.2018	0.297	11.185	-99	-99	-99	-99	-99	-99	-99	-99
24.11.2018	0.317	10.132	-99	-99	-99	-99	-99	-99	-99	-99
25.11.2018	0.334	9.237	-99	-99	-99	-99	-99	-99	-99	-99
26.11.2018	0.352	8.417	-99	-99	-99	-99	-99	-99	-99	-99
27.11.2018	0.37	7.722	-99	-99	-99	-99	-99	-99	-99	-99
28.11.2018	0.392	7.186	-99	-99	-99	-99	-99	-99	-99	-99
29.11.2018	0.411	6.576	-99	-99	-99	-99	-99	-99	-99	-99
30.11.2018	0.432	6.747	-99	-99	-99	-99	-99	-99	-99	-99
01.12.2018	0.216	5.877	-99	-99	-99	-99	-99	-99	-99	-99
02.12.2018	0.2	5.641	-99	-99	-99	-99	-99	-99	-99	-99
03.12.2018	0.192	5.461	-99	-99	-99	-99	-99	-99	-99	-99
04.12.2018	0.211	5.332	-99	-99	-99	-99	-99	-99	-99	-99
05.12.2018	0.242	5.355	-99	-99	-99	-99	-99	-99	-99	-99
06.12.2018	0.238	5.266	-99	-99	-99	-99	-99	-99	-99	-99
07.12.2018	0.238	5.193	-99	-99	-99	-99	-99	-99	-99	-99
08.12.2018	0.235	4.837	-99	-99	-99	-99	-99	-99	-99	-99
09.12.2018	0.237	4.669	-99	-99	-99	-99	-99	-99	-99	-99
10.12.2018	0.236	4.981	-99	-99	-99	-99	-99	-99	-99	-99
11.12.2018	0.238	5.132	-99	-99	-99	-99	-99	-99	-99	-99
12.12.2018	0.238	4.921	-99	-99	-99	-99	-99	-99	-99	-99
13.12.2018	0.241	4.665	-99	-99	-99	-99	-99	-99	-99	-99
14.12.2018	0.241	4.422	-99	-99	-99	-99	-99	-99	-99	-99
15.12.2018	0.241	4.211	-99	-99	-99	-99	-99	-99	-99	-99
16.12.2018	0.243	4.126	-99	-99	-99	-99	-99	-99	-99	-99
17.12.2018	0.243	3.739	-99	-99	-99	-99	-99	-99	-99	-99
18.12.2018	0.204	3.59	-99	-99	-99	-99	-99	-99	-99	-99
19.12.2018	0.174	3.536	-99	-99	-99	-99	-99	-99	-99	-99
20.12.2018	0.127	3.294	-99	-99	-99	-99	-99	-99	-99	-99
21.12.2018	0.11	3.233	-99	-99	-99	-99	-99	-99	-99	-99
22.12.2018	0.101	2.967	-99	-99	-99	-99	-99	-99	-99	-99
23.12.2018	0.1	2.89	-99	-99	-99	-99	-99	-99	-99	-99
24.12.2018	0.101	2.856	-99	-99	-99	-99	-99	-99	-99	-99
25.12.2018	0.207	3.499	-99	-99	-99	-99	-99	-99	-99	-99
26.12.2018	0.255	4.153	-99	-99	-99	-99	-99	-99	-99	-99
27.12.2018	0.3	4.743	-99	-99	-99	-99	-99	-99	-99	-99
28.12.2018	0.312	5.384	-99	-99	-99	-99	-99	-99	-99	-99
29.12.2018	0.292	5.78	-99	-99	-99	-99	-99	-99	-99	-99
30.12.2018	0.301	6.169	-99	-99	-99	-99	-99	-99	-99	-99
31.12.2018	0.833	7.405	-99	-99	-99	-99	-99	-99	-99	-99
01.01.2019	1.422	15.129	-99	-99	-99	-99	-99	-99	-99	-99
02.01.2019	1.396	17.578	-99	-99	-99	-99	-99	-99	-99	-99
03.01.2019	1.398	17.932	-99	-99	-99	-99	-99	-99	-99	-99
04.01.2019	1.13	16.633	-99	-99	-99	-99	-99	-99	-99	-99
05.01.2019	1.113	17.934	-99	-99	-99	-99	-99	-99	-99	-99
06.01.2019	0.97	18.643	-99	-99	-99	-99	-99	-99	-99	-99
07.01.2019	0.789	18.383	-99	-99	-99	-99	-99	-99	-99	-99
08.01.2019	0.612	17.657	-99	-99	-99	-99	-99	-99	-99	-99
09.01.2019	0.549	15.736	-99	-99	-99	-99	-99	-99	-99	-99
10.01.2019	0.506	14.681	-99	-99	-99	-99	-99	-99	-99	-99
11.01.2019	0.516	14.544	-99	-99	-99	-99	-99	-99	-99	-99
12.01.2019	0.457	14.205	-99	-99	-99	-99	-99	-99	-99	-99
13.01.2019	0.42	13.178	-99	-99	-99	-99	-99	-99	-99	-99
14.01.2019	0.546	12.543	-99	-99	-99	-99	-99	-99	-99	-99
15.01.2019	1.428	12.211	-99	-99	-99	-99	-99	-99	-99	-99
16.01.2019	1.187	11.5	-99	-99	-99	-99	-99	-99	-99	-99
17.01.2019	0.961	10.587	-99	-99	-99	-99	-99	-99	-99	-99
18.01.2019	0.884	9.895	-99	-99	-99	-99	-99	-99	-99	-99
19.01.2019	1.564	9.889	-99	-99	-99	-99	-99	-99	-99	-99
20.01.2019	1.176	9.369	-99	-99	-99	-99	-99	-99	-99	-99
21.01.2019	0.782	8.746	-99	-99	-99	-99	-99	-99	-99	-99
22.01.2019	0.585	8.106	-99	-99	-99	-99	-99	-99	-99	-99
23.01.2019	0.469	7.466	-99	-99	-99	-99	-99	-99	-99	-99
24.01.2019	0.35	6.933	-99	-99	-99	-99	-99	-99	-99	-99
25.01.2019	0.28	6.555	-99	-99	-99	-99	-99	-99	-99	-99
26.01.2019	0.228	6.106	-99	-99	-99	-99	-99	-99	-99	-99
27.01.2019	0.189	5.604	-99	-99	-99	-99	-99	-99	-99	-99
28.01.2019	0.159	5.339	-99	-99	-99	-99	-99	-99	-99	-99
29.01.2019	0.156	4.757	-99	-99	-99	-99	-99	-99	-99	-99
30.01.2019	0.15	4.472	-99	-99	-99	-99	-99	-99	-99	-99
31.01.2019	0.135	4.353	-99	-99	-99	-99	-99	-99	-99	-99
01.02.2019	0.126	4.133	-99	-99	-99	-99	-99	-99	-99	-99
02.02.2019	0.113	3.662	-99	-99	-99	-99	-99	-99	-99	-99
03.02.2019	0.104	3.428	-99	-99	-99	-99	-99	-99	-99	-99
04.02.2019	0.101	3.32	-99	-99	-99	-99	-99	-99	-99	-99
05.02.2019	0.97	3.121	-99	-99	-99	-99	-99	-99	-99	-99
06.02.2019	0.919	2.965	-99	-99	-99	-99	-99	-99	-99	-99
07.02.2019	0.92	3.132	-99	-99	-99	-99	-99	-99	-99	-99
08.02.2019	0.96	2.926	-99	-99	-99	-99	-99	-99	-99	-99
09.02.2019	0.905	2.786	-99	-99	-99	-99	-99	-99	-99	-99
10.02.2019	0.843	2.672	-99	-99	-99	-99	-99	-99	-99	-99
11.02.2019	0.838	2.499	-99	-99	-99	-99	-99	-99	-99	-99
12.02.2019	0.116	2.6	-99	-99	-99	-99	-99	-99	-99	-99
13.02.2019	0.217	3.452	-99	-99	-99	-99	-99	-99	-99	-99
14.02.2019	0.256	3.739	-99	-99	-99	-99	-99	-99	-99	-99
15.02.2019	0.588	5.296	-99	-99	-99	-99	-99	-99	-99	-99
16.02.2019	0.648	6.686	-99	-99	-99	-99	-99	-99	-99	-99
17.02.2019	0.507	7.648	-99	-99	-99	-99	-99	-99	-99	-99
18.02.2019	0.523	7.843	-99	-99	-99	-99	-99	-99	-99	-99
19.02.2019	0.382	8.387	-99	-99	-99	-99	-99	-99	-99	-99
20.02.2019	0.338	8.695	-99	-99	-99	-99	-99	-99	-99	-99
21.02.2019	0.282	8.792	-99	-99	-99	-99	-99	-99	-99	-99
22.02.2019	0.287	8.851	-99	-99	-99	-99	-99	-99	-99	-99
23.02.2019	0.383	9.424	-99	-99	-99	-99	-99	-99	-99	-99
24.02.2019	0.732	11.513	-99	-99	-99	-99	-99	-99	-99	-99
25.02.2019	0.546	13.384	-99	-99	-99	-99	-99	-99	-99	-99
26.02.2019	0.413	13.631	-99	-99	-99	-99	-99	-99	-99	-99
27.02.2019	0.382	13.568	-99	-99	-99	-99	-99	-99	-99	-99
28.02.2019	0.358	13.48	-99	-99	-99	-99	-99	-99	-99	-99
01.03.2019	0.308	12.956	-99	-99	-99	-99	-99	-99	-99	-99
02.03.2019	0.265	12.565	-99	-99	-99	-99	-99	-99	-99	-99
03.03.2019	0.228	11.153	-99	-99	-99	-99	-99	-99	-99	-99
04.03.2019	0.192	10.461	-99	-99	-99	-99	-99	-99	-99	-99
05.03.2019	0.179	9.506	-99	-99	-99	-99	-99	-99	-99	-99
06.03.2019	0.17	8.754	-99	-99	-99	-99	-99	-99	-99	-99
07.03.2019	0.15	8.711	-99	-99	-99	-99	-99	-99	-99	-99
08.03.2019	0.147	7.299	-99	-99	-99	-99	-99	-99	-99	-99
09.03.2019	0.145	6.945	-99	-99	-99	-99	-99	-99	-99	-99
10.03.2019	0.141	6.315	-99	-99	-99	-99	-99	-99	-99	-99
11.03.2019	0.139	5.888	-99	-99	-99	-99	-99	-99	-99	-99
12.03.2019	0.136	5.663	-99	-99	-99	-99	-99	-99	-99	-99
13.03.2019	0.135	5.148	-99	-99	-99	-99	-99	-99	-99	-99
14.03.2019	0.115	4.774	-99	-99	-99	-99	-99	-99	-99	-99
15.03.2019	0.108	4.525	-99	-99	-99	-99	-99	-99	-99	-99
16.03.2019	0.1	4.253	-99	-99	-99	-99	-99	-99	-99	-99
17.03.2019	0.101	4.153	-99	-99	-99	-99	-99	-99	-99	-99
18.03.2019	0.968	3.663	-99	-99	-99	-99	-99	-99	-99	-99
19.03.2019	0.11	3.559	-99	-99	-99	-99	-99	-99	-99	-99
20.03.2019	0.125	3.598	-99	-99	-99	-99	-99	-99	-99	-99
21.03.2019	0.232	4.338	-99	-99	-99	-99	-99	-99	-99	-99
22.03.2019	0.29	4.854	-99	-99	-99	-99	-99	-99	-99	-99
23.03.2019	0.448	6.707	-99	-99	-99	-99	-99	-99	-99	-99
24.03.2019	0.602	8.337	-99	-99	-99	-99	-99	-99	-99	-99
25.03.2019	0.599	8.437	-99	-99	-99	-99	-99	-99	-99	-99
26.03.2019	0.532	8.475	-99	-99	-99	-99	-99	-99	-99	-99
27.03.2019	0.484	8.461	-99	-99	-99	-99	-99	-99	-99	-99
28.03.2019	0.625	8.294	-99	-99	-99	-99	-99	-99	-99	-99
29.03.2019	2.409	12.762	-99	-99	-99	-99	-99	-99	-99	-99
30.03.2019	1.941	21.496	-99	-99	-99	-99	-99	-99	-99	-99
31.03.2019	1.287	22.379	-99	-99	-99	-99	-99	-99	-99	-99
01.04.2019	0.949	21.336	-99	-99	-99	-99	-99	-99	-99	-99
02.04.2019	0.715	19.146	-99	-99	-99	-99	-99	-99	-99	-99
03.04.2019	0.554	17.15	-99	-99	-99	-99	-99	-99	-99	-99
04.04.2019	0.488	15.44	-99	-99	-99	-99	-99	-99	-99	-99
05.04.2019	0.641	14.386	-99	-99	-99	-99	-99	-99	-99	-99
06.04.2019	0.73	13.976	-99	-99	-99	-99	-99	-99	-99	-99
07.04.2019	0.62	13.857	-99	-99	-99	-99	-99	-99	-99	-99
08.04.2019	0.456	12.993	-99	-99	-99	-99	-99	-99	-99	-99
09.04.2019	0.367	12.127	-99	-99	-99	-99	-99	-99	-99	-99
10.04.2019	0.328	11.249	-99	-99	-99	-99	-99	-99	-99	-99
11.04.2019	0.286	10.401	-99	-99	-99	-99	-99	-99	-99	-99
12.04.2019	0.272	9.721	-99	-99	-99	-99	-99	-99	-99	-99
13.04.2019	0.291	9.148	-99	-99	-99	-99	-99	-99	-99	-99
14.04.2019	0.32	8.713	-99	-99	-99	-99	-99	-99	-99	-99
15.04.2019	0.337	8.383	-99	-99	-99	-99	-99	-99	-99	-99
16.04.2019	0.375	8.165	-99	-99	-99	-99	-99	-99	-99	-99
17.04.2019	0.44	8.227	-99	-99	-99	-99	-99	-99	-99	-99
18.04.2019	0.462	7.967	-99	-99	-99	-99	-99	-99	-99	-99
19.04.2019	0.57	8.11	-99	-99	-99	-99	-99	-99	-99	-99
20.04.2019	0.776	8.351	-99	-99	-99	-99	-99	-99	-99	-99
21.04.2019	1.358	9.632	-99	-99	-99	-99	-99	-99	-99	-99
22.04.2019	2.338	12.55	-99	-99	-99	-99	-99	-99	-99	-99
23.04.2019	2.543	16.764	-99	-99	-99	-99	-99	-99	-99	-99
24.04.2019	2.64	20.55	-99	-99	-99	-99	-99	-99	-99	-99
25.04.2019	3.714	25.187	-99	-99	-99	-99	-99	-99	-99	-99
26.04.2019	5.791	35.93	-99	-99	-99	-99	-99	-99	-99	-99
27.04.2019	5.998	46.215	-99	-99	-99	-99	-99	-99	-99	-99
28.04.2019	6.538	53.626	-99	-99	-99	-99	-99	-99	-99	-99
29.04.2019	5.912	58.269	-99	-99	-99	-99	-99	-99	-99	-99
30.04.2019	6.173	61.298	-99	-99	-99	-99	-99	-99	-99	-99
01.05.2019	5.416	61.789	-99	-99	-99	-99	-99	-99	-99	-99
02.05.2019	4.182	59.593	-99	-99	-99	-99	-99	-99	-99	-99
03.05.2019	2.975	52.139	-99	-99	-99	-99	-99	-99	-99	-99
04.05.2019	2.392	44.609	-99	-99	-99	-99	-99	-99	-99	-99
05.05.2019	2.659	38.235	-99	-99	-99	-99	-99	-99	-99	-99
06.05.2019	1.776	32.815	-99	-99	-99	-99	-99	-99	-99	-99
07.05.2019	1.506	28.156	-99	-99	-99	-99	-99	-99	-99	-99
08.05.2019	1.302	24.569	-99	-99	-99	-99	-99	-99	-99	-99
09.05.2019	1.165	21.691	-99	-99	-99	-99	-99	-99	-99	-99
10.05.2019	1.2	19.653	-99	-99	-99	-99	-99	-99	-99	-99
11.05.2019	1.293	19.663	-99	-99	-99	-99	-99	-99	-99	-99
12.05.2019	1.493	17.845	-99	-99	-99	-99	-99	-99	-99	-99
13.05.2019	0.893	16.596	-99	-99	-99	-99	-99	-99	-99	-99
14.05.2019	0.873	15.305	-99	-99	-99	-99	-99	-99	-99	-99
15.05.2019	1.656	14.549	-99	-99	-99	-99	-99	-99	-99	-99
16.05.2019	2.617	15.416	-99	-99	-99	-99	-99	-99	-99	-99
17.05.2019	3.739	17.904	-99	-99	-99	-99	-99	-99	-99	-99
18.05.2019	5.35	23.353	-99	-99	-99	-99	-99	-99	-99	-99
19.05.2019	6.826	31.575	-99	-99	-99	-99	-99	-99	-99	-99
20.05.2019	7.196	41.446	-99	-99	-99	-99	-99	-99	-99	-99
21.05.2019	9.399	52.668	-99	-99	-99	-99	-99	-99	-99	-99
22.05.2019	10.634	68.593	-99	-99	-99	-99	-99	-99	-99	-99
23.05.2019	10.87	85.44	-99	-99	-99	-99	-99	-99	-99	-99
24.05.2019	8.243	89.33	-99	-99	-99	-99	-99	-99	-99	-99
25.05.2019	7.214	82.349	-99	-99	-99	-99	-99	-99	-99	-99
26.05.2019	5.94	74.634	-99	-99	-99	-99	-99	-99	-99	-99
27.05.2019	4.567	64.659	-99	-99	-99	-99	-99	-99	-99	-99
28.05.2019	3.344	55.271	-99	-99	-99	-99	-99	-99	-99	-99
29.05.2019	2.609	46.902	-99	-99	-99	-99	-99	-99	-99	-99
30.05.2019	2.345	40.161	-99	-99	-99	-99	-99	-99	-99	-99
31.05.2019	2.443	36.32	-99	-99	-99	-99	-99	-99	-99	-99
01.06.2019	2.383	33.398	-99	-99	-99	-99	-99	-99	-99	-99
02.06.2019	2.841	31.853	-99	-99	-99	-99	-99	-99	-99	-99
03.06.2019	7.272	36.144	-99	-99	-99	-99	-99	-99	-99	-99
04.06.2019	6.768	48.911	-99	-99	-99	-99	-99	-99	-99	-99
05.06.2019	6.588	54.133	-99	-99	-99	-99	-99	-99	-99	-99
06.06.2019	8.9	60.494	-99	-99	-99	-99	-99	-99	-99	-99
07.06.2019	11.508	86.723	-99	-99	-99	-99	-99	-99	-99	-99
08.06.2019	9.551	99.226	-99	-99	-99	-99	-99	-99	-99	-99
09.06.2019	9.232	100.876	-99	-99	-99	-99	-99	-99	-99	-99
10.06.2019	8.538	98.903	-99	-99	-99	-99	-99	-99	-99	-99
11.06.2019	6.664	90.229	-99	-99	-99	-99	-99	-99	-99	-99
12.06.2019	6.868	81.68	-99	-99	-99	-99	-99	-99	-99	-99
13.06.2019	7.301	78.131	-99	-99	-99	-99	-99	-99	-99	-99
14.06.2019	7.319	79.207	-99	-99	-99	-99	-99	-99	-99	-99
15.06.2019	7.159	78.879	-99	-99	-99	-99	-99	-99	-99	-99
16.06.2019	6.936	78.45	-99	-99	-99	-99	-99	-99	-99	-99
17.06.2019	7.504	79.769	-99	-99	-99	-99	-99	-99	-99	-99
18.06.2019	7.205	83.582	-99	-99	-99	-99	-99	-99	-99	-99
19.06.2019	6.324	82.662	-99	-99	-99	-99	-99	-99	-99	-99
20.06.2019	5.766	76.7	-99	-99	-99	-99	-99	-99	-99	-99
21.06.2019	5.899	74.55	-99	-99	-99	-99	-99	-99	-99	-99
22.06.2019	5.619	72.487	-99	-99	-99	-99	-99	-99	-99	-99
23.06.2019	4.922	68.493	-99	-99	-99	-99	-99	-99	-99	-99
24.06.2019	4.13	61.976	-99	-99	-99	-99	-99	-99	-99	-99
25.06.2019	4.54	56.516	-99	-99	-99	-99	-99	-99	-99	-99
26.06.2019	4.706	55.281	-99	-99	-99	-99	-99	-99	-99	-99
27.06.2019	4.449	54.315	-99	-99	-99	-99	-99	-99	-99	-99
28.06.2019	4.213	51.526	-99	-99	-99	-99	-99	-99	-99	-99
29.06.2019	5.196	51.236	-99	-99	-99	-99	-99	-99	-99	-99
30.06.2019	8.726	61.391	-99	-99	-99	-99	-99	-99	-99	-99
01.07.2019	12.399	93.792	-99	-99	-99	-99	-99	-99	-99	-99
02.07.2019	9.12	114.757	-99	-99	-99	-99	-99	-99	-99	-99
03.07.2019	5.974	108.175	-99	-99	-99	-99	-99	-99	-99	-99
04.07.2019	5.106	96.739	-99	-99	-99	-99	-99	-99	-99	-99
05.07.2019	3.836	82.139	-99	-99	-99	-99	-99	-99	-99	-99
06.07.2019	3.833	69.138	-99	-99	-99	-99	-99	-99	-99	-99
07.07.2019	3.636	60.564	-99	-99	-99	-99	-99	-99	-99	-99
08.07.2019	3.214	53.918	-99	-99	-99	-99	-99	-99	-99	-99
09.07.2019	2.958	48.541	-99	-99	-99	-99	-99	-99	-99	-99
10.07.2019	3.121	45.134	-99	-99	-99	-99	-99	-99	-99	-99
11.07.2019	3.442	43.757	-99	-99	-99	-99	-99	-99	-99	-99
12.07.2019	3.795	44.64	-99	-99	-99	-99	-99	-99	-99	-99
13.07.2019	3.746	45.622	-99	-99	-99	-99	-99	-99	-99	-99
14.07.2019	3.488	45.611	-99	-99	-99	-99	-99	-99	-99	-99
15.07.2019	3.246	44.742	-99	-99	-99	-99	-99	-99	-99	-99
16.07.2019	3.292	44.77	-99	-99	-99	-99	-99	-99	-99	-99
17.07.2019	3.14	43.974	-99	-99	-99	-99	-99	-99	-99	-99
18.07.2019	3.106	43.776	-99	-99	-99	-99	-99	-99	-99	-99
19.07.2019	3.462	45.728	-99	-99	-99	-99	-99	-99	-99	-99
20.07.2019	3.22	48.273	-99	-99	-99	-99	-99	-99	-99	-99
21.07.2019	3.546	50.685	-99	-99	-99	-99	-99	-99	-99	-99
22.07.2019	3.382	54.514	-99	-99	-99	-99	-99	-99	-99	-99
23.07.2019	3.805	57.162	-99	-99	-99	-99	-99	-99	-99	-99
24.07.2019	3.962	61.306	-99	-99	-99	-99	-99	-99	-99	-99
25.07.2019	4.319	68.128	-99	-99	-99	-99	-99	-99	-99	-99
26.07.2019	4.206	74.101	-99	-99	-99	-99	-99	-99	-99	-99
27.07.2019	3.993	77.549	-99	-99	-99	-99	-99	-99	-99	-99
28.07.2019	3.913	78.514	-99	-99	-99	-99	-99	-99	-99	-99
29.07.2019	3.889	78.26	-99	-99	-99	-99	-99	-99	-99	-99
30.07.2019	4.112	79.267	-99	-99	-99	-99	-99	-99	-99	-99
31.07.2019	5.136	88.296	-99	-99	-99	-99	-99	-99	-99	-99
01.08.2019	3.719	84.675	-99	-99	-99	-99	-99	-99	-99	-99
02.08.2019	2.989	75.42	-99	-99	-99	-99	-99	-99	-99	-99
03.08.2019	2.535	67.446	-99	-99	-99	-99	-99	-99	-99	-99
04.08.2019	2.238	59.504	-99	-99	-99	-99	-99	-99	-99	-99
05.08.2019	2.548	53.148	-99	-99	-99	-99	-99	-99	-99	-99
06.08.2019	2.226	50.742	-99	-99	-99	-99	-99	-99	-99	-99
07.08.2019	2.389	50.369	-99	-99	-99	-99	-99	-99	-99	-99
08.08.2019	2.443	50.514	-99	-99	-99	-99	-99	-99	-99	-99
09.08.2019	2.495	52.966	-99	-99	-99	-99	-99	-99	-99	-99
10.08.2019	2.409	54.447	-99	-99	-99	-99	-99	-99	-99	-99
11.08.2019	2.373	54.72	-99	-99	-99	-99	-99	-99	-99	-99
12.08.2019	2.438	54.942	-99	-99	-99	-99	-99	-99	-99	-99
13.08.2019	3.228	56.391	-99	-99	-99	-99	-99	-99	-99	-99
14.08.2019	2.954	58.103	-99	-99	-99	-99	-99	-99	-99	-99
15.08.2019	2.221	52.211	-99	-99	-99	-99	-99	-99	-99	-99
16.08.2019	2.155	47.941	-99	-99	-99	-99	-99	-99	-99	-99
17.08.2019	2.112	46.102	-99	-99	-99	-99	-99	-99	-99	-99
18.08.2019	2.194	47.418	-99	-99	-99	-99	-99	-99	-99	-99
19.08.2019	1.972	45.877	-99	-99	-99	-99	-99	-99	-99	-99
20.08.2019	1.961	45.365	-99	-99	-99	-99	-99	-99	-99	-99
21.08.2019	2.37	46.435	-99	-99	-99	-99	-99	-99	-99	-99
22.08.2019	1.986	43.896	-99	-99	-99	-99	-99	-99	-99	-99
23.08.2019	2.128	41.85	-99	-99	-99	-99	-99	-99	-99	-99
24.08.2019	2.159	41.727	-99	-99	-99	-99	-99	-99	-99	-99
25.08.2019	2.41	44.12	-99	-99	-99	-99	-99	-99	-99	-99
26.08.2019	2.265	45.895	-99	-99	-99	-99	-99	-99	-99	-99
27.08.2019	2.165	48.626	-99	-99	-99	-99	-99	-99	-99	-99
28.08.2019	2.185	51.575	-99	-99	-99	-99	-99	-99	-99	-99
29.08.2019	3.636	59.343	-99	-99	-99	-99	-99	-99	-99	-99
30.08.2019	2.862	63.362	-99	-99	-99	-99	-99	-99	-99	-99
31.08.2019	4.212	73.108	-99	-99	-99	-99	-99	-99	-99	-99
01.09.2019	3.677	78.105	-99	-99	-99	-99	-99	-99	-99	-99
02.09.2019	2.803	73.342	-99	-99	-99	-99	-99	-99	-99	-99
03.09.2019	2.224	61.995	-99	-99	-99	-99	-99	-99	-99	-99
04.09.2019	1.939	51.995	-99	-99	-99	-99	-99	-99	-99	-99
05.09.2019	2.536	45.403	-99	-99	-99	-99	-99	-99	-99	-99
06.09.2019	2.512	42.497	-99	-99	-99	-99	-99	-99	-99	-99
07.09.2019	2.129	38.463	-99	-99	-99	-99	-99	-99	-99	-99
08.09.2019	1.729	34.594	-99	-99	-99	-99	-99	-99	-99	-99
09.09.2019	1.407	29.907	-99	-99	-99	-99	-99	-99	-99	-99
10.09.2019	1.195	26.311	-99	-99	-99	-99	-99	-99	-99	-99
11.09.2019	1.357	24.962	-99	-99	-99	-99	-99	-99	-99	-99
12.09.2019	3.387	29.408	-99	-99	-99	-99	-99	-99	-99	-99
13.09.2019	6.597	42.469	-99	-99	-99	-99	-99	-99	-99	-99
14.09.2019	6.601	57.304	-99	-99	-99	-99	-99	-99	-99	-99
15.09.2019	9.914	85.881	-99	-99	-99	-99	-99	-99	-99	-99
16.09.2019	6.412	116.703	-99	-99	-99	-99	-99	-99	-99	-99
17.09.2019	3.96	98.471	-99	-99	-99	-99	-99	-99	-99	-99
18.09.2019	3.395	79.655	-99	-99	-99	-99	-99	-99	-99	-99
19.09.2019	2.688	65.304	-99	-99	-99	-99	-99	-99	-99	-99
20.09.2019	5.588	57.397	-99	-99	-99	-99	-99	-99	-99	-99
21.09.2019	5.42	58.299	-99	-99	-99	-99	-99	-99	-99	-99
22.09.2019	4.592	56.384	-99	-99	-99	-99	-99	-99	-99	-99
23.09.2019	3.844	52.296	-99	-99	-99	-99	-99	-99	-99	-99
24.09.2019	3.357	47.169	-99	-99	-99	-99	-99	-99	-99	-99
25.09.2019	2.483	41.478	-99	-99	-99	-99	-99	-99	-99	-99
26.09.2019	2.117	36.484	-99	-99	-99	-99	-99	-99	-99	-99
27.09.2019	1.98	32.303	-99	-99	-99	-99	-99	-99	-99	-99
28.09.2019	1.905	29.345	-99	-99	-99	-99	-99	-99	-99	-99
29.09.2019	1.076	26.766	-99	-99	-99	-99	-99	-99	-99	-99
30.09.2019	1.942	25.159	-99	-99	-99	-99	-99	-99	-99	-99
01.10.2019	2.156	26.893	-99	-99	-99	-99	-99	-99	-99	-99
02.10.2019	2.716	26.739	-99	-99	-99	-99	-99	-99	-99	-99
03.10.2019	2.986	25.786	-99	-99	-99	-99	-99	-99	-99	-99
04.10.2019	1.722	24.245	-99	-99	-99	-99	-99	-99	-99	-99
05.10.2019	1.401	22.189	-99	-99	-99	-99	-99	-99	-99	-99
06.10.2019	1.157	20.174	-99	-99	-99	-99	-99	-99	-99	-99
07.10.2019	0.987	18.311	-99	-99	-99	-99	-99	-99	-99	-99
08.10.2019	0.891	16.707	-99	-99	-99	-99	-99	-99	-99	-99
09.10.2019	0.797	15.402	-99	-99	-99	-99	-99	-99	-99	-99
10.10.2019	0.824	14.24	-99	-99	-99	-99	-99	-99	-99	-99
11.10.2019	0.871	13.674	-99	-99	-99	-99	-99	-99	-99	-99
12.10.2019	0.956	13.592	-99	-99	-99	-99	-99	-99	-99	-99
13.10.2019	1.107	13.682	-99	-99	-99	-99	-99	-99	-99	-99
14.10.2019	0.726	13.181	-99	-99	-99	-99	-99	-99	-99	-99
15.10.2019	0.611	12.617	-99	-99	-99	-99	-99	-99	-99	-99
16.10.2019	0.761	11.855	-99	-99	-99	-99	-99	-99	-99	-99
17.10.2019	0.899	11.379	-99	-99	-99	-99	-99	-99	-99	-99
18.10.2019	1.576	11.367	-99	-99	-99	-99	-99	-99	-99	-99
19.10.2019	0.68	11.103	-99	-99	-99	-99	-99	-99	-99	-99
20.10.2019	0.504	10.542	-99	-99	-99	-99	-99	-99	-99	-99
21.10.2019	0.426	9.988	-99	-99	-99	-99	-99	-99	-99	-99
22.10.2019	1.191	9.474	-99	-99	-99	-99	-99	-99	-99	-99
23.10.2019	2.494	12.141	-99	-99	-99	-99	-99	-99	-99	-99
24.10.2019	1.93	13.872	-99	-99	-99	-99	-99	-99	-99	-99
25.10.2019	2.336	15.163	-99	-99	-99	-99	-99	-99	-99	-99
26.10.2019	1.589	16.297	-99	-99	-99	-99	-99	-99	-99	-99
27.10.2019	1.179	15.461	-99	-99	-99	-99	-99	-99	-99	-99
28.10.2019	0.99	14.615	-99	-99	-99	-99	-99	-99	-99	-99
29.10.2019	0.818	13.667	-99	-99	-99	-99	-99	-99	-99	-99
30.10.2019	0.727	12.939	-99	-99	-99	-99	-99	-99	-99	-99
31.10.2019	0.797	13.843	-99	-99	-99	-99	-99	-99	-99	-99
01.11.2019	0.773	13.846	-99	-99	-99	-99	-99	-99	-99	-99
02.11.2019	0.557	13.378	-99	-99	-99	-99	-99	-99	-99	-99
03.11.2019	0.69	12.655	-99	-99	-99	-99	-99	-99	-99	-99
04.11.2019	1.644	11.217	-99	-99	-99	-99	-99	-99	-99	-99
05.11.2019	2.436	10.225	-99	-99	-99	-99	-99	-99	-99	-99
06.11.2019	2.191	9.324	-99	-99	-99	-99	-99	-99	-99	-99
07.11.2019	1.975	8.715	-99	-99	-99	-99	-99	-99	-99	-99
08.11.2019	1.72	8.188	-99	-99	-99	-99	-99	-99	-99	-99
09.11.2019	1.941	7.512	-99	-99	-99	-99	-99	-99	-99	-99
10.11.2019	1.871	7.575	-99	-99	-99	-99	-99	-99	-99	-99
11.11.2019	1.808	6.669	-99	-99	-99	-99	-99	-99	-99	-99
12.11.2019	1.533	6.137	-99	-99	-99	-99	-99	-99	-99	-99
13.11.2019	0.193	5.889	-99	-99	-99	-99	-99	-99	-99	-99
14.11.2019	0.141	5.637	-99	-99	-99	-99	-99	-99	-99	-99
15.11.2019	0.13	5.339	-99	-99	-99	-99	-99	-99	-99	-99
16.11.2019	0.125	5.906	-99	-99	-99	-99	-99	-99	-99	-99
17.11.2019	0.119	4.873	-99	-99	-99	-99	-99	-99	-99	-99
18.11.2019	0.106	4.672	-99	-99	-99	-99	-99	-99	-99	-99
19.11.2019	0.117	4.638	-99	-99	-99	-99	-99	-99	-99	-99
20.11.2019	0.117	4.477	-99	-99	-99	-99	-99	-99	-99	-99
21.11.2019	0.106	4.339	-99	-99	-99	-99	-99	-99	-99	-99
22.11.2019	0.995	4.266	-99	-99	-99	-99	-99	-99	-99	-99
23.11.2019	0.1	3.984	-99	-99	-99	-99	-99	-99	-99	-99
24.11.2019	0.968	3.846	-99	-99	-99	-99	-99	-99	-99	-99
25.11.2019	0.968	3.803	-99	-99	-99	-99	-99	-99	-99	-99
26.11.2019	0.944	3.773	-99	-99	-99	-99	-99	-99	-99	-99
27.11.2019	0.894	3.7	-99	-99	-99	-99	-99	-99	-99	-99
28.11.2019	0.864	3.643	-99	-99	-99	-99	-99	-99	-99	-99
29.11.2019	0.927	3.474	-99	-99	-99	-99	-99	-99	-99	-99
30.11.2019	0.121	3.392	-99	-99	-99	-99	-99	-99	-99	-99
01.12.2019	0.137	3.395	-99	-99	-99	-99	-99	-99	-99	-99
02.12.2019	0.148	3.391	-99	-99	-99	-99	-99	-99	-99	-99
03.12.2019	0.192	3.696	-99	-99	-99	-99	-99	-99	-99	-99
04.12.2019	0.305	4.208	-99	-99	-99	-99	-99	-99	-99	-99
05.12.2019	0.392	6.281	-99	-99	-99	-99	-99	-99	-99	-99
06.12.2019	0.646	8.366	-99	-99	-99	-99	-99	-99	-99	-99
07.12.2019	0.628	8.766	-99	-99	-99	-99	-99	-99	-99	-99
08.12.2019	0.535	8.91	-99	-99	-99	-99	-99	-99	-99	-99
09.12.2019	0.51	8.647	-99	-99	-99	-99	-99	-99	-99	-99
10.12.2019	1.893	8.355	-99	-99	-99	-99	-99	-99	-99	-99
11.12.2019	0.398	8.645	-99	-99	-99	-99	-99	-99	-99	-99
12.12.2019	0.491	8.79	-99	-99	-99	-99	-99	-99	-99	-99
13.12.2019	0.433	8.697	-99	-99	-99	-99	-99	-99	-99	-99
14.12.2019	0.353	8.269	-99	-99	-99	-99	-99	-99	-99	-99
15.12.2019	0.306	7.774	-99	-99	-99	-99	-99	-99	-99	-99
16.12.2019	0.263	7.406	-99	-99	-99	-99	-99	-99	-99	-99
17.12.2019	0.243	7.831	-99	-99	-99	-99	-99	-99	-99	-99
18.12.2019	0.204	6.696	-99	-99	-99	-99	-99	-99	-99	-99
19.12.2019	0.212	6.385	-99	-99	-99	-99	-99	-99	-99	-99
20.12.2019	0.134	6.172	-99	-99	-99	-99	-99	-99	-99	-99
21.12.2019	0.499	6.702	-99	-99	-99	-99	-99	-99	-99	-99
22.12.2019	0.31	7.376	-99	-99	-99	-99	-99	-99	-99	-99
23.12.2019	0.22	7.328	-99	-99	-99	-99	-99	-99	-99	-99
24.12.2019	0.173	7.106	-99	-99	-99	-99	-99	-99	-99	-99
25.12.2019	0.151	6.839	-99	-99	-99	-99	-99	-99	-99	-99
26.12.2019	0.143	6.572	-99	-99	-99	-99	-99	-99	-99	-99
27.12.2019	3.309	6.262	-99	-99	-99	-99	-99	-99	-99	-99
28.12.2019	0.214	5.974	-99	-99	-99	-99	-99	-99	-99	-99
29.12.2019	1.998	6.883	-99	-99	-99	-99	-99	-99	-99	-99
30.12.2019	3.411	18.866	-99	-99	-99	-99	-99	-99	-99	-99
31.12.2019	1.802	26.4	-99	-99	-99	-99	-99	-99	-99	-99
01.01.2020	1.263	25.698	-99	-99	-99	-99	-99	-99	-99	-99
02.01.2020	1.569	24.72	-99	-99	-99	-99	-99	-99	-99	-99
03.01.2020	1.772	27.662	-99	-99	-99	-99	-99	-99	-99	-99
04.01.2020	1.44	27.953	-99	-99	-99	-99	-99	-99	-99	-99
05.01.2020	1.444	26.143	-99	-99	-99	-99	-99	-99	-99	-99
06.01.2020	1.449	25.39	-99	-99	-99	-99	-99	-99	-99	-99
07.01.2020	1.432	26.466	-99	-99	-99	-99	-99	-99	-99	-99
08.01.2020	1.98	34.585	-99	-99	-99	-99	-99	-99	-99	-99
09.01.2020	1.635	37.14	-99	-99	-99	-99	-99	-99	-99	-99
10.01.2020	1.518	33.244	-99	-99	-99	-99	-99	-99	-99	-99
11.01.2020	1.26	29.404	-99	-99	-99	-99	-99	-99	-99	-99
12.01.2020	1.358	30.845	-99	-99	-99	-99	-99	-99	-99	-99
13.01.2020	1.342	29.73	-99	-99	-99	-99	-99	-99	-99	-99
14.01.2020	1.133	26.136	-99	-99	-99	-99	-99	-99	-99	-99
15.01.2020	0.992	23.751	-99	-99	-99	-99	-99	-99	-99	-99
16.01.2020	0.927	22.546	-99	-99	-99	-99	-99	-99	-99	-99
17.01.2020	0.864	22.34	-99	-99	-99	-99	-99	-99	-99	-99
18.01.2020	0.696	20.975	-99	-99	-99	-99	-99	-99	-99	-99
19.01.2020	0.65	19.887	-99	-99	-99	-99	-99	-99	-99	-99
20.01.2020	1.382	19.964	-99	-99	-99	-99	-99	-99	-99	-99
21.01.2020	4.593	35.452	-99	-99	-99	-99	-99	-99	-99	-99
22.01.2020	2.565	40.265	-99	-99	-99	-99	-99	-99	-99	-99
23.01.2020	2.883	37.402	-99	-99	-99	-99	-99	-99	-99	-99
24.01.2020	1.87	37.939	-99	-99	-99	-99	-99	-99	-99	-99
25.01.2020	1.652	35.618	-99	-99	-99	-99	-99	-99	-99	-99
26.01.2020	1.408	31.364	-99	-99	-99	-99	-99	-99	-99	-99
27.01.2020	1.119	27.793	-99	-99	-99	-99	-99	-99	-99	-99
28.01.2020	0.886	24.896	-99	-99	-99	-99	-99	-99	-99	-99
29.01.2020	0.71	21.712	-99	-99	-99	-99	-99	-99	-99	-99
30.01.2020	0.576	19.245	-99	-99	-99	-99	-99	-99	-99	-99
31.01.2020	0.495	17.95	-99	-99	-99	-99	-99	-99	-99	-99
01.02.2020	0.547	16.635	-99	-99	-99	-99	-99	-99	-99	-99
02.02.2020	0.619	16.364	-99	-99	-99	-99	-99	-99	-99	-99
03.02.2020	0.572	15.358	-99	-99	-99	-99	-99	-99	-99	-99
04.02.2020	0.529	13.916	-99	-99	-99	-99	-99	-99	-99	-99
05.02.2020	0.886	13.274	-99	-99	-99	-99	-99	-99	-99	-99
06.02.2020	0.776	15.413	-99	-99	-99	-99	-99	-99	-99	-99
07.02.2020	0.688	15.919	-99	-99	-99	-99	-99	-99	-99	-99
08.02.2020	0.545	15.135	-99	-99	-99	-99	-99	-99	-99	-99
09.02.2020	0.452	14.501	-99	-99	-99	-99	-99	-99	-99	-99
10.02.2020	0.462	14.161	-99	-99	-99	-99	-99	-99	-99	-99
11.02.2020	0.495	14.15	-99	-99	-99	-99	-99	-99	-99	-99
12.02.2020	0.488	13.624	-99	-99	-99	-99	-99	-99	-99	-99
13.02.2020	0.474	13.154	-99	-99	-99	-99	-99	-99	-99	-99
14.02.2020	0.435	12.259	-99	-99	-99	-99	-99	-99	-99	-99
15.02.2020	0.402	11.856	-99	-99	-99	-99	-99	-99	-99	-99
16.02.2020	0.427	11.696	-99	-99	-99	-99	-99	-99	-99	-99
17.02.2020	0.466	12.202	-99	-99	-99	-99	-99	-99	-99	-99
18.02.2020	0.573	14.132	-99	-99	-99	-99	-99	-99	-99	-99
19.02.2020	0.643	14.711	-99	-99	-99	-99	-99	-99	-99	-99
20.02.2020	0.545	14.243	-99	-99	-99	-99	-99	-99	-99	-99
21.02.2020	0.492	13.774	-99	-99	-99	-99	-99	-99	-99	-99
22.02.2020	0.596	15.194	-99	-99	-99	-99	-99	-99	-99	-99
23.02.2020	0.589	15.588	-99	-99	-99	-99	-99	-99	-99	-99
24.02.2020	0.549	15.115	-99	-99	-99	-99	-99	-99	-99	-99
25.02.2020	0.503	14.31	-99	-99	-99	-99	-99	-99	-99	-99
26.02.2020	0.459	12.868	-99	-99	-99	-99	-99	-99	-99	-99
27.02.2020	0.411	11.798	-99	-99	-99	-99	-99	-99	-99	-99
28.02.2020	0.379	10.824	-99	-99	-99	-99	-99	-99	-99	-99
29.02.2020	0.34	10.667	-99	-99	-99	-99	-99	-99	-99	-99
01.03.2020	0.319	9.416	-99	-99	-99	-99	-99	-99	-99	-99
02.03.2020	0.294	8.416	-99	-99	-99	-99	-99	-99	-99	-99
03.03.2020	0.264	7.961	-99	-99	-99	-99	-99	-99	-99	-99
04.03.2020	0.234	7.424	-99	-99	-99	-99	-99	-99	-99	-99
05.03.2020	0.201	6.968	-99	-99	-99	-99	-99	-99	-99	-99
06.03.2020	0.18	6.59	-99	-99	-99	-99	-99	-99	-99	-99
07.03.2020	0.164	6.199	-99	-99	-99	-99	-99	-99	-99	-99
08.03.2020	0.153	5.889	-99	-99	-99	-99	-99	-99	-99	-99
09.03.2020	0.157	6.792	-99	-99	-99	-99	-99	-99	-99	-99
10.03.2020	0.148	6.155	-99	-99	-99	-99	-99	-99	-99	-99
11.03.2020	0.148	6.2	-99	-99	-99	-99	-99	-99	-99	-99
12.03.2020	0.181	6.79	-99	-99	-99	-99	-99	-99	-99	-99
13.03.2020	0.212	6.75	-99	-99	-99	-99	-99	-99	-99	-99
14.03.2020	0.234	6.61	-99	-99	-99	-99	-99	-99	-99	-99
15.03.2020	0.212	6.697	-99	-99	-99	-99	-99	-99	-99	-99
16.03.2020	0.263	7.153	-99	-99	-99	-99	-99	-99	-99	-99
17.03.2020	0.209	7.347	-99	-99	-99	-99	-99	-99	-99	-99
18.03.2020	0.365	8.453	-99	-99	-99	-99	-99	-99	-99	-99
19.03.2020	0.502	9.22	-99	-99	-99	-99	-99	-99	-99	-99
20.03.2020	0.503	9.135	-99	-99	-99	-99	-99	-99	-99	-99
21.03.2020	0.438	8.881	-99	-99	-99	-99	-99	-99	-99	-99
22.03.2020	0.352	8.335	-99	-99	-99	-99	-99	-99	-99	-99
23.03.2020	0.289	7.79	-99	-99	-99	-99	-99	-99	-99	-99
24.03.2020	0.189	7.839	-99	-99	-99	-99	-99	-99	-99	-99
25.03.2020	1.357	10.343	-99	-99	-99	-99	-99	-99	-99	-99
26.03.2020	1.336	15.355	-99	-99	-99	-99	-99	-99	-99	-99
27.03.2020	0.938	15.834	-99	-99	-99	-99	-99	-99	-99	-99
28.03.2020	0.652	15.557	-99	-99	-99	-99	-99	-99	-99	-99
29.03.2020	0.567	14.92	-99	-99	-99	-99	-99	-99	-99	-99
30.03.2020	0.516	14.336	-99	-99	-99	-99	-99	-99	-99	-99
31.03.2020	0.377	13.324	-99	-99	-99	-99	-99	-99	-99	-99
01.04.2020	0.337	13.329	-99	-99	-99	-99	-99	-99	-99	-99
02.04.2020	0.308	13.661	-99	-99	-99	-99	-99	-99	-99	-99
03.04.2020	0.278	13.299	-99	-99	-99	-99	-99	-99	-99	-99
04.04.2020	0.444	12.686	-99	-99	-99	-99	-99	-99	-99	-99
05.04.2020	0.66	11.853	-99	-99	-99	-99	-99	-99	-99	-99
06.04.2020	0.607	11.234	-99	-99	-99	-99	-99	-99	-99	-99
07.04.2020	0.735	12.461	-99	-99	-99	-99	-99	-99	-99	-99
08.04.2020	0.661	13.369	-99	-99	-99	-99	-99	-99	-99	-99
09.04.2020	0.61	14.708	-99	-99	-99	-99	-99	-99	-99	-99
10.04.2020	0.529	14.396	-99	-99	-99	-99	-99	-99	-99	-99
11.04.2020	0.425	13.708	-99	-99	-99	-99	-99	-99	-99	-99
12.04.2020	0.43	13.417	-99	-99	-99	-99	-99	-99	-99	-99
13.04.2020	0.605	14.142	-99	-99	-99	-99	-99	-99	-99	-99
14.04.2020	0.684	14.356	-99	-99	-99	-99	-99	-99	-99	-99
15.04.2020	0.8	16.154	-99	-99	-99	-99	-99	-99	-99	-99
16.04.2020	0.797	20.211	-99	-99	-99	-99	-99	-99	-99	-99
17.04.2020	1.14	20.215	-99	-99	-99	-99	-99	-99	-99	-99
18.04.2020	0.897	19.333	-99	-99	-99	-99	-99	-99	-99	-99
19.04.2020	0.772	17.754	-99	-99	-99	-99	-99	-99	-99	-99
20.04.2020	0.939	17.121	-99	-99	-99	-99	-99	-99	-99	-99
21.04.2020	0.711	17.351	-99	-99	-99	-99	-99	-99	-99	-99
22.04.2020	1.441	18.116	-99	-99	-99	-99	-99	-99	-99	-99
23.04.2020	1.611	19.729	-99	-99	-99	-99	-99	-99	-99	-99
24.04.2020	1.412	19.912	-99	-99	-99	-99	-99	-99	-99	-99
25.04.2020	1.182	19.94	-99	-99	-99	-99	-99	-99	-99	-99
26.04.2020	1.212	19.618	-99	-99	-99	-99	-99	-99	-99	-99
27.04.2020	1.104	19.427	-99	-99	-99	-99	-99	-99	-99	-99
28.04.2020	1.397	18.913	-99	-99	-99	-99	-99	-99	-99	-99
29.04.2020	1.227	18.337	-99	-99	-99	-99	-99	-99	-99	-99
30.04.2020	0.85	17.792	-99	-99	-99	-99	-99	-99	-99	-99
01.05.2020	0.736	16.736	-99	-99	-99	-99	-99	-99	-99	-99
02.05.2020	0.594	16.179	-99	-99	-99	-99	-99	-99	-99	-99
03.05.2020	0.535	15.55	-99	-99	-99	-99	-99	-99	-99	-99
04.05.2020	0.53	14.931	-99	-99	-99	-99	-99	-99	-99	-99
05.05.2020	0.472	14.269	-99	-99	-99	-99	-99	-99	-99	-99
06.05.2020	0.469	13.429	-99	-99	-99	-99	-99	-99	-99	-99
07.05.2020	0.525	13.285	-99	-99	-99	-99	-99	-99	-99	-99
08.05.2020	0.526	13.28	-99	-99	-99	-99	-99	-99	-99	-99
09.05.2020	0.562	13.152	-99	-99	-99	-99	-99	-99	-99	-99
10.05.2020	0.503	12.951	-99	-99	-99	-99	-99	-99	-99	-99
11.05.2020	0.429	12.384	-99	-99	-99	-99	-99	-99	-99	-99
12.05.2020	0.415	11.908	-99	-99	-99	-99	-99	-99	-99	-99
13.05.2020	0.381	11.341	-99	-99	-99	-99	-99	-99	-99	-99
14.05.2020	0.355	10.822	-99	-99	-99	-99	-99	-99	-99	-99
15.05.2020	0.356	10.344	-99	-99	-99	-99	-99	-99	-99	-99
16.05.2020	0.402	10.27	-99	-99	-99	-99	-99	-99	-99	-99
17.05.2020	0.434	10.313	-99	-99	-99	-99	-99	-99	-99	-99
18.05.2020	0.521	10.222	-99	-99	-99	-99	-99	-99	-99	-99
19.05.2020	0.543	10.117	-99	-99	-99	-99	-99	-99	-99	-99
20.05.2020	0.567	9.898	-99	-99	-99	-99	-99	-99	-99	-99
21.05.2020	0.967	9.922	-99	-99	-99	-99	-99	-99	-99	-99
22.05.2020	2.735	11.918	-99	-99	-99	-99	-99	-99	-99	-99
23.05.2020	5.269	21.145	-99	-99	-99	-99	-99	-99	-99	-99
24.05.2020	4.721	30.27	-99	-99	-99	-99	-99	-99	-99	-99
25.05.2020	4.254	36.27	-99	-99	-99	-99	-99	-99	-99	-99
26.05.2020	3.878	41.128	-99	-99	-99	-99	-99	-99	-99	-99
27.05.2020	3.626	44.155	-99	-99	-99	-99	-99	-99	-99	-99
28.05.2020	3.855	45.194	-99	-99	-99	-99	-99	-99	-99	-99
29.05.2020	2.927	43.987	-99	-99	-99	-99	-99	-99	-99	-99
30.05.2020	5.374	43.435	-99	-99	-99	-99	-99	-99	-99	-99
31.05.2020	7.434	54.774	-99	-99	-99	-99	-99	-99	-99	-99
01.06.2020	6.963	68.319	-99	-99	-99	-99	-99	-99	-99	-99
02.06.2020	6.575	76.768	-99	-99	-99	-99	-99	-99	-99	-99
03.06.2020	6.867	80.391	-99	-99	-99	-99	-99	-99	-99	-99
04.06.2020	7.167	82.766	-99	-99	-99	-99	-99	-99	-99	-99
05.06.2020	7.882	86.166	-99	-99	-99	-99	-99	-99	-99	-99
06.06.2020	8.603	90.373	-99	-99	-99	-99	-99	-99	-99	-99
07.06.2020	7.943	90.842	-99	-99	-99	-99	-99	-99	-99	-99
08.06.2020	6.438	87.145	-99	-99	-99	-99	-99	-99	-99	-99
09.06.2020	5.752	78.558	-99	-99	-99	-99	-99	-99	-99	-99
10.06.2020	6.387	73.828	-99	-99	-99	-99	-99	-99	-99	-99
11.06.2020	7.423	75.874	-99	-99	-99	-99	-99	-99	-99	-99
12.06.2020	8.931	83.111	-99	-99	-99	-99	-99	-99	-99	-99
13.06.2020	10.223	97.721	-99	-99	-99	-99	-99	-99	-99	-99
14.06.2020	10.775	115.452	-99	-99	-99	-99	-99	-99	-99	-99
15.06.2020	10.828	130.694	-99	-99	-99	-99	-99	-99	-99	-99
16.06.2020	9.983	144.331	-99	-99	-99	-99	-99	-99	-99	-99
17.06.2020	9.342	162.494	-99	-99	-99	-99	-99	-99	-99	-99
18.06.2020	10.569	171.487	-99	-99	-99	-99	-99	-99	-99	-99
19.06.2020	11.908	173.677	-99	-99	-99	-99	-99	-99	-99	-99
20.06.2020	11.607	177.885	-99	-99	-99	-99	-99	-99	-99	-99
21.06.2020	10.984	186.734	-99	-99	-99	-99	-99	-99	-99	-99
22.06.2020	11.833	193.618	-99	-99	-99	-99	-99	-99	-99	-99
23.06.2020	10.981	174.239	-99	-99	-99	-99	-99	-99	-99	-99
24.06.2020	11.671	158.342	-99	-99	-99	-99	-99	-99	-99	-99
25.06.2020	12.186	163.446	-99	-99	-99	-99	-99	-99	-99	-99
26.06.2020	12.921	166.615	-99	-99	-99	-99	-99	-99	-99	-99
27.06.2020	12.137	164.659	-99	-99	-99	-99	-99	-99	-99	-99
28.06.2020	12.541	172.405	-99	-99	-99	-99	-99	-99	-99	-99
29.06.2020	11.713	173.276	-99	-99	-99	-99	-99	-99	-99	-99
30.06.2020	9.707	150.914	-99	-99	-99	-99	-99	-99	-99	-99
01.07.2020	8.395	128.575	-99	-99	-99	-99	-99	-99	-99	-99
02.07.2020	6.301	107.331	-99	-99	-99	-99	-99	-99	-99	-99
03.07.2020	5.746	88.851	-99	-99	-99	-99	-99	-99	-99	-99
04.07.2020	4.514	73.218	-99	-99	-99	-99	-99	-99	-99	-99
05.07.2020	4.146	61.522	-99	-99	-99	-99	-99	-99	-99	-99
06.07.2020	7.866	58.204	-99	-99	-99	-99	-99	-99	-99	-99
07.07.2020	6.323	61.254	-99	-99	-99	-99	-99	-99	-99	-99
08.07.2020	5.691	57.592	-99	-99	-99	-99	-99	-99	-99	-99
09.07.2020	5.341	53.905	-99	-99	-99	-99	-99	-99	-99	-99
10.07.2020	4.865	49.911	-99	-99	-99	-99	-99	-99	-99	-99
11.07.2020	4.98	47.691	-99	-99	-99	-99	-99	-99	-99	-99
12.07.2020	5.514	48.459	-99	-99	-99	-99	-99	-99	-99	-99
13.07.2020	5.263	50.159	-99	-99	-99	-99	-99	-99	-99	-99
14.07.2020	5.361	48.423	-99	-99	-99	-99	-99	-99	-99	-99
15.07.2020	6.36	49.135	-99	-99	-99	-99	-99	-99	-99	-99
16.07.2020	6.638	51.883	-99	-99	-99	-99	-99	-99	-99	-99
17.07.2020	8.261	59.519	-99	-99	-99	-99	-99	-99	-99	-99
18.07.2020	8.223	70.723	-99	-99	-99	-99	-99	-99	-99	-99
19.07.2020	7.191	76.577	-99	-99	-99	-99	-99	-99	-99	-99
20.07.2020	6.11	74.572	-99	-99	-99	-99	-99	-99	-99	-99
21.07.2020	5.912	70.829	-99	-99	-99	-99	-99	-99	-99	-99
22.07.2020	5.937	67.883	-99	-99	-99	-99	-99	-99	-99	-99
23.07.2020	5.574	62.507	-99	-99	-99	-99	-99	-99	-99	-99
24.07.2020	4.117	55.298	-99	-99	-99	-99	-99	-99	-99	-99
25.07.2020	3.734	49.111	-99	-99	-99	-99	-99	-99	-99	-99
26.07.2020	4.527	45.869	-99	-99	-99	-99	-99	-99	-99	-99
27.07.2020	8.452	56.146	-99	-99	-99	-99	-99	-99	-99	-99
28.07.2020	8.412	68.222	-99	-99	-99	-99	-99	-99	-99	-99
29.07.2020	7.366	74.665	-99	-99	-99	-99	-99	-99	-99	-99
30.07.2020	6.27	73.82	-99	-99	-99	-99	-99	-99	-99	-99
31.07.2020	6.404	69.72	-99	-99	-99	-99	-99	-99	-99	-99
01.08.2020	6.726	70.176	-99	-99	-99	-99	-99	-99	-99	-99
02.08.2020	7.429	76.702	-99	-99	-99	-99	-99	-99	-99	-99
03.08.2020	10.212	95.006	-99	-99	-99	-99	-99	-99	-99	-99
04.08.2020	6.89	97.664	-99	-99	-99	-99	-99	-99	-99	-99
05.08.2020	6.246	87.128	-99	-99	-99	-99	-99	-99	-99	-99
06.08.2020	6.392	83.885	-99	-99	-99	-99	-99	-99	-99	-99
07.08.2020	6.96	83.906	-99	-99	-99	-99	-99	-99	-99	-99
08.08.2020	8.815	90.628	-99	-99	-99	-99	-99	-99	-99	-99
09.08.2020	7.388	96.921	-99	-99	-99	-99	-99	-99	-99	-99
10.08.2020	5.768	87.2	-99	-99	-99	-99	-99	-99	-99	-99
11.08.2020	5.247	78.4	-99	-99	-99	-99	-99	-99	-99	-99
12.08.2020	5.412	72.956	-99	-99	-99	-99	-99	-99	-99	-99
13.08.2020	6.348	73.566	-99	-99	-99	-99	-99	-99	-99	-99
14.08.2020	6.168	75.991	-99	-99	-99	-99	-99	-99	-99	-99
15.08.2020	5.56	73.249	-99	-99	-99	-99	-99	-99	-99	-99
16.08.2020	5.371	69.142	-99	-99	-99	-99	-99	-99	-99	-99
17.08.2020	5.292	67.62	-99	-99	-99	-99	-99	-99	-99	-99
18.08.2020	5.342	65.227	-99	-99	-99	-99	-99	-99	-99	-99
19.08.2020	4.805	63.495	-99	-99	-99	-99	-99	-99	-99	-99
20.08.2020	4.518	61.673	-99	-99	-99	-99	-99	-99	-99	-99
21.08.2020	5.301	62.557	-99	-99	-99	-99	-99	-99	-99	-99
22.08.2020	7.335	74.433	-99	-99	-99	-99	-99	-99	-99	-99
23.08.2020	9.803	94.563	-99	-99	-99	-99	-99	-99	-99	-99
24.08.2020	8.123	101.217	-99	-99	-99	-99	-99	-99	-99	-99
25.08.2020	6.578	92.426	-99	-99	-99	-99	-99	-99	-99	-99
26.08.2020	4.456	78.246	-99	-99	-99	-99	-99	-99	-99	-99
27.08.2020	3.301	64.387	-99	-99	-99	-99	-99	-99	-99	-99
28.08.2020	2.592	53.264	-99	-99	-99	-99	-99	-99	-99	-99
29.08.2020	2.3	45.29	-99	-99	-99	-99	-99	-99	-99	-99
30.08.2020	2.227	40.4	-99	-99	-99	-99	-99	-99	-99	-99
31.08.2020	2.903	36.187	-99	-99	-99	-99	-99	-99	-99	-99
01.09.2020	1.785	32.121	-99	-99	-99	-99	-99	-99	-99	-99
02.09.2020	1.633	28.76	-99	-99	-99	-99	-99	-99	-99	-99
03.09.2020	1.595	26.666	-99	-99	-99	-99	-99	-99	-99	-99
04.09.2020	1.874	26.38	-99	-99	-99	-99	-99	-99	-99	-99
05.09.2020	2.899	27.814	-99	-99	-99	-99	-99	-99	-99	-99
06.09.2020	2.241	29.619	-99	-99	-99	-99	-99	-99	-99	-99
07.09.2020	2.15	29.197	-99	-99	-99	-99	-99	-99	-99	-99
08.09.2020	5.324	33.498	-99	-99	-99	-99	-99	-99	-99	-99
09.09.2020	6.478	46.465	-99	-99	-99	-99	-99	-99	-99	-99
10.09.2020	5.145	54.531	-99	-99	-99	-99	-99	-99	-99	-99
11.09.2020	3.586	51.552	-99	-99	-99	-99	-99	-99	-99	-99
12.09.2020	5.659	51.983	-99	-99	-99	-99	-99	-99	-99	-99
13.09.2020	4.882	57.892	-99	-99	-99	-99	-99	-99	-99	-99
14.09.2020	6.355	57.693	-99	-99	-99	-99	-99	-99	-99	-99
15.09.2020	9.673	67.905	-99	-99	-99	-99	-99	-99	-99	-99
16.09.2020	9.526	89.392	-99	-99	-99	-99	-99	-99	-99	-99
17.09.2020	5.253	85.933	-99	-99	-99	-99	-99	-99	-99	-99
18.09.2020	4.895	73.604	-99	-99	-99	-99	-99	-99	-99	-99
19.09.2020	4.326	69.132	-99	-99	-99	-99	-99	-99	-99	-99
20.09.2020	3.888	60.619	-99	-99	-99	-99	-99	-99	-99	-99
21.09.2020	4.745	56.522	-99	-99	-99	-99	-99	-99	-99	-99
22.09.2020	9.497	71.177	-99	-99	-99	-99	-99	-99	-99	-99
23.09.2020	6.528	78.376	-99	-99	-99	-99	-99	-99	-99	-99
24.09.2020	7.302	81.449	-99	-99	-99	-99	-99	-99	-99	-99
25.09.2020	7.962	90.849	-99	-99	-99	-99	-99	-99	-99	-99
26.09.2020	4.276	80.389	-99	-99	-99	-99	-99	-99	-99	-99
27.09.2020	3.374	66.808	-99	-99	-99	-99	-99	-99	-99	-99
28.09.2020	2.679	57.268	-99	-99	-99	-99	-99	-99	-99	-99
29.09.2020	2.876	54.393	-99	-99	-99	-99	-99	-99	-99	-99
30.09.2020	3.655	52.995	-99	-99	-99	-99	-99	-99	-99	-99
01.10.2020	2.719	51.16	-99	-99	-99	-99	-99	-99	-99	-99
02.10.2020	2.48	47.861	-99	-99	-99	-99	-99	-99	-99	-99
03.10.2020	2.272	43.714	-99	-99	-99	-99	-99	-99	-99	-99
04.10.2020	2.252	40.368	-99	-99	-99	-99	-99	-99	-99	-99
05.10.2020	2.448	38.275	-99	-99	-99	-99	-99	-99	-99	-99
06.10.2020	2.211	36.406	-99	-99	-99	-99	-99	-99	-99	-99
07.10.2020	1.951	33.142	-99	-99	-99	-99	-99	-99	-99	-99
08.10.2020	1.78	30.152	-99	-99	-99	-99	-99	-99	-99	-99
09.10.2020	1.644	27.411	-99	-99	-99	-99	-99	-99	-99	-99
10.10.2020	1.469	24.864	-99	-99	-99	-99	-99	-99	-99	-99
11.10.2020	1.329	22.468	-99	-99	-99	-99	-99	-99	-99	-99
12.10.2020	1.272	20.446	-99	-99	-99	-99	-99	-99	-99	-99
13.10.2020	1.117	18.464	-99	-99	-99	-99	-99	-99	-99	-99
14.10.2020	0.977	16.724	-99	-99	-99	-99	-99	-99	-99	-99
15.10.2020	0.887	15.195	-99	-99	-99	-99	-99	-99	-99	-99
16.10.2020	0.816	13.862	-99	-99	-99	-99	-99	-99	-99	-99
17.10.2020	0.788	12.697	-99	-99	-99	-99	-99	-99	-99	-99
18.10.2020	0.977	12.511	-99	-99	-99	-99	-99	-99	-99	-99
19.10.2020	0.922	11.089	-99	-99	-99	-99	-99	-99	-99	-99
20.10.2020	0.869	11.268	-99	-99	-99	-99	-99	-99	-99	-99
21.10.2020	0.946	10.978	-99	-99	-99	-99	-99	-99	-99	-99
22.10.2020	0.973	11.372	-99	-99	-99	-99	-99	-99	-99	-99
23.10.2020	0.809	10.666	-99	-99	-99	-99	-99	-99	-99	-99
24.10.2020	0.767	10.188	-99	-99	-99	-99	-99	-99	-99	-99
25.10.2020	1.642	10.33	-99	-99	-99	-99	-99	-99	-99	-99
26.10.2020	1.351	11.235	-99	-99	-99	-99	-99	-99	-99	-99
27.10.2020	1.597	11.157	-99	-99	-99	-99	-99	-99	-99	-99
28.10.2020	0.93	10.831	-99	-99	-99	-99	-99	-99	-99	-99
29.10.2020	1.106	10.709	-99	-99	-99	-99	-99	-99	-99	-99
30.10.2020	0.941	10.664	-99	-99	-99	-99	-99	-99	-99	-99
31.10.2020	1.178	10.66	-99	-99	-99	-99	-99	-99	-99	-99
01.11.2020	1.556	10.594	-99	-99	-99	-99	-99	-99	-99	-99
02.11.2020	1.711	11.225	-99	-99	-99	-99	-99	-99	-99	-99
03.11.2020	1.491	12.362	-99	-99	-99	-99	-99	-99	-99	-99
04.11.2020	1.276	13.729	-99	-99	-99	-99	-99	-99	-99	-99
05.11.2020	2.513	14.458	-99	-99	-99	-99	-99	-99	-99	-99
06.11.2020	4.463	21.515	-99	-99	-99	-99	-99	-99	-99	-99
07.11.2020	2.864	25.725	-99	-99	-99	-99	-99	-99	-99	-99
08.11.2020	2.891	26.625	-99	-99	-99	-99	-99	-99	-99	-99
09.11.2020	2.211	26.128	-99	-99	-99	-99	-99	-99	-99	-99
10.11.2020	1.925	24.377	-99	-99	-99	-99	-99	-99	-99	-99
11.11.2020	1.904	23.725	-99	-99	-99	-99	-99	-99	-99	-99
12.11.2020	1.772	22.159	-99	-99	-99	-99	-99	-99	-99	-99
13.11.2020	1.502	20.851	-99	-99	-99	-99	-99	-99	-99	-99
14.11.2020	1.277	19.154	-99	-99	-99	-99	-99	-99	-99	-99
15.11.2020	1.168	17.697	-99	-99	-99	-99	-99	-99	-99	-99
16.11.2020	2.456	17.782	-99	-99	-99	-99	-99	-99	-99	-99
17.11.2020	2.267	19.841	-99	-99	-99	-99	-99	-99	-99	-99
18.11.2020	5.538	30.654	-99	-99	-99	-99	-99	-99	-99	-99
19.11.2020	3.45	47.805	-99	-99	-99	-99	-99	-99	-99	-99
20.11.2020	2.511	45.301	-99	-99	-99	-99	-99	-99	-99	-99
21.11.2020	2.27	41.569	-99	-99	-99	-99	-99	-99	-99	-99
22.11.2020	2.357	43.711	-99	-99	-99	-99	-99	-99	-99	-99
23.11.2020	2.255	43.729	-99	-99	-99	-99	-99	-99	-99	-99
24.11.2020	1.984	39.204	-99	-99	-99	-99	-99	-99	-99	-99
25.11.2020	2.419	38.723	-99	-99	-99	-99	-99	-99	-99	-99
26.11.2020	1.907	38.889	-99	-99	-99	-99	-99	-99	-99	-99
27.11.2020	1.532	34.753	-99	-99	-99	-99	-99	-99	-99	-99
28.11.2020	1.327	30.261	-99	-99	-99	-99	-99	-99	-99	-99
29.11.2020	1.186	26.44	-99	-99	-99	-99	-99	-99	-99	-99
30.11.2020	1.111	23.477	-99	-99	-99	-99	-99	-99	-99	-99
01.12.2020	1.256	21.364	-99	-99	-99	-99	-99	-99	-99	-99
02.12.2020	0.934	19.228	-99	-99	-99	-99	-99	-99	-99	-99
03.12.2020	0.888	17.721	-99	-99	-99	-99	-99	-99	-99	-99
04.12.2020	0.872	15.733	-99	-99	-99	-99	-99	-99	-99	-99
05.12.2020	0.796	14.166	-99	-99	-99	-99	-99	-99	-99	-99
06.12.2020	0.681	13.393	-99	-99	-99	-99	-99	-99	-99	-99
07.12.2020	0.67	12.114	-99	-99	-99	-99	-99	-99	-99	-99
08.12.2020	0.668	11.258	-99	-99	-99	-99	-99	-99	-99	-99
09.12.2020	0.636	10.416	-99	-99	-99	-99	-99	-99	-99	-99
10.12.2020	0.61	9.823	-99	-99	-99	-99	-99	-99	-99	-99
11.12.2020	0.561	9.222	-99	-99	-99	-99	-99	-99	-99	-99
12.12.2020	0.545	8.571	-99	-99	-99	-99	-99	-99	-99	-99
13.12.2020	0.522	8.547	-99	-99	-99	-99	-99	-99	-99	-99
14.12.2020	0.506	7.762	-99	-99	-99	-99	-99	-99	-99	-99
15.12.2020	0.459	7.17	-99	-99	-99	-99	-99	-99	-99	-99
16.12.2020	0.449	6.83	-99	-99	-99	-99	-99	-99	-99	-99
17.12.2020	0.44	6.519	-99	-99	-99	-99	-99	-99	-99	-99
18.12.2020	0.429	6.247	-99	-99	-99	-99	-99	-99	-99	-99
19.12.2020	1.106	6.347	-99	-99	-99	-99	-99	-99	-99	-99
20.12.2020	1.601	8.319	-99	-99	-99	-99	-99	-99	-99	-99
21.12.2020	0.949	9.328	-99	-99	-99	-99	-99	-99	-99	-99
22.12.2020	0.729	9.459	-99	-99	-99	-99	-99	-99	-99	-99
23.12.2020	0.67	9.322	-99	-99	-99	-99	-99	-99	-99	-99
24.12.2020	0.658	9.142	-99	-99	-99	-99	-99	-99	-99	-99
25.12.2020	0.616	8.857	-99	-99	-99	-99	-99	-99	-99	-99
26.12.2020	0.579	8.536	-99	-99	-99	-99	-99	-99	-99	-99
27.12.2020	0.564	8.5	-99	-99	-99	-99	-99	-99	-99	-99
28.12.2020	0.528	7.839	-99	-99	-99	-99	-99	-99	-99	-99
29.12.2020	0.55	7.324	-99	-99	-99	-99	-99	-99	-99	-99
30.12.2020	0.532	6.957	-99	-99	-99	-99	-99	-99	-99	-99
31.12.2020	0.484	6.666	-99	-99	-99	-99	-99	-99	-99	-99
01.01.2021	0.561	6.373	-99	-99	-99	-99	-99	-99	-99	-99
02.01.2021	1.811	6.602	-99	-99	-99	-99	-99	-99	-99	-99
03.01.2021	1.949	5.728	-99	-99	-99	-99	-99	-99	-99	-99
04.01.2021	2.798	5.421	-99	-99	-99	-99	-99	-99	-99	-99
05.01.2021	3.452	5.145	-99	-99	-99	-99	-99	-99	-99	-99
06.01.2021	3.775	4.917	-99	-99	-99	-99	-99	-99	-99	-99
07.01.2021	5.768	4.725	-99	-99	-99	-99	-99	-99	-99	-99
08.01.2021	5.98	4.472	-99	-99	-99	-99	-99	-99	-99	-99
09.01.2021	3.439	4.187	-99	-99	-99	-99	-99	-99	-99	-99
10.01.2021	2.429	4.279	-99	-99	-99	-99	-99	-99	-99	-99
11.01.2021	2.865	4.25	-99	-99	-99	-99	-99	-99	-99	-99
12.01.2021	2.405	4.159	-99	-99	-99	-99	-99	-99	-99	-99
13.01.2021	2.415	4.273	-99	-99	-99	-99	-99	-99	-99	-99
14.01.2021	2.587	3.981	-99	-99	-99	-99	-99	-99	-99	-99
15.01.2021	1.782	3.842	-99	-99	-99	-99	-99	-99	-99	-99
16.01.2021	0.459	3.698	-99	-99	-99	-99	-99	-99	-99	-99
17.01.2021	0.367	3.599	-99	-99	-99	-99	-99	-99	-99	-99
18.01.2021	0.352	3.492	-99	-99	-99	-99	-99	-99	-99	-99
19.01.2021	0.336	3.41	-99	-99	-99	-99	-99	-99	-99	-99
20.01.2021	0.329	3.319	-99	-99	-99	-99	-99	-99	-99	-99
21.01.2021	0.322	3.219	-99	-99	-99	-99	-99	-99	-99	-99
22.01.2021	0.321	3.112	-99	-99	-99	-99	-99	-99	-99	-99
23.01.2021	0.34	2.959	-99	-99	-99	-99	-99	-99	-99	-99
24.01.2021	0.348	2.958	-99	-99	-99	-99	-99	-99	-99	-99
25.01.2021	0.331	2.849	-99	-99	-99	-99	-99	-99	-99	-99
26.01.2021	0.319	2.783	-99	-99	-99	-99	-99	-99	-99	-99
27.01.2021	0.313	2.704	-99	-99	-99	-99	-99	-99	-99	-99
28.01.2021	0.302	2.627	-99	-99	-99	-99	-99	-99	-99	-99
29.01.2021	0.293	2.57	-99	-99	-99	-99	-99	-99	-99	-99
30.01.2021	0.292	2.555	-99	-99	-99	-99	-99	-99	-99	-99
31.01.2021	0.299	2.591	-99	-99	-99	-99	-99	-99	-99	-99
01.02.2021	0.291	2.521	-99	-99	-99	-99	-99	-99	-99	-99
02.02.2021	0.278	2.439	-99	-99	-99	-99	-99	-99	-99	-99
03.02.2021	0.272	2.361	-99	-99	-99	-99	-99	-99	-99	-99
04.02.2021	0.268	2.358	-99	-99	-99	-99	-99	-99	-99	-99
05.02.2021	0.258	2.224	-99	-99	-99	-99	-99	-99	-99	-99
06.02.2021	0.248	2.88	-99	-99	-99	-99	-99	-99	-99	-99
07.02.2021	0.242	2.121	-99	-99	-99	-99	-99	-99	-99	-99
08.02.2021	0.233	2.604	-99	-99	-99	-99	-99	-99	-99	-99
09.02.2021	0.225	1.874	-99	-99	-99	-99	-99	-99	-99	-99
10.02.2021	0.215	1.868	-99	-99	-99	-99	-99	-99	-99	-99
11.02.2021	0.212	1.78	-99	-99	-99	-99	-99	-99	-99	-99
12.02.2021	0.199	1.709	-99	-99	-99	-99	-99	-99	-99	-99
13.02.2021	0.199	1.672	-99	-99	-99	-99	-99	-99	-99	-99
14.02.2021	0.215	1.648	-99	-99	-99	-99	-99	-99	-99	-99
15.02.2021	0.223	1.621	-99	-99	-99	-99	-99	-99	-99	-99
16.02.2021	0.221	1.639	-99	-99	-99	-99	-99	-99	-99	-99
17.02.2021	0.204	1.635	-99	-99	-99	-99	-99	-99	-99	-99
18.02.2021	0.2	1.537	-99	-99	-99	-99	-99	-99	-99	-99
19.02.2021	0.196	1.453	-99	-99	-99	-99	-99	-99	-99	-99
20.02.2021	0.192	1.457	-99	-99	-99	-99	-99	-99	-99	-99
21.02.2021	0.26	1.592	-99	-99	-99	-99	-99	-99	-99	-99
22.02.2021	0.301	1.909	-99	-99	-99	-99	-99	-99	-99	-99
23.02.2021	0.42	2.49	-99	-99	-99	-99	-99	-99	-99	-99
24.02.2021	0.878	3.592	-99	-99	-99	-99	-99	-99	-99	-99
25.02.2021	0.912	5.105	-99	-99	-99	-99	-99	-99	-99	-99
26.02.2021	0.683	6.823	-99	-99	-99	-99	-99	-99	-99	-99
27.02.2021	0.612	7.83	-99	-99	-99	-99	-99	-99	-99	-99
28.02.2021	0.675	8.186	-99	-99	-99	-99	-99	-99	-99	-99
01.03.2021	0.748	8.191	-99	-99	-99	-99	-99	-99	-99	-99
02.03.2021	1.117	9.232	-99	-99	-99	-99	-99	-99	-99	-99
03.03.2021	0.895	9.814	-99	-99	-99	-99	-99	-99	-99	-99
04.03.2021	0.677	9.837	-99	-99	-99	-99	-99	-99	-99	-99
05.03.2021	0.601	9.441	-99	-99	-99	-99	-99	-99	-99	-99
06.03.2021	0.578	9.289	-99	-99	-99	-99	-99	-99	-99	-99
07.03.2021	0.684	9.513	-99	-99	-99	-99	-99	-99	-99	-99
08.03.2021	0.776	9.402	-99	-99	-99	-99	-99	-99	-99	-99
09.03.2021	0.607	8.498	-99	-99	-99	-99	-99	-99	-99	-99
10.03.2021	0.589	8.301	-99	-99	-99	-99	-99	-99	-99	-99
11.03.2021	0.561	7.64	-99	-99	-99	-99	-99	-99	-99	-99
12.03.2021	0.53	6.824	-99	-99	-99	-99	-99	-99	-99	-99
13.03.2021	0.485	6.489	-99	-99	-99	-99	-99	-99	-99	-99
14.03.2021	0.451	6.173	-99	-99	-99	-99	-99	-99	-99	-99
15.03.2021	0.451	5.791	-99	-99	-99	-99	-99	-99	-99	-99
16.03.2021	0.398	5.505	-99	-99	-99	-99	-99	-99	-99	-99
17.03.2021	0.382	5.244	-99	-99	-99	-99	-99	-99	-99	-99
18.03.2021	0.364	5.751	-99	-99	-99	-99	-99	-99	-99	-99
19.03.2021	0.349	4.761	-99	-99	-99	-99	-99	-99	-99	-99
20.03.2021	0.376	4.566	-99	-99	-99	-99	-99	-99	-99	-99
21.03.2021	0.442	4.77	-99	-99	-99	-99	-99	-99	-99	-99
22.03.2021	0.448	4.899	-99	-99	-99	-99	-99	-99	-99	-99
23.03.2021	0.527	4.824	-99	-99	-99	-99	-99	-99	-99	-99
24.03.2021	0.55	5.196	-99	-99	-99	-99	-99	-99	-99	-99
25.03.2021	0.492	5.969	-99	-99	-99	-99	-99	-99	-99	-99
26.03.2021	0.476	5.929	-99	-99	-99	-99	-99	-99	-99	-99
27.03.2021	0.541	6.176	-99	-99	-99	-99	-99	-99	-99	-99
28.03.2021	0.484	6.335	-99	-99	-99	-99	-99	-99	-99	-99
29.03.2021	0.815	6.71	-99	-99	-99	-99	-99	-99	-99	-99
30.03.2021	0.893	8.374	-99	-99	-99	-99	-99	-99	-99	-99
31.03.2021	0.741	9.582	-99	-99	-99	-99	-99	-99	-99	-99
01.04.2021	0.626	9.597	-99	-99	-99	-99	-99	-99	-99	-99
02.04.2021	0.556	9.423	-99	-99	-99	-99	-99	-99	-99	-99
03.04.2021	0.528	9.198	-99	-99	-99	-99	-99	-99	-99	-99
04.04.2021	0.482	8.515	-99	-99	-99	-99	-99	-99	-99	-99
05.04.2021	0.292	9.959	-99	-99	-99	-99	-99	-99	-99	-99
06.04.2021	1.399	9.555	-99	-99	-99	-99	-99	-99	-99	-99
07.04.2021	1.418	9.299	-99	-99	-99	-99	-99	-99	-99	-99
08.04.2021	1.459	9.101	-99	-99	-99	-99	-99	-99	-99	-99
09.04.2021	1.108	8.692	-99	-99	-99	-99	-99	-99	-99	-99
10.04.2021	1.88	8.751	-99	-99	-99	-99	-99	-99	-99	-99
11.04.2021	1.113	8.547	-99	-99	-99	-99	-99	-99	-99	-99
12.04.2021	1.303	8.139	-99	-99	-99	-99	-99	-99	-99	-99
13.04.2021	0.84	7.625	-99	-99	-99	-99	-99	-99	-99	-99
14.04.2021	0.751	7.405	-99	-99	-99	-99	-99	-99	-99	-99
15.04.2021	0.702	7.141	-99	-99	-99	-99	-99	-99	-99	-99
16.04.2021	0.635	6.928	-99	-99	-99	-99	-99	-99	-99	-99
17.04.2021	0.593	6.869	-99	-99	-99	-99	-99	-99	-99	-99
18.04.2021	0.658	6.994	-99	-99	-99	-99	-99	-99	-99	-99
19.04.2021	0.87	7.597	-99	-99	-99	-99	-99	-99	-99	-99
20.04.2021	0.97	8.602	-99	-99	-99	-99	-99	-99	-99	-99
21.04.2021	0.897	10.324	-99	-99	-99	-99	-99	-99	-99	-99
22.04.2021	0.691	10.765	-99	-99	-99	-99	-99	-99	-99	-99
23.04.2021	0.613	10.748	-99	-99	-99	-99	-99	-99	-99	-99
24.04.2021	0.558	10.339	-99	-99	-99	-99	-99	-99	-99	-99
25.04.2021	0.515	9.774	-99	-99	-99	-99	-99	-99	-99	-99
26.04.2021	0.484	9.247	-99	-99	-99	-99	-99	-99	-99	-99
27.04.2021	0.459	8.716	-99	-99	-99	-99	-99	-99	-99	-99
28.04.2021	0.449	8.266	-99	-99	-99	-99	-99	-99	-99	-99
29.04.2021	0.457	7.901	-99	-99	-99	-99	-99	-99	-99	-99
30.04.2021	0.466	7.541	-99	-99	-99	-99	-99	-99	-99	-99
01.05.2021	0.48	7.289	-99	-99	-99	-99	-99	-99	-99	-99
02.05.2021	0.464	7.106	-99	-99	-99	-99	-99	-99	-99	-99
03.05.2021	0.446	6.975	-99	-99	-99	-99	-99	-99	-99	-99
04.05.2021	0.452	6.913	-99	-99	-99	-99	-99	-99	-99	-99
05.05.2021	0.486	6.797	-99	-99	-99	-99	-99	-99	-99	-99
06.05.2021	0.527	6.539	-99	-99	-99	-99	-99	-99	-99	-99
07.05.2021	0.567	6.436	-99	-99	-99	-99	-99	-99	-99	-99
08.05.2021	0.596	6.41	-99	-99	-99	-99	-99	-99	-99	-99
09.05.2021	0.562	6.458	-99	-99	-99	-99	-99	-99	-99	-99
10.05.2021	1.301	6.744	-99	-99	-99	-99	-99	-99	-99	-99
11.05.2021	4.128	9.768	-99	-99	-99	-99	-99	-99	-99	-99
12.05.2021	2.993	14.817	-99	-99	-99	-99	-99	-99	-99	-99
13.05.2021	3.578	18.269	-99	-99	-99	-99	-99	-99	-99	-99
14.05.2021	5.726	22.688	-99	-99	-99	-99	-99	-99	-99	-99
15.05.2021	6.958	32.507	-99	-99	-99	-99	-99	-99	-99	-99
16.05.2021	6.962	43.99	-99	-99	-99	-99	-99	-99	-99	-99
17.05.2021	5.87	51.27	-99	-99	-99	-99	-99	-99	-99	-99
18.05.2021	5.196	51.617	-99	-99	-99	-99	-99	-99	-99	-99
19.05.2021	4.494	48.943	-99	-99	-99	-99	-99	-99	-99	-99
20.05.2021	4.426	46.778	-99	-99	-99	-99	-99	-99	-99	-99
21.05.2021	3.829	43.271	-99	-99	-99	-99	-99	-99	-99	-99
22.05.2021	3.987	40.45	-99	-99	-99	-99	-99	-99	-99	-99
23.05.2021	4.169	38.874	-99	-99	-99	-99	-99	-99	-99	-99
24.05.2021	4.163	38.107	-99	-99	-99	-99	-99	-99	-99	-99
25.05.2021	4.945	38.535	-99	-99	-99	-99	-99	-99	-99	-99
26.05.2021	6.236	40.593	-99	-99	-99	-99	-99	-99	-99	-99
27.05.2021	5.68	42.578	-99	-99	-99	-99	-99	-99	-99	-99
28.05.2021	5.498	42.773	-99	-99	-99	-99	-99	-99	-99	-99
29.05.2021	6.198	43.462	-99	-99	-99	-99	-99	-99	-99	-99
30.05.2021	7.742	47.693	-99	-99	-99	-99	-99	-99	-99	-99
31.05.2021	8.31	54.493	-99	-99	-99	-99	-99	-99	-99	-99
01.06.2021	8.251	59.287	-99	-99	-99	-99	-99	-99	-99	-99
02.06.2021	9.104	63.904	-99	-99	-99	-99	-99	-99	-99	-99
03.06.2021	9.547	70.456	-99	-99	-99	-99	-99	-99	-99	-99
04.06.2021	9.855	75.168	-99	-99	-99	-99	-99	-99	-99	-99
05.06.2021	10.416	79.491	-99	-99	-99	-99	-99	-99	-99	-99
06.06.2021	9.551	81.517	-99	-99	-99	-99	-99	-99	-99	-99
07.06.2021	8.927	81.217	-99	-99	-99	-99	-99	-99	-99	-99
08.06.2021	8.763	79.769	-99	-99	-99	-99	-99	-99	-99	-99
09.06.2021	7.958	77.566	-99	-99	-99	-99	-99	-99	-99	-99
10.06.2021	7.872	76.304	-99	-99	-99	-99	-99	-99	-99	-99
11.06.2021	9.849	81.572	-99	-99	-99	-99	-99	-99	-99	-99
12.06.2021	11.369	99.422	-99	-99	-99	-99	-99	-99	-99	-99
13.06.2021	7.549	98.438	-99	-99	-99	-99	-99	-99	-99	-99
14.06.2021	9.384	94.441	-99	-99	-99	-99	-99	-99	-99	-99
15.06.2021	8.186	93.574	-99	-99	-99	-99	-99	-99	-99	-99
16.06.2021	6.488	86.638	-99	-99	-99	-99	-99	-99	-99	-99
17.06.2021	7.7	84.449	-99	-99	-99	-99	-99	-99	-99	-99
18.06.2021	7.825	86.314	-99	-99	-99	-99	-99	-99	-99	-99
19.06.2021	6.316	81.911	-99	-99	-99	-99	-99	-99	-99	-99
20.06.2021	5.692	73.191	-99	-99	-99	-99	-99	-99	-99	-99
21.06.2021	5.899	67.733	-99	-99	-99	-99	-99	-99	-99	-99
22.06.2021	5.743	64.576	-99	-99	-99	-99	-99	-99	-99	-99
23.06.2021	5.145	60.791	-99	-99	-99	-99	-99	-99	-99	-99
24.06.2021	4.923	57.407	-99	-99	-99	-99	-99	-99	-99	-99
25.06.2021	5.575	56.848	-99	-99	-99	-99	-99	-99	-99	-99
26.06.2021	5.842	58.192	-99	-99	-99	-99	-99	-99	-99	-99
27.06.2021	5.963	59.519	-99	-99	-99	-99	-99	-99	-99	-99
28.06.2021	5.645	59.53	-99	-99	-99	-99	-99	-99	-99	-99
29.06.2021	5.215	57.679	-99	-99	-99	-99	-99	-99	-99	-99
30.06.2021	4.855	55.749	-99	-99	-99	-99	-99	-99	-99	-99
01.07.2021	4.367	53.461	-99	-99	-99	-99	-99	-99	-99	-99
02.07.2021	4.225	51.696	-99	-99	-99	-99	-99	-99	-99	-99
03.07.2021	4.497	51.259	-99	-99	-99	-99	-99	-99	-99	-99
04.07.2021	4.906	53.368	-99	-99	-99	-99	-99	-99	-99	-99
05.07.2021	5.209	56.618	-99	-99	-99	-99	-99	-99	-99	-99
06.07.2021	5.539	60.856	-99	-99	-99	-99	-99	-99	-99	-99
07.07.2021	5.253	64.152	-99	-99	-99	-99	-99	-99	-99	-99
08.07.2021	4.601	65.212	-99	-99	-99	-99	-99	-99	-99	-99
09.07.2021	4.13	63.489	-99	-99	-99	-99	-99	-99	-99	-99
10.07.2021	4.126	61.942	-99	-99	-99	-99	-99	-99	-99	-99
11.07.2021	4.54	62.926	-99	-99	-99	-99	-99	-99	-99	-99
12.07.2021	4.363	61.972	-99	-99	-99	-99	-99	-99	-99	-99
13.07.2021	3.645	59.193	-99	-99	-99	-99	-99	-99	-99	-99
14.07.2021	3.781	57.749	-99	-99	-99	-99	-99	-99	-99	-99
15.07.2021	3.869	57.599	-99	-99	-99	-99	-99	-99	-99	-99
16.07.2021	3.4	56.859	-99	-99	-99	-99	-99	-99	-99	-99
17.07.2021	3.306	53.547	-99	-99	-99	-99	-99	-99	-99	-99
18.07.2021	4.765	57.201	-99	-99	-99	-99	-99	-99	-99	-99
19.07.2021	3.656	57.36	-99	-99	-99	-99	-99	-99	-99	-99
20.07.2021	3.281	53.338	-99	-99	-99	-99	-99	-99	-99	-99
21.07.2021	2.797	50.471	-99	-99	-99	-99	-99	-99	-99	-99
22.07.2021	2.495	45.898	-99	-99	-99	-99	-99	-99	-99	-99
23.07.2021	2.441	43.539	-99	-99	-99	-99	-99	-99	-99	-99
24.07.2021	2.452	42.8	-99	-99	-99	-99	-99	-99	-99	-99
25.07.2021	2.577	43.57	-99	-99	-99	-99	-99	-99	-99	-99
26.07.2021	2.665	46.13	-99	-99	-99	-99	-99	-99	-99	-99
27.07.2021	2.8	48.772	-99	-99	-99	-99	-99	-99	-99	-99
28.07.2021	3.185	52.975	-99	-99	-99	-99	-99	-99	-99	-99
29.07.2021	3.227	54.635	-99	-99	-99	-99	-99	-99	-99	-99
30.07.2021	3.76	55.403	-99	-99	-99	-99	-99	-99	-99	-99
31.07.2021	2.572	53.469	-99	-99	-99	-99	-99	-99	-99	-99
01.08.2021	2.361	49.254	-99	-99	-99	-99	-99	-99	-99	-99
02.08.2021	2.892	44.921	-99	-99	-99	-99	-99	-99	-99	-99
03.08.2021	1.829	40.347	-99	-99	-99	-99	-99	-99	-99	-99
04.08.2021	1.66	36.372	-99	-99	-99	-99	-99	-99	-99	-99
05.08.2021	1.595	33.748	-99	-99	-99	-99	-99	-99	-99	-99
06.08.2021	1.632	32.659	-99	-99	-99	-99	-99	-99	-99	-99
07.08.2021	1.671	32.772	-99	-99	-99	-99	-99	-99	-99	-99
08.08.2021	1.665	32.555	-99	-99	-99	-99	-99	-99	-99	-99
09.08.2021	1.634	32.244	-99	-99	-99	-99	-99	-99	-99	-99
10.08.2021	1.812	32.409	-99	-99	-99	-99	-99	-99	-99	-99
11.08.2021	2.126	33.666	-99	-99	-99	-99	-99	-99	-99	-99
12.08.2021	1.968	33.887	-99	-99	-99	-99	-99	-99	-99	-99
13.08.2021	2.264	34.311	-99	-99	-99	-99	-99	-99	-99	-99
14.08.2021	6.457	42.358	-99	-99	-99	-99	-99	-99	-99	-99
15.08.2021	4.274	50.341	-99	-99	-99	-99	-99	-99	-99	-99
16.08.2021	3.777	49.831	-99	-99	-99	-99	-99	-99	-99	-99
17.08.2021	2.894	47.704	-99	-99	-99	-99	-99	-99	-99	-99
18.08.2021	2.462	44.197	-99	-99	-99	-99	-99	-99	-99	-99
19.08.2021	3.235	43.406	-99	-99	-99	-99	-99	-99	-99	-99
20.08.2021	3.508	43.373	-99	-99	-99	-99	-99	-99	-99	-99
21.08.2021	2.868	41.812	-99	-99	-99	-99	-99	-99	-99	-99
22.08.2021	2.303	38.744	-99	-99	-99	-99	-99	-99	-99	-99
23.08.2021	1.99	35.165	-99	-99	-99	-99	-99	-99	-99	-99
24.08.2021	1.869	31.644	-99	-99	-99	-99	-99	-99	-99	-99
25.08.2021	3.881	34.447	-99	-99	-99	-99	-99	-99	-99	-99
26.08.2021	2.891	38.283	-99	-99	-99	-99	-99	-99	-99	-99
27.08.2021	2.292	37.165	-99	-99	-99	-99	-99	-99	-99	-99
28.08.2021	1.97	34.662	-99	-99	-99	-99	-99	-99	-99	-99
29.08.2021	1.756	32.181	-99	-99	-99	-99	-99	-99	-99	-99
30.08.2021	1.611	30.104	-99	-99	-99	-99	-99	-99	-99	-99
31.08.2021	1.488	28.347	-99	-99	-99	-99	-99	-99	-99	-99
01.09.2021	1.52	26.57	-99	-99	-99	-99	-99	-99	-99	-99
02.09.2021	1.902	26.868	-99	-99	-99	-99	-99	-99	-99	-99
03.09.2021	2.28	28.999	-99	-99	-99	-99	-99	-99	-99	-99
04.09.2021	2.117	29.89	-99	-99	-99	-99	-99	-99	-99	-99
05.09.2021	1.677	28.216	-99	-99	-99	-99	-99	-99	-99	-99
06.09.2021	1.529	26.572	-99	-99	-99	-99	-99	-99	-99	-99
07.09.2021	2.284	28.172	-99	-99	-99	-99	-99	-99	-99	-99
08.09.2021	3.461	34.223	-99	-99	-99	-99	-99	-99	-99	-99
09.09.2021	6.791	45.515	-99	-99	-99	-99	-99	-99	-99	-99
10.09.2021	5.344	54.332	-99	-99	-99	-99	-99	-99	-99	-99
11.09.2021	4.244	57.711	-99	-99	-99	-99	-99	-99	-99	-99
12.09.2021	4.492	60.685	-99	-99	-99	-99	-99	-99	-99	-99
13.09.2021	3.56	57.359	-99	-99	-99	-99	-99	-99	-99	-99
14.09.2021	2.355	49.952	-99	-99	-99	-99	-99	-99	-99	-99
15.09.2021	2.1	42.73	-99	-99	-99	-99	-99	-99	-99	-99
16.09.2021	1.78	37.374	-99	-99	-99	-99	-99	-99	-99	-99
17.09.2021	1.61	33.936	-99	-99	-99	-99	-99	-99	-99	-99
18.09.2021	1.42	30.347	-99	-99	-99	-99	-99	-99	-99	-99
19.09.2021	1.275	27.132	-99	-99	-99	-99	-99	-99	-99	-99
20.09.2021	1.177	24.887	-99	-99	-99	-99	-99	-99	-99	-99
21.09.2021	1.48	24.523	-99	-99	-99	-99	-99	-99	-99	-99
22.09.2021	2.563	25.449	-99	-99	-99	-99	-99	-99	-99	-99
23.09.2021	3.579	30.526	-99	-99	-99	-99	-99	-99	-99	-99
24.09.2021	4.422	33.383	-99	-99	-99	-99	-99	-99	-99	-99
25.09.2021	5.562	40.773	-99	-99	-99	-99	-99	-99	-99	-99
26.09.2021	3.502	41.794	-99	-99	-99	-99	-99	-99	-99	-99
27.09.2021	3.17	42.709	-99	-99	-99	-99	-99	-99	-99	-99
28.09.2021	4.679	51.842	-99	-99	-99	-99	-99	-99	-99	-99
29.09.2021	2.916	51.257	-99	-99	-99	-99	-99	-99	-99	-99
30.09.2021	2.353	45.833	-99	-99	-99	-99	-99	-99	-99	-99
01.10.2021	2.217	40.757	-99	-99	-99	-99	-99	-99	-99	-99
02.10.2021	1.911	37.734	-99	-99	-99	-99	-99	-99	-99	-99
03.10.2021	4.113	37.257	-99	-99	-99	-99	-99	-99	-99	-99
04.10.2021	3.605	41.742	-99	-99	-99	-99	-99	-99	-99	-99
05.10.2021	2.311	40.516	-99	-99	-99	-99	-99	-99	-99	-99
06.10.2021	1.991	36.966	-99	-99	-99	-99	-99	-99	-99	-99
07.10.2021	1.865	33.587	-99	-99	-99	-99	-99	-99	-99	-99
08.10.2021	3.191	34.861	-99	-99	-99	-99	-99	-99	-99	-99
09.10.2021	2.741	39.633	-99	-99	-99	-99	-99	-99	-99	-99
10.10.2021	4.998	46.321	-99	-99	-99	-99	-99	-99	-99	-99
11.10.2021	4.717	52.151	-99	-99	-99	-99	-99	-99	-99	-99
12.10.2021	3.239	50.218	-99	-99	-99	-99	-99	-99	-99	-99
13.10.2021	2.725	45.188	-99	-99	-99	-99	-99	-99	-99	-99
14.10.2021	9.956	59.735	-99	-99	-99	-99	-99	-99	-99	-99
15.10.2021	7.234	89.816	-99	-99	-99	-99	-99	-99	-99	-99
16.10.2021	4.334	81.314	-99	-99	-99	-99	-99	-99	-99	-99
17.10.2021	3.104	68.616	-99	-99	-99	-99	-99	-99	-99	-99
18.10.2021	2.398	56.103	-99	-99	-99	-99	-99	-99	-99	-99
19.10.2021	2.367	47.173	-99	-99	-99	-99	-99	-99	-99	-99
20.10.2021	9.935	72.126	-99	-99	-99	-99	-99	-99	-99	-99
21.10.2021	6.176	102.956	-99	-99	-99	-99	-99	-99	-99	-99
22.10.2021	4.303	93.381	-99	-99	-99	-99	-99	-99	-99	-99
23.10.2021	3.272	81.136	-99	-99	-99	-99	-99	-99	-99	-99
24.10.2021	2.625	67.273	-99	-99	-99	-99	-99	-99	-99	-99
25.10.2021	2.957	61.605	-99	-99	-99	-99	-99	-99	-99	-99
26.10.2021	2.697	59.249	-99	-99	-99	-99	-99	-99	-99	-99
27.10.2021	4.438	57.645	-99	-99	-99	-99	-99	-99	-99	-99
28.10.2021	7.714	65.791	-99	-99	-99	-99	-99	-99	-99	-99
29.10.2021	9.377	91.876	-99	-99	-99	-99	-99	-99	-99	-99
30.10.2021	6.566	94.722	-99	-99	-99	-99	-99	-99	-99	-99
31.10.2021	5.239	84.915	-99	-99	-99	-99	-99	-99	-99	-99
01.11.2021	3.479	72.74	-99	-99	-99	-99	-99	-99	-99	-99
02.11.2021	2.688	59.946	-99	-99	-99	-99	-99	-99	-99	-99
03.11.2021	2.197	49.932	-99	-99	-99	-99	-99	-99	-99	-99
04.11.2021	1.807	41.612	-99	-99	-99	-99	-99	-99	-99	-99
05.11.2021	1.58	35.174	-99	-99	-99	-99	-99	-99	-99	-99
06.11.2021	1.502	31.198	-99	-99	-99	-99	-99	-99	-99	-99
07.11.2021	1.274	27.468	-99	-99	-99	-99	-99	-99	-99	-99
08.11.2021	1.618	23.581	-99	-99	-99	-99	-99	-99	-99	-99
09.11.2021	1.147	21.347	-99	-99	-99	-99	-99	-99	-99	-99
10.11.2021	1.371	21.309	-99	-99	-99	-99	-99	-99	-99	-99
11.11.2021	1.331	22.477	-99	-99	-99	-99	-99	-99	-99	-99
12.11.2021	1.281	23.295	-99	-99	-99	-99	-99	-99	-99	-99
13.11.2021	1.742	21.493	-99	-99	-99	-99	-99	-99	-99	-99
14.11.2021	0.932	19.568	-99	-99	-99	-99	-99	-99	-99	-99
15.11.2021	0.805	17.965	-99	-99	-99	-99	-99	-99	-99	-99
16.11.2021	0.902	16.939	-99	-99	-99	-99	-99	-99	-99	-99
17.11.2021	1.29	17.597	-99	-99	-99	-99	-99	-99	-99	-99
18.11.2021	1.946	17.507	-99	-99	-99	-99	-99	-99	-99	-99
19.11.2021	4.144	23.645	-99	-99	-99	-99	-99	-99	-99	-99
20.11.2021	2.465	32.235	-99	-99	-99	-99	-99	-99	-99	-99
21.11.2021	1.77	31.14	-99	-99	-99	-99	-99	-99	-99	-99
22.11.2021	1.486	28.53	-99	-99	-99	-99	-99	-99	-99	-99
23.11.2021	1.436	26.547	-99	-99	-99	-99	-99	-99	-99	-99
24.11.2021	1.748	27.712	-99	-99	-99	-99	-99	-99	-99	-99
25.11.2021	1.456	27.921	-99	-99	-99	-99	-99	-99	-99	-99
26.11.2021	1.975	25.703	-99	-99	-99	-99	-99	-99	-99	-99
27.11.2021	0.978	22.651	-99	-99	-99	-99	-99	-99	-99	-99
28.11.2021	1.565	19.913	-99	-99	-99	-99	-99	-99	-99	-99
29.11.2021	2.548	17.637	-99	-99	-99	-99	-99	-99	-99	-99
30.11.2021	3.784	15.847	-99	-99	-99	-99	-99	-99	-99	-99
01.12.2021	4.893	14.292	-99	-99	-99	-99	-99	-99	-99	-99
02.12.2021	1.133	13.274	-99	-99	-99	-99	-99	-99	-99	-99
03.12.2021	1.248	12.385	-99	-99	-99	-99	-99	-99	-99	-99
04.12.2021	0.782	11.513	-99	-99	-99	-99	-99	-99	-99	-99
05.12.2021	0.418	10.285	-99	-99	-99	-99	-99	-99	-99	-99
06.12.2021	2.623	9.442	-99	-99	-99	-99	-99	-99	-99	-99
07.12.2021	2.259	8.77	-99	-99	-99	-99	-99	-99	-99	-99
08.12.2021	0.309	8.778	-99	-99	-99	-99	-99	-99	-99	-99
09.12.2021	0.269	7.342	-99	-99	-99	-99	-99	-99	-99	-99
10.12.2021	0.238	6.785	-99	-99	-99	-99	-99	-99	-99	-99
11.12.2021	0.217	6.197	-99	-99	-99	-99	-99	-99	-99	-99
12.12.2021	0.212	5.914	-99	-99	-99	-99	-99	-99	-99	-99
13.12.2021	0.221	5.653	-99	-99	-99	-99	-99	-99	-99	-99
14.12.2021	0.239	5.845	-99	-99	-99	-99	-99	-99	-99	-99
15.12.2021	0.367	7.976	-99	-99	-99	-99	-99	-99	-99	-99
16.12.2021	0.567	9.612	-99	-99	-99	-99	-99	-99	-99	-99
17.12.2021	0.87	11.337	-99	-99	-99	-99	-99	-99	-99	-99
18.12.2021	1.619	13.144	-99	-99	-99	-99	-99	-99	-99	-99
19.12.2021	1.602	17.276	-99	-99	-99	-99	-99	-99	-99	-99
20.12.2021	1.134	17.812	-99	-99	-99	-99	-99	-99	-99	-99
21.12.2021	0.881	16.811	-99	-99	-99	-99	-99	-99	-99	-99
22.12.2021	0.714	15.655	-99	-99	-99	-99	-99	-99	-99	-99
23.12.2021	0.617	14.407	-99	-99	-99	-99	-99	-99	-99	-99
24.12.2021	1.178	13.236	-99	-99	-99	-99	-99	-99	-99	-99
25.12.2021	1.605	12.227	-99	-99	-99	-99	-99	-99	-99	-99
26.12.2021	1.643	11.46	-99	-99	-99	-99	-99	-99	-99	-99
27.12.2021	1.687	10.612	-99	-99	-99	-99	-99	-99	-99	-99
28.12.2021	1.755	9.863	-99	-99	-99	-99	-99	-99	-99	-99
29.12.2021	2.265	9.599	-99	-99	-99	-99	-99	-99	-99	-99
30.12.2021	1.698	8.612	-99	-99	-99	-99	-99	-99	-99	-99
31.12.2021	0.524	8.682	-99	-99	-99	-99	-99	-99	-99	-99
01.01.2022	0.491	8.891	-99	-99	-99	-99	-99	-99	-99	-99
02.01.2022	0.418	9.672	-99	-99	-99	-99	-99	-99	-99	-99
03.01.2022	0.527	10.66	-99	-99	-99	-99	-99	-99	-99	-99
04.01.2022	0.474	10.804	-99	-99	-99	-99	-99	-99	-99	-99
05.01.2022	0.681	10.349	-99	-99	-99	-99	-99	-99	-99	-99
06.01.2022	0.559	9.89	-99	-99	-99	-99	-99	-99	-99	-99
07.01.2022	1.79	9.435	-99	-99	-99	-99	-99	-99	-99	-99
08.01.2022	2.488	8.739	-99	-99	-99	-99	-99	-99	-99	-99
09.01.2022	2.35	8.379	-99	-99	-99	-99	-99	-99	-99	-99
10.01.2022	0.944	7.394	-99	-99	-99	-99	-99	-99	-99	-99
11.01.2022	0.237	6.981	-99	-99	-99	-99	-99	-99	-99	-99
12.01.2022	7.545	8.563	-99	-99	-99	-99	-99	-99	-99	-99
13.01.2022	10.499	35.411	-99	-99	-99	-99	-99	-99	-99	-99
14.01.2022	4.418	67.186	-99	-99	-99	-99	-99	-99	-99	-99
15.01.2022	2.448	59.8	-99	-99	-99	-99	-99	-99	-99	-99
16.01.2022	2.56	49.338	-99	-99	-99	-99	-99	-99	-99	-99
17.01.2022	0.816	42.143	-99	-99	-99	-99	-99	-99	-99	-99
18.01.2022	0.517	35.585	-99	-99	-99	-99	-99	-99	-99	-99
19.01.2022	1.285	32.662	-99	-99	-99	-99	-99	-99	-99	-99
20.01.2022	0.948	30.924	-99	-99	-99	-99	-99	-99	-99	-99
21.01.2022	1.921	27.546	-99	-99	-99	-99	-99	-99	-99	-99
22.01.2022	1.658	24.303	-99	-99	-99	-99	-99	-99	-99	-99
23.01.2022	1.362	21.685	-99	-99	-99	-99	-99	-99	-99	-99
24.01.2022	1.356	22.934	-99	-99	-99	-99	-99	-99	-99	-99
25.01.2022	1.265	22.93	-99	-99	-99	-99	-99	-99	-99	-99
26.01.2022	1.244	22.435	-99	-99	-99	-99	-99	-99	-99	-99
27.01.2022	1.283	22.341	-99	-99	-99	-99	-99	-99	-99	-99
28.01.2022	1.346	21.812	-99	-99	-99	-99	-99	-99	-99	-99
29.01.2022	1.399	21.413	-99	-99	-99	-99	-99	-99	-99	-99
30.01.2022	0.907	22.214	-99	-99	-99	-99	-99	-99	-99	-99
31.01.2022	2.511	20.734	-99	-99	-99	-99	-99	-99	-99	-99
01.02.2022	1.796	18.983	-99	-99	-99	-99	-99	-99	-99	-99
02.02.2022	1.321	17.161	-99	-99	-99	-99	-99	-99	-99	-99
03.02.2022	1.105	15.751	-99	-99	-99	-99	-99	-99	-99	-99
04.02.2022	0.99	14.701	-99	-99	-99	-99	-99	-99	-99	-99
05.02.2022	0.974	14.393	-99	-99	-99	-99	-99	-99	-99	-99
06.02.2022	1.252	13.612	-99	-99	-99	-99	-99	-99	-99	-99
