Name	Linge	Juvvashøe	Balestrand	Sandane
Eier	Met.no	Met.no	NIBIO	Met.no
Point ID	22	23	24	25
Network	Rstats	Rstats	Rstats	Rstats
RefSystem	utm-33n	utm-33n	utm-33n	utm-33n
HOH	34	1894	15	51
Missing	-99	-99	-99	-99
Xcoord	96923	149452	45629	36019
Ycoord	6930553	6856141	6814892	6882033
				
01.01.1980	-99	-99	-99	-99
02.01.1980	-99	-99	-99	-99
03.01.1980	-99	-99	-99	-99
04.01.1980	-99	-99	-99	-99
05.01.1980	-99	-99	-99	-99
06.01.1980	-99	-99	-99	-99
07.01.1980	-99	-99	-99	-99
08.01.1980	-99	-99	-99	-99
09.01.1980	-99	-99	-99	-99
10.01.1980	-99	-99	-99	-99
11.01.1980	-99	-99	-99	-99
12.01.1980	-99	-99	-99	-99
13.01.1980	-99	-99	-99	-99
14.01.1980	-99	-99	-99	-99
15.01.1980	-99	-99	-99	-99
16.01.1980	-99	-99	-99	-99
17.01.1980	-99	-99	-99	-99
18.01.1980	-99	-99	-99	-99
19.01.1980	-99	-99	-99	-99
20.01.1980	-99	-99	-99	-99
21.01.1980	-99	-99	-99	-99
22.01.1980	-99	-99	-99	-99
23.01.1980	-99	-99	-99	-99
24.01.1980	-99	-99	-99	-99
25.01.1980	-99	-99	-99	-99
26.01.1980	-99	-99	-99	-99
27.01.1980	-99	-99	-99	-99
28.01.1980	-99	-99	-99	-99
29.01.1980	-99	-99	-99	-99
30.01.1980	-99	-99	-99	-99
31.01.1980	-99	-99	-99	-99
01.02.1980	-99	-99	-99	-99
02.02.1980	-99	-99	-99	-99
03.02.1980	-99	-99	-99	-99
04.02.1980	-99	-99	-99	-99
05.02.1980	-99	-99	-99	-99
06.02.1980	-99	-99	-99	-99
07.02.1980	-99	-99	-99	-99
08.02.1980	-99	-99	-99	-99
09.02.1980	-99	-99	-99	-99
10.02.1980	-99	-99	-99	-99
11.02.1980	-99	-99	-99	-99
12.02.1980	-99	-99	-99	-99
13.02.1980	-99	-99	-99	-99
14.02.1980	-99	-99	-99	-99
15.02.1980	-99	-99	-99	-99
16.02.1980	-99	-99	-99	-99
17.02.1980	-99	-99	-99	-99
18.02.1980	-99	-99	-99	-99
19.02.1980	-99	-99	-99	-99
20.02.1980	-99	-99	-99	-99
21.02.1980	-99	-99	-99	-99
22.02.1980	-99	-99	-99	-99
23.02.1980	-99	-99	-99	-99
24.02.1980	-99	-99	-99	-99
25.02.1980	-99	-99	-99	-99
26.02.1980	-99	-99	-99	-99
27.02.1980	-99	-99	-99	-99
28.02.1980	-99	-99	-99	-99
29.02.1980	-99	-99	-99	-99
01.03.1980	-99	-99	-99	-99
02.03.1980	-99	-99	-99	-99
03.03.1980	-99	-99	-99	-99
04.03.1980	-99	-99	-99	-99
05.03.1980	-99	-99	-99	-99
06.03.1980	-99	-99	-99	-99
07.03.1980	-99	-99	-99	-99
08.03.1980	-99	-99	-99	-99
09.03.1980	-99	-99	-99	-99
10.03.1980	-99	-99	-99	-99
11.03.1980	-99	-99	-99	-99
12.03.1980	-99	-99	-99	-99
13.03.1980	-99	-99	-99	-99
14.03.1980	-99	-99	-99	-99
15.03.1980	-99	-99	-99	-99
16.03.1980	-99	-99	-99	-99
17.03.1980	-99	-99	-99	-99
18.03.1980	-99	-99	-99	-99
19.03.1980	-99	-99	-99	-99
20.03.1980	-99	-99	-99	-99
21.03.1980	-99	-99	-99	-99
22.03.1980	-99	-99	-99	-99
23.03.1980	-99	-99	-99	-99
24.03.1980	-99	-99	-99	-99
25.03.1980	-99	-99	-99	-99
26.03.1980	-99	-99	-99	-99
27.03.1980	-99	-99	-99	-99
28.03.1980	-99	-99	-99	-99
29.03.1980	-99	-99	-99	-99
30.03.1980	-99	-99	-99	-99
31.03.1980	-99	-99	-99	-99
01.04.1980	-99	-99	-99	-99
02.04.1980	-99	-99	-99	-99
03.04.1980	-99	-99	-99	-99
04.04.1980	-99	-99	-99	-99
05.04.1980	-99	-99	-99	-99
06.04.1980	-99	-99	-99	-99
07.04.1980	-99	-99	-99	-99
08.04.1980	-99	-99	-99	-99
09.04.1980	-99	-99	-99	-99
10.04.1980	-99	-99	-99	-99
11.04.1980	-99	-99	-99	-99
12.04.1980	-99	-99	-99	-99
13.04.1980	-99	-99	-99	-99
14.04.1980	-99	-99	-99	-99
15.04.1980	-99	-99	-99	-99
16.04.1980	-99	-99	-99	-99
17.04.1980	-99	-99	-99	-99
18.04.1980	-99	-99	-99	-99
19.04.1980	-99	-99	-99	-99
20.04.1980	-99	-99	-99	-99
21.04.1980	-99	-99	-99	-99
22.04.1980	-99	-99	-99	-99
23.04.1980	-99	-99	-99	-99
24.04.1980	-99	-99	-99	-99
25.04.1980	-99	-99	-99	-99
26.04.1980	-99	-99	-99	-99
27.04.1980	-99	-99	-99	-99
28.04.1980	-99	-99	-99	-99
29.04.1980	-99	-99	-99	-99
30.04.1980	-99	-99	-99	-99
01.05.1980	-99	-99	-99	-99
02.05.1980	-99	-99	-99	-99
03.05.1980	-99	-99	-99	-99
04.05.1980	-99	-99	-99	-99
05.05.1980	-99	-99	-99	-99
06.05.1980	-99	-99	-99	-99
07.05.1980	-99	-99	-99	-99
08.05.1980	-99	-99	-99	-99
09.05.1980	-99	-99	-99	-99
10.05.1980	-99	-99	-99	-99
11.05.1980	-99	-99	-99	-99
12.05.1980	-99	-99	-99	-99
13.05.1980	-99	-99	-99	-99
14.05.1980	-99	-99	-99	-99
15.05.1980	-99	-99	-99	-99
16.05.1980	-99	-99	-99	-99
17.05.1980	-99	-99	-99	-99
18.05.1980	-99	-99	-99	-99
19.05.1980	-99	-99	-99	-99
20.05.1980	-99	-99	-99	-99
21.05.1980	-99	-99	-99	-99
22.05.1980	-99	-99	-99	-99
23.05.1980	-99	-99	-99	-99
24.05.1980	-99	-99	-99	-99
25.05.1980	-99	-99	-99	-99
26.05.1980	-99	-99	-99	-99
27.05.1980	-99	-99	-99	-99
28.05.1980	-99	-99	-99	-99
29.05.1980	-99	-99	-99	-99
30.05.1980	-99	-99	-99	-99
31.05.1980	-99	-99	-99	-99
01.06.1980	-99	-99	-99	-99
02.06.1980	-99	-99	-99	-99
03.06.1980	-99	-99	-99	-99
04.06.1980	-99	-99	-99	-99
05.06.1980	-99	-99	-99	-99
06.06.1980	-99	-99	-99	-99
07.06.1980	-99	-99	-99	-99
08.06.1980	-99	-99	-99	-99
09.06.1980	-99	-99	-99	-99
10.06.1980	-99	-99	-99	-99
11.06.1980	-99	-99	-99	-99
12.06.1980	-99	-99	-99	-99
13.06.1980	-99	-99	-99	-99
14.06.1980	-99	-99	-99	-99
15.06.1980	-99	-99	-99	-99
16.06.1980	-99	-99	-99	-99
17.06.1980	-99	-99	-99	-99
18.06.1980	-99	-99	-99	-99
19.06.1980	-99	-99	-99	-99
20.06.1980	-99	-99	-99	-99
21.06.1980	-99	-99	-99	-99
22.06.1980	-99	-99	-99	-99
23.06.1980	-99	-99	-99	-99
24.06.1980	-99	-99	-99	-99
25.06.1980	-99	-99	-99	-99
26.06.1980	-99	-99	-99	-99
27.06.1980	-99	-99	-99	-99
28.06.1980	-99	-99	-99	-99
29.06.1980	-99	-99	-99	-99
30.06.1980	-99	-99	-99	-99
01.07.1980	-99	-99	-99	-99
02.07.1980	-99	-99	-99	-99
03.07.1980	-99	-99	-99	-99
04.07.1980	-99	-99	-99	-99
05.07.1980	-99	-99	-99	-99
06.07.1980	-99	-99	-99	-99
07.07.1980	-99	-99	-99	-99
08.07.1980	-99	-99	-99	-99
09.07.1980	-99	-99	-99	-99
10.07.1980	-99	-99	-99	-99
11.07.1980	-99	-99	-99	-99
12.07.1980	-99	-99	-99	-99
13.07.1980	-99	-99	-99	-99
14.07.1980	-99	-99	-99	-99
15.07.1980	-99	-99	-99	-99
16.07.1980	-99	-99	-99	-99
17.07.1980	-99	-99	-99	-99
18.07.1980	-99	-99	-99	-99
19.07.1980	-99	-99	-99	-99
20.07.1980	-99	-99	-99	-99
21.07.1980	-99	-99	-99	-99
22.07.1980	-99	-99	-99	-99
23.07.1980	-99	-99	-99	-99
24.07.1980	-99	-99	-99	-99
25.07.1980	-99	-99	-99	-99
26.07.1980	-99	-99	-99	-99
27.07.1980	-99	-99	-99	-99
28.07.1980	-99	-99	-99	-99
29.07.1980	-99	-99	-99	-99
30.07.1980	-99	-99	-99	-99
31.07.1980	-99	-99	-99	-99
01.08.1980	-99	-99	-99	-99
02.08.1980	-99	-99	-99	-99
03.08.1980	-99	-99	-99	-99
04.08.1980	-99	-99	-99	-99
05.08.1980	-99	-99	-99	-99
06.08.1980	-99	-99	-99	-99
07.08.1980	-99	-99	-99	-99
08.08.1980	-99	-99	-99	-99
09.08.1980	-99	-99	-99	-99
10.08.1980	-99	-99	-99	-99
11.08.1980	-99	-99	-99	-99
12.08.1980	-99	-99	-99	-99
13.08.1980	-99	-99	-99	-99
14.08.1980	-99	-99	-99	-99
15.08.1980	-99	-99	-99	-99
16.08.1980	-99	-99	-99	-99
17.08.1980	-99	-99	-99	-99
18.08.1980	-99	-99	-99	-99
19.08.1980	-99	-99	-99	-99
20.08.1980	-99	-99	-99	-99
21.08.1980	-99	-99	-99	-99
22.08.1980	-99	-99	-99	-99
23.08.1980	-99	-99	-99	-99
24.08.1980	-99	-99	-99	-99
25.08.1980	-99	-99	-99	-99
26.08.1980	-99	-99	-99	-99
27.08.1980	-99	-99	-99	-99
28.08.1980	-99	-99	-99	-99
29.08.1980	-99	-99	-99	-99
30.08.1980	-99	-99	-99	-99
31.08.1980	-99	-99	-99	-99
01.09.1980	-99	-99	-99	-99
02.09.1980	-99	-99	-99	-99
03.09.1980	-99	-99	-99	-99
04.09.1980	-99	-99	-99	-99
05.09.1980	-99	-99	-99	-99
06.09.1980	-99	-99	-99	-99
07.09.1980	-99	-99	-99	-99
08.09.1980	-99	-99	-99	-99
09.09.1980	-99	-99	-99	-99
10.09.1980	-99	-99	-99	-99
11.09.1980	-99	-99	-99	-99
12.09.1980	-99	-99	-99	-99
13.09.1980	-99	-99	-99	-99
14.09.1980	-99	-99	-99	-99
15.09.1980	-99	-99	-99	-99
16.09.1980	-99	-99	-99	-99
17.09.1980	-99	-99	-99	-99
18.09.1980	-99	-99	-99	-99
19.09.1980	-99	-99	-99	-99
20.09.1980	-99	-99	-99	-99
21.09.1980	-99	-99	-99	-99
22.09.1980	-99	-99	-99	-99
23.09.1980	-99	-99	-99	-99
24.09.1980	-99	-99	-99	-99
25.09.1980	-99	-99	-99	-99
26.09.1980	-99	-99	-99	-99
27.09.1980	-99	-99	-99	-99
28.09.1980	-99	-99	-99	-99
29.09.1980	-99	-99	-99	-99
30.09.1980	-99	-99	-99	-99
01.10.1980	-99	-99	-99	-99
02.10.1980	-99	-99	-99	-99
03.10.1980	-99	-99	-99	-99
04.10.1980	-99	-99	-99	-99
05.10.1980	-99	-99	-99	-99
06.10.1980	-99	-99	-99	-99
07.10.1980	-99	-99	-99	-99
08.10.1980	-99	-99	-99	-99
09.10.1980	-99	-99	-99	-99
10.10.1980	-99	-99	-99	-99
11.10.1980	-99	-99	-99	-99
12.10.1980	-99	-99	-99	-99
13.10.1980	-99	-99	-99	-99
14.10.1980	-99	-99	-99	-99
15.10.1980	-99	-99	-99	-99
16.10.1980	-99	-99	-99	-99
17.10.1980	-99	-99	-99	-99
18.10.1980	-99	-99	-99	-99
19.10.1980	-99	-99	-99	-99
20.10.1980	-99	-99	-99	-99
21.10.1980	-99	-99	-99	-99
22.10.1980	-99	-99	-99	-99
23.10.1980	-99	-99	-99	-99
24.10.1980	-99	-99	-99	-99
25.10.1980	-99	-99	-99	-99
26.10.1980	-99	-99	-99	-99
27.10.1980	-99	-99	-99	-99
28.10.1980	-99	-99	-99	-99
29.10.1980	-99	-99	-99	-99
30.10.1980	-99	-99	-99	-99
31.10.1980	-99	-99	-99	-99
01.11.1980	-99	-99	-99	-99
02.11.1980	-99	-99	-99	-99
03.11.1980	-99	-99	-99	-99
04.11.1980	-99	-99	-99	-99
05.11.1980	-99	-99	-99	-99
06.11.1980	-99	-99	-99	-99
07.11.1980	-99	-99	-99	-99
08.11.1980	-99	-99	-99	-99
09.11.1980	-99	-99	-99	-99
10.11.1980	-99	-99	-99	-99
11.11.1980	-99	-99	-99	-99
12.11.1980	-99	-99	-99	-99
13.11.1980	-99	-99	-99	-99
14.11.1980	-99	-99	-99	-99
15.11.1980	-99	-99	-99	-99
16.11.1980	-99	-99	-99	-99
17.11.1980	-99	-99	-99	-99
18.11.1980	-99	-99	-99	-99
19.11.1980	-99	-99	-99	-99
20.11.1980	-99	-99	-99	-99
21.11.1980	-99	-99	-99	-99
22.11.1980	-99	-99	-99	-99
23.11.1980	-99	-99	-99	-99
24.11.1980	-99	-99	-99	-99
25.11.1980	-99	-99	-99	-99
26.11.1980	-99	-99	-99	-99
27.11.1980	-99	-99	-99	-99
28.11.1980	-99	-99	-99	-99
29.11.1980	-99	-99	-99	-99
30.11.1980	-99	-99	-99	-99
01.12.1980	-99	-99	-99	-99
02.12.1980	-99	-99	-99	-99
03.12.1980	-99	-99	-99	-99
04.12.1980	-99	-99	-99	-99
05.12.1980	-99	-99	-99	-99
06.12.1980	-99	-99	-99	-99
07.12.1980	-99	-99	-99	-99
08.12.1980	-99	-99	-99	-99
09.12.1980	-99	-99	-99	-99
10.12.1980	-99	-99	-99	-99
11.12.1980	-99	-99	-99	-99
12.12.1980	-99	-99	-99	-99
13.12.1980	-99	-99	-99	-99
14.12.1980	-99	-99	-99	-99
15.12.1980	-99	-99	-99	-99
16.12.1980	-99	-99	-99	-99
17.12.1980	-99	-99	-99	-99
18.12.1980	-99	-99	-99	-99
19.12.1980	-99	-99	-99	-99
20.12.1980	-99	-99	-99	-99
21.12.1980	-99	-99	-99	-99
22.12.1980	-99	-99	-99	-99
23.12.1980	-99	-99	-99	-99
24.12.1980	-99	-99	-99	-99
25.12.1980	-99	-99	-99	-99
26.12.1980	-99	-99	-99	-99
27.12.1980	-99	-99	-99	-99
28.12.1980	-99	-99	-99	-99
29.12.1980	-99	-99	-99	-99
30.12.1980	-99	-99	-99	-99
31.12.1980	-99	-99	-99	-99
01.01.1981	-99	-99	-99	-99
02.01.1981	-99	-99	-99	-99
03.01.1981	-99	-99	-99	-99
04.01.1981	-99	-99	-99	-99
05.01.1981	-99	-99	-99	-99
06.01.1981	-99	-99	-99	-99
07.01.1981	-99	-99	-99	-99
08.01.1981	-99	-99	-99	-99
09.01.1981	-99	-99	-99	-99
10.01.1981	-99	-99	-99	-99
11.01.1981	-99	-99	-99	-99
12.01.1981	-99	-99	-99	-99
13.01.1981	-99	-99	-99	-99
14.01.1981	-99	-99	-99	-99
15.01.1981	-99	-99	-99	-99
16.01.1981	-99	-99	-99	-99
17.01.1981	-99	-99	-99	-99
18.01.1981	-99	-99	-99	-99
19.01.1981	-99	-99	-99	-99
20.01.1981	-99	-99	-99	-99
21.01.1981	-99	-99	-99	-99
22.01.1981	-99	-99	-99	-99
23.01.1981	-99	-99	-99	-99
24.01.1981	-99	-99	-99	-99
25.01.1981	-99	-99	-99	-99
26.01.1981	-99	-99	-99	-99
27.01.1981	-99	-99	-99	-99
28.01.1981	-99	-99	-99	-99
29.01.1981	-99	-99	-99	-99
30.01.1981	-99	-99	-99	-99
31.01.1981	-99	-99	-99	-99
01.02.1981	-99	-99	-99	-99
02.02.1981	-99	-99	-99	-99
03.02.1981	-99	-99	-99	-99
04.02.1981	-99	-99	-99	-99
05.02.1981	-99	-99	-99	-99
06.02.1981	-99	-99	-99	-99
07.02.1981	-99	-99	-99	-99
08.02.1981	-99	-99	-99	-99
09.02.1981	-99	-99	-99	-99
10.02.1981	-99	-99	-99	-99
11.02.1981	-99	-99	-99	-99
12.02.1981	-99	-99	-99	-99
13.02.1981	-99	-99	-99	-99
14.02.1981	-99	-99	-99	-99
15.02.1981	-99	-99	-99	-99
16.02.1981	-99	-99	-99	-99
17.02.1981	-99	-99	-99	-99
18.02.1981	-99	-99	-99	-99
19.02.1981	-99	-99	-99	-99
20.02.1981	-99	-99	-99	-99
21.02.1981	-99	-99	-99	-99
22.02.1981	-99	-99	-99	-99
23.02.1981	-99	-99	-99	-99
24.02.1981	-99	-99	-99	-99
25.02.1981	-99	-99	-99	-99
26.02.1981	-99	-99	-99	-99
27.02.1981	-99	-99	-99	-99
28.02.1981	-99	-99	-99	-99
01.03.1981	-99	-99	-99	-99
02.03.1981	-99	-99	-99	-99
03.03.1981	-99	-99	-99	-99
04.03.1981	-99	-99	-99	-99
05.03.1981	-99	-99	-99	-99
06.03.1981	-99	-99	-99	-99
07.03.1981	-99	-99	-99	-99
08.03.1981	-99	-99	-99	-99
09.03.1981	-99	-99	-99	-99
10.03.1981	-99	-99	-99	-99
11.03.1981	-99	-99	-99	-99
12.03.1981	-99	-99	-99	-99
13.03.1981	-99	-99	-99	-99
14.03.1981	-99	-99	-99	-99
15.03.1981	-99	-99	-99	-99
16.03.1981	-99	-99	-99	-99
17.03.1981	-99	-99	-99	-99
18.03.1981	-99	-99	-99	-99
19.03.1981	-99	-99	-99	-99
20.03.1981	-99	-99	-99	-99
21.03.1981	-99	-99	-99	-99
22.03.1981	-99	-99	-99	-99
23.03.1981	-99	-99	-99	-99
24.03.1981	-99	-99	-99	-99
25.03.1981	-99	-99	-99	-99
26.03.1981	-99	-99	-99	-99
27.03.1981	-99	-99	-99	-99
28.03.1981	-99	-99	-99	-99
29.03.1981	-99	-99	-99	-99
30.03.1981	-99	-99	-99	-99
31.03.1981	-99	-99	-99	-99
01.04.1981	-99	-99	-99	-99
02.04.1981	-99	-99	-99	-99
03.04.1981	-99	-99	-99	-99
04.04.1981	-99	-99	-99	-99
05.04.1981	-99	-99	-99	-99
06.04.1981	-99	-99	-99	-99
07.04.1981	-99	-99	-99	-99
08.04.1981	-99	-99	-99	-99
09.04.1981	-99	-99	-99	-99
10.04.1981	-99	-99	-99	-99
11.04.1981	-99	-99	-99	-99
12.04.1981	-99	-99	-99	-99
13.04.1981	-99	-99	-99	-99
14.04.1981	-99	-99	-99	-99
15.04.1981	-99	-99	-99	-99
16.04.1981	-99	-99	-99	-99
17.04.1981	-99	-99	-99	-99
18.04.1981	-99	-99	-99	-99
19.04.1981	-99	-99	-99	-99
20.04.1981	-99	-99	-99	-99
21.04.1981	-99	-99	-99	-99
22.04.1981	-99	-99	-99	-99
23.04.1981	-99	-99	-99	-99
24.04.1981	-99	-99	-99	-99
25.04.1981	-99	-99	-99	-99
26.04.1981	-99	-99	-99	-99
27.04.1981	-99	-99	-99	-99
28.04.1981	-99	-99	-99	-99
29.04.1981	-99	-99	-99	-99
30.04.1981	-99	-99	-99	-99
01.05.1981	-99	-99	-99	-99
02.05.1981	-99	-99	-99	-99
03.05.1981	-99	-99	-99	-99
04.05.1981	-99	-99	-99	-99
05.05.1981	-99	-99	-99	-99
06.05.1981	-99	-99	-99	-99
07.05.1981	-99	-99	-99	-99
08.05.1981	-99	-99	-99	-99
09.05.1981	-99	-99	-99	-99
10.05.1981	-99	-99	-99	-99
11.05.1981	-99	-99	-99	-99
12.05.1981	-99	-99	-99	-99
13.05.1981	-99	-99	-99	-99
14.05.1981	-99	-99	-99	-99
15.05.1981	-99	-99	-99	-99
16.05.1981	-99	-99	-99	-99
17.05.1981	-99	-99	-99	-99
18.05.1981	-99	-99	-99	-99
19.05.1981	-99	-99	-99	-99
20.05.1981	-99	-99	-99	-99
21.05.1981	-99	-99	-99	-99
22.05.1981	-99	-99	-99	-99
23.05.1981	-99	-99	-99	-99
24.05.1981	-99	-99	-99	-99
25.05.1981	-99	-99	-99	-99
26.05.1981	-99	-99	-99	-99
27.05.1981	-99	-99	-99	-99
28.05.1981	-99	-99	-99	-99
29.05.1981	-99	-99	-99	-99
30.05.1981	-99	-99	-99	-99
31.05.1981	-99	-99	-99	-99
01.06.1981	-99	-99	-99	-99
02.06.1981	-99	-99	-99	-99
03.06.1981	-99	-99	-99	-99
04.06.1981	-99	-99	-99	-99
05.06.1981	-99	-99	-99	-99
06.06.1981	-99	-99	-99	-99
07.06.1981	-99	-99	-99	-99
08.06.1981	-99	-99	-99	-99
09.06.1981	-99	-99	-99	-99
10.06.1981	-99	-99	-99	-99
11.06.1981	-99	-99	-99	-99
12.06.1981	-99	-99	-99	-99
13.06.1981	-99	-99	-99	-99
14.06.1981	-99	-99	-99	-99
15.06.1981	-99	-99	-99	-99
16.06.1981	-99	-99	-99	-99
17.06.1981	-99	-99	-99	-99
18.06.1981	-99	-99	-99	-99
19.06.1981	-99	-99	-99	-99
20.06.1981	-99	-99	-99	-99
21.06.1981	-99	-99	-99	-99
22.06.1981	-99	-99	-99	-99
23.06.1981	-99	-99	-99	-99
24.06.1981	-99	-99	-99	-99
25.06.1981	-99	-99	-99	-99
26.06.1981	-99	-99	-99	-99
27.06.1981	-99	-99	-99	-99
28.06.1981	-99	-99	-99	-99
29.06.1981	-99	-99	-99	-99
30.06.1981	-99	-99	-99	-99
01.07.1981	-99	-99	-99	-99
02.07.1981	-99	-99	-99	-99
03.07.1981	-99	-99	-99	-99
04.07.1981	-99	-99	-99	-99
05.07.1981	-99	-99	-99	-99
06.07.1981	-99	-99	-99	-99
07.07.1981	-99	-99	-99	-99
08.07.1981	-99	-99	-99	-99
09.07.1981	-99	-99	-99	-99
10.07.1981	-99	-99	-99	-99
11.07.1981	-99	-99	-99	-99
12.07.1981	-99	-99	-99	-99
13.07.1981	-99	-99	-99	-99
14.07.1981	-99	-99	-99	-99
15.07.1981	-99	-99	-99	-99
16.07.1981	-99	-99	-99	-99
17.07.1981	-99	-99	-99	-99
18.07.1981	-99	-99	-99	-99
19.07.1981	-99	-99	-99	-99
20.07.1981	-99	-99	-99	-99
21.07.1981	-99	-99	-99	-99
22.07.1981	-99	-99	-99	-99
23.07.1981	-99	-99	-99	-99
24.07.1981	-99	-99	-99	-99
25.07.1981	-99	-99	-99	-99
26.07.1981	-99	-99	-99	-99
27.07.1981	-99	-99	-99	-99
28.07.1981	-99	-99	-99	-99
29.07.1981	-99	-99	-99	-99
30.07.1981	-99	-99	-99	-99
31.07.1981	-99	-99	-99	-99
01.08.1981	-99	-99	-99	-99
02.08.1981	-99	-99	-99	-99
03.08.1981	-99	-99	-99	-99
04.08.1981	-99	-99	-99	-99
05.08.1981	-99	-99	-99	-99
06.08.1981	-99	-99	-99	-99
07.08.1981	-99	-99	-99	-99
08.08.1981	-99	-99	-99	-99
09.08.1981	-99	-99	-99	-99
10.08.1981	-99	-99	-99	-99
11.08.1981	-99	-99	-99	-99
12.08.1981	-99	-99	-99	-99
13.08.1981	-99	-99	-99	-99
14.08.1981	-99	-99	-99	-99
15.08.1981	-99	-99	-99	-99
16.08.1981	-99	-99	-99	-99
17.08.1981	-99	-99	-99	-99
18.08.1981	-99	-99	-99	-99
19.08.1981	-99	-99	-99	-99
20.08.1981	-99	-99	-99	-99
21.08.1981	-99	-99	-99	-99
22.08.1981	-99	-99	-99	-99
23.08.1981	-99	-99	-99	-99
24.08.1981	-99	-99	-99	-99
25.08.1981	-99	-99	-99	-99
26.08.1981	-99	-99	-99	-99
27.08.1981	-99	-99	-99	-99
28.08.1981	-99	-99	-99	-99
29.08.1981	-99	-99	-99	-99
30.08.1981	-99	-99	-99	-99
31.08.1981	-99	-99	-99	-99
01.09.1981	-99	-99	-99	-99
02.09.1981	-99	-99	-99	-99
03.09.1981	-99	-99	-99	-99
04.09.1981	-99	-99	-99	-99
05.09.1981	-99	-99	-99	-99
06.09.1981	-99	-99	-99	-99
07.09.1981	-99	-99	-99	-99
08.09.1981	-99	-99	-99	-99
09.09.1981	-99	-99	-99	-99
10.09.1981	-99	-99	-99	-99
11.09.1981	-99	-99	-99	-99
12.09.1981	-99	-99	-99	-99
13.09.1981	-99	-99	-99	-99
14.09.1981	-99	-99	-99	-99
15.09.1981	-99	-99	-99	-99
16.09.1981	-99	-99	-99	-99
17.09.1981	-99	-99	-99	-99
18.09.1981	-99	-99	-99	-99
19.09.1981	-99	-99	-99	-99
20.09.1981	-99	-99	-99	-99
21.09.1981	-99	-99	-99	-99
22.09.1981	-99	-99	-99	-99
23.09.1981	-99	-99	-99	-99
24.09.1981	-99	-99	-99	-99
25.09.1981	-99	-99	-99	-99
26.09.1981	-99	-99	-99	-99
27.09.1981	-99	-99	-99	-99
28.09.1981	-99	-99	-99	-99
29.09.1981	-99	-99	-99	-99
30.09.1981	-99	-99	-99	-99
01.10.1981	-99	-99	-99	-99
02.10.1981	-99	-99	-99	-99
03.10.1981	-99	-99	-99	-99
04.10.1981	-99	-99	-99	-99
05.10.1981	-99	-99	-99	-99
06.10.1981	-99	-99	-99	-99
07.10.1981	-99	-99	-99	-99
08.10.1981	-99	-99	-99	-99
09.10.1981	-99	-99	-99	-99
10.10.1981	-99	-99	-99	-99
11.10.1981	-99	-99	-99	-99
12.10.1981	-99	-99	-99	-99
13.10.1981	-99	-99	-99	-99
14.10.1981	-99	-99	-99	-99
15.10.1981	-99	-99	-99	-99
16.10.1981	-99	-99	-99	-99
17.10.1981	-99	-99	-99	-99
18.10.1981	-99	-99	-99	-99
19.10.1981	-99	-99	-99	-99
20.10.1981	-99	-99	-99	-99
21.10.1981	-99	-99	-99	-99
22.10.1981	-99	-99	-99	-99
23.10.1981	-99	-99	-99	-99
24.10.1981	-99	-99	-99	-99
25.10.1981	-99	-99	-99	-99
26.10.1981	-99	-99	-99	-99
27.10.1981	-99	-99	-99	-99
28.10.1981	-99	-99	-99	-99
29.10.1981	-99	-99	-99	-99
30.10.1981	-99	-99	-99	-99
31.10.1981	-99	-99	-99	-99
01.11.1981	-99	-99	-99	-99
02.11.1981	-99	-99	-99	-99
03.11.1981	-99	-99	-99	-99
04.11.1981	-99	-99	-99	-99
05.11.1981	-99	-99	-99	-99
06.11.1981	-99	-99	-99	-99
07.11.1981	-99	-99	-99	-99
08.11.1981	-99	-99	-99	-99
09.11.1981	-99	-99	-99	-99
10.11.1981	-99	-99	-99	-99
11.11.1981	-99	-99	-99	-99
12.11.1981	-99	-99	-99	-99
13.11.1981	-99	-99	-99	-99
14.11.1981	-99	-99	-99	-99
15.11.1981	-99	-99	-99	-99
16.11.1981	-99	-99	-99	-99
17.11.1981	-99	-99	-99	-99
18.11.1981	-99	-99	-99	-99
19.11.1981	-99	-99	-99	-99
20.11.1981	-99	-99	-99	-99
21.11.1981	-99	-99	-99	-99
22.11.1981	-99	-99	-99	-99
23.11.1981	-99	-99	-99	-99
24.11.1981	-99	-99	-99	-99
25.11.1981	-99	-99	-99	-99
26.11.1981	-99	-99	-99	-99
27.11.1981	-99	-99	-99	-99
28.11.1981	-99	-99	-99	-99
29.11.1981	-99	-99	-99	-99
30.11.1981	-99	-99	-99	-99
01.12.1981	-99	-99	-99	-99
02.12.1981	-99	-99	-99	-99
03.12.1981	-99	-99	-99	-99
04.12.1981	-99	-99	-99	-99
05.12.1981	-99	-99	-99	-99
06.12.1981	-99	-99	-99	-99
07.12.1981	-99	-99	-99	-99
08.12.1981	-99	-99	-99	-99
09.12.1981	-99	-99	-99	-99
10.12.1981	-99	-99	-99	-99
11.12.1981	-99	-99	-99	-99
12.12.1981	-99	-99	-99	-99
13.12.1981	-99	-99	-99	-99
14.12.1981	-99	-99	-99	-99
15.12.1981	-99	-99	-99	-99
16.12.1981	-99	-99	-99	-99
17.12.1981	-99	-99	-99	-99
18.12.1981	-99	-99	-99	-99
19.12.1981	-99	-99	-99	-99
20.12.1981	-99	-99	-99	-99
21.12.1981	-99	-99	-99	-99
22.12.1981	-99	-99	-99	-99
23.12.1981	-99	-99	-99	-99
24.12.1981	-99	-99	-99	-99
25.12.1981	-99	-99	-99	-99
26.12.1981	-99	-99	-99	-99
27.12.1981	-99	-99	-99	-99
28.12.1981	-99	-99	-99	-99
29.12.1981	-99	-99	-99	-99
30.12.1981	-99	-99	-99	-99
31.12.1981	-99	-99	-99	-99
01.01.1982	-99	-99	-99	-99
02.01.1982	-99	-99	-99	-99
03.01.1982	-99	-99	-99	-99
04.01.1982	-99	-99	-99	-99
05.01.1982	-99	-99	-99	-99
06.01.1982	-99	-99	-99	-99
07.01.1982	-99	-99	-99	-99
08.01.1982	-99	-99	-99	-99
09.01.1982	-99	-99	-99	-99
10.01.1982	-99	-99	-99	-99
11.01.1982	-99	-99	-99	-99
12.01.1982	-99	-99	-99	-99
13.01.1982	-99	-99	-99	-99
14.01.1982	-99	-99	-99	-99
15.01.1982	-99	-99	-99	-99
16.01.1982	-99	-99	-99	-99
17.01.1982	-99	-99	-99	-99
18.01.1982	-99	-99	-99	-99
19.01.1982	-99	-99	-99	-99
20.01.1982	-99	-99	-99	-99
21.01.1982	-99	-99	-99	-99
22.01.1982	-99	-99	-99	-99
23.01.1982	-99	-99	-99	-99
24.01.1982	-99	-99	-99	-99
25.01.1982	-99	-99	-99	-99
26.01.1982	-99	-99	-99	-99
27.01.1982	-99	-99	-99	-99
28.01.1982	-99	-99	-99	-99
29.01.1982	-99	-99	-99	-99
30.01.1982	-99	-99	-99	-99
31.01.1982	-99	-99	-99	-99
01.02.1982	-99	-99	-99	-99
02.02.1982	-99	-99	-99	-99
03.02.1982	-99	-99	-99	-99
04.02.1982	-99	-99	-99	-99
05.02.1982	-99	-99	-99	-99
06.02.1982	-99	-99	-99	-99
07.02.1982	-99	-99	-99	-99
08.02.1982	-99	-99	-99	-99
09.02.1982	-99	-99	-99	-99
10.02.1982	-99	-99	-99	-99
11.02.1982	-99	-99	-99	-99
12.02.1982	-99	-99	-99	-99
13.02.1982	-99	-99	-99	-99
14.02.1982	-99	-99	-99	-99
15.02.1982	-99	-99	-99	-99
16.02.1982	-99	-99	-99	-99
17.02.1982	-99	-99	-99	-99
18.02.1982	-99	-99	-99	-99
19.02.1982	-99	-99	-99	-99
20.02.1982	-99	-99	-99	-99
21.02.1982	-99	-99	-99	-99
22.02.1982	-99	-99	-99	-99
23.02.1982	-99	-99	-99	-99
24.02.1982	-99	-99	-99	-99
25.02.1982	-99	-99	-99	-99
26.02.1982	-99	-99	-99	-99
27.02.1982	-99	-99	-99	-99
28.02.1982	-99	-99	-99	-99
01.03.1982	-99	-99	-99	-99
02.03.1982	-99	-99	-99	-99
03.03.1982	-99	-99	-99	-99
04.03.1982	-99	-99	-99	-99
05.03.1982	-99	-99	-99	-99
06.03.1982	-99	-99	-99	-99
07.03.1982	-99	-99	-99	-99
08.03.1982	-99	-99	-99	-99
09.03.1982	-99	-99	-99	-99
10.03.1982	-99	-99	-99	-99
11.03.1982	-99	-99	-99	-99
12.03.1982	-99	-99	-99	-99
13.03.1982	-99	-99	-99	-99
14.03.1982	-99	-99	-99	-99
15.03.1982	-99	-99	-99	-99
16.03.1982	-99	-99	-99	-99
17.03.1982	-99	-99	-99	-99
18.03.1982	-99	-99	-99	-99
19.03.1982	-99	-99	-99	-99
20.03.1982	-99	-99	-99	-99
21.03.1982	-99	-99	-99	-99
22.03.1982	-99	-99	-99	-99
23.03.1982	-99	-99	-99	-99
24.03.1982	-99	-99	-99	-99
25.03.1982	-99	-99	-99	-99
26.03.1982	-99	-99	-99	-99
27.03.1982	-99	-99	-99	-99
28.03.1982	-99	-99	-99	-99
29.03.1982	-99	-99	-99	-99
30.03.1982	-99	-99	-99	-99
31.03.1982	-99	-99	-99	-99
01.04.1982	-99	-99	-99	-99
02.04.1982	-99	-99	-99	-99
03.04.1982	-99	-99	-99	-99
04.04.1982	-99	-99	-99	-99
05.04.1982	-99	-99	-99	-99
06.04.1982	-99	-99	-99	-99
07.04.1982	-99	-99	-99	-99
08.04.1982	-99	-99	-99	-99
09.04.1982	-99	-99	-99	-99
10.04.1982	-99	-99	-99	-99
11.04.1982	-99	-99	-99	-99
12.04.1982	-99	-99	-99	-99
13.04.1982	-99	-99	-99	-99
14.04.1982	-99	-99	-99	-99
15.04.1982	-99	-99	-99	-99
16.04.1982	-99	-99	-99	-99
17.04.1982	-99	-99	-99	-99
18.04.1982	-99	-99	-99	-99
19.04.1982	-99	-99	-99	-99
20.04.1982	-99	-99	-99	-99
21.04.1982	-99	-99	-99	-99
22.04.1982	-99	-99	-99	-99
23.04.1982	-99	-99	-99	-99
24.04.1982	-99	-99	-99	-99
25.04.1982	-99	-99	-99	-99
26.04.1982	-99	-99	-99	-99
27.04.1982	-99	-99	-99	-99
28.04.1982	-99	-99	-99	-99
29.04.1982	-99	-99	-99	-99
30.04.1982	-99	-99	-99	-99
01.05.1982	-99	-99	-99	-99
02.05.1982	-99	-99	-99	-99
03.05.1982	-99	-99	-99	-99
04.05.1982	-99	-99	-99	-99
05.05.1982	-99	-99	-99	-99
06.05.1982	-99	-99	-99	-99
07.05.1982	-99	-99	-99	-99
08.05.1982	-99	-99	-99	-99
09.05.1982	-99	-99	-99	-99
10.05.1982	-99	-99	-99	-99
11.05.1982	-99	-99	-99	-99
12.05.1982	-99	-99	-99	-99
13.05.1982	-99	-99	-99	-99
14.05.1982	-99	-99	-99	-99
15.05.1982	-99	-99	-99	-99
16.05.1982	-99	-99	-99	-99
17.05.1982	-99	-99	-99	-99
18.05.1982	-99	-99	-99	-99
19.05.1982	-99	-99	-99	-99
20.05.1982	-99	-99	-99	-99
21.05.1982	-99	-99	-99	-99
22.05.1982	-99	-99	-99	-99
23.05.1982	-99	-99	-99	-99
24.05.1982	-99	-99	-99	-99
25.05.1982	-99	-99	-99	-99
26.05.1982	-99	-99	-99	-99
27.05.1982	-99	-99	-99	-99
28.05.1982	-99	-99	-99	-99
29.05.1982	-99	-99	-99	-99
30.05.1982	-99	-99	-99	-99
31.05.1982	-99	-99	-99	-99
01.06.1982	-99	-99	-99	-99
02.06.1982	-99	-99	-99	-99
03.06.1982	-99	-99	-99	-99
04.06.1982	-99	-99	-99	-99
05.06.1982	-99	-99	-99	-99
06.06.1982	-99	-99	-99	-99
07.06.1982	-99	-99	-99	-99
08.06.1982	-99	-99	-99	-99
09.06.1982	-99	-99	-99	-99
10.06.1982	-99	-99	-99	-99
11.06.1982	-99	-99	-99	-99
12.06.1982	-99	-99	-99	-99
13.06.1982	-99	-99	-99	-99
14.06.1982	-99	-99	-99	-99
15.06.1982	-99	-99	-99	-99
16.06.1982	-99	-99	-99	-99
17.06.1982	-99	-99	-99	-99
18.06.1982	-99	-99	-99	-99
19.06.1982	-99	-99	-99	-99
20.06.1982	-99	-99	-99	-99
21.06.1982	-99	-99	-99	-99
22.06.1982	-99	-99	-99	-99
23.06.1982	-99	-99	-99	-99
24.06.1982	-99	-99	-99	-99
25.06.1982	-99	-99	-99	-99
26.06.1982	-99	-99	-99	-99
27.06.1982	-99	-99	-99	-99
28.06.1982	-99	-99	-99	-99
29.06.1982	-99	-99	-99	-99
30.06.1982	-99	-99	-99	-99
01.07.1982	-99	-99	-99	-99
02.07.1982	-99	-99	-99	-99
03.07.1982	-99	-99	-99	-99
04.07.1982	-99	-99	-99	-99
05.07.1982	-99	-99	-99	-99
06.07.1982	-99	-99	-99	-99
07.07.1982	-99	-99	-99	-99
08.07.1982	-99	-99	-99	-99
09.07.1982	-99	-99	-99	-99
10.07.1982	-99	-99	-99	-99
11.07.1982	-99	-99	-99	-99
12.07.1982	-99	-99	-99	-99
13.07.1982	-99	-99	-99	-99
14.07.1982	-99	-99	-99	-99
15.07.1982	-99	-99	-99	-99
16.07.1982	-99	-99	-99	-99
17.07.1982	-99	-99	-99	-99
18.07.1982	-99	-99	-99	-99
19.07.1982	-99	-99	-99	-99
20.07.1982	-99	-99	-99	-99
21.07.1982	-99	-99	-99	-99
22.07.1982	-99	-99	-99	-99
23.07.1982	-99	-99	-99	-99
24.07.1982	-99	-99	-99	-99
25.07.1982	-99	-99	-99	-99
26.07.1982	-99	-99	-99	-99
27.07.1982	-99	-99	-99	-99
28.07.1982	-99	-99	-99	-99
29.07.1982	-99	-99	-99	-99
30.07.1982	-99	-99	-99	-99
31.07.1982	-99	-99	-99	-99
01.08.1982	-99	-99	-99	-99
02.08.1982	-99	-99	-99	-99
03.08.1982	-99	-99	-99	-99
04.08.1982	-99	-99	-99	-99
05.08.1982	-99	-99	-99	-99
06.08.1982	-99	-99	-99	-99
07.08.1982	-99	-99	-99	-99
08.08.1982	-99	-99	-99	-99
09.08.1982	-99	-99	-99	-99
10.08.1982	-99	-99	-99	-99
11.08.1982	-99	-99	-99	-99
12.08.1982	-99	-99	-99	-99
13.08.1982	-99	-99	-99	-99
14.08.1982	-99	-99	-99	-99
15.08.1982	-99	-99	-99	-99
16.08.1982	-99	-99	-99	-99
17.08.1982	-99	-99	-99	-99
18.08.1982	-99	-99	-99	-99
19.08.1982	-99	-99	-99	-99
20.08.1982	-99	-99	-99	-99
21.08.1982	-99	-99	-99	-99
22.08.1982	-99	-99	-99	-99
23.08.1982	-99	-99	-99	-99
24.08.1982	-99	-99	-99	-99
25.08.1982	-99	-99	-99	-99
26.08.1982	-99	-99	-99	-99
27.08.1982	-99	-99	-99	-99
28.08.1982	-99	-99	-99	-99
29.08.1982	-99	-99	-99	-99
30.08.1982	-99	-99	-99	-99
31.08.1982	-99	-99	-99	-99
01.09.1982	-99	-99	-99	-99
02.09.1982	-99	-99	-99	-99
03.09.1982	-99	-99	-99	-99
04.09.1982	-99	-99	-99	-99
05.09.1982	-99	-99	-99	-99
06.09.1982	-99	-99	-99	-99
07.09.1982	-99	-99	-99	-99
08.09.1982	-99	-99	-99	-99
09.09.1982	-99	-99	-99	-99
10.09.1982	-99	-99	-99	-99
11.09.1982	-99	-99	-99	-99
12.09.1982	-99	-99	-99	-99
13.09.1982	-99	-99	-99	-99
14.09.1982	-99	-99	-99	-99
15.09.1982	-99	-99	-99	-99
16.09.1982	-99	-99	-99	-99
17.09.1982	-99	-99	-99	-99
18.09.1982	-99	-99	-99	-99
19.09.1982	-99	-99	-99	-99
20.09.1982	-99	-99	-99	-99
21.09.1982	-99	-99	-99	-99
22.09.1982	-99	-99	-99	-99
23.09.1982	-99	-99	-99	-99
24.09.1982	-99	-99	-99	-99
25.09.1982	-99	-99	-99	-99
26.09.1982	-99	-99	-99	-99
27.09.1982	-99	-99	-99	-99
28.09.1982	-99	-99	-99	-99
29.09.1982	-99	-99	-99	-99
30.09.1982	-99	-99	-99	-99
01.10.1982	-99	-99	-99	-99
02.10.1982	-99	-99	-99	-99
03.10.1982	-99	-99	-99	-99
04.10.1982	-99	-99	-99	-99
05.10.1982	-99	-99	-99	-99
06.10.1982	-99	-99	-99	-99
07.10.1982	-99	-99	-99	-99
08.10.1982	-99	-99	-99	-99
09.10.1982	-99	-99	-99	-99
10.10.1982	-99	-99	-99	-99
11.10.1982	-99	-99	-99	-99
12.10.1982	-99	-99	-99	-99
13.10.1982	-99	-99	-99	-99
14.10.1982	-99	-99	-99	-99
15.10.1982	-99	-99	-99	-99
16.10.1982	-99	-99	-99	-99
17.10.1982	-99	-99	-99	-99
18.10.1982	-99	-99	-99	-99
19.10.1982	-99	-99	-99	-99
20.10.1982	-99	-99	-99	-99
21.10.1982	-99	-99	-99	-99
22.10.1982	-99	-99	-99	-99
23.10.1982	-99	-99	-99	-99
24.10.1982	-99	-99	-99	-99
25.10.1982	-99	-99	-99	-99
26.10.1982	-99	-99	-99	-99
27.10.1982	-99	-99	-99	-99
28.10.1982	-99	-99	-99	-99
29.10.1982	-99	-99	-99	-99
30.10.1982	-99	-99	-99	-99
31.10.1982	-99	-99	-99	-99
01.11.1982	-99	-99	-99	-99
02.11.1982	-99	-99	-99	-99
03.11.1982	-99	-99	-99	-99
04.11.1982	-99	-99	-99	-99
05.11.1982	-99	-99	-99	-99
06.11.1982	-99	-99	-99	-99
07.11.1982	-99	-99	-99	-99
08.11.1982	-99	-99	-99	-99
09.11.1982	-99	-99	-99	-99
10.11.1982	-99	-99	-99	-99
11.11.1982	-99	-99	-99	-99
12.11.1982	-99	-99	-99	-99
13.11.1982	-99	-99	-99	-99
14.11.1982	-99	-99	-99	-99
15.11.1982	-99	-99	-99	-99
16.11.1982	-99	-99	-99	-99
17.11.1982	-99	-99	-99	-99
18.11.1982	-99	-99	-99	-99
19.11.1982	-99	-99	-99	-99
20.11.1982	-99	-99	-99	-99
21.11.1982	-99	-99	-99	-99
22.11.1982	-99	-99	-99	-99
23.11.1982	-99	-99	-99	-99
24.11.1982	-99	-99	-99	-99
25.11.1982	-99	-99	-99	-99
26.11.1982	-99	-99	-99	-99
27.11.1982	-99	-99	-99	-99
28.11.1982	-99	-99	-99	-99
29.11.1982	-99	-99	-99	-99
30.11.1982	-99	-99	-99	-99
01.12.1982	-99	-99	-99	-99
02.12.1982	-99	-99	-99	-99
03.12.1982	-99	-99	-99	-99
04.12.1982	-99	-99	-99	-99
05.12.1982	-99	-99	-99	-99
06.12.1982	-99	-99	-99	-99
07.12.1982	-99	-99	-99	-99
08.12.1982	-99	-99	-99	-99
09.12.1982	-99	-99	-99	-99
10.12.1982	-99	-99	-99	-99
11.12.1982	-99	-99	-99	-99
12.12.1982	-99	-99	-99	-99
13.12.1982	-99	-99	-99	-99
14.12.1982	-99	-99	-99	-99
15.12.1982	-99	-99	-99	-99
16.12.1982	-99	-99	-99	-99
17.12.1982	-99	-99	-99	-99
18.12.1982	-99	-99	-99	-99
19.12.1982	-99	-99	-99	-99
20.12.1982	-99	-99	-99	-99
21.12.1982	-99	-99	-99	-99
22.12.1982	-99	-99	-99	-99
23.12.1982	-99	-99	-99	-99
24.12.1982	-99	-99	-99	-99
25.12.1982	-99	-99	-99	-99
26.12.1982	-99	-99	-99	-99
27.12.1982	-99	-99	-99	-99
28.12.1982	-99	-99	-99	-99
29.12.1982	-99	-99	-99	-99
30.12.1982	-99	-99	-99	-99
31.12.1982	-99	-99	-99	-99
01.01.1983	-99	-99	-99	-99
02.01.1983	-99	-99	-99	-99
03.01.1983	-99	-99	-99	-99
04.01.1983	-99	-99	-99	-99
05.01.1983	-99	-99	-99	-99
06.01.1983	-99	-99	-99	-99
07.01.1983	-99	-99	-99	-99
08.01.1983	-99	-99	-99	-99
09.01.1983	-99	-99	-99	-99
10.01.1983	-99	-99	-99	-99
11.01.1983	-99	-99	-99	-99
12.01.1983	-99	-99	-99	-99
13.01.1983	-99	-99	-99	-99
14.01.1983	-99	-99	-99	-99
15.01.1983	-99	-99	-99	-99
16.01.1983	-99	-99	-99	-99
17.01.1983	-99	-99	-99	-99
18.01.1983	-99	-99	-99	-99
19.01.1983	-99	-99	-99	-99
20.01.1983	-99	-99	-99	-99
21.01.1983	-99	-99	-99	-99
22.01.1983	-99	-99	-99	-99
23.01.1983	-99	-99	-99	-99
24.01.1983	-99	-99	-99	-99
25.01.1983	-99	-99	-99	-99
26.01.1983	-99	-99	-99	-99
27.01.1983	-99	-99	-99	-99
28.01.1983	-99	-99	-99	-99
29.01.1983	-99	-99	-99	-99
30.01.1983	-99	-99	-99	-99
31.01.1983	-99	-99	-99	-99
01.02.1983	-99	-99	-99	-99
02.02.1983	-99	-99	-99	-99
03.02.1983	-99	-99	-99	-99
04.02.1983	-99	-99	-99	-99
05.02.1983	-99	-99	-99	-99
06.02.1983	-99	-99	-99	-99
07.02.1983	-99	-99	-99	-99
08.02.1983	-99	-99	-99	-99
09.02.1983	-99	-99	-99	-99
10.02.1983	-99	-99	-99	-99
11.02.1983	-99	-99	-99	-99
12.02.1983	-99	-99	-99	-99
13.02.1983	-99	-99	-99	-99
14.02.1983	-99	-99	-99	-99
15.02.1983	-99	-99	-99	-99
16.02.1983	-99	-99	-99	-99
17.02.1983	-99	-99	-99	-99
18.02.1983	-99	-99	-99	-99
19.02.1983	-99	-99	-99	-99
20.02.1983	-99	-99	-99	-99
21.02.1983	-99	-99	-99	-99
22.02.1983	-99	-99	-99	-99
23.02.1983	-99	-99	-99	-99
24.02.1983	-99	-99	-99	-99
25.02.1983	-99	-99	-99	-99
26.02.1983	-99	-99	-99	-99
27.02.1983	-99	-99	-99	-99
28.02.1983	-99	-99	-99	-99
01.03.1983	-99	-99	-99	-99
02.03.1983	-99	-99	-99	-99
03.03.1983	-99	-99	-99	-99
04.03.1983	-99	-99	-99	-99
05.03.1983	-99	-99	-99	-99
06.03.1983	-99	-99	-99	-99
07.03.1983	-99	-99	-99	-99
08.03.1983	-99	-99	-99	-99
09.03.1983	-99	-99	-99	-99
10.03.1983	-99	-99	-99	-99
11.03.1983	-99	-99	-99	-99
12.03.1983	-99	-99	-99	-99
13.03.1983	-99	-99	-99	-99
14.03.1983	-99	-99	-99	-99
15.03.1983	-99	-99	-99	-99
16.03.1983	-99	-99	-99	-99
17.03.1983	-99	-99	-99	-99
18.03.1983	-99	-99	-99	-99
19.03.1983	-99	-99	-99	-99
20.03.1983	-99	-99	-99	-99
21.03.1983	-99	-99	-99	-99
22.03.1983	-99	-99	-99	-99
23.03.1983	-99	-99	-99	-99
24.03.1983	-99	-99	-99	-99
25.03.1983	-99	-99	-99	-99
26.03.1983	-99	-99	-99	-99
27.03.1983	-99	-99	-99	-99
28.03.1983	-99	-99	-99	-99
29.03.1983	-99	-99	-99	-99
30.03.1983	-99	-99	-99	-99
31.03.1983	-99	-99	-99	-99
01.04.1983	-99	-99	-99	-99
02.04.1983	-99	-99	-99	-99
03.04.1983	-99	-99	-99	-99
04.04.1983	-99	-99	-99	-99
05.04.1983	-99	-99	-99	-99
06.04.1983	-99	-99	-99	-99
07.04.1983	-99	-99	-99	-99
08.04.1983	-99	-99	-99	-99
09.04.1983	-99	-99	-99	-99
10.04.1983	-99	-99	-99	-99
11.04.1983	-99	-99	-99	-99
12.04.1983	-99	-99	-99	-99
13.04.1983	-99	-99	-99	-99
14.04.1983	-99	-99	-99	-99
15.04.1983	-99	-99	-99	-99
16.04.1983	-99	-99	-99	-99
17.04.1983	-99	-99	-99	-99
18.04.1983	-99	-99	-99	-99
19.04.1983	-99	-99	-99	-99
20.04.1983	-99	-99	-99	-99
21.04.1983	-99	-99	-99	-99
22.04.1983	-99	-99	-99	-99
23.04.1983	-99	-99	-99	-99
24.04.1983	-99	-99	-99	-99
25.04.1983	-99	-99	-99	-99
26.04.1983	-99	-99	-99	-99
27.04.1983	-99	-99	-99	-99
28.04.1983	-99	-99	-99	-99
29.04.1983	-99	-99	-99	-99
30.04.1983	-99	-99	-99	-99
01.05.1983	-99	-99	-99	-99
02.05.1983	-99	-99	-99	-99
03.05.1983	-99	-99	-99	-99
04.05.1983	-99	-99	-99	-99
05.05.1983	-99	-99	-99	-99
06.05.1983	-99	-99	-99	-99
07.05.1983	-99	-99	-99	-99
08.05.1983	-99	-99	-99	-99
09.05.1983	-99	-99	-99	-99
10.05.1983	-99	-99	-99	-99
11.05.1983	-99	-99	-99	-99
12.05.1983	-99	-99	-99	-99
13.05.1983	-99	-99	-99	-99
14.05.1983	-99	-99	-99	-99
15.05.1983	-99	-99	-99	-99
16.05.1983	-99	-99	-99	-99
17.05.1983	-99	-99	-99	-99
18.05.1983	-99	-99	-99	-99
19.05.1983	-99	-99	-99	-99
20.05.1983	-99	-99	-99	-99
21.05.1983	-99	-99	-99	-99
22.05.1983	-99	-99	-99	-99
23.05.1983	-99	-99	-99	-99
24.05.1983	-99	-99	-99	-99
25.05.1983	-99	-99	-99	-99
26.05.1983	-99	-99	-99	-99
27.05.1983	-99	-99	-99	-99
28.05.1983	-99	-99	-99	-99
29.05.1983	-99	-99	-99	-99
30.05.1983	-99	-99	-99	-99
31.05.1983	-99	-99	-99	-99
01.06.1983	-99	-99	-99	-99
02.06.1983	-99	-99	-99	-99
03.06.1983	-99	-99	-99	-99
04.06.1983	-99	-99	-99	-99
05.06.1983	-99	-99	-99	-99
06.06.1983	-99	-99	-99	-99
07.06.1983	-99	-99	-99	-99
08.06.1983	-99	-99	-99	-99
09.06.1983	-99	-99	-99	-99
10.06.1983	-99	-99	-99	-99
11.06.1983	-99	-99	-99	-99
12.06.1983	-99	-99	-99	-99
13.06.1983	-99	-99	-99	-99
14.06.1983	-99	-99	-99	-99
15.06.1983	-99	-99	-99	-99
16.06.1983	-99	-99	-99	-99
17.06.1983	-99	-99	-99	-99
18.06.1983	-99	-99	-99	-99
19.06.1983	-99	-99	-99	-99
20.06.1983	-99	-99	-99	-99
21.06.1983	-99	-99	-99	-99
22.06.1983	-99	-99	-99	-99
23.06.1983	-99	-99	-99	-99
24.06.1983	-99	-99	-99	-99
25.06.1983	-99	-99	-99	-99
26.06.1983	-99	-99	-99	-99
27.06.1983	-99	-99	-99	-99
28.06.1983	-99	-99	-99	-99
29.06.1983	-99	-99	-99	-99
30.06.1983	-99	-99	-99	-99
01.07.1983	-99	-99	-99	-99
02.07.1983	-99	-99	-99	-99
03.07.1983	-99	-99	-99	-99
04.07.1983	-99	-99	-99	-99
05.07.1983	-99	-99	-99	-99
06.07.1983	-99	-99	-99	-99
07.07.1983	-99	-99	-99	-99
08.07.1983	-99	-99	-99	-99
09.07.1983	-99	-99	-99	-99
10.07.1983	-99	-99	-99	-99
11.07.1983	-99	-99	-99	-99
12.07.1983	-99	-99	-99	-99
13.07.1983	-99	-99	-99	-99
14.07.1983	-99	-99	-99	-99
15.07.1983	-99	-99	-99	-99
16.07.1983	-99	-99	-99	-99
17.07.1983	-99	-99	-99	-99
18.07.1983	-99	-99	-99	-99
19.07.1983	-99	-99	-99	-99
20.07.1983	-99	-99	-99	-99
21.07.1983	-99	-99	-99	-99
22.07.1983	-99	-99	-99	-99
23.07.1983	-99	-99	-99	-99
24.07.1983	-99	-99	-99	-99
25.07.1983	-99	-99	-99	-99
26.07.1983	-99	-99	-99	-99
27.07.1983	-99	-99	-99	-99
28.07.1983	-99	-99	-99	-99
29.07.1983	-99	-99	-99	-99
30.07.1983	-99	-99	-99	-99
31.07.1983	-99	-99	-99	-99
01.08.1983	-99	-99	-99	-99
02.08.1983	-99	-99	-99	-99
03.08.1983	-99	-99	-99	-99
04.08.1983	-99	-99	-99	-99
05.08.1983	-99	-99	-99	-99
06.08.1983	-99	-99	-99	-99
07.08.1983	-99	-99	-99	-99
08.08.1983	-99	-99	-99	-99
09.08.1983	-99	-99	-99	-99
10.08.1983	-99	-99	-99	-99
11.08.1983	-99	-99	-99	-99
12.08.1983	-99	-99	-99	-99
13.08.1983	-99	-99	-99	-99
14.08.1983	-99	-99	-99	-99
15.08.1983	-99	-99	-99	-99
16.08.1983	-99	-99	-99	-99
17.08.1983	-99	-99	-99	-99
18.08.1983	-99	-99	-99	-99
19.08.1983	-99	-99	-99	-99
20.08.1983	-99	-99	-99	-99
21.08.1983	-99	-99	-99	-99
22.08.1983	-99	-99	-99	-99
23.08.1983	-99	-99	-99	-99
24.08.1983	-99	-99	-99	-99
25.08.1983	-99	-99	-99	-99
26.08.1983	-99	-99	-99	-99
27.08.1983	-99	-99	-99	-99
28.08.1983	-99	-99	-99	-99
29.08.1983	-99	-99	-99	-99
30.08.1983	-99	-99	-99	-99
31.08.1983	-99	-99	-99	-99
01.09.1983	-99	-99	-99	-99
02.09.1983	-99	-99	-99	-99
03.09.1983	-99	-99	-99	-99
04.09.1983	-99	-99	-99	-99
05.09.1983	-99	-99	-99	-99
06.09.1983	-99	-99	-99	-99
07.09.1983	-99	-99	-99	-99
08.09.1983	-99	-99	-99	-99
09.09.1983	-99	-99	-99	-99
10.09.1983	-99	-99	-99	-99
11.09.1983	-99	-99	-99	-99
12.09.1983	-99	-99	-99	-99
13.09.1983	-99	-99	-99	-99
14.09.1983	-99	-99	-99	-99
15.09.1983	-99	-99	-99	-99
16.09.1983	-99	-99	-99	-99
17.09.1983	-99	-99	-99	-99
18.09.1983	-99	-99	-99	-99
19.09.1983	-99	-99	-99	-99
20.09.1983	-99	-99	-99	-99
21.09.1983	-99	-99	-99	-99
22.09.1983	-99	-99	-99	-99
23.09.1983	-99	-99	-99	-99
24.09.1983	-99	-99	-99	-99
25.09.1983	-99	-99	-99	-99
26.09.1983	-99	-99	-99	-99
27.09.1983	-99	-99	-99	-99
28.09.1983	-99	-99	-99	-99
29.09.1983	-99	-99	-99	-99
30.09.1983	-99	-99	-99	-99
01.10.1983	-99	-99	-99	-99
02.10.1983	-99	-99	-99	-99
03.10.1983	-99	-99	-99	-99
04.10.1983	-99	-99	-99	-99
05.10.1983	-99	-99	-99	-99
06.10.1983	-99	-99	-99	-99
07.10.1983	-99	-99	-99	-99
08.10.1983	-99	-99	-99	-99
09.10.1983	-99	-99	-99	-99
10.10.1983	-99	-99	-99	-99
11.10.1983	-99	-99	-99	-99
12.10.1983	-99	-99	-99	-99
13.10.1983	-99	-99	-99	-99
14.10.1983	-99	-99	-99	-99
15.10.1983	-99	-99	-99	-99
16.10.1983	-99	-99	-99	-99
17.10.1983	-99	-99	-99	-99
18.10.1983	-99	-99	-99	-99
19.10.1983	-99	-99	-99	-99
20.10.1983	-99	-99	-99	-99
21.10.1983	-99	-99	-99	-99
22.10.1983	-99	-99	-99	-99
23.10.1983	-99	-99	-99	-99
24.10.1983	-99	-99	-99	-99
25.10.1983	-99	-99	-99	-99
26.10.1983	-99	-99	-99	-99
27.10.1983	-99	-99	-99	-99
28.10.1983	-99	-99	-99	-99
29.10.1983	-99	-99	-99	-99
30.10.1983	-99	-99	-99	-99
31.10.1983	-99	-99	-99	-99
01.11.1983	-99	-99	-99	-99
02.11.1983	-99	-99	-99	-99
03.11.1983	-99	-99	-99	-99
04.11.1983	-99	-99	-99	-99
05.11.1983	-99	-99	-99	-99
06.11.1983	-99	-99	-99	-99
07.11.1983	-99	-99	-99	-99
08.11.1983	-99	-99	-99	-99
09.11.1983	-99	-99	-99	-99
10.11.1983	-99	-99	-99	-99
11.11.1983	-99	-99	-99	-99
12.11.1983	-99	-99	-99	-99
13.11.1983	-99	-99	-99	-99
14.11.1983	-99	-99	-99	-99
15.11.1983	-99	-99	-99	-99
16.11.1983	-99	-99	-99	-99
17.11.1983	-99	-99	-99	-99
18.11.1983	-99	-99	-99	-99
19.11.1983	-99	-99	-99	-99
20.11.1983	-99	-99	-99	-99
21.11.1983	-99	-99	-99	-99
22.11.1983	-99	-99	-99	-99
23.11.1983	-99	-99	-99	-99
24.11.1983	-99	-99	-99	-99
25.11.1983	-99	-99	-99	-99
26.11.1983	-99	-99	-99	-99
27.11.1983	-99	-99	-99	-99
28.11.1983	-99	-99	-99	-99
29.11.1983	-99	-99	-99	-99
30.11.1983	-99	-99	-99	-99
01.12.1983	-99	-99	-99	-99
02.12.1983	-99	-99	-99	-99
03.12.1983	-99	-99	-99	-99
04.12.1983	-99	-99	-99	-99
05.12.1983	-99	-99	-99	-99
06.12.1983	-99	-99	-99	-99
07.12.1983	-99	-99	-99	-99
08.12.1983	-99	-99	-99	-99
09.12.1983	-99	-99	-99	-99
10.12.1983	-99	-99	-99	-99
11.12.1983	-99	-99	-99	-99
12.12.1983	-99	-99	-99	-99
13.12.1983	-99	-99	-99	-99
14.12.1983	-99	-99	-99	-99
15.12.1983	-99	-99	-99	-99
16.12.1983	-99	-99	-99	-99
17.12.1983	-99	-99	-99	-99
18.12.1983	-99	-99	-99	-99
19.12.1983	-99	-99	-99	-99
20.12.1983	-99	-99	-99	-99
21.12.1983	-99	-99	-99	-99
22.12.1983	-99	-99	-99	-99
23.12.1983	-99	-99	-99	-99
24.12.1983	-99	-99	-99	-99
25.12.1983	-99	-99	-99	-99
26.12.1983	-99	-99	-99	-99
27.12.1983	-99	-99	-99	-99
28.12.1983	-99	-99	-99	-99
29.12.1983	-99	-99	-99	-99
30.12.1983	-99	-99	-99	-99
31.12.1983	-99	-99	-99	-99
01.01.1984	-99	-99	-99	-99
02.01.1984	-99	-99	-99	-99
03.01.1984	-99	-99	-99	-99
04.01.1984	-99	-99	-99	-99
05.01.1984	-99	-99	-99	-99
06.01.1984	-99	-99	-99	-99
07.01.1984	-99	-99	-99	-99
08.01.1984	-99	-99	-99	-99
09.01.1984	-99	-99	-99	-99
10.01.1984	-99	-99	-99	-99
11.01.1984	-99	-99	-99	-99
12.01.1984	-99	-99	-99	-99
13.01.1984	-99	-99	-99	-99
14.01.1984	-99	-99	-99	-99
15.01.1984	-99	-99	-99	-99
16.01.1984	-99	-99	-99	-99
17.01.1984	-99	-99	-99	-99
18.01.1984	-99	-99	-99	-99
19.01.1984	-99	-99	-99	-99
20.01.1984	-99	-99	-99	-99
21.01.1984	-99	-99	-99	-99
22.01.1984	-99	-99	-99	-99
23.01.1984	-99	-99	-99	-99
24.01.1984	-99	-99	-99	-99
25.01.1984	-99	-99	-99	-99
26.01.1984	-99	-99	-99	-99
27.01.1984	-99	-99	-99	-99
28.01.1984	-99	-99	-99	-99
29.01.1984	-99	-99	-99	-99
30.01.1984	-99	-99	-99	-99
31.01.1984	-99	-99	-99	-99
01.02.1984	-99	-99	-99	-99
02.02.1984	-99	-99	-99	-99
03.02.1984	-99	-99	-99	-99
04.02.1984	-99	-99	-99	-99
05.02.1984	-99	-99	-99	-99
06.02.1984	-99	-99	-99	-99
07.02.1984	-99	-99	-99	-99
08.02.1984	-99	-99	-99	-99
09.02.1984	-99	-99	-99	-99
10.02.1984	-99	-99	-99	-99
11.02.1984	-99	-99	-99	-99
12.02.1984	-99	-99	-99	-99
13.02.1984	-99	-99	-99	-99
14.02.1984	-99	-99	-99	-99
15.02.1984	-99	-99	-99	-99
16.02.1984	-99	-99	-99	-99
17.02.1984	-99	-99	-99	-99
18.02.1984	-99	-99	-99	-99
19.02.1984	-99	-99	-99	-99
20.02.1984	-99	-99	-99	-99
21.02.1984	-99	-99	-99	-99
22.02.1984	-99	-99	-99	-99
23.02.1984	-99	-99	-99	-99
24.02.1984	-99	-99	-99	-99
25.02.1984	-99	-99	-99	-99
26.02.1984	-99	-99	-99	-99
27.02.1984	-99	-99	-99	-99
28.02.1984	-99	-99	-99	-99
29.02.1984	-99	-99	-99	-99
01.03.1984	-99	-99	-99	-99
02.03.1984	-99	-99	-99	-99
03.03.1984	-99	-99	-99	-99
04.03.1984	-99	-99	-99	-99
05.03.1984	-99	-99	-99	-99
06.03.1984	-99	-99	-99	-99
07.03.1984	-99	-99	-99	-99
08.03.1984	-99	-99	-99	-99
09.03.1984	-99	-99	-99	-99
10.03.1984	-99	-99	-99	-99
11.03.1984	-99	-99	-99	-99
12.03.1984	-99	-99	-99	-99
13.03.1984	-99	-99	-99	-99
14.03.1984	-99	-99	-99	-99
15.03.1984	-99	-99	-99	-99
16.03.1984	-99	-99	-99	-99
17.03.1984	-99	-99	-99	-99
18.03.1984	-99	-99	-99	-99
19.03.1984	-99	-99	-99	-99
20.03.1984	-99	-99	-99	-99
21.03.1984	-99	-99	-99	-99
22.03.1984	-99	-99	-99	-99
23.03.1984	-99	-99	-99	-99
24.03.1984	-99	-99	-99	-99
25.03.1984	-99	-99	-99	-99
26.03.1984	-99	-99	-99	-99
27.03.1984	-99	-99	-99	-99
28.03.1984	-99	-99	-99	-99
29.03.1984	-99	-99	-99	-99
30.03.1984	-99	-99	-99	-99
31.03.1984	-99	-99	-99	-99
01.04.1984	-99	-99	-99	-99
02.04.1984	-99	-99	-99	-99
03.04.1984	-99	-99	-99	-99
04.04.1984	-99	-99	-99	-99
05.04.1984	-99	-99	-99	-99
06.04.1984	-99	-99	-99	-99
07.04.1984	-99	-99	-99	-99
08.04.1984	-99	-99	-99	-99
09.04.1984	-99	-99	-99	-99
10.04.1984	-99	-99	-99	-99
11.04.1984	-99	-99	-99	-99
12.04.1984	-99	-99	-99	-99
13.04.1984	-99	-99	-99	-99
14.04.1984	-99	-99	-99	-99
15.04.1984	-99	-99	-99	-99
16.04.1984	-99	-99	-99	-99
17.04.1984	-99	-99	-99	-99
18.04.1984	-99	-99	-99	-99
19.04.1984	-99	-99	-99	-99
20.04.1984	-99	-99	-99	-99
21.04.1984	-99	-99	-99	-99
22.04.1984	-99	-99	-99	-99
23.04.1984	-99	-99	-99	-99
24.04.1984	-99	-99	-99	-99
25.04.1984	-99	-99	-99	-99
26.04.1984	-99	-99	-99	-99
27.04.1984	-99	-99	-99	-99
28.04.1984	-99	-99	-99	-99
29.04.1984	-99	-99	-99	-99
30.04.1984	-99	-99	-99	-99
01.05.1984	-99	-99	-99	-99
02.05.1984	-99	-99	-99	-99
03.05.1984	-99	-99	-99	-99
04.05.1984	-99	-99	-99	-99
05.05.1984	-99	-99	-99	-99
06.05.1984	-99	-99	-99	-99
07.05.1984	-99	-99	-99	-99
08.05.1984	-99	-99	-99	-99
09.05.1984	-99	-99	-99	-99
10.05.1984	-99	-99	-99	-99
11.05.1984	-99	-99	-99	-99
12.05.1984	-99	-99	-99	-99
13.05.1984	-99	-99	-99	-99
14.05.1984	-99	-99	-99	-99
15.05.1984	-99	-99	-99	-99
16.05.1984	-99	-99	-99	-99
17.05.1984	-99	-99	-99	-99
18.05.1984	-99	-99	-99	-99
19.05.1984	-99	-99	-99	-99
20.05.1984	-99	-99	-99	-99
21.05.1984	-99	-99	-99	-99
22.05.1984	-99	-99	-99	-99
23.05.1984	-99	-99	-99	-99
24.05.1984	-99	-99	-99	-99
25.05.1984	-99	-99	-99	-99
26.05.1984	-99	-99	-99	-99
27.05.1984	-99	-99	-99	-99
28.05.1984	-99	-99	-99	-99
29.05.1984	-99	-99	-99	-99
30.05.1984	-99	-99	-99	-99
31.05.1984	-99	-99	-99	-99
01.06.1984	-99	-99	-99	-99
02.06.1984	-99	-99	-99	-99
03.06.1984	-99	-99	-99	-99
04.06.1984	-99	-99	-99	-99
05.06.1984	-99	-99	-99	-99
06.06.1984	-99	-99	-99	-99
07.06.1984	-99	-99	-99	-99
08.06.1984	-99	-99	-99	-99
09.06.1984	-99	-99	-99	-99
10.06.1984	-99	-99	-99	-99
11.06.1984	-99	-99	-99	-99
12.06.1984	-99	-99	-99	-99
13.06.1984	-99	-99	-99	-99
14.06.1984	-99	-99	-99	-99
15.06.1984	-99	-99	-99	-99
16.06.1984	-99	-99	-99	-99
17.06.1984	-99	-99	-99	-99
18.06.1984	-99	-99	-99	-99
19.06.1984	-99	-99	-99	-99
20.06.1984	-99	-99	-99	-99
21.06.1984	-99	-99	-99	-99
22.06.1984	-99	-99	-99	-99
23.06.1984	-99	-99	-99	-99
24.06.1984	-99	-99	-99	-99
25.06.1984	-99	-99	-99	-99
26.06.1984	-99	-99	-99	-99
27.06.1984	-99	-99	-99	-99
28.06.1984	-99	-99	-99	-99
29.06.1984	-99	-99	-99	-99
30.06.1984	-99	-99	-99	-99
01.07.1984	-99	-99	-99	-99
02.07.1984	-99	-99	-99	-99
03.07.1984	-99	-99	-99	-99
04.07.1984	-99	-99	-99	-99
05.07.1984	-99	-99	-99	-99
06.07.1984	-99	-99	-99	-99
07.07.1984	-99	-99	-99	-99
08.07.1984	-99	-99	-99	-99
09.07.1984	-99	-99	-99	-99
10.07.1984	-99	-99	-99	-99
11.07.1984	-99	-99	-99	-99
12.07.1984	-99	-99	-99	-99
13.07.1984	-99	-99	-99	-99
14.07.1984	-99	-99	-99	-99
15.07.1984	-99	-99	-99	-99
16.07.1984	-99	-99	-99	-99
17.07.1984	-99	-99	-99	-99
18.07.1984	-99	-99	-99	-99
19.07.1984	-99	-99	-99	-99
20.07.1984	-99	-99	-99	-99
21.07.1984	-99	-99	-99	-99
22.07.1984	-99	-99	-99	-99
23.07.1984	-99	-99	-99	-99
24.07.1984	-99	-99	-99	-99
25.07.1984	-99	-99	-99	-99
26.07.1984	-99	-99	-99	-99
27.07.1984	-99	-99	-99	-99
28.07.1984	-99	-99	-99	-99
29.07.1984	-99	-99	-99	-99
30.07.1984	-99	-99	-99	-99
31.07.1984	-99	-99	-99	-99
01.08.1984	-99	-99	-99	-99
02.08.1984	-99	-99	-99	-99
03.08.1984	-99	-99	-99	-99
04.08.1984	-99	-99	-99	-99
05.08.1984	-99	-99	-99	-99
06.08.1984	-99	-99	-99	-99
07.08.1984	-99	-99	-99	-99
08.08.1984	-99	-99	-99	-99
09.08.1984	-99	-99	-99	-99
10.08.1984	-99	-99	-99	-99
11.08.1984	-99	-99	-99	-99
12.08.1984	-99	-99	-99	-99
13.08.1984	-99	-99	-99	-99
14.08.1984	-99	-99	-99	-99
15.08.1984	-99	-99	-99	-99
16.08.1984	-99	-99	-99	-99
17.08.1984	-99	-99	-99	-99
18.08.1984	-99	-99	-99	-99
19.08.1984	-99	-99	-99	-99
20.08.1984	-99	-99	-99	-99
21.08.1984	-99	-99	-99	-99
22.08.1984	-99	-99	-99	-99
23.08.1984	-99	-99	-99	-99
24.08.1984	-99	-99	-99	-99
25.08.1984	-99	-99	-99	-99
26.08.1984	-99	-99	-99	-99
27.08.1984	-99	-99	-99	-99
28.08.1984	-99	-99	-99	-99
29.08.1984	-99	-99	-99	-99
30.08.1984	-99	-99	-99	-99
31.08.1984	-99	-99	-99	-99
01.09.1984	-99	-99	-99	-99
02.09.1984	-99	-99	-99	-99
03.09.1984	-99	-99	-99	-99
04.09.1984	-99	-99	-99	-99
05.09.1984	-99	-99	-99	-99
06.09.1984	-99	-99	-99	-99
07.09.1984	-99	-99	-99	-99
08.09.1984	-99	-99	-99	-99
09.09.1984	-99	-99	-99	-99
10.09.1984	-99	-99	-99	-99
11.09.1984	-99	-99	-99	-99
12.09.1984	-99	-99	-99	-99
13.09.1984	-99	-99	-99	-99
14.09.1984	-99	-99	-99	-99
15.09.1984	-99	-99	-99	-99
16.09.1984	-99	-99	-99	-99
17.09.1984	-99	-99	-99	-99
18.09.1984	-99	-99	-99	-99
19.09.1984	-99	-99	-99	-99
20.09.1984	-99	-99	-99	-99
21.09.1984	-99	-99	-99	-99
22.09.1984	-99	-99	-99	-99
23.09.1984	-99	-99	-99	-99
24.09.1984	-99	-99	-99	-99
25.09.1984	-99	-99	-99	-99
26.09.1984	-99	-99	-99	-99
27.09.1984	-99	-99	-99	-99
28.09.1984	-99	-99	-99	-99
29.09.1984	-99	-99	-99	-99
30.09.1984	-99	-99	-99	-99
01.10.1984	-99	-99	-99	-99
02.10.1984	-99	-99	-99	-99
03.10.1984	-99	-99	-99	-99
04.10.1984	-99	-99	-99	-99
05.10.1984	-99	-99	-99	-99
06.10.1984	-99	-99	-99	-99
07.10.1984	-99	-99	-99	-99
08.10.1984	-99	-99	-99	-99
09.10.1984	-99	-99	-99	-99
10.10.1984	-99	-99	-99	-99
11.10.1984	-99	-99	-99	-99
12.10.1984	-99	-99	-99	-99
13.10.1984	-99	-99	-99	-99
14.10.1984	-99	-99	-99	-99
15.10.1984	-99	-99	-99	-99
16.10.1984	-99	-99	-99	-99
17.10.1984	-99	-99	-99	-99
18.10.1984	-99	-99	-99	-99
19.10.1984	-99	-99	-99	-99
20.10.1984	-99	-99	-99	-99
21.10.1984	-99	-99	-99	-99
22.10.1984	-99	-99	-99	-99
23.10.1984	-99	-99	-99	-99
24.10.1984	-99	-99	-99	-99
25.10.1984	-99	-99	-99	-99
26.10.1984	-99	-99	-99	-99
27.10.1984	-99	-99	-99	-99
28.10.1984	-99	-99	-99	-99
29.10.1984	-99	-99	-99	-99
30.10.1984	-99	-99	-99	-99
31.10.1984	-99	-99	-99	-99
01.11.1984	-99	-99	-99	-99
02.11.1984	-99	-99	-99	-99
03.11.1984	-99	-99	-99	-99
04.11.1984	-99	-99	-99	-99
05.11.1984	-99	-99	-99	-99
06.11.1984	-99	-99	-99	-99
07.11.1984	-99	-99	-99	-99
08.11.1984	-99	-99	-99	-99
09.11.1984	-99	-99	-99	-99
10.11.1984	-99	-99	-99	-99
11.11.1984	-99	-99	-99	-99
12.11.1984	-99	-99	-99	-99
13.11.1984	-99	-99	-99	-99
14.11.1984	-99	-99	-99	-99
15.11.1984	-99	-99	-99	-99
16.11.1984	-99	-99	-99	-99
17.11.1984	-99	-99	-99	-99
18.11.1984	-99	-99	-99	-99
19.11.1984	-99	-99	-99	-99
20.11.1984	-99	-99	-99	-99
21.11.1984	-99	-99	-99	-99
22.11.1984	-99	-99	-99	-99
23.11.1984	-99	-99	-99	-99
24.11.1984	-99	-99	-99	-99
25.11.1984	-99	-99	-99	-99
26.11.1984	-99	-99	-99	-99
27.11.1984	-99	-99	-99	-99
28.11.1984	-99	-99	-99	-99
29.11.1984	-99	-99	-99	-99
30.11.1984	-99	-99	-99	-99
01.12.1984	-99	-99	-99	-99
02.12.1984	-99	-99	-99	-99
03.12.1984	-99	-99	-99	-99
04.12.1984	-99	-99	-99	-99
05.12.1984	-99	-99	-99	-99
06.12.1984	-99	-99	-99	-99
07.12.1984	-99	-99	-99	-99
08.12.1984	-99	-99	-99	-99
09.12.1984	-99	-99	-99	-99
10.12.1984	-99	-99	-99	-99
11.12.1984	-99	-99	-99	-99
12.12.1984	-99	-99	-99	-99
13.12.1984	-99	-99	-99	-99
14.12.1984	-99	-99	-99	-99
15.12.1984	-99	-99	-99	-99
16.12.1984	-99	-99	-99	-99
17.12.1984	-99	-99	-99	-99
18.12.1984	-99	-99	-99	-99
19.12.1984	-99	-99	-99	-99
20.12.1984	-99	-99	-99	-99
21.12.1984	-99	-99	-99	-99
22.12.1984	-99	-99	-99	-99
23.12.1984	-99	-99	-99	-99
24.12.1984	-99	-99	-99	-99
25.12.1984	-99	-99	-99	-99
26.12.1984	-99	-99	-99	-99
27.12.1984	-99	-99	-99	-99
28.12.1984	-99	-99	-99	-99
29.12.1984	-99	-99	-99	-99
30.12.1984	-99	-99	-99	-99
31.12.1984	-99	-99	-99	-99
01.01.1985	-99	-99	-99	-99
02.01.1985	-99	-99	-99	-99
03.01.1985	-99	-99	-99	-99
04.01.1985	-99	-99	-99	-99
05.01.1985	-99	-99	-99	-99
06.01.1985	-99	-99	-99	-99
07.01.1985	-99	-99	-99	-99
08.01.1985	-99	-99	-99	-99
09.01.1985	-99	-99	-99	-99
10.01.1985	-99	-99	-99	-99
11.01.1985	-99	-99	-99	-99
12.01.1985	-99	-99	-99	-99
13.01.1985	-99	-99	-99	-99
14.01.1985	-99	-99	-99	-99
15.01.1985	-99	-99	-99	-99
16.01.1985	-99	-99	-99	-99
17.01.1985	-99	-99	-99	-99
18.01.1985	-99	-99	-99	-99
19.01.1985	-99	-99	-99	-99
20.01.1985	-99	-99	-99	-99
21.01.1985	-99	-99	-99	-99
22.01.1985	-99	-99	-99	-99
23.01.1985	-99	-99	-99	-99
24.01.1985	-99	-99	-99	-99
25.01.1985	-99	-99	-99	-99
26.01.1985	-99	-99	-99	-99
27.01.1985	-99	-99	-99	-99
28.01.1985	-99	-99	-99	-99
29.01.1985	-99	-99	-99	-99
30.01.1985	-99	-99	-99	-99
31.01.1985	-99	-99	-99	-99
01.02.1985	-99	-99	-99	-99
02.02.1985	-99	-99	-99	-99
03.02.1985	-99	-99	-99	-99
04.02.1985	-99	-99	-99	-99
05.02.1985	-99	-99	-99	-99
06.02.1985	-99	-99	-99	-99
07.02.1985	-99	-99	-99	-99
08.02.1985	-99	-99	-99	-99
09.02.1985	-99	-99	-99	-99
10.02.1985	-99	-99	-99	-99
11.02.1985	-99	-99	-99	-99
12.02.1985	-99	-99	-99	-99
13.02.1985	-99	-99	-99	-99
14.02.1985	-99	-99	-99	-99
15.02.1985	-99	-99	-99	-99
16.02.1985	-99	-99	-99	-99
17.02.1985	-99	-99	-99	-99
18.02.1985	-99	-99	-99	-99
19.02.1985	-99	-99	-99	-99
20.02.1985	-99	-99	-99	-99
21.02.1985	-99	-99	-99	-99
22.02.1985	-99	-99	-99	-99
23.02.1985	-99	-99	-99	-99
24.02.1985	-99	-99	-99	-99
25.02.1985	-99	-99	-99	-99
26.02.1985	-99	-99	-99	-99
27.02.1985	-99	-99	-99	-99
28.02.1985	-99	-99	-99	-99
01.03.1985	-99	-99	-99	-99
02.03.1985	-99	-99	-99	-99
03.03.1985	-99	-99	-99	-99
04.03.1985	-99	-99	-99	-99
05.03.1985	-99	-99	-99	-99
06.03.1985	-99	-99	-99	-99
07.03.1985	-99	-99	-99	-99
08.03.1985	-99	-99	-99	-99
09.03.1985	-99	-99	-99	-99
10.03.1985	-99	-99	-99	-99
11.03.1985	-99	-99	-99	-99
12.03.1985	-99	-99	-99	-99
13.03.1985	-99	-99	-99	-99
14.03.1985	-99	-99	-99	-99
15.03.1985	-99	-99	-99	-99
16.03.1985	-99	-99	-99	-99
17.03.1985	-99	-99	-99	-99
18.03.1985	-99	-99	-99	-99
19.03.1985	-99	-99	-99	-99
20.03.1985	-99	-99	-99	-99
21.03.1985	-99	-99	-99	-99
22.03.1985	-99	-99	-99	-99
23.03.1985	-99	-99	-99	-99
24.03.1985	-99	-99	-99	-99
25.03.1985	-99	-99	-99	-99
26.03.1985	-99	-99	-99	-99
27.03.1985	-99	-99	-99	-99
28.03.1985	-99	-99	-99	-99
29.03.1985	-99	-99	-99	-99
30.03.1985	-99	-99	-99	-99
31.03.1985	-99	-99	-99	-99
01.04.1985	-99	-99	-99	-99
02.04.1985	-99	-99	-99	-99
03.04.1985	-99	-99	-99	-99
04.04.1985	-99	-99	-99	-99
05.04.1985	-99	-99	-99	-99
06.04.1985	-99	-99	-99	-99
07.04.1985	-99	-99	-99	-99
08.04.1985	-99	-99	-99	-99
09.04.1985	-99	-99	-99	-99
10.04.1985	-99	-99	-99	-99
11.04.1985	-99	-99	-99	-99
12.04.1985	-99	-99	-99	-99
13.04.1985	-99	-99	-99	-99
14.04.1985	-99	-99	-99	-99
15.04.1985	-99	-99	-99	-99
16.04.1985	-99	-99	-99	-99
17.04.1985	-99	-99	-99	-99
18.04.1985	-99	-99	-99	-99
19.04.1985	-99	-99	-99	-99
20.04.1985	-99	-99	-99	-99
21.04.1985	-99	-99	-99	-99
22.04.1985	-99	-99	-99	-99
23.04.1985	-99	-99	-99	-99
24.04.1985	-99	-99	-99	-99
25.04.1985	-99	-99	-99	-99
26.04.1985	-99	-99	-99	-99
27.04.1985	-99	-99	-99	-99
28.04.1985	-99	-99	-99	-99
29.04.1985	-99	-99	-99	-99
30.04.1985	-99	-99	-99	-99
01.05.1985	-99	-99	-99	-99
02.05.1985	-99	-99	-99	-99
03.05.1985	-99	-99	-99	-99
04.05.1985	-99	-99	-99	-99
05.05.1985	-99	-99	-99	-99
06.05.1985	-99	-99	-99	-99
07.05.1985	-99	-99	-99	-99
08.05.1985	-99	-99	-99	-99
09.05.1985	-99	-99	-99	-99
10.05.1985	-99	-99	-99	-99
11.05.1985	-99	-99	-99	-99
12.05.1985	-99	-99	-99	-99
13.05.1985	-99	-99	-99	-99
14.05.1985	-99	-99	-99	-99
15.05.1985	-99	-99	-99	-99
16.05.1985	-99	-99	-99	-99
17.05.1985	-99	-99	-99	-99
18.05.1985	-99	-99	-99	-99
19.05.1985	-99	-99	-99	-99
20.05.1985	-99	-99	-99	-99
21.05.1985	-99	-99	-99	-99
22.05.1985	-99	-99	-99	-99
23.05.1985	-99	-99	-99	-99
24.05.1985	-99	-99	-99	-99
25.05.1985	-99	-99	-99	-99
26.05.1985	-99	-99	-99	-99
27.05.1985	-99	-99	-99	-99
28.05.1985	-99	-99	-99	-99
29.05.1985	-99	-99	-99	-99
30.05.1985	-99	-99	-99	-99
31.05.1985	-99	-99	-99	-99
01.06.1985	-99	-99	-99	-99
02.06.1985	-99	-99	-99	-99
03.06.1985	-99	-99	-99	-99
04.06.1985	-99	-99	-99	-99
05.06.1985	-99	-99	-99	-99
06.06.1985	-99	-99	-99	-99
07.06.1985	-99	-99	-99	-99
08.06.1985	-99	-99	-99	-99
09.06.1985	-99	-99	-99	-99
10.06.1985	-99	-99	-99	-99
11.06.1985	-99	-99	-99	-99
12.06.1985	-99	-99	-99	-99
13.06.1985	-99	-99	-99	-99
14.06.1985	-99	-99	-99	-99
15.06.1985	-99	-99	-99	-99
16.06.1985	-99	-99	-99	-99
17.06.1985	-99	-99	-99	-99
18.06.1985	-99	-99	-99	-99
19.06.1985	-99	-99	-99	-99
20.06.1985	-99	-99	-99	-99
21.06.1985	-99	-99	-99	-99
22.06.1985	-99	-99	-99	-99
23.06.1985	-99	-99	-99	-99
24.06.1985	-99	-99	-99	-99
25.06.1985	-99	-99	-99	-99
26.06.1985	-99	-99	-99	-99
27.06.1985	-99	-99	-99	-99
28.06.1985	-99	-99	-99	-99
29.06.1985	-99	-99	-99	-99
30.06.1985	-99	-99	-99	-99
01.07.1985	-99	-99	-99	-99
02.07.1985	-99	-99	-99	-99
03.07.1985	-99	-99	-99	-99
04.07.1985	-99	-99	-99	-99
05.07.1985	-99	-99	-99	-99
06.07.1985	-99	-99	-99	-99
07.07.1985	-99	-99	-99	-99
08.07.1985	-99	-99	-99	-99
09.07.1985	-99	-99	-99	-99
10.07.1985	-99	-99	-99	-99
11.07.1985	-99	-99	-99	-99
12.07.1985	-99	-99	-99	-99
13.07.1985	-99	-99	-99	-99
14.07.1985	-99	-99	-99	-99
15.07.1985	-99	-99	-99	-99
16.07.1985	-99	-99	-99	-99
17.07.1985	-99	-99	-99	-99
18.07.1985	-99	-99	-99	-99
19.07.1985	-99	-99	-99	-99
20.07.1985	-99	-99	-99	-99
21.07.1985	-99	-99	-99	-99
22.07.1985	-99	-99	-99	-99
23.07.1985	-99	-99	-99	-99
24.07.1985	-99	-99	-99	-99
25.07.1985	-99	-99	-99	-99
26.07.1985	-99	-99	-99	-99
27.07.1985	-99	-99	-99	-99
28.07.1985	-99	-99	-99	-99
29.07.1985	-99	-99	-99	-99
30.07.1985	-99	-99	-99	-99
31.07.1985	-99	-99	-99	-99
01.08.1985	-99	-99	-99	-99
02.08.1985	-99	-99	-99	-99
03.08.1985	-99	-99	-99	-99
04.08.1985	-99	-99	-99	-99
05.08.1985	-99	-99	-99	-99
06.08.1985	-99	-99	-99	-99
07.08.1985	-99	-99	-99	-99
08.08.1985	-99	-99	-99	-99
09.08.1985	-99	-99	-99	-99
10.08.1985	-99	-99	-99	-99
11.08.1985	-99	-99	-99	-99
12.08.1985	-99	-99	-99	-99
13.08.1985	-99	-99	-99	-99
14.08.1985	-99	-99	-99	-99
15.08.1985	-99	-99	-99	-99
16.08.1985	-99	-99	-99	-99
17.08.1985	-99	-99	-99	-99
18.08.1985	-99	-99	-99	-99
19.08.1985	-99	-99	-99	-99
20.08.1985	-99	-99	-99	-99
21.08.1985	-99	-99	-99	-99
22.08.1985	-99	-99	-99	-99
23.08.1985	-99	-99	-99	-99
24.08.1985	-99	-99	-99	-99
25.08.1985	-99	-99	-99	-99
26.08.1985	-99	-99	-99	-99
27.08.1985	-99	-99	-99	-99
28.08.1985	-99	-99	-99	-99
29.08.1985	-99	-99	-99	-99
30.08.1985	-99	-99	-99	-99
31.08.1985	-99	-99	-99	-99
01.09.1985	-99	-99	-99	-99
02.09.1985	-99	-99	-99	-99
03.09.1985	-99	-99	-99	-99
04.09.1985	-99	-99	-99	-99
05.09.1985	-99	-99	-99	-99
06.09.1985	-99	-99	-99	-99
07.09.1985	-99	-99	-99	-99
08.09.1985	-99	-99	-99	-99
09.09.1985	-99	-99	-99	-99
10.09.1985	-99	-99	-99	-99
11.09.1985	-99	-99	-99	-99
12.09.1985	-99	-99	-99	-99
13.09.1985	-99	-99	-99	-99
14.09.1985	-99	-99	-99	-99
15.09.1985	-99	-99	-99	-99
16.09.1985	-99	-99	-99	-99
17.09.1985	-99	-99	-99	-99
18.09.1985	-99	-99	-99	-99
19.09.1985	-99	-99	-99	-99
20.09.1985	-99	-99	-99	-99
21.09.1985	-99	-99	-99	-99
22.09.1985	-99	-99	-99	-99
23.09.1985	-99	-99	-99	-99
24.09.1985	-99	-99	-99	-99
25.09.1985	-99	-99	-99	-99
26.09.1985	-99	-99	-99	-99
27.09.1985	-99	-99	-99	-99
28.09.1985	-99	-99	-99	-99
29.09.1985	-99	-99	-99	-99
30.09.1985	-99	-99	-99	-99
01.10.1985	-99	-99	-99	-99
02.10.1985	-99	-99	-99	-99
03.10.1985	-99	-99	-99	-99
04.10.1985	-99	-99	-99	-99
05.10.1985	-99	-99	-99	-99
06.10.1985	-99	-99	-99	-99
07.10.1985	-99	-99	-99	-99
08.10.1985	-99	-99	-99	-99
09.10.1985	-99	-99	-99	-99
10.10.1985	-99	-99	-99	-99
11.10.1985	-99	-99	-99	-99
12.10.1985	-99	-99	-99	-99
13.10.1985	-99	-99	-99	-99
14.10.1985	-99	-99	-99	-99
15.10.1985	-99	-99	-99	-99
16.10.1985	-99	-99	-99	-99
17.10.1985	-99	-99	-99	-99
18.10.1985	-99	-99	-99	-99
19.10.1985	-99	-99	-99	-99
20.10.1985	-99	-99	-99	-99
21.10.1985	-99	-99	-99	-99
22.10.1985	-99	-99	-99	-99
23.10.1985	-99	-99	-99	-99
24.10.1985	-99	-99	-99	-99
25.10.1985	-99	-99	-99	-99
26.10.1985	-99	-99	-99	-99
27.10.1985	-99	-99	-99	-99
28.10.1985	-99	-99	-99	-99
29.10.1985	-99	-99	-99	-99
30.10.1985	-99	-99	-99	-99
31.10.1985	-99	-99	-99	-99
01.11.1985	-99	-99	-99	-99
02.11.1985	-99	-99	-99	-99
03.11.1985	-99	-99	-99	-99
04.11.1985	-99	-99	-99	-99
05.11.1985	-99	-99	-99	-99
06.11.1985	-99	-99	-99	-99
07.11.1985	-99	-99	-99	-99
08.11.1985	-99	-99	-99	-99
09.11.1985	-99	-99	-99	-99
10.11.1985	-99	-99	-99	-99
11.11.1985	-99	-99	-99	-99
12.11.1985	-99	-99	-99	-99
13.11.1985	-99	-99	-99	-99
14.11.1985	-99	-99	-99	-99
15.11.1985	-99	-99	-99	-99
16.11.1985	-99	-99	-99	-99
17.11.1985	-99	-99	-99	-99
18.11.1985	-99	-99	-99	-99
19.11.1985	-99	-99	-99	-99
20.11.1985	-99	-99	-99	-99
21.11.1985	-99	-99	-99	-99
22.11.1985	-99	-99	-99	-99
23.11.1985	-99	-99	-99	-99
24.11.1985	-99	-99	-99	-99
25.11.1985	-99	-99	-99	-99
26.11.1985	-99	-99	-99	-99
27.11.1985	-99	-99	-99	-99
28.11.1985	-99	-99	-99	-99
29.11.1985	-99	-99	-99	-99
30.11.1985	-99	-99	-99	-99
01.12.1985	-99	-99	-99	-99
02.12.1985	-99	-99	-99	-99
03.12.1985	-99	-99	-99	-99
04.12.1985	-99	-99	-99	-99
05.12.1985	-99	-99	-99	-99
06.12.1985	-99	-99	-99	-99
07.12.1985	-99	-99	-99	-99
08.12.1985	-99	-99	-99	-99
09.12.1985	-99	-99	-99	-99
10.12.1985	-99	-99	-99	-99
11.12.1985	-99	-99	-99	-99
12.12.1985	-99	-99	-99	-99
13.12.1985	-99	-99	-99	-99
14.12.1985	-99	-99	-99	-99
15.12.1985	-99	-99	-99	-99
16.12.1985	-99	-99	-99	-99
17.12.1985	-99	-99	-99	-99
18.12.1985	-99	-99	-99	-99
19.12.1985	-99	-99	-99	-99
20.12.1985	-99	-99	-99	-99
21.12.1985	-99	-99	-99	-99
22.12.1985	-99	-99	-99	-99
23.12.1985	-99	-99	-99	-99
24.12.1985	-99	-99	-99	-99
25.12.1985	-99	-99	-99	-99
26.12.1985	-99	-99	-99	-99
27.12.1985	-99	-99	-99	-99
28.12.1985	-99	-99	-99	-99
29.12.1985	-99	-99	-99	-99
30.12.1985	-99	-99	-99	-99
31.12.1985	-99	-99	-99	-99
01.01.1986	-99	-99	-99	-99
02.01.1986	-99	-99	-99	-99
03.01.1986	-99	-99	-99	-99
04.01.1986	-99	-99	-99	-99
05.01.1986	-99	-99	-99	-99
06.01.1986	-99	-99	-99	-99
07.01.1986	-99	-99	-99	-99
08.01.1986	-99	-99	-99	-99
09.01.1986	-99	-99	-99	-99
10.01.1986	-99	-99	-99	-99
11.01.1986	-99	-99	-99	-99
12.01.1986	-99	-99	-99	-99
13.01.1986	-99	-99	-99	-99
14.01.1986	-99	-99	-99	-99
15.01.1986	-99	-99	-99	-99
16.01.1986	-99	-99	-99	-99
17.01.1986	-99	-99	-99	-99
18.01.1986	-99	-99	-99	-99
19.01.1986	-99	-99	-99	-99
20.01.1986	-99	-99	-99	-99
21.01.1986	-99	-99	-99	-99
22.01.1986	-99	-99	-99	-99
23.01.1986	-99	-99	-99	-99
24.01.1986	-99	-99	-99	-99
25.01.1986	-99	-99	-99	-99
26.01.1986	-99	-99	-99	-99
27.01.1986	-99	-99	-99	-99
28.01.1986	-99	-99	-99	-99
29.01.1986	-99	-99	-99	-99
30.01.1986	-99	-99	-99	-99
31.01.1986	-99	-99	-99	-99
01.02.1986	-99	-99	-99	-99
02.02.1986	-99	-99	-99	-99
03.02.1986	-99	-99	-99	-99
04.02.1986	-99	-99	-99	-99
05.02.1986	-99	-99	-99	-99
06.02.1986	-99	-99	-99	-99
07.02.1986	-99	-99	-99	-99
08.02.1986	-99	-99	-99	-99
09.02.1986	-99	-99	-99	-99
10.02.1986	-99	-99	-99	-99
11.02.1986	-99	-99	-99	-99
12.02.1986	-99	-99	-99	-99
13.02.1986	-99	-99	-99	-99
14.02.1986	-99	-99	-99	-99
15.02.1986	-99	-99	-99	-99
16.02.1986	-99	-99	-99	-99
17.02.1986	-99	-99	-99	-99
18.02.1986	-99	-99	-99	-99
19.02.1986	-99	-99	-99	-99
20.02.1986	-99	-99	-99	-99
21.02.1986	-99	-99	-99	-99
22.02.1986	-99	-99	-99	-99
23.02.1986	-99	-99	-99	-99
24.02.1986	-99	-99	-99	-99
25.02.1986	-99	-99	-99	-99
26.02.1986	-99	-99	-99	-99
27.02.1986	-99	-99	-99	-99
28.02.1986	-99	-99	-99	-99
01.03.1986	-99	-99	-99	-99
02.03.1986	-99	-99	-99	-99
03.03.1986	-99	-99	-99	-99
04.03.1986	-99	-99	-99	-99
05.03.1986	-99	-99	-99	-99
06.03.1986	-99	-99	-99	-99
07.03.1986	-99	-99	-99	-99
08.03.1986	-99	-99	-99	-99
09.03.1986	-99	-99	-99	-99
10.03.1986	-99	-99	-99	-99
11.03.1986	-99	-99	-99	-99
12.03.1986	-99	-99	-99	-99
13.03.1986	-99	-99	-99	-99
14.03.1986	-99	-99	-99	-99
15.03.1986	-99	-99	-99	-99
16.03.1986	-99	-99	-99	-99
17.03.1986	-99	-99	-99	-99
18.03.1986	-99	-99	-99	-99
19.03.1986	-99	-99	-99	-99
20.03.1986	-99	-99	-99	-99
21.03.1986	-99	-99	-99	-99
22.03.1986	-99	-99	-99	-99
23.03.1986	-99	-99	-99	-99
24.03.1986	-99	-99	-99	-99
25.03.1986	-99	-99	-99	-99
26.03.1986	-99	-99	-99	-99
27.03.1986	-99	-99	-99	-99
28.03.1986	-99	-99	-99	-99
29.03.1986	-99	-99	-99	-99
30.03.1986	-99	-99	-99	-99
31.03.1986	-99	-99	-99	-99
01.04.1986	-99	-99	-99	-99
02.04.1986	-99	-99	-99	-99
03.04.1986	-99	-99	-99	-99
04.04.1986	-99	-99	-99	-99
05.04.1986	-99	-99	-99	-99
06.04.1986	-99	-99	-99	-99
07.04.1986	-99	-99	-99	-99
08.04.1986	-99	-99	-99	-99
09.04.1986	-99	-99	-99	-99
10.04.1986	-99	-99	-99	-99
11.04.1986	-99	-99	-99	-99
12.04.1986	-99	-99	-99	-99
13.04.1986	-99	-99	-99	-99
14.04.1986	-99	-99	-99	-99
15.04.1986	-99	-99	-99	-99
16.04.1986	-99	-99	-99	-99
17.04.1986	-99	-99	-99	-99
18.04.1986	-99	-99	-99	-99
19.04.1986	-99	-99	-99	-99
20.04.1986	-99	-99	-99	-99
21.04.1986	-99	-99	-99	-99
22.04.1986	-99	-99	-99	-99
23.04.1986	-99	-99	-99	-99
24.04.1986	-99	-99	-99	-99
25.04.1986	-99	-99	-99	-99
26.04.1986	-99	-99	-99	-99
27.04.1986	-99	-99	-99	-99
28.04.1986	-99	-99	-99	-99
29.04.1986	-99	-99	-99	-99
30.04.1986	-99	-99	-99	-99
01.05.1986	-99	-99	-99	-99
02.05.1986	-99	-99	-99	-99
03.05.1986	-99	-99	-99	-99
04.05.1986	-99	-99	-99	-99
05.05.1986	-99	-99	-99	-99
06.05.1986	-99	-99	-99	-99
07.05.1986	-99	-99	-99	-99
08.05.1986	-99	-99	-99	-99
09.05.1986	-99	-99	-99	-99
10.05.1986	-99	-99	-99	-99
11.05.1986	-99	-99	-99	-99
12.05.1986	-99	-99	-99	-99
13.05.1986	-99	-99	-99	-99
14.05.1986	-99	-99	-99	-99
15.05.1986	-99	-99	-99	-99
16.05.1986	-99	-99	-99	-99
17.05.1986	-99	-99	-99	-99
18.05.1986	-99	-99	-99	-99
19.05.1986	-99	-99	-99	-99
20.05.1986	-99	-99	-99	-99
21.05.1986	-99	-99	-99	-99
22.05.1986	-99	-99	-99	-99
23.05.1986	-99	-99	-99	-99
24.05.1986	-99	-99	-99	-99
25.05.1986	-99	-99	-99	-99
26.05.1986	-99	-99	-99	-99
27.05.1986	-99	-99	-99	-99
28.05.1986	-99	-99	-99	-99
29.05.1986	-99	-99	-99	-99
30.05.1986	-99	-99	-99	-99
31.05.1986	-99	-99	-99	-99
01.06.1986	-99	-99	-99	-99
02.06.1986	-99	-99	-99	-99
03.06.1986	-99	-99	-99	-99
04.06.1986	-99	-99	-99	-99
05.06.1986	-99	-99	-99	-99
06.06.1986	-99	-99	-99	-99
07.06.1986	-99	-99	-99	-99
08.06.1986	-99	-99	-99	-99
09.06.1986	-99	-99	-99	-99
10.06.1986	-99	-99	-99	-99
11.06.1986	-99	-99	-99	-99
12.06.1986	-99	-99	-99	-99
13.06.1986	-99	-99	-99	-99
14.06.1986	-99	-99	-99	-99
15.06.1986	-99	-99	-99	-99
16.06.1986	-99	-99	-99	-99
17.06.1986	-99	-99	-99	-99
18.06.1986	-99	-99	-99	-99
19.06.1986	-99	-99	-99	-99
20.06.1986	-99	-99	-99	-99
21.06.1986	-99	-99	-99	-99
22.06.1986	-99	-99	-99	-99
23.06.1986	-99	-99	-99	-99
24.06.1986	-99	-99	-99	-99
25.06.1986	-99	-99	-99	-99
26.06.1986	-99	-99	-99	-99
27.06.1986	-99	-99	-99	-99
28.06.1986	-99	-99	-99	-99
29.06.1986	-99	-99	-99	-99
30.06.1986	-99	-99	-99	-99
01.07.1986	-99	-99	-99	-99
02.07.1986	-99	-99	-99	-99
03.07.1986	-99	-99	-99	-99
04.07.1986	-99	-99	-99	-99
05.07.1986	-99	-99	-99	-99
06.07.1986	-99	-99	-99	-99
07.07.1986	-99	-99	-99	-99
08.07.1986	-99	-99	-99	-99
09.07.1986	-99	-99	-99	-99
10.07.1986	-99	-99	-99	-99
11.07.1986	-99	-99	-99	-99
12.07.1986	-99	-99	-99	-99
13.07.1986	-99	-99	-99	-99
14.07.1986	-99	-99	-99	-99
15.07.1986	-99	-99	-99	-99
16.07.1986	-99	-99	-99	-99
17.07.1986	-99	-99	-99	-99
18.07.1986	-99	-99	-99	-99
19.07.1986	-99	-99	-99	-99
20.07.1986	-99	-99	-99	-99
21.07.1986	-99	-99	-99	-99
22.07.1986	-99	-99	-99	-99
23.07.1986	-99	-99	-99	-99
24.07.1986	-99	-99	-99	-99
25.07.1986	-99	-99	-99	-99
26.07.1986	-99	-99	-99	-99
27.07.1986	-99	-99	-99	-99
28.07.1986	-99	-99	-99	-99
29.07.1986	-99	-99	-99	-99
30.07.1986	-99	-99	-99	-99
31.07.1986	-99	-99	-99	-99
01.08.1986	-99	-99	-99	-99
02.08.1986	-99	-99	-99	-99
03.08.1986	-99	-99	-99	-99
04.08.1986	-99	-99	-99	-99
05.08.1986	-99	-99	-99	-99
06.08.1986	-99	-99	-99	-99
07.08.1986	-99	-99	-99	-99
08.08.1986	-99	-99	-99	-99
09.08.1986	-99	-99	-99	-99
10.08.1986	-99	-99	-99	-99
11.08.1986	-99	-99	-99	-99
12.08.1986	-99	-99	-99	-99
13.08.1986	-99	-99	-99	-99
14.08.1986	-99	-99	-99	-99
15.08.1986	-99	-99	-99	-99
16.08.1986	-99	-99	-99	-99
17.08.1986	-99	-99	-99	-99
18.08.1986	-99	-99	-99	-99
19.08.1986	-99	-99	-99	-99
20.08.1986	-99	-99	-99	-99
21.08.1986	-99	-99	-99	-99
22.08.1986	-99	-99	-99	-99
23.08.1986	-99	-99	-99	-99
24.08.1986	-99	-99	-99	-99
25.08.1986	-99	-99	-99	-99
26.08.1986	-99	-99	-99	-99
27.08.1986	-99	-99	-99	-99
28.08.1986	-99	-99	-99	-99
29.08.1986	-99	-99	-99	-99
30.08.1986	-99	-99	-99	-99
31.08.1986	-99	-99	-99	-99
01.09.1986	-99	-99	-99	-99
02.09.1986	-99	-99	-99	-99
03.09.1986	-99	-99	-99	-99
04.09.1986	-99	-99	-99	-99
05.09.1986	-99	-99	-99	-99
06.09.1986	-99	-99	-99	-99
07.09.1986	-99	-99	-99	-99
08.09.1986	-99	-99	-99	-99
09.09.1986	-99	-99	-99	-99
10.09.1986	-99	-99	-99	-99
11.09.1986	-99	-99	-99	-99
12.09.1986	-99	-99	-99	-99
13.09.1986	-99	-99	-99	-99
14.09.1986	-99	-99	-99	-99
15.09.1986	-99	-99	-99	-99
16.09.1986	-99	-99	-99	-99
17.09.1986	-99	-99	-99	-99
18.09.1986	-99	-99	-99	-99
19.09.1986	-99	-99	-99	-99
20.09.1986	-99	-99	-99	-99
21.09.1986	-99	-99	-99	-99
22.09.1986	-99	-99	-99	-99
23.09.1986	-99	-99	-99	-99
24.09.1986	-99	-99	-99	-99
25.09.1986	-99	-99	-99	-99
26.09.1986	-99	-99	-99	-99
27.09.1986	-99	-99	-99	-99
28.09.1986	-99	-99	-99	-99
29.09.1986	-99	-99	-99	-99
30.09.1986	-99	-99	-99	-99
01.10.1986	-99	-99	-99	-99
02.10.1986	-99	-99	-99	-99
03.10.1986	-99	-99	-99	-99
04.10.1986	-99	-99	-99	-99
05.10.1986	-99	-99	-99	-99
06.10.1986	-99	-99	-99	-99
07.10.1986	-99	-99	-99	-99
08.10.1986	-99	-99	-99	-99
09.10.1986	-99	-99	-99	-99
10.10.1986	-99	-99	-99	-99
11.10.1986	-99	-99	-99	-99
12.10.1986	-99	-99	-99	-99
13.10.1986	-99	-99	-99	-99
14.10.1986	-99	-99	-99	-99
15.10.1986	-99	-99	-99	-99
16.10.1986	-99	-99	-99	-99
17.10.1986	-99	-99	-99	-99
18.10.1986	-99	-99	-99	-99
19.10.1986	-99	-99	-99	-99
20.10.1986	-99	-99	-99	-99
21.10.1986	-99	-99	-99	-99
22.10.1986	-99	-99	-99	-99
23.10.1986	-99	-99	-99	-99
24.10.1986	-99	-99	-99	-99
25.10.1986	-99	-99	-99	-99
26.10.1986	-99	-99	-99	-99
27.10.1986	-99	-99	-99	-99
28.10.1986	-99	-99	-99	-99
29.10.1986	-99	-99	-99	-99
30.10.1986	-99	-99	-99	-99
31.10.1986	-99	-99	-99	-99
01.11.1986	-99	-99	-99	-99
02.11.1986	-99	-99	-99	-99
03.11.1986	-99	-99	-99	-99
04.11.1986	-99	-99	-99	-99
05.11.1986	-99	-99	-99	-99
06.11.1986	-99	-99	-99	-99
07.11.1986	-99	-99	-99	-99
08.11.1986	-99	-99	-99	-99
09.11.1986	-99	-99	-99	-99
10.11.1986	-99	-99	-99	-99
11.11.1986	-99	-99	-99	-99
12.11.1986	-99	-99	-99	-99
13.11.1986	-99	-99	-99	-99
14.11.1986	-99	-99	-99	-99
15.11.1986	-99	-99	-99	-99
16.11.1986	-99	-99	-99	-99
17.11.1986	-99	-99	-99	-99
18.11.1986	-99	-99	-99	-99
19.11.1986	-99	-99	-99	-99
20.11.1986	-99	-99	-99	-99
21.11.1986	-99	-99	-99	-99
22.11.1986	-99	-99	-99	-99
23.11.1986	-99	-99	-99	-99
24.11.1986	-99	-99	-99	-99
25.11.1986	-99	-99	-99	-99
26.11.1986	-99	-99	-99	-99
27.11.1986	-99	-99	-99	-99
28.11.1986	-99	-99	-99	-99
29.11.1986	-99	-99	-99	-99
30.11.1986	-99	-99	-99	-99
01.12.1986	-99	-99	-99	-99
02.12.1986	-99	-99	-99	-99
03.12.1986	-99	-99	-99	-99
04.12.1986	-99	-99	-99	-99
05.12.1986	-99	-99	-99	-99
06.12.1986	-99	-99	-99	-99
07.12.1986	-99	-99	-99	-99
08.12.1986	-99	-99	-99	-99
09.12.1986	-99	-99	-99	-99
10.12.1986	-99	-99	-99	-99
11.12.1986	-99	-99	-99	-99
12.12.1986	-99	-99	-99	-99
13.12.1986	-99	-99	-99	-99
14.12.1986	-99	-99	-99	-99
15.12.1986	-99	-99	-99	-99
16.12.1986	-99	-99	-99	-99
17.12.1986	-99	-99	-99	-99
18.12.1986	-99	-99	-99	-99
19.12.1986	-99	-99	-99	-99
20.12.1986	-99	-99	-99	-99
21.12.1986	-99	-99	-99	-99
22.12.1986	-99	-99	-99	-99
23.12.1986	-99	-99	-99	-99
24.12.1986	-99	-99	-99	-99
25.12.1986	-99	-99	-99	-99
26.12.1986	-99	-99	-99	-99
27.12.1986	-99	-99	-99	-99
28.12.1986	-99	-99	-99	-99
29.12.1986	-99	-99	-99	-99
30.12.1986	-99	-99	-99	-99
31.12.1986	-99	-99	-99	-99
01.01.1987	-99	-99	-99	-99
02.01.1987	-99	-99	-99	-99
03.01.1987	-99	-99	-99	-99
04.01.1987	-99	-99	-99	-99
05.01.1987	-99	-99	-99	-99
06.01.1987	-99	-99	-99	-99
07.01.1987	-99	-99	-99	-99
08.01.1987	-99	-99	-99	-99
09.01.1987	-99	-99	-99	-99
10.01.1987	-99	-99	-99	-99
11.01.1987	-99	-99	-99	-99
12.01.1987	-99	-99	-99	-99
13.01.1987	-99	-99	-99	-99
14.01.1987	-99	-99	-99	-99
15.01.1987	-99	-99	-99	-99
16.01.1987	-99	-99	-99	-99
17.01.1987	-99	-99	-99	-99
18.01.1987	-99	-99	-99	-99
19.01.1987	-99	-99	-99	-99
20.01.1987	-99	-99	-99	-99
21.01.1987	-99	-99	-99	-99
22.01.1987	-99	-99	-99	-99
23.01.1987	-99	-99	-99	-99
24.01.1987	-99	-99	-99	-99
25.01.1987	-99	-99	-99	-99
26.01.1987	-99	-99	-99	-99
27.01.1987	-99	-99	-99	-99
28.01.1987	-99	-99	-99	-99
29.01.1987	-99	-99	-99	-99
30.01.1987	-99	-99	-99	-99
31.01.1987	-99	-99	-99	-99
01.02.1987	-99	-99	-99	-99
02.02.1987	-99	-99	-99	-99
03.02.1987	-99	-99	-99	-99
04.02.1987	-99	-99	-99	-99
05.02.1987	-99	-99	-99	-99
06.02.1987	-99	-99	-99	-99
07.02.1987	-99	-99	-99	-99
08.02.1987	-99	-99	-99	-99
09.02.1987	-99	-99	-99	-99
10.02.1987	-99	-99	-99	-99
11.02.1987	-99	-99	-99	-99
12.02.1987	-99	-99	-99	-99
13.02.1987	-99	-99	-99	-99
14.02.1987	-99	-99	-99	-99
15.02.1987	-99	-99	-99	-99
16.02.1987	-99	-99	-99	-99
17.02.1987	-99	-99	-99	-99
18.02.1987	-99	-99	-99	-99
19.02.1987	-99	-99	-99	-99
20.02.1987	-99	-99	-99	-99
21.02.1987	-99	-99	-99	-99
22.02.1987	-99	-99	-99	-99
23.02.1987	-99	-99	-99	-99
24.02.1987	-99	-99	-99	-99
25.02.1987	-99	-99	-99	-99
26.02.1987	-99	-99	-99	-99
27.02.1987	-99	-99	-99	-99
28.02.1987	-99	-99	-99	-99
01.03.1987	-99	-99	-99	-99
02.03.1987	-99	-99	-99	-99
03.03.1987	-99	-99	-99	-99
04.03.1987	-99	-99	-99	-99
05.03.1987	-99	-99	-99	-99
06.03.1987	-99	-99	-99	-99
07.03.1987	-99	-99	-99	-99
08.03.1987	-99	-99	-99	-99
09.03.1987	-99	-99	-99	-99
10.03.1987	-99	-99	-99	-99
11.03.1987	-99	-99	-99	-99
12.03.1987	-99	-99	-99	-99
13.03.1987	-99	-99	-99	-99
14.03.1987	-99	-99	-99	-99
15.03.1987	-99	-99	-99	-99
16.03.1987	-99	-99	-99	-99
17.03.1987	-99	-99	-99	-99
18.03.1987	-99	-99	-99	-99
19.03.1987	-99	-99	-99	-99
20.03.1987	-99	-99	-99	-99
21.03.1987	-99	-99	-99	-99
22.03.1987	-99	-99	-99	-99
23.03.1987	-99	-99	-99	-99
24.03.1987	-99	-99	-99	-99
25.03.1987	-99	-99	-99	-99
26.03.1987	-99	-99	-99	-99
27.03.1987	-99	-99	-99	-99
28.03.1987	-99	-99	-99	-99
29.03.1987	-99	-99	-99	-99
30.03.1987	-99	-99	-99	-99
31.03.1987	-99	-99	-99	-99
01.04.1987	-99	-99	-99	-99
02.04.1987	-99	-99	-99	-99
03.04.1987	-99	-99	-99	-99
04.04.1987	-99	-99	-99	-99
05.04.1987	-99	-99	-99	-99
06.04.1987	-99	-99	-99	-99
07.04.1987	-99	-99	-99	-99
08.04.1987	-99	-99	-99	-99
09.04.1987	-99	-99	-99	-99
10.04.1987	-99	-99	-99	-99
11.04.1987	-99	-99	-99	-99
12.04.1987	-99	-99	-99	-99
13.04.1987	-99	-99	-99	-99
14.04.1987	-99	-99	-99	-99
15.04.1987	-99	-99	-99	-99
16.04.1987	-99	-99	-99	-99
17.04.1987	-99	-99	-99	-99
18.04.1987	-99	-99	-99	-99
19.04.1987	-99	-99	-99	-99
20.04.1987	-99	-99	-99	-99
21.04.1987	-99	-99	-99	-99
22.04.1987	-99	-99	-99	-99
23.04.1987	-99	-99	-99	-99
24.04.1987	-99	-99	-99	-99
25.04.1987	-99	-99	-99	-99
26.04.1987	-99	-99	-99	-99
27.04.1987	-99	-99	-99	-99
28.04.1987	-99	-99	-99	-99
29.04.1987	-99	-99	-99	-99
30.04.1987	-99	-99	-99	-99
01.05.1987	-99	-99	-99	-99
02.05.1987	-99	-99	-99	-99
03.05.1987	-99	-99	-99	-99
04.05.1987	-99	-99	-99	-99
05.05.1987	-99	-99	-99	-99
06.05.1987	-99	-99	-99	-99
07.05.1987	-99	-99	-99	-99
08.05.1987	-99	-99	-99	-99
09.05.1987	-99	-99	-99	-99
10.05.1987	-99	-99	-99	-99
11.05.1987	-99	-99	-99	-99
12.05.1987	-99	-99	-99	-99
13.05.1987	-99	-99	-99	-99
14.05.1987	-99	-99	-99	-99
15.05.1987	-99	-99	-99	-99
16.05.1987	-99	-99	-99	-99
17.05.1987	-99	-99	-99	-99
18.05.1987	-99	-99	-99	-99
19.05.1987	-99	-99	-99	-99
20.05.1987	-99	-99	-99	-99
21.05.1987	-99	-99	-99	-99
22.05.1987	-99	-99	-99	-99
23.05.1987	-99	-99	-99	-99
24.05.1987	-99	-99	-99	-99
25.05.1987	-99	-99	-99	-99
26.05.1987	-99	-99	-99	-99
27.05.1987	-99	-99	-99	-99
28.05.1987	-99	-99	-99	-99
29.05.1987	-99	-99	-99	-99
30.05.1987	-99	-99	-99	-99
31.05.1987	-99	-99	-99	-99
01.06.1987	-99	-99	-99	-99
02.06.1987	-99	-99	-99	-99
03.06.1987	-99	-99	-99	-99
04.06.1987	-99	-99	-99	-99
05.06.1987	-99	-99	-99	-99
06.06.1987	-99	-99	-99	-99
07.06.1987	-99	-99	-99	-99
08.06.1987	-99	-99	-99	-99
09.06.1987	-99	-99	-99	-99
10.06.1987	-99	-99	-99	-99
11.06.1987	-99	-99	-99	-99
12.06.1987	-99	-99	-99	-99
13.06.1987	-99	-99	-99	-99
14.06.1987	-99	-99	-99	-99
15.06.1987	-99	-99	-99	-99
16.06.1987	-99	-99	-99	-99
17.06.1987	-99	-99	-99	-99
18.06.1987	-99	-99	-99	-99
19.06.1987	-99	-99	-99	-99
20.06.1987	-99	-99	-99	-99
21.06.1987	-99	-99	-99	-99
22.06.1987	-99	-99	-99	-99
23.06.1987	-99	-99	-99	-99
24.06.1987	-99	-99	-99	-99
25.06.1987	-99	-99	-99	-99
26.06.1987	-99	-99	-99	-99
27.06.1987	-99	-99	-99	-99
28.06.1987	-99	-99	-99	-99
29.06.1987	-99	-99	-99	-99
30.06.1987	-99	-99	-99	-99
01.07.1987	-99	-99	-99	-99
02.07.1987	-99	-99	-99	-99
03.07.1987	-99	-99	-99	-99
04.07.1987	-99	-99	-99	-99
05.07.1987	-99	-99	-99	-99
06.07.1987	-99	-99	-99	-99
07.07.1987	-99	-99	-99	-99
08.07.1987	-99	-99	-99	-99
09.07.1987	-99	-99	-99	-99
10.07.1987	-99	-99	-99	-99
11.07.1987	-99	-99	-99	-99
12.07.1987	-99	-99	-99	-99
13.07.1987	-99	-99	-99	-99
14.07.1987	-99	-99	-99	-99
15.07.1987	-99	-99	-99	-99
16.07.1987	-99	-99	-99	-99
17.07.1987	-99	-99	-99	-99
18.07.1987	-99	-99	-99	-99
19.07.1987	-99	-99	-99	-99
20.07.1987	-99	-99	-99	-99
21.07.1987	-99	-99	-99	-99
22.07.1987	-99	-99	-99	-99
23.07.1987	-99	-99	-99	-99
24.07.1987	-99	-99	-99	-99
25.07.1987	-99	-99	-99	-99
26.07.1987	-99	-99	-99	-99
27.07.1987	-99	-99	-99	-99
28.07.1987	-99	-99	-99	-99
29.07.1987	-99	-99	-99	-99
30.07.1987	-99	-99	-99	-99
31.07.1987	-99	-99	-99	-99
01.08.1987	-99	-99	-99	-99
02.08.1987	-99	-99	-99	-99
03.08.1987	-99	-99	-99	-99
04.08.1987	-99	-99	-99	-99
05.08.1987	-99	-99	-99	-99
06.08.1987	-99	-99	-99	-99
07.08.1987	-99	-99	-99	-99
08.08.1987	-99	-99	-99	-99
09.08.1987	-99	-99	-99	-99
10.08.1987	-99	-99	-99	-99
11.08.1987	-99	-99	-99	-99
12.08.1987	-99	-99	-99	-99
13.08.1987	-99	-99	-99	-99
14.08.1987	-99	-99	-99	-99
15.08.1987	-99	-99	-99	-99
16.08.1987	-99	-99	-99	-99
17.08.1987	-99	-99	-99	-99
18.08.1987	-99	-99	-99	-99
19.08.1987	-99	-99	-99	-99
20.08.1987	-99	-99	-99	-99
21.08.1987	-99	-99	-99	-99
22.08.1987	-99	-99	-99	-99
23.08.1987	-99	-99	-99	-99
24.08.1987	-99	-99	-99	-99
25.08.1987	-99	-99	-99	-99
26.08.1987	-99	-99	-99	-99
27.08.1987	-99	-99	-99	-99
28.08.1987	-99	-99	-99	-99
29.08.1987	-99	-99	-99	-99
30.08.1987	-99	-99	-99	-99
31.08.1987	-99	-99	-99	-99
01.09.1987	-99	-99	-99	-99
02.09.1987	-99	-99	-99	-99
03.09.1987	-99	-99	-99	-99
04.09.1987	-99	-99	-99	-99
05.09.1987	-99	-99	-99	-99
06.09.1987	-99	-99	-99	-99
07.09.1987	-99	-99	-99	-99
08.09.1987	-99	-99	-99	-99
09.09.1987	-99	-99	-99	-99
10.09.1987	-99	-99	-99	-99
11.09.1987	-99	-99	-99	-99
12.09.1987	-99	-99	-99	-99
13.09.1987	-99	-99	-99	-99
14.09.1987	-99	-99	-99	-99
15.09.1987	-99	-99	-99	-99
16.09.1987	-99	-99	-99	-99
17.09.1987	-99	-99	-99	-99
18.09.1987	-99	-99	-99	-99
19.09.1987	-99	-99	-99	-99
20.09.1987	-99	-99	-99	-99
21.09.1987	-99	-99	-99	-99
22.09.1987	-99	-99	-99	-99
23.09.1987	-99	-99	-99	-99
24.09.1987	-99	-99	-99	-99
25.09.1987	-99	-99	-99	-99
26.09.1987	-99	-99	-99	-99
27.09.1987	-99	-99	-99	-99
28.09.1987	-99	-99	-99	-99
29.09.1987	-99	-99	-99	-99
30.09.1987	-99	-99	-99	-99
01.10.1987	-99	-99	-99	-99
02.10.1987	-99	-99	-99	-99
03.10.1987	-99	-99	-99	-99
04.10.1987	-99	-99	-99	-99
05.10.1987	-99	-99	-99	-99
06.10.1987	-99	-99	-99	-99
07.10.1987	-99	-99	-99	-99
08.10.1987	-99	-99	-99	-99
09.10.1987	-99	-99	-99	-99
10.10.1987	-99	-99	-99	-99
11.10.1987	-99	-99	-99	-99
12.10.1987	-99	-99	-99	-99
13.10.1987	-99	-99	-99	-99
14.10.1987	-99	-99	-99	-99
15.10.1987	-99	-99	-99	-99
16.10.1987	-99	-99	-99	-99
17.10.1987	-99	-99	-99	-99
18.10.1987	-99	-99	-99	-99
19.10.1987	-99	-99	-99	-99
20.10.1987	-99	-99	-99	-99
21.10.1987	-99	-99	-99	-99
22.10.1987	-99	-99	-99	-99
23.10.1987	-99	-99	-99	-99
24.10.1987	-99	-99	-99	-99
25.10.1987	-99	-99	-99	-99
26.10.1987	-99	-99	-99	-99
27.10.1987	-99	-99	-99	-99
28.10.1987	-99	-99	-99	-99
29.10.1987	-99	-99	-99	-99
30.10.1987	-99	-99	-99	-99
31.10.1987	-99	-99	-99	-99
01.11.1987	-99	-99	-99	-99
02.11.1987	-99	-99	-99	-99
03.11.1987	-99	-99	-99	-99
04.11.1987	-99	-99	-99	-99
05.11.1987	-99	-99	-99	-99
06.11.1987	-99	-99	-99	-99
07.11.1987	-99	-99	-99	-99
08.11.1987	-99	-99	-99	-99
09.11.1987	-99	-99	-99	-99
10.11.1987	-99	-99	-99	-99
11.11.1987	-99	-99	-99	-99
12.11.1987	-99	-99	-99	-99
13.11.1987	-99	-99	-99	-99
14.11.1987	-99	-99	-99	-99
15.11.1987	-99	-99	-99	-99
16.11.1987	-99	-99	-99	-99
17.11.1987	-99	-99	-99	-99
18.11.1987	-99	-99	-99	-99
19.11.1987	-99	-99	-99	-99
20.11.1987	-99	-99	-99	-99
21.11.1987	-99	-99	-99	-99
22.11.1987	-99	-99	-99	-99
23.11.1987	-99	-99	-99	-99
24.11.1987	-99	-99	-99	-99
25.11.1987	-99	-99	-99	-99
26.11.1987	-99	-99	-99	-99
27.11.1987	-99	-99	-99	-99
28.11.1987	-99	-99	-99	-99
29.11.1987	-99	-99	-99	-99
30.11.1987	-99	-99	-99	-99
01.12.1987	-99	-99	-99	-99
02.12.1987	-99	-99	-99	-99
03.12.1987	-99	-99	-99	-99
04.12.1987	-99	-99	-99	-99
05.12.1987	-99	-99	-99	-99
06.12.1987	-99	-99	-99	-99
07.12.1987	-99	-99	-99	-99
08.12.1987	-99	-99	-99	-99
09.12.1987	-99	-99	-99	-99
10.12.1987	-99	-99	-99	-99
11.12.1987	-99	-99	-99	-99
12.12.1987	-99	-99	-99	-99
13.12.1987	-99	-99	-99	-99
14.12.1987	-99	-99	-99	-99
15.12.1987	-99	-99	-99	-99
16.12.1987	-99	-99	-99	-99
17.12.1987	-99	-99	-99	-99
18.12.1987	-99	-99	-99	-99
19.12.1987	-99	-99	-99	-99
20.12.1987	-99	-99	-99	-99
21.12.1987	-99	-99	-99	-99
22.12.1987	-99	-99	-99	-99
23.12.1987	-99	-99	-99	-99
24.12.1987	-99	-99	-99	-99
25.12.1987	-99	-99	-99	-99
26.12.1987	-99	-99	-99	-99
27.12.1987	-99	-99	-99	-99
28.12.1987	-99	-99	-99	-99
29.12.1987	-99	-99	-99	-99
30.12.1987	-99	-99	-99	-99
31.12.1987	-99	-99	-99	-99
01.01.1988	-99	-99	-99	-99
02.01.1988	-99	-99	-99	-99
03.01.1988	-99	-99	-99	-99
04.01.1988	-99	-99	-99	-99
05.01.1988	-99	-99	-99	-99
06.01.1988	-99	-99	-99	-99
07.01.1988	-99	-99	-99	-99
08.01.1988	-99	-99	-99	-99
09.01.1988	-99	-99	-99	-99
10.01.1988	-99	-99	-99	-99
11.01.1988	-99	-99	-99	-99
12.01.1988	-99	-99	-99	-99
13.01.1988	-99	-99	-99	-99
14.01.1988	-99	-99	-99	-99
15.01.1988	-99	-99	-99	-99
16.01.1988	-99	-99	-99	-99
17.01.1988	-99	-99	-99	-99
18.01.1988	-99	-99	-99	-99
19.01.1988	-99	-99	-99	-99
20.01.1988	-99	-99	-99	-99
21.01.1988	-99	-99	-99	-99
22.01.1988	-99	-99	-99	-99
23.01.1988	-99	-99	-99	-99
24.01.1988	-99	-99	-99	-99
25.01.1988	-99	-99	-99	-99
26.01.1988	-99	-99	-99	-99
27.01.1988	-99	-99	-99	-99
28.01.1988	-99	-99	-99	-99
29.01.1988	-99	-99	-99	-99
30.01.1988	-99	-99	-99	-99
31.01.1988	-99	-99	-99	-99
01.02.1988	-99	-99	-99	-99
02.02.1988	-99	-99	-99	-99
03.02.1988	-99	-99	-99	-99
04.02.1988	-99	-99	-99	-99
05.02.1988	-99	-99	-99	-99
06.02.1988	-99	-99	-99	-99
07.02.1988	-99	-99	-99	-99
08.02.1988	-99	-99	-99	-99
09.02.1988	-99	-99	-99	-99
10.02.1988	-99	-99	-99	-99
11.02.1988	-99	-99	-99	-99
12.02.1988	-99	-99	-99	-99
13.02.1988	-99	-99	-99	-99
14.02.1988	-99	-99	-99	-99
15.02.1988	-99	-99	-99	-99
16.02.1988	-99	-99	-99	-99
17.02.1988	-99	-99	-99	-99
18.02.1988	-99	-99	-99	-99
19.02.1988	-99	-99	-99	-99
20.02.1988	-99	-99	-99	-99
21.02.1988	-99	-99	-99	-99
22.02.1988	-99	-99	-99	-99
23.02.1988	-99	-99	-99	-99
24.02.1988	-99	-99	-99	-99
25.02.1988	-99	-99	-99	-99
26.02.1988	-99	-99	-99	-99
27.02.1988	-99	-99	-99	-99
28.02.1988	-99	-99	-99	-99
29.02.1988	-99	-99	-99	-99
01.03.1988	-99	-99	-99	-99
02.03.1988	-99	-99	-99	-99
03.03.1988	-99	-99	-99	-99
04.03.1988	-99	-99	-99	-99
05.03.1988	-99	-99	-99	-99
06.03.1988	-99	-99	-99	-99
07.03.1988	-99	-99	-99	-99
08.03.1988	-99	-99	-99	-99
09.03.1988	-99	-99	-99	-99
10.03.1988	-99	-99	-99	-99
11.03.1988	-99	-99	-99	-99
12.03.1988	-99	-99	-99	-99
13.03.1988	-99	-99	-99	-99
14.03.1988	-99	-99	-99	-99
15.03.1988	-99	-99	-99	-99
16.03.1988	-99	-99	-99	-99
17.03.1988	-99	-99	-99	-99
18.03.1988	-99	-99	-99	-99
19.03.1988	-99	-99	-99	-99
20.03.1988	-99	-99	-99	-99
21.03.1988	-99	-99	-99	-99
22.03.1988	-99	-99	-99	-99
23.03.1988	-99	-99	-99	-99
24.03.1988	-99	-99	-99	-99
25.03.1988	-99	-99	-99	-99
26.03.1988	-99	-99	-99	-99
27.03.1988	-99	-99	-99	-99
28.03.1988	-99	-99	-99	-99
29.03.1988	-99	-99	-99	-99
30.03.1988	-99	-99	-99	-99
31.03.1988	-99	-99	-99	-99
01.04.1988	-99	-99	-99	-99
02.04.1988	-99	-99	-99	-99
03.04.1988	-99	-99	-99	-99
04.04.1988	-99	-99	-99	-99
05.04.1988	-99	-99	-99	-99
06.04.1988	-99	-99	-99	-99
07.04.1988	-99	-99	-99	-99
08.04.1988	-99	-99	-99	-99
09.04.1988	-99	-99	-99	-99
10.04.1988	-99	-99	-99	-99
11.04.1988	-99	-99	-99	-99
12.04.1988	-99	-99	-99	-99
13.04.1988	-99	-99	-99	-99
14.04.1988	-99	-99	-99	-99
15.04.1988	-99	-99	-99	-99
16.04.1988	-99	-99	-99	-99
17.04.1988	-99	-99	-99	-99
18.04.1988	-99	-99	-99	-99
19.04.1988	-99	-99	-99	-99
20.04.1988	-99	-99	-99	-99
21.04.1988	-99	-99	-99	-99
22.04.1988	-99	-99	-99	-99
23.04.1988	-99	-99	-99	-99
24.04.1988	-99	-99	-99	-99
25.04.1988	-99	-99	-99	-99
26.04.1988	-99	-99	-99	-99
27.04.1988	-99	-99	-99	-99
28.04.1988	-99	-99	-99	-99
29.04.1988	-99	-99	-99	-99
30.04.1988	-99	-99	-99	-99
01.05.1988	-99	-99	-99	-99
02.05.1988	-99	-99	-99	-99
03.05.1988	-99	-99	-99	-99
04.05.1988	-99	-99	-99	-99
05.05.1988	-99	-99	-99	-99
06.05.1988	-99	-99	-99	-99
07.05.1988	-99	-99	-99	-99
08.05.1988	-99	-99	-99	-99
09.05.1988	-99	-99	-99	-99
10.05.1988	-99	-99	-99	-99
11.05.1988	-99	-99	-99	-99
12.05.1988	-99	-99	-99	-99
13.05.1988	-99	-99	-99	-99
14.05.1988	-99	-99	-99	-99
15.05.1988	-99	-99	-99	-99
16.05.1988	-99	-99	-99	-99
17.05.1988	-99	-99	-99	-99
18.05.1988	-99	-99	-99	-99
19.05.1988	-99	-99	-99	-99
20.05.1988	-99	-99	-99	-99
21.05.1988	-99	-99	-99	-99
22.05.1988	-99	-99	-99	-99
23.05.1988	-99	-99	-99	-99
24.05.1988	-99	-99	-99	-99
25.05.1988	-99	-99	-99	-99
26.05.1988	-99	-99	-99	-99
27.05.1988	-99	-99	-99	-99
28.05.1988	-99	-99	-99	-99
29.05.1988	-99	-99	-99	-99
30.05.1988	-99	-99	-99	-99
31.05.1988	-99	-99	-99	-99
01.06.1988	-99	-99	-99	-99
02.06.1988	-99	-99	-99	-99
03.06.1988	-99	-99	-99	-99
04.06.1988	-99	-99	-99	-99
05.06.1988	-99	-99	-99	-99
06.06.1988	-99	-99	-99	-99
07.06.1988	-99	-99	-99	-99
08.06.1988	-99	-99	-99	-99
09.06.1988	-99	-99	-99	-99
10.06.1988	-99	-99	-99	-99
11.06.1988	-99	-99	-99	-99
12.06.1988	-99	-99	-99	-99
13.06.1988	-99	-99	-99	-99
14.06.1988	-99	-99	-99	-99
15.06.1988	-99	-99	-99	-99
16.06.1988	-99	-99	-99	-99
17.06.1988	-99	-99	-99	-99
18.06.1988	-99	-99	-99	-99
19.06.1988	-99	-99	-99	-99
20.06.1988	-99	-99	-99	-99
21.06.1988	-99	-99	-99	-99
22.06.1988	-99	-99	-99	-99
23.06.1988	-99	-99	-99	-99
24.06.1988	-99	-99	-99	-99
25.06.1988	-99	-99	-99	-99
26.06.1988	-99	-99	-99	-99
27.06.1988	-99	-99	-99	-99
28.06.1988	-99	-99	-99	-99
29.06.1988	-99	-99	-99	-99
30.06.1988	-99	-99	-99	-99
01.07.1988	-99	-99	-99	-99
02.07.1988	-99	-99	-99	-99
03.07.1988	-99	-99	-99	-99
04.07.1988	-99	-99	-99	-99
05.07.1988	-99	-99	-99	-99
06.07.1988	-99	-99	-99	-99
07.07.1988	-99	-99	-99	-99
08.07.1988	-99	-99	-99	-99
09.07.1988	-99	-99	-99	-99
10.07.1988	-99	-99	-99	-99
11.07.1988	-99	-99	-99	-99
12.07.1988	-99	-99	-99	-99
13.07.1988	-99	-99	-99	-99
14.07.1988	-99	-99	-99	-99
15.07.1988	-99	-99	-99	-99
16.07.1988	-99	-99	-99	-99
17.07.1988	-99	-99	-99	-99
18.07.1988	-99	-99	-99	-99
19.07.1988	-99	-99	-99	-99
20.07.1988	-99	-99	-99	-99
21.07.1988	-99	-99	-99	-99
22.07.1988	-99	-99	-99	-99
23.07.1988	-99	-99	-99	-99
24.07.1988	-99	-99	-99	-99
25.07.1988	-99	-99	-99	-99
26.07.1988	-99	-99	-99	-99
27.07.1988	-99	-99	-99	-99
28.07.1988	-99	-99	-99	-99
29.07.1988	-99	-99	-99	-99
30.07.1988	-99	-99	-99	-99
31.07.1988	-99	-99	-99	-99
01.08.1988	-99	-99	-99	-99
02.08.1988	-99	-99	-99	-99
03.08.1988	-99	-99	-99	-99
04.08.1988	-99	-99	-99	-99
05.08.1988	-99	-99	-99	-99
06.08.1988	-99	-99	-99	-99
07.08.1988	-99	-99	-99	-99
08.08.1988	-99	-99	-99	-99
09.08.1988	-99	-99	-99	-99
10.08.1988	-99	-99	-99	-99
11.08.1988	-99	-99	-99	-99
12.08.1988	-99	-99	-99	-99
13.08.1988	-99	-99	-99	-99
14.08.1988	-99	-99	-99	-99
15.08.1988	-99	-99	-99	-99
16.08.1988	-99	-99	-99	-99
17.08.1988	-99	-99	-99	-99
18.08.1988	-99	-99	-99	-99
19.08.1988	-99	-99	-99	-99
20.08.1988	-99	-99	-99	-99
21.08.1988	-99	-99	-99	-99
22.08.1988	-99	-99	-99	-99
23.08.1988	-99	-99	-99	-99
24.08.1988	-99	-99	-99	-99
25.08.1988	-99	-99	-99	-99
26.08.1988	-99	-99	-99	-99
27.08.1988	-99	-99	-99	-99
28.08.1988	-99	-99	-99	-99
29.08.1988	-99	-99	-99	-99
30.08.1988	-99	-99	-99	-99
31.08.1988	-99	-99	-99	-99
01.09.1988	-99	-99	-99	-99
02.09.1988	-99	-99	-99	-99
03.09.1988	-99	-99	-99	-99
04.09.1988	-99	-99	-99	-99
05.09.1988	-99	-99	-99	-99
06.09.1988	-99	-99	-99	-99
07.09.1988	-99	-99	-99	-99
08.09.1988	-99	-99	-99	-99
09.09.1988	-99	-99	-99	-99
10.09.1988	-99	-99	-99	-99
11.09.1988	-99	-99	-99	-99
12.09.1988	-99	-99	-99	-99
13.09.1988	-99	-99	-99	-99
14.09.1988	-99	-99	-99	-99
15.09.1988	-99	-99	-99	-99
16.09.1988	-99	-99	-99	-99
17.09.1988	-99	-99	-99	-99
18.09.1988	-99	-99	-99	-99
19.09.1988	-99	-99	-99	-99
20.09.1988	-99	-99	-99	-99
21.09.1988	-99	-99	-99	-99
22.09.1988	-99	-99	-99	-99
23.09.1988	-99	-99	-99	-99
24.09.1988	-99	-99	-99	-99
25.09.1988	-99	-99	-99	-99
26.09.1988	-99	-99	-99	-99
27.09.1988	-99	-99	-99	-99
28.09.1988	-99	-99	-99	-99
29.09.1988	-99	-99	-99	-99
30.09.1988	-99	-99	-99	-99
01.10.1988	-99	-99	-99	-99
02.10.1988	-99	-99	-99	-99
03.10.1988	-99	-99	-99	-99
04.10.1988	-99	-99	-99	-99
05.10.1988	-99	-99	-99	-99
06.10.1988	-99	-99	-99	-99
07.10.1988	-99	-99	-99	-99
08.10.1988	-99	-99	-99	-99
09.10.1988	-99	-99	-99	-99
10.10.1988	-99	-99	-99	-99
11.10.1988	-99	-99	-99	-99
12.10.1988	-99	-99	-99	-99
13.10.1988	-99	-99	-99	-99
14.10.1988	-99	-99	-99	-99
15.10.1988	-99	-99	-99	-99
16.10.1988	-99	-99	-99	-99
17.10.1988	-99	-99	-99	-99
18.10.1988	-99	-99	-99	-99
19.10.1988	-99	-99	-99	-99
20.10.1988	-99	-99	-99	-99
21.10.1988	-99	-99	-99	-99
22.10.1988	-99	-99	-99	-99
23.10.1988	-99	-99	-99	-99
24.10.1988	-99	-99	-99	-99
25.10.1988	-99	-99	-99	-99
26.10.1988	-99	-99	-99	-99
27.10.1988	-99	-99	-99	-99
28.10.1988	-99	-99	-99	-99
29.10.1988	-99	-99	-99	-99
30.10.1988	-99	-99	-99	-99
31.10.1988	-99	-99	-99	-99
01.11.1988	-99	-99	-99	-99
02.11.1988	-99	-99	-99	-99
03.11.1988	-99	-99	-99	-99
04.11.1988	-99	-99	-99	-99
05.11.1988	-99	-99	-99	-99
06.11.1988	-99	-99	-99	-99
07.11.1988	-99	-99	-99	-99
08.11.1988	-99	-99	-99	-99
09.11.1988	-99	-99	-99	-99
10.11.1988	-99	-99	-99	-99
11.11.1988	-99	-99	-99	-99
12.11.1988	-99	-99	-99	-99
13.11.1988	-99	-99	-99	-99
14.11.1988	-99	-99	-99	-99
15.11.1988	-99	-99	-99	-99
16.11.1988	-99	-99	-99	-99
17.11.1988	-99	-99	-99	-99
18.11.1988	-99	-99	-99	-99
19.11.1988	-99	-99	-99	-99
20.11.1988	-99	-99	-99	-99
21.11.1988	-99	-99	-99	-99
22.11.1988	-99	-99	-99	-99
23.11.1988	-99	-99	-99	-99
24.11.1988	-99	-99	-99	-99
25.11.1988	-99	-99	-99	-99
26.11.1988	-99	-99	-99	-99
27.11.1988	-99	-99	-99	-99
28.11.1988	-99	-99	-99	-99
29.11.1988	-99	-99	-99	-99
30.11.1988	-99	-99	-99	-99
01.12.1988	-99	-99	-99	-99
02.12.1988	-99	-99	-99	-99
03.12.1988	-99	-99	-99	-99
04.12.1988	-99	-99	-99	-99
05.12.1988	-99	-99	-99	-99
06.12.1988	-99	-99	-99	-99
07.12.1988	-99	-99	-99	-99
08.12.1988	-99	-99	-99	-99
09.12.1988	-99	-99	-99	-99
10.12.1988	-99	-99	-99	-99
11.12.1988	-99	-99	-99	-99
12.12.1988	-99	-99	-99	-99
13.12.1988	-99	-99	-99	-99
14.12.1988	-99	-99	-99	-99
15.12.1988	-99	-99	-99	-99
16.12.1988	-99	-99	-99	-99
17.12.1988	-99	-99	-99	-99
18.12.1988	-99	-99	-99	-99
19.12.1988	-99	-99	-99	-99
20.12.1988	-99	-99	-99	-99
21.12.1988	-99	-99	-99	-99
22.12.1988	-99	-99	-99	-99
23.12.1988	-99	-99	-99	-99
24.12.1988	-99	-99	-99	-99
25.12.1988	-99	-99	-99	-99
26.12.1988	-99	-99	-99	-99
27.12.1988	-99	-99	-99	-99
28.12.1988	-99	-99	-99	-99
29.12.1988	-99	-99	-99	-99
30.12.1988	-99	-99	-99	-99
31.12.1988	-99	-99	-99	-99
01.01.1989	-99	-99	-99	-99
02.01.1989	-99	-99	-99	-99
03.01.1989	-99	-99	-99	-99
04.01.1989	-99	-99	-99	-99
05.01.1989	-99	-99	-99	-99
06.01.1989	-99	-99	-99	-99
07.01.1989	-99	-99	-99	-99
08.01.1989	-99	-99	-99	-99
09.01.1989	-99	-99	-99	-99
10.01.1989	-99	-99	-99	-99
11.01.1989	-99	-99	-99	-99
12.01.1989	-99	-99	-99	-99
13.01.1989	-99	-99	-99	-99
14.01.1989	-99	-99	-99	-99
15.01.1989	-99	-99	-99	-99
16.01.1989	-99	-99	-99	-99
17.01.1989	-99	-99	-99	-99
18.01.1989	-99	-99	-99	-99
19.01.1989	-99	-99	-99	-99
20.01.1989	-99	-99	-99	-99
21.01.1989	-99	-99	-99	-99
22.01.1989	-99	-99	-99	-99
23.01.1989	-99	-99	-99	-99
24.01.1989	-99	-99	-99	-99
25.01.1989	-99	-99	-99	-99
26.01.1989	-99	-99	-99	-99
27.01.1989	-99	-99	-99	-99
28.01.1989	-99	-99	-99	-99
29.01.1989	-99	-99	-99	-99
30.01.1989	-99	-99	-99	-99
31.01.1989	-99	-99	-99	-99
01.02.1989	-99	-99	-99	-99
02.02.1989	-99	-99	-99	-99
03.02.1989	-99	-99	-99	-99
04.02.1989	-99	-99	-99	-99
05.02.1989	-99	-99	-99	-99
06.02.1989	-99	-99	-99	-99
07.02.1989	-99	-99	-99	-99
08.02.1989	-99	-99	-99	-99
09.02.1989	-99	-99	-99	-99
10.02.1989	-99	-99	-99	-99
11.02.1989	-99	-99	-99	-99
12.02.1989	-99	-99	-99	-99
13.02.1989	-99	-99	-99	-99
14.02.1989	-99	-99	-99	-99
15.02.1989	-99	-99	-99	-99
16.02.1989	-99	-99	-99	-99
17.02.1989	-99	-99	-99	-99
18.02.1989	-99	-99	-99	-99
19.02.1989	-99	-99	-99	-99
20.02.1989	-99	-99	-99	-99
21.02.1989	-99	-99	-99	-99
22.02.1989	-99	-99	-99	-99
23.02.1989	-99	-99	-99	-99
24.02.1989	-99	-99	-99	-99
25.02.1989	-99	-99	-99	-99
26.02.1989	-99	-99	-99	-99
27.02.1989	-99	-99	-99	-99
28.02.1989	-99	-99	-99	-99
01.03.1989	-99	-99	-99	-99
02.03.1989	-99	-99	-99	-99
03.03.1989	-99	-99	-99	-99
04.03.1989	-99	-99	-99	-99
05.03.1989	-99	-99	-99	-99
06.03.1989	-99	-99	-99	-99
07.03.1989	-99	-99	-99	-99
08.03.1989	-99	-99	-99	-99
09.03.1989	-99	-99	-99	-99
10.03.1989	-99	-99	-99	-99
11.03.1989	-99	-99	-99	-99
12.03.1989	-99	-99	-99	-99
13.03.1989	-99	-99	-99	-99
14.03.1989	-99	-99	-99	-99
15.03.1989	-99	-99	-99	-99
16.03.1989	-99	-99	-99	-99
17.03.1989	-99	-99	-99	-99
18.03.1989	-99	-99	-99	-99
19.03.1989	-99	-99	-99	-99
20.03.1989	-99	-99	-99	-99
21.03.1989	-99	-99	-99	-99
22.03.1989	-99	-99	-99	-99
23.03.1989	-99	-99	-99	-99
24.03.1989	-99	-99	-99	-99
25.03.1989	-99	-99	-99	-99
26.03.1989	-99	-99	-99	-99
27.03.1989	-99	-99	-99	-99
28.03.1989	-99	-99	-99	-99
29.03.1989	-99	-99	-99	-99
30.03.1989	-99	-99	-99	-99
31.03.1989	-99	-99	-99	-99
01.04.1989	-99	-99	-99	-99
02.04.1989	-99	-99	-99	-99
03.04.1989	-99	-99	-99	-99
04.04.1989	-99	-99	-99	-99
05.04.1989	-99	-99	-99	-99
06.04.1989	-99	-99	-99	-99
07.04.1989	-99	-99	-99	-99
08.04.1989	-99	-99	-99	-99
09.04.1989	-99	-99	-99	-99
10.04.1989	-99	-99	-99	-99
11.04.1989	-99	-99	-99	-99
12.04.1989	-99	-99	-99	-99
13.04.1989	-99	-99	-99	-99
14.04.1989	-99	-99	-99	-99
15.04.1989	-99	-99	-99	-99
16.04.1989	-99	-99	-99	-99
17.04.1989	-99	-99	-99	-99
18.04.1989	-99	-99	-99	-99
19.04.1989	-99	-99	-99	-99
20.04.1989	-99	-99	-99	-99
21.04.1989	-99	-99	-99	-99
22.04.1989	-99	-99	-99	-99
23.04.1989	-99	-99	-99	-99
24.04.1989	-99	-99	-99	-99
25.04.1989	-99	-99	-99	-99
26.04.1989	-99	-99	-99	-99
27.04.1989	-99	-99	-99	-99
28.04.1989	-99	-99	-99	-99
29.04.1989	-99	-99	-99	-99
30.04.1989	-99	-99	-99	-99
01.05.1989	-99	-99	-99	-99
02.05.1989	-99	-99	-99	-99
03.05.1989	-99	-99	-99	-99
04.05.1989	-99	-99	-99	-99
05.05.1989	-99	-99	-99	-99
06.05.1989	-99	-99	-99	-99
07.05.1989	-99	-99	-99	-99
08.05.1989	-99	-99	-99	-99
09.05.1989	-99	-99	-99	-99
10.05.1989	-99	-99	-99	-99
11.05.1989	-99	-99	-99	-99
12.05.1989	-99	-99	-99	-99
13.05.1989	-99	-99	-99	-99
14.05.1989	-99	-99	-99	-99
15.05.1989	-99	-99	-99	-99
16.05.1989	-99	-99	-99	-99
17.05.1989	-99	-99	-99	-99
18.05.1989	-99	-99	-99	-99
19.05.1989	-99	-99	-99	-99
20.05.1989	-99	-99	-99	-99
21.05.1989	-99	-99	-99	-99
22.05.1989	-99	-99	-99	-99
23.05.1989	-99	-99	-99	-99
24.05.1989	-99	-99	-99	-99
25.05.1989	-99	-99	-99	-99
26.05.1989	-99	-99	-99	-99
27.05.1989	-99	-99	-99	-99
28.05.1989	-99	-99	-99	-99
29.05.1989	-99	-99	-99	-99
30.05.1989	-99	-99	-99	-99
31.05.1989	-99	-99	-99	-99
01.06.1989	-99	-99	-99	-99
02.06.1989	-99	-99	-99	-99
03.06.1989	-99	-99	-99	-99
04.06.1989	-99	-99	-99	-99
05.06.1989	-99	-99	-99	-99
06.06.1989	-99	-99	-99	-99
07.06.1989	-99	-99	-99	-99
08.06.1989	-99	-99	-99	-99
09.06.1989	-99	-99	-99	-99
10.06.1989	-99	-99	-99	-99
11.06.1989	-99	-99	-99	-99
12.06.1989	-99	-99	-99	-99
13.06.1989	-99	-99	-99	-99
14.06.1989	-99	-99	-99	-99
15.06.1989	-99	-99	-99	-99
16.06.1989	-99	-99	-99	-99
17.06.1989	-99	-99	-99	-99
18.06.1989	-99	-99	-99	-99
19.06.1989	-99	-99	-99	-99
20.06.1989	-99	-99	-99	-99
21.06.1989	-99	-99	-99	-99
22.06.1989	-99	-99	-99	-99
23.06.1989	-99	-99	-99	-99
24.06.1989	-99	-99	-99	-99
25.06.1989	-99	-99	-99	-99
26.06.1989	-99	-99	-99	-99
27.06.1989	-99	-99	-99	-99
28.06.1989	-99	-99	-99	-99
29.06.1989	-99	-99	-99	-99
30.06.1989	-99	-99	-99	-99
01.07.1989	-99	-99	-99	-99
02.07.1989	-99	-99	-99	-99
03.07.1989	-99	-99	-99	-99
04.07.1989	-99	-99	-99	-99
05.07.1989	-99	-99	-99	-99
06.07.1989	-99	-99	-99	-99
07.07.1989	-99	-99	-99	-99
08.07.1989	-99	-99	-99	-99
09.07.1989	-99	-99	-99	-99
10.07.1989	-99	-99	-99	-99
11.07.1989	-99	-99	-99	-99
12.07.1989	-99	-99	-99	-99
13.07.1989	-99	-99	-99	-99
14.07.1989	-99	-99	-99	-99
15.07.1989	-99	-99	-99	-99
16.07.1989	-99	-99	-99	-99
17.07.1989	-99	-99	-99	-99
18.07.1989	-99	-99	-99	-99
19.07.1989	-99	-99	-99	-99
20.07.1989	-99	-99	-99	-99
21.07.1989	-99	-99	-99	-99
22.07.1989	-99	-99	-99	-99
23.07.1989	-99	-99	-99	-99
24.07.1989	-99	-99	-99	-99
25.07.1989	-99	-99	-99	-99
26.07.1989	-99	-99	-99	-99
27.07.1989	-99	-99	-99	-99
28.07.1989	-99	-99	-99	-99
29.07.1989	-99	-99	-99	-99
30.07.1989	-99	-99	-99	-99
31.07.1989	-99	-99	-99	-99
01.08.1989	-99	-99	-99	-99
02.08.1989	-99	-99	-99	-99
03.08.1989	-99	-99	-99	-99
04.08.1989	-99	-99	-99	-99
05.08.1989	-99	-99	-99	-99
06.08.1989	-99	-99	-99	-99
07.08.1989	-99	-99	-99	-99
08.08.1989	-99	-99	-99	-99
09.08.1989	-99	-99	-99	-99
10.08.1989	-99	-99	-99	-99
11.08.1989	-99	-99	-99	-99
12.08.1989	-99	-99	-99	-99
13.08.1989	-99	-99	-99	-99
14.08.1989	-99	-99	-99	-99
15.08.1989	-99	-99	-99	-99
16.08.1989	-99	-99	-99	-99
17.08.1989	-99	-99	-99	-99
18.08.1989	-99	-99	-99	-99
19.08.1989	-99	-99	-99	-99
20.08.1989	-99	-99	-99	-99
21.08.1989	-99	-99	-99	-99
22.08.1989	-99	-99	-99	-99
23.08.1989	-99	-99	-99	-99
24.08.1989	-99	-99	-99	-99
25.08.1989	-99	-99	-99	-99
26.08.1989	-99	-99	-99	-99
27.08.1989	-99	-99	-99	-99
28.08.1989	-99	-99	-99	-99
29.08.1989	-99	-99	-99	-99
30.08.1989	-99	-99	-99	-99
31.08.1989	-99	-99	-99	-99
01.09.1989	-99	-99	-99	-99
02.09.1989	-99	-99	-99	-99
03.09.1989	-99	-99	-99	-99
04.09.1989	-99	-99	-99	-99
05.09.1989	-99	-99	-99	-99
06.09.1989	-99	-99	-99	-99
07.09.1989	-99	-99	-99	-99
08.09.1989	-99	-99	-99	-99
09.09.1989	-99	-99	-99	-99
10.09.1989	-99	-99	-99	-99
11.09.1989	-99	-99	-99	-99
12.09.1989	-99	-99	-99	-99
13.09.1989	-99	-99	-99	-99
14.09.1989	-99	-99	-99	-99
15.09.1989	-99	-99	-99	-99
16.09.1989	-99	-99	-99	-99
17.09.1989	-99	-99	-99	-99
18.09.1989	-99	-99	-99	-99
19.09.1989	-99	-99	-99	-99
20.09.1989	-99	-99	-99	-99
21.09.1989	-99	-99	-99	-99
22.09.1989	-99	-99	-99	-99
23.09.1989	-99	-99	-99	-99
24.09.1989	-99	-99	-99	-99
25.09.1989	-99	-99	-99	-99
26.09.1989	-99	-99	-99	-99
27.09.1989	-99	-99	-99	-99
28.09.1989	-99	-99	-99	-99
29.09.1989	-99	-99	-99	-99
30.09.1989	-99	-99	-99	-99
01.10.1989	-99	-99	-99	-99
02.10.1989	-99	-99	-99	-99
03.10.1989	-99	-99	-99	-99
04.10.1989	-99	-99	-99	-99
05.10.1989	-99	-99	-99	-99
06.10.1989	-99	-99	-99	-99
07.10.1989	-99	-99	-99	-99
08.10.1989	-99	-99	-99	-99
09.10.1989	-99	-99	-99	-99
10.10.1989	-99	-99	-99	-99
11.10.1989	-99	-99	-99	-99
12.10.1989	-99	-99	-99	-99
13.10.1989	-99	-99	-99	-99
14.10.1989	-99	-99	-99	-99
15.10.1989	-99	-99	-99	-99
16.10.1989	-99	-99	-99	-99
17.10.1989	-99	-99	-99	-99
18.10.1989	-99	-99	-99	-99
19.10.1989	-99	-99	-99	-99
20.10.1989	-99	-99	-99	-99
21.10.1989	-99	-99	-99	-99
22.10.1989	-99	-99	-99	-99
23.10.1989	-99	-99	-99	-99
24.10.1989	-99	-99	-99	-99
25.10.1989	-99	-99	-99	-99
26.10.1989	-99	-99	-99	-99
27.10.1989	-99	-99	-99	-99
28.10.1989	-99	-99	-99	-99
29.10.1989	-99	-99	-99	-99
30.10.1989	-99	-99	-99	-99
31.10.1989	-99	-99	-99	-99
01.11.1989	-99	-99	-99	-99
02.11.1989	-99	-99	-99	-99
03.11.1989	-99	-99	-99	-99
04.11.1989	-99	-99	-99	-99
05.11.1989	-99	-99	-99	-99
06.11.1989	-99	-99	-99	-99
07.11.1989	-99	-99	-99	-99
08.11.1989	-99	-99	-99	-99
09.11.1989	-99	-99	-99	-99
10.11.1989	-99	-99	-99	-99
11.11.1989	-99	-99	-99	-99
12.11.1989	-99	-99	-99	-99
13.11.1989	-99	-99	-99	-99
14.11.1989	-99	-99	-99	-99
15.11.1989	-99	-99	-99	-99
16.11.1989	-99	-99	-99	-99
17.11.1989	-99	-99	-99	-99
18.11.1989	-99	-99	-99	-99
19.11.1989	-99	-99	-99	-99
20.11.1989	-99	-99	-99	-99
21.11.1989	-99	-99	-99	-99
22.11.1989	-99	-99	-99	-99
23.11.1989	-99	-99	-99	-99
24.11.1989	-99	-99	-99	-99
25.11.1989	-99	-99	-99	-99
26.11.1989	-99	-99	-99	-99
27.11.1989	-99	-99	-99	-99
28.11.1989	-99	-99	-99	-99
29.11.1989	-99	-99	-99	-99
30.11.1989	-99	-99	-99	-99
01.12.1989	-99	-99	-99	-99
02.12.1989	-99	-99	-99	-99
03.12.1989	-99	-99	-99	-99
04.12.1989	-99	-99	-99	-99
05.12.1989	-99	-99	-99	-99
06.12.1989	-99	-99	-99	-99
07.12.1989	-99	-99	-99	-99
08.12.1989	-99	-99	-99	-99
09.12.1989	-99	-99	-99	-99
10.12.1989	-99	-99	-99	-99
11.12.1989	-99	-99	-99	-99
12.12.1989	-99	-99	-99	-99
13.12.1989	-99	-99	-99	-99
14.12.1989	-99	-99	-99	-99
15.12.1989	-99	-99	-99	-99
16.12.1989	-99	-99	-99	-99
17.12.1989	-99	-99	-99	-99
18.12.1989	-99	-99	-99	-99
19.12.1989	-99	-99	-99	-99
20.12.1989	-99	-99	-99	-99
21.12.1989	-99	-99	-99	-99
22.12.1989	-99	-99	-99	-99
23.12.1989	-99	-99	-99	-99
24.12.1989	-99	-99	-99	-99
25.12.1989	-99	-99	-99	-99
26.12.1989	-99	-99	-99	-99
27.12.1989	-99	-99	-99	-99
28.12.1989	-99	-99	-99	-99
29.12.1989	-99	-99	-99	-99
30.12.1989	-99	-99	-99	-99
31.12.1989	-99	-99	-99	-99
01.01.1990	-99	-99	-99	-99
02.01.1990	-99	-99	-99	-99
03.01.1990	-99	-99	-99	-99
04.01.1990	-99	-99	-99	-99
05.01.1990	-99	-99	-99	-99
06.01.1990	-99	-99	-99	-99
07.01.1990	-99	-99	-99	-99
08.01.1990	-99	-99	-99	-99
09.01.1990	-99	-99	-99	-99
10.01.1990	-99	-99	-99	-99
11.01.1990	-99	-99	-99	-99
12.01.1990	-99	-99	-99	-99
13.01.1990	-99	-99	-99	-99
14.01.1990	-99	-99	-99	-99
15.01.1990	-99	-99	-99	-99
16.01.1990	-99	-99	-99	-99
17.01.1990	-99	-99	-99	-99
18.01.1990	-99	-99	-99	-99
19.01.1990	-99	-99	-99	-99
20.01.1990	-99	-99	-99	-99
21.01.1990	-99	-99	-99	-99
22.01.1990	-99	-99	-99	-99
23.01.1990	-99	-99	-99	-99
24.01.1990	-99	-99	-99	-99
25.01.1990	-99	-99	-99	-99
26.01.1990	-99	-99	-99	-99
27.01.1990	-99	-99	-99	-99
28.01.1990	-99	-99	-99	-99
29.01.1990	-99	-99	-99	-99
30.01.1990	-99	-99	-99	-99
31.01.1990	-99	-99	-99	-99
01.02.1990	-99	-99	-99	-99
02.02.1990	-99	-99	-99	-99
03.02.1990	-99	-99	-99	-99
04.02.1990	-99	-99	-99	-99
05.02.1990	-99	-99	-99	-99
06.02.1990	-99	-99	-99	-99
07.02.1990	-99	-99	-99	-99
08.02.1990	-99	-99	-99	-99
09.02.1990	-99	-99	-99	-99
10.02.1990	-99	-99	-99	-99
11.02.1990	-99	-99	-99	-99
12.02.1990	-99	-99	-99	-99
13.02.1990	-99	-99	-99	-99
14.02.1990	-99	-99	-99	-99
15.02.1990	-99	-99	-99	-99
16.02.1990	-99	-99	-99	-99
17.02.1990	-99	-99	-99	-99
18.02.1990	-99	-99	-99	-99
19.02.1990	-99	-99	-99	-99
20.02.1990	-99	-99	-99	-99
21.02.1990	-99	-99	-99	-99
22.02.1990	-99	-99	-99	-99
23.02.1990	-99	-99	-99	-99
24.02.1990	-99	-99	-99	-99
25.02.1990	-99	-99	-99	-99
26.02.1990	-99	-99	-99	-99
27.02.1990	-99	-99	-99	-99
28.02.1990	-99	-99	-99	-99
01.03.1990	-99	-99	-99	-99
02.03.1990	-99	-99	-99	-99
03.03.1990	-99	-99	-99	-99
04.03.1990	-99	-99	-99	-99
05.03.1990	-99	-99	-99	-99
06.03.1990	-99	-99	-99	-99
07.03.1990	-99	-99	-99	-99
08.03.1990	-99	-99	-99	-99
09.03.1990	-99	-99	-99	-99
10.03.1990	-99	-99	-99	-99
11.03.1990	-99	-99	-99	-99
12.03.1990	-99	-99	-99	-99
13.03.1990	-99	-99	-99	-99
14.03.1990	-99	-99	-99	-99
15.03.1990	-99	-99	-99	-99
16.03.1990	-99	-99	-99	-99
17.03.1990	-99	-99	-99	-99
18.03.1990	-99	-99	-99	-99
19.03.1990	-99	-99	-99	-99
20.03.1990	-99	-99	-99	-99
21.03.1990	-99	-99	-99	-99
22.03.1990	-99	-99	-99	-99
23.03.1990	-99	-99	-99	-99
24.03.1990	-99	-99	-99	-99
25.03.1990	-99	-99	-99	-99
26.03.1990	-99	-99	-99	-99
27.03.1990	-99	-99	-99	-99
28.03.1990	-99	-99	-99	-99
29.03.1990	-99	-99	-99	-99
30.03.1990	-99	-99	-99	-99
31.03.1990	-99	-99	-99	-99
01.04.1990	-99	-99	-99	-99
02.04.1990	-99	-99	-99	-99
03.04.1990	-99	-99	-99	-99
04.04.1990	-99	-99	-99	-99
05.04.1990	-99	-99	-99	-99
06.04.1990	-99	-99	-99	-99
07.04.1990	-99	-99	-99	-99
08.04.1990	-99	-99	-99	-99
09.04.1990	-99	-99	-99	-99
10.04.1990	-99	-99	-99	-99
11.04.1990	-99	-99	-99	-99
12.04.1990	-99	-99	-99	-99
13.04.1990	-99	-99	-99	-99
14.04.1990	-99	-99	-99	-99
15.04.1990	-99	-99	-99	-99
16.04.1990	-99	-99	-99	-99
17.04.1990	-99	-99	-99	-99
18.04.1990	-99	-99	-99	-99
19.04.1990	-99	-99	-99	-99
20.04.1990	-99	-99	-99	-99
21.04.1990	-99	-99	-99	-99
22.04.1990	-99	-99	-99	-99
23.04.1990	-99	-99	-99	-99
24.04.1990	-99	-99	-99	-99
25.04.1990	-99	-99	-99	-99
26.04.1990	-99	-99	-99	-99
27.04.1990	-99	-99	-99	-99
28.04.1990	-99	-99	-99	-99
29.04.1990	-99	-99	-99	-99
30.04.1990	-99	-99	-99	-99
01.05.1990	-99	-99	-99	-99
02.05.1990	-99	-99	-99	-99
03.05.1990	-99	-99	-99	-99
04.05.1990	-99	-99	-99	-99
05.05.1990	-99	-99	-99	-99
06.05.1990	-99	-99	-99	-99
07.05.1990	-99	-99	-99	-99
08.05.1990	-99	-99	-99	-99
09.05.1990	-99	-99	-99	-99
10.05.1990	-99	-99	-99	-99
11.05.1990	-99	-99	-99	-99
12.05.1990	-99	-99	-99	-99
13.05.1990	-99	-99	-99	-99
14.05.1990	-99	-99	-99	-99
15.05.1990	-99	-99	-99	-99
16.05.1990	-99	-99	-99	-99
17.05.1990	-99	-99	-99	-99
18.05.1990	-99	-99	-99	-99
19.05.1990	-99	-99	-99	-99
20.05.1990	-99	-99	-99	-99
21.05.1990	-99	-99	-99	-99
22.05.1990	-99	-99	-99	-99
23.05.1990	-99	-99	-99	-99
24.05.1990	-99	-99	-99	-99
25.05.1990	-99	-99	-99	-99
26.05.1990	-99	-99	-99	-99
27.05.1990	-99	-99	-99	-99
28.05.1990	-99	-99	-99	-99
29.05.1990	-99	-99	-99	-99
30.05.1990	-99	-99	-99	-99
31.05.1990	-99	-99	-99	-99
01.06.1990	-99	-99	-99	-99
02.06.1990	-99	-99	-99	-99
03.06.1990	-99	-99	-99	-99
04.06.1990	-99	-99	-99	-99
05.06.1990	-99	-99	-99	-99
06.06.1990	-99	-99	-99	-99
07.06.1990	-99	-99	-99	-99
08.06.1990	-99	-99	-99	-99
09.06.1990	-99	-99	-99	-99
10.06.1990	-99	-99	-99	-99
11.06.1990	-99	-99	-99	-99
12.06.1990	-99	-99	-99	-99
13.06.1990	-99	-99	-99	-99
14.06.1990	-99	-99	-99	-99
15.06.1990	-99	-99	-99	-99
16.06.1990	-99	-99	-99	-99
17.06.1990	-99	-99	-99	-99
18.06.1990	-99	-99	-99	-99
19.06.1990	-99	-99	-99	-99
20.06.1990	-99	-99	-99	-99
21.06.1990	-99	-99	-99	-99
22.06.1990	-99	-99	-99	-99
23.06.1990	-99	-99	-99	-99
24.06.1990	-99	-99	-99	-99
25.06.1990	-99	-99	-99	-99
26.06.1990	-99	-99	-99	-99
27.06.1990	-99	-99	-99	-99
28.06.1990	-99	-99	-99	-99
29.06.1990	-99	-99	-99	-99
30.06.1990	-99	-99	-99	-99
01.07.1990	-99	-99	-99	-99
02.07.1990	-99	-99	-99	-99
03.07.1990	-99	-99	-99	-99
04.07.1990	-99	-99	-99	-99
05.07.1990	-99	-99	-99	-99
06.07.1990	-99	-99	-99	-99
07.07.1990	-99	-99	-99	-99
08.07.1990	-99	-99	-99	-99
09.07.1990	-99	-99	-99	-99
10.07.1990	-99	-99	-99	-99
11.07.1990	-99	-99	-99	-99
12.07.1990	-99	-99	-99	-99
13.07.1990	-99	-99	-99	-99
14.07.1990	-99	-99	-99	-99
15.07.1990	-99	-99	-99	-99
16.07.1990	-99	-99	-99	-99
17.07.1990	-99	-99	-99	-99
18.07.1990	-99	-99	-99	-99
19.07.1990	-99	-99	-99	-99
20.07.1990	-99	-99	-99	-99
21.07.1990	-99	-99	-99	-99
22.07.1990	-99	-99	-99	-99
23.07.1990	-99	-99	-99	-99
24.07.1990	-99	-99	-99	-99
25.07.1990	-99	-99	-99	-99
26.07.1990	-99	-99	-99	-99
27.07.1990	-99	-99	-99	-99
28.07.1990	-99	-99	-99	-99
29.07.1990	-99	-99	-99	-99
30.07.1990	-99	-99	-99	-99
31.07.1990	-99	-99	-99	-99
01.08.1990	-99	-99	-99	-99
02.08.1990	-99	-99	-99	-99
03.08.1990	-99	-99	-99	-99
04.08.1990	-99	-99	-99	-99
05.08.1990	-99	-99	-99	-99
06.08.1990	-99	-99	-99	-99
07.08.1990	-99	-99	-99	-99
08.08.1990	-99	-99	-99	-99
09.08.1990	-99	-99	-99	-99
10.08.1990	-99	-99	-99	-99
11.08.1990	-99	-99	-99	-99
12.08.1990	-99	-99	-99	-99
13.08.1990	-99	-99	-99	-99
14.08.1990	-99	-99	-99	-99
15.08.1990	-99	-99	-99	-99
16.08.1990	-99	-99	-99	-99
17.08.1990	-99	-99	-99	-99
18.08.1990	-99	-99	-99	-99
19.08.1990	-99	-99	-99	-99
20.08.1990	-99	-99	-99	-99
21.08.1990	-99	-99	-99	-99
22.08.1990	-99	-99	-99	-99
23.08.1990	-99	-99	-99	-99
24.08.1990	-99	-99	-99	-99
25.08.1990	-99	-99	-99	-99
26.08.1990	-99	-99	-99	-99
27.08.1990	-99	-99	-99	-99
28.08.1990	-99	-99	-99	-99
29.08.1990	-99	-99	-99	-99
30.08.1990	-99	-99	-99	-99
31.08.1990	-99	-99	-99	-99
01.09.1990	-99	-99	-99	-99
02.09.1990	-99	-99	-99	-99
03.09.1990	-99	-99	-99	-99
04.09.1990	-99	-99	-99	-99
05.09.1990	-99	-99	-99	-99
06.09.1990	-99	-99	-99	-99
07.09.1990	-99	-99	-99	-99
08.09.1990	-99	-99	-99	-99
09.09.1990	-99	-99	-99	-99
10.09.1990	-99	-99	-99	-99
11.09.1990	-99	-99	-99	-99
12.09.1990	-99	-99	-99	-99
13.09.1990	-99	-99	-99	-99
14.09.1990	-99	-99	-99	-99
15.09.1990	-99	-99	-99	-99
16.09.1990	-99	-99	-99	-99
17.09.1990	-99	-99	-99	-99
18.09.1990	-99	-99	-99	-99
19.09.1990	-99	-99	-99	-99
20.09.1990	-99	-99	-99	-99
21.09.1990	-99	-99	-99	-99
22.09.1990	-99	-99	-99	-99
23.09.1990	-99	-99	-99	-99
24.09.1990	-99	-99	-99	-99
25.09.1990	-99	-99	-99	-99
26.09.1990	-99	-99	-99	-99
27.09.1990	-99	-99	-99	-99
28.09.1990	-99	-99	-99	-99
29.09.1990	-99	-99	-99	-99
30.09.1990	-99	-99	-99	-99
01.10.1990	-99	-99	-99	-99
02.10.1990	-99	-99	-99	-99
03.10.1990	-99	-99	-99	-99
04.10.1990	-99	-99	-99	-99
05.10.1990	-99	-99	-99	-99
06.10.1990	-99	-99	-99	-99
07.10.1990	-99	-99	-99	-99
08.10.1990	-99	-99	-99	-99
09.10.1990	-99	-99	-99	-99
10.10.1990	-99	-99	-99	-99
11.10.1990	-99	-99	-99	-99
12.10.1990	-99	-99	-99	-99
13.10.1990	-99	-99	-99	-99
14.10.1990	-99	-99	-99	-99
15.10.1990	-99	-99	-99	-99
16.10.1990	-99	-99	-99	-99
17.10.1990	-99	-99	-99	-99
18.10.1990	-99	-99	-99	-99
19.10.1990	-99	-99	-99	-99
20.10.1990	-99	-99	-99	-99
21.10.1990	-99	-99	-99	-99
22.10.1990	-99	-99	-99	-99
23.10.1990	-99	-99	-99	-99
24.10.1990	-99	-99	-99	-99
25.10.1990	-99	-99	-99	-99
26.10.1990	-99	-99	-99	-99
27.10.1990	-99	-99	-99	-99
28.10.1990	-99	-99	-99	-99
29.10.1990	-99	-99	-99	-99
30.10.1990	-99	-99	-99	-99
31.10.1990	-99	-99	-99	-99
01.11.1990	-99	-99	-99	-99
02.11.1990	-99	-99	-99	-99
03.11.1990	-99	-99	-99	-99
04.11.1990	-99	-99	-99	-99
05.11.1990	-99	-99	-99	-99
06.11.1990	-99	-99	-99	-99
07.11.1990	-99	-99	-99	-99
08.11.1990	-99	-99	-99	-99
09.11.1990	-99	-99	-99	-99
10.11.1990	-99	-99	-99	-99
11.11.1990	-99	-99	-99	-99
12.11.1990	-99	-99	-99	-99
13.11.1990	-99	-99	-99	-99
14.11.1990	-99	-99	-99	-99
15.11.1990	-99	-99	-99	-99
16.11.1990	-99	-99	-99	-99
17.11.1990	-99	-99	-99	-99
18.11.1990	-99	-99	-99	-99
19.11.1990	-99	-99	-99	-99
20.11.1990	-99	-99	-99	-99
21.11.1990	-99	-99	-99	-99
22.11.1990	-99	-99	-99	-99
23.11.1990	-99	-99	-99	-99
24.11.1990	-99	-99	-99	-99
25.11.1990	-99	-99	-99	-99
26.11.1990	-99	-99	-99	-99
27.11.1990	-99	-99	-99	-99
28.11.1990	-99	-99	-99	-99
29.11.1990	-99	-99	-99	-99
30.11.1990	-99	-99	-99	-99
01.12.1990	-99	-99	-99	-99
02.12.1990	-99	-99	-99	-99
03.12.1990	-99	-99	-99	-99
04.12.1990	-99	-99	-99	-99
05.12.1990	-99	-99	-99	-99
06.12.1990	-99	-99	-99	-99
07.12.1990	-99	-99	-99	-99
08.12.1990	-99	-99	-99	-99
09.12.1990	-99	-99	-99	-99
10.12.1990	-99	-99	-99	-99
11.12.1990	-99	-99	-99	-99
12.12.1990	-99	-99	-99	-99
13.12.1990	-99	-99	-99	-99
14.12.1990	-99	-99	-99	-99
15.12.1990	-99	-99	-99	-99
16.12.1990	-99	-99	-99	-99
17.12.1990	-99	-99	-99	-99
18.12.1990	-99	-99	-99	-99
19.12.1990	-99	-99	-99	-99
20.12.1990	-99	-99	-99	-99
21.12.1990	-99	-99	-99	-99
22.12.1990	-99	-99	-99	-99
23.12.1990	-99	-99	-99	-99
24.12.1990	-99	-99	-99	-99
25.12.1990	-99	-99	-99	-99
26.12.1990	-99	-99	-99	-99
27.12.1990	-99	-99	-99	-99
28.12.1990	-99	-99	-99	-99
29.12.1990	-99	-99	-99	-99
30.12.1990	-99	-99	-99	-99
31.12.1990	-99	-99	-99	-99
01.01.1991	-99	-99	-99	-99
02.01.1991	-99	-99	-99	-99
03.01.1991	-99	-99	-99	-99
04.01.1991	-99	-99	-99	-99
05.01.1991	-99	-99	-99	-99
06.01.1991	-99	-99	-99	-99
07.01.1991	-99	-99	-99	-99
08.01.1991	-99	-99	-99	-99
09.01.1991	-99	-99	-99	-99
10.01.1991	-99	-99	-99	-99
11.01.1991	-99	-99	-99	-99
12.01.1991	-99	-99	-99	-99
13.01.1991	-99	-99	-99	-99
14.01.1991	-99	-99	-99	-99
15.01.1991	-99	-99	-99	-99
16.01.1991	-99	-99	-99	-99
17.01.1991	-99	-99	-99	-99
18.01.1991	-99	-99	-99	-99
19.01.1991	-99	-99	-99	-99
20.01.1991	-99	-99	-99	-99
21.01.1991	-99	-99	-99	-99
22.01.1991	-99	-99	-99	-99
23.01.1991	-99	-99	-99	-99
24.01.1991	-99	-99	-99	-99
25.01.1991	-99	-99	-99	-99
26.01.1991	-99	-99	-99	-99
27.01.1991	-99	-99	-99	-99
28.01.1991	-99	-99	-99	-99
29.01.1991	-99	-99	-99	-99
30.01.1991	-99	-99	-99	-99
31.01.1991	-99	-99	-99	-99
01.02.1991	-99	-99	-99	-99
02.02.1991	-99	-99	-99	-99
03.02.1991	-99	-99	-99	-99
04.02.1991	-99	-99	-99	-99
05.02.1991	-99	-99	-99	-99
06.02.1991	-99	-99	-99	-99
07.02.1991	-99	-99	-99	-99
08.02.1991	-99	-99	-99	-99
09.02.1991	-99	-99	-99	-99
10.02.1991	-99	-99	-99	-99
11.02.1991	-99	-99	-99	-99
12.02.1991	-99	-99	-99	-99
13.02.1991	-99	-99	-99	-99
14.02.1991	-99	-99	-99	-99
15.02.1991	-99	-99	-99	-99
16.02.1991	-99	-99	-99	-99
17.02.1991	-99	-99	-99	-99
18.02.1991	-99	-99	-99	-99
19.02.1991	-99	-99	-99	-99
20.02.1991	-99	-99	-99	-99
21.02.1991	-99	-99	-99	-99
22.02.1991	-99	-99	-99	-99
23.02.1991	-99	-99	-99	-99
24.02.1991	-99	-99	-99	-99
25.02.1991	-99	-99	-99	-99
26.02.1991	-99	-99	-99	-99
27.02.1991	-99	-99	-99	-99
28.02.1991	-99	-99	-99	-99
01.03.1991	-99	-99	-99	-99
02.03.1991	-99	-99	-99	-99
03.03.1991	-99	-99	-99	-99
04.03.1991	-99	-99	-99	-99
05.03.1991	-99	-99	-99	-99
06.03.1991	-99	-99	-99	-99
07.03.1991	-99	-99	-99	-99
08.03.1991	-99	-99	-99	-99
09.03.1991	-99	-99	-99	-99
10.03.1991	-99	-99	-99	-99
11.03.1991	-99	-99	-99	-99
12.03.1991	-99	-99	-99	-99
13.03.1991	-99	-99	-99	-99
14.03.1991	-99	-99	-99	-99
15.03.1991	-99	-99	-99	-99
16.03.1991	-99	-99	-99	-99
17.03.1991	-99	-99	-99	-99
18.03.1991	-99	-99	-99	-99
19.03.1991	-99	-99	-99	-99
20.03.1991	-99	-99	-99	-99
21.03.1991	-99	-99	-99	-99
22.03.1991	-99	-99	-99	-99
23.03.1991	-99	-99	-99	-99
24.03.1991	-99	-99	-99	-99
25.03.1991	-99	-99	-99	-99
26.03.1991	-99	-99	-99	-99
27.03.1991	-99	-99	-99	-99
28.03.1991	-99	-99	-99	-99
29.03.1991	-99	-99	-99	-99
30.03.1991	-99	-99	-99	-99
31.03.1991	-99	-99	-99	-99
01.04.1991	-99	-99	-99	-99
02.04.1991	-99	-99	-99	-99
03.04.1991	-99	-99	-99	-99
04.04.1991	-99	-99	-99	-99
05.04.1991	-99	-99	-99	-99
06.04.1991	-99	-99	-99	-99
07.04.1991	-99	-99	-99	-99
08.04.1991	-99	-99	-99	-99
09.04.1991	-99	-99	-99	-99
10.04.1991	-99	-99	-99	-99
11.04.1991	-99	-99	-99	-99
12.04.1991	-99	-99	-99	-99
13.04.1991	-99	-99	-99	-99
14.04.1991	-99	-99	-99	-99
15.04.1991	-99	-99	-99	-99
16.04.1991	-99	-99	-99	-99
17.04.1991	-99	-99	-99	-99
18.04.1991	-99	-99	-99	-99
19.04.1991	-99	-99	-99	-99
20.04.1991	-99	-99	-99	-99
21.04.1991	-99	-99	-99	-99
22.04.1991	-99	-99	-99	-99
23.04.1991	-99	-99	-99	-99
24.04.1991	-99	-99	-99	-99
25.04.1991	-99	-99	-99	-99
26.04.1991	-99	-99	-99	-99
27.04.1991	-99	-99	-99	-99
28.04.1991	-99	-99	-99	-99
29.04.1991	-99	-99	-99	-99
30.04.1991	-99	-99	-99	-99
01.05.1991	-99	-99	-99	-99
02.05.1991	-99	-99	-99	-99
03.05.1991	-99	-99	-99	-99
04.05.1991	-99	-99	-99	-99
05.05.1991	-99	-99	-99	-99
06.05.1991	-99	-99	-99	-99
07.05.1991	-99	-99	-99	-99
08.05.1991	-99	-99	-99	-99
09.05.1991	-99	-99	-99	-99
10.05.1991	-99	-99	-99	-99
11.05.1991	-99	-99	-99	-99
12.05.1991	-99	-99	-99	-99
13.05.1991	-99	-99	-99	-99
14.05.1991	-99	-99	-99	-99
15.05.1991	-99	-99	-99	-99
16.05.1991	-99	-99	-99	-99
17.05.1991	-99	-99	-99	-99
18.05.1991	-99	-99	-99	-99
19.05.1991	-99	-99	-99	-99
20.05.1991	-99	-99	-99	-99
21.05.1991	-99	-99	-99	-99
22.05.1991	-99	-99	-99	-99
23.05.1991	-99	-99	-99	-99
24.05.1991	-99	-99	-99	-99
25.05.1991	-99	-99	-99	-99
26.05.1991	-99	-99	-99	-99
27.05.1991	-99	-99	-99	-99
28.05.1991	-99	-99	-99	-99
29.05.1991	-99	-99	-99	-99
30.05.1991	-99	-99	-99	-99
31.05.1991	-99	-99	-99	-99
01.06.1991	-99	-99	-99	-99
02.06.1991	-99	-99	-99	-99
03.06.1991	-99	-99	-99	-99
04.06.1991	-99	-99	-99	-99
05.06.1991	-99	-99	-99	-99
06.06.1991	-99	-99	-99	-99
07.06.1991	-99	-99	-99	-99
08.06.1991	-99	-99	-99	-99
09.06.1991	-99	-99	-99	-99
10.06.1991	-99	-99	-99	-99
11.06.1991	-99	-99	-99	-99
12.06.1991	-99	-99	-99	-99
13.06.1991	-99	-99	-99	-99
14.06.1991	-99	-99	-99	-99
15.06.1991	-99	-99	-99	-99
16.06.1991	-99	-99	-99	-99
17.06.1991	-99	-99	-99	-99
18.06.1991	-99	-99	-99	-99
19.06.1991	-99	-99	-99	-99
20.06.1991	-99	-99	-99	-99
21.06.1991	-99	-99	-99	-99
22.06.1991	-99	-99	-99	-99
23.06.1991	-99	-99	-99	-99
24.06.1991	-99	-99	-99	-99
25.06.1991	-99	-99	-99	-99
26.06.1991	-99	-99	-99	-99
27.06.1991	-99	-99	-99	-99
28.06.1991	-99	-99	-99	-99
29.06.1991	-99	-99	-99	-99
30.06.1991	-99	-99	-99	-99
01.07.1991	-99	-99	-99	-99
02.07.1991	-99	-99	-99	-99
03.07.1991	-99	-99	-99	-99
04.07.1991	-99	-99	-99	-99
05.07.1991	-99	-99	-99	-99
06.07.1991	-99	-99	-99	-99
07.07.1991	-99	-99	-99	-99
08.07.1991	-99	-99	-99	-99
09.07.1991	-99	-99	-99	-99
10.07.1991	-99	-99	-99	-99
11.07.1991	-99	-99	-99	-99
12.07.1991	-99	-99	-99	-99
13.07.1991	-99	-99	-99	-99
14.07.1991	-99	-99	-99	-99
15.07.1991	-99	-99	-99	-99
16.07.1991	-99	-99	-99	-99
17.07.1991	-99	-99	-99	-99
18.07.1991	-99	-99	-99	-99
19.07.1991	-99	-99	-99	-99
20.07.1991	-99	-99	-99	-99
21.07.1991	-99	-99	-99	-99
22.07.1991	-99	-99	-99	-99
23.07.1991	-99	-99	-99	-99
24.07.1991	-99	-99	-99	-99
25.07.1991	-99	-99	-99	-99
26.07.1991	-99	-99	-99	-99
27.07.1991	-99	-99	-99	-99
28.07.1991	-99	-99	-99	-99
29.07.1991	-99	-99	-99	-99
30.07.1991	-99	-99	-99	-99
31.07.1991	-99	-99	-99	-99
01.08.1991	-99	-99	-99	-99
02.08.1991	-99	-99	-99	-99
03.08.1991	-99	-99	-99	-99
04.08.1991	-99	-99	-99	-99
05.08.1991	-99	-99	-99	-99
06.08.1991	-99	-99	-99	-99
07.08.1991	-99	-99	-99	-99
08.08.1991	-99	-99	-99	-99
09.08.1991	-99	-99	-99	-99
10.08.1991	-99	-99	-99	-99
11.08.1991	-99	-99	-99	-99
12.08.1991	-99	-99	-99	-99
13.08.1991	-99	-99	-99	-99
14.08.1991	-99	-99	-99	-99
15.08.1991	-99	-99	-99	-99
16.08.1991	-99	-99	-99	-99
17.08.1991	-99	-99	-99	-99
18.08.1991	-99	-99	-99	-99
19.08.1991	-99	-99	-99	-99
20.08.1991	-99	-99	-99	-99
21.08.1991	-99	-99	-99	-99
22.08.1991	-99	-99	-99	-99
23.08.1991	-99	-99	-99	-99
24.08.1991	-99	-99	-99	-99
25.08.1991	-99	-99	-99	-99
26.08.1991	-99	-99	-99	-99
27.08.1991	-99	-99	-99	-99
28.08.1991	-99	-99	-99	-99
29.08.1991	-99	-99	-99	-99
30.08.1991	-99	-99	-99	-99
31.08.1991	-99	-99	-99	-99
01.09.1991	-99	-99	-99	-99
02.09.1991	-99	-99	-99	-99
03.09.1991	-99	-99	-99	-99
04.09.1991	-99	-99	-99	-99
05.09.1991	-99	-99	-99	-99
06.09.1991	-99	-99	-99	-99
07.09.1991	-99	-99	-99	-99
08.09.1991	-99	-99	-99	-99
09.09.1991	-99	-99	-99	-99
10.09.1991	-99	-99	-99	-99
11.09.1991	-99	-99	-99	-99
12.09.1991	-99	-99	-99	-99
13.09.1991	-99	-99	-99	-99
14.09.1991	-99	-99	-99	-99
15.09.1991	-99	-99	-99	-99
16.09.1991	-99	-99	-99	-99
17.09.1991	-99	-99	-99	-99
18.09.1991	-99	-99	-99	-99
19.09.1991	-99	-99	-99	-99
20.09.1991	-99	-99	-99	-99
21.09.1991	-99	-99	-99	-99
22.09.1991	-99	-99	-99	-99
23.09.1991	-99	-99	-99	-99
24.09.1991	-99	-99	-99	-99
25.09.1991	-99	-99	-99	-99
26.09.1991	-99	-99	-99	-99
27.09.1991	-99	-99	-99	-99
28.09.1991	-99	-99	-99	-99
29.09.1991	-99	-99	-99	-99
30.09.1991	-99	-99	-99	-99
01.10.1991	-99	-99	-99	-99
02.10.1991	-99	-99	-99	-99
03.10.1991	-99	-99	-99	-99
04.10.1991	-99	-99	-99	-99
05.10.1991	-99	-99	-99	-99
06.10.1991	-99	-99	-99	-99
07.10.1991	-99	-99	-99	-99
08.10.1991	-99	-99	-99	-99
09.10.1991	-99	-99	-99	-99
10.10.1991	-99	-99	-99	-99
11.10.1991	-99	-99	-99	-99
12.10.1991	-99	-99	-99	-99
13.10.1991	-99	-99	-99	-99
14.10.1991	-99	-99	-99	-99
15.10.1991	-99	-99	-99	-99
16.10.1991	-99	-99	-99	-99
17.10.1991	-99	-99	-99	-99
18.10.1991	-99	-99	-99	-99
19.10.1991	-99	-99	-99	-99
20.10.1991	-99	-99	-99	-99
21.10.1991	-99	-99	-99	-99
22.10.1991	-99	-99	-99	-99
23.10.1991	-99	-99	-99	-99
24.10.1991	-99	-99	-99	-99
25.10.1991	-99	-99	-99	-99
26.10.1991	-99	-99	-99	-99
27.10.1991	-99	-99	-99	-99
28.10.1991	-99	-99	-99	-99
29.10.1991	-99	-99	-99	-99
30.10.1991	-99	-99	-99	-99
31.10.1991	-99	-99	-99	-99
01.11.1991	-99	-99	-99	-99
02.11.1991	-99	-99	-99	-99
03.11.1991	-99	-99	-99	-99
04.11.1991	-99	-99	-99	-99
05.11.1991	-99	-99	-99	-99
06.11.1991	-99	-99	-99	-99
07.11.1991	-99	-99	-99	-99
08.11.1991	-99	-99	-99	-99
09.11.1991	-99	-99	-99	-99
10.11.1991	-99	-99	-99	-99
11.11.1991	-99	-99	-99	-99
12.11.1991	-99	-99	-99	-99
13.11.1991	-99	-99	-99	-99
14.11.1991	-99	-99	-99	-99
15.11.1991	-99	-99	-99	-99
16.11.1991	-99	-99	-99	-99
17.11.1991	-99	-99	-99	-99
18.11.1991	-99	-99	-99	-99
19.11.1991	-99	-99	-99	-99
20.11.1991	-99	-99	-99	-99
21.11.1991	-99	-99	-99	-99
22.11.1991	-99	-99	-99	-99
23.11.1991	-99	-99	-99	-99
24.11.1991	-99	-99	-99	-99
25.11.1991	-99	-99	-99	-99
26.11.1991	-99	-99	-99	-99
27.11.1991	-99	-99	-99	-99
28.11.1991	-99	-99	-99	-99
29.11.1991	-99	-99	-99	-99
30.11.1991	-99	-99	-99	-99
01.12.1991	-99	-99	-99	-99
02.12.1991	-99	-99	-99	-99
03.12.1991	-99	-99	-99	-99
04.12.1991	-99	-99	-99	-99
05.12.1991	-99	-99	-99	-99
06.12.1991	-99	-99	-99	-99
07.12.1991	-99	-99	-99	-99
08.12.1991	-99	-99	-99	-99
09.12.1991	-99	-99	-99	-99
10.12.1991	-99	-99	-99	-99
11.12.1991	-99	-99	-99	-99
12.12.1991	-99	-99	-99	-99
13.12.1991	-99	-99	-99	-99
14.12.1991	-99	-99	-99	-99
15.12.1991	-99	-99	-99	-99
16.12.1991	-99	-99	-99	-99
17.12.1991	-99	-99	-99	-99
18.12.1991	-99	-99	-99	-99
19.12.1991	-99	-99	-99	-99
20.12.1991	-99	-99	-99	-99
21.12.1991	-99	-99	-99	-99
22.12.1991	-99	-99	-99	-99
23.12.1991	-99	-99	-99	-99
24.12.1991	-99	-99	-99	-99
25.12.1991	-99	-99	-99	-99
26.12.1991	-99	-99	-99	-99
27.12.1991	-99	-99	-99	-99
28.12.1991	-99	-99	-99	-99
29.12.1991	-99	-99	-99	-99
30.12.1991	-99	-99	-99	-99
31.12.1991	-99	-99	-99	-99
01.01.1992	-99	-99	-99	-99
02.01.1992	-99	-99	-99	-99
03.01.1992	-99	-99	-99	-99
04.01.1992	-99	-99	-99	-99
05.01.1992	-99	-99	-99	-99
06.01.1992	-99	-99	-99	-99
07.01.1992	-99	-99	-99	-99
08.01.1992	-99	-99	-99	-99
09.01.1992	-99	-99	-99	-99
10.01.1992	-99	-99	-99	-99
11.01.1992	-99	-99	-99	-99
12.01.1992	-99	-99	-99	-99
13.01.1992	-99	-99	-99	-99
14.01.1992	-99	-99	-99	-99
15.01.1992	-99	-99	-99	-99
16.01.1992	-99	-99	-99	-99
17.01.1992	-99	-99	-99	-99
18.01.1992	-99	-99	-99	-99
19.01.1992	-99	-99	-99	-99
20.01.1992	-99	-99	-99	-99
21.01.1992	-99	-99	-99	-99
22.01.1992	-99	-99	-99	-99
23.01.1992	-99	-99	-99	-99
24.01.1992	-99	-99	-99	-99
25.01.1992	-99	-99	-99	-99
26.01.1992	-99	-99	-99	-99
27.01.1992	-99	-99	-99	-99
28.01.1992	-99	-99	-99	-99
29.01.1992	-99	-99	-99	-99
30.01.1992	-99	-99	-99	-99
31.01.1992	-99	-99	-99	-99
01.02.1992	-99	-99	-99	-99
02.02.1992	-99	-99	-99	-99
03.02.1992	-99	-99	-99	-99
04.02.1992	-99	-99	-99	-99
05.02.1992	-99	-99	-99	-99
06.02.1992	-99	-99	-99	-99
07.02.1992	-99	-99	-99	-99
08.02.1992	-99	-99	-99	-99
09.02.1992	-99	-99	-99	-99
10.02.1992	-99	-99	-99	-99
11.02.1992	-99	-99	-99	-99
12.02.1992	-99	-99	-99	-99
13.02.1992	-99	-99	-99	-99
14.02.1992	-99	-99	-99	-99
15.02.1992	-99	-99	-99	-99
16.02.1992	-99	-99	-99	-99
17.02.1992	-99	-99	-99	-99
18.02.1992	-99	-99	-99	-99
19.02.1992	-99	-99	-99	-99
20.02.1992	-99	-99	-99	-99
21.02.1992	-99	-99	-99	-99
22.02.1992	-99	-99	-99	-99
23.02.1992	-99	-99	-99	-99
24.02.1992	-99	-99	-99	-99
25.02.1992	-99	-99	-99	-99
26.02.1992	-99	-99	-99	-99
27.02.1992	-99	-99	-99	-99
28.02.1992	-99	-99	-99	-99
29.02.1992	-99	-99	-99	-99
01.03.1992	-99	-99	-99	-99
02.03.1992	-99	-99	-99	-99
03.03.1992	-99	-99	-99	-99
04.03.1992	-99	-99	-99	-99
05.03.1992	-99	-99	-99	-99
06.03.1992	-99	-99	-99	-99
07.03.1992	-99	-99	-99	-99
08.03.1992	-99	-99	-99	-99
09.03.1992	-99	-99	-99	-99
10.03.1992	-99	-99	-99	-99
11.03.1992	-99	-99	-99	-99
12.03.1992	-99	-99	-99	-99
13.03.1992	-99	-99	-99	-99
14.03.1992	-99	-99	-99	-99
15.03.1992	-99	-99	-99	-99
16.03.1992	-99	-99	-99	-99
17.03.1992	-99	-99	-99	-99
18.03.1992	-99	-99	-99	-99
19.03.1992	-99	-99	-99	-99
20.03.1992	-99	-99	-99	-99
21.03.1992	-99	-99	-99	-99
22.03.1992	-99	-99	-99	-99
23.03.1992	-99	-99	-99	-99
24.03.1992	-99	-99	-99	-99
25.03.1992	-99	-99	-99	-99
26.03.1992	-99	-99	-99	-99
27.03.1992	-99	-99	-99	-99
28.03.1992	-99	-99	-99	-99
29.03.1992	-99	-99	-99	-99
30.03.1992	-99	-99	-99	-99
31.03.1992	-99	-99	-99	-99
01.04.1992	-99	-99	-99	-99
02.04.1992	-99	-99	-99	-99
03.04.1992	-99	-99	-99	-99
04.04.1992	-99	-99	-99	-99
05.04.1992	-99	-99	-99	-99
06.04.1992	-99	-99	-99	-99
07.04.1992	-99	-99	-99	-99
08.04.1992	-99	-99	-99	-99
09.04.1992	-99	-99	-99	-99
10.04.1992	-99	-99	-99	-99
11.04.1992	-99	-99	-99	-99
12.04.1992	-99	-99	-99	-99
13.04.1992	-99	-99	-99	-99
14.04.1992	-99	-99	-99	-99
15.04.1992	-99	-99	-99	-99
16.04.1992	-99	-99	-99	-99
17.04.1992	-99	-99	-99	-99
18.04.1992	-99	-99	-99	-99
19.04.1992	-99	-99	-99	-99
20.04.1992	-99	-99	-99	-99
21.04.1992	-99	-99	-99	-99
22.04.1992	-99	-99	-99	-99
23.04.1992	-99	-99	-99	-99
24.04.1992	-99	-99	-99	-99
25.04.1992	-99	-99	-99	-99
26.04.1992	-99	-99	-99	-99
27.04.1992	-99	-99	-99	-99
28.04.1992	-99	-99	-99	-99
29.04.1992	-99	-99	-99	-99
30.04.1992	-99	-99	-99	-99
01.05.1992	-99	-99	-99	-99
02.05.1992	-99	-99	-99	-99
03.05.1992	-99	-99	-99	-99
04.05.1992	-99	-99	-99	-99
05.05.1992	-99	-99	-99	-99
06.05.1992	-99	-99	-99	-99
07.05.1992	-99	-99	-99	-99
08.05.1992	-99	-99	-99	-99
09.05.1992	-99	-99	-99	-99
10.05.1992	-99	-99	-99	-99
11.05.1992	-99	-99	-99	-99
12.05.1992	-99	-99	-99	-99
13.05.1992	-99	-99	-99	-99
14.05.1992	-99	-99	-99	-99
15.05.1992	-99	-99	-99	-99
16.05.1992	-99	-99	-99	-99
17.05.1992	-99	-99	-99	-99
18.05.1992	-99	-99	-99	-99
19.05.1992	-99	-99	-99	-99
20.05.1992	-99	-99	-99	-99
21.05.1992	-99	-99	-99	-99
22.05.1992	-99	-99	-99	-99
23.05.1992	-99	-99	-99	-99
24.05.1992	-99	-99	-99	-99
25.05.1992	-99	-99	-99	-99
26.05.1992	-99	-99	-99	-99
27.05.1992	-99	-99	-99	-99
28.05.1992	-99	-99	-99	-99
29.05.1992	-99	-99	-99	-99
30.05.1992	-99	-99	-99	-99
31.05.1992	-99	-99	-99	-99
01.06.1992	-99	-99	-99	-99
02.06.1992	-99	-99	-99	-99
03.06.1992	-99	-99	-99	-99
04.06.1992	-99	-99	-99	-99
05.06.1992	-99	-99	-99	-99
06.06.1992	-99	-99	-99	-99
07.06.1992	-99	-99	-99	-99
08.06.1992	-99	-99	-99	-99
09.06.1992	-99	-99	-99	-99
10.06.1992	-99	-99	-99	-99
11.06.1992	-99	-99	-99	-99
12.06.1992	-99	-99	-99	-99
13.06.1992	-99	-99	-99	-99
14.06.1992	-99	-99	-99	-99
15.06.1992	-99	-99	-99	-99
16.06.1992	-99	-99	-99	-99
17.06.1992	-99	-99	-99	-99
18.06.1992	-99	-99	-99	-99
19.06.1992	-99	-99	-99	-99
20.06.1992	-99	-99	-99	-99
21.06.1992	-99	-99	-99	-99
22.06.1992	-99	-99	-99	-99
23.06.1992	-99	-99	-99	-99
24.06.1992	-99	-99	-99	-99
25.06.1992	-99	-99	-99	-99
26.06.1992	-99	-99	-99	-99
27.06.1992	-99	-99	-99	-99
28.06.1992	-99	-99	-99	-99
29.06.1992	-99	-99	-99	-99
30.06.1992	-99	-99	-99	-99
01.07.1992	-99	-99	-99	-99
02.07.1992	-99	-99	-99	-99
03.07.1992	-99	-99	-99	-99
04.07.1992	-99	-99	-99	-99
05.07.1992	-99	-99	-99	-99
06.07.1992	-99	-99	-99	-99
07.07.1992	-99	-99	-99	-99
08.07.1992	-99	-99	-99	-99
09.07.1992	-99	-99	-99	-99
10.07.1992	-99	-99	-99	-99
11.07.1992	-99	-99	-99	-99
12.07.1992	-99	-99	-99	-99
13.07.1992	-99	-99	-99	-99
14.07.1992	-99	-99	-99	-99
15.07.1992	-99	-99	-99	-99
16.07.1992	-99	-99	-99	-99
17.07.1992	-99	-99	-99	-99
18.07.1992	-99	-99	-99	-99
19.07.1992	-99	-99	-99	-99
20.07.1992	-99	-99	-99	-99
21.07.1992	-99	-99	-99	-99
22.07.1992	-99	-99	-99	-99
23.07.1992	-99	-99	-99	-99
24.07.1992	-99	-99	-99	-99
25.07.1992	-99	-99	-99	-99
26.07.1992	-99	-99	-99	-99
27.07.1992	-99	-99	-99	-99
28.07.1992	-99	-99	-99	-99
29.07.1992	-99	-99	-99	-99
30.07.1992	-99	-99	-99	-99
31.07.1992	-99	-99	-99	-99
01.08.1992	-99	-99	-99	-99
02.08.1992	-99	-99	-99	-99
03.08.1992	-99	-99	-99	-99
04.08.1992	-99	-99	-99	-99
05.08.1992	-99	-99	-99	-99
06.08.1992	-99	-99	-99	-99
07.08.1992	-99	-99	-99	-99
08.08.1992	-99	-99	-99	-99
09.08.1992	-99	-99	-99	-99
10.08.1992	-99	-99	-99	-99
11.08.1992	-99	-99	-99	-99
12.08.1992	-99	-99	-99	-99
13.08.1992	-99	-99	-99	-99
14.08.1992	-99	-99	-99	-99
15.08.1992	-99	-99	-99	-99
16.08.1992	-99	-99	-99	-99
17.08.1992	-99	-99	-99	-99
18.08.1992	-99	-99	-99	-99
19.08.1992	-99	-99	-99	-99
20.08.1992	-99	-99	-99	-99
21.08.1992	-99	-99	-99	-99
22.08.1992	-99	-99	-99	-99
23.08.1992	-99	-99	-99	-99
24.08.1992	-99	-99	-99	-99
25.08.1992	-99	-99	-99	-99
26.08.1992	-99	-99	-99	-99
27.08.1992	-99	-99	-99	-99
28.08.1992	-99	-99	-99	-99
29.08.1992	-99	-99	-99	-99
30.08.1992	-99	-99	-99	-99
31.08.1992	-99	-99	-99	-99
01.09.1992	-99	-99	-99	-99
02.09.1992	-99	-99	-99	-99
03.09.1992	-99	-99	-99	-99
04.09.1992	-99	-99	-99	-99
05.09.1992	-99	-99	-99	-99
06.09.1992	-99	-99	-99	-99
07.09.1992	-99	-99	-99	-99
08.09.1992	-99	-99	-99	-99
09.09.1992	-99	-99	-99	-99
10.09.1992	-99	-99	-99	-99
11.09.1992	-99	-99	-99	-99
12.09.1992	-99	-99	-99	-99
13.09.1992	-99	-99	-99	-99
14.09.1992	-99	-99	-99	-99
15.09.1992	-99	-99	-99	-99
16.09.1992	-99	-99	-99	-99
17.09.1992	-99	-99	-99	-99
18.09.1992	-99	-99	-99	-99
19.09.1992	-99	-99	-99	-99
20.09.1992	-99	-99	-99	-99
21.09.1992	-99	-99	-99	-99
22.09.1992	-99	-99	-99	-99
23.09.1992	-99	-99	-99	-99
24.09.1992	-99	-99	-99	-99
25.09.1992	-99	-99	-99	-99
26.09.1992	-99	-99	-99	-99
27.09.1992	-99	-99	-99	-99
28.09.1992	-99	-99	-99	-99
29.09.1992	-99	-99	-99	-99
30.09.1992	-99	-99	-99	-99
01.10.1992	-99	-99	-99	-99
02.10.1992	-99	-99	-99	-99
03.10.1992	-99	-99	-99	-99
04.10.1992	-99	-99	-99	-99
05.10.1992	-99	-99	-99	-99
06.10.1992	-99	-99	-99	-99
07.10.1992	-99	-99	-99	-99
08.10.1992	-99	-99	-99	-99
09.10.1992	-99	-99	-99	-99
10.10.1992	-99	-99	-99	-99
11.10.1992	-99	-99	-99	-99
12.10.1992	-99	-99	-99	-99
13.10.1992	-99	-99	-99	-99
14.10.1992	-99	-99	-99	-99
15.10.1992	-99	-99	-99	-99
16.10.1992	-99	-99	-99	-99
17.10.1992	-99	-99	-99	-99
18.10.1992	-99	-99	-99	-99
19.10.1992	-99	-99	-99	-99
20.10.1992	-99	-99	-99	-99
21.10.1992	-99	-99	-99	-99
22.10.1992	-99	-99	-99	-99
23.10.1992	-99	-99	-99	-99
24.10.1992	-99	-99	-99	-99
25.10.1992	-99	-99	-99	-99
26.10.1992	-99	-99	-99	-99
27.10.1992	-99	-99	-99	-99
28.10.1992	-99	-99	-99	-99
29.10.1992	-99	-99	-99	-99
30.10.1992	-99	-99	-99	-99
31.10.1992	-99	-99	-99	-99
01.11.1992	-99	-99	-99	-99
02.11.1992	-99	-99	-99	-99
03.11.1992	-99	-99	-99	-99
04.11.1992	-99	-99	-99	-99
05.11.1992	-99	-99	-99	-99
06.11.1992	-99	-99	-99	-99
07.11.1992	-99	-99	-99	-99
08.11.1992	-99	-99	-99	-99
09.11.1992	-99	-99	-99	-99
10.11.1992	-99	-99	-99	-99
11.11.1992	-99	-99	-99	-99
12.11.1992	-99	-99	-99	-99
13.11.1992	-99	-99	-99	-99
14.11.1992	-99	-99	-99	-99
15.11.1992	-99	-99	-99	-99
16.11.1992	-99	-99	-99	-99
17.11.1992	-99	-99	-99	-99
18.11.1992	-99	-99	-99	-99
19.11.1992	-99	-99	-99	-99
20.11.1992	-99	-99	-99	-99
21.11.1992	-99	-99	-99	-99
22.11.1992	-99	-99	-99	-99
23.11.1992	-99	-99	-99	-99
24.11.1992	-99	-99	-99	-99
25.11.1992	-99	-99	-99	-99
26.11.1992	-99	-99	-99	-99
27.11.1992	-99	-99	-99	-99
28.11.1992	-99	-99	-99	-99
29.11.1992	-99	-99	-99	-99
30.11.1992	-99	-99	-99	-99
01.12.1992	-99	-99	-99	-99
02.12.1992	-99	-99	-99	-99
03.12.1992	-99	-99	-99	-99
04.12.1992	-99	-99	-99	-99
05.12.1992	-99	-99	-99	-99
06.12.1992	-99	-99	-99	-99
07.12.1992	-99	-99	-99	-99
08.12.1992	-99	-99	-99	-99
09.12.1992	-99	-99	-99	-99
10.12.1992	-99	-99	-99	-99
11.12.1992	-99	-99	-99	-99
12.12.1992	-99	-99	-99	-99
13.12.1992	-99	-99	-99	-99
14.12.1992	-99	-99	-99	-99
15.12.1992	-99	-99	-99	-99
16.12.1992	-99	-99	-99	-99
17.12.1992	-99	-99	-99	-99
18.12.1992	-99	-99	-99	-99
19.12.1992	-99	-99	-99	-99
20.12.1992	-99	-99	-99	-99
21.12.1992	-99	-99	-99	-99
22.12.1992	-99	-99	-99	-99
23.12.1992	-99	-99	-99	-99
24.12.1992	-99	-99	-99	-99
25.12.1992	-99	-99	-99	-99
26.12.1992	-99	-99	-99	-99
27.12.1992	-99	-99	-99	-99
28.12.1992	-99	-99	-99	-99
29.12.1992	-99	-99	-99	-99
30.12.1992	-99	-99	-99	-99
31.12.1992	-99	-99	-99	-99
01.01.1993	-99	-99	-99	-99
02.01.1993	-99	-99	-99	-99
03.01.1993	-99	-99	-99	-99
04.01.1993	-99	-99	-99	-99
05.01.1993	-99	-99	-99	-99
06.01.1993	-99	-99	-99	-99
07.01.1993	-99	-99	-99	-99
08.01.1993	-99	-99	-99	-99
09.01.1993	-99	-99	-99	-99
10.01.1993	-99	-99	-99	-99
11.01.1993	-99	-99	-99	-99
12.01.1993	-99	-99	-99	-99
13.01.1993	-99	-99	-99	-99
14.01.1993	-99	-99	-99	-99
15.01.1993	-99	-99	-99	-99
16.01.1993	-99	-99	-99	-99
17.01.1993	-99	-99	-99	-99
18.01.1993	-99	-99	-99	-99
19.01.1993	-99	-99	-99	-99
20.01.1993	-99	-99	-99	-99
21.01.1993	-99	-99	-99	-99
22.01.1993	-99	-99	-99	-99
23.01.1993	-99	-99	-99	-99
24.01.1993	-99	-99	-99	-99
25.01.1993	-99	-99	-99	-99
26.01.1993	-99	-99	-99	-99
27.01.1993	-99	-99	-99	-99
28.01.1993	-99	-99	-99	-99
29.01.1993	-99	-99	-99	-99
30.01.1993	-99	-99	-99	-99
31.01.1993	-99	-99	-99	-99
01.02.1993	-99	-99	-99	-99
02.02.1993	-99	-99	-99	-99
03.02.1993	-99	-99	-99	-99
04.02.1993	-99	-99	-99	-99
05.02.1993	-99	-99	-99	-99
06.02.1993	-99	-99	-99	-99
07.02.1993	-99	-99	-99	-99
08.02.1993	-99	-99	-99	-99
09.02.1993	-99	-99	-99	-99
10.02.1993	-99	-99	-99	-99
11.02.1993	-99	-99	-99	-99
12.02.1993	-99	-99	-99	-99
13.02.1993	-99	-99	-99	-99
14.02.1993	-99	-99	-99	-99
15.02.1993	-99	-99	-99	-99
16.02.1993	-99	-99	-99	-99
17.02.1993	-99	-99	-99	-99
18.02.1993	-99	-99	-99	-99
19.02.1993	-99	-99	-99	-99
20.02.1993	-99	-99	-99	-99
21.02.1993	-99	-99	-99	-99
22.02.1993	-99	-99	-99	-99
23.02.1993	-99	-99	-99	-99
24.02.1993	-99	-99	-99	-99
25.02.1993	-99	-99	-99	-99
26.02.1993	-99	-99	-99	-99
27.02.1993	-99	-99	-99	-99
28.02.1993	-99	-99	-99	-99
01.03.1993	-99	-99	-99	-99
02.03.1993	-99	-99	-99	-99
03.03.1993	-99	-99	-99	-99
04.03.1993	-99	-99	-99	-99
05.03.1993	-99	-99	-99	-99
06.03.1993	-99	-99	-99	-99
07.03.1993	-99	-99	-99	-99
08.03.1993	-99	-99	-99	-99
09.03.1993	-99	-99	-99	-99
10.03.1993	-99	-99	-99	-99
11.03.1993	-99	-99	-99	-99
12.03.1993	-99	-99	-99	-99
13.03.1993	-99	-99	-99	-99
14.03.1993	-99	-99	-99	-99
15.03.1993	-99	-99	-99	-99
16.03.1993	-99	-99	-99	-99
17.03.1993	-99	-99	-99	-99
18.03.1993	-99	-99	-99	-99
19.03.1993	-99	-99	-99	-99
20.03.1993	-99	-99	-99	-99
21.03.1993	-99	-99	-99	-99
22.03.1993	-99	-99	-99	-99
23.03.1993	-99	-99	-99	-99
24.03.1993	-99	-99	-99	-99
25.03.1993	-99	-99	-99	-99
26.03.1993	-99	-99	-99	-99
27.03.1993	-99	-99	-99	-99
28.03.1993	-99	-99	-99	-99
29.03.1993	-99	-99	-99	-99
30.03.1993	-99	-99	-99	-99
31.03.1993	-99	-99	-99	-99
01.04.1993	-99	-99	-99	-99
02.04.1993	-99	-99	-99	-99
03.04.1993	-99	-99	-99	-99
04.04.1993	-99	-99	-99	-99
05.04.1993	-99	-99	-99	-99
06.04.1993	-99	-99	-99	-99
07.04.1993	-99	-99	-99	-99
08.04.1993	-99	-99	-99	-99
09.04.1993	-99	-99	-99	-99
10.04.1993	-99	-99	-99	-99
11.04.1993	-99	-99	-99	-99
12.04.1993	-99	-99	-99	-99
13.04.1993	-99	-99	-99	-99
14.04.1993	-99	-99	-99	-99
15.04.1993	-99	-99	-99	-99
16.04.1993	-99	-99	-99	-99
17.04.1993	-99	-99	-99	-99
18.04.1993	-99	-99	-99	-99
19.04.1993	-99	-99	-99	-99
20.04.1993	-99	-99	-99	-99
21.04.1993	-99	-99	-99	-99
22.04.1993	-99	-99	-99	-99
23.04.1993	-99	-99	-99	-99
24.04.1993	-99	-99	-99	-99
25.04.1993	-99	-99	-99	-99
26.04.1993	-99	-99	-99	-99
27.04.1993	-99	-99	-99	-99
28.04.1993	-99	-99	-99	-99
29.04.1993	-99	-99	-99	-99
30.04.1993	-99	-99	-99	-99
01.05.1993	-99	-99	-99	-99
02.05.1993	-99	-99	-99	-99
03.05.1993	-99	-99	-99	-99
04.05.1993	-99	-99	-99	-99
05.05.1993	-99	-99	-99	-99
06.05.1993	-99	-99	-99	-99
07.05.1993	-99	-99	-99	-99
08.05.1993	-99	-99	-99	-99
09.05.1993	-99	-99	-99	-99
10.05.1993	-99	-99	-99	-99
11.05.1993	-99	-99	-99	-99
12.05.1993	-99	-99	-99	-99
13.05.1993	-99	-99	-99	-99
14.05.1993	-99	-99	-99	-99
15.05.1993	-99	-99	-99	-99
16.05.1993	-99	-99	-99	-99
17.05.1993	-99	-99	-99	-99
18.05.1993	-99	-99	-99	-99
19.05.1993	-99	-99	-99	-99
20.05.1993	-99	-99	-99	-99
21.05.1993	-99	-99	-99	-99
22.05.1993	-99	-99	-99	-99
23.05.1993	-99	-99	-99	-99
24.05.1993	-99	-99	-99	-99
25.05.1993	-99	-99	-99	-99
26.05.1993	-99	-99	-99	-99
27.05.1993	-99	-99	-99	-99
28.05.1993	-99	-99	-99	-99
29.05.1993	-99	-99	-99	-99
30.05.1993	-99	-99	-99	-99
31.05.1993	-99	-99	-99	-99
01.06.1993	-99	-99	-99	-99
02.06.1993	-99	-99	-99	-99
03.06.1993	-99	-99	-99	-99
04.06.1993	-99	-99	-99	-99
05.06.1993	-99	-99	-99	-99
06.06.1993	-99	-99	-99	-99
07.06.1993	-99	-99	-99	-99
08.06.1993	-99	-99	-99	-99
09.06.1993	-99	-99	-99	-99
10.06.1993	-99	-99	-99	-99
11.06.1993	-99	-99	-99	-99
12.06.1993	-99	-99	-99	-99
13.06.1993	-99	-99	-99	-99
14.06.1993	-99	-99	-99	-99
15.06.1993	-99	-99	-99	-99
16.06.1993	-99	-99	-99	-99
17.06.1993	-99	-99	-99	-99
18.06.1993	-99	-99	-99	-99
19.06.1993	-99	-99	-99	-99
20.06.1993	-99	-99	-99	-99
21.06.1993	-99	-99	-99	-99
22.06.1993	-99	-99	-99	-99
23.06.1993	-99	-99	-99	-99
24.06.1993	-99	-99	-99	-99
25.06.1993	-99	-99	-99	-99
26.06.1993	-99	-99	-99	-99
27.06.1993	-99	-99	-99	-99
28.06.1993	-99	-99	-99	-99
29.06.1993	-99	-99	-99	-99
30.06.1993	-99	-99	-99	-99
01.07.1993	-99	-99	-99	-99
02.07.1993	-99	-99	-99	-99
03.07.1993	-99	-99	-99	-99
04.07.1993	-99	-99	-99	-99
05.07.1993	-99	-99	-99	-99
06.07.1993	-99	-99	-99	-99
07.07.1993	-99	-99	-99	-99
08.07.1993	-99	-99	-99	-99
09.07.1993	-99	-99	-99	-99
10.07.1993	-99	-99	-99	-99
11.07.1993	-99	-99	-99	-99
12.07.1993	-99	-99	-99	-99
13.07.1993	-99	-99	-99	-99
14.07.1993	-99	-99	-99	-99
15.07.1993	-99	-99	-99	-99
16.07.1993	-99	-99	-99	-99
17.07.1993	-99	-99	-99	-99
18.07.1993	-99	-99	-99	-99
19.07.1993	-99	-99	-99	-99
20.07.1993	-99	-99	-99	-99
21.07.1993	-99	-99	-99	-99
22.07.1993	-99	-99	-99	-99
23.07.1993	-99	-99	-99	-99
24.07.1993	-99	-99	-99	-99
25.07.1993	-99	-99	-99	-99
26.07.1993	-99	-99	-99	-99
27.07.1993	-99	-99	-99	-99
28.07.1993	-99	-99	-99	-99
29.07.1993	-99	-99	-99	-99
30.07.1993	-99	-99	-99	-99
31.07.1993	-99	-99	-99	-99
01.08.1993	-99	-99	-99	-99
02.08.1993	-99	-99	-99	-99
03.08.1993	-99	-99	-99	-99
04.08.1993	-99	-99	-99	-99
05.08.1993	-99	-99	-99	-99
06.08.1993	-99	-99	-99	-99
07.08.1993	-99	-99	-99	-99
08.08.1993	-99	-99	-99	-99
09.08.1993	-99	-99	-99	-99
10.08.1993	-99	-99	-99	-99
11.08.1993	-99	-99	-99	-99
12.08.1993	-99	-99	-99	-99
13.08.1993	-99	-99	-99	-99
14.08.1993	-99	-99	-99	-99
15.08.1993	-99	-99	-99	-99
16.08.1993	-99	-99	-99	-99
17.08.1993	-99	-99	-99	-99
18.08.1993	-99	-99	-99	-99
19.08.1993	-99	-99	-99	-99
20.08.1993	-99	-99	-99	-99
21.08.1993	-99	-99	-99	-99
22.08.1993	-99	-99	-99	-99
23.08.1993	-99	-99	-99	-99
24.08.1993	-99	-99	-99	-99
25.08.1993	-99	-99	-99	-99
26.08.1993	-99	-99	-99	-99
27.08.1993	-99	-99	-99	-99
28.08.1993	-99	-99	-99	-99
29.08.1993	-99	-99	-99	-99
30.08.1993	-99	-99	-99	-99
31.08.1993	-99	-99	-99	-99
01.09.1993	-99	-99	-99	-99
02.09.1993	-99	-99	-99	-99
03.09.1993	-99	-99	-99	-99
04.09.1993	-99	-99	-99	-99
05.09.1993	-99	-99	-99	-99
06.09.1993	-99	-99	-99	-99
07.09.1993	-99	-99	-99	-99
08.09.1993	-99	-99	-99	-99
09.09.1993	-99	-99	-99	-99
10.09.1993	-99	-99	-99	-99
11.09.1993	-99	-99	-99	-99
12.09.1993	-99	-99	-99	-99
13.09.1993	-99	-99	-99	-99
14.09.1993	-99	-99	-99	-99
15.09.1993	-99	-99	-99	-99
16.09.1993	-99	-99	-99	-99
17.09.1993	-99	-99	-99	-99
18.09.1993	-99	-99	-99	-99
19.09.1993	-99	-99	-99	-99
20.09.1993	-99	-99	-99	-99
21.09.1993	-99	-99	-99	-99
22.09.1993	-99	-99	-99	-99
23.09.1993	-99	-99	-99	-99
24.09.1993	-99	-99	-99	-99
25.09.1993	-99	-99	-99	-99
26.09.1993	-99	-99	-99	-99
27.09.1993	-99	-99	-99	-99
28.09.1993	-99	-99	-99	-99
29.09.1993	-99	-99	-99	-99
30.09.1993	-99	-99	-99	-99
01.10.1993	-99	-99	-99	-99
02.10.1993	-99	-99	-99	-99
03.10.1993	-99	-99	-99	-99
04.10.1993	-99	-99	-99	-99
05.10.1993	-99	-99	-99	-99
06.10.1993	-99	-99	-99	-99
07.10.1993	-99	-99	-99	-99
08.10.1993	-99	-99	-99	-99
09.10.1993	-99	-99	-99	-99
10.10.1993	-99	-99	-99	-99
11.10.1993	-99	-99	-99	-99
12.10.1993	-99	-99	-99	-99
13.10.1993	-99	-99	-99	-99
14.10.1993	-99	-99	-99	-99
15.10.1993	-99	-99	-99	-99
16.10.1993	-99	-99	-99	-99
17.10.1993	-99	-99	-99	-99
18.10.1993	-99	-99	-99	-99
19.10.1993	-99	-99	-99	-99
20.10.1993	-99	-99	-99	-99
21.10.1993	-99	-99	-99	-99
22.10.1993	-99	-99	-99	-99
23.10.1993	-99	-99	-99	-99
24.10.1993	-99	-99	-99	-99
25.10.1993	-99	-99	-99	-99
26.10.1993	-99	-99	-99	-99
27.10.1993	-99	-99	-99	-99
28.10.1993	-99	-99	-99	-99
29.10.1993	-99	-99	-99	-99
30.10.1993	-99	-99	-99	-99
31.10.1993	-99	-99	-99	-99
01.11.1993	-99	-99	-99	-99
02.11.1993	-99	-99	-99	-99
03.11.1993	-99	-99	-99	-99
04.11.1993	-99	-99	-99	-99
05.11.1993	-99	-99	-99	-99
06.11.1993	-99	-99	-99	-99
07.11.1993	-99	-99	-99	-99
08.11.1993	-99	-99	-99	-99
09.11.1993	-99	-99	-99	-99
10.11.1993	-99	-99	-99	-99
11.11.1993	-99	-99	-99	-99
12.11.1993	-99	-99	-99	-99
13.11.1993	-99	-99	-99	-99
14.11.1993	-99	-99	-99	-99
15.11.1993	-99	-99	-99	-99
16.11.1993	-99	-99	-99	-99
17.11.1993	-99	-99	-99	-99
18.11.1993	-99	-99	-99	-99
19.11.1993	-99	-99	-99	-99
20.11.1993	-99	-99	-99	-99
21.11.1993	-99	-99	-99	-99
22.11.1993	-99	-99	-99	-99
23.11.1993	-99	-99	-99	-99
24.11.1993	-99	-99	-99	-99
25.11.1993	-99	-99	-99	-99
26.11.1993	-99	-99	-99	-99
27.11.1993	-99	-99	-99	-99
28.11.1993	-99	-99	-99	-99
29.11.1993	-99	-99	-99	-99
30.11.1993	-99	-99	-99	-99
01.12.1993	-99	-99	-99	-99
02.12.1993	-99	-99	-99	-99
03.12.1993	-99	-99	-99	-99
04.12.1993	-99	-99	-99	-99
05.12.1993	-99	-99	-99	-99
06.12.1993	-99	-99	-99	-99
07.12.1993	-99	-99	-99	-99
08.12.1993	-99	-99	-99	-99
09.12.1993	-99	-99	-99	-99
10.12.1993	-99	-99	-99	-99
11.12.1993	-99	-99	-99	-99
12.12.1993	-99	-99	-99	-99
13.12.1993	-99	-99	-99	-99
14.12.1993	-99	-99	-99	-99
15.12.1993	-99	-99	-99	-99
16.12.1993	-99	-99	-99	-99
17.12.1993	-99	-99	-99	-99
18.12.1993	-99	-99	-99	-99
19.12.1993	-99	-99	-99	-99
20.12.1993	-99	-99	-99	-99
21.12.1993	-99	-99	-99	-99
22.12.1993	-99	-99	-99	-99
23.12.1993	-99	-99	-99	-99
24.12.1993	-99	-99	-99	-99
25.12.1993	-99	-99	-99	-99
26.12.1993	-99	-99	-99	-99
27.12.1993	-99	-99	-99	-99
28.12.1993	-99	-99	-99	-99
29.12.1993	-99	-99	-99	-99
30.12.1993	-99	-99	-99	-99
31.12.1993	-99	-99	-99	-99
01.01.1994	-99	-99	-99	-99
02.01.1994	-99	-99	-99	-99
03.01.1994	-99	-99	-99	-99
04.01.1994	-99	-99	-99	-99
05.01.1994	-99	-99	-99	-99
06.01.1994	-99	-99	-99	-99
07.01.1994	-99	-99	-99	-99
08.01.1994	-99	-99	-99	-99
09.01.1994	-99	-99	-99	-99
10.01.1994	-99	-99	-99	-99
11.01.1994	-99	-99	-99	-99
12.01.1994	-99	-99	-99	-99
13.01.1994	-99	-99	-99	-99
14.01.1994	-99	-99	-99	-99
15.01.1994	-99	-99	-99	-99
16.01.1994	-99	-99	-99	-99
17.01.1994	-99	-99	-99	-99
18.01.1994	-99	-99	-99	-99
19.01.1994	-99	-99	-99	-99
20.01.1994	-99	-99	-99	-99
21.01.1994	-99	-99	-99	-99
22.01.1994	-99	-99	-99	-99
23.01.1994	-99	-99	-99	-99
24.01.1994	-99	-99	-99	-99
25.01.1994	-99	-99	-99	-99
26.01.1994	-99	-99	-99	-99
27.01.1994	-99	-99	-99	-99
28.01.1994	-99	-99	-99	-99
29.01.1994	-99	-99	-99	-99
30.01.1994	-99	-99	-99	-99
31.01.1994	-99	-99	-99	-99
01.02.1994	-99	-99	-99	-99
02.02.1994	-99	-99	-99	-99
03.02.1994	-99	-99	-99	-99
04.02.1994	-99	-99	-99	-99
05.02.1994	-99	-99	-99	-99
06.02.1994	-99	-99	-99	-99
07.02.1994	-99	-99	-99	-99
08.02.1994	-99	-99	-99	-99
09.02.1994	-99	-99	-99	-99
10.02.1994	-99	-99	-99	-99
11.02.1994	-99	-99	-99	-99
12.02.1994	-99	-99	-99	-99
13.02.1994	-99	-99	-99	-99
14.02.1994	-99	-99	-99	-99
15.02.1994	-99	-99	-99	-99
16.02.1994	-99	-99	-99	-99
17.02.1994	-99	-99	-99	-99
18.02.1994	-99	-99	-99	-99
19.02.1994	-99	-99	-99	-99
20.02.1994	-99	-99	-99	-99
21.02.1994	-99	-99	-99	-99
22.02.1994	-99	-99	-99	-99
23.02.1994	-99	-99	-99	-99
24.02.1994	-99	-99	-99	-99
25.02.1994	-99	-99	-99	-99
26.02.1994	-99	-99	-99	-99
27.02.1994	-99	-99	-99	-99
28.02.1994	-99	-99	-99	-99
01.03.1994	-99	-99	-99	-99
02.03.1994	-99	-99	-99	-99
03.03.1994	-99	-99	-99	-99
04.03.1994	-99	-99	-99	-99
05.03.1994	-99	-99	-99	-99
06.03.1994	-99	-99	-99	-99
07.03.1994	-99	-99	-99	-99
08.03.1994	-99	-99	-99	-99
09.03.1994	-99	-99	-99	-99
10.03.1994	-99	-99	-99	-99
11.03.1994	-99	-99	-99	-99
12.03.1994	-99	-99	-99	-99
13.03.1994	-99	-99	-99	-99
14.03.1994	-99	-99	-99	-99
15.03.1994	-99	-99	-99	-99
16.03.1994	-99	-99	-99	-99
17.03.1994	-99	-99	-99	-99
18.03.1994	-99	-99	-99	-99
19.03.1994	-99	-99	-99	-99
20.03.1994	-99	-99	-99	-99
21.03.1994	-99	-99	-99	-99
22.03.1994	-99	-99	-99	-99
23.03.1994	-99	-99	-99	-99
24.03.1994	-99	-99	-99	-99
25.03.1994	-99	-99	-99	-99
26.03.1994	-99	-99	-99	-99
27.03.1994	-99	-99	-99	-99
28.03.1994	-99	-99	-99	-99
29.03.1994	-99	-99	-99	-99
30.03.1994	-99	-99	-99	-99
31.03.1994	-99	-99	-99	-99
01.04.1994	-99	-99	-99	-99
02.04.1994	-99	-99	-99	-99
03.04.1994	-99	-99	-99	-99
04.04.1994	-99	-99	-99	-99
05.04.1994	-99	-99	-99	-99
06.04.1994	-99	-99	-99	-99
07.04.1994	-99	-99	-99	-99
08.04.1994	-99	-99	-99	-99
09.04.1994	-99	-99	-99	-99
10.04.1994	-99	-99	-99	-99
11.04.1994	-99	-99	-99	-99
12.04.1994	-99	-99	-99	-99
13.04.1994	-99	-99	-99	-99
14.04.1994	-99	-99	-99	-99
15.04.1994	-99	-99	-99	-99
16.04.1994	-99	-99	-99	-99
17.04.1994	-99	-99	-99	-99
18.04.1994	-99	-99	-99	-99
19.04.1994	-99	-99	-99	-99
20.04.1994	-99	-99	-99	-99
21.04.1994	-99	-99	-99	-99
22.04.1994	-99	-99	-99	-99
23.04.1994	-99	-99	-99	-99
24.04.1994	-99	-99	-99	-99
25.04.1994	-99	-99	-99	-99
26.04.1994	-99	-99	-99	-99
27.04.1994	-99	-99	-99	-99
28.04.1994	-99	-99	-99	-99
29.04.1994	-99	-99	-99	-99
30.04.1994	-99	-99	-99	-99
01.05.1994	-99	-99	-99	-99
02.05.1994	-99	-99	-99	-99
03.05.1994	-99	-99	-99	-99
04.05.1994	-99	-99	-99	-99
05.05.1994	-99	-99	-99	-99
06.05.1994	-99	-99	-99	-99
07.05.1994	-99	-99	-99	-99
08.05.1994	-99	-99	-99	-99
09.05.1994	-99	-99	-99	-99
10.05.1994	-99	-99	-99	-99
11.05.1994	-99	-99	-99	-99
12.05.1994	-99	-99	-99	-99
13.05.1994	-99	-99	-99	-99
14.05.1994	-99	-99	-99	-99
15.05.1994	-99	-99	-99	-99
16.05.1994	-99	-99	-99	-99
17.05.1994	-99	-99	-99	-99
18.05.1994	-99	-99	-99	-99
19.05.1994	-99	-99	-99	-99
20.05.1994	-99	-99	-99	-99
21.05.1994	-99	-99	-99	-99
22.05.1994	-99	-99	-99	-99
23.05.1994	-99	-99	-99	-99
24.05.1994	-99	-99	-99	-99
25.05.1994	-99	-99	-99	-99
26.05.1994	-99	-99	-99	-99
27.05.1994	-99	-99	-99	-99
28.05.1994	-99	-99	-99	-99
29.05.1994	-99	-99	-99	-99
30.05.1994	-99	-99	-99	-99
31.05.1994	-99	-99	-99	-99
01.06.1994	-99	-99	-99	-99
02.06.1994	-99	-99	-99	-99
03.06.1994	-99	-99	-99	-99
04.06.1994	-99	-99	-99	-99
05.06.1994	-99	-99	-99	-99
06.06.1994	-99	-99	-99	-99
07.06.1994	-99	-99	-99	-99
08.06.1994	-99	-99	-99	-99
09.06.1994	-99	-99	-99	-99
10.06.1994	-99	-99	-99	-99
11.06.1994	-99	-99	-99	-99
12.06.1994	-99	-99	-99	-99
13.06.1994	-99	-99	-99	-99
14.06.1994	-99	-99	-99	-99
15.06.1994	-99	-99	-99	-99
16.06.1994	-99	-99	-99	-99
17.06.1994	-99	-99	-99	-99
18.06.1994	-99	-99	-99	-99
19.06.1994	-99	-99	-99	-99
20.06.1994	-99	-99	-99	-99
21.06.1994	-99	-99	-99	-99
22.06.1994	-99	-99	-99	-99
23.06.1994	-99	-99	-99	-99
24.06.1994	-99	-99	-99	-99
25.06.1994	-99	-99	-99	-99
26.06.1994	-99	-99	-99	-99
27.06.1994	-99	-99	-99	-99
28.06.1994	-99	-99	-99	-99
29.06.1994	-99	-99	-99	-99
30.06.1994	-99	-99	-99	-99
01.07.1994	-99	-99	-99	-99
02.07.1994	-99	-99	-99	-99
03.07.1994	-99	-99	-99	-99
04.07.1994	-99	-99	-99	-99
05.07.1994	-99	-99	-99	-99
06.07.1994	-99	-99	-99	-99
07.07.1994	-99	-99	-99	-99
08.07.1994	-99	-99	-99	-99
09.07.1994	-99	-99	-99	-99
10.07.1994	-99	-99	-99	-99
11.07.1994	-99	-99	-99	-99
12.07.1994	-99	-99	-99	-99
13.07.1994	-99	-99	-99	-99
14.07.1994	-99	-99	-99	-99
15.07.1994	-99	-99	-99	-99
16.07.1994	-99	-99	-99	-99
17.07.1994	-99	-99	-99	-99
18.07.1994	-99	-99	-99	-99
19.07.1994	-99	-99	-99	-99
20.07.1994	-99	-99	-99	-99
21.07.1994	-99	-99	-99	-99
22.07.1994	-99	-99	-99	-99
23.07.1994	-99	-99	-99	-99
24.07.1994	-99	-99	-99	-99
25.07.1994	-99	-99	-99	-99
26.07.1994	-99	-99	-99	-99
27.07.1994	-99	-99	-99	-99
28.07.1994	-99	-99	-99	-99
29.07.1994	-99	-99	-99	-99
30.07.1994	-99	-99	-99	-99
31.07.1994	-99	-99	-99	-99
01.08.1994	-99	-99	-99	-99
02.08.1994	-99	-99	-99	-99
03.08.1994	-99	-99	-99	-99
04.08.1994	-99	-99	-99	-99
05.08.1994	-99	-99	-99	-99
06.08.1994	-99	-99	-99	-99
07.08.1994	-99	-99	-99	-99
08.08.1994	-99	-99	-99	-99
09.08.1994	-99	-99	-99	-99
10.08.1994	-99	-99	-99	-99
11.08.1994	-99	-99	-99	-99
12.08.1994	-99	-99	-99	-99
13.08.1994	-99	-99	-99	-99
14.08.1994	-99	-99	-99	-99
15.08.1994	-99	-99	-99	-99
16.08.1994	-99	-99	-99	-99
17.08.1994	-99	-99	-99	-99
18.08.1994	-99	-99	-99	-99
19.08.1994	-99	-99	-99	-99
20.08.1994	-99	-99	-99	-99
21.08.1994	-99	-99	-99	-99
22.08.1994	-99	-99	-99	-99
23.08.1994	-99	-99	-99	-99
24.08.1994	-99	-99	-99	-99
25.08.1994	-99	-99	-99	-99
26.08.1994	-99	-99	-99	-99
27.08.1994	-99	-99	-99	-99
28.08.1994	-99	-99	-99	-99
29.08.1994	-99	-99	-99	-99
30.08.1994	-99	-99	-99	-99
31.08.1994	-99	-99	-99	-99
01.09.1994	-99	-99	-99	-99
02.09.1994	-99	-99	-99	-99
03.09.1994	-99	-99	-99	-99
04.09.1994	-99	-99	-99	-99
05.09.1994	-99	-99	-99	-99
06.09.1994	-99	-99	-99	-99
07.09.1994	-99	-99	-99	-99
08.09.1994	-99	-99	-99	-99
09.09.1994	-99	-99	-99	-99
10.09.1994	-99	-99	-99	-99
11.09.1994	-99	-99	-99	-99
12.09.1994	-99	-99	-99	-99
13.09.1994	-99	-99	-99	-99
14.09.1994	-99	-99	-99	-99
15.09.1994	-99	-99	-99	-99
16.09.1994	-99	-99	-99	-99
17.09.1994	-99	-99	-99	-99
18.09.1994	-99	-99	-99	-99
19.09.1994	-99	-99	-99	-99
20.09.1994	-99	-99	-99	-99
21.09.1994	-99	-99	-99	-99
22.09.1994	-99	-99	-99	-99
23.09.1994	-99	-99	-99	-99
24.09.1994	-99	-99	-99	-99
25.09.1994	-99	-99	-99	-99
26.09.1994	-99	-99	-99	-99
27.09.1994	-99	-99	-99	-99
28.09.1994	-99	-99	-99	-99
29.09.1994	-99	-99	-99	-99
30.09.1994	-99	-99	-99	-99
01.10.1994	-99	-99	-99	-99
02.10.1994	-99	-99	-99	-99
03.10.1994	-99	-99	-99	-99
04.10.1994	-99	-99	-99	-99
05.10.1994	-99	-99	-99	-99
06.10.1994	-99	-99	-99	-99
07.10.1994	-99	-99	-99	-99
08.10.1994	-99	-99	-99	-99
09.10.1994	-99	-99	-99	-99
10.10.1994	-99	-99	-99	-99
11.10.1994	-99	-99	-99	-99
12.10.1994	-99	-99	-99	-99
13.10.1994	-99	-99	-99	-99
14.10.1994	-99	-99	-99	-99
15.10.1994	-99	-99	-99	-99
16.10.1994	-99	-99	-99	-99
17.10.1994	-99	-99	-99	-99
18.10.1994	-99	-99	-99	-99
19.10.1994	-99	-99	-99	-99
20.10.1994	-99	-99	-99	-99
21.10.1994	-99	-99	-99	-99
22.10.1994	-99	-99	-99	-99
23.10.1994	-99	-99	-99	-99
24.10.1994	-99	-99	-99	-99
25.10.1994	-99	-99	-99	-99
26.10.1994	-99	-99	-99	-99
27.10.1994	-99	-99	-99	-99
28.10.1994	-99	-99	-99	-99
29.10.1994	-99	-99	-99	-99
30.10.1994	-99	-99	-99	-99
31.10.1994	-99	-99	-99	-99
01.11.1994	-99	-99	-99	-99
02.11.1994	-99	-99	-99	-99
03.11.1994	-99	-99	-99	-99
04.11.1994	-99	-99	-99	-99
05.11.1994	-99	-99	-99	-99
06.11.1994	-99	-99	-99	-99
07.11.1994	-99	-99	-99	-99
08.11.1994	-99	-99	-99	-99
09.11.1994	-99	-99	-99	-99
10.11.1994	-99	-99	-99	-99
11.11.1994	-99	-99	-99	-99
12.11.1994	-99	-99	-99	-99
13.11.1994	-99	-99	-99	-99
14.11.1994	-99	-99	-99	-99
15.11.1994	-99	-99	-99	-99
16.11.1994	-99	-99	-99	-99
17.11.1994	-99	-99	-99	-99
18.11.1994	-99	-99	-99	-99
19.11.1994	-99	-99	-99	-99
20.11.1994	-99	-99	-99	-99
21.11.1994	-99	-99	-99	-99
22.11.1994	-99	-99	-99	-99
23.11.1994	-99	-99	-99	-99
24.11.1994	-99	-99	-99	-99
25.11.1994	-99	-99	-99	-99
26.11.1994	-99	-99	-99	-99
27.11.1994	-99	-99	-99	-99
28.11.1994	-99	-99	-99	-99
29.11.1994	-99	-99	-99	-99
30.11.1994	-99	-99	-99	-99
01.12.1994	-99	-99	-99	-99
02.12.1994	-99	-99	-99	-99
03.12.1994	-99	-99	-99	-99
04.12.1994	-99	-99	-99	-99
05.12.1994	-99	-99	-99	-99
06.12.1994	-99	-99	-99	-99
07.12.1994	-99	-99	-99	-99
08.12.1994	-99	-99	-99	-99
09.12.1994	-99	-99	-99	-99
10.12.1994	-99	-99	-99	-99
11.12.1994	-99	-99	-99	-99
12.12.1994	-99	-99	-99	-99
13.12.1994	-99	-99	-99	-99
14.12.1994	-99	-99	-99	-99
15.12.1994	-99	-99	-99	-99
16.12.1994	-99	-99	-99	-99
17.12.1994	-99	-99	-99	-99
18.12.1994	-99	-99	-99	-99
19.12.1994	-99	-99	-99	-99
20.12.1994	-99	-99	-99	-99
21.12.1994	-99	-99	-99	-99
22.12.1994	-99	-99	-99	-99
23.12.1994	-99	-99	-99	-99
24.12.1994	-99	-99	-99	-99
25.12.1994	-99	-99	-99	-99
26.12.1994	-99	-99	-99	-99
27.12.1994	-99	-99	-99	-99
28.12.1994	-99	-99	-99	-99
29.12.1994	-99	-99	-99	-99
30.12.1994	-99	-99	-99	-99
31.12.1994	-99	-99	-99	-99
01.01.1995	-99	-99	-99	-99
02.01.1995	-99	-99	-99	-99
03.01.1995	-99	-99	-99	-99
04.01.1995	-99	-99	-99	-99
05.01.1995	-99	-99	-99	-99
06.01.1995	-99	-99	-99	-99
07.01.1995	-99	-99	-99	-99
08.01.1995	-99	-99	-99	-99
09.01.1995	-99	-99	-99	-99
10.01.1995	-99	-99	-99	-99
11.01.1995	-99	-99	-99	-99
12.01.1995	-99	-99	-99	-99
13.01.1995	-99	-99	-99	-99
14.01.1995	-99	-99	-99	-99
15.01.1995	-99	-99	-99	-99
16.01.1995	-99	-99	-99	-99
17.01.1995	-99	-99	-99	-99
18.01.1995	-99	-99	-99	-99
19.01.1995	-99	-99	-99	-99
20.01.1995	-99	-99	-99	-99
21.01.1995	-99	-99	-99	-99
22.01.1995	-99	-99	-99	-99
23.01.1995	-99	-99	-99	-99
24.01.1995	-99	-99	-99	-99
25.01.1995	-99	-99	-99	-99
26.01.1995	-99	-99	-99	-99
27.01.1995	-99	-99	-99	-99
28.01.1995	-99	-99	-99	-99
29.01.1995	-99	-99	-99	-99
30.01.1995	-99	-99	-99	-99
31.01.1995	-99	-99	-99	-99
01.02.1995	-99	-99	-99	-99
02.02.1995	-99	-99	-99	-99
03.02.1995	-99	-99	-99	-99
04.02.1995	-99	-99	-99	-99
05.02.1995	-99	-99	-99	-99
06.02.1995	-99	-99	-99	-99
07.02.1995	-99	-99	-99	-99
08.02.1995	-99	-99	-99	-99
09.02.1995	-99	-99	-99	-99
10.02.1995	-99	-99	-99	-99
11.02.1995	-99	-99	-99	-99
12.02.1995	-99	-99	-99	-99
13.02.1995	-99	-99	-99	-99
14.02.1995	-99	-99	-99	-99
15.02.1995	-99	-99	-99	-99
16.02.1995	-99	-99	-99	-99
17.02.1995	-99	-99	-99	-99
18.02.1995	-99	-99	-99	-99
19.02.1995	-99	-99	-99	-99
20.02.1995	-99	-99	-99	-99
21.02.1995	-99	-99	-99	-99
22.02.1995	-99	-99	-99	-99
23.02.1995	-99	-99	-99	-99
24.02.1995	-99	-99	-99	-99
25.02.1995	-99	-99	-99	-99
26.02.1995	-99	-99	-99	-99
27.02.1995	-99	-99	-99	-99
28.02.1995	-99	-99	-99	-99
01.03.1995	-99	-99	-99	-99
02.03.1995	-99	-99	-99	-99
03.03.1995	-99	-99	-99	-99
04.03.1995	-99	-99	-99	-99
05.03.1995	-99	-99	-99	-99
06.03.1995	-99	-99	-99	-99
07.03.1995	-99	-99	-99	-99
08.03.1995	-99	-99	-99	-99
09.03.1995	-99	-99	-99	-99
10.03.1995	-99	-99	-99	-99
11.03.1995	-99	-99	-99	-99
12.03.1995	-99	-99	-99	-99
13.03.1995	-99	-99	-99	-99
14.03.1995	-99	-99	-99	-99
15.03.1995	-99	-99	-99	-99
16.03.1995	-99	-99	-99	-99
17.03.1995	-99	-99	-99	-99
18.03.1995	-99	-99	-99	-99
19.03.1995	-99	-99	-99	-99
20.03.1995	-99	-99	-99	-99
21.03.1995	-99	-99	-99	-99
22.03.1995	-99	-99	-99	-99
23.03.1995	-99	-99	-99	-99
24.03.1995	-99	-99	-99	-99
25.03.1995	-99	-99	-99	-99
26.03.1995	-99	-99	-99	-99
27.03.1995	-99	-99	-99	-99
28.03.1995	-99	-99	-99	-99
29.03.1995	-99	-99	-99	-99
30.03.1995	-99	-99	-99	-99
31.03.1995	-99	-99	-99	-99
01.04.1995	-99	-99	-99	-99
02.04.1995	-99	-99	-99	-99
03.04.1995	-99	-99	-99	-99
04.04.1995	-99	-99	-99	-99
05.04.1995	-99	-99	-99	-99
06.04.1995	-99	-99	-99	-99
07.04.1995	-99	-99	-99	-99
08.04.1995	-99	-99	-99	-99
09.04.1995	-99	-99	-99	-99
10.04.1995	-99	-99	-99	-99
11.04.1995	-99	-99	-99	-99
12.04.1995	-99	-99	-99	-99
13.04.1995	-99	-99	-99	-99
14.04.1995	-99	-99	-99	-99
15.04.1995	-99	-99	-99	-99
16.04.1995	-99	-99	-99	-99
17.04.1995	-99	-99	-99	-99
18.04.1995	-99	-99	-99	-99
19.04.1995	-99	-99	-99	-99
20.04.1995	-99	-99	-99	-99
21.04.1995	-99	-99	-99	-99
22.04.1995	-99	-99	-99	-99
23.04.1995	-99	-99	-99	-99
24.04.1995	-99	-99	-99	-99
25.04.1995	-99	-99	-99	-99
26.04.1995	-99	-99	-99	-99
27.04.1995	-99	-99	-99	-99
28.04.1995	-99	-99	-99	-99
29.04.1995	-99	-99	-99	-99
30.04.1995	-99	-99	-99	-99
01.05.1995	-99	-99	-99	-99
02.05.1995	-99	-99	-99	-99
03.05.1995	-99	-99	-99	-99
04.05.1995	-99	-99	-99	-99
05.05.1995	-99	-99	-99	-99
06.05.1995	-99	-99	-99	-99
07.05.1995	-99	-99	-99	-99
08.05.1995	-99	-99	-99	-99
09.05.1995	-99	-99	-99	-99
10.05.1995	-99	-99	-99	-99
11.05.1995	-99	-99	-99	-99
12.05.1995	-99	-99	-99	-99
13.05.1995	-99	-99	-99	-99
14.05.1995	-99	-99	-99	-99
15.05.1995	-99	-99	-99	-99
16.05.1995	-99	-99	-99	-99
17.05.1995	-99	-99	-99	-99
18.05.1995	-99	-99	-99	-99
19.05.1995	-99	-99	-99	-99
20.05.1995	-99	-99	-99	-99
21.05.1995	-99	-99	-99	-99
22.05.1995	-99	-99	-99	-99
23.05.1995	-99	-99	-99	-99
24.05.1995	-99	-99	-99	-99
25.05.1995	-99	-99	-99	-99
26.05.1995	-99	-99	-99	-99
27.05.1995	-99	-99	-99	-99
28.05.1995	-99	-99	-99	-99
29.05.1995	-99	-99	-99	-99
30.05.1995	-99	-99	-99	-99
31.05.1995	-99	-99	-99	-99
01.06.1995	-99	-99	-99	-99
02.06.1995	-99	-99	-99	-99
03.06.1995	-99	-99	-99	-99
04.06.1995	-99	-99	-99	-99
05.06.1995	-99	-99	-99	-99
06.06.1995	-99	-99	-99	-99
07.06.1995	-99	-99	-99	-99
08.06.1995	-99	-99	-99	-99
09.06.1995	-99	-99	-99	-99
10.06.1995	-99	-99	-99	-99
11.06.1995	-99	-99	-99	-99
12.06.1995	-99	-99	-99	-99
13.06.1995	-99	-99	-99	-99
14.06.1995	-99	-99	-99	-99
15.06.1995	-99	-99	-99	-99
16.06.1995	-99	-99	-99	-99
17.06.1995	-99	-99	-99	-99
18.06.1995	-99	-99	-99	-99
19.06.1995	-99	-99	-99	-99
20.06.1995	-99	-99	-99	-99
21.06.1995	-99	-99	-99	-99
22.06.1995	-99	-99	-99	-99
23.06.1995	-99	-99	-99	-99
24.06.1995	-99	-99	-99	-99
25.06.1995	-99	-99	-99	-99
26.06.1995	-99	-99	-99	-99
27.06.1995	-99	-99	-99	-99
28.06.1995	-99	-99	-99	-99
29.06.1995	-99	-99	-99	-99
30.06.1995	-99	-99	-99	-99
01.07.1995	-99	-99	-99	-99
02.07.1995	-99	-99	-99	-99
03.07.1995	-99	-99	-99	-99
04.07.1995	-99	-99	-99	-99
05.07.1995	-99	-99	-99	-99
06.07.1995	-99	-99	-99	-99
07.07.1995	-99	-99	-99	-99
08.07.1995	-99	-99	-99	-99
09.07.1995	-99	-99	-99	-99
10.07.1995	-99	-99	-99	-99
11.07.1995	-99	-99	-99	-99
12.07.1995	-99	-99	-99	-99
13.07.1995	-99	-99	-99	-99
14.07.1995	-99	-99	-99	-99
15.07.1995	-99	-99	-99	-99
16.07.1995	-99	-99	-99	-99
17.07.1995	-99	-99	-99	-99
18.07.1995	-99	-99	-99	-99
19.07.1995	-99	-99	-99	-99
20.07.1995	-99	-99	-99	-99
21.07.1995	-99	-99	-99	-99
22.07.1995	-99	-99	-99	-99
23.07.1995	-99	-99	-99	-99
24.07.1995	-99	-99	-99	-99
25.07.1995	-99	-99	-99	-99
26.07.1995	-99	-99	-99	-99
27.07.1995	-99	-99	-99	-99
28.07.1995	-99	-99	-99	-99
29.07.1995	-99	-99	-99	-99
30.07.1995	-99	-99	-99	-99
31.07.1995	-99	-99	-99	-99
01.08.1995	-99	-99	-99	-99
02.08.1995	-99	-99	-99	-99
03.08.1995	-99	-99	-99	-99
04.08.1995	-99	-99	-99	-99
05.08.1995	-99	-99	-99	-99
06.08.1995	-99	-99	-99	-99
07.08.1995	-99	-99	-99	-99
08.08.1995	-99	-99	-99	-99
09.08.1995	-99	-99	-99	-99
10.08.1995	-99	-99	-99	-99
11.08.1995	-99	-99	-99	-99
12.08.1995	-99	-99	-99	-99
13.08.1995	-99	-99	-99	-99
14.08.1995	-99	-99	-99	-99
15.08.1995	-99	-99	-99	-99
16.08.1995	-99	-99	-99	-99
17.08.1995	-99	-99	-99	-99
18.08.1995	-99	-99	-99	-99
19.08.1995	-99	-99	-99	-99
20.08.1995	-99	-99	-99	-99
21.08.1995	-99	-99	-99	-99
22.08.1995	-99	-99	-99	-99
23.08.1995	-99	-99	-99	-99
24.08.1995	-99	-99	-99	-99
25.08.1995	-99	-99	-99	-99
26.08.1995	-99	-99	-99	-99
27.08.1995	-99	-99	-99	-99
28.08.1995	-99	-99	-99	-99
29.08.1995	-99	-99	-99	-99
30.08.1995	-99	-99	-99	-99
31.08.1995	-99	-99	-99	-99
01.09.1995	-99	-99	-99	-99
02.09.1995	-99	-99	-99	-99
03.09.1995	-99	-99	-99	-99
04.09.1995	-99	-99	-99	-99
05.09.1995	-99	-99	-99	-99
06.09.1995	-99	-99	-99	-99
07.09.1995	-99	-99	-99	-99
08.09.1995	-99	-99	-99	-99
09.09.1995	-99	-99	-99	-99
10.09.1995	-99	-99	-99	-99
11.09.1995	-99	-99	-99	-99
12.09.1995	-99	-99	-99	-99
13.09.1995	-99	-99	-99	-99
14.09.1995	-99	-99	-99	-99
15.09.1995	-99	-99	-99	-99
16.09.1995	-99	-99	-99	-99
17.09.1995	-99	-99	-99	-99
18.09.1995	-99	-99	-99	-99
19.09.1995	-99	-99	-99	-99
20.09.1995	-99	-99	-99	-99
21.09.1995	-99	-99	-99	-99
22.09.1995	-99	-99	-99	-99
23.09.1995	-99	-99	-99	-99
24.09.1995	-99	-99	-99	-99
25.09.1995	-99	-99	-99	-99
26.09.1995	-99	-99	-99	-99
27.09.1995	-99	-99	-99	-99
28.09.1995	-99	-99	-99	-99
29.09.1995	-99	-99	-99	-99
30.09.1995	-99	-99	-99	-99
01.10.1995	-99	-99	-99	-99
02.10.1995	-99	-99	-99	-99
03.10.1995	-99	-99	-99	-99
04.10.1995	-99	-99	-99	-99
05.10.1995	-99	-99	-99	-99
06.10.1995	-99	-99	-99	-99
07.10.1995	-99	-99	-99	-99
08.10.1995	-99	-99	-99	-99
09.10.1995	-99	-99	-99	-99
10.10.1995	-99	-99	-99	-99
11.10.1995	-99	-99	-99	-99
12.10.1995	-99	-99	-99	-99
13.10.1995	-99	-99	-99	-99
14.10.1995	-99	-99	-99	-99
15.10.1995	-99	-99	-99	-99
16.10.1995	-99	-99	-99	-99
17.10.1995	-99	-99	-99	-99
18.10.1995	-99	-99	-99	-99
19.10.1995	-99	-99	-99	-99
20.10.1995	-99	-99	-99	-99
21.10.1995	-99	-99	-99	-99
22.10.1995	-99	-99	-99	-99
23.10.1995	-99	-99	-99	-99
24.10.1995	-99	-99	-99	-99
25.10.1995	-99	-99	-99	-99
26.10.1995	-99	-99	-99	-99
27.10.1995	-99	-99	-99	-99
28.10.1995	-99	-99	-99	-99
29.10.1995	-99	-99	-99	-99
30.10.1995	-99	-99	-99	-99
31.10.1995	-99	-99	-99	-99
01.11.1995	-99	-99	-99	-99
02.11.1995	-99	-99	-99	-99
03.11.1995	-99	-99	-99	-99
04.11.1995	-99	-99	-99	-99
05.11.1995	-99	-99	-99	-99
06.11.1995	-99	-99	-99	-99
07.11.1995	-99	-99	-99	-99
08.11.1995	-99	-99	-99	-99
09.11.1995	-99	-99	-99	-99
10.11.1995	-99	-99	-99	-99
11.11.1995	-99	-99	-99	-99
12.11.1995	-99	-99	-99	-99
13.11.1995	-99	-99	-99	-99
14.11.1995	-99	-99	-99	-99
15.11.1995	-99	-99	-99	-99
16.11.1995	-99	-99	-99	-99
17.11.1995	-99	-99	-99	-99
18.11.1995	-99	-99	-99	-99
19.11.1995	-99	-99	-99	-99
20.11.1995	-99	-99	-99	-99
21.11.1995	-99	-99	-99	-99
22.11.1995	-99	-99	-99	-99
23.11.1995	-99	-99	-99	-99
24.11.1995	-99	-99	-99	-99
25.11.1995	-99	-99	-99	-99
26.11.1995	-99	-99	-99	-99
27.11.1995	-99	-99	-99	-99
28.11.1995	-99	-99	-99	-99
29.11.1995	-99	-99	-99	-99
30.11.1995	-99	-99	-99	-99
01.12.1995	-99	-99	-99	-99
02.12.1995	-99	-99	-99	-99
03.12.1995	-99	-99	-99	-99
04.12.1995	-99	-99	-99	-99
05.12.1995	-99	-99	-99	-99
06.12.1995	-99	-99	-99	-99
07.12.1995	-99	-99	-99	-99
08.12.1995	-99	-99	-99	-99
09.12.1995	-99	-99	-99	-99
10.12.1995	-99	-99	-99	-99
11.12.1995	-99	-99	-99	-99
12.12.1995	-99	-99	-99	-99
13.12.1995	-99	-99	-99	-99
14.12.1995	-99	-99	-99	-99
15.12.1995	-99	-99	-99	-99
16.12.1995	-99	-99	-99	-99
17.12.1995	-99	-99	-99	-99
18.12.1995	-99	-99	-99	-99
19.12.1995	-99	-99	-99	-99
20.12.1995	-99	-99	-99	-99
21.12.1995	-99	-99	-99	-99
22.12.1995	-99	-99	-99	-99
23.12.1995	-99	-99	-99	-99
24.12.1995	-99	-99	-99	-99
25.12.1995	-99	-99	-99	-99
26.12.1995	-99	-99	-99	-99
27.12.1995	-99	-99	-99	-99
28.12.1995	-99	-99	-99	-99
29.12.1995	-99	-99	-99	-99
30.12.1995	-99	-99	-99	-99
31.12.1995	-99	-99	-99	-99
01.01.1996	-99	-99	-99	-99
02.01.1996	-99	-99	-99	-99
03.01.1996	-99	-99	-99	-99
04.01.1996	-99	-99	-99	-99
05.01.1996	-99	-99	-99	-99
06.01.1996	-99	-99	-99	-99
07.01.1996	-99	-99	-99	-99
08.01.1996	-99	-99	-99	-99
09.01.1996	-99	-99	-99	-99
10.01.1996	-99	-99	-99	-99
11.01.1996	-99	-99	-99	-99
12.01.1996	-99	-99	-99	-99
13.01.1996	-99	-99	-99	-99
14.01.1996	-99	-99	-99	-99
15.01.1996	-99	-99	-99	-99
16.01.1996	-99	-99	-99	-99
17.01.1996	-99	-99	-99	-99
18.01.1996	-99	-99	-99	-99
19.01.1996	-99	-99	-99	-99
20.01.1996	-99	-99	-99	-99
21.01.1996	-99	-99	-99	-99
22.01.1996	-99	-99	-99	-99
23.01.1996	-99	-99	-99	-99
24.01.1996	-99	-99	-99	-99
25.01.1996	-99	-99	-99	-99
26.01.1996	-99	-99	-99	-99
27.01.1996	-99	-99	-99	-99
28.01.1996	-99	-99	-99	-99
29.01.1996	-99	-99	-99	-99
30.01.1996	-99	-99	-99	-99
31.01.1996	-99	-99	-99	-99
01.02.1996	-99	-99	-99	-99
02.02.1996	-99	-99	-99	-99
03.02.1996	-99	-99	-99	-99
04.02.1996	-99	-99	-99	-99
05.02.1996	-99	-99	-99	-99
06.02.1996	-99	-99	-99	-99
07.02.1996	-99	-99	-99	-99
08.02.1996	-99	-99	-99	-99
09.02.1996	-99	-99	-99	-99
10.02.1996	-99	-99	-99	-99
11.02.1996	-99	-99	-99	-99
12.02.1996	-99	-99	-99	-99
13.02.1996	-99	-99	-99	-99
14.02.1996	-99	-99	-99	-99
15.02.1996	-99	-99	-99	-99
16.02.1996	-99	-99	-99	-99
17.02.1996	-99	-99	-99	-99
18.02.1996	-99	-99	-99	-99
19.02.1996	-99	-99	-99	-99
20.02.1996	-99	-99	-99	-99
21.02.1996	-99	-99	-99	-99
22.02.1996	-99	-99	-99	-99
23.02.1996	-99	-99	-99	-99
24.02.1996	-99	-99	-99	-99
25.02.1996	-99	-99	-99	-99
26.02.1996	-99	-99	-99	-99
27.02.1996	-99	-99	-99	-99
28.02.1996	-99	-99	-99	-99
29.02.1996	-99	-99	-99	-99
01.03.1996	-99	-99	-99	-99
02.03.1996	-99	-99	-99	-99
03.03.1996	-99	-99	-99	-99
04.03.1996	-99	-99	-99	-99
05.03.1996	-99	-99	-99	-99
06.03.1996	-99	-99	-99	-99
07.03.1996	-99	-99	-99	-99
08.03.1996	-99	-99	-99	-99
09.03.1996	-99	-99	-99	-99
10.03.1996	-99	-99	-99	-99
11.03.1996	-99	-99	-99	-99
12.03.1996	-99	-99	-99	-99
13.03.1996	-99	-99	-99	-99
14.03.1996	-99	-99	-99	-99
15.03.1996	-99	-99	-99	-99
16.03.1996	-99	-99	-99	-99
17.03.1996	-99	-99	-99	-99
18.03.1996	-99	-99	-99	-99
19.03.1996	-99	-99	-99	-99
20.03.1996	-99	-99	-99	-99
21.03.1996	-99	-99	-99	-99
22.03.1996	-99	-99	-99	-99
23.03.1996	-99	-99	-99	-99
24.03.1996	-99	-99	-99	-99
25.03.1996	-99	-99	-99	-99
26.03.1996	-99	-99	-99	-99
27.03.1996	-99	-99	-99	-99
28.03.1996	-99	-99	-99	-99
29.03.1996	-99	-99	-99	-99
30.03.1996	-99	-99	-99	-99
31.03.1996	-99	-99	-99	-99
01.04.1996	-99	-99	-99	-99
02.04.1996	-99	-99	-99	-99
03.04.1996	-99	-99	-99	-99
04.04.1996	-99	-99	-99	-99
05.04.1996	-99	-99	-99	-99
06.04.1996	-99	-99	-99	-99
07.04.1996	-99	-99	-99	-99
08.04.1996	-99	-99	-99	-99
09.04.1996	-99	-99	-99	-99
10.04.1996	-99	-99	-99	-99
11.04.1996	-99	-99	-99	-99
12.04.1996	-99	-99	-99	-99
13.04.1996	-99	-99	-99	-99
14.04.1996	-99	-99	-99	-99
15.04.1996	-99	-99	-99	-99
16.04.1996	-99	-99	-99	-99
17.04.1996	-99	-99	-99	-99
18.04.1996	-99	-99	-99	-99
19.04.1996	-99	-99	-99	-99
20.04.1996	-99	-99	-99	-99
21.04.1996	-99	-99	-99	-99
22.04.1996	-99	-99	-99	-99
23.04.1996	-99	-99	-99	-99
24.04.1996	-99	-99	-99	-99
25.04.1996	-99	-99	-99	-99
26.04.1996	-99	-99	-99	-99
27.04.1996	-99	-99	-99	-99
28.04.1996	-99	-99	-99	-99
29.04.1996	-99	-99	-99	-99
30.04.1996	-99	-99	-99	-99
01.05.1996	-99	-99	-99	-99
02.05.1996	-99	-99	-99	-99
03.05.1996	-99	-99	-99	-99
04.05.1996	-99	-99	-99	-99
05.05.1996	-99	-99	-99	-99
06.05.1996	-99	-99	-99	-99
07.05.1996	-99	-99	-99	-99
08.05.1996	-99	-99	-99	-99
09.05.1996	-99	-99	-99	-99
10.05.1996	-99	-99	-99	-99
11.05.1996	-99	-99	-99	-99
12.05.1996	-99	-99	-99	-99
13.05.1996	-99	-99	-99	-99
14.05.1996	-99	-99	-99	-99
15.05.1996	-99	-99	-99	-99
16.05.1996	-99	-99	-99	-99
17.05.1996	-99	-99	-99	-99
18.05.1996	-99	-99	-99	-99
19.05.1996	-99	-99	-99	-99
20.05.1996	-99	-99	-99	-99
21.05.1996	-99	-99	-99	-99
22.05.1996	-99	-99	-99	-99
23.05.1996	-99	-99	-99	-99
24.05.1996	-99	-99	-99	-99
25.05.1996	-99	-99	-99	-99
26.05.1996	-99	-99	-99	-99
27.05.1996	-99	-99	-99	-99
28.05.1996	-99	-99	-99	-99
29.05.1996	-99	-99	-99	-99
30.05.1996	-99	-99	-99	-99
31.05.1996	-99	-99	-99	-99
01.06.1996	-99	-99	-99	-99
02.06.1996	-99	-99	-99	-99
03.06.1996	-99	-99	-99	-99
04.06.1996	-99	-99	-99	-99
05.06.1996	-99	-99	-99	-99
06.06.1996	-99	-99	-99	-99
07.06.1996	-99	-99	-99	-99
08.06.1996	-99	-99	-99	-99
09.06.1996	-99	-99	-99	-99
10.06.1996	-99	-99	-99	-99
11.06.1996	-99	-99	-99	-99
12.06.1996	-99	-99	-99	-99
13.06.1996	-99	-99	-99	-99
14.06.1996	-99	-99	-99	-99
15.06.1996	-99	-99	-99	-99
16.06.1996	-99	-99	-99	-99
17.06.1996	-99	-99	-99	-99
18.06.1996	-99	-99	-99	-99
19.06.1996	-99	-99	-99	-99
20.06.1996	-99	-99	-99	-99
21.06.1996	-99	-99	-99	-99
22.06.1996	-99	-99	-99	-99
23.06.1996	-99	-99	-99	-99
24.06.1996	-99	-99	-99	-99
25.06.1996	-99	-99	-99	-99
26.06.1996	-99	-99	-99	-99
27.06.1996	-99	-99	-99	-99
28.06.1996	-99	-99	-99	-99
29.06.1996	-99	-99	-99	-99
30.06.1996	-99	-99	-99	-99
01.07.1996	-99	-99	-99	-99
02.07.1996	-99	-99	-99	-99
03.07.1996	-99	-99	-99	-99
04.07.1996	-99	-99	-99	-99
05.07.1996	-99	-99	-99	-99
06.07.1996	-99	-99	-99	-99
07.07.1996	-99	-99	-99	-99
08.07.1996	-99	-99	-99	-99
09.07.1996	-99	-99	-99	-99
10.07.1996	-99	-99	-99	-99
11.07.1996	-99	-99	-99	-99
12.07.1996	-99	-99	-99	-99
13.07.1996	-99	-99	-99	-99
14.07.1996	-99	-99	-99	-99
15.07.1996	-99	-99	-99	-99
16.07.1996	-99	-99	-99	-99
17.07.1996	-99	-99	-99	-99
18.07.1996	-99	-99	-99	-99
19.07.1996	-99	-99	-99	-99
20.07.1996	-99	-99	-99	-99
21.07.1996	-99	-99	-99	-99
22.07.1996	-99	-99	-99	-99
23.07.1996	-99	-99	-99	-99
24.07.1996	-99	-99	-99	-99
25.07.1996	-99	-99	-99	-99
26.07.1996	-99	-99	-99	-99
27.07.1996	-99	-99	-99	-99
28.07.1996	-99	-99	-99	-99
29.07.1996	-99	-99	-99	-99
30.07.1996	-99	-99	-99	-99
31.07.1996	-99	-99	-99	-99
01.08.1996	-99	-99	-99	-99
02.08.1996	-99	-99	-99	-99
03.08.1996	-99	-99	-99	-99
04.08.1996	-99	-99	-99	-99
05.08.1996	-99	-99	-99	-99
06.08.1996	-99	-99	-99	-99
07.08.1996	-99	-99	-99	-99
08.08.1996	-99	-99	-99	-99
09.08.1996	-99	-99	-99	-99
10.08.1996	-99	-99	-99	-99
11.08.1996	-99	-99	-99	-99
12.08.1996	-99	-99	-99	-99
13.08.1996	-99	-99	-99	-99
14.08.1996	-99	-99	-99	-99
15.08.1996	-99	-99	-99	-99
16.08.1996	-99	-99	-99	-99
17.08.1996	-99	-99	-99	-99
18.08.1996	-99	-99	-99	-99
19.08.1996	-99	-99	-99	-99
20.08.1996	-99	-99	-99	-99
21.08.1996	-99	-99	-99	-99
22.08.1996	-99	-99	-99	-99
23.08.1996	-99	-99	-99	-99
24.08.1996	-99	-99	-99	-99
25.08.1996	-99	-99	-99	-99
26.08.1996	-99	-99	-99	-99
27.08.1996	-99	-99	-99	-99
28.08.1996	-99	-99	-99	-99
29.08.1996	-99	-99	-99	-99
30.08.1996	-99	-99	-99	-99
31.08.1996	-99	-99	-99	-99
01.09.1996	-99	-99	-99	-99
02.09.1996	-99	-99	-99	-99
03.09.1996	-99	-99	-99	-99
04.09.1996	-99	-99	-99	-99
05.09.1996	-99	-99	-99	-99
06.09.1996	-99	-99	-99	-99
07.09.1996	-99	-99	-99	-99
08.09.1996	-99	-99	-99	-99
09.09.1996	-99	-99	-99	-99
10.09.1996	-99	-99	-99	-99
11.09.1996	-99	-99	-99	-99
12.09.1996	-99	-99	-99	-99
13.09.1996	-99	-99	-99	-99
14.09.1996	-99	-99	-99	-99
15.09.1996	-99	-99	-99	-99
16.09.1996	-99	-99	-99	-99
17.09.1996	-99	-99	-99	-99
18.09.1996	-99	-99	-99	-99
19.09.1996	-99	-99	-99	-99
20.09.1996	-99	-99	-99	-99
21.09.1996	-99	-99	-99	-99
22.09.1996	-99	-99	-99	-99
23.09.1996	-99	-99	-99	-99
24.09.1996	-99	-99	-99	-99
25.09.1996	-99	-99	-99	-99
26.09.1996	-99	-99	-99	-99
27.09.1996	-99	-99	-99	-99
28.09.1996	-99	-99	-99	-99
29.09.1996	-99	-99	-99	-99
30.09.1996	-99	-99	-99	-99
01.10.1996	-99	-99	-99	-99
02.10.1996	-99	-99	-99	-99
03.10.1996	-99	-99	-99	-99
04.10.1996	-99	-99	-99	-99
05.10.1996	-99	-99	-99	-99
06.10.1996	-99	-99	-99	-99
07.10.1996	-99	-99	-99	-99
08.10.1996	-99	-99	-99	-99
09.10.1996	-99	-99	-99	-99
10.10.1996	-99	-99	-99	-99
11.10.1996	-99	-99	-99	-99
12.10.1996	-99	-99	-99	-99
13.10.1996	-99	-99	-99	-99
14.10.1996	-99	-99	-99	-99
15.10.1996	-99	-99	-99	-99
16.10.1996	-99	-99	-99	-99
17.10.1996	-99	-99	-99	-99
18.10.1996	-99	-99	-99	-99
19.10.1996	-99	-99	-99	-99
20.10.1996	-99	-99	-99	-99
21.10.1996	-99	-99	-99	-99
22.10.1996	-99	-99	-99	-99
23.10.1996	-99	-99	-99	-99
24.10.1996	-99	-99	-99	-99
25.10.1996	-99	-99	-99	-99
26.10.1996	-99	-99	-99	-99
27.10.1996	-99	-99	-99	-99
28.10.1996	-99	-99	-99	-99
29.10.1996	-99	-99	-99	-99
30.10.1996	-99	-99	-99	-99
31.10.1996	-99	-99	-99	-99
01.11.1996	-99	-99	-99	-99
02.11.1996	-99	-99	-99	-99
03.11.1996	-99	-99	-99	-99
04.11.1996	-99	-99	-99	-99
05.11.1996	-99	-99	-99	-99
06.11.1996	-99	-99	-99	-99
07.11.1996	-99	-99	-99	-99
08.11.1996	-99	-99	-99	-99
09.11.1996	-99	-99	-99	-99
10.11.1996	-99	-99	-99	-99
11.11.1996	-99	-99	-99	-99
12.11.1996	-99	-99	-99	-99
13.11.1996	-99	-99	-99	-99
14.11.1996	-99	-99	-99	-99
15.11.1996	-99	-99	-99	-99
16.11.1996	-99	-99	-99	-99
17.11.1996	-99	-99	-99	-99
18.11.1996	-99	-99	-99	-99
19.11.1996	-99	-99	-99	-99
20.11.1996	-99	-99	-99	-99
21.11.1996	-99	-99	-99	-99
22.11.1996	-99	-99	-99	-99
23.11.1996	-99	-99	-99	-99
24.11.1996	-99	-99	-99	-99
25.11.1996	-99	-99	-99	-99
26.11.1996	-99	-99	-99	-99
27.11.1996	-99	-99	-99	-99
28.11.1996	-99	-99	-99	-99
29.11.1996	-99	-99	-99	-99
30.11.1996	-99	-99	-99	-99
01.12.1996	-99	-99	-99	-99
02.12.1996	-99	-99	-99	-99
03.12.1996	-99	-99	-99	-99
04.12.1996	-99	-99	-99	-99
05.12.1996	-99	-99	-99	-99
06.12.1996	-99	-99	-99	-99
07.12.1996	-99	-99	-99	-99
08.12.1996	-99	-99	-99	-99
09.12.1996	-99	-99	-99	-99
10.12.1996	-99	-99	-99	-99
11.12.1996	-99	-99	-99	-99
12.12.1996	-99	-99	-99	-99
13.12.1996	-99	-99	-99	-99
14.12.1996	-99	-99	-99	-99
15.12.1996	-99	-99	-99	-99
16.12.1996	-99	-99	-99	-99
17.12.1996	-99	-99	-99	-99
18.12.1996	-99	-99	-99	-99
19.12.1996	-99	-99	-99	-99
20.12.1996	-99	-99	-99	-99
21.12.1996	-99	-99	-99	-99
22.12.1996	-99	-99	-99	-99
23.12.1996	-99	-99	-99	-99
24.12.1996	-99	-99	-99	-99
25.12.1996	-99	-99	-99	-99
26.12.1996	-99	-99	-99	-99
27.12.1996	-99	-99	-99	-99
28.12.1996	-99	-99	-99	-99
29.12.1996	-99	-99	-99	-99
30.12.1996	-99	-99	-99	-99
31.12.1996	-99	-99	-99	-99
01.01.1997	-99	-99	-99	-99
02.01.1997	-99	-99	-99	-99
03.01.1997	-99	-99	-99	-99
04.01.1997	-99	-99	-99	-99
05.01.1997	-99	-99	-99	-99
06.01.1997	-99	-99	-99	-99
07.01.1997	-99	-99	-99	-99
08.01.1997	-99	-99	-99	-99
09.01.1997	-99	-99	-99	-99
10.01.1997	-99	-99	-99	-99
11.01.1997	-99	-99	-99	-99
12.01.1997	-99	-99	-99	-99
13.01.1997	-99	-99	-99	-99
14.01.1997	-99	-99	-99	-99
15.01.1997	-99	-99	-99	-99
16.01.1997	-99	-99	-99	-99
17.01.1997	-99	-99	-99	-99
18.01.1997	-99	-99	-99	-99
19.01.1997	-99	-99	-99	-99
20.01.1997	-99	-99	-99	-99
21.01.1997	-99	-99	-99	-99
22.01.1997	-99	-99	-99	-99
23.01.1997	-99	-99	-99	-99
24.01.1997	-99	-99	-99	-99
25.01.1997	-99	-99	-99	-99
26.01.1997	-99	-99	-99	-99
27.01.1997	-99	-99	-99	-99
28.01.1997	-99	-99	-99	-99
29.01.1997	-99	-99	-99	-99
30.01.1997	-99	-99	-99	-99
31.01.1997	-99	-99	-99	-99
01.02.1997	-99	-99	-99	-99
02.02.1997	-99	-99	-99	-99
03.02.1997	-99	-99	-99	-99
04.02.1997	-99	-99	-99	-99
05.02.1997	-99	-99	-99	-99
06.02.1997	-99	-99	-99	-99
07.02.1997	-99	-99	-99	-99
08.02.1997	-99	-99	-99	-99
09.02.1997	-99	-99	-99	-99
10.02.1997	-99	-99	-99	-99
11.02.1997	-99	-99	-99	-99
12.02.1997	-99	-99	-99	-99
13.02.1997	-99	-99	-99	-99
14.02.1997	-99	-99	-99	-99
15.02.1997	-99	-99	-99	-99
16.02.1997	-99	-99	-99	-99
17.02.1997	-99	-99	-99	-99
18.02.1997	-99	-99	-99	-99
19.02.1997	-99	-99	-99	-99
20.02.1997	-99	-99	-99	-99
21.02.1997	-99	-99	-99	-99
22.02.1997	-99	-99	-99	-99
23.02.1997	-99	-99	-99	-99
24.02.1997	-99	-99	-99	-99
25.02.1997	-99	-99	-99	-99
26.02.1997	-99	-99	-99	-99
27.02.1997	-99	-99	-99	-99
28.02.1997	-99	-99	-99	-99
01.03.1997	-99	-99	-99	-99
02.03.1997	-99	-99	-99	-99
03.03.1997	-99	-99	-99	-99
04.03.1997	-99	-99	-99	-99
05.03.1997	-99	-99	-99	-99
06.03.1997	-99	-99	-99	-99
07.03.1997	-99	-99	-99	-99
08.03.1997	-99	-99	-99	-99
09.03.1997	-99	-99	-99	-99
10.03.1997	-99	-99	-99	-99
11.03.1997	-99	-99	-99	-99
12.03.1997	-99	-99	-99	-99
13.03.1997	-99	-99	-99	-99
14.03.1997	-99	-99	-99	-99
15.03.1997	-99	-99	-99	-99
16.03.1997	-99	-99	-99	-99
17.03.1997	-99	-99	-99	-99
18.03.1997	-99	-99	-99	-99
19.03.1997	-99	-99	-99	-99
20.03.1997	-99	-99	-99	-99
21.03.1997	-99	-99	-99	-99
22.03.1997	-99	-99	-99	-99
23.03.1997	-99	-99	-99	-99
24.03.1997	-99	-99	-99	-99
25.03.1997	-99	-99	-99	-99
26.03.1997	-99	-99	-99	-99
27.03.1997	-99	-99	-99	-99
28.03.1997	-99	-99	-99	-99
29.03.1997	-99	-99	-99	-99
30.03.1997	-99	-99	-99	-99
31.03.1997	-99	-99	-99	-99
01.04.1997	-99	-99	-99	-99
02.04.1997	-99	-99	-99	-99
03.04.1997	-99	-99	-99	-99
04.04.1997	-99	-99	-99	-99
05.04.1997	-99	-99	-99	-99
06.04.1997	-99	-99	-99	-99
07.04.1997	-99	-99	-99	-99
08.04.1997	-99	-99	-99	-99
09.04.1997	-99	-99	-99	-99
10.04.1997	-99	-99	-99	-99
11.04.1997	-99	-99	-99	-99
12.04.1997	-99	-99	-99	-99
13.04.1997	-99	-99	-99	-99
14.04.1997	-99	-99	-99	-99
15.04.1997	-99	-99	-99	-99
16.04.1997	-99	-99	-99	-99
17.04.1997	-99	-99	-99	-99
18.04.1997	-99	-99	-99	-99
19.04.1997	-99	-99	-99	-99
20.04.1997	-99	-99	-99	-99
21.04.1997	-99	-99	-99	-99
22.04.1997	-99	-99	-99	-99
23.04.1997	-99	-99	-99	-99
24.04.1997	-99	-99	-99	-99
25.04.1997	-99	-99	-99	-99
26.04.1997	-99	-99	-99	-99
27.04.1997	-99	-99	-99	-99
28.04.1997	-99	-99	-99	-99
29.04.1997	-99	-99	-99	-99
30.04.1997	-99	-99	-99	-99
01.05.1997	-99	-99	-99	-99
02.05.1997	-99	-99	-99	-99
03.05.1997	-99	-99	-99	-99
04.05.1997	-99	-99	-99	-99
05.05.1997	-99	-99	-99	-99
06.05.1997	-99	-99	-99	-99
07.05.1997	-99	-99	-99	-99
08.05.1997	-99	-99	-99	-99
09.05.1997	-99	-99	-99	-99
10.05.1997	-99	-99	-99	-99
11.05.1997	-99	-99	-99	-99
12.05.1997	-99	-99	-99	-99
13.05.1997	-99	-99	-99	-99
14.05.1997	-99	-99	-99	-99
15.05.1997	-99	-99	-99	-99
16.05.1997	-99	-99	-99	-99
17.05.1997	-99	-99	-99	-99
18.05.1997	-99	-99	-99	-99
19.05.1997	-99	-99	-99	-99
20.05.1997	-99	-99	-99	-99
21.05.1997	-99	-99	-99	-99
22.05.1997	-99	-99	-99	-99
23.05.1997	-99	-99	-99	-99
24.05.1997	-99	-99	-99	-99
25.05.1997	-99	-99	-99	-99
26.05.1997	-99	-99	-99	-99
27.05.1997	-99	-99	-99	-99
28.05.1997	-99	-99	-99	-99
29.05.1997	-99	-99	-99	-99
30.05.1997	-99	-99	-99	-99
31.05.1997	-99	-99	-99	-99
01.06.1997	-99	-99	-99	-99
02.06.1997	-99	-99	-99	-99
03.06.1997	-99	-99	-99	-99
04.06.1997	-99	-99	-99	-99
05.06.1997	-99	-99	-99	-99
06.06.1997	-99	-99	-99	-99
07.06.1997	-99	-99	-99	-99
08.06.1997	-99	-99	-99	-99
09.06.1997	-99	-99	-99	-99
10.06.1997	-99	-99	-99	-99
11.06.1997	-99	-99	-99	-99
12.06.1997	-99	-99	-99	-99
13.06.1997	-99	-99	-99	-99
14.06.1997	-99	-99	-99	-99
15.06.1997	-99	-99	-99	-99
16.06.1997	-99	-99	-99	-99
17.06.1997	-99	-99	-99	-99
18.06.1997	-99	-99	-99	-99
19.06.1997	-99	-99	-99	-99
20.06.1997	-99	-99	-99	-99
21.06.1997	-99	-99	-99	-99
22.06.1997	-99	-99	-99	-99
23.06.1997	-99	-99	-99	-99
24.06.1997	-99	-99	-99	-99
25.06.1997	-99	-99	-99	-99
26.06.1997	-99	-99	-99	-99
27.06.1997	-99	-99	-99	-99
28.06.1997	-99	-99	-99	-99
29.06.1997	-99	-99	-99	-99
30.06.1997	-99	-99	-99	-99
01.07.1997	-99	-99	-99	-99
02.07.1997	-99	-99	-99	-99
03.07.1997	-99	-99	-99	-99
04.07.1997	-99	-99	-99	-99
05.07.1997	-99	-99	-99	-99
06.07.1997	-99	-99	-99	-99
07.07.1997	-99	-99	-99	-99
08.07.1997	-99	-99	-99	-99
09.07.1997	-99	-99	-99	-99
10.07.1997	-99	-99	-99	-99
11.07.1997	-99	-99	-99	-99
12.07.1997	-99	-99	-99	-99
13.07.1997	-99	-99	-99	-99
14.07.1997	-99	-99	-99	-99
15.07.1997	-99	-99	-99	-99
16.07.1997	-99	-99	-99	-99
17.07.1997	-99	-99	-99	-99
18.07.1997	-99	-99	-99	-99
19.07.1997	-99	-99	-99	-99
20.07.1997	-99	-99	-99	-99
21.07.1997	-99	-99	-99	-99
22.07.1997	-99	-99	-99	-99
23.07.1997	-99	-99	-99	-99
24.07.1997	-99	-99	-99	-99
25.07.1997	-99	-99	-99	-99
26.07.1997	-99	-99	-99	-99
27.07.1997	-99	-99	-99	-99
28.07.1997	-99	-99	-99	-99
29.07.1997	-99	-99	-99	-99
30.07.1997	-99	-99	-99	-99
31.07.1997	-99	-99	-99	-99
01.08.1997	-99	-99	-99	-99
02.08.1997	-99	-99	-99	-99
03.08.1997	-99	-99	-99	-99
04.08.1997	-99	-99	-99	-99
05.08.1997	-99	-99	-99	-99
06.08.1997	-99	-99	-99	-99
07.08.1997	-99	-99	-99	-99
08.08.1997	-99	-99	-99	-99
09.08.1997	-99	-99	-99	-99
10.08.1997	-99	-99	-99	-99
11.08.1997	-99	-99	-99	-99
12.08.1997	-99	-99	-99	-99
13.08.1997	-99	-99	-99	-99
14.08.1997	-99	-99	-99	-99
15.08.1997	-99	-99	-99	-99
16.08.1997	-99	-99	-99	-99
17.08.1997	-99	-99	-99	-99
18.08.1997	-99	-99	-99	-99
19.08.1997	-99	-99	-99	-99
20.08.1997	-99	-99	-99	-99
21.08.1997	-99	-99	-99	-99
22.08.1997	-99	-99	-99	-99
23.08.1997	-99	-99	-99	-99
24.08.1997	-99	-99	-99	-99
25.08.1997	-99	-99	-99	-99
26.08.1997	-99	-99	-99	-99
27.08.1997	-99	-99	-99	-99
28.08.1997	-99	-99	-99	-99
29.08.1997	-99	-99	-99	-99
30.08.1997	-99	-99	-99	-99
31.08.1997	-99	-99	-99	-99
01.09.1997	-99	-99	-99	-99
02.09.1997	-99	-99	-99	-99
03.09.1997	-99	-99	-99	-99
04.09.1997	-99	-99	-99	-99
05.09.1997	-99	-99	-99	-99
06.09.1997	-99	-99	-99	-99
07.09.1997	-99	-99	-99	-99
08.09.1997	-99	-99	-99	-99
09.09.1997	-99	-99	-99	-99
10.09.1997	-99	-99	-99	-99
11.09.1997	-99	-99	-99	-99
12.09.1997	-99	-99	-99	-99
13.09.1997	-99	-99	-99	-99
14.09.1997	-99	-99	-99	-99
15.09.1997	-99	-99	-99	-99
16.09.1997	-99	-99	-99	-99
17.09.1997	-99	-99	-99	-99
18.09.1997	-99	-99	-99	-99
19.09.1997	-99	-99	-99	-99
20.09.1997	-99	-99	-99	-99
21.09.1997	-99	-99	-99	-99
22.09.1997	-99	-99	-99	-99
23.09.1997	-99	-99	-99	-99
24.09.1997	-99	-99	-99	-99
25.09.1997	-99	-99	-99	-99
26.09.1997	-99	-99	-99	-99
27.09.1997	-99	-99	-99	-99
28.09.1997	-99	-99	-99	-99
29.09.1997	-99	-99	-99	-99
30.09.1997	-99	-99	-99	-99
01.10.1997	-99	-99	-99	-99
02.10.1997	-99	-99	-99	-99
03.10.1997	-99	-99	-99	-99
04.10.1997	-99	-99	-99	-99
05.10.1997	-99	-99	-99	-99
06.10.1997	-99	-99	-99	-99
07.10.1997	-99	-99	-99	-99
08.10.1997	-99	-99	-99	-99
09.10.1997	-99	-99	-99	-99
10.10.1997	-99	-99	-99	-99
11.10.1997	-99	-99	-99	-99
12.10.1997	-99	-99	-99	-99
13.10.1997	-99	-99	-99	-99
14.10.1997	-99	-99	-99	-99
15.10.1997	-99	-99	-99	-99
16.10.1997	-99	-99	-99	-99
17.10.1997	-99	-99	-99	-99
18.10.1997	-99	-99	-99	-99
19.10.1997	-99	-99	-99	-99
20.10.1997	-99	-99	-99	-99
21.10.1997	-99	-99	-99	-99
22.10.1997	-99	-99	-99	-99
23.10.1997	-99	-99	-99	-99
24.10.1997	-99	-99	-99	-99
25.10.1997	-99	-99	-99	-99
26.10.1997	-99	-99	-99	-99
27.10.1997	-99	-99	-99	-99
28.10.1997	-99	-99	-99	-99
29.10.1997	-99	-99	-99	-99
30.10.1997	-99	-99	-99	-99
31.10.1997	-99	-99	-99	-99
01.11.1997	-99	-99	-99	-99
02.11.1997	-99	-99	-99	-99
03.11.1997	-99	-99	-99	-99
04.11.1997	-99	-99	-99	-99
05.11.1997	-99	-99	-99	-99
06.11.1997	-99	-99	-99	-99
07.11.1997	-99	-99	-99	-99
08.11.1997	-99	-99	-99	-99
09.11.1997	-99	-99	-99	-99
10.11.1997	-99	-99	-99	-99
11.11.1997	-99	-99	-99	-99
12.11.1997	-99	-99	-99	-99
13.11.1997	-99	-99	-99	-99
14.11.1997	-99	-99	-99	-99
15.11.1997	-99	-99	-99	-99
16.11.1997	-99	-99	-99	-99
17.11.1997	-99	-99	-99	-99
18.11.1997	-99	-99	-99	-99
19.11.1997	-99	-99	-99	-99
20.11.1997	-99	-99	-99	-99
21.11.1997	-99	-99	-99	-99
22.11.1997	-99	-99	-99	-99
23.11.1997	-99	-99	-99	-99
24.11.1997	-99	-99	-99	-99
25.11.1997	-99	-99	-99	-99
26.11.1997	-99	-99	-99	-99
27.11.1997	-99	-99	-99	-99
28.11.1997	-99	-99	-99	-99
29.11.1997	-99	-99	-99	-99
30.11.1997	-99	-99	-99	-99
01.12.1997	-99	-99	-99	-99
02.12.1997	-99	-99	-99	-99
03.12.1997	-99	-99	-99	-99
04.12.1997	-99	-99	-99	-99
05.12.1997	-99	-99	-99	-99
06.12.1997	-99	-99	-99	-99
07.12.1997	-99	-99	-99	-99
08.12.1997	-99	-99	-99	-99
09.12.1997	-99	-99	-99	-99
10.12.1997	-99	-99	-99	-99
11.12.1997	-99	-99	-99	-99
12.12.1997	-99	-99	-99	-99
13.12.1997	-99	-99	-99	-99
14.12.1997	-99	-99	-99	-99
15.12.1997	-99	-99	-99	-99
16.12.1997	-99	-99	-99	-99
17.12.1997	-99	-99	-99	-99
18.12.1997	-99	-99	-99	-99
19.12.1997	-99	-99	-99	-99
20.12.1997	-99	-99	-99	-99
21.12.1997	-99	-99	-99	-99
22.12.1997	-99	-99	-99	-99
23.12.1997	-99	-99	-99	-99
24.12.1997	-99	-99	-99	-99
25.12.1997	-99	-99	-99	-99
26.12.1997	-99	-99	-99	-99
27.12.1997	-99	-99	-99	-99
28.12.1997	-99	-99	-99	-99
29.12.1997	-99	-99	-99	-99
30.12.1997	-99	-99	-99	-99
31.12.1997	-99	-99	-99	-99
01.01.1998	-99	-99	-99	-99
02.01.1998	-99	-99	-99	-99
03.01.1998	-99	-99	-99	-99
04.01.1998	-99	-99	-99	-99
05.01.1998	-99	-99	-99	-99
06.01.1998	-99	-99	-99	-99
07.01.1998	-99	-99	-99	-99
08.01.1998	-99	-99	-99	-99
09.01.1998	-99	-99	-99	-99
10.01.1998	-99	-99	-99	-99
11.01.1998	-99	-99	-99	-99
12.01.1998	-99	-99	-99	-99
13.01.1998	-99	-99	-99	-99
14.01.1998	-99	-99	-99	-99
15.01.1998	-99	-99	-99	-99
16.01.1998	-99	-99	-99	-99
17.01.1998	-99	-99	-99	-99
18.01.1998	-99	-99	-99	-99
19.01.1998	-99	-99	-99	-99
20.01.1998	-99	-99	-99	-99
21.01.1998	-99	-99	-99	-99
22.01.1998	-99	-99	-99	-99
23.01.1998	-99	-99	-99	-99
24.01.1998	-99	-99	-99	-99
25.01.1998	-99	-99	-99	-99
26.01.1998	-99	-99	-99	-99
27.01.1998	-99	-99	-99	-99
28.01.1998	-99	-99	-99	-99
29.01.1998	-99	-99	-99	-99
30.01.1998	-99	-99	-99	-99
31.01.1998	-99	-99	-99	-99
01.02.1998	-99	-99	-99	-99
02.02.1998	-99	-99	-99	-99
03.02.1998	-99	-99	-99	-99
04.02.1998	-99	-99	-99	-99
05.02.1998	-99	-99	-99	-99
06.02.1998	-99	-99	-99	-99
07.02.1998	-99	-99	-99	-99
08.02.1998	-99	-99	-99	-99
09.02.1998	-99	-99	-99	-99
10.02.1998	-99	-99	-99	-99
11.02.1998	-99	-99	-99	-99
12.02.1998	-99	-99	-99	-99
13.02.1998	-99	-99	-99	-99
14.02.1998	-99	-99	-99	-99
15.02.1998	-99	-99	-99	-99
16.02.1998	-99	-99	-99	-99
17.02.1998	-99	-99	-99	-99
18.02.1998	-99	-99	-99	-99
19.02.1998	-99	-99	-99	-99
20.02.1998	-99	-99	-99	-99
21.02.1998	-99	-99	-99	-99
22.02.1998	-99	-99	-99	-99
23.02.1998	-99	-99	-99	-99
24.02.1998	-99	-99	-99	-99
25.02.1998	-99	-99	-99	-99
26.02.1998	-99	-99	-99	-99
27.02.1998	-99	-99	-99	-99
28.02.1998	-99	-99	-99	-99
01.03.1998	-99	-99	-99	-99
02.03.1998	-99	-99	-99	-99
03.03.1998	-99	-99	-99	-99
04.03.1998	-99	-99	-99	-99
05.03.1998	-99	-99	-99	-99
06.03.1998	-99	-99	-99	-99
07.03.1998	-99	-99	-99	-99
08.03.1998	-99	-99	-99	-99
09.03.1998	-99	-99	-99	-99
10.03.1998	-99	-99	-99	-99
11.03.1998	-99	-99	-99	-99
12.03.1998	-99	-99	-99	-99
13.03.1998	-99	-99	-99	-99
14.03.1998	-99	-99	-99	-99
15.03.1998	-99	-99	-99	-99
16.03.1998	-99	-99	-99	-99
17.03.1998	-99	-99	-99	-99
18.03.1998	-99	-99	-99	-99
19.03.1998	-99	-99	-99	-99
20.03.1998	-99	-99	-99	-99
21.03.1998	-99	-99	-99	-99
22.03.1998	-99	-99	-99	-99
23.03.1998	-99	-99	-99	-99
24.03.1998	-99	-99	-99	-99
25.03.1998	-99	-99	-99	-99
26.03.1998	-99	-99	-99	-99
27.03.1998	-99	-99	-99	-99
28.03.1998	-99	-99	-99	-99
29.03.1998	-99	-99	-99	-99
30.03.1998	-99	-99	-99	-99
31.03.1998	-99	-99	-99	-99
01.04.1998	-99	-99	-99	-99
02.04.1998	-99	-99	-99	-99
03.04.1998	-99	-99	-99	-99
04.04.1998	-99	-99	-99	-99
05.04.1998	-99	-99	-99	-99
06.04.1998	-99	-99	-99	-99
07.04.1998	-99	-99	-99	-99
08.04.1998	-99	-99	-99	-99
09.04.1998	-99	-99	-99	-99
10.04.1998	-99	-99	-99	-99
11.04.1998	-99	-99	-99	-99
12.04.1998	-99	-99	-99	-99
13.04.1998	-99	-99	-99	-99
14.04.1998	-99	-99	-99	-99
15.04.1998	-99	-99	-99	-99
16.04.1998	-99	-99	-99	-99
17.04.1998	-99	-99	-99	-99
18.04.1998	-99	-99	-99	-99
19.04.1998	-99	-99	-99	-99
20.04.1998	-99	-99	-99	-99
21.04.1998	-99	-99	-99	-99
22.04.1998	-99	-99	-99	-99
23.04.1998	-99	-99	-99	-99
24.04.1998	-99	-99	-99	-99
25.04.1998	-99	-99	-99	-99
26.04.1998	-99	-99	-99	-99
27.04.1998	-99	-99	-99	-99
28.04.1998	-99	-99	-99	-99
29.04.1998	-99	-99	-99	-99
30.04.1998	-99	-99	-99	-99
01.05.1998	-99	-99	-99	-99
02.05.1998	-99	-99	-99	-99
03.05.1998	-99	-99	-99	-99
04.05.1998	-99	-99	-99	-99
05.05.1998	-99	-99	-99	-99
06.05.1998	-99	-99	-99	-99
07.05.1998	-99	-99	-99	-99
08.05.1998	-99	-99	-99	-99
09.05.1998	-99	-99	-99	-99
10.05.1998	-99	-99	-99	-99
11.05.1998	-99	-99	-99	-99
12.05.1998	-99	-99	-99	-99
13.05.1998	-99	-99	-99	-99
14.05.1998	-99	-99	-99	-99
15.05.1998	-99	-99	-99	-99
16.05.1998	-99	-99	-99	-99
17.05.1998	-99	-99	-99	-99
18.05.1998	-99	-99	-99	-99
19.05.1998	-99	-99	-99	-99
20.05.1998	-99	-99	-99	-99
21.05.1998	-99	-99	-99	-99
22.05.1998	-99	-99	-99	-99
23.05.1998	-99	-99	-99	-99
24.05.1998	-99	-99	-99	-99
25.05.1998	-99	-99	-99	-99
26.05.1998	-99	-99	-99	-99
27.05.1998	-99	-99	-99	-99
28.05.1998	-99	-99	-99	-99
29.05.1998	-99	-99	-99	-99
30.05.1998	-99	-99	-99	-99
31.05.1998	-99	-99	-99	-99
01.06.1998	-99	-99	-99	-99
02.06.1998	-99	-99	-99	-99
03.06.1998	-99	-99	-99	-99
04.06.1998	-99	-99	-99	-99
05.06.1998	-99	-99	-99	-99
06.06.1998	-99	-99	-99	-99
07.06.1998	-99	-99	-99	-99
08.06.1998	-99	-99	-99	-99
09.06.1998	-99	-99	-99	-99
10.06.1998	-99	-99	-99	-99
11.06.1998	-99	-99	-99	-99
12.06.1998	-99	-99	-99	-99
13.06.1998	-99	-99	-99	-99
14.06.1998	-99	-99	-99	-99
15.06.1998	-99	-99	-99	-99
16.06.1998	-99	-99	-99	-99
17.06.1998	-99	-99	-99	-99
18.06.1998	-99	-99	-99	-99
19.06.1998	-99	-99	-99	-99
20.06.1998	-99	-99	-99	-99
21.06.1998	-99	-99	-99	-99
22.06.1998	-99	-99	-99	-99
23.06.1998	-99	-99	-99	-99
24.06.1998	-99	-99	-99	-99
25.06.1998	-99	-99	-99	-99
26.06.1998	-99	-99	-99	-99
27.06.1998	-99	-99	-99	-99
28.06.1998	-99	-99	-99	-99
29.06.1998	-99	-99	-99	-99
30.06.1998	-99	-99	-99	-99
01.07.1998	-99	-99	-99	-99
02.07.1998	-99	-99	-99	-99
03.07.1998	-99	-99	-99	-99
04.07.1998	-99	-99	-99	-99
05.07.1998	-99	-99	-99	-99
06.07.1998	-99	-99	-99	-99
07.07.1998	-99	-99	-99	-99
08.07.1998	-99	-99	-99	-99
09.07.1998	-99	-99	-99	-99
10.07.1998	-99	-99	-99	-99
11.07.1998	-99	-99	-99	-99
12.07.1998	-99	-99	-99	-99
13.07.1998	-99	-99	-99	-99
14.07.1998	-99	-99	-99	-99
15.07.1998	-99	-99	-99	-99
16.07.1998	-99	-99	-99	-99
17.07.1998	-99	-99	-99	-99
18.07.1998	-99	-99	-99	-99
19.07.1998	-99	-99	-99	-99
20.07.1998	-99	-99	-99	-99
21.07.1998	-99	-99	-99	-99
22.07.1998	-99	-99	-99	-99
23.07.1998	-99	-99	-99	-99
24.07.1998	-99	-99	-99	-99
25.07.1998	-99	-99	-99	-99
26.07.1998	-99	-99	-99	-99
27.07.1998	-99	-99	-99	-99
28.07.1998	-99	-99	-99	-99
29.07.1998	-99	-99	-99	-99
30.07.1998	-99	-99	-99	-99
31.07.1998	-99	-99	-99	-99
01.08.1998	-99	-99	-99	-99
02.08.1998	-99	-99	-99	-99
03.08.1998	-99	-99	-99	-99
04.08.1998	-99	-99	-99	-99
05.08.1998	-99	-99	-99	-99
06.08.1998	-99	-99	-99	-99
07.08.1998	-99	-99	-99	-99
08.08.1998	-99	-99	-99	-99
09.08.1998	-99	-99	-99	-99
10.08.1998	-99	-99	-99	-99
11.08.1998	-99	-99	-99	-99
12.08.1998	-99	-99	-99	-99
13.08.1998	-99	-99	-99	-99
14.08.1998	-99	-99	-99	-99
15.08.1998	-99	-99	-99	-99
16.08.1998	-99	-99	-99	-99
17.08.1998	-99	-99	-99	-99
18.08.1998	-99	-99	-99	-99
19.08.1998	-99	-99	-99	-99
20.08.1998	-99	-99	-99	-99
21.08.1998	-99	-99	-99	-99
22.08.1998	-99	-99	-99	-99
23.08.1998	-99	-99	-99	-99
24.08.1998	-99	-99	-99	-99
25.08.1998	-99	-99	-99	-99
26.08.1998	-99	-99	-99	-99
27.08.1998	-99	-99	-99	-99
28.08.1998	-99	-99	-99	-99
29.08.1998	-99	-99	-99	-99
30.08.1998	-99	-99	-99	-99
31.08.1998	-99	-99	-99	-99
01.09.1998	-99	-99	-99	-99
02.09.1998	-99	-99	-99	-99
03.09.1998	-99	-99	-99	-99
04.09.1998	-99	-99	-99	-99
05.09.1998	-99	-99	-99	-99
06.09.1998	-99	-99	-99	-99
07.09.1998	-99	-99	-99	-99
08.09.1998	-99	-99	-99	-99
09.09.1998	-99	-99	-99	-99
10.09.1998	-99	-99	-99	-99
11.09.1998	-99	-99	-99	-99
12.09.1998	-99	-99	-99	-99
13.09.1998	-99	-99	-99	-99
14.09.1998	-99	-99	-99	-99
15.09.1998	-99	-99	-99	-99
16.09.1998	-99	-99	-99	-99
17.09.1998	-99	-99	-99	-99
18.09.1998	-99	-99	-99	-99
19.09.1998	-99	-99	-99	-99
20.09.1998	-99	-99	-99	-99
21.09.1998	-99	-99	-99	-99
22.09.1998	-99	-99	-99	-99
23.09.1998	-99	-99	-99	-99
24.09.1998	-99	-99	-99	-99
25.09.1998	-99	-99	-99	-99
26.09.1998	-99	-99	-99	-99
27.09.1998	-99	-99	-99	-99
28.09.1998	-99	-99	-99	-99
29.09.1998	-99	-99	-99	-99
30.09.1998	-99	-99	-99	-99
01.10.1998	-99	-99	-99	-99
02.10.1998	-99	-99	-99	-99
03.10.1998	-99	-99	-99	-99
04.10.1998	-99	-99	-99	-99
05.10.1998	-99	-99	-99	-99
06.10.1998	-99	-99	-99	-99
07.10.1998	-99	-99	-99	-99
08.10.1998	-99	-99	-99	-99
09.10.1998	-99	-99	-99	-99
10.10.1998	-99	-99	-99	-99
11.10.1998	-99	-99	-99	-99
12.10.1998	-99	-99	-99	-99
13.10.1998	-99	-99	-99	-99
14.10.1998	-99	-99	-99	-99
15.10.1998	-99	-99	-99	-99
16.10.1998	-99	-99	-99	-99
17.10.1998	-99	-99	-99	-99
18.10.1998	-99	-99	-99	-99
19.10.1998	-99	-99	-99	-99
20.10.1998	-99	-99	-99	-99
21.10.1998	-99	-99	-99	-99
22.10.1998	-99	-99	-99	-99
23.10.1998	-99	-99	-99	-99
24.10.1998	-99	-99	-99	-99
25.10.1998	-99	-99	-99	-99
26.10.1998	-99	-99	-99	-99
27.10.1998	-99	-99	-99	-99
28.10.1998	-99	-99	-99	-99
29.10.1998	-99	-99	-99	-99
30.10.1998	-99	-99	-99	-99
31.10.1998	-99	-99	-99	-99
01.11.1998	-99	-99	-99	-99
02.11.1998	-99	-99	-99	-99
03.11.1998	-99	-99	-99	-99
04.11.1998	-99	-99	-99	-99
05.11.1998	-99	-99	-99	-99
06.11.1998	-99	-99	-99	-99
07.11.1998	-99	-99	-99	-99
08.11.1998	-99	-99	-99	-99
09.11.1998	-99	-99	-99	-99
10.11.1998	-99	-99	-99	-99
11.11.1998	-99	-99	-99	-99
12.11.1998	-99	-99	-99	-99
13.11.1998	-99	-99	-99	-99
14.11.1998	-99	-99	-99	-99
15.11.1998	-99	-99	-99	-99
16.11.1998	-99	-99	-99	-99
17.11.1998	-99	-99	-99	-99
18.11.1998	-99	-99	-99	-99
19.11.1998	-99	-99	-99	-99
20.11.1998	-99	-99	-99	-99
21.11.1998	-99	-99	-99	-99
22.11.1998	-99	-99	-99	-99
23.11.1998	-99	-99	-99	-99
24.11.1998	-99	-99	-99	-99
25.11.1998	-99	-99	-99	-99
26.11.1998	-99	-99	-99	-99
27.11.1998	-99	-99	-99	-99
28.11.1998	-99	-99	-99	-99
29.11.1998	-99	-99	-99	-99
30.11.1998	-99	-99	-99	-99
01.12.1998	-99	-99	-99	-99
02.12.1998	-99	-99	-99	-99
03.12.1998	-99	-99	-99	-99
04.12.1998	-99	-99	-99	-99
05.12.1998	-99	-99	-99	-99
06.12.1998	-99	-99	-99	-99
07.12.1998	-99	-99	-99	-99
08.12.1998	-99	-99	-99	-99
09.12.1998	-99	-99	-99	-99
10.12.1998	-99	-99	-99	-99
11.12.1998	-99	-99	-99	-99
12.12.1998	-99	-99	-99	-99
13.12.1998	-99	-99	-99	-99
14.12.1998	-99	-99	-99	-99
15.12.1998	-99	-99	-99	-99
16.12.1998	-99	-99	-99	-99
17.12.1998	-99	-99	-99	-99
18.12.1998	-99	-99	-99	-99
19.12.1998	-99	-99	-99	-99
20.12.1998	-99	-99	-99	-99
21.12.1998	-99	-99	-99	-99
22.12.1998	-99	-99	-99	-99
23.12.1998	-99	-99	-99	-99
24.12.1998	-99	-99	-99	-99
25.12.1998	-99	-99	-99	-99
26.12.1998	-99	-99	-99	-99
27.12.1998	-99	-99	-99	-99
28.12.1998	-99	-99	-99	-99
29.12.1998	-99	-99	-99	-99
30.12.1998	-99	-99	-99	-99
31.12.1998	-99	-99	-99	-99
01.01.1999	-99	-99	-99	-99
02.01.1999	-99	-99	-99	-99
03.01.1999	-99	-99	-99	-99
04.01.1999	-99	-99	-99	-99
05.01.1999	-99	-99	-99	-99
06.01.1999	-99	-99	-99	-99
07.01.1999	-99	-99	-99	-99
08.01.1999	-99	-99	-99	-99
09.01.1999	-99	-99	-99	-99
10.01.1999	-99	-99	-99	-99
11.01.1999	-99	-99	-99	-99
12.01.1999	-99	-99	-99	-99
13.01.1999	-99	-99	-99	-99
14.01.1999	-99	-99	-99	-99
15.01.1999	-99	-99	-99	-99
16.01.1999	-99	-99	-99	-99
17.01.1999	-99	-99	-99	-99
18.01.1999	-99	-99	-99	-99
19.01.1999	-99	-99	-99	-99
20.01.1999	-99	-99	-99	-99
21.01.1999	-99	-99	-99	-99
22.01.1999	-99	-99	-99	-99
23.01.1999	-99	-99	-99	-99
24.01.1999	-99	-99	-99	-99
25.01.1999	-99	-99	-99	-99
26.01.1999	-99	-99	-99	-99
27.01.1999	-99	-99	-99	-99
28.01.1999	-99	-99	-99	-99
29.01.1999	-99	-99	-99	-99
30.01.1999	-99	-99	-99	-99
31.01.1999	-99	-99	-99	-99
01.02.1999	-99	-99	-99	-99
02.02.1999	-99	-99	-99	-99
03.02.1999	-99	-99	-99	-99
04.02.1999	-99	-99	-99	-99
05.02.1999	-99	-99	-99	-99
06.02.1999	-99	-99	-99	-99
07.02.1999	-99	-99	-99	-99
08.02.1999	-99	-99	-99	-99
09.02.1999	-99	-99	-99	-99
10.02.1999	-99	-99	-99	-99
11.02.1999	-99	-99	-99	-99
12.02.1999	-99	-99	-99	-99
13.02.1999	-99	-99	-99	-99
14.02.1999	-99	-99	-99	-99
15.02.1999	-99	-99	-99	-99
16.02.1999	-99	-99	-99	-99
17.02.1999	-99	-99	-99	-99
18.02.1999	-99	-99	-99	-99
19.02.1999	-99	-99	-99	-99
20.02.1999	-99	-99	-99	-99
21.02.1999	-99	-99	-99	-99
22.02.1999	-99	-99	-99	-99
23.02.1999	-99	-99	-99	-99
24.02.1999	-99	-99	-99	-99
25.02.1999	-99	-99	-99	-99
26.02.1999	-99	-99	-99	-99
27.02.1999	-99	-99	-99	-99
28.02.1999	-99	-99	-99	-99
01.03.1999	-99	-99	-99	-99
02.03.1999	-99	-99	-99	-99
03.03.1999	-99	-99	-99	-99
04.03.1999	-99	-99	-99	-99
05.03.1999	-99	-99	-99	-99
06.03.1999	-99	-99	-99	-99
07.03.1999	-99	-99	-99	-99
08.03.1999	-99	-99	-99	-99
09.03.1999	-99	-99	-99	-99
10.03.1999	-99	-99	-99	-99
11.03.1999	-99	-99	-99	-99
12.03.1999	-99	-99	-99	-99
13.03.1999	-99	-99	-99	-99
14.03.1999	-99	-99	-99	-99
15.03.1999	-99	-99	-99	-99
16.03.1999	-99	-99	-99	-99
17.03.1999	-99	-99	-99	-99
18.03.1999	-99	-99	-99	-99
19.03.1999	-99	-99	-99	-99
20.03.1999	-99	-99	-99	-99
21.03.1999	-99	-99	-99	-99
22.03.1999	-99	-99	-99	-99
23.03.1999	-99	-99	-99	-99
24.03.1999	-99	-99	-99	-99
25.03.1999	-99	-99	-99	-99
26.03.1999	-99	-99	-99	-99
27.03.1999	-99	-99	-99	-99
28.03.1999	-99	-99	-99	-99
29.03.1999	-99	-99	-99	-99
30.03.1999	-99	-99	-99	-99
31.03.1999	-99	-99	-99	-99
01.04.1999	-99	-99	-99	-99
02.04.1999	-99	-99	-99	-99
03.04.1999	-99	-99	-99	-99
04.04.1999	-99	-99	-99	-99
05.04.1999	-99	-99	-99	-99
06.04.1999	-99	-99	-99	-99
07.04.1999	-99	-99	-99	-99
08.04.1999	-99	-99	-99	-99
09.04.1999	-99	-99	-99	-99
10.04.1999	-99	-99	-99	-99
11.04.1999	-99	-99	-99	-99
12.04.1999	-99	-99	-99	-99
13.04.1999	-99	-99	-99	-99
14.04.1999	-99	-99	-99	-99
15.04.1999	-99	-99	-99	-99
16.04.1999	-99	-99	-99	-99
17.04.1999	-99	-99	-99	-99
18.04.1999	-99	-99	-99	-99
19.04.1999	-99	-99	-99	-99
20.04.1999	-99	-99	-99	-99
21.04.1999	-99	-99	-99	-99
22.04.1999	-99	-99	-99	-99
23.04.1999	-99	-99	-99	-99
24.04.1999	-99	-99	-99	-99
25.04.1999	-99	-99	-99	-99
26.04.1999	-99	-99	-99	-99
27.04.1999	-99	-99	-99	-99
28.04.1999	-99	-99	-99	-99
29.04.1999	-99	-99	-99	-99
30.04.1999	-99	-99	-99	-99
01.05.1999	-99	-99	-99	-99
02.05.1999	-99	-99	-99	-99
03.05.1999	-99	-99	-99	-99
04.05.1999	-99	-99	-99	-99
05.05.1999	-99	-99	-99	-99
06.05.1999	-99	-99	-99	-99
07.05.1999	-99	-99	-99	-99
08.05.1999	-99	-99	-99	-99
09.05.1999	-99	-99	-99	-99
10.05.1999	-99	-99	-99	-99
11.05.1999	-99	-99	-99	-99
12.05.1999	-99	-99	-99	-99
13.05.1999	-99	-99	-99	-99
14.05.1999	-99	-99	-99	-99
15.05.1999	-99	-99	-99	-99
16.05.1999	-99	-99	-99	-99
17.05.1999	-99	-99	-99	-99
18.05.1999	-99	-99	-99	-99
19.05.1999	-99	-99	-99	-99
20.05.1999	-99	-99	-99	-99
21.05.1999	-99	-99	-99	-99
22.05.1999	-99	-99	-99	-99
23.05.1999	-99	-99	-99	-99
24.05.1999	-99	-99	-99	-99
25.05.1999	-99	-99	-99	-99
26.05.1999	-99	-99	-99	-99
27.05.1999	-99	-99	-99	-99
28.05.1999	-99	-99	-99	-99
29.05.1999	-99	-99	-99	-99
30.05.1999	-99	-99	-99	-99
31.05.1999	-99	-99	-99	-99
01.06.1999	-99	-99	-99	-99
02.06.1999	-99	-99	-99	-99
03.06.1999	-99	-99	-99	-99
04.06.1999	-99	-99	-99	-99
05.06.1999	-99	-99	-99	-99
06.06.1999	-99	-99	-99	-99
07.06.1999	-99	-99	-99	-99
08.06.1999	-99	-99	-99	-99
09.06.1999	-99	-99	-99	-99
10.06.1999	-99	-99	-99	-99
11.06.1999	-99	-99	-99	-99
12.06.1999	-99	-99	-99	-99
13.06.1999	-99	-99	-99	-99
14.06.1999	-99	-99	-99	-99
15.06.1999	-99	-99	-99	-99
16.06.1999	-99	-99	-99	-99
17.06.1999	-99	-99	-99	-99
18.06.1999	-99	-99	-99	-99
19.06.1999	-99	-99	-99	-99
20.06.1999	-99	-99	-99	-99
21.06.1999	-99	-99	-99	-99
22.06.1999	-99	-99	-99	-99
23.06.1999	-99	-99	-99	-99
24.06.1999	-99	-99	-99	-99
25.06.1999	-99	-99	-99	-99
26.06.1999	-99	-99	-99	-99
27.06.1999	-99	-99	-99	-99
28.06.1999	-99	-99	-99	-99
29.06.1999	-99	-99	-99	-99
30.06.1999	-99	-99	-99	-99
01.07.1999	-99	-99	-99	-99
02.07.1999	-99	-99	-99	-99
03.07.1999	-99	-99	-99	-99
04.07.1999	-99	-99	-99	-99
05.07.1999	-99	-99	-99	-99
06.07.1999	-99	-99	-99	-99
07.07.1999	-99	-99	-99	-99
08.07.1999	-99	-99	-99	-99
09.07.1999	-99	-99	-99	-99
10.07.1999	-99	-99	-99	-99
11.07.1999	-99	-99	-99	-99
12.07.1999	-99	-99	-99	-99
13.07.1999	-99	-99	-99	-99
14.07.1999	-99	-99	-99	-99
15.07.1999	-99	-99	-99	-99
16.07.1999	-99	-99	-99	-99
17.07.1999	-99	-99	-99	-99
18.07.1999	-99	-99	-99	-99
19.07.1999	-99	-99	-99	-99
20.07.1999	-99	-99	-99	-99
21.07.1999	-99	-99	-99	-99
22.07.1999	-99	-99	-99	-99
23.07.1999	-99	-99	-99	-99
24.07.1999	-99	-99	-99	-99
25.07.1999	-99	-99	-99	-99
26.07.1999	-99	-99	-99	-99
27.07.1999	-99	-99	-99	-99
28.07.1999	-99	-99	-99	-99
29.07.1999	-99	-99	-99	-99
30.07.1999	-99	-99	-99	-99
31.07.1999	-99	-99	-99	-99
01.08.1999	-99	-99	-99	-99
02.08.1999	-99	-99	-99	-99
03.08.1999	-99	-99	-99	-99
04.08.1999	-99	-99	-99	-99
05.08.1999	-99	-99	-99	-99
06.08.1999	-99	-99	-99	-99
07.08.1999	-99	-99	-99	-99
08.08.1999	-99	-99	-99	-99
09.08.1999	-99	-99	-99	-99
10.08.1999	-99	-99	-99	-99
11.08.1999	-99	-99	-99	-99
12.08.1999	-99	-99	-99	-99
13.08.1999	-99	-99	-99	-99
14.08.1999	-99	-99	-99	-99
15.08.1999	-99	-99	-99	-99
16.08.1999	-99	-99	-99	-99
17.08.1999	-99	-99	-99	-99
18.08.1999	-99	-99	-99	-99
19.08.1999	-99	-99	-99	-99
20.08.1999	-99	-99	-99	-99
21.08.1999	-99	-99	-99	-99
22.08.1999	-99	-99	-99	-99
23.08.1999	-99	-99	-99	-99
24.08.1999	-99	-99	-99	-99
25.08.1999	-99	-99	-99	-99
26.08.1999	-99	-99	-99	-99
27.08.1999	-99	-99	-99	-99
28.08.1999	-99	-99	-99	-99
29.08.1999	-99	-99	-99	-99
30.08.1999	-99	-99	-99	-99
31.08.1999	-99	-99	-99	-99
01.09.1999	-99	-99	-99	-99
02.09.1999	-99	-99	-99	-99
03.09.1999	-99	-99	-99	-99
04.09.1999	-99	-99	-99	-99
05.09.1999	-99	-99	-99	-99
06.09.1999	-99	-99	-99	-99
07.09.1999	-99	-99	-99	-99
08.09.1999	-99	-99	-99	-99
09.09.1999	-99	-99	-99	-99
10.09.1999	-99	-99	-99	-99
11.09.1999	-99	-99	-99	-99
12.09.1999	-99	-99	-99	-99
13.09.1999	-99	-99	-99	-99
14.09.1999	-99	-99	-99	-99
15.09.1999	-99	-99	-99	-99
16.09.1999	-99	-99	-99	-99
17.09.1999	-99	-99	-99	-99
18.09.1999	-99	-99	-99	-99
19.09.1999	-99	-99	-99	-99
20.09.1999	-99	-99	-99	-99
21.09.1999	-99	-99	-99	-99
22.09.1999	-99	-99	-99	-99
23.09.1999	-99	-99	-99	-99
24.09.1999	-99	-99	-99	-99
25.09.1999	-99	-99	-99	-99
26.09.1999	-99	-99	-99	-99
27.09.1999	-99	-99	-99	-99
28.09.1999	-99	-99	-99	-99
29.09.1999	-99	-99	-99	-99
30.09.1999	-99	-99	-99	-99
01.10.1999	-99	-99	-99	-99
02.10.1999	-99	-99	-99	-99
03.10.1999	-99	-99	-99	-99
04.10.1999	-99	-99	-99	-99
05.10.1999	-99	-99	-99	-99
06.10.1999	-99	-99	-99	-99
07.10.1999	-99	-99	-99	-99
08.10.1999	-99	-99	-99	-99
09.10.1999	-99	-99	-99	-99
10.10.1999	-99	-99	-99	-99
11.10.1999	-99	-99	-99	-99
12.10.1999	-99	-99	-99	-99
13.10.1999	-99	-99	-99	-99
14.10.1999	-99	-99	-99	-99
15.10.1999	-99	-99	-99	-99
16.10.1999	-99	-99	-99	-99
17.10.1999	-99	-99	-99	-99
18.10.1999	-99	-99	-99	-99
19.10.1999	-99	-99	-99	-99
20.10.1999	-99	-99	-99	-99
21.10.1999	-99	-99	-99	-99
22.10.1999	-99	-99	-99	-99
23.10.1999	-99	-99	-99	-99
24.10.1999	-99	-99	-99	-99
25.10.1999	-99	-99	-99	-99
26.10.1999	-99	-99	-99	-99
27.10.1999	-99	-99	-99	-99
28.10.1999	-99	-99	-99	-99
29.10.1999	-99	-99	-99	-99
30.10.1999	-99	-99	-99	-99
31.10.1999	-99	-99	-99	-99
01.11.1999	-99	-99	-99	-99
02.11.1999	-99	-99	-99	-99
03.11.1999	-99	-99	-99	-99
04.11.1999	-99	-99	-99	-99
05.11.1999	-99	-99	-99	-99
06.11.1999	-99	-99	-99	-99
07.11.1999	-99	-99	-99	-99
08.11.1999	-99	-99	-99	-99
09.11.1999	-99	-99	-99	-99
10.11.1999	-99	-99	-99	-99
11.11.1999	-99	-99	-99	-99
12.11.1999	-99	-99	-99	-99
13.11.1999	-99	-99	-99	-99
14.11.1999	-99	-99	-99	-99
15.11.1999	-99	-99	-99	-99
16.11.1999	-99	-99	-99	-99
17.11.1999	-99	-99	-99	-99
18.11.1999	-99	-99	-99	-99
19.11.1999	-99	-99	-99	-99
20.11.1999	-99	-99	-99	-99
21.11.1999	-99	-99	-99	-99
22.11.1999	-99	-99	-99	-99
23.11.1999	-99	-99	-99	-99
24.11.1999	-99	-99	-99	-99
25.11.1999	-99	-99	-99	-99
26.11.1999	-99	-99	-99	-99
27.11.1999	-99	-99	-99	-99
28.11.1999	-99	-99	-99	-99
29.11.1999	-99	-99	-99	-99
30.11.1999	-99	-99	-99	-99
01.12.1999	-99	-99	-99	-99
02.12.1999	-99	-99	-99	-99
03.12.1999	-99	-99	-99	-99
04.12.1999	-99	-99	-99	-99
05.12.1999	-99	-99	-99	-99
06.12.1999	-99	-99	-99	-99
07.12.1999	-99	-99	-99	-99
08.12.1999	-99	-99	-99	-99
09.12.1999	-99	-99	-99	-99
10.12.1999	-99	-99	-99	-99
11.12.1999	-99	-99	-99	-99
12.12.1999	-99	-99	-99	-99
13.12.1999	-99	-99	-99	-99
14.12.1999	-99	-99	-99	-99
15.12.1999	-99	-99	-99	-99
16.12.1999	-99	-99	-99	-99
17.12.1999	-99	-99	-99	-99
18.12.1999	-99	-99	-99	-99
19.12.1999	-99	-99	-99	-99
20.12.1999	-99	-99	-99	-99
21.12.1999	-99	-99	-99	-99
22.12.1999	-99	-99	-99	-99
23.12.1999	-99	-99	-99	-99
24.12.1999	-99	-99	-99	-99
25.12.1999	-99	-99	-99	-99
26.12.1999	-99	-99	-99	-99
27.12.1999	-99	-99	-99	-99
28.12.1999	-99	-99	-99	-99
29.12.1999	-99	-99	-99	-99
30.12.1999	-99	-99	-99	-99
31.12.1999	-99	-99	-99	-99
01.01.2000	-99	-99	-99	-99
02.01.2000	-99	-99	-99	-99
03.01.2000	-99	-99	-99	-99
04.01.2000	-99	-99	-99	-99
05.01.2000	-99	-99	-99	-99
06.01.2000	-99	-99	-99	-99
07.01.2000	-99	-99	-99	-99
08.01.2000	-99	-99	-99	-99
09.01.2000	-99	-99	-99	-99
10.01.2000	-99	-99	-99	-99
11.01.2000	-99	-99	-99	-99
12.01.2000	-99	-99	-99	-99
13.01.2000	-99	-99	-99	-99
14.01.2000	-99	-99	-99	-99
15.01.2000	-99	-99	-99	-99
16.01.2000	-99	-99	-99	-99
17.01.2000	-99	-99	-99	-99
18.01.2000	-99	-99	-99	-99
19.01.2000	-99	-99	-99	-99
20.01.2000	-99	-99	-99	-99
21.01.2000	-99	-99	-99	-99
22.01.2000	-99	-99	-99	-99
23.01.2000	-99	-99	-99	-99
24.01.2000	-99	-99	-99	-99
25.01.2000	-99	-99	-99	-99
26.01.2000	-99	-99	-99	-99
27.01.2000	-99	-99	-99	-99
28.01.2000	-99	-99	-99	-99
29.01.2000	-99	-99	-99	-99
30.01.2000	-99	-99	-99	-99
31.01.2000	-99	-99	-99	-99
01.02.2000	-99	-99	-99	-99
02.02.2000	-99	-99	-99	-99
03.02.2000	-99	-99	-99	-99
04.02.2000	-99	-99	-99	-99
05.02.2000	-99	-99	-99	-99
06.02.2000	-99	-99	-99	-99
07.02.2000	-99	-99	-99	-99
08.02.2000	-99	-99	-99	-99
09.02.2000	-99	-99	-99	-99
10.02.2000	-99	-99	-99	-99
11.02.2000	-99	-99	-99	-99
12.02.2000	-99	-99	-99	-99
13.02.2000	-99	-99	-99	-99
14.02.2000	-99	-99	-99	-99
15.02.2000	-99	-99	-99	-99
16.02.2000	-99	-99	-99	-99
17.02.2000	-99	-99	-99	-99
18.02.2000	-99	-99	-99	-99
19.02.2000	-99	-99	-99	-99
20.02.2000	-99	-99	-99	-99
21.02.2000	-99	-99	-99	-99
22.02.2000	-99	-99	-99	-99
23.02.2000	-99	-99	-99	-99
24.02.2000	-99	-99	-99	-99
25.02.2000	-99	-99	-99	-99
26.02.2000	-99	-99	-99	-99
27.02.2000	-99	-99	-99	-99
28.02.2000	-99	-99	-99	-99
29.02.2000	-99	-99	-99	-99
01.03.2000	-99	-99	-99	-99
02.03.2000	-99	-99	-99	-99
03.03.2000	-99	-99	-99	-99
04.03.2000	-99	-99	-99	-99
05.03.2000	-99	-99	-99	-99
06.03.2000	-99	-99	-99	-99
07.03.2000	-99	-99	-99	-99
08.03.2000	-99	-99	-99	-99
09.03.2000	-99	-99	-99	-99
10.03.2000	-99	-99	-99	-99
11.03.2000	-99	-99	-99	-99
12.03.2000	-99	-99	-99	-99
13.03.2000	-99	-99	-99	-99
14.03.2000	-99	-99	-99	-99
15.03.2000	-99	-99	-99	-99
16.03.2000	-99	-99	-99	-99
17.03.2000	-99	-99	-99	-99
18.03.2000	-99	-99	-99	-99
19.03.2000	-99	-99	-99	-99
20.03.2000	-99	-99	-99	-99
21.03.2000	-99	-99	-99	-99
22.03.2000	-99	-99	-99	-99
23.03.2000	-99	-99	-99	-99
24.03.2000	-99	-99	-99	-99
25.03.2000	-99	-99	-99	-99
26.03.2000	-99	-99	-99	-99
27.03.2000	-99	-99	-99	-99
28.03.2000	-99	-99	-99	-99
29.03.2000	-99	-99	-99	-99
30.03.2000	-99	-99	-99	-99
31.03.2000	-99	-99	-99	-99
01.04.2000	-99	-99	-99	-99
02.04.2000	-99	-99	-99	-99
03.04.2000	-99	-99	-99	-99
04.04.2000	-99	-99	-99	-99
05.04.2000	-99	-99	-99	-99
06.04.2000	-99	-99	-99	-99
07.04.2000	-99	-99	-99	-99
08.04.2000	-99	-99	-99	-99
09.04.2000	-99	-99	-99	-99
10.04.2000	-99	-99	-99	-99
11.04.2000	-99	-99	-99	-99
12.04.2000	-99	-99	-99	-99
13.04.2000	-99	-99	-99	-99
14.04.2000	-99	-99	-99	-99
15.04.2000	-99	-99	-99	-99
16.04.2000	-99	-99	-99	-99
17.04.2000	-99	-99	-99	-99
18.04.2000	-99	-99	-99	-99
19.04.2000	-99	-99	-99	-99
20.04.2000	-99	-99	-99	-99
21.04.2000	-99	-99	-99	-99
22.04.2000	-99	-99	-99	-99
23.04.2000	-99	-99	-99	-99
24.04.2000	-99	-99	-99	-99
25.04.2000	-99	-99	-99	-99
26.04.2000	-99	-99	-99	-99
27.04.2000	-99	-99	-99	-99
28.04.2000	-99	-99	-99	-99
29.04.2000	-99	-99	-99	-99
30.04.2000	-99	-99	-99	-99
01.05.2000	-99	-99	-99	-99
02.05.2000	-99	-99	-99	-99
03.05.2000	-99	-99	-99	-99
04.05.2000	-99	-99	-99	-99
05.05.2000	-99	-99	-99	-99
06.05.2000	-99	-99	-99	-99
07.05.2000	-99	-99	-99	-99
08.05.2000	-99	-99	-99	-99
09.05.2000	-99	-99	-99	-99
10.05.2000	-99	-99	-99	-99
11.05.2000	-99	-99	-99	-99
12.05.2000	-99	-99	-99	-99
13.05.2000	-99	-99	-99	-99
14.05.2000	-99	-99	-99	-99
15.05.2000	-99	-99	-99	-99
16.05.2000	-99	-99	-99	-99
17.05.2000	-99	-99	-99	-99
18.05.2000	-99	-99	-99	-99
19.05.2000	-99	-99	-99	-99
20.05.2000	-99	-99	-99	-99
21.05.2000	-99	-99	-99	-99
22.05.2000	-99	-99	-99	-99
23.05.2000	-99	-99	-99	-99
24.05.2000	-99	-99	-99	-99
25.05.2000	-99	-99	-99	-99
26.05.2000	-99	-99	-99	-99
27.05.2000	-99	-99	-99	-99
28.05.2000	-99	-99	-99	-99
29.05.2000	-99	-99	-99	-99
30.05.2000	-99	-99	-99	-99
31.05.2000	-99	-99	-99	-99
01.06.2000	-99	-99	-99	-99
02.06.2000	-99	-99	-99	-99
03.06.2000	-99	-99	-99	-99
04.06.2000	-99	-99	-99	-99
05.06.2000	-99	-99	-99	-99
06.06.2000	-99	-99	-99	-99
07.06.2000	-99	-99	-99	-99
08.06.2000	-99	-99	-99	-99
09.06.2000	-99	-99	-99	-99
10.06.2000	-99	-99	-99	-99
11.06.2000	-99	-99	-99	-99
12.06.2000	-99	-99	-99	-99
13.06.2000	-99	-99	-99	-99
14.06.2000	-99	-99	-99	-99
15.06.2000	-99	-99	-99	-99
16.06.2000	-99	-99	-99	-99
17.06.2000	-99	-99	-99	-99
18.06.2000	-99	-99	-99	-99
19.06.2000	-99	-99	-99	-99
20.06.2000	-99	-99	-99	-99
21.06.2000	-99	-99	-99	-99
22.06.2000	-99	-99	-99	-99
23.06.2000	-99	-99	-99	-99
24.06.2000	-99	-99	-99	-99
25.06.2000	-99	-99	-99	-99
26.06.2000	-99	-99	-99	-99
27.06.2000	-99	-99	-99	-99
28.06.2000	-99	-99	-99	-99
29.06.2000	-99	-99	-99	-99
30.06.2000	-99	-99	-99	-99
01.07.2000	-99	-99	-99	-99
02.07.2000	-99	-99	-99	-99
03.07.2000	-99	-99	-99	-99
04.07.2000	-99	-99	-99	-99
05.07.2000	-99	-99	-99	-99
06.07.2000	-99	-99	-99	-99
07.07.2000	-99	-99	-99	-99
08.07.2000	-99	-99	-99	-99
09.07.2000	-99	-99	-99	-99
10.07.2000	-99	-99	-99	-99
11.07.2000	-99	-99	-99	-99
12.07.2000	-99	-99	-99	-99
13.07.2000	-99	-99	-99	-99
14.07.2000	-99	-99	-99	-99
15.07.2000	-99	-99	-99	-99
16.07.2000	-99	-99	-99	-99
17.07.2000	-99	-99	-99	-99
18.07.2000	-99	-99	-99	-99
19.07.2000	-99	-99	-99	-99
20.07.2000	-99	-99	-99	-99
21.07.2000	-99	-99	-99	-99
22.07.2000	-99	-99	-99	-99
23.07.2000	-99	-99	-99	-99
24.07.2000	-99	-99	-99	-99
25.07.2000	-99	-99	-99	-99
26.07.2000	-99	-99	-99	-99
27.07.2000	-99	-99	-99	-99
28.07.2000	-99	-99	-99	-99
29.07.2000	-99	-99	-99	-99
30.07.2000	-99	-99	-99	-99
31.07.2000	-99	-99	-99	-99
01.08.2000	-99	-99	-99	-99
02.08.2000	-99	-99	-99	-99
03.08.2000	-99	-99	-99	-99
04.08.2000	-99	-99	-99	-99
05.08.2000	-99	-99	-99	-99
06.08.2000	-99	-99	-99	-99
07.08.2000	-99	-99	-99	-99
08.08.2000	-99	-99	-99	-99
09.08.2000	-99	-99	-99	-99
10.08.2000	-99	-99	-99	-99
11.08.2000	-99	-99	-99	-99
12.08.2000	-99	-99	-99	-99
13.08.2000	-99	-99	-99	-99
14.08.2000	-99	-99	-99	-99
15.08.2000	-99	-99	-99	-99
16.08.2000	-99	-99	-99	-99
17.08.2000	-99	-99	-99	-99
18.08.2000	-99	-99	-99	-99
19.08.2000	-99	-99	-99	-99
20.08.2000	-99	-99	-99	-99
21.08.2000	-99	-99	-99	-99
22.08.2000	-99	-99	-99	-99
23.08.2000	-99	-99	-99	-99
24.08.2000	-99	-99	-99	-99
25.08.2000	-99	-99	-99	-99
26.08.2000	-99	-99	-99	-99
27.08.2000	-99	-99	-99	-99
28.08.2000	-99	-99	-99	-99
29.08.2000	-99	-99	-99	-99
30.08.2000	-99	-99	-99	-99
31.08.2000	-99	-99	-99	-99
01.09.2000	-99	-99	-99	-99
02.09.2000	-99	-99	-99	-99
03.09.2000	-99	-99	-99	-99
04.09.2000	-99	-99	-99	-99
05.09.2000	-99	-99	-99	-99
06.09.2000	-99	-99	-99	-99
07.09.2000	-99	-99	-99	-99
08.09.2000	-99	-99	-99	-99
09.09.2000	-99	-99	-99	-99
10.09.2000	-99	-99	-99	-99
11.09.2000	-99	-99	-99	-99
12.09.2000	-99	-99	-99	-99
13.09.2000	-99	-99	-99	-99
14.09.2000	-99	-99	-99	-99
15.09.2000	-99	-99	-99	-99
16.09.2000	-99	-99	-99	-99
17.09.2000	-99	-99	-99	-99
18.09.2000	-99	-99	-99	-99
19.09.2000	-99	-99	-99	-99
20.09.2000	-99	-99	-99	-99
21.09.2000	-99	-99	-99	-99
22.09.2000	-99	-99	-99	-99
23.09.2000	-99	-99	-99	-99
24.09.2000	-99	-99	-99	-99
25.09.2000	-99	-99	-99	-99
26.09.2000	-99	-99	-99	-99
27.09.2000	-99	-99	-99	-99
28.09.2000	-99	-99	-99	-99
29.09.2000	-99	-99	-99	-99
30.09.2000	-99	-99	-99	-99
01.10.2000	-99	-99	-99	-99
02.10.2000	-99	-99	-99	-99
03.10.2000	-99	-99	-99	-99
04.10.2000	-99	-99	-99	-99
05.10.2000	-99	-99	-99	-99
06.10.2000	-99	-99	-99	-99
07.10.2000	-99	-99	-99	-99
08.10.2000	-99	-99	-99	-99
09.10.2000	-99	-99	-99	-99
10.10.2000	-99	-99	-99	-99
11.10.2000	-99	-99	-99	-99
12.10.2000	-99	-99	-99	-99
13.10.2000	-99	-99	-99	-99
14.10.2000	-99	-99	-99	-99
15.10.2000	-99	-99	-99	-99
16.10.2000	-99	-99	-99	-99
17.10.2000	-99	-99	-99	-99
18.10.2000	-99	-99	-99	-99
19.10.2000	-99	-99	-99	-99
20.10.2000	-99	-99	-99	-99
21.10.2000	-99	-99	-99	-99
22.10.2000	-99	-99	-99	-99
23.10.2000	-99	-99	-99	-99
24.10.2000	-99	-99	-99	-99
25.10.2000	-99	-99	-99	-99
26.10.2000	-99	-99	-99	-99
27.10.2000	-99	-99	-99	-99
28.10.2000	-99	-99	-99	-99
29.10.2000	-99	-99	-99	-99
30.10.2000	-99	-99	-99	-99
31.10.2000	-99	-99	-99	-99
01.11.2000	-99	-99	-99	-99
02.11.2000	-99	-99	-99	-99
03.11.2000	-99	-99	-99	-99
04.11.2000	-99	-99	-99	-99
05.11.2000	-99	-99	-99	-99
06.11.2000	-99	-99	-99	-99
07.11.2000	-99	-99	-99	-99
08.11.2000	-99	-99	-99	-99
09.11.2000	-99	-99	-99	-99
10.11.2000	-99	-99	-99	-99
11.11.2000	-99	-99	-99	-99
12.11.2000	-99	-99	-99	-99
13.11.2000	-99	-99	-99	-99
14.11.2000	-99	-99	-99	-99
15.11.2000	-99	-99	-99	-99
16.11.2000	-99	-99	-99	-99
17.11.2000	-99	-99	-99	-99
18.11.2000	-99	-99	-99	-99
19.11.2000	-99	-99	-99	-99
20.11.2000	-99	-99	-99	-99
21.11.2000	-99	-99	-99	-99
22.11.2000	-99	-99	-99	-99
23.11.2000	-99	-99	-99	-99
24.11.2000	-99	-99	-99	-99
25.11.2000	-99	-99	-99	-99
26.11.2000	-99	-99	-99	-99
27.11.2000	-99	-99	-99	-99
28.11.2000	-99	-99	-99	-99
29.11.2000	-99	-99	-99	-99
30.11.2000	-99	-99	-99	-99
01.12.2000	-99	-99	-99	-99
02.12.2000	-99	-99	-99	-99
03.12.2000	-99	-99	-99	-99
04.12.2000	-99	-99	-99	-99
05.12.2000	-99	-99	-99	-99
06.12.2000	-99	-99	-99	-99
07.12.2000	-99	-99	-99	-99
08.12.2000	-99	-99	-99	-99
09.12.2000	-99	-99	-99	-99
10.12.2000	-99	-99	-99	-99
11.12.2000	-99	-99	-99	-99
12.12.2000	-99	-99	-99	-99
13.12.2000	-99	-99	-99	-99
14.12.2000	-99	-99	-99	-99
15.12.2000	-99	-99	-99	-99
16.12.2000	-99	-99	-99	-99
17.12.2000	-99	-99	-99	-99
18.12.2000	-99	-99	-99	-99
19.12.2000	-99	-99	-99	-99
20.12.2000	-99	-99	-99	-99
21.12.2000	-99	-99	-99	-99
22.12.2000	-99	-99	-99	-99
23.12.2000	-99	-99	-99	-99
24.12.2000	-99	-99	-99	-99
25.12.2000	-99	-99	-99	-99
26.12.2000	-99	-99	-99	-99
27.12.2000	-99	-99	-99	-99
28.12.2000	-99	-99	-99	-99
29.12.2000	-99	-99	-99	-99
30.12.2000	-99	-99	-99	-99
31.12.2000	-99	-99	-99	-99
01.01.2001	-99	-99	-99	-99
02.01.2001	-99	-99	-99	-99
03.01.2001	-99	-99	-99	-99
04.01.2001	-99	-99	-99	-99
05.01.2001	-99	-99	-99	-99
06.01.2001	-99	-99	-99	-99
07.01.2001	-99	-99	-99	-99
08.01.2001	-99	-99	-99	-99
09.01.2001	-99	-99	-99	-99
10.01.2001	-99	-99	-99	-99
11.01.2001	-99	-99	-99	-99
12.01.2001	-99	-99	-99	-99
13.01.2001	-99	-99	-99	-99
14.01.2001	-99	-99	-99	-99
15.01.2001	-99	-99	-99	-99
16.01.2001	-99	-99	-99	-99
17.01.2001	-99	-99	-99	-99
18.01.2001	-99	-99	-99	-99
19.01.2001	-99	-99	-99	-99
20.01.2001	-99	-99	-99	-99
21.01.2001	-99	-99	-99	-99
22.01.2001	-99	-99	-99	-99
23.01.2001	-99	-99	-99	-99
24.01.2001	-99	-99	-99	-99
25.01.2001	-99	-99	-99	-99
26.01.2001	-99	-99	-99	-99
27.01.2001	-99	-99	-99	-99
28.01.2001	-99	-99	-99	-99
29.01.2001	-99	-99	-99	-99
30.01.2001	-99	-99	-99	-99
31.01.2001	-99	-99	-99	-99
01.02.2001	-99	-99	-99	-99
02.02.2001	-99	-99	-99	-99
03.02.2001	-99	-99	-99	-99
04.02.2001	-99	-99	-99	-99
05.02.2001	-99	-99	-99	-99
06.02.2001	-99	-99	-99	-99
07.02.2001	-99	-99	-99	-99
08.02.2001	-99	-99	-99	-99
09.02.2001	-99	-99	-99	-99
10.02.2001	-99	-99	-99	-99
11.02.2001	-99	-99	-99	-99
12.02.2001	-99	-99	-99	-99
13.02.2001	-99	-99	-99	-99
14.02.2001	-99	-99	-99	-99
15.02.2001	-99	-99	-99	-99
16.02.2001	-99	-99	-99	-99
17.02.2001	-99	-99	-99	-99
18.02.2001	-99	-99	-99	-99
19.02.2001	-99	-99	-99	-99
20.02.2001	-99	-99	-99	-99
21.02.2001	-99	-99	-99	-99
22.02.2001	-99	-99	-99	-99
23.02.2001	-99	-99	-99	-99
24.02.2001	-99	-99	-99	-99
25.02.2001	-99	-99	-99	-99
26.02.2001	-99	-99	-99	-99
27.02.2001	-99	-99	-99	-99
28.02.2001	-99	-99	-99	-99
01.03.2001	-99	-99	-99	-99
02.03.2001	-99	-99	-99	-99
03.03.2001	-99	-99	-99	-99
04.03.2001	-99	-99	-99	-99
05.03.2001	-99	-99	-99	-99
06.03.2001	-99	-99	-99	-99
07.03.2001	-99	-99	-99	-99
08.03.2001	-99	-99	-99	-99
09.03.2001	-99	-99	-99	-99
10.03.2001	-99	-99	-99	-99
11.03.2001	-99	-99	-99	-99
12.03.2001	-99	-99	-99	-99
13.03.2001	-99	-99	-99	-99
14.03.2001	-99	-99	-99	-99
15.03.2001	-99	-99	-99	-99
16.03.2001	-99	-99	-99	-99
17.03.2001	-99	-99	-99	-99
18.03.2001	-99	-99	-99	-99
19.03.2001	-99	-99	-99	-99
20.03.2001	-99	-99	-99	-99
21.03.2001	-99	-99	-99	-99
22.03.2001	-99	-99	-99	-99
23.03.2001	-99	-99	-99	-99
24.03.2001	-99	-99	-99	-99
25.03.2001	-99	-99	-99	-99
26.03.2001	-99	-99	-99	-99
27.03.2001	-99	-99	-99	-99
28.03.2001	-99	-99	-99	-99
29.03.2001	-99	-99	-99	-99
30.03.2001	-99	-99	-99	-99
31.03.2001	-99	-99	-99	-99
01.04.2001	-99	-99	-99	-99
02.04.2001	-99	-99	-99	-99
03.04.2001	-99	-99	-99	-99
04.04.2001	-99	-99	-99	-99
05.04.2001	-99	-99	-99	-99
06.04.2001	-99	-99	-99	-99
07.04.2001	-99	-99	-99	-99
08.04.2001	-99	-99	-99	-99
09.04.2001	-99	-99	-99	-99
10.04.2001	-99	-99	-99	-99
11.04.2001	-99	-99	-99	-99
12.04.2001	-99	-99	-99	-99
13.04.2001	-99	-99	-99	-99
14.04.2001	-99	-99	-99	-99
15.04.2001	-99	-99	-99	-99
16.04.2001	-99	-99	-99	-99
17.04.2001	-99	-99	-99	-99
18.04.2001	-99	-99	-99	-99
19.04.2001	-99	-99	-99	-99
20.04.2001	-99	-99	-99	-99
21.04.2001	-99	-99	-99	-99
22.04.2001	-99	-99	-99	-99
23.04.2001	-99	-99	-99	-99
24.04.2001	-99	-99	-99	-99
25.04.2001	-99	-99	-99	-99
26.04.2001	-99	-99	-99	-99
27.04.2001	-99	-99	-99	-99
28.04.2001	-99	-99	-99	-99
29.04.2001	-99	-99	-99	-99
30.04.2001	-99	-99	-99	-99
01.05.2001	-99	-99	-99	-99
02.05.2001	-99	-99	-99	-99
03.05.2001	-99	-99	-99	-99
04.05.2001	-99	-99	-99	-99
05.05.2001	-99	-99	-99	-99
06.05.2001	-99	-99	-99	-99
07.05.2001	-99	-99	-99	-99
08.05.2001	-99	-99	-99	-99
09.05.2001	-99	-99	-99	-99
10.05.2001	-99	-99	-99	-99
11.05.2001	-99	-99	-99	-99
12.05.2001	-99	-99	-99	-99
13.05.2001	-99	-99	-99	-99
14.05.2001	-99	-99	-99	-99
15.05.2001	-99	-99	-99	-99
16.05.2001	-99	-99	-99	-99
17.05.2001	-99	-99	-99	-99
18.05.2001	-99	-99	-99	-99
19.05.2001	-99	-99	-99	-99
20.05.2001	-99	-99	-99	-99
21.05.2001	-99	-99	-99	-99
22.05.2001	-99	-99	-99	-99
23.05.2001	-99	-99	-99	-99
24.05.2001	-99	-99	-99	-99
25.05.2001	-99	-99	-99	-99
26.05.2001	-99	-99	-99	-99
27.05.2001	-99	-99	-99	-99
28.05.2001	-99	-99	-99	-99
29.05.2001	-99	-99	-99	-99
30.05.2001	-99	-99	-99	-99
31.05.2001	-99	-99	-99	-99
01.06.2001	-99	-99	-99	-99
02.06.2001	-99	-99	-99	-99
03.06.2001	-99	-99	-99	-99
04.06.2001	-99	-99	-99	-99
05.06.2001	-99	-99	-99	-99
06.06.2001	-99	-99	-99	-99
07.06.2001	-99	-99	-99	-99
08.06.2001	-99	-99	-99	-99
09.06.2001	-99	-99	-99	-99
10.06.2001	-99	-99	-99	-99
11.06.2001	-99	-99	-99	-99
12.06.2001	-99	-99	-99	-99
13.06.2001	-99	-99	-99	-99
14.06.2001	-99	-99	-99	-99
15.06.2001	-99	-99	-99	-99
16.06.2001	-99	-99	-99	-99
17.06.2001	-99	-99	-99	-99
18.06.2001	-99	-99	-99	-99
19.06.2001	-99	-99	-99	-99
20.06.2001	-99	-99	-99	-99
21.06.2001	-99	-99	-99	-99
22.06.2001	-99	-99	-99	-99
23.06.2001	-99	-99	-99	-99
24.06.2001	-99	-99	-99	-99
25.06.2001	-99	-99	-99	-99
26.06.2001	-99	-99	-99	-99
27.06.2001	-99	-99	-99	-99
28.06.2001	-99	-99	-99	-99
29.06.2001	-99	-99	-99	-99
30.06.2001	-99	-99	-99	-99
01.07.2001	-99	-99	-99	-99
02.07.2001	-99	-99	-99	-99
03.07.2001	-99	-99	-99	-99
04.07.2001	-99	-99	-99	-99
05.07.2001	-99	-99	-99	-99
06.07.2001	-99	-99	-99	-99
07.07.2001	-99	-99	-99	-99
08.07.2001	-99	-99	-99	-99
09.07.2001	-99	-99	-99	-99
10.07.2001	-99	-99	-99	-99
11.07.2001	-99	-99	-99	-99
12.07.2001	-99	-99	-99	-99
13.07.2001	-99	-99	-99	-99
14.07.2001	-99	-99	-99	-99
15.07.2001	-99	-99	-99	-99
16.07.2001	-99	-99	-99	-99
17.07.2001	-99	-99	-99	-99
18.07.2001	-99	-99	-99	-99
19.07.2001	-99	-99	-99	-99
20.07.2001	-99	-99	-99	-99
21.07.2001	-99	-99	-99	-99
22.07.2001	-99	-99	-99	-99
23.07.2001	-99	-99	-99	-99
24.07.2001	-99	-99	-99	-99
25.07.2001	-99	-99	-99	-99
26.07.2001	-99	-99	-99	-99
27.07.2001	-99	-99	-99	-99
28.07.2001	-99	-99	-99	-99
29.07.2001	-99	-99	-99	-99
30.07.2001	-99	-99	-99	-99
31.07.2001	-99	-99	-99	-99
01.08.2001	-99	-99	-99	-99
02.08.2001	-99	-99	-99	-99
03.08.2001	-99	-99	-99	-99
04.08.2001	-99	-99	-99	-99
05.08.2001	-99	-99	-99	-99
06.08.2001	-99	-99	-99	-99
07.08.2001	-99	-99	-99	-99
08.08.2001	-99	-99	-99	-99
09.08.2001	-99	-99	-99	-99
10.08.2001	-99	-99	-99	-99
11.08.2001	-99	-99	-99	-99
12.08.2001	-99	-99	-99	-99
13.08.2001	-99	-99	-99	-99
14.08.2001	-99	-99	-99	-99
15.08.2001	-99	-99	-99	-99
16.08.2001	-99	-99	-99	-99
17.08.2001	-99	-99	-99	-99
18.08.2001	-99	-99	-99	-99
19.08.2001	-99	-99	-99	-99
20.08.2001	-99	-99	-99	-99
21.08.2001	-99	-99	-99	-99
22.08.2001	-99	-99	-99	-99
23.08.2001	-99	-99	-99	-99
24.08.2001	-99	-99	-99	-99
25.08.2001	-99	-99	-99	-99
26.08.2001	-99	-99	-99	-99
27.08.2001	-99	-99	-99	-99
28.08.2001	-99	-99	-99	-99
29.08.2001	-99	-99	-99	-99
30.08.2001	-99	-99	-99	-99
31.08.2001	-99	-99	-99	-99
01.09.2001	-99	-99	-99	-99
02.09.2001	-99	-99	-99	-99
03.09.2001	-99	-99	-99	-99
04.09.2001	-99	-99	-99	-99
05.09.2001	-99	-99	-99	-99
06.09.2001	-99	-99	-99	-99
07.09.2001	-99	-99	-99	-99
08.09.2001	-99	-99	-99	-99
09.09.2001	-99	-99	-99	-99
10.09.2001	-99	-99	-99	-99
11.09.2001	-99	-99	-99	-99
12.09.2001	-99	-99	-99	-99
13.09.2001	-99	-99	-99	-99
14.09.2001	-99	-99	-99	-99
15.09.2001	-99	-99	-99	-99
16.09.2001	-99	-99	-99	-99
17.09.2001	-99	-99	-99	-99
18.09.2001	-99	-99	-99	-99
19.09.2001	-99	-99	-99	-99
20.09.2001	-99	-99	-99	-99
21.09.2001	-99	-99	-99	-99
22.09.2001	-99	-99	-99	-99
23.09.2001	-99	-99	-99	-99
24.09.2001	-99	-99	-99	-99
25.09.2001	-99	-99	-99	-99
26.09.2001	-99	-99	-99	-99
27.09.2001	-99	-99	-99	-99
28.09.2001	-99	-99	-99	-99
29.09.2001	-99	-99	-99	-99
30.09.2001	-99	-99	-99	-99
01.10.2001	-99	-99	-99	-99
02.10.2001	-99	-99	-99	-99
03.10.2001	-99	-99	-99	-99
04.10.2001	-99	-99	-99	-99
05.10.2001	-99	-99	-99	-99
06.10.2001	-99	-99	-99	-99
07.10.2001	-99	-99	-99	-99
08.10.2001	-99	-99	-99	-99
09.10.2001	-99	-99	-99	-99
10.10.2001	-99	-99	-99	-99
11.10.2001	-99	-99	-99	-99
12.10.2001	-99	-99	-99	-99
13.10.2001	-99	-99	-99	-99
14.10.2001	-99	-99	-99	-99
15.10.2001	-99	-99	-99	-99
16.10.2001	-99	-99	-99	-99
17.10.2001	-99	-99	-99	-99
18.10.2001	-99	-99	-99	-99
19.10.2001	-99	-99	-99	-99
20.10.2001	-99	-99	-99	-99
21.10.2001	-99	-99	-99	-99
22.10.2001	-99	-99	-99	-99
23.10.2001	-99	-99	-99	-99
24.10.2001	-99	-99	-99	-99
25.10.2001	-99	-99	-99	-99
26.10.2001	-99	-99	-99	-99
27.10.2001	-99	-99	-99	-99
28.10.2001	-99	-99	-99	-99
29.10.2001	-99	-99	-99	-99
30.10.2001	-99	-99	-99	-99
31.10.2001	-99	-99	-99	-99
01.11.2001	-99	-99	-99	-99
02.11.2001	-99	-99	-99	-99
03.11.2001	-99	-99	-99	-99
04.11.2001	-99	-99	-99	-99
05.11.2001	-99	-99	-99	-99
06.11.2001	-99	-99	-99	-99
07.11.2001	-99	-99	-99	-99
08.11.2001	-99	-99	-99	-99
09.11.2001	-99	-99	-99	-99
10.11.2001	-99	-99	-99	-99
11.11.2001	-99	-99	-99	-99
12.11.2001	-99	-99	-99	-99
13.11.2001	-99	-99	-99	-99
14.11.2001	-99	-99	-99	-99
15.11.2001	-99	-99	-99	-99
16.11.2001	-99	-99	-99	-99
17.11.2001	-99	-99	-99	-99
18.11.2001	-99	-99	-99	-99
19.11.2001	-99	-99	-99	-99
20.11.2001	-99	-99	-99	-99
21.11.2001	-99	-99	-99	-99
22.11.2001	-99	-99	-99	-99
23.11.2001	-99	-99	-99	-99
24.11.2001	-99	-99	-99	-99
25.11.2001	-99	-99	-99	-99
26.11.2001	-99	-99	-99	-99
27.11.2001	-99	-99	-99	-99
28.11.2001	-99	-99	-99	-99
29.11.2001	-99	-99	-99	-99
30.11.2001	-99	-99	-99	-99
01.12.2001	-99	-99	-99	-99
02.12.2001	-99	-99	-99	-99
03.12.2001	-99	-99	-99	-99
04.12.2001	-99	-99	-99	-99
05.12.2001	-99	-99	-99	-99
06.12.2001	-99	-99	-99	-99
07.12.2001	-99	-99	-99	-99
08.12.2001	-99	-99	-99	-99
09.12.2001	-99	-99	-99	-99
10.12.2001	-99	-99	-99	-99
11.12.2001	-99	-99	-99	-99
12.12.2001	-99	-99	-99	-99
13.12.2001	-99	-99	-99	-99
14.12.2001	-99	-99	-99	-99
15.12.2001	-99	-99	-99	-99
16.12.2001	-99	-99	-99	-99
17.12.2001	-99	-99	-99	-99
18.12.2001	-99	-99	-99	-99
19.12.2001	-99	-99	-99	-99
20.12.2001	-99	-99	-99	-99
21.12.2001	-99	-99	-99	-99
22.12.2001	-99	-99	-99	-99
23.12.2001	-99	-99	-99	-99
24.12.2001	-99	-99	-99	-99
25.12.2001	-99	-99	-99	-99
26.12.2001	-99	-99	-99	-99
27.12.2001	-99	-99	-99	-99
28.12.2001	-99	-99	-99	-99
29.12.2001	-99	-99	-99	-99
30.12.2001	-99	-99	-99	-99
31.12.2001	-99	-99	-99	-99
01.01.2002	-99	-99	-99	-99
02.01.2002	-99	-99	-99	-99
03.01.2002	-99	-99	-99	-99
04.01.2002	-99	-99	-99	-99
05.01.2002	-99	-99	-99	-99
06.01.2002	-99	-99	-99	-99
07.01.2002	-99	-99	-99	-99
08.01.2002	-99	-99	-99	-99
09.01.2002	-99	-99	-99	-99
10.01.2002	-99	-99	-99	-99
11.01.2002	-99	-99	-99	-99
12.01.2002	-99	-99	-99	-99
13.01.2002	-99	-99	-99	-99
14.01.2002	-99	-99	-99	-99
15.01.2002	-99	-99	-99	-99
16.01.2002	-99	-99	-99	-99
17.01.2002	-99	-99	-99	-99
18.01.2002	-99	-99	-99	-99
19.01.2002	-99	-99	-99	-99
20.01.2002	-99	-99	-99	-99
21.01.2002	-99	-99	-99	-99
22.01.2002	-99	-99	-99	-99
23.01.2002	-99	-99	-99	-99
24.01.2002	-99	-99	-99	-99
25.01.2002	-99	-99	-99	-99
26.01.2002	-99	-99	-99	-99
27.01.2002	-99	-99	-99	-99
28.01.2002	-99	-99	-99	-99
29.01.2002	-99	-99	-99	-99
30.01.2002	-99	-99	-99	-99
31.01.2002	-99	-99	-99	-99
01.02.2002	-99	-99	-99	-99
02.02.2002	-99	-99	-99	-99
03.02.2002	-99	-99	-99	-99
04.02.2002	-99	-99	-99	-99
05.02.2002	-99	-99	-99	-99
06.02.2002	-99	-99	-99	-99
07.02.2002	-99	-99	-99	-99
08.02.2002	-99	-99	-99	-99
09.02.2002	-99	-99	-99	-99
10.02.2002	-99	-99	-99	-99
11.02.2002	-99	-99	-99	-99
12.02.2002	-99	-99	-99	-99
13.02.2002	-99	-99	-99	-99
14.02.2002	-99	-99	-99	-99
15.02.2002	-99	-99	-99	-99
16.02.2002	-99	-99	-99	-99
17.02.2002	-99	-99	-99	-99
18.02.2002	-99	-99	-99	-99
19.02.2002	-99	-99	-99	-99
20.02.2002	-99	-99	-99	-99
21.02.2002	-99	-99	-99	-99
22.02.2002	-99	-99	-99	-99
23.02.2002	-99	-99	-99	-99
24.02.2002	-99	-99	-99	-99
25.02.2002	-99	-99	-99	-99
26.02.2002	-99	-99	-99	-99
27.02.2002	-99	-99	-99	-99
28.02.2002	-99	-99	-99	-99
01.03.2002	-99	-99	-99	-99
02.03.2002	-99	-99	-99	-99
03.03.2002	-99	-99	-99	-99
04.03.2002	-99	-99	-99	-99
05.03.2002	-99	-99	-99	-99
06.03.2002	-99	-99	-99	-99
07.03.2002	-99	-99	-99	-99
08.03.2002	-99	-99	-99	-99
09.03.2002	-99	-99	-99	-99
10.03.2002	-99	-99	-99	-99
11.03.2002	-99	-99	-99	-99
12.03.2002	-99	-99	-99	-99
13.03.2002	-99	-99	-99	-99
14.03.2002	-99	-99	-99	-99
15.03.2002	-99	-99	-99	-99
16.03.2002	-99	-99	-99	-99
17.03.2002	-99	-99	-99	-99
18.03.2002	-99	-99	-99	-99
19.03.2002	-99	-99	-99	-99
20.03.2002	-99	-99	-99	-99
21.03.2002	-99	-99	-99	-99
22.03.2002	-99	-99	-99	-99
23.03.2002	-99	-99	-99	-99
24.03.2002	-99	-99	-99	-99
25.03.2002	-99	-99	-99	-99
26.03.2002	-99	-99	-99	-99
27.03.2002	-99	-99	-99	-99
28.03.2002	-99	-99	-99	-99
29.03.2002	-99	-99	-99	-99
30.03.2002	-99	-99	-99	-99
31.03.2002	-99	-99	-99	-99
01.04.2002	-99	-99	-99	-99
02.04.2002	-99	-99	-99	-99
03.04.2002	-99	-99	-99	-99
04.04.2002	-99	-99	-99	-99
05.04.2002	-99	-99	-99	-99
06.04.2002	-99	-99	-99	-99
07.04.2002	-99	-99	-99	-99
08.04.2002	-99	-99	-99	-99
09.04.2002	-99	-99	-99	-99
10.04.2002	-99	-99	-99	-99
11.04.2002	-99	-99	-99	-99
12.04.2002	-99	-99	-99	-99
13.04.2002	-99	-99	-99	-99
14.04.2002	-99	-99	-99	-99
15.04.2002	-99	-99	-99	-99
16.04.2002	-99	-99	-99	-99
17.04.2002	-99	-99	-99	-99
18.04.2002	-99	-99	-99	-99
19.04.2002	-99	-99	-99	-99
20.04.2002	-99	-99	-99	-99
21.04.2002	-99	-99	-99	-99
22.04.2002	-99	-99	-99	-99
23.04.2002	-99	-99	-99	-99
24.04.2002	-99	-99	-99	-99
25.04.2002	-99	-99	-99	-99
26.04.2002	-99	-99	-99	-99
27.04.2002	-99	-99	-99	-99
28.04.2002	-99	-99	-99	-99
29.04.2002	-99	-99	-99	-99
30.04.2002	-99	-99	-99	-99
01.05.2002	-99	-99	-99	-99
02.05.2002	-99	-99	-99	-99
03.05.2002	-99	-99	-99	-99
04.05.2002	-99	-99	-99	-99
05.05.2002	-99	-99	-99	-99
06.05.2002	-99	-99	-99	-99
07.05.2002	-99	-99	-99	-99
08.05.2002	-99	-99	-99	-99
09.05.2002	-99	-99	-99	-99
10.05.2002	-99	-99	-99	-99
11.05.2002	-99	-99	-99	-99
12.05.2002	-99	-99	-99	-99
13.05.2002	-99	-99	-99	-99
14.05.2002	-99	-99	-99	-99
15.05.2002	-99	-99	-99	-99
16.05.2002	-99	-99	-99	-99
17.05.2002	-99	-99	-99	-99
18.05.2002	-99	-99	-99	-99
19.05.2002	-99	-99	-99	-99
20.05.2002	-99	-99	-99	-99
21.05.2002	-99	-99	-99	-99
22.05.2002	-99	-99	-99	-99
23.05.2002	-99	-99	-99	-99
24.05.2002	-99	-99	-99	-99
25.05.2002	-99	-99	-99	-99
26.05.2002	-99	-99	-99	-99
27.05.2002	-99	-99	-99	-99
28.05.2002	-99	-99	-99	-99
29.05.2002	-99	-99	-99	-99
30.05.2002	-99	-99	-99	-99
31.05.2002	-99	-99	-99	-99
01.06.2002	-99	-99	-99	-99
02.06.2002	-99	-99	-99	-99
03.06.2002	-99	-99	-99	-99
04.06.2002	-99	-99	-99	-99
05.06.2002	-99	-99	-99	-99
06.06.2002	-99	-99	-99	-99
07.06.2002	-99	-99	-99	-99
08.06.2002	-99	-99	-99	-99
09.06.2002	-99	-99	-99	-99
10.06.2002	-99	-99	-99	-99
11.06.2002	-99	-99	-99	-99
12.06.2002	-99	-99	-99	-99
13.06.2002	-99	-99	-99	-99
14.06.2002	-99	-99	-99	-99
15.06.2002	-99	-99	-99	-99
16.06.2002	-99	-99	-99	-99
17.06.2002	-99	-99	-99	-99
18.06.2002	-99	-99	-99	-99
19.06.2002	-99	-99	-99	-99
20.06.2002	-99	-99	-99	-99
21.06.2002	-99	-99	-99	-99
22.06.2002	-99	-99	-99	-99
23.06.2002	-99	-99	-99	-99
24.06.2002	-99	-99	-99	-99
25.06.2002	-99	-99	-99	-99
26.06.2002	-99	-99	-99	-99
27.06.2002	-99	-99	-99	-99
28.06.2002	-99	-99	-99	-99
29.06.2002	-99	-99	-99	-99
30.06.2002	-99	-99	-99	-99
01.07.2002	-99	-99	-99	-99
02.07.2002	-99	-99	-99	-99
03.07.2002	-99	-99	-99	-99
04.07.2002	-99	-99	-99	-99
05.07.2002	-99	-99	-99	-99
06.07.2002	-99	-99	-99	-99
07.07.2002	-99	-99	-99	-99
08.07.2002	-99	-99	-99	-99
09.07.2002	-99	-99	-99	-99
10.07.2002	-99	-99	-99	-99
11.07.2002	-99	-99	-99	-99
12.07.2002	-99	-99	-99	-99
13.07.2002	-99	-99	-99	-99
14.07.2002	-99	-99	-99	-99
15.07.2002	-99	-99	-99	-99
16.07.2002	-99	-99	-99	-99
17.07.2002	-99	-99	-99	-99
18.07.2002	-99	-99	-99	-99
19.07.2002	-99	-99	-99	-99
20.07.2002	-99	-99	-99	-99
21.07.2002	-99	-99	-99	-99
22.07.2002	-99	-99	-99	-99
23.07.2002	-99	-99	-99	-99
24.07.2002	-99	-99	-99	-99
25.07.2002	-99	-99	-99	-99
26.07.2002	-99	-99	-99	-99
27.07.2002	-99	-99	-99	-99
28.07.2002	-99	-99	-99	-99
29.07.2002	-99	-99	-99	-99
30.07.2002	-99	-99	-99	-99
31.07.2002	-99	-99	-99	-99
01.08.2002	-99	-99	-99	-99
02.08.2002	-99	-99	-99	-99
03.08.2002	-99	-99	-99	-99
04.08.2002	-99	-99	-99	-99
05.08.2002	-99	-99	-99	-99
06.08.2002	-99	-99	-99	-99
07.08.2002	-99	-99	-99	-99
08.08.2002	-99	-99	-99	-99
09.08.2002	-99	-99	-99	-99
10.08.2002	-99	-99	-99	-99
11.08.2002	-99	-99	-99	-99
12.08.2002	-99	-99	-99	-99
13.08.2002	-99	-99	-99	-99
14.08.2002	-99	-99	-99	-99
15.08.2002	-99	-99	-99	-99
16.08.2002	-99	-99	-99	-99
17.08.2002	-99	-99	-99	-99
18.08.2002	-99	-99	-99	-99
19.08.2002	-99	-99	-99	-99
20.08.2002	-99	-99	-99	-99
21.08.2002	-99	-99	-99	-99
22.08.2002	-99	-99	-99	-99
23.08.2002	-99	-99	-99	-99
24.08.2002	-99	-99	-99	-99
25.08.2002	-99	-99	-99	-99
26.08.2002	-99	-99	-99	-99
27.08.2002	-99	-99	-99	-99
28.08.2002	-99	-99	-99	-99
29.08.2002	-99	-99	-99	-99
30.08.2002	-99	-99	-99	-99
31.08.2002	-99	-99	-99	-99
01.09.2002	-99	-99	-99	-99
02.09.2002	-99	-99	-99	-99
03.09.2002	-99	-99	-99	-99
04.09.2002	-99	-99	-99	-99
05.09.2002	-99	-99	-99	-99
06.09.2002	-99	-99	-99	-99
07.09.2002	-99	-99	-99	-99
08.09.2002	-99	-99	-99	-99
09.09.2002	-99	-99	-99	-99
10.09.2002	-99	-99	-99	-99
11.09.2002	-99	-99	-99	-99
12.09.2002	-99	-99	-99	-99
13.09.2002	-99	-99	-99	-99
14.09.2002	-99	-99	-99	-99
15.09.2002	-99	-99	-99	-99
16.09.2002	-99	-99	-99	-99
17.09.2002	-99	-99	-99	-99
18.09.2002	-99	-99	-99	-99
19.09.2002	-99	-99	-99	-99
20.09.2002	-99	-99	-99	-99
21.09.2002	-99	-99	-99	-99
22.09.2002	-99	-99	-99	-99
23.09.2002	-99	-99	-99	-99
24.09.2002	-99	-99	-99	-99
25.09.2002	-99	-99	-99	-99
26.09.2002	-99	-99	-99	-99
27.09.2002	-99	-99	-99	-99
28.09.2002	-99	-99	-99	-99
29.09.2002	-99	-99	-99	-99
30.09.2002	-99	-99	-99	-99
01.10.2002	-99	-99	-99	-99
02.10.2002	-99	-99	-99	-99
03.10.2002	-99	-99	-99	-99
04.10.2002	-99	-99	-99	-99
05.10.2002	-99	-99	-99	-99
06.10.2002	-99	-99	-99	-99
07.10.2002	-99	-99	-99	-99
08.10.2002	-99	-99	-99	-99
09.10.2002	-99	-99	-99	-99
10.10.2002	-99	-99	-99	-99
11.10.2002	-99	-99	-99	-99
12.10.2002	-99	-99	-99	-99
13.10.2002	-99	-99	-99	-99
14.10.2002	-99	-99	-99	-99
15.10.2002	-99	-99	-99	-99
16.10.2002	-99	-99	-99	-99
17.10.2002	-99	-99	-99	-99
18.10.2002	-99	-99	-99	-99
19.10.2002	-99	-99	-99	-99
20.10.2002	-99	-99	-99	-99
21.10.2002	-99	-99	-99	-99
22.10.2002	-99	-99	-99	-99
23.10.2002	-99	-99	-99	-99
24.10.2002	-99	-99	-99	-99
25.10.2002	-99	-99	-99	-99
26.10.2002	-99	-99	-99	-99
27.10.2002	-99	-99	-99	-99
28.10.2002	-99	-99	-99	-99
29.10.2002	-99	-99	-99	-99
30.10.2002	-99	-99	-99	-99
31.10.2002	-99	-99	-99	-99
01.11.2002	-99	-99	-99	-99
02.11.2002	-99	-99	-99	-99
03.11.2002	-99	-99	-99	-99
04.11.2002	-99	-99	-99	-99
05.11.2002	-99	-99	-99	-99
06.11.2002	-99	-99	-99	-99
07.11.2002	-99	-99	-99	-99
08.11.2002	-99	-99	-99	-99
09.11.2002	-99	-99	-99	-99
10.11.2002	-99	-99	-99	-99
11.11.2002	-99	-99	-99	-99
12.11.2002	-99	-99	-99	-99
13.11.2002	-99	-99	-99	-99
14.11.2002	-99	-99	-99	-99
15.11.2002	-99	-99	-99	-99
16.11.2002	-99	-99	-99	-99
17.11.2002	-99	-99	-99	-99
18.11.2002	-99	-99	-99	-99
19.11.2002	-99	-99	-99	-99
20.11.2002	-99	-99	-99	-99
21.11.2002	-99	-99	-99	-99
22.11.2002	-99	-99	-99	-99
23.11.2002	-99	-99	-99	-99
24.11.2002	-99	-99	-99	-99
25.11.2002	-99	-99	-99	-99
26.11.2002	-99	-99	-99	-99
27.11.2002	-99	-99	-99	-99
28.11.2002	-99	-99	-99	-99
29.11.2002	-99	-99	-99	-99
30.11.2002	-99	-99	-99	-99
01.12.2002	-99	-99	-99	-99
02.12.2002	-99	-99	-99	-99
03.12.2002	-99	-99	-99	-99
04.12.2002	-99	-99	-99	-99
05.12.2002	-99	-99	-99	-99
06.12.2002	-99	-99	-99	-99
07.12.2002	-99	-99	-99	-99
08.12.2002	-99	-99	-99	-99
09.12.2002	-99	-99	-99	-99
10.12.2002	-99	-99	-99	-99
11.12.2002	-99	-99	-99	-99
12.12.2002	-99	-99	-99	-99
13.12.2002	-99	-99	-99	-99
14.12.2002	-99	-99	-99	-99
15.12.2002	-99	-99	-99	-99
16.12.2002	-99	-99	-99	-99
17.12.2002	-99	-99	-99	-99
18.12.2002	-99	-99	-99	-99
19.12.2002	-99	-99	-99	-99
20.12.2002	-99	-99	-99	-99
21.12.2002	-99	-99	-99	-99
22.12.2002	-99	-99	-99	-99
23.12.2002	-99	-99	-99	-99
24.12.2002	-99	-99	-99	-99
25.12.2002	-99	-99	-99	-99
26.12.2002	-99	-99	-99	-99
27.12.2002	-99	-99	-99	-99
28.12.2002	-99	-99	-99	-99
29.12.2002	-99	-99	-99	-99
30.12.2002	-99	-99	-99	-99
31.12.2002	-99	-99	-99	-99
01.01.2003	-99	-99	-99	-99
02.01.2003	-99	-99	-99	-99
03.01.2003	-99	-99	-99	-99
04.01.2003	-99	-99	-99	-99
05.01.2003	-99	-99	-99	-99
06.01.2003	-99	-99	-99	-99
07.01.2003	-99	-99	-99	-99
08.01.2003	-99	-99	-99	-99
09.01.2003	-99	-99	-99	-99
10.01.2003	-99	-99	-99	-99
11.01.2003	-99	-99	-99	-99
12.01.2003	-99	-99	-99	-99
13.01.2003	-99	-99	-99	-99
14.01.2003	-99	-99	-99	-99
15.01.2003	-99	-99	-99	-99
16.01.2003	-99	-99	-99	-99
17.01.2003	-99	-99	-99	-99
18.01.2003	-99	-99	-99	-99
19.01.2003	-99	-99	-99	-99
20.01.2003	-99	-99	-99	-99
21.01.2003	-99	-99	-99	-99
22.01.2003	-99	-99	-99	-99
23.01.2003	-99	-99	-99	-99
24.01.2003	-99	-99	-99	-99
25.01.2003	-99	-99	-99	-99
26.01.2003	-99	-99	-99	-99
27.01.2003	-99	-99	-99	-99
28.01.2003	-99	-99	-99	-99
29.01.2003	-99	-99	-99	-99
30.01.2003	-99	-99	-99	-99
31.01.2003	-99	-99	-99	-99
01.02.2003	-99	-99	-99	-99
02.02.2003	-99	-99	-99	-99
03.02.2003	-99	-99	-99	-99
04.02.2003	-99	-99	-99	-99
05.02.2003	-99	-99	-99	-99
06.02.2003	-99	-99	-99	-99
07.02.2003	-99	-99	-99	-99
08.02.2003	-99	-99	-99	-99
09.02.2003	-99	-99	-99	-99
10.02.2003	-99	-99	-99	-99
11.02.2003	-99	-99	-99	-99
12.02.2003	-99	-99	-99	-99
13.02.2003	-99	-99	-99	-99
14.02.2003	-99	-99	-99	-99
15.02.2003	-99	-99	-99	-99
16.02.2003	-99	-99	-99	-99
17.02.2003	-99	-99	-99	-99
18.02.2003	-99	-99	-99	-99
19.02.2003	-99	-99	-99	-99
20.02.2003	-99	-99	-99	-99
21.02.2003	-99	-99	-99	-99
22.02.2003	-99	-99	-99	-99
23.02.2003	-99	-99	-99	-99
24.02.2003	-99	-99	-99	-99
25.02.2003	-99	-99	-99	-99
26.02.2003	-99	-99	-99	-99
27.02.2003	-99	-99	-99	-99
28.02.2003	-99	-99	-99	-99
01.03.2003	-99	-99	-99	-99
02.03.2003	-99	-99	-99	-99
03.03.2003	-99	-99	-99	-99
04.03.2003	-99	-99	-99	-99
05.03.2003	-99	-99	-99	-99
06.03.2003	-99	-99	-99	-99
07.03.2003	-99	-99	-99	-99
08.03.2003	-99	-99	-99	-99
09.03.2003	-99	-99	-99	-99
10.03.2003	-99	-99	-99	-99
11.03.2003	-99	-99	-99	-99
12.03.2003	-99	-99	-99	-99
13.03.2003	-99	-99	-99	-99
14.03.2003	-99	-99	-99	-99
15.03.2003	-99	-99	-99	-99
16.03.2003	-99	-99	-99	-99
17.03.2003	-99	-99	-99	-99
18.03.2003	-99	-99	-99	-99
19.03.2003	-99	-99	-99	-99
20.03.2003	-99	-99	-99	-99
21.03.2003	-99	-99	-99	-99
22.03.2003	-99	-99	-99	-99
23.03.2003	-99	-99	-99	-99
24.03.2003	-99	-99	-99	-99
25.03.2003	-99	-99	-99	-99
26.03.2003	-99	-99	-99	-99
27.03.2003	-99	-99	-99	-99
28.03.2003	-99	-99	-99	-99
29.03.2003	-99	-99	-99	-99
30.03.2003	-99	-99	-99	-99
31.03.2003	-99	-99	-99	-99
01.04.2003	-99	-99	-99	-99
02.04.2003	-99	-99	-99	-99
03.04.2003	-99	-99	-99	-99
04.04.2003	-99	-99	-99	-99
05.04.2003	-99	-99	-99	-99
06.04.2003	-99	-99	-99	-99
07.04.2003	-99	-99	-99	-99
08.04.2003	-99	-99	-99	-99
09.04.2003	-99	-99	-99	-99
10.04.2003	-99	-99	-99	-99
11.04.2003	-99	-99	-99	-99
12.04.2003	-99	-99	-99	-99
13.04.2003	-99	-99	-99	-99
14.04.2003	-99	-99	-99	-99
15.04.2003	-99	-99	-99	-99
16.04.2003	-99	-99	-99	-99
17.04.2003	-99	-99	-99	-99
18.04.2003	-99	-99	-99	-99
19.04.2003	-99	-99	-99	-99
20.04.2003	-99	-99	-99	-99
21.04.2003	-99	-99	-99	-99
22.04.2003	-99	-99	-99	-99
23.04.2003	-99	-99	-99	-99
24.04.2003	-99	-99	-99	-99
25.04.2003	-99	-99	-99	-99
26.04.2003	-99	-99	-99	-99
27.04.2003	-99	-99	-99	-99
28.04.2003	-99	-99	-99	-99
29.04.2003	-99	-99	-99	-99
30.04.2003	-99	-99	-99	-99
01.05.2003	-99	-99	-99	-99
02.05.2003	-99	-99	-99	-99
03.05.2003	-99	-99	-99	-99
04.05.2003	-99	-99	-99	-99
05.05.2003	-99	-99	-99	-99
06.05.2003	-99	-99	-99	-99
07.05.2003	-99	-99	-99	-99
08.05.2003	-99	-99	-99	-99
09.05.2003	-99	-99	-99	-99
10.05.2003	-99	-99	-99	-99
11.05.2003	-99	-99	-99	-99
12.05.2003	-99	-99	-99	-99
13.05.2003	-99	-99	-99	-99
14.05.2003	-99	-99	-99	-99
15.05.2003	-99	-99	-99	-99
16.05.2003	-99	-99	-99	-99
17.05.2003	-99	-99	-99	-99
18.05.2003	-99	-99	-99	-99
19.05.2003	-99	-99	-99	-99
20.05.2003	-99	-99	-99	-99
21.05.2003	-99	-99	-99	-99
22.05.2003	-99	-99	-99	-99
23.05.2003	-99	-99	-99	-99
24.05.2003	-99	-99	-99	-99
25.05.2003	-99	-99	-99	-99
26.05.2003	-99	-99	-99	-99
27.05.2003	-99	-99	-99	-99
28.05.2003	-99	-99	-99	-99
29.05.2003	-99	-99	-99	-99
30.05.2003	-99	-99	-99	-99
31.05.2003	-99	-99	-99	-99
01.06.2003	-99	-99	-99	-99
02.06.2003	-99	-99	-99	-99
03.06.2003	-99	-99	-99	-99
04.06.2003	-99	-99	-99	-99
05.06.2003	-99	-99	-99	-99
06.06.2003	-99	-99	-99	-99
07.06.2003	-99	-99	-99	-99
08.06.2003	-99	-99	-99	-99
09.06.2003	-99	-99	-99	-99
10.06.2003	-99	-99	-99	-99
11.06.2003	-99	-99	-99	-99
12.06.2003	-99	-99	-99	-99
13.06.2003	-99	-99	-99	-99
14.06.2003	-99	-99	-99	-99
15.06.2003	-99	-99	-99	-99
16.06.2003	-99	-99	-99	-99
17.06.2003	-99	-99	-99	-99
18.06.2003	-99	-99	-99	-99
19.06.2003	-99	-99	-99	-99
20.06.2003	-99	-99	-99	-99
21.06.2003	-99	-99	-99	-99
22.06.2003	-99	-99	-99	-99
23.06.2003	-99	-99	-99	-99
24.06.2003	-99	-99	-99	-99
25.06.2003	-99	-99	-99	-99
26.06.2003	-99	-99	-99	-99
27.06.2003	-99	-99	-99	-99
28.06.2003	-99	-99	-99	-99
29.06.2003	-99	-99	-99	-99
30.06.2003	-99	-99	-99	-99
01.07.2003	-99	-99	-99	-99
02.07.2003	-99	-99	-99	-99
03.07.2003	-99	-99	-99	-99
04.07.2003	-99	-99	-99	-99
05.07.2003	-99	-99	-99	-99
06.07.2003	-99	-99	-99	-99
07.07.2003	-99	-99	-99	-99
08.07.2003	-99	-99	-99	-99
09.07.2003	-99	-99	-99	-99
10.07.2003	-99	-99	-99	-99
11.07.2003	-99	-99	-99	-99
12.07.2003	-99	-99	-99	-99
13.07.2003	-99	-99	-99	-99
14.07.2003	-99	-99	-99	-99
15.07.2003	-99	-99	-99	-99
16.07.2003	-99	-99	-99	-99
17.07.2003	-99	-99	-99	-99
18.07.2003	-99	-99	-99	-99
19.07.2003	-99	-99	-99	-99
20.07.2003	-99	-99	-99	-99
21.07.2003	-99	-99	-99	-99
22.07.2003	-99	-99	-99	-99
23.07.2003	-99	-99	-99	-99
24.07.2003	-99	-99	-99	-99
25.07.2003	-99	-99	-99	-99
26.07.2003	-99	-99	-99	-99
27.07.2003	-99	-99	-99	-99
28.07.2003	-99	-99	-99	-99
29.07.2003	-99	-99	-99	-99
30.07.2003	-99	-99	-99	-99
31.07.2003	-99	-99	-99	-99
01.08.2003	-99	-99	-99	-99
02.08.2003	-99	-99	-99	-99
03.08.2003	-99	-99	-99	-99
04.08.2003	-99	-99	-99	-99
05.08.2003	-99	-99	-99	-99
06.08.2003	-99	-99	-99	-99
07.08.2003	-99	-99	-99	-99
08.08.2003	-99	-99	-99	-99
09.08.2003	-99	-99	-99	-99
10.08.2003	-99	-99	-99	-99
11.08.2003	-99	-99	-99	-99
12.08.2003	-99	-99	-99	-99
13.08.2003	-99	-99	-99	-99
14.08.2003	-99	-99	-99	-99
15.08.2003	-99	-99	-99	-99
16.08.2003	-99	-99	-99	-99
17.08.2003	-99	-99	-99	-99
18.08.2003	-99	-99	-99	-99
19.08.2003	-99	-99	-99	-99
20.08.2003	-99	-99	-99	-99
21.08.2003	-99	-99	-99	-99
22.08.2003	-99	-99	-99	-99
23.08.2003	-99	-99	-99	-99
24.08.2003	-99	-99	-99	-99
25.08.2003	-99	-99	-99	-99
26.08.2003	-99	-99	-99	-99
27.08.2003	-99	-99	-99	-99
28.08.2003	-99	-99	-99	-99
29.08.2003	-99	-99	-99	-99
30.08.2003	-99	-99	-99	-99
31.08.2003	-99	-99	-99	-99
01.09.2003	-99	-99	-99	-99
02.09.2003	-99	-99	-99	-99
03.09.2003	-99	-99	-99	-99
04.09.2003	-99	-99	-99	-99
05.09.2003	-99	-99	-99	-99
06.09.2003	-99	-99	-99	-99
07.09.2003	-99	-99	-99	-99
08.09.2003	-99	-99	-99	-99
09.09.2003	-99	-99	-99	-99
10.09.2003	-99	-99	-99	-99
11.09.2003	-99	-99	-99	-99
12.09.2003	-99	-99	-99	-99
13.09.2003	-99	-99	-99	-99
14.09.2003	-99	-99	-99	-99
15.09.2003	-99	-99	-99	-99
16.09.2003	-99	-99	-99	-99
17.09.2003	-99	-99	-99	-99
18.09.2003	-99	-99	-99	-99
19.09.2003	-99	-99	-99	-99
20.09.2003	-99	-99	-99	-99
21.09.2003	-99	-99	-99	-99
22.09.2003	-99	-99	-99	-99
23.09.2003	-99	-99	-99	-99
24.09.2003	-99	-99	-99	-99
25.09.2003	-99	-99	-99	-99
26.09.2003	-99	-99	-99	-99
27.09.2003	-99	-99	-99	-99
28.09.2003	-99	-99	-99	-99
29.09.2003	-99	-99	-99	-99
30.09.2003	-99	-99	-99	-99
01.10.2003	-99	-99	-99	-99
02.10.2003	-99	-99	-99	-99
03.10.2003	-99	-99	-99	-99
04.10.2003	-99	-99	-99	-99
05.10.2003	-99	-99	-99	-99
06.10.2003	-99	-99	-99	-99
07.10.2003	-99	-99	-99	-99
08.10.2003	-99	-99	-99	-99
09.10.2003	-99	-99	-99	-99
10.10.2003	-99	-99	-99	-99
11.10.2003	-99	-99	-99	-99
12.10.2003	-99	-99	-99	-99
13.10.2003	-99	-99	-99	-99
14.10.2003	-99	-99	-99	-99
15.10.2003	-99	-99	-99	-99
16.10.2003	-99	-99	-99	-99
17.10.2003	-99	-99	-99	-99
18.10.2003	-99	-99	-99	-99
19.10.2003	-99	-99	-99	-99
20.10.2003	-99	-99	-99	-99
21.10.2003	-99	-99	-99	-99
22.10.2003	-99	-99	-99	-99
23.10.2003	-99	-99	-99	-99
24.10.2003	-99	-99	-99	-99
25.10.2003	-99	-99	-99	-99
26.10.2003	-99	-99	-99	-99
27.10.2003	-99	-99	-99	-99
28.10.2003	-99	-99	-99	-99
29.10.2003	-99	-99	-99	-99
30.10.2003	-99	-99	-99	-99
31.10.2003	-99	-99	-99	-99
01.11.2003	-99	-99	-99	-99
02.11.2003	-99	-99	-99	-99
03.11.2003	-99	-99	-99	-99
04.11.2003	-99	-99	-99	-99
05.11.2003	-99	-99	-99	-99
06.11.2003	-99	-99	-99	-99
07.11.2003	-99	-99	-99	-99
08.11.2003	-99	-99	-99	-99
09.11.2003	-99	-99	-99	-99
10.11.2003	-99	-99	-99	-99
11.11.2003	-99	-99	-99	-99
12.11.2003	-99	-99	-99	-99
13.11.2003	-99	-99	-99	-99
14.11.2003	-99	-99	-99	-99
15.11.2003	-99	-99	-99	-99
16.11.2003	-99	-99	-99	-99
17.11.2003	-99	-99	-99	-99
18.11.2003	-99	-99	-99	-99
19.11.2003	-99	-99	-99	-99
20.11.2003	-99	-99	-99	-99
21.11.2003	-99	-99	-99	-99
22.11.2003	-99	-99	-99	-99
23.11.2003	-99	-99	-99	-99
24.11.2003	-99	-99	-99	-99
25.11.2003	-99	-99	-99	-99
26.11.2003	-99	-99	-99	-99
27.11.2003	-99	-99	-99	-99
28.11.2003	-99	-99	-99	-99
29.11.2003	-99	-99	-99	-99
30.11.2003	-99	-99	-99	-99
01.12.2003	-99	-99	-99	-99
02.12.2003	-99	-99	-99	-99
03.12.2003	-99	-99	-99	-99
04.12.2003	-99	-99	-99	-99
05.12.2003	-99	-99	-99	-99
06.12.2003	-99	-99	-99	-99
07.12.2003	-99	-99	-99	-99
08.12.2003	-99	-99	-99	-99
09.12.2003	-99	-99	-99	-99
10.12.2003	-99	-99	-99	-99
11.12.2003	-99	-99	-99	-99
12.12.2003	-99	-99	-99	-99
13.12.2003	-99	-99	-99	-99
14.12.2003	-99	-99	-99	-99
15.12.2003	-99	-99	-99	-99
16.12.2003	-99	-99	-99	-99
17.12.2003	-99	-99	-99	-99
18.12.2003	-99	-99	-99	-99
19.12.2003	-99	-99	-99	-99
20.12.2003	-99	-99	-99	-99
21.12.2003	-99	-99	-99	-99
22.12.2003	-99	-99	-99	-99
23.12.2003	-99	-99	-99	-99
24.12.2003	-99	-99	-99	-99
25.12.2003	-99	-99	-99	-99
26.12.2003	-99	-99	-99	-99
27.12.2003	-99	-99	-99	-99
28.12.2003	-99	-99	-99	-99
29.12.2003	-99	-99	-99	-99
30.12.2003	-99	-99	-99	-99
31.12.2003	-99	-99	-99	-99
01.01.2004	-99	-99	-99	-99
02.01.2004	-99	-99	-99	-99
03.01.2004	-99	-99	-99	-99
04.01.2004	-99	-99	-99	-99
05.01.2004	-99	-99	-99	-99
06.01.2004	-99	-99	-99	-99
07.01.2004	-99	-99	-99	-99
08.01.2004	-99	-99	-99	-99
09.01.2004	-99	-99	-99	-99
10.01.2004	-99	-99	-99	-99
11.01.2004	-99	-99	-99	-99
12.01.2004	-99	-99	-99	-99
13.01.2004	-99	-99	-99	-99
14.01.2004	-99	-99	-99	-99
15.01.2004	-99	-99	-99	-99
16.01.2004	-99	-99	-99	-99
17.01.2004	-99	-99	-99	-99
18.01.2004	-99	-99	-99	-99
19.01.2004	-99	-99	-99	-99
20.01.2004	-99	-99	-99	-99
21.01.2004	-99	-99	-99	-99
22.01.2004	-99	-99	-99	-99
23.01.2004	-99	-99	-99	-99
24.01.2004	-99	-99	-99	-99
25.01.2004	-99	-99	-99	-99
26.01.2004	-99	-99	-99	-99
27.01.2004	-99	-99	-99	-99
28.01.2004	-99	-99	-99	-99
29.01.2004	-99	-99	-99	-99
30.01.2004	-99	-99	-99	-99
31.01.2004	-99	-99	-99	-99
01.02.2004	-99	-99	-99	-99
02.02.2004	-99	-99	-99	-99
03.02.2004	-99	-99	-99	-99
04.02.2004	-99	-99	-99	-99
05.02.2004	-99	-99	-99	-99
06.02.2004	-99	-99	-99	-99
07.02.2004	-99	-99	-99	-99
08.02.2004	-99	-99	-99	-99
09.02.2004	-99	-99	-99	-99
10.02.2004	-99	-99	-99	-99
11.02.2004	-99	-99	-99	-99
12.02.2004	-99	-99	-99	-99
13.02.2004	-99	-99	-99	-99
14.02.2004	-99	-99	-99	-99
15.02.2004	-99	-99	-99	-99
16.02.2004	-99	-99	-99	-99
17.02.2004	-99	-99	-99	-99
18.02.2004	-99	-99	-99	-99
19.02.2004	-99	-99	-99	-99
20.02.2004	-99	-99	-99	-99
21.02.2004	-99	-99	-99	-99
22.02.2004	-99	-99	-99	-99
23.02.2004	-99	-99	-99	-99
24.02.2004	-99	-99	-99	-99
25.02.2004	-99	-99	-99	-99
26.02.2004	-99	-99	-99	-99
27.02.2004	-99	-99	-99	-99
28.02.2004	-99	-99	-99	-99
29.02.2004	-99	-99	-99	-99
01.03.2004	-99	-99	-99	-99
02.03.2004	-99	-99	-99	-99
03.03.2004	-99	-99	-99	-99
04.03.2004	-99	-99	-99	-99
05.03.2004	-99	-99	-99	-99
06.03.2004	-99	-99	-99	-99
07.03.2004	-99	-99	-99	-99
08.03.2004	-99	-99	-99	-99
09.03.2004	-99	-99	-99	-99
10.03.2004	-99	-99	-99	-99
11.03.2004	-99	-99	-99	-99
12.03.2004	-99	-99	-99	-99
13.03.2004	-99	-99	-99	-99
14.03.2004	-99	-99	-99	-99
15.03.2004	-99	-99	-99	-99
16.03.2004	-99	-99	-99	-99
17.03.2004	-99	-99	-99	-99
18.03.2004	-99	-99	-99	-99
19.03.2004	-99	-99	-99	-99
20.03.2004	-99	-99	-99	-99
21.03.2004	-99	-99	-99	-99
22.03.2004	-99	-99	-99	-99
23.03.2004	-99	-99	-99	-99
24.03.2004	-99	-99	-99	-99
25.03.2004	-99	-99	-99	-99
26.03.2004	-99	-99	-99	-99
27.03.2004	-99	-99	-99	-99
28.03.2004	-99	-99	-99	-99
29.03.2004	-99	-99	-99	-99
30.03.2004	-99	-99	-99	-99
31.03.2004	-99	-99	-99	-99
01.04.2004	-99	-99	-99	-99
02.04.2004	-99	-99	-99	-99
03.04.2004	-99	-99	-99	-99
04.04.2004	-99	-99	-99	-99
05.04.2004	-99	-99	-99	-99
06.04.2004	-99	-99	-99	-99
07.04.2004	-99	-99	-99	-99
08.04.2004	-99	-99	-99	-99
09.04.2004	-99	-99	-99	-99
10.04.2004	-99	-99	-99	-99
11.04.2004	-99	-99	-99	-99
12.04.2004	-99	-99	-99	-99
13.04.2004	-99	-99	-99	-99
14.04.2004	-99	-99	-99	-99
15.04.2004	-99	-99	-99	-99
16.04.2004	-99	-99	-99	-99
17.04.2004	-99	-99	-99	-99
18.04.2004	-99	-99	-99	-99
19.04.2004	-99	-99	-99	-99
20.04.2004	-99	-99	-99	-99
21.04.2004	-99	-99	-99	-99
22.04.2004	-99	-99	-99	-99
23.04.2004	-99	-99	-99	-99
24.04.2004	-99	-99	-99	-99
25.04.2004	-99	-99	-99	-99
26.04.2004	-99	-99	-99	-99
27.04.2004	-99	-99	-99	-99
28.04.2004	-99	-99	-99	-99
29.04.2004	-99	-99	-99	-99
30.04.2004	-99	-99	-99	-99
01.05.2004	-99	-99	-99	-99
02.05.2004	-99	-99	-99	-99
03.05.2004	-99	-99	-99	-99
04.05.2004	-99	-99	-99	-99
05.05.2004	-99	-99	-99	-99
06.05.2004	-99	-99	-99	-99
07.05.2004	-99	-99	-99	-99
08.05.2004	-99	-99	-99	-99
09.05.2004	-99	-99	-99	-99
10.05.2004	-99	-99	-99	-99
11.05.2004	-99	-99	-99	-99
12.05.2004	-99	-99	-99	-99
13.05.2004	-99	-99	-99	-99
14.05.2004	-99	-99	-99	-99
15.05.2004	-99	-99	-99	-99
16.05.2004	-99	-99	-99	-99
17.05.2004	-99	-99	-99	-99
18.05.2004	-99	-99	-99	-99
19.05.2004	-99	-99	-99	-99
20.05.2004	-99	-99	-99	-99
21.05.2004	-99	-99	-99	-99
22.05.2004	-99	-99	-99	-99
23.05.2004	-99	-99	-99	-99
24.05.2004	-99	-99	-99	-99
25.05.2004	-99	-99	-99	-99
26.05.2004	-99	-99	-99	-99
27.05.2004	-99	-99	-99	-99
28.05.2004	-99	-99	-99	-99
29.05.2004	-99	-99	-99	-99
30.05.2004	-99	-99	-99	-99
31.05.2004	-99	-99	-99	-99
01.06.2004	-99	-99	-99	-99
02.06.2004	-99	-99	-99	-99
03.06.2004	-99	-99	-99	-99
04.06.2004	-99	-99	-99	-99
05.06.2004	-99	-99	-99	-99
06.06.2004	-99	-99	-99	-99
07.06.2004	-99	-99	-99	-99
08.06.2004	-99	-99	-99	-99
09.06.2004	-99	-99	-99	-99
10.06.2004	-99	-99	-99	-99
11.06.2004	-99	-99	-99	-99
12.06.2004	-99	-99	-99	-99
13.06.2004	-99	-99	-99	-99
14.06.2004	-99	-99	-99	-99
15.06.2004	-99	-99	-99	-99
16.06.2004	-99	-99	-99	-99
17.06.2004	-99	-99	-99	-99
18.06.2004	-99	-99	-99	-99
19.06.2004	-99	-99	-99	-99
20.06.2004	-99	-99	-99	-99
21.06.2004	-99	-99	-99	-99
22.06.2004	-99	-99	-99	-99
23.06.2004	-99	-99	-99	-99
24.06.2004	-99	-99	-99	-99
25.06.2004	-99	-99	-99	-99
26.06.2004	-99	-99	-99	-99
27.06.2004	-99	-99	-99	-99
28.06.2004	-99	-99	-99	-99
29.06.2004	-99	-99	-99	-99
30.06.2004	-99	-99	-99	-99
01.07.2004	-99	-99	-99	-99
02.07.2004	-99	-99	-99	-99
03.07.2004	-99	-99	-99	-99
04.07.2004	-99	-99	-99	-99
05.07.2004	-99	-99	-99	-99
06.07.2004	-99	-99	-99	-99
07.07.2004	-99	-99	-99	-99
08.07.2004	-99	-99	-99	-99
09.07.2004	-99	-99	-99	-99
10.07.2004	-99	-99	-99	-99
11.07.2004	-99	-99	-99	-99
12.07.2004	-99	-99	-99	-99
13.07.2004	-99	-99	-99	-99
14.07.2004	-99	-99	-99	-99
15.07.2004	-99	-99	-99	-99
16.07.2004	-99	-99	-99	-99
17.07.2004	-99	-99	-99	-99
18.07.2004	-99	-99	-99	-99
19.07.2004	-99	-99	-99	-99
20.07.2004	-99	-99	-99	-99
21.07.2004	-99	-99	-99	-99
22.07.2004	-99	-99	-99	-99
23.07.2004	-99	-99	-99	-99
24.07.2004	-99	-99	-99	-99
25.07.2004	-99	-99	-99	-99
26.07.2004	-99	-99	-99	-99
27.07.2004	-99	-99	-99	-99
28.07.2004	-99	-99	-99	-99
29.07.2004	-99	-99	-99	-99
30.07.2004	-99	-99	-99	-99
31.07.2004	-99	-99	-99	-99
01.08.2004	-99	-99	-99	-99
02.08.2004	-99	-99	-99	-99
03.08.2004	-99	-99	-99	-99
04.08.2004	-99	-99	-99	-99
05.08.2004	-99	-99	-99	-99
06.08.2004	-99	-99	-99	-99
07.08.2004	-99	-99	-99	-99
08.08.2004	-99	-99	-99	-99
09.08.2004	-99	-99	-99	-99
10.08.2004	-99	-99	-99	-99
11.08.2004	-99	-99	-99	-99
12.08.2004	-99	-99	-99	-99
13.08.2004	-99	-99	-99	-99
14.08.2004	-99	-99	-99	-99
15.08.2004	-99	-99	-99	-99
16.08.2004	-99	-99	-99	-99
17.08.2004	-99	-99	-99	-99
18.08.2004	-99	-99	-99	-99
19.08.2004	-99	-99	-99	-99
20.08.2004	-99	-99	-99	-99
21.08.2004	-99	-99	-99	-99
22.08.2004	-99	-99	-99	-99
23.08.2004	-99	-99	-99	-99
24.08.2004	-99	-99	-99	-99
25.08.2004	-99	-99	-99	-99
26.08.2004	-99	-99	-99	-99
27.08.2004	-99	-99	-99	-99
28.08.2004	-99	-99	-99	-99
29.08.2004	-99	-99	-99	-99
30.08.2004	-99	-99	-99	-99
31.08.2004	-99	-99	-99	-99
01.09.2004	-99	-99	-99	-99
02.09.2004	-99	-99	-99	-99
03.09.2004	-99	-99	-99	-99
04.09.2004	-99	-99	-99	-99
05.09.2004	-99	-99	-99	-99
06.09.2004	-99	-99	-99	-99
07.09.2004	-99	-99	-99	-99
08.09.2004	-99	-99	-99	-99
09.09.2004	-99	-99	-99	-99
10.09.2004	-99	-99	-99	-99
11.09.2004	-99	-99	-99	-99
12.09.2004	-99	-99	-99	-99
13.09.2004	-99	-99	-99	-99
14.09.2004	-99	-99	-99	-99
15.09.2004	-99	-99	-99	-99
16.09.2004	-99	-99	-99	-99
17.09.2004	-99	-99	-99	-99
18.09.2004	-99	-99	-99	-99
19.09.2004	-99	-99	-99	-99
20.09.2004	-99	-99	-99	-99
21.09.2004	-99	-99	-99	-99
22.09.2004	-99	-99	-99	-99
23.09.2004	-99	-99	-99	-99
24.09.2004	-99	-99	-99	-99
25.09.2004	-99	-99	-99	-99
26.09.2004	-99	-99	-99	-99
27.09.2004	-99	-99	-99	-99
28.09.2004	-99	-99	-99	-99
29.09.2004	-99	-99	-99	-99
30.09.2004	-99	-99	-99	-99
01.10.2004	-99	-99	-99	-99
02.10.2004	-99	-99	-99	-99
03.10.2004	-99	-99	-99	-99
04.10.2004	-99	-99	-99	-99
05.10.2004	-99	-99	-99	-99
06.10.2004	-99	-99	-99	-99
07.10.2004	-99	-99	-99	-99
08.10.2004	-99	-99	-99	-99
09.10.2004	-99	-99	-99	-99
10.10.2004	-99	-99	-99	-99
11.10.2004	-99	-99	-99	-99
12.10.2004	-99	-99	-99	-99
13.10.2004	-99	-99	-99	-99
14.10.2004	-99	-99	-99	-99
15.10.2004	-99	-99	-99	-99
16.10.2004	-99	-99	-99	-99
17.10.2004	-99	-99	-99	-99
18.10.2004	-99	-99	-99	-99
19.10.2004	-99	-99	-99	-99
20.10.2004	-99	-99	-99	-99
21.10.2004	-99	-99	-99	-99
22.10.2004	-99	-99	-99	-99
23.10.2004	-99	-99	-99	-99
24.10.2004	-99	-99	-99	-99
25.10.2004	-99	-99	-99	-99
26.10.2004	-99	-99	-99	-99
27.10.2004	-99	-99	-99	-99
28.10.2004	-99	-99	-99	-99
29.10.2004	-99	-99	-99	-99
30.10.2004	-99	-99	-99	-99
31.10.2004	-99	-99	-99	-99
01.11.2004	-99	-99	-99	-99
02.11.2004	-99	-99	-99	-99
03.11.2004	-99	-99	-99	-99
04.11.2004	-99	-99	-99	-99
05.11.2004	-99	-99	-99	-99
06.11.2004	-99	-99	-99	-99
07.11.2004	-99	-99	-99	-99
08.11.2004	-99	-99	-99	-99
09.11.2004	-99	-99	-99	-99
10.11.2004	-99	-99	-99	-99
11.11.2004	-99	-99	-99	-99
12.11.2004	-99	-99	-99	-99
13.11.2004	-99	-99	-99	-99
14.11.2004	-99	-99	-99	-99
15.11.2004	-99	-99	-99	-99
16.11.2004	-99	-99	-99	-99
17.11.2004	-99	-99	-99	-99
18.11.2004	-99	-99	-99	-99
19.11.2004	-99	-99	-99	-99
20.11.2004	-99	-99	-99	-99
21.11.2004	-99	-99	-99	-99
22.11.2004	-99	-99	-99	-99
23.11.2004	-99	-99	-99	-99
24.11.2004	-99	-99	-99	-99
25.11.2004	-99	-99	-99	-99
26.11.2004	-99	-99	-99	-99
27.11.2004	-99	-99	-99	-99
28.11.2004	-99	-99	-99	-99
29.11.2004	-99	-99	-99	-99
30.11.2004	-99	-99	-99	-99
01.12.2004	-99	-99	-99	-99
02.12.2004	-99	-99	-99	-99
03.12.2004	-99	-99	-99	-99
04.12.2004	-99	-99	-99	-99
05.12.2004	-99	-99	-99	-99
06.12.2004	-99	-99	-99	-99
07.12.2004	-99	-99	-99	-99
08.12.2004	-99	-99	-99	-99
09.12.2004	-99	-99	-99	-99
10.12.2004	-99	-99	-99	-99
11.12.2004	-99	-99	-99	-99
12.12.2004	-99	-99	-99	-99
13.12.2004	-99	-99	-99	-99
14.12.2004	-99	-99	-99	-99
15.12.2004	-99	-99	-99	-99
16.12.2004	-99	-99	-99	-99
17.12.2004	-99	-99	-99	-99
18.12.2004	-99	-99	-99	-99
19.12.2004	-99	-99	-99	-99
20.12.2004	-99	-99	-99	-99
21.12.2004	-99	-99	-99	-99
22.12.2004	-99	-99	-99	-99
23.12.2004	-99	-99	-99	-99
24.12.2004	-99	-99	-99	-99
25.12.2004	-99	-99	-99	-99
26.12.2004	-99	-99	-99	-99
27.12.2004	-99	-99	-99	-99
28.12.2004	-99	-99	-99	-99
29.12.2004	-99	-99	-99	-99
30.12.2004	-99	-99	-99	-99
31.12.2004	-99	-99	-99	-99
01.01.2005	-99	-99	-99	-99
02.01.2005	-99	-99	-99	-99
03.01.2005	-99	-99	-99	-99
04.01.2005	-99	-99	-99	-99
05.01.2005	-99	-99	-99	-99
06.01.2005	-99	-99	-99	-99
07.01.2005	-99	-99	-99	-99
08.01.2005	-99	-99	-99	-99
09.01.2005	-99	-99	-99	-99
10.01.2005	-99	-99	-99	-99
11.01.2005	-99	-99	-99	-99
12.01.2005	-99	-99	-99	-99
13.01.2005	-99	-99	-99	-99
14.01.2005	-99	-99	-99	-99
15.01.2005	-99	-99	-99	-99
16.01.2005	-99	-99	-99	-99
17.01.2005	-99	-99	-99	-99
18.01.2005	-99	-99	-99	-99
19.01.2005	-99	-99	-99	-99
20.01.2005	-99	-99	-99	-99
21.01.2005	-99	-99	-99	-99
22.01.2005	-99	-99	-99	-99
23.01.2005	-99	-99	-99	-99
24.01.2005	-99	-99	-99	-99
25.01.2005	-99	-99	-99	-99
26.01.2005	-99	-99	-99	-99
27.01.2005	-99	-99	-99	-99
28.01.2005	-99	-99	-99	-99
29.01.2005	-99	-99	-99	-99
30.01.2005	-99	-99	-99	-99
31.01.2005	-99	-99	-99	-99
01.02.2005	-99	-99	-99	-99
02.02.2005	-99	-99	-99	-99
03.02.2005	-99	-99	-99	-99
04.02.2005	-99	-99	-99	-99
05.02.2005	-99	-99	-99	-99
06.02.2005	-99	-99	-99	-99
07.02.2005	-99	-99	-99	-99
08.02.2005	-99	-99	-99	-99
09.02.2005	-99	-99	-99	-99
10.02.2005	-99	-99	-99	-99
11.02.2005	-99	-99	-99	-99
12.02.2005	-99	-99	-99	-99
13.02.2005	-99	-99	-99	-99
14.02.2005	-99	-99	-99	-99
15.02.2005	-99	-99	-99	-99
16.02.2005	-99	-99	-99	-99
17.02.2005	-99	-99	-99	-99
18.02.2005	-99	-99	-99	-99
19.02.2005	-99	-99	-99	-99
20.02.2005	-99	-99	-99	-99
21.02.2005	-99	-99	-99	-99
22.02.2005	-99	-99	-99	-99
23.02.2005	-99	-99	-99	-99
24.02.2005	-99	-99	-99	-99
25.02.2005	-99	-99	-99	-99
26.02.2005	-99	-99	-99	-99
27.02.2005	-99	-99	-99	-99
28.02.2005	-99	-99	-99	-99
01.03.2005	-99	-99	-99	-99
02.03.2005	-99	-99	-99	-99
03.03.2005	-99	-99	-99	-99
04.03.2005	-99	-99	-99	-99
05.03.2005	-99	-99	-99	-99
06.03.2005	-99	-99	-99	-99
07.03.2005	-99	-99	-99	-99
08.03.2005	-99	-99	-99	-99
09.03.2005	-99	-99	-99	-99
10.03.2005	-99	-99	-99	-99
11.03.2005	-99	-99	-99	-99
12.03.2005	-99	-99	-99	-99
13.03.2005	-99	-99	-99	-99
14.03.2005	-99	-99	-99	-99
15.03.2005	-99	-99	-99	-99
16.03.2005	-99	-99	-99	-99
17.03.2005	-99	-99	-99	-99
18.03.2005	-99	-99	-99	-99
19.03.2005	-99	-99	-99	-99
20.03.2005	-99	-99	-99	-99
21.03.2005	-99	-99	-99	-99
22.03.2005	-99	-99	-99	-99
23.03.2005	-99	-99	-99	-99
24.03.2005	-99	-99	-99	-99
25.03.2005	-99	-99	-99	-99
26.03.2005	-99	-99	-99	-99
27.03.2005	-99	-99	-99	-99
28.03.2005	-99	-99	-99	-99
29.03.2005	-99	-99	-99	-99
30.03.2005	-99	-99	-99	-99
31.03.2005	-99	-99	-99	-99
01.04.2005	-99	-99	-99	-99
02.04.2005	-99	-99	-99	-99
03.04.2005	-99	-99	-99	-99
04.04.2005	-99	-99	-99	-99
05.04.2005	-99	-99	-99	-99
06.04.2005	-99	-99	-99	-99
07.04.2005	-99	-99	-99	-99
08.04.2005	-99	-99	-99	-99
09.04.2005	-99	-99	-99	-99
10.04.2005	-99	-99	-99	-99
11.04.2005	-99	-99	-99	-99
12.04.2005	-99	-99	-99	-99
13.04.2005	-99	-99	-99	-99
14.04.2005	-99	-99	-99	-99
15.04.2005	-99	-99	-99	-99
16.04.2005	-99	-99	-99	-99
17.04.2005	-99	-99	-99	-99
18.04.2005	-99	-99	-99	-99
19.04.2005	-99	-99	-99	-99
20.04.2005	-99	-99	-99	-99
21.04.2005	-99	-99	-99	-99
22.04.2005	-99	-99	-99	-99
23.04.2005	-99	-99	-99	-99
24.04.2005	-99	-99	-99	-99
25.04.2005	-99	-99	-99	-99
26.04.2005	-99	-99	-99	-99
27.04.2005	-99	-99	-99	-99
28.04.2005	-99	-99	-99	-99
29.04.2005	-99	-99	-99	-99
30.04.2005	-99	-99	-99	-99
01.05.2005	-99	-99	-99	-99
02.05.2005	-99	-99	-99	-99
03.05.2005	-99	-99	-99	-99
04.05.2005	-99	-99	-99	-99
05.05.2005	-99	-99	-99	-99
06.05.2005	-99	-99	-99	-99
07.05.2005	-99	-99	-99	-99
08.05.2005	-99	-99	-99	-99
09.05.2005	-99	-99	-99	-99
10.05.2005	-99	-99	-99	-99
11.05.2005	-99	-99	-99	-99
12.05.2005	-99	-99	-99	-99
13.05.2005	-99	-99	-99	-99
14.05.2005	-99	-99	-99	-99
15.05.2005	-99	-99	-99	-99
16.05.2005	-99	-99	-99	-99
17.05.2005	-99	-99	-99	-99
18.05.2005	-99	-99	-99	-99
19.05.2005	-99	-99	-99	-99
20.05.2005	-99	-99	-99	-99
21.05.2005	-99	-99	-99	-99
22.05.2005	-99	-99	-99	-99
23.05.2005	-99	-99	-99	-99
24.05.2005	-99	-99	-99	-99
25.05.2005	-99	-99	-99	-99
26.05.2005	-99	-99	-99	-99
27.05.2005	-99	-99	-99	-99
28.05.2005	-99	-99	-99	-99
29.05.2005	-99	-99	-99	-99
30.05.2005	-99	-99	-99	-99
31.05.2005	-99	-99	-99	-99
01.06.2005	-99	-99	-99	-99
02.06.2005	-99	-99	-99	-99
03.06.2005	-99	-99	-99	-99
04.06.2005	-99	-99	-99	-99
05.06.2005	-99	-99	-99	-99
06.06.2005	-99	-99	-99	-99
07.06.2005	-99	-99	-99	-99
08.06.2005	-99	-99	-99	-99
09.06.2005	-99	-99	-99	-99
10.06.2005	-99	-99	-99	-99
11.06.2005	-99	-99	-99	-99
12.06.2005	-99	-99	-99	-99
13.06.2005	-99	-99	-99	-99
14.06.2005	-99	-99	-99	-99
15.06.2005	-99	-99	-99	-99
16.06.2005	-99	-99	-99	-99
17.06.2005	-99	-99	-99	-99
18.06.2005	-99	-99	-99	-99
19.06.2005	-99	-99	-99	-99
20.06.2005	-99	-99	-99	-99
21.06.2005	-99	-99	-99	-99
22.06.2005	-99	-99	-99	-99
23.06.2005	-99	-99	-99	-99
24.06.2005	-99	-99	-99	-99
25.06.2005	-99	-99	-99	-99
26.06.2005	-99	-99	-99	-99
27.06.2005	-99	-99	-99	-99
28.06.2005	-99	-99	-99	-99
29.06.2005	-99	-99	-99	-99
30.06.2005	-99	-99	-99	-99
01.07.2005	-99	-99	-99	-99
02.07.2005	-99	-99	-99	-99
03.07.2005	-99	-99	-99	-99
04.07.2005	-99	-99	-99	-99
05.07.2005	-99	-99	-99	-99
06.07.2005	-99	-99	-99	-99
07.07.2005	-99	-99	-99	-99
08.07.2005	-99	-99	-99	-99
09.07.2005	-99	-99	-99	-99
10.07.2005	-99	-99	-99	-99
11.07.2005	-99	-99	-99	-99
12.07.2005	-99	-99	-99	-99
13.07.2005	-99	-99	-99	-99
14.07.2005	-99	-99	-99	-99
15.07.2005	-99	-99	-99	-99
16.07.2005	-99	-99	-99	-99
17.07.2005	-99	-99	-99	-99
18.07.2005	-99	-99	-99	-99
19.07.2005	-99	-99	-99	-99
20.07.2005	-99	-99	-99	-99
21.07.2005	-99	-99	-99	-99
22.07.2005	-99	-99	-99	-99
23.07.2005	-99	-99	-99	-99
24.07.2005	-99	-99	-99	-99
25.07.2005	-99	-99	-99	-99
26.07.2005	-99	-99	-99	-99
27.07.2005	-99	-99	-99	-99
28.07.2005	-99	-99	-99	-99
29.07.2005	-99	-99	-99	-99
30.07.2005	-99	-99	-99	-99
31.07.2005	-99	-99	-99	-99
01.08.2005	-99	-99	-99	-99
02.08.2005	-99	-99	-99	-99
03.08.2005	-99	-99	-99	-99
04.08.2005	-99	-99	-99	-99
05.08.2005	-99	-99	-99	-99
06.08.2005	-99	-99	-99	-99
07.08.2005	-99	-99	-99	-99
08.08.2005	-99	-99	-99	-99
09.08.2005	-99	-99	-99	-99
10.08.2005	-99	-99	-99	-99
11.08.2005	-99	-99	-99	-99
12.08.2005	-99	-99	-99	-99
13.08.2005	-99	-99	-99	-99
14.08.2005	-99	-99	-99	-99
15.08.2005	-99	-99	-99	-99
16.08.2005	-99	-99	-99	-99
17.08.2005	-99	-99	-99	-99
18.08.2005	-99	-99	-99	-99
19.08.2005	-99	-99	-99	-99
20.08.2005	-99	-99	-99	-99
21.08.2005	-99	-99	-99	-99
22.08.2005	-99	-99	-99	-99
23.08.2005	-99	-99	-99	-99
24.08.2005	-99	-99	-99	-99
25.08.2005	-99	-99	-99	-99
26.08.2005	-99	-99	-99	-99
27.08.2005	-99	-99	-99	-99
28.08.2005	-99	-99	-99	-99
29.08.2005	-99	-99	-99	-99
30.08.2005	-99	-99	-99	-99
31.08.2005	-99	-99	-99	-99
01.09.2005	-99	-99	-99	-99
02.09.2005	-99	-99	-99	-99
03.09.2005	-99	-99	-99	-99
04.09.2005	-99	-99	-99	-99
05.09.2005	-99	-99	-99	-99
06.09.2005	-99	-99	-99	-99
07.09.2005	-99	-99	-99	-99
08.09.2005	-99	-99	-99	-99
09.09.2005	-99	-99	-99	-99
10.09.2005	-99	-99	-99	-99
11.09.2005	-99	-99	-99	-99
12.09.2005	-99	-99	-99	-99
13.09.2005	-99	-99	-99	-99
14.09.2005	-99	-99	-99	-99
15.09.2005	-99	-99	-99	-99
16.09.2005	-99	-99	-99	-99
17.09.2005	-99	-99	-99	-99
18.09.2005	-99	-99	-99	-99
19.09.2005	-99	-99	-99	-99
20.09.2005	-99	-99	-99	-99
21.09.2005	-99	-99	-99	-99
22.09.2005	-99	-99	-99	-99
23.09.2005	-99	-99	-99	-99
24.09.2005	-99	-99	-99	-99
25.09.2005	-99	-99	-99	-99
26.09.2005	-99	-99	-99	-99
27.09.2005	-99	-99	-99	-99
28.09.2005	-99	-99	-99	-99
29.09.2005	-99	-99	-99	-99
30.09.2005	-99	-99	-99	-99
01.10.2005	-99	-99	-99	-99
02.10.2005	-99	-99	-99	-99
03.10.2005	-99	-99	-99	-99
04.10.2005	-99	-99	-99	-99
05.10.2005	-99	-99	-99	-99
06.10.2005	-99	-99	-99	-99
07.10.2005	-99	-99	-99	-99
08.10.2005	-99	-99	-99	-99
09.10.2005	-99	-99	-99	-99
10.10.2005	-99	-99	-99	-99
11.10.2005	-99	-99	-99	-99
12.10.2005	-99	-99	-99	-99
13.10.2005	-99	-99	-99	-99
14.10.2005	-99	-99	-99	-99
15.10.2005	-99	-99	-99	-99
16.10.2005	-99	-99	-99	-99
17.10.2005	-99	-99	-99	-99
18.10.2005	-99	-99	-99	-99
19.10.2005	-99	-99	-99	-99
20.10.2005	-99	-99	-99	-99
21.10.2005	-99	-99	-99	-99
22.10.2005	-99	-99	-99	-99
23.10.2005	-99	-99	-99	-99
24.10.2005	-99	-99	-99	-99
25.10.2005	-99	-99	-99	-99
26.10.2005	-99	-99	-99	-99
27.10.2005	-99	-99	-99	-99
28.10.2005	-99	-99	-99	-99
29.10.2005	-99	-99	-99	-99
30.10.2005	-99	-99	-99	-99
31.10.2005	-99	-99	-99	-99
01.11.2005	-99	-99	-99	-99
02.11.2005	-99	-99	-99	-99
03.11.2005	-99	-99	-99	-99
04.11.2005	-99	-99	-99	-99
05.11.2005	-99	-99	-99	-99
06.11.2005	-99	-99	-99	-99
07.11.2005	-99	-99	-99	-99
08.11.2005	-99	-99	-99	-99
09.11.2005	-99	-99	-99	-99
10.11.2005	-99	-99	-99	-99
11.11.2005	-99	-99	-99	-99
12.11.2005	-99	-99	-99	-99
13.11.2005	-99	-99	-99	-99
14.11.2005	-99	-99	-99	-99
15.11.2005	-99	-99	-99	-99
16.11.2005	-99	-99	-99	-99
17.11.2005	-99	-99	-99	-99
18.11.2005	-99	-99	-99	-99
19.11.2005	-99	-99	-99	-99
20.11.2005	-99	-99	-99	-99
21.11.2005	-99	-99	-99	-99
22.11.2005	-99	-99	-99	-99
23.11.2005	-99	-99	-99	-99
24.11.2005	-99	-99	-99	-99
25.11.2005	-99	-99	-99	-99
26.11.2005	-99	-99	-99	-99
27.11.2005	-99	-99	-99	-99
28.11.2005	-99	-99	-99	-99
29.11.2005	-99	-99	-99	-99
30.11.2005	-99	-99	-99	-99
01.12.2005	-99	-99	-99	-99
02.12.2005	-99	-99	-99	-99
03.12.2005	-99	-99	-99	-99
04.12.2005	-99	-99	-99	-99
05.12.2005	-99	-99	-99	-99
06.12.2005	-99	-99	-99	-99
07.12.2005	-99	-99	-99	-99
08.12.2005	-99	-99	-99	-99
09.12.2005	-99	-99	-99	-99
10.12.2005	-99	-99	-99	-99
11.12.2005	-99	-99	-99	-99
12.12.2005	-99	-99	-99	-99
13.12.2005	-99	-99	-99	-99
14.12.2005	-99	-99	-99	-99
15.12.2005	-99	-99	-99	-99
16.12.2005	-99	-99	-99	-99
17.12.2005	-99	-99	-99	-99
18.12.2005	-99	-99	-99	-99
19.12.2005	-99	-99	-99	-99
20.12.2005	-99	-99	-99	-99
21.12.2005	-99	-99	-99	-99
22.12.2005	-99	-99	-99	-99
23.12.2005	-99	-99	-99	-99
24.12.2005	-99	-99	-99	-99
25.12.2005	-99	-99	-99	-99
26.12.2005	-99	-99	-99	-99
27.12.2005	-99	-99	-99	-99
28.12.2005	-99	-99	-99	-99
29.12.2005	-99	-99	-99	-99
30.12.2005	-99	-99	-99	-99
31.12.2005	-99	-99	-99	-99
01.01.2006	-99	-99	-99	-99
02.01.2006	-99	-99	-99	-99
03.01.2006	-99	-99	-99	-99
04.01.2006	-99	-99	-99	-99
05.01.2006	-99	-99	-99	-99
06.01.2006	-99	-99	-99	-99
07.01.2006	-99	-99	-99	-99
08.01.2006	-99	-99	-99	-99
09.01.2006	-99	-99	-99	-99
10.01.2006	-99	-99	-99	-99
11.01.2006	-99	-99	-99	-99
12.01.2006	-99	-99	-99	-99
13.01.2006	-99	-99	-99	-99
14.01.2006	-99	-99	-99	-99
15.01.2006	-99	-99	-99	-99
16.01.2006	-99	-99	-99	-99
17.01.2006	-99	-99	-99	-99
18.01.2006	-99	-99	-99	-99
19.01.2006	-99	-99	-99	-99
20.01.2006	-99	-99	-99	-99
21.01.2006	-99	-99	-99	-99
22.01.2006	-99	-99	-99	-99
23.01.2006	-99	-99	-99	-99
24.01.2006	-99	-99	-99	-99
25.01.2006	-99	-99	-99	-99
26.01.2006	-99	-99	-99	-99
27.01.2006	-99	-99	-99	-99
28.01.2006	-99	-99	-99	-99
29.01.2006	-99	-99	-99	-99
30.01.2006	-99	-99	-99	-99
31.01.2006	-99	-99	-99	-99
01.02.2006	-99	-99	-99	-99
02.02.2006	-99	-99	-99	-99
03.02.2006	-99	-99	-99	-99
04.02.2006	-99	-99	-99	-99
05.02.2006	-99	-99	-99	-99
06.02.2006	-99	-99	-99	-99
07.02.2006	-99	-99	-99	-99
08.02.2006	-99	-99	-99	-99
09.02.2006	-99	-99	-99	-99
10.02.2006	-99	-99	-99	-99
11.02.2006	-99	-99	-99	-99
12.02.2006	-99	-99	-99	-99
13.02.2006	-99	-99	-99	-99
14.02.2006	-99	-99	-99	-99
15.02.2006	-99	-99	-99	-99
16.02.2006	-99	-99	-99	-99
17.02.2006	-99	-99	-99	-99
18.02.2006	-99	-99	-99	-99
19.02.2006	-99	-99	-99	-99
20.02.2006	-99	-99	-99	-99
21.02.2006	-99	-99	-99	-99
22.02.2006	-99	-99	-99	-99
23.02.2006	-99	-99	-99	-99
24.02.2006	-99	-99	-99	-99
25.02.2006	-99	-99	-99	-99
26.02.2006	-99	-99	-99	-99
27.02.2006	-99	-99	-99	-99
28.02.2006	-99	-99	-99	-99
01.03.2006	-99	-99	-99	-99
02.03.2006	-99	-99	-99	-99
03.03.2006	-99	-99	-99	-99
04.03.2006	-99	-99	-99	-99
05.03.2006	-99	-99	-99	-99
06.03.2006	-99	-99	-99	-99
07.03.2006	-99	-99	-99	-99
08.03.2006	-99	-99	-99	-99
09.03.2006	-99	-99	-99	-99
10.03.2006	-99	-99	-99	-99
11.03.2006	-99	-99	-99	-99
12.03.2006	-99	-99	-99	-99
13.03.2006	-99	-99	-99	-99
14.03.2006	-99	-99	-99	-99
15.03.2006	-99	-99	-99	-99
16.03.2006	-99	-99	-99	-99
17.03.2006	-99	-99	-99	-99
18.03.2006	-99	-99	-99	-99
19.03.2006	-99	-99	-99	-99
20.03.2006	-99	-99	-99	-99
21.03.2006	-99	-99	-99	-99
22.03.2006	-99	-99	-99	-99
23.03.2006	-99	-99	-99	-99
24.03.2006	-99	-99	-99	-99
25.03.2006	-99	-99	-99	-99
26.03.2006	-99	-99	-99	-99
27.03.2006	-99	-99	-99	-99
28.03.2006	-99	-99	-99	-99
29.03.2006	-99	-99	-99	-99
30.03.2006	-99	-99	-99	-99
31.03.2006	-99	-99	-99	-99
01.04.2006	-99	-99	-99	-99
02.04.2006	-99	-99	-99	-99
03.04.2006	-99	-99	-99	-99
04.04.2006	-99	-99	-99	-99
05.04.2006	-99	-99	-99	-99
06.04.2006	-99	-99	-99	-99
07.04.2006	-99	-99	-99	-99
08.04.2006	-99	-99	-99	-99
09.04.2006	-99	-99	-99	-99
10.04.2006	-99	-99	-99	-99
11.04.2006	-99	-99	-99	-99
12.04.2006	-99	-99	-99	-99
13.04.2006	-99	-99	-99	-99
14.04.2006	-99	-99	-99	-99
15.04.2006	-99	-99	-99	-99
16.04.2006	-99	-99	-99	-99
17.04.2006	-99	-99	-99	-99
18.04.2006	-99	-99	-99	-99
19.04.2006	-99	-99	-99	-99
20.04.2006	-99	-99	-99	-99
21.04.2006	-99	-99	-99	-99
22.04.2006	-99	-99	-99	-99
23.04.2006	-99	-99	-99	-99
24.04.2006	-99	-99	-99	-99
25.04.2006	-99	-99	-99	-99
26.04.2006	-99	-99	-99	-99
27.04.2006	-99	-99	-99	-99
28.04.2006	-99	-99	-99	-99
29.04.2006	-99	-99	-99	-99
30.04.2006	-99	-99	-99	-99
01.05.2006	-99	-99	-99	-99
02.05.2006	-99	-99	-99	-99
03.05.2006	-99	-99	-99	-99
04.05.2006	-99	-99	-99	-99
05.05.2006	-99	-99	-99	-99
06.05.2006	-99	-99	-99	-99
07.05.2006	-99	-99	-99	-99
08.05.2006	-99	-99	-99	-99
09.05.2006	-99	-99	-99	-99
10.05.2006	-99	-99	-99	-99
11.05.2006	-99	-99	-99	-99
12.05.2006	-99	-99	-99	-99
13.05.2006	-99	-99	-99	-99
14.05.2006	-99	-99	-99	-99
15.05.2006	-99	-99	-99	-99
16.05.2006	-99	-99	-99	-99
17.05.2006	-99	-99	-99	-99
18.05.2006	-99	-99	-99	-99
19.05.2006	-99	-99	-99	-99
20.05.2006	-99	-99	-99	-99
21.05.2006	-99	-99	-99	-99
22.05.2006	-99	-99	-99	-99
23.05.2006	-99	-99	-99	-99
24.05.2006	-99	-99	-99	-99
25.05.2006	-99	-99	-99	-99
26.05.2006	-99	-99	-99	-99
27.05.2006	-99	-99	-99	-99
28.05.2006	-99	-99	-99	-99
29.05.2006	-99	-99	-99	-99
30.05.2006	-99	-99	-99	-99
31.05.2006	-99	-99	-99	-99
01.06.2006	-99	-99	-99	-99
02.06.2006	-99	-99	-99	-99
03.06.2006	-99	-99	-99	-99
04.06.2006	-99	-99	-99	-99
05.06.2006	-99	-99	-99	-99
06.06.2006	-99	-99	-99	-99
07.06.2006	-99	-99	-99	-99
08.06.2006	-99	-99	-99	-99
09.06.2006	-99	-99	-99	-99
10.06.2006	-99	-99	-99	-99
11.06.2006	-99	-99	-99	-99
12.06.2006	-99	-99	-99	-99
13.06.2006	-99	-99	-99	-99
14.06.2006	-99	-99	-99	-99
15.06.2006	-99	-99	-99	-99
16.06.2006	-99	-99	-99	-99
17.06.2006	-99	-99	-99	-99
18.06.2006	-99	-99	-99	-99
19.06.2006	-99	-99	-99	-99
20.06.2006	-99	-99	-99	-99
21.06.2006	-99	-99	-99	-99
22.06.2006	-99	-99	-99	-99
23.06.2006	-99	-99	-99	-99
24.06.2006	-99	-99	-99	-99
25.06.2006	-99	-99	-99	-99
26.06.2006	-99	-99	-99	-99
27.06.2006	-99	-99	-99	-99
28.06.2006	-99	-99	-99	-99
29.06.2006	-99	-99	-99	-99
30.06.2006	-99	-99	-99	-99
01.07.2006	-99	-99	-99	-99
02.07.2006	-99	-99	-99	-99
03.07.2006	-99	-99	-99	-99
04.07.2006	-99	-99	-99	-99
05.07.2006	-99	-99	-99	-99
06.07.2006	-99	-99	-99	-99
07.07.2006	-99	-99	-99	-99
08.07.2006	-99	-99	-99	-99
09.07.2006	-99	-99	-99	-99
10.07.2006	-99	-99	-99	-99
11.07.2006	-99	-99	-99	-99
12.07.2006	-99	-99	-99	-99
13.07.2006	-99	-99	-99	-99
14.07.2006	-99	-99	-99	-99
15.07.2006	-99	-99	-99	-99
16.07.2006	-99	-99	-99	-99
17.07.2006	-99	-99	-99	-99
18.07.2006	-99	-99	-99	-99
19.07.2006	-99	-99	-99	-99
20.07.2006	-99	-99	-99	-99
21.07.2006	-99	-99	-99	-99
22.07.2006	-99	-99	-99	-99
23.07.2006	-99	-99	-99	-99
24.07.2006	-99	-99	-99	-99
25.07.2006	-99	-99	-99	-99
26.07.2006	-99	-99	-99	-99
27.07.2006	-99	-99	-99	-99
28.07.2006	-99	-99	-99	-99
29.07.2006	-99	-99	-99	-99
30.07.2006	-99	-99	-99	-99
31.07.2006	-99	-99	-99	-99
01.08.2006	-99	-99	-99	-99
02.08.2006	-99	-99	-99	-99
03.08.2006	-99	-99	-99	-99
04.08.2006	-99	-99	-99	-99
05.08.2006	-99	-99	-99	-99
06.08.2006	-99	-99	-99	-99
07.08.2006	-99	-99	-99	-99
08.08.2006	-99	-99	-99	-99
09.08.2006	-99	-99	-99	-99
10.08.2006	-99	-99	-99	-99
11.08.2006	-99	-99	-99	-99
12.08.2006	-99	-99	-99	-99
13.08.2006	-99	-99	-99	-99
14.08.2006	-99	-99	-99	-99
15.08.2006	-99	-99	-99	-99
16.08.2006	-99	-99	-99	-99
17.08.2006	-99	-99	-99	-99
18.08.2006	-99	-99	-99	-99
19.08.2006	-99	-99	-99	-99
20.08.2006	-99	-99	-99	-99
21.08.2006	-99	-99	-99	-99
22.08.2006	-99	-99	-99	-99
23.08.2006	-99	-99	-99	-99
24.08.2006	-99	-99	-99	-99
25.08.2006	-99	-99	-99	-99
26.08.2006	-99	-99	-99	-99
27.08.2006	-99	-99	-99	-99
28.08.2006	-99	-99	-99	-99
29.08.2006	-99	-99	-99	-99
30.08.2006	-99	-99	-99	-99
31.08.2006	-99	-99	-99	-99
01.09.2006	-99	-99	-99	-99
02.09.2006	-99	-99	-99	-99
03.09.2006	-99	-99	-99	-99
04.09.2006	-99	-99	-99	-99
05.09.2006	-99	-99	-99	-99
06.09.2006	-99	-99	-99	-99
07.09.2006	-99	-99	-99	-99
08.09.2006	-99	-99	-99	-99
09.09.2006	-99	-99	-99	-99
10.09.2006	-99	-99	-99	-99
11.09.2006	-99	-99	-99	-99
12.09.2006	-99	-99	-99	-99
13.09.2006	-99	-99	-99	-99
14.09.2006	-99	-99	-99	-99
15.09.2006	-99	-99	-99	-99
16.09.2006	-99	-99	-99	-99
17.09.2006	-99	-99	-99	-99
18.09.2006	-99	-99	-99	-99
19.09.2006	-99	-99	-99	-99
20.09.2006	-99	-99	-99	-99
21.09.2006	-99	-99	-99	-99
22.09.2006	-99	-99	-99	-99
23.09.2006	-99	-99	-99	-99
24.09.2006	-99	-99	-99	-99
25.09.2006	-99	-99	-99	-99
26.09.2006	-99	-99	-99	-99
27.09.2006	-99	-99	-99	-99
28.09.2006	-99	-99	-99	-99
29.09.2006	-99	-99	-99	-99
30.09.2006	-99	-99	-99	-99
01.10.2006	-99	-99	-99	-99
02.10.2006	-99	-99	-99	-99
03.10.2006	-99	-99	-99	-99
04.10.2006	-99	-99	-99	-99
05.10.2006	-99	-99	-99	-99
06.10.2006	-99	-99	-99	-99
07.10.2006	-99	-99	-99	-99
08.10.2006	-99	-99	-99	-99
09.10.2006	-99	-99	-99	-99
10.10.2006	-99	-99	-99	-99
11.10.2006	-99	-99	-99	-99
12.10.2006	-99	-99	-99	-99
13.10.2006	-99	-99	-99	-99
14.10.2006	-99	-99	-99	-99
15.10.2006	-99	-99	-99	-99
16.10.2006	-99	-99	-99	-99
17.10.2006	-99	-99	-99	-99
18.10.2006	-99	-99	-99	-99
19.10.2006	-99	-99	-99	-99
20.10.2006	-99	-99	-99	-99
21.10.2006	-99	-99	-99	-99
22.10.2006	-99	-99	-99	-99
23.10.2006	-99	-99	-99	-99
24.10.2006	-99	-99	-99	-99
25.10.2006	-99	-99	-99	-99
26.10.2006	-99	-99	-99	-99
27.10.2006	-99	-99	-99	-99
28.10.2006	-99	-99	-99	-99
29.10.2006	-99	-99	-99	-99
30.10.2006	-99	-99	-99	-99
31.10.2006	-99	-99	-99	-99
01.11.2006	-99	-99	-99	-99
02.11.2006	-99	-99	-99	-99
03.11.2006	-99	-99	-99	-99
04.11.2006	-99	-99	-99	-99
05.11.2006	-99	-99	-99	-99
06.11.2006	-99	-99	-99	-99
07.11.2006	-99	-99	-99	-99
08.11.2006	-99	-99	-99	-99
09.11.2006	-99	-99	-99	-99
10.11.2006	-99	-99	-99	-99
11.11.2006	-99	-99	-99	-99
12.11.2006	-99	-99	-99	-99
13.11.2006	-99	-99	-99	-99
14.11.2006	-99	-99	-99	-99
15.11.2006	-99	-99	-99	-99
16.11.2006	-99	-99	-99	-99
17.11.2006	-99	-99	-99	-99
18.11.2006	-99	-99	-99	-99
19.11.2006	-99	-99	-99	-99
20.11.2006	-99	-99	-99	-99
21.11.2006	-99	-99	-99	-99
22.11.2006	-99	-99	-99	-99
23.11.2006	-99	-99	-99	-99
24.11.2006	-99	-99	-99	-99
25.11.2006	-99	-99	-99	-99
26.11.2006	-99	-99	-99	-99
27.11.2006	-99	-99	-99	-99
28.11.2006	-99	-99	-99	-99
29.11.2006	-99	-99	-99	-99
30.11.2006	-99	-99	-99	-99
01.12.2006	-99	-99	-99	-99
02.12.2006	-99	-99	-99	-99
03.12.2006	-99	-99	-99	-99
04.12.2006	-99	-99	-99	-99
05.12.2006	-99	-99	-99	-99
06.12.2006	-99	-99	-99	-99
07.12.2006	-99	-99	-99	-99
08.12.2006	-99	-99	-99	-99
09.12.2006	-99	-99	-99	-99
10.12.2006	-99	-99	-99	-99
11.12.2006	-99	-99	-99	-99
12.12.2006	-99	-99	-99	-99
13.12.2006	-99	-99	-99	-99
14.12.2006	-99	-99	-99	-99
15.12.2006	-99	-99	-99	-99
16.12.2006	-99	-99	-99	-99
17.12.2006	-99	-99	-99	-99
18.12.2006	-99	-99	-99	-99
19.12.2006	-99	-99	-99	-99
20.12.2006	-99	-99	-99	-99
21.12.2006	-99	-99	-99	-99
22.12.2006	-99	-99	-99	-99
23.12.2006	-99	-99	-99	-99
24.12.2006	-99	-99	-99	-99
25.12.2006	-99	-99	-99	-99
26.12.2006	-99	-99	-99	-99
27.12.2006	-99	-99	-99	-99
28.12.2006	-99	-99	-99	-99
29.12.2006	-99	-99	-99	-99
30.12.2006	-99	-99	-99	-99
31.12.2006	-99	-99	-99	-99
01.01.2007	-99	-99	-99	-99
02.01.2007	-99	-99	-99	-99
03.01.2007	-99	-99	-99	-99
04.01.2007	-99	-99	-99	-99
05.01.2007	-99	-99	-99	-99
06.01.2007	-99	-99	-99	-99
07.01.2007	-99	-99	-99	-99
08.01.2007	-99	-99	-99	-99
09.01.2007	-99	-99	-99	-99
10.01.2007	-99	-99	-99	-99
11.01.2007	-99	-99	-99	-99
12.01.2007	-99	-99	-99	-99
13.01.2007	-99	-99	-99	-99
14.01.2007	-99	-99	-99	-99
15.01.2007	-99	-99	-99	-99
16.01.2007	-99	-99	-99	-99
17.01.2007	-99	-99	-99	-99
18.01.2007	-99	-99	-99	-99
19.01.2007	-99	-99	-99	-99
20.01.2007	-99	-99	-99	-99
21.01.2007	-99	-99	-99	-99
22.01.2007	-99	-99	-99	-99
23.01.2007	-99	-99	-99	-99
24.01.2007	-99	-99	-99	-99
25.01.2007	-99	-99	-99	-99
26.01.2007	-99	-99	-99	-99
27.01.2007	-99	-99	-99	-99
28.01.2007	-99	-99	-99	-99
29.01.2007	-99	-99	-99	-99
30.01.2007	-99	-99	-99	-99
31.01.2007	-99	-99	-99	-99
01.02.2007	-99	-99	-99	-99
02.02.2007	-99	-99	-99	-99
03.02.2007	-99	-99	-99	-99
04.02.2007	-99	-99	-99	-99
05.02.2007	-99	-99	-99	-99
06.02.2007	-99	-99	-99	-99
07.02.2007	-99	-99	-99	-99
08.02.2007	-99	-99	-99	-99
09.02.2007	-99	-99	-99	-99
10.02.2007	-99	-99	-99	-99
11.02.2007	-99	-99	-99	-99
12.02.2007	-99	-99	-99	-99
13.02.2007	-99	-99	-99	-99
14.02.2007	-99	-99	-99	-99
15.02.2007	-99	-99	-99	-99
16.02.2007	-99	-99	-99	-99
17.02.2007	-99	-99	-99	-99
18.02.2007	-99	-99	-99	-99
19.02.2007	-99	-99	-99	-99
20.02.2007	-99	-99	-99	-99
21.02.2007	-99	-99	-99	-99
22.02.2007	-99	-99	-99	-99
23.02.2007	-99	-99	-99	-99
24.02.2007	-99	-99	-99	-99
25.02.2007	-99	-99	-99	-99
26.02.2007	-99	-99	-99	-99
27.02.2007	-99	-99	-99	-99
28.02.2007	-99	-99	-99	-99
01.03.2007	-99	-99	-99	-99
02.03.2007	-99	-99	-99	-99
03.03.2007	-99	-99	-99	-99
04.03.2007	-99	-99	-99	-99
05.03.2007	-99	-99	-99	-99
06.03.2007	-99	-99	-99	-99
07.03.2007	-99	-99	-99	-99
08.03.2007	-99	-99	-99	-99
09.03.2007	-99	-99	-99	-99
10.03.2007	-99	-99	-99	-99
11.03.2007	-99	-99	-99	-99
12.03.2007	-99	-99	-99	-99
13.03.2007	-99	-99	-99	-99
14.03.2007	-99	-99	-99	-99
15.03.2007	-99	-99	-99	-99
16.03.2007	-99	-99	-99	-99
17.03.2007	-99	-99	-99	-99
18.03.2007	-99	-99	-99	-99
19.03.2007	-99	-99	-99	-99
20.03.2007	-99	-99	-99	-99
21.03.2007	-99	-99	-99	-99
22.03.2007	-99	-99	-99	-99
23.03.2007	-99	-99	-99	-99
24.03.2007	-99	-99	-99	-99
25.03.2007	-99	-99	-99	-99
26.03.2007	-99	-99	-99	-99
27.03.2007	-99	-99	-99	-99
28.03.2007	-99	-99	-99	-99
29.03.2007	-99	-99	-99	-99
30.03.2007	-99	-99	-99	-99
31.03.2007	-99	-99	-99	-99
01.04.2007	-99	-99	-99	-99
02.04.2007	-99	-99	-99	-99
03.04.2007	-99	-99	-99	-99
04.04.2007	-99	-99	-99	-99
05.04.2007	-99	-99	-99	-99
06.04.2007	-99	-99	-99	-99
07.04.2007	-99	-99	-99	-99
08.04.2007	-99	-99	-99	-99
09.04.2007	-99	-99	-99	-99
10.04.2007	-99	-99	-99	-99
11.04.2007	-99	-99	-99	-99
12.04.2007	-99	-99	-99	-99
13.04.2007	-99	-99	-99	-99
14.04.2007	-99	-99	-99	-99
15.04.2007	-99	-99	-99	-99
16.04.2007	-99	-99	-99	-99
17.04.2007	-99	-99	-99	-99
18.04.2007	-99	-99	-99	-99
19.04.2007	-99	-99	-99	-99
20.04.2007	-99	-99	-99	-99
21.04.2007	-99	-99	-99	-99
22.04.2007	-99	-99	-99	-99
23.04.2007	-99	-99	-99	-99
24.04.2007	-99	-99	-99	-99
25.04.2007	-99	-99	-99	-99
26.04.2007	-99	-99	-99	-99
27.04.2007	-99	-99	-99	-99
28.04.2007	-99	-99	-99	-99
29.04.2007	-99	-99	-99	-99
30.04.2007	-99	-99	-99	-99
01.05.2007	-99	-99	-99	-99
02.05.2007	-99	-99	-99	-99
03.05.2007	-99	-99	-99	-99
04.05.2007	-99	-99	-99	-99
05.05.2007	-99	-99	-99	-99
06.05.2007	-99	-99	-99	-99
07.05.2007	-99	-99	-99	-99
08.05.2007	-99	-99	-99	-99
09.05.2007	-99	-99	-99	-99
10.05.2007	-99	-99	-99	-99
11.05.2007	-99	-99	-99	-99
12.05.2007	-99	-99	-99	-99
13.05.2007	-99	-99	-99	-99
14.05.2007	-99	-99	-99	-99
15.05.2007	-99	-99	-99	-99
16.05.2007	-99	-99	-99	-99
17.05.2007	-99	-99	-99	-99
18.05.2007	-99	-99	-99	-99
19.05.2007	-99	-99	-99	-99
20.05.2007	-99	-99	-99	-99
21.05.2007	-99	-99	-99	-99
22.05.2007	-99	-99	-99	-99
23.05.2007	-99	-99	-99	-99
24.05.2007	-99	-99	-99	-99
25.05.2007	-99	-99	-99	-99
26.05.2007	-99	-99	-99	-99
27.05.2007	-99	-99	-99	-99
28.05.2007	-99	-99	-99	-99
29.05.2007	-99	-99	-99	-99
30.05.2007	-99	-99	-99	-99
31.05.2007	-99	-99	-99	-99
01.06.2007	-99	-99	-99	-99
02.06.2007	-99	-99	-99	-99
03.06.2007	-99	-99	-99	-99
04.06.2007	-99	-99	-99	-99
05.06.2007	-99	-99	-99	-99
06.06.2007	-99	-99	-99	-99
07.06.2007	-99	-99	-99	-99
08.06.2007	-99	-99	-99	-99
09.06.2007	-99	-99	-99	-99
10.06.2007	-99	-99	-99	-99
11.06.2007	-99	-99	-99	-99
12.06.2007	-99	-99	-99	-99
13.06.2007	-99	-99	-99	-99
14.06.2007	-99	-99	-99	-99
15.06.2007	-99	-99	-99	-99
16.06.2007	-99	-99	-99	-99
17.06.2007	-99	-99	-99	-99
18.06.2007	-99	-99	-99	-99
19.06.2007	-99	-99	-99	-99
20.06.2007	-99	-99	-99	-99
21.06.2007	-99	-99	-99	-99
22.06.2007	-99	-99	-99	-99
23.06.2007	-99	-99	-99	-99
24.06.2007	-99	-99	-99	-99
25.06.2007	-99	-99	-99	-99
26.06.2007	-99	-99	-99	-99
27.06.2007	-99	-99	-99	-99
28.06.2007	-99	-99	-99	-99
29.06.2007	-99	-99	-99	-99
30.06.2007	-99	-99	-99	-99
01.07.2007	-99	-99	-99	-99
02.07.2007	-99	-99	-99	-99
03.07.2007	-99	-99	-99	-99
04.07.2007	-99	-99	-99	-99
05.07.2007	-99	-99	-99	-99
06.07.2007	-99	-99	-99	-99
07.07.2007	-99	-99	-99	-99
08.07.2007	-99	-99	-99	-99
09.07.2007	-99	-99	-99	-99
10.07.2007	-99	-99	-99	-99
11.07.2007	-99	-99	-99	-99
12.07.2007	-99	-99	-99	-99
13.07.2007	-99	-99	-99	-99
14.07.2007	-99	-99	-99	-99
15.07.2007	-99	-99	-99	-99
16.07.2007	-99	-99	-99	-99
17.07.2007	-99	-99	-99	-99
18.07.2007	-99	-99	-99	-99
19.07.2007	-99	-99	-99	-99
20.07.2007	-99	-99	-99	-99
21.07.2007	-99	-99	-99	-99
22.07.2007	-99	-99	-99	-99
23.07.2007	-99	-99	-99	-99
24.07.2007	-99	-99	-99	-99
25.07.2007	-99	-99	-99	-99
26.07.2007	-99	-99	-99	-99
27.07.2007	-99	-99	-99	-99
28.07.2007	-99	-99	-99	-99
29.07.2007	-99	-99	-99	-99
30.07.2007	-99	-99	-99	-99
31.07.2007	-99	-99	-99	-99
01.08.2007	-99	-99	-99	-99
02.08.2007	-99	-99	-99	-99
03.08.2007	-99	-99	-99	-99
04.08.2007	-99	-99	-99	-99
05.08.2007	-99	-99	-99	-99
06.08.2007	-99	-99	-99	-99
07.08.2007	-99	-99	-99	-99
08.08.2007	-99	-99	-99	-99
09.08.2007	-99	-99	-99	-99
10.08.2007	-99	-99	-99	-99
11.08.2007	-99	-99	-99	-99
12.08.2007	-99	-99	-99	-99
13.08.2007	-99	-99	-99	-99
14.08.2007	-99	-99	-99	-99
15.08.2007	-99	-99	-99	-99
16.08.2007	-99	-99	-99	-99
17.08.2007	-99	-99	-99	-99
18.08.2007	-99	-99	-99	-99
19.08.2007	-99	-99	-99	-99
20.08.2007	-99	-99	-99	-99
21.08.2007	-99	-99	-99	-99
22.08.2007	-99	-99	-99	-99
23.08.2007	-99	-99	-99	-99
24.08.2007	-99	-99	-99	-99
25.08.2007	-99	-99	-99	-99
26.08.2007	-99	-99	-99	-99
27.08.2007	-99	-99	-99	-99
28.08.2007	-99	-99	-99	-99
29.08.2007	-99	-99	-99	-99
30.08.2007	-99	-99	-99	-99
31.08.2007	-99	-99	-99	-99
01.09.2007	-99	-99	-99	-99
02.09.2007	-99	-99	-99	-99
03.09.2007	-99	-99	-99	-99
04.09.2007	-99	-99	-99	-99
05.09.2007	-99	-99	-99	-99
06.09.2007	-99	-99	-99	-99
07.09.2007	-99	-99	-99	-99
08.09.2007	-99	-99	-99	-99
09.09.2007	-99	-99	-99	-99
10.09.2007	-99	-99	-99	-99
11.09.2007	-99	-99	-99	-99
12.09.2007	-99	-99	-99	-99
13.09.2007	-99	-99	-99	-99
14.09.2007	-99	-99	-99	-99
15.09.2007	-99	-99	-99	-99
16.09.2007	-99	-99	-99	-99
17.09.2007	-99	-99	-99	-99
18.09.2007	-99	-99	-99	-99
19.09.2007	-99	-99	-99	-99
20.09.2007	-99	-99	-99	-99
21.09.2007	-99	-99	-99	-99
22.09.2007	-99	-99	-99	-99
23.09.2007	-99	-99	-99	-99
24.09.2007	-99	-99	-99	-99
25.09.2007	-99	-99	-99	-99
26.09.2007	-99	-99	-99	-99
27.09.2007	-99	-99	-99	-99
28.09.2007	-99	-99	-99	-99
29.09.2007	-99	-99	-99	-99
30.09.2007	-99	-99	-99	-99
01.10.2007	-99	-99	-99	-99
02.10.2007	-99	-99	-99	-99
03.10.2007	-99	-99	-99	-99
04.10.2007	-99	-99	-99	-99
05.10.2007	-99	-99	-99	-99
06.10.2007	-99	-99	-99	-99
07.10.2007	-99	-99	-99	-99
08.10.2007	-99	-99	-99	-99
09.10.2007	-99	-99	-99	-99
10.10.2007	-99	-99	-99	-99
11.10.2007	-99	-99	-99	-99
12.10.2007	-99	-99	-99	-99
13.10.2007	-99	-99	-99	-99
14.10.2007	-99	-99	-99	-99
15.10.2007	-99	-99	-99	-99
16.10.2007	-99	-99	-99	-99
17.10.2007	-99	-99	-99	-99
18.10.2007	-99	-99	-99	-99
19.10.2007	-99	-99	-99	-99
20.10.2007	-99	-99	-99	-99
21.10.2007	-99	-99	-99	-99
22.10.2007	-99	-99	-99	-99
23.10.2007	-99	-99	-99	-99
24.10.2007	-99	-99	-99	-99
25.10.2007	-99	-99	-99	-99
26.10.2007	-99	-99	-99	-99
27.10.2007	-99	-99	-99	-99
28.10.2007	-99	-99	-99	-99
29.10.2007	-99	-99	-99	-99
30.10.2007	-99	-99	-99	-99
31.10.2007	-99	-99	-99	-99
01.11.2007	-99	-99	-99	-99
02.11.2007	-99	-99	-99	-99
03.11.2007	-99	-99	-99	-99
04.11.2007	-99	-99	-99	-99
05.11.2007	-99	-99	-99	-99
06.11.2007	-99	-99	-99	-99
07.11.2007	-99	-99	-99	-99
08.11.2007	-99	-99	-99	-99
09.11.2007	-99	-99	-99	-99
10.11.2007	-99	-99	-99	-99
11.11.2007	-99	-99	-99	-99
12.11.2007	-99	-99	-99	-99
13.11.2007	-99	-99	-99	-99
14.11.2007	-99	-99	-99	-99
15.11.2007	-99	-99	-99	-99
16.11.2007	-99	-99	-99	-99
17.11.2007	-99	-99	-99	-99
18.11.2007	-99	-99	-99	-99
19.11.2007	-99	-99	-99	-99
20.11.2007	-99	-99	-99	-99
21.11.2007	-99	-99	-99	-99
22.11.2007	-99	-99	-99	-99
23.11.2007	-99	-99	-99	-99
24.11.2007	-99	-99	-99	-99
25.11.2007	-99	-99	-99	-99
26.11.2007	-99	-99	-99	-99
27.11.2007	-99	-99	-99	-99
28.11.2007	-99	-99	-99	-99
29.11.2007	-99	-99	-99	-99
30.11.2007	-99	-99	-99	-99
01.12.2007	-99	-99	-99	-99
02.12.2007	-99	-99	-99	-99
03.12.2007	-99	-99	-99	-99
04.12.2007	-99	-99	-99	-99
05.12.2007	-99	-99	-99	-99
06.12.2007	-99	-99	-99	-99
07.12.2007	-99	-99	-99	-99
08.12.2007	-99	-99	-99	-99
09.12.2007	-99	-99	-99	-99
10.12.2007	-99	-99	-99	-99
11.12.2007	-99	-99	-99	-99
12.12.2007	-99	-99	-99	-99
13.12.2007	-99	-99	-99	-99
14.12.2007	-99	-99	-99	-99
15.12.2007	-99	-99	-99	-99
16.12.2007	-99	-99	-99	-99
17.12.2007	-99	-99	-99	-99
18.12.2007	-99	-99	-99	-99
19.12.2007	-99	-99	-99	-99
20.12.2007	-99	-99	-99	-99
21.12.2007	-99	-99	-99	-99
22.12.2007	-99	-99	-99	-99
23.12.2007	-99	-99	-99	-99
24.12.2007	-99	-99	-99	-99
25.12.2007	-99	-99	-99	-99
26.12.2007	-99	-99	-99	-99
27.12.2007	-99	-99	-99	-99
28.12.2007	-99	-99	-99	-99
29.12.2007	-99	-99	-99	-99
30.12.2007	-99	-99	-99	-99
31.12.2007	-99	-99	-99	-99
01.01.2008	-99	-99	-99	-99
02.01.2008	-99	-99	-99	-99
03.01.2008	-99	-99	-99	-99
04.01.2008	-99	-99	-99	-99
05.01.2008	-99	-99	-99	-99
06.01.2008	-99	-99	-99	-99
07.01.2008	-99	-99	-99	-99
08.01.2008	-99	-99	-99	-99
09.01.2008	-99	-99	-99	-99
10.01.2008	-99	-99	-99	-99
11.01.2008	-99	-99	-99	-99
12.01.2008	-99	-99	-99	-99
13.01.2008	-99	-99	-99	-99
14.01.2008	-99	-99	-99	-99
15.01.2008	-99	-99	-99	-99
16.01.2008	-99	-99	-99	-99
17.01.2008	-99	-99	-99	-99
18.01.2008	-99	-99	-99	-99
19.01.2008	-99	-99	-99	-99
20.01.2008	-99	-99	-99	-99
21.01.2008	-99	-99	-99	-99
22.01.2008	-99	-99	-99	-99
23.01.2008	-99	-99	-99	-99
24.01.2008	-99	-99	-99	-99
25.01.2008	-99	-99	-99	-99
26.01.2008	-99	-99	-99	-99
27.01.2008	-99	-99	-99	-99
28.01.2008	-99	-99	-99	-99
29.01.2008	-99	-99	-99	-99
30.01.2008	-99	-99	-99	-99
31.01.2008	-99	-99	-99	-99
01.02.2008	-99	-99	-99	-99
02.02.2008	-99	-99	-99	-99
03.02.2008	-99	-99	-99	-99
04.02.2008	-99	-99	-99	-99
05.02.2008	-99	-99	-99	-99
06.02.2008	-99	-99	-99	-99
07.02.2008	-99	-99	-99	-99
08.02.2008	-99	-99	-99	-99
09.02.2008	-99	-99	-99	-99
10.02.2008	-99	-99	-99	-99
11.02.2008	-99	-99	-99	-99
12.02.2008	-99	-99	-99	-99
13.02.2008	-99	-99	-99	-99
14.02.2008	-99	-99	-99	-99
15.02.2008	-99	-99	-99	-99
16.02.2008	-99	-99	-99	-99
17.02.2008	-99	-99	-99	-99
18.02.2008	-99	-99	-99	-99
19.02.2008	-99	-99	-99	-99
20.02.2008	-99	-99	-99	-99
21.02.2008	-99	-99	-99	-99
22.02.2008	-99	-99	-99	-99
23.02.2008	-99	-99	-99	-99
24.02.2008	-99	-99	-99	-99
25.02.2008	-99	-99	-99	-99
26.02.2008	-99	-99	-99	-99
27.02.2008	-99	-99	-99	-99
28.02.2008	-99	-99	-99	-99
29.02.2008	-99	-99	-99	-99
01.03.2008	-99	-99	-99	-99
02.03.2008	-99	-99	-99	-99
03.03.2008	-99	-99	-99	-99
04.03.2008	-99	-99	-99	-99
05.03.2008	-99	-99	-99	-99
06.03.2008	-99	-99	-99	-99
07.03.2008	-99	-99	-99	-99
08.03.2008	-99	-99	-99	-99
09.03.2008	-99	-99	-99	-99
10.03.2008	-99	-99	-99	-99
11.03.2008	-99	-99	-99	-99
12.03.2008	-99	-99	-99	-99
13.03.2008	-99	-99	-99	-99
14.03.2008	-99	-99	-99	-99
15.03.2008	-99	-99	-99	-99
16.03.2008	-99	-99	-99	-99
17.03.2008	-99	-99	-99	-99
18.03.2008	-99	-99	-99	-99
19.03.2008	-99	-99	-99	-99
20.03.2008	-99	-99	-99	-99
21.03.2008	-99	-99	-99	-99
22.03.2008	-99	-99	-99	-99
23.03.2008	-99	-99	-99	-99
24.03.2008	-99	-99	-99	-99
25.03.2008	-99	-99	-99	-99
26.03.2008	-99	-99	-99	-99
27.03.2008	-99	-99	-99	-99
28.03.2008	-99	-99	-99	-99
29.03.2008	-99	-99	-99	-99
30.03.2008	-99	-99	-99	-99
31.03.2008	-99	-99	-99	-99
01.04.2008	-99	-99	-99	-99
02.04.2008	-99	-99	-99	-99
03.04.2008	-99	-99	-99	-99
04.04.2008	-99	-99	-99	-99
05.04.2008	-99	-99	-99	-99
06.04.2008	-99	-99	-99	-99
07.04.2008	-99	-99	-99	-99
08.04.2008	-99	-99	-99	-99
09.04.2008	-99	-99	-99	-99
10.04.2008	-99	-99	-99	-99
11.04.2008	-99	-99	-99	-99
12.04.2008	-99	-99	-99	-99
13.04.2008	-99	-99	-99	-99
14.04.2008	-99	-99	-99	-99
15.04.2008	-99	-99	-99	-99
16.04.2008	-99	-99	-99	-99
17.04.2008	-99	-99	-99	-99
18.04.2008	-99	-99	-99	-99
19.04.2008	-99	-99	-99	-99
20.04.2008	-99	-99	-99	-99
21.04.2008	-99	-99	-99	-99
22.04.2008	-99	-99	-99	-99
23.04.2008	-99	-99	-99	-99
24.04.2008	-99	-99	-99	-99
25.04.2008	-99	-99	-99	-99
26.04.2008	-99	-99	-99	-99
27.04.2008	-99	-99	-99	-99
28.04.2008	-99	-99	-99	-99
29.04.2008	-99	-99	-99	-99
30.04.2008	-99	-99	-99	-99
01.05.2008	-99	-99	-99	-99
02.05.2008	-99	-99	-99	-99
03.05.2008	-99	-99	-99	-99
04.05.2008	-99	-99	-99	-99
05.05.2008	-99	-99	-99	-99
06.05.2008	-99	-99	-99	-99
07.05.2008	-99	-99	-99	-99
08.05.2008	-99	-99	-99	-99
09.05.2008	-99	-99	-99	-99
10.05.2008	-99	-99	-99	-99
11.05.2008	-99	-99	-99	-99
12.05.2008	-99	-99	-99	-99
13.05.2008	-99	-99	-99	-99
14.05.2008	-99	-99	-99	-99
15.05.2008	-99	-99	-99	-99
16.05.2008	-99	-99	-99	-99
17.05.2008	-99	-99	-99	-99
18.05.2008	-99	-99	-99	-99
19.05.2008	-99	-99	-99	-99
20.05.2008	-99	-99	-99	-99
21.05.2008	-99	-99	-99	-99
22.05.2008	-99	-99	-99	-99
23.05.2008	-99	-99	-99	-99
24.05.2008	-99	-99	-99	-99
25.05.2008	-99	-99	-99	-99
26.05.2008	-99	-99	-99	-99
27.05.2008	-99	-99	-99	-99
28.05.2008	-99	-99	-99	-99
29.05.2008	-99	-99	-99	-99
30.05.2008	-99	-99	-99	-99
31.05.2008	-99	-99	-99	-99
01.06.2008	-99	-99	-99	-99
02.06.2008	-99	-99	-99	-99
03.06.2008	-99	-99	-99	-99
04.06.2008	-99	-99	-99	-99
05.06.2008	-99	-99	-99	-99
06.06.2008	-99	-99	-99	-99
07.06.2008	-99	-99	-99	-99
08.06.2008	-99	-99	-99	-99
09.06.2008	-99	-99	-99	-99
10.06.2008	-99	-99	-99	-99
11.06.2008	-99	-99	-99	-99
12.06.2008	-99	-99	-99	-99
13.06.2008	-99	-99	-99	-99
14.06.2008	-99	-99	-99	-99
15.06.2008	-99	-99	-99	-99
16.06.2008	-99	-99	-99	-99
17.06.2008	-99	-99	-99	-99
18.06.2008	-99	-99	-99	-99
19.06.2008	-99	-99	-99	-99
20.06.2008	-99	-99	-99	-99
21.06.2008	-99	-99	-99	-99
22.06.2008	-99	-99	-99	-99
23.06.2008	-99	-99	-99	-99
24.06.2008	-99	-99	-99	-99
25.06.2008	-99	-99	-99	-99
26.06.2008	-99	-99	-99	-99
27.06.2008	-99	-99	-99	-99
28.06.2008	-99	-99	-99	-99
29.06.2008	-99	-99	-99	-99
30.06.2008	-99	-99	-99	-99
01.07.2008	-99	-99	-99	-99
02.07.2008	-99	-99	-99	-99
03.07.2008	-99	-99	-99	-99
04.07.2008	-99	-99	-99	-99
05.07.2008	-99	-99	-99	-99
06.07.2008	-99	-99	-99	-99
07.07.2008	-99	-99	-99	-99
08.07.2008	-99	-99	-99	-99
09.07.2008	-99	-99	-99	-99
10.07.2008	-99	-99	-99	-99
11.07.2008	-99	-99	-99	-99
12.07.2008	-99	-99	-99	-99
13.07.2008	-99	-99	-99	-99
14.07.2008	-99	-99	-99	-99
15.07.2008	-99	-99	-99	-99
16.07.2008	-99	-99	-99	-99
17.07.2008	-99	-99	-99	-99
18.07.2008	-99	-99	-99	-99
19.07.2008	-99	-99	-99	-99
20.07.2008	-99	-99	-99	-99
21.07.2008	-99	-99	-99	-99
22.07.2008	-99	-99	-99	-99
23.07.2008	-99	-99	-99	-99
24.07.2008	-99	-99	-99	-99
25.07.2008	-99	-99	-99	-99
26.07.2008	-99	-99	-99	-99
27.07.2008	-99	-99	-99	-99
28.07.2008	-99	-99	-99	-99
29.07.2008	-99	-99	-99	-99
30.07.2008	-99	-99	-99	-99
31.07.2008	-99	-99	-99	-99
01.08.2008	-99	-99	-99	-99
02.08.2008	-99	-99	-99	-99
03.08.2008	-99	-99	-99	-99
04.08.2008	-99	-99	-99	-99
05.08.2008	-99	-99	-99	-99
06.08.2008	-99	-99	-99	-99
07.08.2008	-99	-99	-99	-99
08.08.2008	-99	-99	-99	-99
09.08.2008	-99	-99	-99	-99
10.08.2008	-99	-99	-99	-99
11.08.2008	-99	-99	-99	-99
12.08.2008	-99	-99	-99	-99
13.08.2008	-99	-99	-99	-99
14.08.2008	-99	-99	-99	-99
15.08.2008	-99	-99	-99	-99
16.08.2008	-99	-99	-99	-99
17.08.2008	-99	-99	-99	-99
18.08.2008	-99	-99	-99	-99
19.08.2008	-99	-99	-99	-99
20.08.2008	-99	-99	-99	-99
21.08.2008	-99	-99	-99	-99
22.08.2008	-99	-99	-99	-99
23.08.2008	-99	-99	-99	-99
24.08.2008	-99	-99	-99	-99
25.08.2008	-99	-99	-99	-99
26.08.2008	-99	-99	-99	-99
27.08.2008	-99	-99	-99	-99
28.08.2008	-99	-99	-99	-99
29.08.2008	-99	-99	-99	-99
30.08.2008	-99	-99	-99	-99
31.08.2008	-99	-99	-99	-99
01.09.2008	-99	-99	-99	-99
02.09.2008	-99	-99	-99	-99
03.09.2008	-99	-99	-99	-99
04.09.2008	-99	-99	-99	-99
05.09.2008	-99	-99	-99	-99
06.09.2008	-99	-99	-99	-99
07.09.2008	-99	-99	-99	-99
08.09.2008	-99	-99	-99	-99
09.09.2008	-99	-99	-99	-99
10.09.2008	-99	-99	-99	-99
11.09.2008	-99	-99	-99	-99
12.09.2008	-99	-99	-99	-99
13.09.2008	-99	-99	-99	-99
14.09.2008	-99	-99	-99	-99
15.09.2008	-99	-99	-99	-99
16.09.2008	-99	-99	-99	-99
17.09.2008	-99	-99	-99	-99
18.09.2008	-99	-99	-99	-99
19.09.2008	-99	-99	-99	-99
20.09.2008	-99	-99	-99	-99
21.09.2008	-99	-99	-99	-99
22.09.2008	-99	-99	-99	-99
23.09.2008	-99	-99	-99	-99
24.09.2008	-99	-99	-99	-99
25.09.2008	-99	-99	-99	-99
26.09.2008	-99	-99	-99	-99
27.09.2008	-99	-99	-99	-99
28.09.2008	-99	-99	-99	-99
29.09.2008	-99	-99	-99	-99
30.09.2008	-99	-99	-99	-99
01.10.2008	-99	-99	-99	-99
02.10.2008	-99	-99	-99	-99
03.10.2008	-99	-99	-99	-99
04.10.2008	-99	-99	-99	-99
05.10.2008	-99	-99	-99	-99
06.10.2008	-99	-99	-99	-99
07.10.2008	-99	-99	-99	-99
08.10.2008	-99	-99	-99	-99
09.10.2008	-99	-99	-99	-99
10.10.2008	-99	-99	-99	-99
11.10.2008	-99	-99	-99	-99
12.10.2008	-99	-99	-99	-99
13.10.2008	-99	-99	-99	-99
14.10.2008	-99	-99	-99	-99
15.10.2008	-99	-99	-99	-99
16.10.2008	-99	-99	-99	-99
17.10.2008	-99	-99	-99	-99
18.10.2008	-99	-99	-99	-99
19.10.2008	-99	-99	-99	-99
20.10.2008	-99	-99	-99	-99
21.10.2008	-99	-99	-99	-99
22.10.2008	-99	-99	-99	-99
23.10.2008	-99	-99	-99	-99
24.10.2008	-99	-99	-99	-99
25.10.2008	-99	-99	-99	-99
26.10.2008	-99	-99	-99	-99
27.10.2008	-99	-99	-99	-99
28.10.2008	-99	-99	-99	-99
29.10.2008	-99	-99	-99	-99
30.10.2008	-99	-99	-99	-99
31.10.2008	-99	-99	-99	-99
01.11.2008	-99	-99	-99	-99
02.11.2008	-99	-99	-99	-99
03.11.2008	-99	-99	-99	-99
04.11.2008	-99	-99	-99	-99
05.11.2008	-99	-99	-99	-99
06.11.2008	-99	-99	-99	-99
07.11.2008	-99	-99	-99	-99
08.11.2008	-99	-99	-99	-99
09.11.2008	-99	-99	-99	-99
10.11.2008	-99	-99	-99	-99
11.11.2008	-99	-99	-99	-99
12.11.2008	-99	-99	-99	-99
13.11.2008	-99	-99	-99	-99
14.11.2008	-99	-99	-99	-99
15.11.2008	-99	-99	-99	-99
16.11.2008	-99	-99	-99	-99
17.11.2008	-99	-99	-99	-99
18.11.2008	-99	-99	-99	-99
19.11.2008	-99	-99	-99	-99
20.11.2008	-99	-99	-99	-99
21.11.2008	-99	-99	-99	-99
22.11.2008	-99	-99	-99	-99
23.11.2008	-99	-99	-99	-99
24.11.2008	-99	-99	-99	-99
25.11.2008	-99	-99	-99	-99
26.11.2008	-99	-99	-99	-99
27.11.2008	-99	-99	-99	-99
28.11.2008	-99	-99	-99	-99
29.11.2008	-99	-99	-99	-99
30.11.2008	-99	-99	-99	-99
01.12.2008	-99	-99	-99	-99
02.12.2008	-99	-99	-99	-99
03.12.2008	-99	-99	-99	-99
04.12.2008	-99	-99	-99	-99
05.12.2008	-99	-99	-99	-99
06.12.2008	-99	-99	-99	-99
07.12.2008	-99	-99	-99	-99
08.12.2008	-99	-99	-99	-99
09.12.2008	-99	-99	-99	-99
10.12.2008	-99	-99	-99	-99
11.12.2008	-99	-99	-99	-99
12.12.2008	-99	-99	-99	-99
13.12.2008	-99	-99	-99	-99
14.12.2008	-99	-99	-99	-99
15.12.2008	-99	-99	-99	-99
16.12.2008	-99	-99	-99	-99
17.12.2008	-99	-99	-99	-99
18.12.2008	-99	-99	-99	-99
19.12.2008	-99	-99	-99	-99
20.12.2008	-99	-99	-99	-99
21.12.2008	-99	-99	-99	-99
22.12.2008	-99	-99	-99	-99
23.12.2008	-99	-99	-99	-99
24.12.2008	-99	-99	-99	-99
25.12.2008	-99	-99	-99	-99
26.12.2008	-99	-99	-99	-99
27.12.2008	-99	-99	-99	-99
28.12.2008	-99	-99	-99	-99
29.12.2008	-99	-99	-99	-99
30.12.2008	-99	-99	-99	-99
31.12.2008	-99	-99	-99	-99
01.01.2009	-99	-99	-99	-99
02.01.2009	-99	-99	-99	-99
03.01.2009	-99	-99	-99	-99
04.01.2009	-99	-99	-99	-99
05.01.2009	-99	-99	-99	-99
06.01.2009	-99	-99	-99	-99
07.01.2009	-99	-99	-99	-99
08.01.2009	-99	-99	-99	-99
09.01.2009	-99	-99	-99	-99
10.01.2009	-99	-99	-99	-99
11.01.2009	-99	-99	-99	-99
12.01.2009	-99	-99	-99	-99
13.01.2009	-99	-99	-99	-99
14.01.2009	-99	-99	-99	-99
15.01.2009	-99	-99	-99	-99
16.01.2009	-99	-99	-99	-99
17.01.2009	-99	-99	-99	-99
18.01.2009	-99	-99	-99	-99
19.01.2009	-99	-99	-99	-99
20.01.2009	-99	-99	-99	-99
21.01.2009	-99	-99	-99	-99
22.01.2009	-99	-99	-99	-99
23.01.2009	-99	-99	-99	-99
24.01.2009	-99	-99	-99	-99
25.01.2009	-99	-99	-99	-99
26.01.2009	-99	-99	-99	-99
27.01.2009	-99	-99	-99	-99
28.01.2009	-99	-99	-99	-99
29.01.2009	-99	-99	-99	-99
30.01.2009	-99	-99	-99	-99
31.01.2009	-99	-99	-99	-99
01.02.2009	-99	-99	-99	-99
02.02.2009	-99	-99	-99	-99
03.02.2009	-99	-99	-99	-99
04.02.2009	-99	-99	-99	-99
05.02.2009	-99	-99	-99	-99
06.02.2009	-99	-99	-99	-99
07.02.2009	-99	-99	-99	-99
08.02.2009	-99	-99	-99	-99
09.02.2009	-99	-99	-99	-99
10.02.2009	-99	-99	-99	-99
11.02.2009	-99	-99	-99	-99
12.02.2009	-99	-99	-99	-99
13.02.2009	-99	-99	-99	-99
14.02.2009	-99	-99	-99	-99
15.02.2009	-99	-99	-99	-99
16.02.2009	-99	-99	-99	-99
17.02.2009	-99	-99	-99	-99
18.02.2009	-99	-99	-99	-99
19.02.2009	-99	-99	-99	-99
20.02.2009	-99	-99	-99	-99
21.02.2009	-99	-99	-99	-99
22.02.2009	-99	-99	-99	-99
23.02.2009	-99	-99	-99	-99
24.02.2009	-99	-99	-99	-99
25.02.2009	-99	-99	-99	-99
26.02.2009	-99	-99	-99	-99
27.02.2009	-99	-99	-99	-99
28.02.2009	-99	-99	-99	-99
01.03.2009	-99	-99	-99	-99
02.03.2009	-99	-99	-99	-99
03.03.2009	-99	-99	-99	-99
04.03.2009	-99	-99	-99	-99
05.03.2009	-99	-99	-99	-99
06.03.2009	-99	-99	-99	-99
07.03.2009	-99	-99	-99	-99
08.03.2009	-99	-99	-99	-99
09.03.2009	-99	-99	-99	-99
10.03.2009	-99	-99	-99	-99
11.03.2009	-99	-99	-99	-99
12.03.2009	-99	-99	-99	-99
13.03.2009	-99	-99	-99	-99
14.03.2009	-99	-99	-99	-99
15.03.2009	-99	-99	-99	-99
16.03.2009	-99	-99	-99	-99
17.03.2009	-99	-99	-99	-99
18.03.2009	-99	-99	-99	-99
19.03.2009	-99	-99	-99	-99
20.03.2009	-99	-99	-99	-99
21.03.2009	-99	-99	-99	-99
22.03.2009	-99	-99	-99	-99
23.03.2009	-99	-99	-99	-99
24.03.2009	-99	-99	-99	-99
25.03.2009	-99	-99	-99	-99
26.03.2009	-99	-99	-99	-99
27.03.2009	-99	-99	-99	-99
28.03.2009	-99	-99	-99	-99
29.03.2009	-99	-99	-99	-99
30.03.2009	-99	-99	-99	-99
31.03.2009	-99	-99	-99	-99
01.04.2009	-99	-99	-99	-99
02.04.2009	-99	-99	-99	-99
03.04.2009	-99	-99	-99	-99
04.04.2009	-99	-99	-99	-99
05.04.2009	-99	-99	-99	-99
06.04.2009	-99	-99	-99	-99
07.04.2009	-99	-99	-99	-99
08.04.2009	-99	-99	-99	-99
09.04.2009	-99	-99	-99	-99
10.04.2009	-99	-99	-99	-99
11.04.2009	-99	-99	-99	-99
12.04.2009	-99	-99	-99	-99
13.04.2009	-99	-99	-99	-99
14.04.2009	-99	-99	-99	-99
15.04.2009	-99	-99	-99	-99
16.04.2009	-99	-99	-99	-99
17.04.2009	-99	-99	-99	-99
18.04.2009	-99	-99	-99	-99
19.04.2009	-99	-99	-99	-99
20.04.2009	-99	-99	-99	-99
21.04.2009	-99	-99	-99	-99
22.04.2009	-99	-99	-99	-99
23.04.2009	-99	-99	-99	-99
24.04.2009	-99	-99	-99	-99
25.04.2009	-99	-99	-99	-99
26.04.2009	-99	-99	-99	-99
27.04.2009	-99	-99	-99	-99
28.04.2009	-99	-99	-99	-99
29.04.2009	-99	-99	-99	-99
30.04.2009	-99	-99	-99	-99
01.05.2009	-99	-99	-99	-99
02.05.2009	-99	-99	-99	-99
03.05.2009	-99	-99	-99	-99
04.05.2009	-99	-99	-99	-99
05.05.2009	-99	-99	-99	-99
06.05.2009	-99	-99	-99	-99
07.05.2009	-99	-99	-99	-99
08.05.2009	-99	-99	-99	-99
09.05.2009	-99	-99	-99	-99
10.05.2009	-99	-99	-99	-99
11.05.2009	-99	-99	-99	-99
12.05.2009	-99	-99	-99	-99
13.05.2009	-99	-99	-99	-99
14.05.2009	-99	-99	-99	-99
15.05.2009	-99	-99	-99	-99
16.05.2009	-99	-99	-99	-99
17.05.2009	-99	-99	-99	-99
18.05.2009	-99	-99	-99	-99
19.05.2009	-99	-99	-99	-99
20.05.2009	-99	-99	-99	-99
21.05.2009	-99	-99	-99	-99
22.05.2009	-99	-99	-99	-99
23.05.2009	-99	-99	-99	-99
24.05.2009	-99	-99	-99	-99
25.05.2009	-99	-99	-99	-99
26.05.2009	-99	-99	-99	-99
27.05.2009	-99	-99	-99	-99
28.05.2009	-99	-99	-99	-99
29.05.2009	-99	-99	-99	-99
30.05.2009	-99	-99	-99	-99
31.05.2009	-99	-99	-99	-99
01.06.2009	-99	-99	-99	-99
02.06.2009	-99	-99	-99	-99
03.06.2009	-99	-99	-99	-99
04.06.2009	-99	-99	-99	-99
05.06.2009	-99	-99	-99	-99
06.06.2009	-99	-99	-99	-99
07.06.2009	-99	-99	-99	-99
08.06.2009	-99	-99	-99	-99
09.06.2009	-99	-99	-99	-99
10.06.2009	-99	-99	-99	-99
11.06.2009	-99	-99	-99	-99
12.06.2009	-99	-99	-99	-99
13.06.2009	-99	-99	-99	-99
14.06.2009	-99	-99	-99	-99
15.06.2009	-99	-99	-99	-99
16.06.2009	-99	-99	-99	-99
17.06.2009	-99	-99	-99	-99
18.06.2009	-99	-99	-99	-99
19.06.2009	-99	-99	-99	-99
20.06.2009	-99	-99	-99	-99
21.06.2009	-99	-99	-99	-99
22.06.2009	-99	-99	-99	-99
23.06.2009	-99	-99	-99	-99
24.06.2009	-99	-99	-99	-99
25.06.2009	-99	-99	-99	-99
26.06.2009	-99	-99	-99	-99
27.06.2009	-99	-99	-99	-99
28.06.2009	-99	-99	-99	-99
29.06.2009	-99	-99	-99	-99
30.06.2009	-99	-99	-99	-99
01.07.2009	-99	-99	-99	-99
02.07.2009	-99	-99	-99	-99
03.07.2009	-99	-99	-99	-99
04.07.2009	-99	-99	-99	-99
05.07.2009	-99	-99	-99	-99
06.07.2009	-99	-99	-99	-99
07.07.2009	-99	-99	-99	-99
08.07.2009	-99	-99	-99	-99
09.07.2009	-99	-99	-99	-99
10.07.2009	-99	-99	-99	-99
11.07.2009	-99	-99	-99	-99
12.07.2009	-99	-99	-99	-99
13.07.2009	-99	-99	-99	-99
14.07.2009	-99	-99	-99	-99
15.07.2009	-99	-99	-99	-99
16.07.2009	-99	-99	-99	-99
17.07.2009	-99	-99	-99	-99
18.07.2009	-99	-99	-99	-99
19.07.2009	-99	-99	-99	-99
20.07.2009	-99	-99	-99	-99
21.07.2009	-99	-99	-99	-99
22.07.2009	-99	-99	-99	-99
23.07.2009	-99	-99	-99	-99
24.07.2009	-99	-99	-99	-99
25.07.2009	-99	-99	-99	-99
26.07.2009	-99	-99	-99	-99
27.07.2009	-99	-99	-99	-99
28.07.2009	-99	-99	-99	-99
29.07.2009	-99	-99	-99	-99
30.07.2009	-99	-99	-99	-99
31.07.2009	-99	-99	-99	-99
01.08.2009	-99	-99	-99	-99
02.08.2009	-99	-99	-99	-99
03.08.2009	-99	-99	-99	-99
04.08.2009	-99	-99	-99	-99
05.08.2009	-99	-99	-99	-99
06.08.2009	-99	-99	-99	-99
07.08.2009	-99	-99	-99	-99
08.08.2009	-99	-99	-99	-99
09.08.2009	-99	-99	-99	-99
10.08.2009	-99	-99	-99	-99
11.08.2009	-99	-99	-99	-99
12.08.2009	-99	-99	-99	-99
13.08.2009	-99	-99	-99	-99
14.08.2009	-99	-99	-99	-99
15.08.2009	-99	-99	-99	-99
16.08.2009	-99	-99	-99	-99
17.08.2009	-99	-99	-99	-99
18.08.2009	-99	-99	-99	-99
19.08.2009	-99	-99	-99	-99
20.08.2009	-99	-99	-99	-99
21.08.2009	-99	-99	-99	-99
22.08.2009	-99	-99	-99	-99
23.08.2009	-99	-99	-99	-99
24.08.2009	-99	-99	-99	-99
25.08.2009	-99	-99	-99	-99
26.08.2009	-99	-99	-99	-99
27.08.2009	-99	-99	-99	-99
28.08.2009	-99	-99	-99	-99
29.08.2009	-99	-99	-99	-99
30.08.2009	-99	-99	-99	-99
31.08.2009	-99	-99	-99	-99
01.09.2009	-99	-99	-99	-99
02.09.2009	-99	-99	-99	-99
03.09.2009	-99	-99	-99	-99
04.09.2009	-99	-99	-99	-99
05.09.2009	-99	-99	-99	-99
06.09.2009	-99	-99	-99	-99
07.09.2009	-99	-99	-99	-99
08.09.2009	-99	-99	-99	-99
09.09.2009	-99	-99	-99	-99
10.09.2009	-99	-99	-99	-99
11.09.2009	-99	-99	-99	-99
12.09.2009	-99	-99	-99	-99
13.09.2009	-99	-99	-99	-99
14.09.2009	-99	-99	-99	-99
15.09.2009	-99	-99	-99	-99
16.09.2009	-99	-99	-99	-99
17.09.2009	-99	-99	-99	-99
18.09.2009	-99	-99	-99	-99
19.09.2009	-99	-99	-99	-99
20.09.2009	-99	-99	-99	-99
21.09.2009	-99	-99	-99	-99
22.09.2009	-99	-99	-99	-99
23.09.2009	-99	-99	-99	-99
24.09.2009	-99	-99	-99	-99
25.09.2009	-99	-99	-99	-99
26.09.2009	-99	-99	-99	-99
27.09.2009	-99	-99	-99	-99
28.09.2009	-99	-99	-99	-99
29.09.2009	-99	-99	-99	-99
30.09.2009	-99	-99	-99	-99
01.10.2009	-99	-99	-99	-99
02.10.2009	-99	-99	-99	-99
03.10.2009	-99	-99	-99	-99
04.10.2009	-99	-99	-99	-99
05.10.2009	-99	-99	-99	-99
06.10.2009	-99	-99	-99	-99
07.10.2009	-99	-99	-99	-99
08.10.2009	-99	-99	-99	-99
09.10.2009	-99	-99	-99	-99
10.10.2009	-99	-99	-99	-99
11.10.2009	-99	-99	-99	-99
12.10.2009	-99	-99	-99	-99
13.10.2009	-99	-99	-99	-99
14.10.2009	-99	-99	-99	-99
15.10.2009	-99	-99	-99	-99
16.10.2009	-99	-99	-99	-99
17.10.2009	-99	-99	-99	-99
18.10.2009	-99	-99	-99	-99
19.10.2009	-99	-99	-99	-99
20.10.2009	-99	-99	-99	-99
21.10.2009	-99	-99	-99	-99
22.10.2009	-99	-99	-99	-99
23.10.2009	-99	-99	-99	-99
24.10.2009	-99	-99	-99	-99
25.10.2009	-99	-99	-99	-99
26.10.2009	-99	-99	-99	-99
27.10.2009	-99	-99	-99	-99
28.10.2009	-99	-99	-99	-99
29.10.2009	-99	-99	-99	-99
30.10.2009	-99	-99	-99	-99
31.10.2009	-99	-99	-99	-99
01.11.2009	-99	-99	-99	-99
02.11.2009	-99	-99	-99	-99
03.11.2009	-99	-99	-99	-99
04.11.2009	-99	-99	-99	-99
05.11.2009	-99	-99	-99	-99
06.11.2009	-99	-99	-99	-99
07.11.2009	-99	-99	-99	-99
08.11.2009	-99	-99	-99	-99
09.11.2009	-99	-99	-99	-99
10.11.2009	-99	-99	-99	-99
11.11.2009	-99	-99	-99	-99
12.11.2009	-99	-99	-99	-99
13.11.2009	-99	-99	-99	-99
14.11.2009	-99	-99	-99	-99
15.11.2009	-99	-99	-99	-99
16.11.2009	-99	-99	-99	-99
17.11.2009	-99	-99	-99	-99
18.11.2009	-99	-99	-99	-99
19.11.2009	-99	-99	-99	-99
20.11.2009	-99	-99	-99	-99
21.11.2009	-99	-99	-99	-99
22.11.2009	-99	-99	-99	-99
23.11.2009	-99	-99	-99	-99
24.11.2009	-99	-99	-99	-99
25.11.2009	-99	-99	-99	-99
26.11.2009	-99	-99	-99	-99
27.11.2009	-99	-99	-99	-99
28.11.2009	-99	-99	-99	-99
29.11.2009	-99	-99	-99	-99
30.11.2009	-99	-99	-99	-99
01.12.2009	-99	-99	-99	-99
02.12.2009	-99	-99	-99	-99
03.12.2009	-99	-99	-99	-99
04.12.2009	-99	-99	-99	-99
05.12.2009	-99	-99	-99	-99
06.12.2009	-99	-99	-99	-99
07.12.2009	-99	-99	-99	-99
08.12.2009	-99	-99	-99	-99
09.12.2009	-99	-99	-99	-99
10.12.2009	-99	-99	-99	-99
11.12.2009	-99	-99	-99	-99
12.12.2009	-99	-99	-99	-99
13.12.2009	-99	-99	-99	-99
14.12.2009	-99	-99	-99	-99
15.12.2009	-99	-99	-99	-99
16.12.2009	-99	-99	-99	-99
17.12.2009	-99	-99	-99	-99
18.12.2009	-99	-99	-99	-99
19.12.2009	-99	-99	-99	-99
20.12.2009	-99	-99	-99	-99
21.12.2009	-99	-99	-99	-99
22.12.2009	-99	-99	-99	-99
23.12.2009	-99	-99	-99	-99
24.12.2009	-99	-99	-99	-99
25.12.2009	-99	-99	-99	-99
26.12.2009	-99	-99	-99	-99
27.12.2009	-99	-99	-99	-99
28.12.2009	-99	-99	-99	-99
29.12.2009	-99	-99	-99	-99
30.12.2009	-99	-99	-99	-99
31.12.2009	-99	-99	-99	-99
01.01.2010	2.53	4.56	4.55	2.14
02.01.2010	2.52	8.80	4.29	0.61
03.01.2010	2.19	6.28	3.14	2.47
04.01.2010	2.03	7.11	4.05	5.44
05.01.2010	2.82	11.22	7.76	4.92
06.01.2010	3.26	7.71	8.39	6.30
07.01.2010	3.34	10.03	5.22	4.98
08.01.2010	3.33	8.83	6.11	4.16
09.01.2010	4.11	12.13	10.03	4.74
10.01.2010	4.21	9.98	10.24	6.25
11.01.2010	3.20	9.19	6.21	4.60
12.01.2010	3.37	8.48	3.83	0.57
13.01.2010	3.04	13.94	7.07	1.79
14.01.2010	4.12	15.51	6.92	4.32
15.01.2010	3.50	13.31	5.71	5.19
16.01.2010	2.88	14.18	8.81	3.74
17.01.2010	5.73	15.36	7.71	3.04
18.01.2010	6.56	21.14	4.86	1.78
19.01.2010	5.34	17.46	7.94	5.61
20.01.2010	6.03	17.93	10.09	8.65
21.01.2010	7.04	24.79	8.85	6.91
22.01.2010	9.97	21.76	7.59	7.96
23.01.2010	7.92	16.76	7.99	4.25
24.01.2010	10.70	18.80	9.94	10.15
25.01.2010	8.34	21.80	9.38	9.78
26.01.2010	11.89	24.12	9.58	7.91
27.01.2010	13.41	23.37	10.50	5.01
28.01.2010	14.35	23.92	8.25	5.71
29.01.2010	12.19	21.68	9.03	8.63
30.01.2010	13.47	31.28	13.17	13.48
31.01.2010	15.52	37.64	7.03	11.29
01.02.2010	11.67	26.61	4.70	15.90
02.02.2010	13.57	29.39	4.95	16.83
03.02.2010	15.35	39.75	6.74	10.47
04.02.2010	17.59	34.75	10.03	12.40
05.02.2010	23.05	39.71	7.33	14.88
06.02.2010	25.55	37.33	14.70	22.12
07.02.2010	22.01	35.81	31.57	37.00
08.02.2010	24.59	32.08	38.33	38.89
09.02.2010	24.66	35.34	33.22	39.29
10.02.2010	23.90	34.37	35.46	36.64
11.02.2010	30.13	35.80	37.36	45.72
12.02.2010	23.05	38.44	39.29	48.12
13.02.2010	32.57	50.10	41.55	49.66
14.02.2010	33.39	43.98	36.90	41.75
15.02.2010	33.23	41.51	9.86	14.30
16.02.2010	25.73	45.91	25.91	30.88
17.02.2010	21.22	46.22	31.31	32.89
18.02.2010	28.72	43.34	14.97	18.72
19.02.2010	41.42	65.53	18.09	20.49
20.02.2010	35.95	52.58	12.34	10.55
21.02.2010	37.09	53.72	23.69	23.14
22.02.2010	41.74	57.00	14.58	15.64
23.02.2010	31.86	64.87	37.53	35.64
24.02.2010	32.79	62.68	15.78	30.36
25.02.2010	35.09	60.15	25.41	47.85
26.02.2010	38.51	76.37	54.20	58.45
27.02.2010	49.72	75.46	30.25	50.86
28.02.2010	47.37	75.33	38.54	52.18
01.03.2010	49.95	73.89	38.96	26.75
02.03.2010	52.24	83.80	47.18	23.95
03.03.2010	59.77	72.24	58.83	34.47
04.03.2010	61.33	81.38	66.78	42.98
05.03.2010	62.17	87.26	45.92	32.87
06.03.2010	61.93	86.73	51.31	26.47
07.03.2010	50.82	82.94	75.92	52.61
08.03.2010	66.74	73.95	79.67	76.70
09.03.2010	64.24	93.24	64.44	78.53
10.03.2010	56.79	100.59	14.15	36.21
11.03.2010	85.28	99.93	20.80	60.81
12.03.2010	69.95	95.19	35.77	113.74
13.03.2010	67.98	100.96	41.49	64.19
14.03.2010	83.93	112.74	57.33	-35.85
15.03.2010	72.95	106.13	100.62	92.49
16.03.2010	87.69	142.00	115.00	86.15
17.03.2010	67.41	103.80	94.47	65.76
18.03.2010	65.08	111.56	73.71	61.31
19.03.2010	66.01	114.39	59.76	51.37
20.03.2010	65.30	130.40	61.86	52.23
21.03.2010	82.80	117.27	75.77	53.00
22.03.2010	68.99	122.12	55.97	54.00
23.03.2010	96.83	140.98	63.64	55.00
24.03.2010	90.31	120.94	91.03	56.00
25.03.2010	103.71	133.67	62.74	57.50
26.03.2010	98.19	126.87	49.81	67.08
27.03.2010	120.86	149.65	81.00	76.53
28.03.2010	104.42	135.94	33.66	68.16
29.03.2010	100.60	145.24	49.81	63.82
30.03.2010	119.73	140.82	61.68	69.24
31.03.2010	117.71	162.07	128.84	105.18
01.04.2010	109.20	164.70	136.75	104.26
02.04.2010	81.97	150.34	128.39	108.76
03.04.2010	121.85	165.96	76.63	55.23
04.04.2010	117.59	163.81	43.98	39.07
05.04.2010	82.60	145.76	83.24	70.37
06.04.2010	107.84	175.05	100.24	102.45
07.04.2010	122.40	174.50	102.34	102.67
08.04.2010	124.68	171.84	48.37	65.10
09.04.2010	108.82	172.41	90.95	70.91
10.04.2010	153.49	191.08	135.35	121.55
11.04.2010	169.53	197.42	190.45	217.05
12.04.2010	165.98	188.51	161.51	162.82
13.04.2010	143.00	172.90	150.19	143.51
14.04.2010	139.55	195.83	170.71	214.45
15.04.2010	148.03	198.47	204.14	233.21
16.04.2010	168.19	206.56	206.58	245.41
17.04.2010	197.92	222.22	201.76	238.80
18.04.2010	188.55	210.08	196.72	229.76
19.04.2010	169.32	218.90	177.51	200.49
20.04.2010	152.55	201.16	140.66	132.70
21.04.2010	151.92	189.59	187.86	135.36
22.04.2010	163.61	226.09	155.86	151.17
23.04.2010	180.83	227.79	150.09	191.09
24.04.2010	194.97	202.98	167.10	183.51
25.04.2010	178.80	202.02	235.28	216.42
26.04.2010	200.46	226.42	236.99	280.15
27.04.2010	236.20	184.77	224.98	284.06
28.04.2010	209.61	184.26	223.12	294.47
29.04.2010	209.19	235.83	246.51	285.18
30.04.2010	240.33	249.28	225.60	269.61
01.05.2010	175.30	214.48	169.52	185.89
02.05.2010	164.13	221.32	165.61	112.99
03.05.2010	178.55	250.81	144.99	178.64
04.05.2010	200.09	252.17	175.49	262.72
05.05.2010	200.54	249.02	201.61	224.51
06.05.2010	192.54	272.85	211.81	185.28
07.05.2010	199.61	272.78	233.57	230.39
08.05.2010	210.11	294.43	125.47	111.69
09.05.2010	204.39	262.25	57.67	101.59
10.05.2010	175.41	258.77	123.55	182.53
11.05.2010	211.65	253.64	206.77	250.52
12.05.2010	190.22	242.02	170.00	198.80
13.05.2010	191.77	274.09	210.15	253.04
14.05.2010	191.26	261.02	155.96	213.83
15.05.2010	223.92	300.61	154.38	212.88
16.05.2010	146.08	246.51	146.32	126.59
17.05.2010	246.77	292.10	209.76	202.83
18.05.2010	211.15	257.87	74.97	125.23
19.05.2010	217.66	282.52	161.36	175.79
20.05.2010	211.92	243.48	243.99	213.46
21.05.2010	210.69	246.66	250.90	279.49
22.05.2010	145.01	205.73	187.56	264.56
23.05.2010	198.13	314.43	179.84	231.63
24.05.2010	187.90	231.93	110.06	192.97
25.05.2010	231.08	274.55	133.08	230.28
26.05.2010	224.64	275.04	203.71	266.51
27.05.2010	270.80	301.86	276.23	307.71
28.05.2010	229.27	251.84	294.36	323.64
29.05.2010	290.92	274.27	293.30	336.46
30.05.2010	238.58	272.26	294.17	337.82
31.05.2010	230.36	334.21	297.18	340.75
01.06.2010	238.30	289.50	292.63	328.48
02.06.2010	253.35	287.42	286.66	327.31
03.06.2010	230.76	284.96	244.01	282.67
04.06.2010	199.26	252.32	149.69	166.21
05.06.2010	241.90	257.18	168.43	147.69
06.06.2010	213.69	267.65	152.85	160.68
07.06.2010	203.47	247.71	294.28	272.00
08.06.2010	272.52	302.29	253.05	227.69
09.06.2010	236.07	286.02	138.08	172.63
10.06.2010	217.02	253.17	44.64	100.15
11.06.2010	207.49	258.01	109.53	108.77
12.06.2010	185.98	242.29	151.06	107.59
13.06.2010	211.76	234.68	74.55	92.74
14.06.2010	236.11	255.78	141.18	137.49
15.06.2010	212.89	300.07	194.88	166.04
16.06.2010	184.37	231.51	28.06	69.26
17.06.2010	168.60	223.49	84.98	110.66
18.06.2010	149.81	263.72	176.04	220.80
19.06.2010	173.23	248.73	130.13	203.60
20.06.2010	215.09	285.47	155.16	184.72
21.06.2010	191.25	206.56	175.32	164.57
22.06.2010	196.42	236.76	282.21	266.97
23.06.2010	136.19	258.05	216.13	145.57
24.06.2010	205.27	234.03	225.26	175.15
25.06.2010	203.58	222.58	225.63	173.42
26.06.2010	208.75	256.31	199.81	222.13
27.06.2010	280.95	339.60	302.03	326.00
28.06.2010	237.47	270.40	288.50	282.83
29.06.2010	207.74	265.65	274.02	292.56
30.06.2010	221.25	260.71	301.06	327.02
01.07.2010	226.43	279.56	298.70	337.47
02.07.2010	217.63	272.50	284.78	304.88
03.07.2010	193.76	268.02	243.03	277.36
04.07.2010	230.52	289.10	162.84	206.00
05.07.2010	209.69	244.97	137.16	146.52
06.07.2010	146.98	185.20	156.95	158.66
07.07.2010	177.73	211.08	152.70	166.05
08.07.2010	174.07	185.10	137.02	180.28
09.07.2010	197.65	187.36	152.25	174.13
10.07.2010	227.85	233.86	166.25	168.16
11.07.2010	181.24	219.46	149.65	138.58
12.07.2010	187.59	200.25	259.71	282.49
13.07.2010	167.08	204.70	188.09	224.12
14.07.2010	180.16	224.38	176.66	188.85
15.07.2010	152.23	221.09	227.59	241.62
16.07.2010	180.80	265.41	134.24	138.15
17.07.2010	127.45	202.88	89.11	80.12
18.07.2010	164.16	212.02	140.28	113.95
19.07.2010	213.43	220.28	228.03	207.45
20.07.2010	224.38	262.30	200.13	232.82
21.07.2010	210.81	221.28	268.78	292.11
22.07.2010	218.98	245.22	262.10	283.02
23.07.2010	233.98	242.33	251.27	289.25
24.07.2010	239.93	252.62	250.38	283.62
25.07.2010	220.35	242.34	222.86	262.23
26.07.2010	190.97	198.33	144.86	184.06
27.07.2010	176.72	207.47	82.97	104.53
28.07.2010	190.14	166.60	117.85	126.87
29.07.2010	164.04	174.27	164.33	197.25
30.07.2010	182.16	174.98	223.65	248.50
31.07.2010	136.52	170.85	163.22	165.40
01.08.2010	185.15	223.53	205.40	250.05
02.08.2010	142.49	192.86	223.26	247.70
03.08.2010	164.67	198.89	215.59	248.06
04.08.2010	138.96	159.29	223.36	234.02
05.08.2010	147.76	166.21	210.49	227.57
06.08.2010	154.26	141.72	168.45	208.31
07.08.2010	160.09	171.55	146.69	195.76
08.08.2010	118.12	164.07	149.95	151.55
09.08.2010	181.60	159.65	136.46	171.27
10.08.2010	130.09	148.13	144.13	141.26
11.08.2010	121.80	186.33	168.28	151.60
12.08.2010	116.52	159.28	91.81	112.68
13.08.2010	127.75	162.74	73.07	106.85
14.08.2010	191.00	211.42	88.04	91.68
15.08.2010	121.74	186.55	119.15	94.06
16.08.2010	147.30	155.26	194.34	176.06
17.08.2010	178.70	199.74	178.40	190.34
18.08.2010	160.61	176.59	93.81	87.57
19.08.2010	133.62	194.42	113.28	109.31
20.08.2010	129.80	161.54	145.22	165.99
21.08.2010	166.12	180.59	192.41	204.69
22.08.2010	156.49	175.12	196.01	205.03
23.08.2010	141.90	179.24	159.03	147.52
24.08.2010	121.58	137.41	87.67	53.90
25.08.2010	115.20	155.70	154.40	115.77
26.08.2010	172.03	188.60	188.89	221.08
27.08.2010	153.56	165.61	184.14	212.72
28.08.2010	146.10	157.42	177.01	193.68
29.08.2010	116.21	148.11	172.42	125.08
30.08.2010	104.51	166.83	164.92	82.15
31.08.2010	136.55	164.46	151.18	127.93
01.09.2010	106.08	156.56	144.70	91.60
02.09.2010	122.74	165.54	133.91	120.77
03.09.2010	114.65	132.00	111.66	116.93
04.09.2010	106.50	137.90	119.41	138.03
05.09.2010	103.51	128.36	51.68	64.02
06.09.2010	82.84	115.44	29.98	32.08
07.09.2010	85.04	107.68	56.20	29.75
08.09.2010	107.30	135.49	49.88	35.89
09.09.2010	99.50	118.72	37.09	50.57
10.09.2010	94.91	121.55	35.82	44.03
11.09.2010	73.11	106.36	50.32	55.62
12.09.2010	88.08	104.92	107.49	82.31
13.09.2010	92.59	137.62	131.79	138.65
14.09.2010	75.70	109.48	104.74	97.95
15.09.2010	74.06	75.40	62.58	61.57
16.09.2010	91.50	116.97	60.54	70.25
17.09.2010	90.76	114.27	103.07	102.99
18.09.2010	78.59	109.75	55.23	55.48
19.09.2010	92.64	117.97	58.88	77.84
20.09.2010	66.08	103.11	34.61	49.92
21.09.2010	68.05	92.48	35.79	32.39
22.09.2010	62.21	96.51	29.17	39.88
23.09.2010	65.49	107.04	43.81	62.61
24.09.2010	59.63	75.73	35.71	42.23
25.09.2010	78.99	123.26	66.68	81.21
26.09.2010	69.21	102.71	43.23	80.74
27.09.2010	54.50	56.97	33.24	73.31
28.09.2010	78.57	107.86	86.24	96.52
29.09.2010	57.15	79.66	37.53	72.40
30.09.2010	45.07	65.88	16.85	77.68
01.10.2010	54.80	70.71	26.21	44.11
02.10.2010	73.24	82.64	42.91	57.22
03.10.2010	60.64	76.60	24.19	38.41
04.10.2010	57.78	60.01	23.64	46.12
05.10.2010	62.15	91.52	37.65	41.87
06.10.2010	65.97	73.73	43.90	49.75
07.10.2010	56.88	85.46	19.70	28.94
08.10.2010	51.89	72.46	21.66	20.77
09.10.2010	43.17	60.35	23.32	29.75
10.10.2010	54.93	67.45	41.95	53.78
11.10.2010	48.86	68.18	50.78	39.70
12.10.2010	57.09	71.47	47.07	40.64
13.10.2010	41.42	70.31	13.26	17.55
14.10.2010	49.77	77.13	18.53	9.05
15.10.2010	41.68	63.69	38.40	26.80
16.10.2010	44.27	66.85	46.93	39.99
17.10.2010	39.71	65.59	56.42	60.25
18.10.2010	42.82	63.54	36.86	42.76
19.10.2010	41.31	55.71	13.92	19.92
20.10.2010	27.96	46.14	23.01	13.10
21.10.2010	22.61	39.75	31.73	14.07
22.10.2010	23.08	37.52	34.12	14.34
23.10.2010	27.89	41.96	22.80	18.74
24.10.2010	25.44	39.40	8.24	12.14
25.10.2010	25.45	36.44	15.20	26.03
26.10.2010	30.65	56.49	19.50	26.94
27.10.2010	24.99	41.63	9.12	11.16
28.10.2010	22.22	45.04	8.66	6.89
29.10.2010	21.89	46.83	14.53	12.83
30.10.2010	23.89	36.30	24.18	26.63
31.10.2010	19.86	34.23	26.30	25.88
01.11.2010	19.48	24.23	30.48	29.60
02.11.2010	21.22	39.35	12.65	26.03
03.11.2010	24.99	43.08	21.68	26.18
04.11.2010	19.38	35.38	24.29	22.69
05.11.2010	19.94	31.02	15.22	12.36
06.11.2010	24.15	39.93	18.92	17.74
07.11.2010	19.75	31.52	19.71	16.95
08.11.2010	20.22	32.15	17.83	20.65
09.11.2010	15.19	28.65	15.96	11.25
10.11.2010	13.94	23.44	16.39	8.27
11.11.2010	12.34	20.54	17.20	11.59
12.11.2010	11.45	22.11	16.06	13.41
13.11.2010	11.09	18.64	16.16	16.35
14.11.2010	9.88	24.18	15.17	15.33
15.11.2010	9.67	19.91	5.82	6.51
16.11.2010	7.83	13.02	8.15	6.82
17.11.2010	9.32	17.17	9.69	4.67
18.11.2010	5.82	15.94	7.09	3.83
19.11.2010	6.28	16.11	6.32	4.07
20.11.2010	10.10	27.72	9.76	7.72
21.11.2010	5.99	21.91	13.16	7.60
22.11.2010	4.30	12.83	10.20	2.70
23.11.2010	4.57	12.64	8.25	3.56
24.11.2010	5.17	12.42	4.96	2.56
25.11.2010	5.35	11.66	9.64	6.43
26.11.2010	5.91	16.83	9.00	7.66
27.11.2010	5.43	10.39	8.43	6.56
28.11.2010	5.71	12.01	7.64	5.17
29.11.2010	5.25	10.70	6.18	3.93
30.11.2010	3.12	9.93	3.02	5.46
01.12.2010	3.37	13.38	3.22	6.68
02.12.2010	3.28	8.62	3.55	3.58
03.12.2010	2.49	7.92	2.03	5.20
04.12.2010	3.95	7.39	3.02	3.34
05.12.2010	3.40	7.40	7.44	2.65
06.12.2010	4.92	7.65	7.45	3.78
07.12.2010	3.06	8.06	7.23	4.45
08.12.2010	3.07	5.72	5.92	4.68
09.12.2010	2.93	6.48	5.90	5.13
10.12.2010	2.77	8.00	5.05	4.11
11.12.2010	2.90	6.41	4.67	2.70
12.12.2010	3.01	7.09	3.81	1.74
13.12.2010	2.30	7.48	4.40	1.78
14.12.2010	2.51	7.35	3.67	0.65
15.12.2010	3.33	7.20	4.34	1.47
16.12.2010	3.86	6.84	5.88	2.08
17.12.2010	2.66	5.72	4.68	2.97
18.12.2010	2.86	5.15	3.40	4.01
19.12.2010	2.60	6.55	4.55	1.99
20.12.2010	2.36	3.74	4.78	2.78
21.12.2010	3.95	3.95	4.43	2.33
22.12.2010	2.51	5.46	1.54	1.22
23.12.2010	2.98	8.56	2.48	2.21
24.12.2010	2.56	7.82	4.11	2.62
25.12.2010	2.37	7.92	2.21	3.20
26.12.2010	1.42	6.32	2.06	3.90
27.12.2010	2.15	7.02	2.15	3.44
28.12.2010	3.17	6.18	1.46	3.17
29.12.2010	2.62	5.46	1.81	3.28
30.12.2010	2.50	5.95	2.75	2.44
31.12.2010	2.32	5.64	5.30	1.82
01.01.2011	2.53	4.56	4.55	2.14
02.01.2011	2.52	8.80	4.29	0.61
03.01.2011	2.19	6.28	3.14	2.47
04.01.2011	2.03	7.11	4.05	5.44
05.01.2011	2.82	11.22	7.76	4.92
06.01.2011	3.26	7.71	8.39	6.30
07.01.2011	3.34	10.03	5.22	4.98
08.01.2011	3.33	8.83	6.11	4.16
09.01.2011	4.11	12.13	10.03	4.74
10.01.2011	4.21	9.98	10.24	6.25
11.01.2011	3.20	9.19	6.21	4.60
12.01.2011	3.37	8.48	3.83	0.57
13.01.2011	3.04	13.94	7.07	1.79
14.01.2011	4.12	15.51	6.92	4.32
15.01.2011	3.50	13.31	5.71	5.19
16.01.2011	2.88	14.18	8.81	3.74
17.01.2011	5.73	15.36	7.71	3.04
18.01.2011	6.56	21.14	4.86	1.78
19.01.2011	5.34	17.46	7.94	5.61
20.01.2011	6.03	17.93	10.09	8.65
21.01.2011	7.04	24.79	8.85	6.91
22.01.2011	9.97	21.76	7.59	7.96
23.01.2011	7.92	16.76	7.99	4.25
24.01.2011	10.70	18.80	9.94	10.15
25.01.2011	8.34	21.80	9.38	9.78
26.01.2011	11.89	24.12	9.58	7.91
27.01.2011	13.41	23.37	10.50	5.01
28.01.2011	14.35	23.92	8.25	5.71
29.01.2011	12.19	21.68	9.03	8.63
30.01.2011	13.47	31.28	13.17	13.48
31.01.2011	15.52	37.64	7.03	11.29
01.02.2011	11.67	26.61	4.70	15.90
02.02.2011	13.57	29.39	4.95	16.83
03.02.2011	15.35	39.75	6.74	10.47
04.02.2011	17.59	34.75	10.03	12.40
05.02.2011	23.05	39.71	7.33	14.88
06.02.2011	25.55	37.33	14.70	22.12
07.02.2011	22.01	35.81	31.57	37.00
08.02.2011	24.59	32.08	38.33	38.89
09.02.2011	24.66	35.34	33.22	39.29
10.02.2011	23.90	34.37	35.46	36.64
11.02.2011	30.13	35.80	37.36	45.72
12.02.2011	23.05	38.44	39.29	48.12
13.02.2011	32.57	50.10	41.55	49.66
14.02.2011	33.39	43.98	36.90	41.75
15.02.2011	33.23	41.51	9.86	14.30
16.02.2011	25.73	45.91	25.91	30.88
17.02.2011	21.22	46.22	31.31	32.89
18.02.2011	28.72	43.34	14.97	18.72
19.02.2011	41.42	65.53	18.09	20.49
20.02.2011	35.95	52.58	12.34	10.55
21.02.2011	37.09	53.72	23.69	23.14
22.02.2011	41.74	57.00	14.58	15.64
23.02.2011	31.86	64.87	37.53	35.64
24.02.2011	32.79	62.68	15.78	30.36
25.02.2011	35.09	60.15	25.41	47.85
26.02.2011	38.51	76.37	54.20	58.45
27.02.2011	49.72	75.46	30.25	50.86
28.02.2011	47.37	75.33	38.54	52.18
01.03.2011	49.95	73.89	38.96	26.75
02.03.2011	52.24	83.80	47.18	23.95
03.03.2011	59.77	72.24	58.83	34.47
04.03.2011	61.33	81.38	66.78	42.98
05.03.2011	62.17	87.26	45.92	32.87
06.03.2011	61.93	86.73	51.31	26.47
07.03.2011	50.82	82.94	75.92	52.61
08.03.2011	66.74	73.95	79.67	76.70
09.03.2011	64.24	93.24	64.44	78.53
10.03.2011	56.79	100.59	14.15	36.21
11.03.2011	85.28	99.93	20.80	60.81
12.03.2011	69.95	95.19	35.77	113.74
13.03.2011	67.98	100.96	41.49	64.19
14.03.2011	83.93	112.74	57.33	-35.85
15.03.2011	72.95	106.13	100.62	92.49
16.03.2011	87.69	142.00	115.00	86.15
17.03.2011	67.41	103.80	94.47	65.76
18.03.2011	65.08	111.56	73.71	61.31
19.03.2011	66.01	114.39	59.76	51.37
20.03.2011	65.30	130.40	61.86	52.23
21.03.2011	82.80	117.27	75.77	53.00
22.03.2011	68.99	122.12	55.97	54.00
23.03.2011	96.83	140.98	63.64	55.00
24.03.2011	90.31	120.94	91.03	56.00
25.03.2011	103.71	133.67	62.74	57.50
26.03.2011	98.19	126.87	49.81	67.08
27.03.2011	120.86	149.65	81.00	76.53
28.03.2011	104.42	135.94	33.66	68.16
29.03.2011	100.60	145.24	49.81	63.82
30.03.2011	119.73	140.82	61.68	69.24
31.03.2011	117.71	162.07	128.84	105.18
01.04.2011	109.20	164.70	136.75	104.26
02.04.2011	81.97	150.34	128.39	108.76
03.04.2011	121.85	165.96	76.63	55.23
04.04.2011	117.59	163.81	43.98	39.07
05.04.2011	82.60	145.76	83.24	70.37
06.04.2011	107.84	175.05	100.24	102.45
07.04.2011	122.40	174.50	102.34	102.67
08.04.2011	124.68	171.84	48.37	65.10
09.04.2011	108.82	172.41	90.95	70.91
10.04.2011	153.49	191.08	135.35	121.55
11.04.2011	169.53	197.42	190.45	217.05
12.04.2011	165.98	188.51	161.51	162.82
13.04.2011	143.00	172.90	150.19	143.51
14.04.2011	139.55	195.83	170.71	214.45
15.04.2011	148.03	198.47	204.14	233.21
16.04.2011	168.19	206.56	206.58	245.41
17.04.2011	197.92	222.22	201.76	238.80
18.04.2011	188.55	210.08	196.72	229.76
19.04.2011	169.32	218.90	177.51	200.49
20.04.2011	152.55	201.16	140.66	132.70
21.04.2011	151.92	189.59	187.86	135.36
22.04.2011	163.61	226.09	155.86	151.17
23.04.2011	180.83	227.79	150.09	191.09
24.04.2011	194.97	202.98	167.10	183.51
25.04.2011	178.80	202.02	235.28	216.42
26.04.2011	200.46	226.42	236.99	280.15
27.04.2011	236.20	184.77	224.98	284.06
28.04.2011	209.61	184.26	223.12	294.47
29.04.2011	209.19	235.83	246.51	285.18
30.04.2011	240.33	249.28	225.60	269.61
01.05.2011	175.30	214.48	169.52	185.89
02.05.2011	164.13	221.32	165.61	112.99
03.05.2011	178.55	250.81	144.99	178.64
04.05.2011	200.09	252.17	175.49	262.72
05.05.2011	200.54	249.02	201.61	224.51
06.05.2011	192.54	272.85	211.81	185.28
07.05.2011	199.61	272.78	233.57	230.39
08.05.2011	210.11	294.43	125.47	111.69
09.05.2011	204.39	262.25	57.67	101.59
10.05.2011	175.41	258.77	123.55	182.53
11.05.2011	211.65	253.64	206.77	250.52
12.05.2011	190.22	242.02	170.00	198.80
13.05.2011	191.77	274.09	210.15	253.04
14.05.2011	191.26	261.02	155.96	213.83
15.05.2011	223.92	300.61	154.38	212.88
16.05.2011	146.08	246.51	146.32	126.59
17.05.2011	246.77	292.10	209.76	202.83
18.05.2011	211.15	257.87	74.97	125.23
19.05.2011	217.66	282.52	161.36	175.79
20.05.2011	211.92	243.48	243.99	213.46
21.05.2011	210.69	246.66	250.90	279.49
22.05.2011	145.01	205.73	187.56	264.56
23.05.2011	198.13	314.43	179.84	231.63
24.05.2011	187.90	231.93	110.06	192.97
25.05.2011	231.08	274.55	133.08	230.28
26.05.2011	224.64	275.04	203.71	266.51
27.05.2011	270.80	301.86	276.23	307.71
28.05.2011	229.27	251.84	294.36	323.64
29.05.2011	290.92	274.27	293.30	336.46
30.05.2011	238.58	272.26	294.17	337.82
31.05.2011	230.36	334.21	297.18	340.75
01.06.2011	238.30	289.50	292.63	328.48
02.06.2011	253.35	287.42	286.66	327.31
03.06.2011	230.76	284.96	244.01	282.67
04.06.2011	199.26	252.32	149.69	166.21
05.06.2011	241.90	257.18	168.43	147.69
06.06.2011	213.69	267.65	152.85	160.68
07.06.2011	203.47	247.71	294.28	272.00
08.06.2011	272.52	302.29	253.05	227.69
09.06.2011	236.07	286.02	138.08	172.63
10.06.2011	217.02	253.17	44.64	100.15
11.06.2011	207.49	258.01	109.53	108.77
12.06.2011	185.98	242.29	151.06	107.59
13.06.2011	211.76	234.68	74.55	92.74
14.06.2011	236.11	255.78	141.18	137.49
15.06.2011	212.89	300.07	194.88	166.04
16.06.2011	184.37	231.51	28.06	69.26
17.06.2011	168.60	223.49	84.98	110.66
18.06.2011	149.81	263.72	176.04	220.80
19.06.2011	173.23	248.73	130.13	203.60
20.06.2011	215.09	285.47	155.16	184.72
21.06.2011	191.25	206.56	175.32	164.57
22.06.2011	196.42	236.76	282.21	266.97
23.06.2011	136.19	258.05	216.13	145.57
24.06.2011	205.27	234.03	225.26	175.15
25.06.2011	203.58	222.58	225.63	173.42
26.06.2011	208.75	256.31	199.81	222.13
27.06.2011	280.95	339.60	302.03	326.00
28.06.2011	237.47	270.40	288.50	282.83
29.06.2011	207.74	265.65	274.02	292.56
30.06.2011	221.25	260.71	301.06	327.02
01.07.2011	226.43	279.56	298.70	337.47
02.07.2011	217.63	272.50	284.78	304.88
03.07.2011	193.76	268.02	243.03	277.36
04.07.2011	230.52	289.10	162.84	206.00
05.07.2011	209.69	244.97	137.16	146.52
06.07.2011	146.98	185.20	156.95	158.66
07.07.2011	177.73	211.08	152.70	166.05
08.07.2011	174.07	185.10	137.02	180.28
09.07.2011	197.65	187.36	152.25	174.13
10.07.2011	227.85	233.86	166.25	168.16
11.07.2011	181.24	219.46	149.65	138.58
12.07.2011	187.59	200.25	259.71	282.49
13.07.2011	167.08	204.70	188.09	224.12
14.07.2011	180.16	224.38	176.66	188.85
15.07.2011	152.23	221.09	227.59	241.62
16.07.2011	180.80	265.41	134.24	138.15
17.07.2011	127.45	202.88	89.11	80.12
18.07.2011	164.16	212.02	140.28	113.95
19.07.2011	213.43	220.28	228.03	207.45
20.07.2011	224.38	262.30	200.13	232.82
21.07.2011	210.81	221.28	268.78	292.11
22.07.2011	218.98	245.22	262.10	283.02
23.07.2011	233.98	242.33	251.27	289.25
24.07.2011	239.93	252.62	250.38	283.62
25.07.2011	220.35	242.34	222.86	262.23
26.07.2011	190.97	198.33	144.86	184.06
27.07.2011	176.72	207.47	82.97	104.53
28.07.2011	190.14	166.60	117.85	126.87
29.07.2011	164.04	174.27	164.33	197.25
30.07.2011	182.16	174.98	223.65	248.50
31.07.2011	136.52	170.85	163.22	165.40
01.08.2011	185.15	223.53	205.40	250.05
02.08.2011	142.49	192.86	223.26	247.70
03.08.2011	164.67	198.89	215.59	248.06
04.08.2011	138.96	159.29	223.36	234.02
05.08.2011	147.76	166.21	210.49	227.57
06.08.2011	154.26	141.72	168.45	208.31
07.08.2011	160.09	171.55	146.69	195.76
08.08.2011	118.12	164.07	149.95	151.55
09.08.2011	181.60	159.65	136.46	171.27
10.08.2011	130.09	148.13	144.13	141.26
11.08.2011	121.80	186.33	168.28	151.60
12.08.2011	116.52	159.28	91.81	112.68
13.08.2011	127.75	162.74	73.07	106.85
14.08.2011	191.00	211.42	88.04	91.68
15.08.2011	121.74	186.55	119.15	94.06
16.08.2011	147.30	155.26	194.34	176.06
17.08.2011	178.70	199.74	178.40	190.34
18.08.2011	160.61	176.59	93.81	87.57
19.08.2011	133.62	194.42	113.28	109.31
20.08.2011	129.80	161.54	145.22	165.99
21.08.2011	166.12	180.59	192.41	204.69
22.08.2011	156.49	175.12	196.01	205.03
23.08.2011	141.90	179.24	159.03	147.52
24.08.2011	121.58	137.41	87.67	53.90
25.08.2011	115.20	155.70	154.40	115.77
26.08.2011	172.03	188.60	188.89	221.08
27.08.2011	153.56	165.61	184.14	212.72
28.08.2011	146.10	157.42	177.01	193.68
29.08.2011	116.21	148.11	172.42	125.08
30.08.2011	104.51	166.83	164.92	82.15
31.08.2011	136.55	164.46	151.18	127.93
01.09.2011	106.08	156.56	144.70	91.60
02.09.2011	122.74	165.54	133.91	120.77
03.09.2011	114.65	132.00	111.66	116.93
04.09.2011	106.50	137.90	119.41	138.03
05.09.2011	103.51	128.36	51.68	64.02
06.09.2011	82.84	115.44	29.98	32.08
07.09.2011	85.04	107.68	56.20	29.75
08.09.2011	107.30	135.49	49.88	35.89
09.09.2011	99.50	118.72	37.09	50.57
10.09.2011	94.91	121.55	35.82	44.03
11.09.2011	73.11	106.36	50.32	55.62
12.09.2011	88.08	104.92	107.49	82.31
13.09.2011	92.59	137.62	131.79	138.65
14.09.2011	75.70	109.48	104.74	97.95
15.09.2011	74.06	75.40	62.58	61.57
16.09.2011	91.50	116.97	60.54	70.25
17.09.2011	90.76	114.27	103.07	102.99
18.09.2011	78.59	109.75	55.23	55.48
19.09.2011	92.64	117.97	58.88	77.84
20.09.2011	66.08	103.11	34.61	49.92
21.09.2011	68.05	92.48	35.79	32.39
22.09.2011	62.21	96.51	29.17	39.88
23.09.2011	65.49	107.04	43.81	62.61
24.09.2011	59.63	75.73	35.71	42.23
25.09.2011	78.99	123.26	66.68	81.21
26.09.2011	69.21	102.71	43.23	80.74
27.09.2011	54.50	56.97	33.24	73.31
28.09.2011	78.57	107.86	86.24	96.52
29.09.2011	57.15	79.66	37.53	72.40
30.09.2011	45.07	65.88	16.85	77.68
01.10.2011	54.80	70.71	26.21	44.11
02.10.2011	73.24	82.64	42.91	57.22
03.10.2011	60.64	76.60	24.19	38.41
04.10.2011	57.78	60.01	23.64	46.12
05.10.2011	62.15	91.52	37.65	41.87
06.10.2011	65.97	73.73	43.90	49.75
07.10.2011	56.88	85.46	19.70	28.94
08.10.2011	51.89	72.46	21.66	20.77
09.10.2011	43.17	60.35	23.32	29.75
10.10.2011	54.93	67.45	41.95	53.78
11.10.2011	48.86	68.18	50.78	39.70
12.10.2011	57.09	71.47	47.07	40.64
13.10.2011	41.42	70.31	13.26	17.55
14.10.2011	49.77	77.13	18.53	9.05
15.10.2011	41.68	63.69	38.40	26.80
16.10.2011	44.27	66.85	46.93	39.99
17.10.2011	39.71	65.59	56.42	60.25
18.10.2011	42.82	63.54	36.86	42.76
19.10.2011	41.31	55.71	13.92	19.92
20.10.2011	27.96	46.14	23.01	13.10
21.10.2011	22.61	39.75	31.73	14.07
22.10.2011	23.08	37.52	34.12	14.34
23.10.2011	27.89	41.96	22.80	18.74
24.10.2011	25.44	39.40	8.24	12.14
25.10.2011	25.45	36.44	15.20	26.03
26.10.2011	30.65	56.49	19.50	26.94
27.10.2011	24.99	41.63	9.12	11.16
28.10.2011	22.22	45.04	8.66	6.89
29.10.2011	21.89	46.83	14.53	12.83
30.10.2011	23.89	36.30	24.18	26.63
31.10.2011	19.86	34.23	26.30	25.88
01.11.2011	19.48	24.23	30.48	29.60
02.11.2011	21.22	39.35	12.65	26.03
03.11.2011	24.99	43.08	21.68	26.18
04.11.2011	19.38	35.38	24.29	22.69
05.11.2011	19.94	31.02	15.22	12.36
06.11.2011	24.15	39.93	18.92	17.74
07.11.2011	19.75	31.52	19.71	16.95
08.11.2011	20.22	32.15	17.83	20.65
09.11.2011	15.19	28.65	15.96	11.25
10.11.2011	13.94	23.44	16.39	8.27
11.11.2011	12.34	20.54	17.20	11.59
12.11.2011	11.45	22.11	16.06	13.41
13.11.2011	11.09	18.64	16.16	16.35
14.11.2011	9.88	24.18	15.17	15.33
15.11.2011	9.67	19.91	5.82	6.51
16.11.2011	7.83	13.02	8.15	6.82
17.11.2011	9.32	17.17	9.69	4.67
18.11.2011	5.82	15.94	7.09	3.83
19.11.2011	6.28	16.11	6.32	4.07
20.11.2011	10.10	27.72	9.76	7.72
21.11.2011	5.99	21.91	13.16	7.60
22.11.2011	4.30	12.83	10.20	2.70
23.11.2011	4.57	12.64	8.25	3.56
24.11.2011	5.17	12.42	4.96	2.56
25.11.2011	5.35	11.66	9.64	6.43
26.11.2011	5.91	16.83	9.00	7.66
27.11.2011	5.43	10.39	8.43	6.56
28.11.2011	5.71	12.01	7.64	5.17
29.11.2011	5.25	10.70	6.18	3.93
30.11.2011	3.12	9.93	3.02	5.46
01.12.2011	3.37	13.38	3.22	6.68
02.12.2011	3.28	8.62	3.55	3.58
03.12.2011	2.49	7.92	2.03	5.20
04.12.2011	3.95	7.39	3.02	3.34
05.12.2011	3.40	7.40	7.44	2.65
06.12.2011	4.92	7.65	7.45	3.78
07.12.2011	3.06	8.06	7.23	4.45
08.12.2011	3.07	5.72	5.92	4.68
09.12.2011	2.93	6.48	5.90	5.13
10.12.2011	2.77	8.00	5.05	4.11
11.12.2011	2.90	6.41	4.67	2.70
12.12.2011	3.01	7.09	3.81	1.74
13.12.2011	2.30	7.48	4.40	1.78
14.12.2011	2.51	7.35	3.67	0.65
15.12.2011	3.33	7.20	4.34	1.47
16.12.2011	3.86	6.84	5.88	2.08
17.12.2011	2.66	5.72	4.68	2.97
18.12.2011	2.86	5.15	3.40	4.01
19.12.2011	2.60	6.55	4.55	1.99
20.12.2011	2.36	3.74	4.78	2.78
21.12.2011	3.95	3.95	4.43	2.33
22.12.2011	2.51	5.46	1.54	1.22
23.12.2011	2.98	8.56	2.48	2.21
24.12.2011	2.56	7.82	4.11	2.62
25.12.2011	2.37	7.92	2.21	3.20
26.12.2011	1.42	6.32	2.06	3.90
27.12.2011	2.15	7.02	2.15	3.44
28.12.2011	3.17	6.18	1.46	3.17
29.12.2011	2.62	5.46	1.81	3.28
30.12.2011	2.50	5.95	2.75	2.44
31.12.2011	2.32	5.64	5.30	1.82
01.01.2012	2.53	4.56	4.55	2.14
02.01.2012	2.52	8.80	4.29	0.61
03.01.2012	2.19	6.28	3.14	2.47
04.01.2012	2.03	7.11	4.05	5.44
05.01.2012	2.82	11.22	7.76	4.92
06.01.2012	3.26	7.71	8.39	6.30
07.01.2012	3.34	10.03	5.22	4.98
08.01.2012	3.33	8.83	6.11	4.16
09.01.2012	4.11	12.13	10.03	4.74
10.01.2012	4.21	9.98	10.24	6.25
11.01.2012	3.20	9.19	6.21	4.60
12.01.2012	3.37	8.48	3.83	0.57
13.01.2012	3.04	13.94	7.07	1.79
14.01.2012	4.12	15.51	6.92	4.32
15.01.2012	3.50	13.31	5.71	5.19
16.01.2012	2.88	14.18	8.81	3.74
17.01.2012	5.73	15.36	7.71	3.04
18.01.2012	6.56	21.14	4.86	1.78
19.01.2012	5.34	17.46	7.94	5.61
20.01.2012	6.03	17.93	10.09	8.65
21.01.2012	7.04	24.79	8.85	6.91
22.01.2012	9.97	21.76	7.59	7.96
23.01.2012	7.92	16.76	7.99	4.25
24.01.2012	10.70	18.80	9.94	10.15
25.01.2012	8.34	21.80	9.38	9.78
26.01.2012	11.89	24.12	9.58	7.91
27.01.2012	13.41	23.37	10.50	5.01
28.01.2012	14.35	23.92	8.25	5.71
29.01.2012	12.19	21.68	9.03	8.63
30.01.2012	13.47	31.28	13.17	13.48
31.01.2012	15.52	37.64	7.03	11.29
01.02.2012	11.67	26.61	4.70	15.90
02.02.2012	13.57	29.39	4.95	16.83
03.02.2012	15.35	39.75	6.74	10.47
04.02.2012	17.59	34.75	10.03	12.40
05.02.2012	23.05	39.71	7.33	14.88
06.02.2012	25.55	37.33	14.70	22.12
07.02.2012	22.01	35.81	31.57	37.00
08.02.2012	24.59	32.08	38.33	38.89
09.02.2012	24.66	35.34	33.22	39.29
10.02.2012	23.90	34.37	35.46	36.64
11.02.2012	30.13	35.80	37.36	45.72
12.02.2012	23.05	38.44	39.29	48.12
13.02.2012	32.57	50.10	41.55	49.66
14.02.2012	33.39	43.98	36.90	41.75
15.02.2012	33.23	41.51	9.86	14.30
16.02.2012	25.73	45.91	25.91	30.88
17.02.2012	21.22	46.22	31.31	32.89
18.02.2012	28.72	43.34	14.97	18.72
19.02.2012	41.42	65.53	18.09	20.49
20.02.2012	35.95	52.58	12.34	10.55
21.02.2012	37.09	53.72	23.69	23.14
22.02.2012	41.74	57.00	14.58	15.64
23.02.2012	31.86	64.87	37.53	35.64
24.02.2012	32.79	62.68	15.78	30.36
25.02.2012	35.09	60.15	25.41	47.85
26.02.2012	38.51	76.37	54.20	58.45
27.02.2012	49.72	75.46	30.25	50.86
28.02.2012	47.37	75.33	38.54	52.18
29.02.2012	49.95	73.89	38.96	26.75
01.03.2012	52.24	83.80	47.18	23.95
02.03.2012	59.77	72.24	58.83	34.47
03.03.2012	61.33	81.38	66.78	42.98
04.03.2012	62.17	87.26	45.92	32.87
05.03.2012	61.93	86.73	51.31	26.47
06.03.2012	50.82	82.94	75.92	52.61
07.03.2012	66.74	73.95	79.67	76.70
08.03.2012	64.24	93.24	64.44	78.53
09.03.2012	56.79	100.59	14.15	36.21
10.03.2012	85.28	99.93	20.80	60.81
11.03.2012	69.95	95.19	35.77	113.74
12.03.2012	67.98	100.96	41.49	64.19
13.03.2012	83.93	112.74	57.33	-35.85
14.03.2012	72.95	106.13	100.62	92.49
15.03.2012	87.69	142.00	115.00	86.15
16.03.2012	67.41	103.80	94.47	65.76
17.03.2012	65.08	111.56	73.71	61.31
18.03.2012	66.01	114.39	59.76	51.37
19.03.2012	65.30	130.40	61.86	52.23
20.03.2012	82.80	117.27	75.77	53.00
21.03.2012	68.99	122.12	55.97	54.00
22.03.2012	96.83	140.98	63.64	55.00
23.03.2012	90.31	120.94	91.03	56.00
24.03.2012	103.71	133.67	62.74	57.50
25.03.2012	98.19	126.87	49.81	67.08
26.03.2012	120.86	149.65	81.00	76.53
27.03.2012	104.42	135.94	33.66	68.16
28.03.2012	100.60	145.24	49.81	63.82
29.03.2012	119.73	140.82	61.68	69.24
30.03.2012	117.71	162.07	128.84	105.18
31.03.2012	109.20	164.70	136.75	104.26
01.04.2012	81.97	150.34	128.39	108.76
02.04.2012	121.85	165.96	76.63	55.23
03.04.2012	117.59	163.81	43.98	39.07
04.04.2012	82.60	145.76	83.24	70.37
05.04.2012	107.84	175.05	100.24	102.45
06.04.2012	122.40	174.50	102.34	102.67
07.04.2012	124.68	171.84	48.37	65.10
08.04.2012	108.82	172.41	90.95	70.91
09.04.2012	153.49	191.08	135.35	121.55
10.04.2012	169.53	197.42	190.45	217.05
11.04.2012	165.98	188.51	161.51	162.82
12.04.2012	143.00	172.90	150.19	143.51
13.04.2012	139.55	195.83	170.71	214.45
14.04.2012	148.03	198.47	204.14	233.21
15.04.2012	168.19	206.56	206.58	245.41
16.04.2012	197.92	222.22	201.76	238.80
17.04.2012	188.55	210.08	196.72	229.76
18.04.2012	169.32	218.90	177.51	200.49
19.04.2012	152.55	201.16	140.66	132.70
20.04.2012	151.92	189.59	187.86	135.36
21.04.2012	163.61	226.09	155.86	151.17
22.04.2012	180.83	227.79	150.09	191.09
23.04.2012	194.97	202.98	167.10	183.51
24.04.2012	178.80	202.02	235.28	216.42
25.04.2012	200.46	226.42	236.99	280.15
26.04.2012	236.20	184.77	224.98	284.06
27.04.2012	209.61	184.26	223.12	294.47
28.04.2012	209.19	235.83	246.51	285.18
29.04.2012	240.33	249.28	225.60	269.61
30.04.2012	175.30	214.48	169.52	185.89
01.05.2012	164.13	221.32	165.61	112.99
02.05.2012	178.55	250.81	144.99	178.64
03.05.2012	200.09	252.17	175.49	262.72
04.05.2012	200.54	249.02	201.61	224.51
05.05.2012	192.54	272.85	211.81	185.28
06.05.2012	199.61	272.78	233.57	230.39
07.05.2012	210.11	294.43	125.47	111.69
08.05.2012	204.39	262.25	57.67	101.59
09.05.2012	175.41	258.77	123.55	182.53
10.05.2012	211.65	253.64	206.77	250.52
11.05.2012	190.22	242.02	170.00	198.80
12.05.2012	191.77	274.09	210.15	253.04
13.05.2012	191.26	261.02	155.96	213.83
14.05.2012	223.92	300.61	154.38	212.88
15.05.2012	146.08	246.51	146.32	126.59
16.05.2012	246.77	292.10	209.76	202.83
17.05.2012	211.15	257.87	74.97	125.23
18.05.2012	217.66	282.52	161.36	175.79
19.05.2012	211.92	243.48	243.99	213.46
20.05.2012	210.69	246.66	250.90	279.49
21.05.2012	145.01	205.73	187.56	264.56
22.05.2012	198.13	314.43	179.84	231.63
23.05.2012	187.90	231.93	110.06	192.97
24.05.2012	231.08	274.55	133.08	230.28
25.05.2012	224.64	275.04	203.71	266.51
26.05.2012	270.80	301.86	276.23	307.71
27.05.2012	229.27	251.84	294.36	323.64
28.05.2012	290.92	274.27	293.30	336.46
29.05.2012	238.58	272.26	294.17	337.82
30.05.2012	230.36	334.21	297.18	340.75
31.05.2012	238.30	289.50	292.63	328.48
01.06.2012	253.35	287.42	286.66	327.31
02.06.2012	230.76	284.96	244.01	282.67
03.06.2012	199.26	252.32	149.69	166.21
04.06.2012	241.90	257.18	168.43	147.69
05.06.2012	213.69	267.65	152.85	160.68
06.06.2012	203.47	247.71	294.28	272.00
07.06.2012	272.52	302.29	253.05	227.69
08.06.2012	236.07	286.02	138.08	172.63
09.06.2012	217.02	253.17	44.64	100.15
10.06.2012	207.49	258.01	109.53	108.77
11.06.2012	185.98	242.29	151.06	107.59
12.06.2012	211.76	234.68	74.55	92.74
13.06.2012	236.11	255.78	141.18	137.49
14.06.2012	212.89	300.07	194.88	166.04
15.06.2012	184.37	231.51	28.06	69.26
16.06.2012	168.60	223.49	84.98	110.66
17.06.2012	149.81	263.72	176.04	220.80
18.06.2012	173.23	248.73	130.13	203.60
19.06.2012	215.09	285.47	155.16	184.72
20.06.2012	191.25	206.56	175.32	164.57
21.06.2012	196.42	236.76	282.21	266.97
22.06.2012	136.19	258.05	216.13	145.57
23.06.2012	205.27	234.03	225.26	175.15
24.06.2012	203.58	222.58	225.63	173.42
25.06.2012	208.75	256.31	199.81	222.13
26.06.2012	280.95	339.60	302.03	326.00
27.06.2012	237.47	270.40	288.50	282.83
28.06.2012	207.74	265.65	274.02	292.56
29.06.2012	221.25	260.71	301.06	327.02
30.06.2012	226.43	279.56	298.70	337.47
01.07.2012	217.63	272.50	284.78	304.88
02.07.2012	193.76	268.02	243.03	277.36
03.07.2012	230.52	289.10	162.84	206.00
04.07.2012	209.69	244.97	137.16	146.52
05.07.2012	146.98	185.20	156.95	158.66
06.07.2012	177.73	211.08	152.70	166.05
07.07.2012	174.07	185.10	137.02	180.28
08.07.2012	197.65	187.36	152.25	174.13
09.07.2012	227.85	233.86	166.25	168.16
10.07.2012	181.24	219.46	149.65	138.58
11.07.2012	187.59	200.25	259.71	282.49
12.07.2012	167.08	204.70	188.09	224.12
13.07.2012	180.16	224.38	176.66	188.85
14.07.2012	152.23	221.09	227.59	241.62
15.07.2012	180.80	265.41	134.24	138.15
16.07.2012	127.45	202.88	89.11	80.12
17.07.2012	164.16	212.02	140.28	113.95
18.07.2012	213.43	220.28	228.03	207.45
19.07.2012	224.38	262.30	200.13	232.82
20.07.2012	210.81	221.28	268.78	292.11
21.07.2012	218.98	245.22	262.10	283.02
22.07.2012	233.98	242.33	251.27	289.25
23.07.2012	239.93	252.62	250.38	283.62
24.07.2012	220.35	242.34	222.86	262.23
25.07.2012	190.97	198.33	144.86	184.06
26.07.2012	176.72	207.47	82.97	104.53
27.07.2012	190.14	166.60	117.85	126.87
28.07.2012	164.04	174.27	164.33	197.25
29.07.2012	182.16	174.98	223.65	248.50
30.07.2012	136.52	170.85	163.22	165.40
31.07.2012	185.15	223.53	205.40	250.05
01.08.2012	142.49	192.86	223.26	247.70
02.08.2012	164.67	198.89	215.59	248.06
03.08.2012	138.96	159.29	223.36	234.02
04.08.2012	147.76	166.21	210.49	227.57
05.08.2012	154.26	141.72	168.45	208.31
06.08.2012	160.09	171.55	146.69	195.76
07.08.2012	118.12	164.07	149.95	151.55
08.08.2012	181.60	159.65	136.46	171.27
09.08.2012	130.09	148.13	144.13	141.26
10.08.2012	121.80	186.33	280.62	151.60
11.08.2012	116.52	159.28	207.47	112.68
12.08.2012	127.75	162.74	175.39	106.85
13.08.2012	191.00	211.42	63.92	91.68
14.08.2012	121.74	186.55	152.82	94.06
15.08.2012	147.30	155.26	211.22	176.06
16.08.2012	178.70	199.74	212.14	190.34
17.08.2012	160.61	176.59	202.76	87.57
18.08.2012	133.62	194.42	152.16	109.31
19.08.2012	129.80	161.54	86.05	165.99
20.08.2012	166.12	180.59	162.17	204.69
21.08.2012	156.49	175.12	65.33	205.03
22.08.2012	141.90	179.24	35.05	147.52
23.08.2012	121.58	137.41	70.41	53.90
24.08.2012	115.20	155.70	113.10	115.77
25.08.2012	172.03	188.60	111.32	221.08
26.08.2012	153.56	165.61	189.32	212.72
27.08.2012	146.10	157.42	133.13	193.68
28.08.2012	116.21	148.11	120.54	125.08
29.08.2012	104.51	166.83	126.89	82.15
30.08.2012	136.55	164.46	170.01	127.93
31.08.2012	106.08	156.56	175.58	91.60
01.09.2012	122.74	165.54	171.80	120.77
02.09.2012	114.65	132.00	174.74	116.93
03.09.2012	106.50	137.90	25.78	138.03
04.09.2012	103.51	128.36	38.87	64.02
05.09.2012	82.84	115.44	58.59	32.08
06.09.2012	85.04	107.68	75.35	29.75
07.09.2012	107.30	135.49	25.17	35.89
08.09.2012	99.50	118.72	73.60	50.57
09.09.2012	94.91	121.55	51.63	44.03
10.09.2012	73.11	106.36	102.35	55.62
11.09.2012	88.08	104.92	16.51	82.31
12.09.2012	92.59	137.62	34.07	138.65
13.09.2012	75.70	109.48	72.43	97.95
14.09.2012	74.06	75.40	43.20	61.57
15.09.2012	91.50	116.97	23.94	70.25
16.09.2012	90.76	114.27	127.35	102.99
17.09.2012	78.59	109.75	121.80	55.48
18.09.2012	92.64	117.97	46.33	77.84
19.09.2012	66.08	103.11	113.35	49.92
20.09.2012	68.05	92.48	17.03	32.39
21.09.2012	62.21	96.51	63.28	39.88
22.09.2012	65.49	107.04	23.77	62.61
23.09.2012	59.63	75.73	49.03	42.23
24.09.2012	78.99	123.26	27.57	81.21
25.09.2012	69.21	102.71	93.37	80.74
26.09.2012	54.50	56.97	59.55	73.31
27.09.2012	78.57	107.86	85.80	96.52
28.09.2012	57.15	79.66	65.73	72.40
29.09.2012	45.07	65.88	14.29	77.68
30.09.2012	54.80	70.71	42.95	44.11
01.10.2012	73.24	82.64	35.65	57.22
02.10.2012	60.64	76.60	31.22	38.41
03.10.2012	57.78	60.01	18.63	46.12
04.10.2012	62.15	91.52	5.95	41.87
05.10.2012	65.97	73.73	45.29	49.75
06.10.2012	56.88	85.46	26.55	28.94
07.10.2012	51.89	72.46	58.04	20.77
08.10.2012	43.17	60.35	30.83	29.75
09.10.2012	54.93	67.45	45.23	53.78
10.10.2012	48.86	68.18	48.89	39.70
11.10.2012	57.09	71.47	69.54	40.64
12.10.2012	41.42	70.31	49.64	17.55
13.10.2012	49.77	77.13	61.24	9.05
14.10.2012	41.68	63.69	63.87	26.80
15.10.2012	44.27	66.85	58.08	39.99
16.10.2012	39.71	65.59	61.89	60.25
17.10.2012	42.82	63.54	38.21	42.76
18.10.2012	41.31	55.71	37.65	19.92
19.10.2012	27.96	46.14	29.38	13.10
20.10.2012	22.61	39.75	7.19	14.07
21.10.2012	23.08	37.52	12.15	14.34
22.10.2012	27.89	41.96	18.23	18.74
23.10.2012	25.44	39.40	38.05	12.14
24.10.2012	25.45	36.44	18.19	26.03
25.10.2012	30.65	56.49	19.30	26.94
26.10.2012	24.99	41.63	50.41	11.16
27.10.2012	22.22	45.04	28.40	6.89
28.10.2012	21.89	46.83	21.92	12.83
29.10.2012	23.89	36.30	17.91	26.63
30.10.2012	19.86	34.23	13.53	25.88
31.10.2012	19.48	24.23	22.19	29.60
01.11.2012	21.22	39.35	12.88	26.03
02.11.2012	24.99	43.08	15.85	26.18
03.11.2012	19.38	35.38	17.60	22.69
04.11.2012	19.94	31.02	20.83	12.36
05.11.2012	24.15	39.93	12.97	17.74
06.11.2012	19.75	31.52	13.80	16.95
07.11.2012	20.22	32.15	9.53	20.65
08.11.2012	15.19	28.65	8.85	11.25
09.11.2012	13.94	23.44	20.91	8.27
10.11.2012	12.34	20.54	7.85	11.59
11.11.2012	11.45	22.11	7.81	13.41
12.11.2012	11.09	18.64	4.08	16.35
13.11.2012	9.88	24.18	9.31	15.33
14.11.2012	9.67	19.91	8.18	6.51
15.11.2012	7.83	13.02	15.03	6.82
16.11.2012	9.32	17.17	6.38	4.67
17.11.2012	5.82	15.94	3.05	3.83
18.11.2012	6.28	16.11	2.18	4.07
19.11.2012	10.10	27.72	5.81	7.72
20.11.2012	5.99	21.91	12.59	7.60
21.11.2012	4.30	12.83	6.40	2.70
22.11.2012	4.57	12.64	7.18	3.56
23.11.2012	5.17	12.42	8.65	2.56
24.11.2012	5.35	11.66	6.15	6.43
25.11.2012	5.91	16.83	4.86	7.66
26.11.2012	5.43	10.39	10.82	6.56
27.11.2012	5.71	12.01	8.85	5.17
28.11.2012	5.25	10.70	9.54	3.93
29.11.2012	3.12	9.93	3.51	5.46
30.11.2012	3.37	13.38	3.98	6.68
01.12.2012	3.28	8.62	4.25	3.58
02.12.2012	2.49	7.92	2.39	5.20
03.12.2012	3.95	7.39	1.81	3.34
04.12.2012	3.40	7.40	7.68	2.65
05.12.2012	4.92	7.65	5.60	3.78
06.12.2012	3.06	8.06	7.54	4.45
07.12.2012	3.07	5.72	2.96	4.68
08.12.2012	2.93	6.48	4.89	5.13
09.12.2012	2.77	8.00	5.50	4.11
10.12.2012	2.90	6.41	3.05	2.70
11.12.2012	3.01	7.09	6.63	1.74
12.12.2012	2.30	7.48	6.34	1.78
13.12.2012	2.51	7.35	3.26	0.65
14.12.2012	3.33	7.20	1.69	1.47
15.12.2012	3.86	6.84	4.08	2.08
16.12.2012	2.66	5.72	3.58	2.97
17.12.2012	2.86	5.15	2.17	4.01
18.12.2012	2.60	6.55	2.20	1.99
19.12.2012	2.36	3.74	2.25	2.78
20.12.2012	3.95	3.95	2.99	2.33
21.12.2012	2.51	5.46	4.43	1.22
22.12.2012	2.98	8.56	3.95	2.21
23.12.2012	2.56	7.82	5.17	2.62
24.12.2012	2.37	7.92	6.30	3.20
25.12.2012	1.42	6.32	5.00	3.90
26.12.2012	2.15	7.02	1.69	3.44
27.12.2012	3.17	6.18	1.84	3.17
28.12.2012	2.62	5.46	2.63	3.28
29.12.2012	2.50	5.95	4.80	2.44
30.12.2012	2.32	5.64	3.91	1.82
31.12.2012	2.42	5.10	7.71	2.14
01.01.2013	2.53	4.56	5.43	0.61
02.01.2013	2.52	8.80	3.10	2.47
03.01.2013	2.19	6.28	3.70	5.44
04.01.2013	2.03	7.11	4.44	4.92
05.01.2013	2.82	11.22	5.04	6.30
06.01.2013	3.26	7.71	6.21	4.98
07.01.2013	3.34	10.03	6.08	4.16
08.01.2013	3.33	8.83	5.54	4.74
09.01.2013	4.11	12.13	3.54	6.25
10.01.2013	4.21	9.98	1.66	4.60
11.01.2013	3.20	9.19	2.47	0.57
12.01.2013	3.37	8.48	2.37	1.79
13.01.2013	3.04	13.94	6.65	4.32
14.01.2013	4.12	15.51	7.98	5.19
15.01.2013	3.50	13.31	8.82	3.74
16.01.2013	2.88	14.18	9.11	3.04
17.01.2013	5.73	15.36	4.08	1.78
18.01.2013	6.56	21.14	3.38	5.61
19.01.2013	5.34	17.46	10.99	8.65
20.01.2013	6.03	17.93	6.04	6.91
21.01.2013	7.04	24.79	7.10	7.96
22.01.2013	9.97	21.76	7.40	4.25
23.01.2013	7.92	16.76	7.48	10.15
24.01.2013	10.70	18.80	16.90	9.78
25.01.2013	8.34	21.80	8.66	7.91
26.01.2013	11.89	24.12	4.91	5.01
27.01.2013	13.41	23.37	9.02	5.71
28.01.2013	14.35	23.92	10.20	8.63
29.01.2013	12.19	21.68	17.68	13.48
30.01.2013	13.47	31.28	7.94	11.29
31.01.2013	15.52	37.64	3.52	15.90
01.02.2013	11.67	26.61	8.05	16.83
02.02.2013	13.57	29.39	11.00	10.47
03.02.2013	15.35	39.75	14.38	12.40
04.02.2013	17.59	34.75	16.20	14.88
05.02.2013	23.05	39.71	27.43	22.12
06.02.2013	26.81	37.33	28.31	37.00
07.02.2013	83.98	35.81	30.29	38.89
08.02.2013	88.40	32.08	39.23	39.29
09.02.2013	120.94	35.34	32.90	36.64
10.02.2013	63.69	34.37	35.19	45.72
11.02.2013	88.49	35.80	37.10	48.12
12.02.2013	85.21	38.44	38.92	49.66
13.02.2013	136.40	50.10	41.50	41.75
14.02.2013	44.35	43.98	41.82	14.30
15.02.2013	85.26	41.51	7.41	30.88
16.02.2013	65.88	45.91	24.53	32.89
17.02.2013	20.28	46.22	34.16	18.72
18.02.2013	12.31	43.34	14.23	20.49
19.02.2013	117.42	65.53	19.43	10.55
20.02.2013	159.45	52.58	10.07	23.14
21.02.2013	64.13	53.72	25.95	15.64
22.02.2013	124.67	57.00	10.13	35.64
23.02.2013	145.50	64.87	41.27	30.36
24.02.2013	153.74	62.68	15.09	47.85
25.02.2013	153.75	60.15	19.91	58.45
26.02.2013	92.58	76.37	58.43	50.86
27.02.2013	132.08	75.46	28.81	52.18
28.02.2013	31.03	75.33	38.87	26.75
01.03.2013	40.61	73.89	36.53	23.95
02.03.2013	30.38	83.80	45.02	34.47
03.03.2013	51.34	72.24	52.58	42.98
04.03.2013	43.14	81.38	74.46	32.87
05.03.2013	60.77	87.26	47.59	26.47
06.03.2013	87.17	86.73	41.74	52.61
07.03.2013	118.75	82.94	75.23	76.70
08.03.2013	231.85	73.95	77.63	78.53
09.03.2013	241.59	93.24	84.78	36.21
10.03.2013	232.24	100.59	13.57	60.81
11.03.2013	87.70	99.93	15.61	113.74
12.03.2013	70.88	95.19	33.76	64.19
13.03.2013	193.44	100.96	40.80	-35.85
14.03.2013	188.73	112.74	43.22	92.49
15.03.2013	266.14	106.13	92.62	86.15
16.03.2013	160.62	142.00	120.62	65.76
17.03.2013	196.00	103.80	100.95	61.31
18.03.2013	273.46	111.56	78.30	51.37
19.03.2013	256.75	114.39	62.26	52.23
20.03.2013	180.68	130.40	53.49	53.00
21.03.2013	301.42	117.27	82.79	54.00
22.03.2013	306.19	122.12	58.22	55.00
23.03.2013	298.62	140.98	50.35	56.00
24.03.2013	312.88	120.94	96.85	57.50
25.03.2013	318.75	133.67	76.50	67.08
26.03.2013	327.42	126.87	28.37	76.53
27.03.2013	146.43	149.65	103.42	68.16
28.03.2013	341.30	135.94	24.95	63.82
29.03.2013	352.91	145.24	55.42	69.24
30.03.2013	357.49	140.82	35.78	105.18
31.03.2013	116.60	162.07	126.43	104.26
01.04.2013	214.07	164.70	134.85	108.76
02.04.2013	179.95	150.34	141.49	55.23
03.04.2013	188.82	165.96	95.63	39.07
04.04.2013	312.36	163.81	29.12	70.37
05.04.2013	340.74	145.76	81.13	102.45
06.04.2013	-99.00	175.05	88.52	102.67
07.04.2013	-99.00	174.50	129.55	65.10
08.04.2013	475.57	171.84	34.32	70.91
09.04.2013	367.42	172.41	83.49	121.55
10.04.2013	377.74	191.08	109.60	217.05
11.04.2013	376.14	197.42	199.72	162.82
12.04.2013	351.08	188.51	167.27	143.51
13.04.2013	364.74	172.90	147.13	214.45
14.04.2013	99.05	195.83	157.85	233.21
15.04.2013	262.55	198.47	202.84	245.41
16.04.2013	141.79	206.56	207.38	238.80
17.04.2013	87.20	222.22	204.59	229.76
18.04.2013	96.45	210.08	194.68	200.49
19.04.2013	84.00	218.90	201.80	132.70
20.04.2013	129.32	201.16	116.78	135.36
21.04.2013	99.79	189.59	200.35	151.17
22.04.2013	99.97	226.09	156.65	191.09
23.04.2013	88.30	227.79	153.88	183.51
24.04.2013	98.45	202.98	140.60	216.42
25.04.2013	198.30	202.02	233.36	280.15
26.04.2013	252.87	226.42	240.07	284.06
27.04.2013	206.14	184.77	229.29	294.47
28.04.2013	138.45	184.26	214.19	285.18
29.04.2013	168.24	235.83	245.43	269.61
30.04.2013	94.12	249.28	249.20	185.89
01.05.2013	136.71	214.48	166.61	112.99
02.05.2013	149.67	221.32	176.79	178.64
03.05.2013	70.63	250.81	137.67	262.72
04.05.2013	190.83	252.17	163.30	224.51
05.05.2013	168.18	249.02	205.97	185.28
06.05.2013	111.79	272.85	190.73	230.39
07.05.2013	229.83	272.78	264.53	111.69
08.05.2013	272.34	294.43	156.20	101.59
09.05.2013	151.20	262.25	48.65	182.53
10.05.2013	136.38	258.77	80.20	250.52
11.05.2013	162.09	253.64	231.93	198.80
12.05.2013	213.19	242.02	143.87	253.04
13.05.2013	230.50	274.09	235.33	213.83
14.05.2013	326.35	261.02	147.19	212.88
15.05.2013	203.46	300.61	177.90	126.59
16.05.2013	154.67	246.51	95.60	202.83
17.05.2013	42.20	292.10	273.12	125.23
18.05.2013	511.63	257.87	51.36	175.79
19.05.2013	147.42	282.52	134.00	213.46
20.05.2013	-99.00	243.48	229.74	279.49
21.05.2013	-1.60	246.66	279.60	264.56
22.05.2013	73.46	205.73	179.15	231.63
23.05.2013	194.97	314.43	208.58	192.97
24.05.2013	99.81	231.93	107.98	230.28
25.05.2013	261.44	274.55	115.25	266.51
26.05.2013	219.95	275.04	177.66	307.71
27.05.2013	178.08	301.86	268.84	323.64
28.05.2013	247.36	251.84	294.68	336.46
29.05.2013	312.94	274.27	293.55	337.82
30.05.2013	256.65	272.26	292.69	340.75
31.05.2013	215.63	334.21	297.86	328.48
01.06.2013	64.67	289.50	295.47	327.31
02.06.2013	62.01	287.42	285.53	282.67
03.06.2013	206.72	284.96	289.48	166.21
04.06.2013	183.41	252.32	130.33	147.69
05.06.2013	217.63	257.18	198.09	160.68
06.06.2013	180.48	267.65	94.29	272.00
07.06.2013	105.02	247.71	299.24	227.69
08.06.2013	-99.00	302.29	281.86	172.63
09.06.2013	-99.00	286.02	181.03	100.15
10.06.2013	-99.00	253.17	30.69	108.77
11.06.2013	-99.00	258.01	79.54	107.59
12.06.2013	-99.00	242.29	184.51	92.74
13.06.2013	-99.00	234.68	67.44	137.49
14.06.2013	159.47	255.78	92.33	166.04
15.06.2013	341.04	300.07	263.33	69.26
16.06.2013	305.50	231.51	23.78	110.66
17.06.2013	124.63	223.49	38.76	220.80
18.06.2013	278.38	263.72	200.52	203.60
19.06.2013	159.86	248.73	114.83	184.72
20.06.2013	229.20	285.47	168.38	164.57
21.06.2013	80.11	206.56	122.11	266.97
22.06.2013	73.82	236.76	308.35	145.57
23.06.2013	227.16	258.05	216.85	175.15
24.06.2013	132.82	234.03	214.35	173.42
25.06.2013	126.65	222.58	252.53	222.13
26.06.2013	157.45	256.31	158.37	326.00
27.06.2013	252.96	339.60	303.41	282.83
28.06.2013	195.53	270.40	298.56	292.56
29.06.2013	126.35	265.65	263.34	327.02
30.06.2013	270.93	260.71	300.74	337.47
01.07.2013	113.85	279.56	301.86	304.88
02.07.2013	115.54	272.50	290.78	277.36
03.07.2013	152.17	268.02	269.78	206.00
04.07.2013	118.96	289.10	176.17	146.52
05.07.2013	165.24	244.97	129.53	158.66
06.07.2013	258.05	185.20	156.24	166.05
07.07.2013	298.72	211.08	158.74	180.28
08.07.2013	177.09	185.10	137.61	174.13
09.07.2013	66.95	187.36	135.56	168.16
10.07.2013	307.38	233.86	193.96	138.58
11.07.2013	248.86	219.46	96.97	282.49
12.07.2013	240.75	200.25	281.37	224.12
13.07.2013	87.18	204.70	205.55	188.85
14.07.2013	57.14	224.38	144.43	241.62
15.07.2013	91.23	221.09	257.25	138.15
16.07.2013	40.36	265.41	153.43	80.12
17.07.2013	48.20	202.88	86.24	113.95
18.07.2013	34.35	212.02	96.28	207.45
19.07.2013	183.88	220.28	250.30	232.82
20.07.2013	241.09	262.30	172.36	292.11
21.07.2013	147.30	221.28	269.57	283.02
22.07.2013	317.22	245.22	266.81	289.25
23.07.2013	244.61	242.33	250.31	283.62
24.07.2013	420.63	252.62	253.65	262.23
25.07.2013	388.54	242.34	242.21	184.06
26.07.2013	275.81	198.33	174.50	104.53
27.07.2013	175.84	207.47	70.77	126.87
28.07.2013	200.90	166.60	113.47	197.25
29.07.2013	105.01	174.27	128.80	248.50
30.07.2013	170.43	174.98	253.15	165.40
31.07.2013	56.12	170.85	149.90	250.05
01.08.2013	8.16	223.53	196.53	247.70
02.08.2013	0.60	192.86	227.58	248.06
03.08.2013	141.51	198.89	212.49	234.02
04.08.2013	172.16	159.29	223.34	227.57
05.08.2013	172.85	166.21	223.40	208.31
06.08.2013	52.10	141.72	178.22	195.76
07.08.2013	165.19	171.55	144.04	151.55
08.08.2013	127.83	164.07	153.32	171.27
09.08.2013	122.68	159.65	141.54	141.26
10.08.2013	147.19	148.13	123.77	151.60
11.08.2013	139.47	186.33	195.03	112.68
12.08.2013	58.25	159.28	101.43	106.85
13.08.2013	71.05	162.74	67.77	91.68
14.08.2013	103.76	211.42	86.34	94.06
15.08.2013	252.63	186.55	92.29	176.06
16.08.2013	56.56	155.26	186.29	190.34
17.08.2013	149.33	199.74	214.48	87.57
18.08.2013	81.60	176.59	88.21	109.31
19.08.2013	118.93	194.42	107.83	165.99
20.08.2013	157.10	161.54	126.92	204.69
21.08.2013	37.43	180.59	190.97	205.03
22.08.2013	212.35	175.12	196.03	147.52
23.08.2013	231.39	179.24	195.98	53.90
24.08.2013	196.08	137.41	66.65	115.77
25.08.2013	241.15	155.70	140.21	221.08
26.08.2013	153.43	188.60	189.86	212.72
27.08.2013	179.48	165.61	186.46	193.68
28.08.2013	185.39	157.42	178.34	125.08
29.08.2013	105.98	148.11	173.71	82.15
30.08.2013	202.42	166.83	169.19	127.93
31.08.2013	138.08	164.46	154.24	91.60
01.09.2013	66.76	156.56	143.55	120.77
02.09.2013	156.62	165.54	147.56	116.93
03.09.2013	117.31	132.00	99.79	138.03
04.09.2013	98.96	137.90	141.33	64.02
05.09.2013	90.86	128.36	64.64	32.08
06.09.2013	51.17	115.44	19.30	29.75
07.09.2013	44.56	107.68	56.67	35.89
08.09.2013	138.03	135.49	55.02	50.57
09.09.2013	143.09	118.72	37.03	44.03
10.09.2013	107.26	121.55	37.24	55.62
11.09.2013	112.21	106.36	32.28	82.31
12.09.2013	150.84	104.92	95.43	138.65
13.09.2013	68.73	137.62	137.64	97.95
14.09.2013	37.09	109.48	117.18	61.57
15.09.2013	43.23	75.40	73.63	70.25
16.09.2013	21.30	116.97	34.95	102.99
17.09.2013	128.00	114.27	124.54	55.48
18.09.2013	115.97	109.75	49.41	77.84
19.09.2013	125.58	117.97	69.80	49.92
20.09.2013	121.94	103.11	31.58	32.39
21.09.2013	76.46	92.48	42.18	39.88
22.09.2013	81.33	96.51	19.83	62.61
23.09.2013	50.96	107.04	52.54	42.23
24.09.2013	94.90	75.73	21.98	81.21
25.09.2013	128.05	123.26	70.03	80.74
26.09.2013	137.52	102.71	58.30	73.31
27.09.2013	106.88	56.97	5.56	96.52
28.09.2013	89.48	107.86	102.43	72.40
29.09.2013	42.09	79.66	45.79	77.68
30.09.2013	90.49	65.88	16.88	44.11
01.10.2013	100.54	70.71	16.76	57.22
02.10.2013	101.41	82.64	49.84	38.41
03.10.2013	83.49	76.60	25.59	46.12
04.10.2013	40.19	60.01	20.69	41.87
05.10.2013	35.48	91.52	31.03	49.75
06.10.2013	20.40	73.73	54.21	28.94
07.10.2013	11.58	85.46	18.12	20.77
08.10.2013	16.49	72.46	23.65	29.75
09.10.2013	24.72	60.35	16.68	53.78
10.10.2013	91.11	67.45	39.93	39.70
11.10.2013	3.03	68.18	46.99	40.64
12.10.2013	-99.00	71.47	60.25	17.55
13.10.2013	-99.00	70.31	14.12	9.05
14.10.2013	87.60	77.13	11.09	26.80
15.10.2013	35.64	63.69	37.11	39.99
16.10.2013	29.46	66.85	41.63	60.25
17.10.2013	31.55	65.59	60.18	42.76
18.10.2013	24.20	63.54	47.04	19.92
19.10.2013	35.83	55.71	11.40	13.10
20.10.2013	61.65	46.14	20.22	14.07
21.10.2013	50.31	39.75	29.98	14.34
22.10.2013	7.48	37.52	36.08	18.74
23.10.2013	22.99	41.96	29.20	12.14
24.10.2013	26.05	39.40	6.78	26.03
25.10.2013	40.22	36.44	11.90	26.94
26.10.2013	16.60	56.49	23.48	11.16
27.10.2013	30.13	41.63	9.56	6.89
28.10.2013	27.32	45.04	8.03	12.83
29.10.2013	11.24	46.83	10.22	26.63
30.10.2013	18.87	36.30	25.31	25.88
31.10.2013	25.10	34.23	21.37	29.60
01.11.2013	31.26	24.23	38.62	26.03
02.11.2013	26.36	39.35	10.13	26.18
03.11.2013	15.22	43.08	18.98	22.69
04.11.2013	18.57	35.38	28.43	12.36
05.11.2013	11.83	31.02	13.94	17.74
06.11.2013	27.64	39.93	18.43	16.95
07.11.2013	14.26	31.52	20.17	20.65
08.11.2013	16.30	32.15	18.58	11.25
09.11.2013	23.53	28.65	15.97	8.27
10.11.2013	10.21	23.44	15.95	11.59
11.11.2013	5.89	20.54	17.48	13.41
12.11.2013	13.62	22.11	16.50	16.35
13.11.2013	10.73	18.64	14.97	15.33
14.11.2013	12.37	24.18	19.13	6.51
15.11.2013	0.85	19.91	5.26	6.82
16.11.2013	10.34	13.02	7.20	4.67
17.11.2013	9.23	17.17	10.51	3.83
18.11.2013	6.55	15.94	7.66	4.07
19.11.2013	1.30	16.11	5.68	7.72
20.11.2013	7.49	27.72	7.92	7.60
21.11.2013	9.60	21.91	14.37	2.70
22.11.2013	8.24	12.83	10.15	3.56
23.11.2013	4.83	12.64	10.35	2.56
24.11.2013	-0.13	12.42	3.00	6.43
25.11.2013	6.93	11.66	9.86	7.66
26.11.2013	3.38	16.83	9.11	6.56
27.11.2013	2.73	10.39	8.71	5.17
28.11.2013	1.48	12.01	7.73	3.93
29.11.2013	2.73	10.70	7.43	5.46
30.11.2013	3.54	9.93	3.07	6.68
01.12.2013	2.05	13.38	2.89	3.58
02.12.2013	2.67	8.62	4.03	5.20
03.12.2013	3.77	7.92	2.35	3.34
04.12.2013	1.61	7.39	1.23	2.65
05.12.2013	0.42	7.40	7.50	3.78
06.12.2013	-0.06	7.65	7.30	4.45
07.12.2013	1.28	8.06	7.82	4.68
08.12.2013	-0.63	5.72	5.78	5.13
09.12.2013	1.15	6.48	6.26	4.11
10.12.2013	4.50	8.00	5.01	2.70
11.12.2013	2.13	6.41	5.15	1.74
12.12.2013	2.02	7.09	3.46	1.78
13.12.2013	5.35	7.48	4.70	0.65
14.12.2013	2.25	7.35	3.68	1.47
15.12.2013	2.16	7.20	3.64	2.08
16.12.2013	1.36	6.84	6.09	2.97
17.12.2013	1.12	5.72	5.38	4.01
18.12.2013	3.75	5.15	2.93	1.99
19.12.2013	1.59	6.55	4.59	2.78
20.12.2013	5.24	3.74	4.46	2.33
21.12.2013	1.34	3.95	5.59	1.22
22.12.2013	1.02	5.46	1.54	2.21
23.12.2013	3.79	8.56	1.54	2.62
24.12.2013	2.41	7.82	4.83	3.20
25.12.2013	2.53	7.92	2.33	3.90
26.12.2013	1.56	6.32	1.89	3.44
27.12.2013	1.09	7.02	2.50	3.17
28.12.2013	1.52	6.18	1.28	3.28
29.12.2013	5.18	5.46	1.92	2.44
30.12.2013	0.70	5.95	1.54	1.82
31.12.2013	1.32	5.64	5.79	2.14
01.01.2014	2.35	4.56	4.09	0.61
02.01.2014	1.05	8.80	5.04	2.47
03.01.2014	4.25	6.28	3.37	5.44
04.01.2014	2.03	7.11	2.40	4.92
05.01.2014	2.28	11.22	7.13	6.30
06.01.2014	2.05	7.71	10.39	4.98
07.01.2014	3.13	10.03	5.49	4.16
08.01.2014	4.79	8.83	4.25	4.74
09.01.2014	5.75	12.13	10.12	6.25
10.01.2014	2.08	9.98	13.09	4.60
11.01.2014	2.75	9.19	8.83	0.57
12.01.2014	1.57	8.48	2.83	1.79
13.01.2014	0.51	13.94	6.58	4.32
14.01.2014	3.12	15.51	8.25	5.19
15.01.2014	4.52	13.31	3.73	3.74
16.01.2014	3.94	14.18	8.13	3.04
17.01.2014	7.52	15.36	10.03	1.78
18.01.2014	9.48	21.14	4.89	5.61
19.01.2014	7.30	17.46	5.56	8.65
20.01.2014	7.33	17.93	11.18	6.91
21.01.2014	7.66	24.79	9.95	7.96
22.01.2014	6.73	21.76	7.52	4.25
23.01.2014	12.83	16.76	7.84	10.15
24.01.2014	12.53	18.80	8.55	9.78
25.01.2014	2.86	21.80	9.22	7.91
26.01.2014	7.25	24.12	10.05	5.01
27.01.2014	13.17	23.37	10.98	5.71
28.01.2014	18.05	23.92	10.28	8.63
29.01.2014	8.13	21.68	3.23	13.48
30.01.2014	10.10	31.28	16.32	11.29
31.01.2014	20.99	37.64	9.50	15.90
01.02.2014	22.08	26.61	3.85	16.83
02.02.2014	15.19	29.39	4.74	10.47
03.02.2014	12.13	39.75	2.33	12.40
04.02.2014	12.68	34.75	11.75	14.88
05.02.2014	33.68	39.71	3.49	22.12
06.02.2014	24.76	37.33	4.96	30.00
07.02.2014	11.40	35.81	30.29	36.67
08.02.2014	17.92	32.08	39.23	38.63
09.02.2014	22.75	35.34	32.90	40.16
10.02.2014	17.29	34.37	35.19	34.91
11.02.2014	29.24	99.79	37.10	45.31
12.02.2014	42.21	27.69	38.92	47.73
13.02.2014	24.45	26.47	41.50	50.02
14.02.2014	24.51	26.75	41.82	47.86
15.02.2014	14.93	24.73	7.41	11.18
16.02.2014	28.91	42.13	24.53	29.88
17.02.2014	15.97	33.33	34.16	35.90
18.02.2014	51.82	83.42	14.23	17.85
19.02.2014	59.42	77.84	19.43	23.07
20.02.2014	39.04	46.17	10.07	7.56
21.02.2014	59.72	41.38	25.95	25.50
22.02.2014	48.50	55.29	10.13	11.31
23.02.2014	31.79	45.16	41.27	37.30
24.02.2014	25.95	40.58	15.09	27.35
25.02.2014	47.20	51.63	19.91	45.38
26.02.2014	50.32	38.78	58.43	60.20
27.02.2014	48.50	46.24	28.81	49.70
28.02.2014	38.44	61.15	38.87	56.69
01.03.2014	71.39	101.75	36.53	29.60
02.03.2014	48.49	38.64	45.02	21.06
03.03.2014	47.60	54.48	52.58	29.74
04.03.2014	71.35	108.55	74.46	43.92
05.03.2014	48.50	89.51	47.59	41.12
06.03.2014	41.23	106.35	41.74	16.36
07.03.2014	19.81	51.43	75.23	46.70
08.03.2014	64.25	83.35	77.63	64.45
09.03.2014	41.68	78.28	84.78	101.22
10.03.2014	41.16	86.09	13.57	33.15
11.03.2014	63.54	90.53	15.61	42.35
12.03.2014	57.58	118.90	33.76	97.72
13.03.2014	45.08	69.93	40.80	145.78
14.03.2014	31.55	86.16	43.22	-99.00
15.03.2014	26.65	85.07	92.62	90.46
16.03.2014	21.82	71.38	120.62	96.53
17.03.2014	60.49	101.84	100.95	65.40
18.03.2014	53.80	130.56	78.30	66.49
19.03.2014	85.87	80.71	62.26	50.94
20.03.2014	53.61	90.44	53.49	52.23
21.03.2014	69.68	82.49	82.79	-99.00
22.03.2014	96.73	108.53	58.22	-99.00
23.03.2014	66.04	170.41	50.35	-99.00
24.03.2014	150.37	186.67	96.85	-99.00
25.03.2014	170.85	198.56	76.50	-99.00
26.03.2014	167.59	99.82	28.37	59.82
27.03.2014	154.33	124.11	103.42	81.61
28.03.2014	113.09	120.58	24.95	66.37
29.03.2014	142.09	178.85	55.42	71.75
30.03.2014	159.41	167.25	35.78	47.95
31.03.2014	113.18	198.21	126.43	111.81
01.04.2014	131.58	193.14	134.85	91.93
02.04.2014	76.81	189.55	141.49	128.91
03.04.2014	191.84	209.74	95.63	68.44
04.04.2014	205.74	217.28	29.12	28.81
05.04.2014	96.83	145.93	81.13	59.58
06.04.2014	68.48	142.24	88.52	91.96
07.04.2014	186.52	225.84	129.55	123.43
08.04.2014	59.63	109.13	34.32	61.14
09.04.2014	140.15	135.84	83.49	73.01
10.04.2014	139.82	143.21	109.60	66.71
11.04.2014	127.24	192.97	199.72	231.25
12.04.2014	97.55	158.89	167.27	188.65
13.04.2014	63.53	188.50	147.13	111.16
14.04.2014	64.47	174.53	157.85	208.20
15.04.2014	128.28	261.25	202.84	226.97
16.04.2014	94.43	181.69	207.38	245.70
17.04.2014	71.64	185.09	204.59	244.82
18.04.2014	248.28	290.13	194.68	226.74
19.04.2014	99.60	188.07	201.80	235.80
20.04.2014	256.51	274.50	116.78	129.86
21.04.2014	260.04	273.23	200.35	138.37
22.04.2014	267.89	277.59	156.65	129.33
23.04.2014	263.92	278.29	153.88	194.87
24.04.2014	258.80	261.27	140.60	183.52
25.04.2014	245.36	279.19	233.36	183.49
26.04.2014	250.61	270.81	240.07	282.27
27.04.2014	263.60	280.42	229.29	275.92
28.04.2014	37.23	164.99	214.19	300.35
29.04.2014	210.87	290.94	245.43	282.71
30.04.2014	159.40	175.70	249.20	290.12
01.05.2014	137.89	242.85	166.61	228.61
02.05.2014	127.28	289.62	176.79	100.45
03.05.2014	112.31	255.40	137.67	138.07
04.05.2014	283.17	322.67	163.30	259.77
05.05.2014	276.70	273.90	205.97	268.61
06.05.2014	134.42	195.68	190.73	136.32
07.05.2014	205.29	209.25	264.53	283.19
08.05.2014	208.23	180.23	156.20	124.78
09.05.2014	108.00	153.02	48.65	85.50
10.05.2014	244.10	156.69	80.20	133.77
11.05.2014	273.69	179.73	231.93	280.07
12.05.2014	245.83	205.92	143.87	191.43
13.05.2014	67.77	197.20	235.33	285.27
14.05.2014	321.75	336.76	147.19	195.66
15.05.2014	47.56	174.64	177.90	278.01
16.05.2014	58.55	235.02	95.60	69.89
17.05.2014	241.78	259.88	273.12	274.32
18.05.2014	224.53	323.26	51.36	68.70
19.05.2014	214.16	244.50	134.00	168.05
20.05.2014	224.28	339.34	229.74	165.13
21.05.2014	137.46	249.58	279.60	292.69
22.05.2014	124.11	106.93	179.15	299.89
23.05.2014	57.05	101.05	208.58	244.11
24.05.2014	255.06	267.00	107.98	191.21
25.05.2014	239.32	170.48	115.25	196.04
26.05.2014	287.39	349.18	177.66	290.38
27.05.2014	322.16	356.16	268.84	316.18
28.05.2014	337.39	357.97	294.68	343.50
29.05.2014	322.72	259.71	293.55	340.57
30.05.2014	215.00	292.33	292.69	340.32
31.05.2014	265.10	363.65	297.86	346.61
01.06.2014	340.48	359.54	295.47	341.91
02.06.2014	337.95	336.84	285.53	328.47
03.06.2014	249.12	284.98	289.48	343.59
04.06.2014	158.52	144.06	130.33	176.42
05.06.2014	180.44	138.33	198.09	171.49
06.06.2014	150.24	249.41	94.29	101.41
07.06.2014	263.58	129.05	299.24	310.44
08.06.2014	269.10	278.91	281.86	246.74
09.06.2014	197.86	319.58	181.03	197.79
10.06.2014	312.97	313.07	30.69	62.08
11.06.2014	158.44	204.85	79.54	75.92
12.06.2014	49.70	185.71	184.51	89.11
13.06.2014	189.32	340.51	67.44	54.18
14.06.2014	358.46	375.92	92.33	99.04
15.06.2014	174.38	311.26	263.33	193.23
16.06.2014	236.83	368.78	23.78	37.43
17.06.2014	109.80	140.10	38.76	33.54
18.06.2014	158.89	288.03	200.52	220.88
19.06.2014	156.86	102.53	114.83	178.37
20.06.2014	157.25	220.72	168.38	214.80
21.06.2014	183.71	207.53	122.11	116.25
22.06.2014	89.54	125.00	308.35	342.07
23.06.2014	164.69	232.20	216.85	147.70
24.06.2014	328.85	225.29	214.35	158.61
25.06.2014	331.09	364.36	252.53	154.28
26.06.2014	295.89	194.40	158.37	162.82
27.06.2014	304.87	154.37	303.41	332.62
28.06.2014	352.25	178.33	298.56	325.60
29.06.2014	186.56	212.73	263.34	278.51
30.06.2014	283.52	165.32	300.74	354.82
01.07.2014	297.63	202.77	301.86	349.37
02.07.2014	271.30	279.76	290.78	327.39
03.07.2014	210.89	289.18	269.78	322.17
04.07.2014	154.91	236.82	176.17	208.58
05.07.2014	105.44	124.97	129.53	149.70
06.07.2014	79.40	62.95	156.24	177.69
07.07.2014	101.73	69.65	158.74	143.59
08.07.2014	261.38	157.10	137.61	198.02
09.07.2014	256.56	288.13	135.56	168.07
10.07.2014	274.36	239.65	193.96	201.57
11.07.2014	317.87	311.45	96.97	77.51
12.07.2014	258.44	197.76	281.37	312.02
13.07.2014	281.51	325.69	205.55	277.83
14.07.2014	118.87	128.59	144.43	155.82
15.07.2014	85.70	103.17	257.25	290.44
16.07.2014	136.60	169.01	153.43	147.48
17.07.2014	77.51	126.36	86.24	91.92
18.07.2014	250.27	181.81	96.28	65.58
19.07.2014	316.05	199.78	250.30	219.01
20.07.2014	310.40	264.06	172.36	218.15
21.07.2014	312.44	312.23	269.57	313.41
22.07.2014	291.59	214.56	266.81	307.16
23.07.2014	290.95	263.52	250.31	288.89
24.07.2014	298.33	174.65	253.65	288.14
25.07.2014	207.80	179.13	242.21	268.04
26.07.2014	145.97	200.18	174.50	235.29
27.07.2014	209.10	184.40	70.77	96.53
28.07.2014	186.72	132.61	113.47	112.04
29.07.2014	199.24	216.34	128.80	177.84
30.07.2014	129.15	220.79	253.15	295.18
31.07.2014	67.16	192.88	149.90	120.18
01.08.2014	130.40	183.38	196.53	246.27
02.08.2014	115.47	115.60	227.58	270.03
03.08.2014	89.68	101.38	212.49	280.57
04.08.2014	101.09	90.55	223.34	247.26
05.08.2014	189.80	182.12	223.40	269.15
06.08.2014	147.61	146.20	178.22	218.80
07.08.2014	167.02	155.64	144.04	239.31
08.08.2014	143.58	109.81	153.32	148.95
09.08.2014	225.85	187.59	141.54	177.74
10.08.2014	186.93	215.00	123.77	112.14
11.08.2014	100.10	124.02	195.03	166.30
12.08.2014	158.35	156.42	101.43	90.56
13.08.2014	137.62	191.14	67.77	128.42
14.08.2014	195.58	129.82	86.34	77.63
15.08.2014	146.65	118.30	92.29	55.10
16.08.2014	120.17	126.39	186.29	151.65
17.08.2014	154.62	77.90	214.48	234.15
18.08.2014	140.06	102.24	88.21	78.07
19.08.2014	60.82	81.35	107.83	99.93
20.08.2014	78.02	120.18	126.92	142.28
21.08.2014	81.13	129.33	190.97	216.50
22.08.2014	218.83	121.63	196.03	232.20
23.08.2014	148.96	70.92	195.98	208.15
24.08.2014	147.47	90.43	66.65	38.63
25.08.2014	158.68	144.43	140.21	74.42
26.08.2014	202.38	172.36	189.86	223.00
27.08.2014	179.18	122.49	186.46	221.17
28.08.2014	220.81	239.00	178.34	214.04
29.08.2014	196.01	156.83	173.71	163.11
30.08.2014	165.13	66.19	169.19	43.09
31.08.2014	201.19	107.29	154.24	140.74
01.09.2014	62.90	71.96	143.55	63.36
02.09.2014	62.85	130.47	147.56	114.52
03.09.2014	117.18	185.39	99.79	109.21
04.09.2014	50.93	194.98	141.33	178.38
05.09.2014	80.43	193.27	64.64	81.66
06.09.2014	116.70	116.13	19.30	22.08
07.09.2014	37.28	21.82	56.67	33.11
08.09.2014	73.25	58.08	55.02	20.89
09.09.2014	44.64	26.09	37.03	59.18
10.09.2014	165.97	196.75	37.24	29.55
11.09.2014	49.39	121.93	32.28	61.17
12.09.2014	160.21	150.68	95.43	54.49
13.09.2014	100.49	180.46	137.64	161.97
14.09.2014	124.55	180.99	117.18	115.94
15.09.2014	155.00	172.86	73.63	77.93
16.09.2014	154.82	183.87	34.95	37.82
17.09.2014	146.79	179.02	124.54	119.87
18.09.2014	143.13	178.54	49.41	53.58
19.09.2014	104.99	147.56	69.80	74.35
20.09.2014	21.04	50.60	31.58	63.36
21.09.2014	33.11	49.17	42.18	30.30
22.09.2014	100.24	139.80	19.83	28.56
23.09.2014	42.16	70.93	52.54	75.68
24.09.2014	26.00	74.29	21.98	31.85
25.09.2014	32.16	68.85	70.03	75.80
26.09.2014	37.48	37.80	58.30	85.59
27.09.2014	17.34	63.47	5.56	55.15
28.09.2014	36.82	77.90	102.43	109.24
29.09.2014	52.58	108.96	45.79	72.41
30.09.2014	61.98	64.70	16.88	101.06
01.10.2014	23.68	75.56	16.76	32.57
02.10.2014	88.96	117.82	49.84	70.39
03.10.2014	45.80	109.55	25.59	24.07
04.10.2014	63.38	47.33	20.69	54.40
05.10.2014	18.02	21.57	31.03	33.98
06.10.2014	72.89	55.72	54.21	57.56
07.10.2014	83.96	21.58	18.12	24.40
08.10.2014	70.01	24.94	23.65	22.37
09.10.2014	22.85	28.31	16.68	11.56
10.10.2014	26.09	70.45	39.93	56.77
11.10.2014	49.19	44.39	46.99	36.03
12.10.2014	28.86	47.70	60.25	46.42
13.10.2014	26.67	59.39	14.12	11.18
14.10.2014	69.26	76.72	11.09	6.36
15.10.2014	41.42	39.93	37.11	20.30
16.10.2014	65.40	91.58	41.63	23.89
17.10.2014	64.45	81.19	60.18	69.04
18.10.2014	17.95	32.03	47.04	51.39
19.10.2014	38.84	60.85	11.40	20.47
20.10.2014	19.65	54.23	20.22	12.78
21.10.2014	20.87	28.47	29.98	15.35
22.10.2014	20.90	39.30	36.08	10.14
23.10.2014	15.37	40.22	29.20	22.10
24.10.2014	15.13	30.50	6.78	5.54
25.10.2014	23.19	32.30	11.90	22.94
26.10.2014	5.05	18.35	23.48	30.93
27.10.2014	33.87	51.95	9.56	14.71
28.10.2014	3.13	14.91	8.03	7.83
29.10.2014	11.38	39.40	10.22	5.01
30.10.2014	26.08	45.43	25.31	28.48
31.10.2014	22.93	25.90	21.37	22.93
01.11.2014	7.53	22.49	38.62	31.80
02.11.2014	13.30	20.30	10.13	25.21
03.11.2014	17.35	33.73	18.98	26.32
04.11.2014	12.44	20.90	28.43	29.83
05.11.2014	34.32	30.54	13.94	10.47
06.11.2014	28.43	7.63	18.43	18.75
07.11.2014	18.63	53.75	20.17	15.92
08.11.2014	21.52	15.64	18.58	24.48
09.11.2014	7.64	16.01	15.97	12.20
10.11.2014	13.64	15.60	15.95	6.17
11.11.2014	20.04	54.00	17.48	11.38
12.11.2014	15.04	34.47	16.50	14.69
13.11.2014	5.03	11.30	14.97	14.19
14.11.2014	7.20	10.50	19.13	20.78
15.11.2014	13.30	16.55	5.26	4.87
16.11.2014	7.66	20.26	7.20	6.15
17.11.2014	7.00	34.43	10.51	5.27
18.11.2014	8.00	35.44	7.66	4.49
19.11.2014	7.55	25.16	5.68	3.81
20.11.2014	8.03	16.31	7.92	5.76
21.11.2014	7.55	16.20	14.37	10.63
22.11.2014	4.90	34.03	10.15	2.44
23.11.2014	1.53	8.16	10.35	3.82
24.11.2014	1.64	10.37	3.00	1.21
25.11.2014	4.07	-99.00	9.86	6.69
26.11.2014	7.86	-99.00	9.11	8.06
27.11.2014	5.36	-99.00	8.71	6.90
28.11.2014	5.20	-99.00	7.73	5.99
29.11.2014	5.08	-99.00	7.43	3.28
30.11.2014	4.11	-99.00	3.07	5.21
01.12.2014	4.43	-99.00	2.89	8.17
02.12.2014	1.28	100.40	4.03	2.91
03.12.2014	0.54	-0.50	2.35	6.54
04.12.2014	3.99	6.81	1.23	3.54
05.12.2014	2.96	0.13	7.50	1.50
06.12.2014	4.61	0.01	7.30	2.99
07.12.2014	1.95	4.79	7.82	5.17
08.12.2014	3.20	3.80	5.78	4.35
09.12.2014	0.75	5.77	6.26	5.34
10.12.2014	7.62	3.65	5.01	4.99
11.12.2014	3.30	6.45	5.15	2.80
12.12.2014	4.43	10.00	3.46	1.45
13.12.2014	0.58	5.14	4.70	1.99
14.12.2014	2.98	6.00	3.68	0.55
15.12.2014	1.20	4.58	3.64	0.95
16.12.2014	2.16	8.07	6.09	2.06
17.12.2014	3.73	6.02	5.38	2.09
18.12.2014	0.84	3.34	2.93	5.72
19.12.2014	1.57	5.84	4.59	1.40
20.12.2014	-0.34	7.31	4.46	3.15
21.12.2014	3.19	4.49	5.59	2.65
22.12.2014	3.12	5.78	1.54	0.73
23.12.2014	2.83	4.46	1.54	1.99
24.12.2014	1.41	24.65	4.83	2.78
25.12.2014	2.17	22.99	2.33	2.54
26.12.2014	0.06	1.54	1.89	4.12
27.12.2014	-0.22	3.97	2.50	4.10
28.12.2014	-0.27	4.43	1.28	3.10
29.12.2014	0.33	7.25	1.92	3.26
30.12.2014	1.92	5.75	1.54	3.41
31.12.2014	4.92	5.21	5.79	0.97
01.01.2015	2.58	3.76	4.09	2.60
02.01.2015	1.40	6.66	5.04	0.40
03.01.2015	1.44	4.07	3.37	0.02
04.01.2015	0.20	5.07	2.40	6.66
05.01.2015	1.30	5.91	7.13	3.60
06.01.2015	4.38	6.49	10.39	6.91
07.01.2015	6.79	13.92	5.49	5.78
08.01.2015	1.34	7.09	4.25	3.38
09.01.2015	3.71	10.28	10.12	4.75
10.01.2015	8.83	11.55	13.09	6.68
11.01.2015	4.36	6.26	8.83	6.28
12.01.2015	2.81	6.73	2.83	0.32
13.01.2015	2.82	6.94	6.58	0.08
14.01.2015	6.06	8.35	8.25	2.82
15.01.2015	4.51	4.97	3.73	6.05
16.01.2015	5.37	8.15	8.13	2.23
17.01.2015	6.77	10.48	10.03	4.71
18.01.2015	10.43	33.97	4.89	0.11
19.01.2015	4.19	23.33	5.56	2.10
20.01.2015	4.78	17.22	11.18	9.95
21.01.2015	8.78	11.84	9.95	6.31
22.01.2015	6.25	33.34	7.52	9.87
23.01.2015	4.68	14.93	7.84	1.94
24.01.2015	14.40	19.53	8.55	10.50
25.01.2015	9.15	19.04	9.22	9.11
26.01.2015	10.62	22.95	10.05	8.01
27.01.2015	6.47	13.22	10.98	2.28
28.01.2015	10.21	14.22	10.28	4.18
29.01.2015	15.38	20.09	3.23	1.22
30.01.2015	7.11	20.45	16.32	16.04
31.01.2015	23.55	73.82	9.50	9.47
01.02.2015	10.37	18.96	3.85	11.15
02.02.2015	7.79	18.87	4.74	19.85
03.02.2015	10.63	45.40	2.33	6.23
04.02.2015	6.11	34.14	11.75	9.02
05.02.2015	2.25	20.02	3.49	9.50
06.02.2015	35.88	52.51	4.96	16.69
07.02.2015	8.44	16.43	30.29	36.67
08.02.2015	0.72	19.99	39.23	38.63
09.02.2015	7.75	15.52	32.90	40.16
10.02.2015	14.19	14.04	35.19	34.91
11.02.2015	44.14	21.26	37.10	45.31
12.02.2015	14.85	19.19	38.92	47.73
13.02.2015	16.78	22.49	41.50	50.02
14.02.2015	30.53	27.88	41.82	47.86
15.02.2015	48.88	32.20	7.41	11.18
16.02.2015	50.05	45.13	24.53	29.88
17.02.2015	16.15	17.53	34.16	35.90
18.02.2015	11.66	21.98	14.23	17.85
19.02.2015	25.57	26.44	19.43	23.07
20.02.2015	46.54	25.58	10.07	7.56
21.02.2015	45.10	32.05	25.95	25.50
22.02.2015	48.56	44.08	10.13	11.31
23.02.2015	46.30	22.24	41.27	37.30
24.02.2015	46.16	34.84	15.09	27.35
25.02.2015	47.27	40.54	19.91	45.38
26.02.2015	20.91	30.20	58.43	60.20
27.02.2015	58.36	36.50	28.81	49.70
28.02.2015	42.40	33.00	38.87	56.69
01.03.2015	57.75	28.64	36.53	29.60
02.03.2015	46.56	48.24	45.02	21.06
03.03.2015	63.98	43.80	52.58	29.74
04.03.2015	46.40	42.08	74.46	43.92
05.03.2015	33.62	40.65	47.59	41.12
06.03.2015	46.94	47.52	41.74	16.36
07.03.2015	11.81	23.88	75.23	46.70
08.03.2015	43.67	34.82	77.63	64.45
09.03.2015	79.60	50.52	84.78	101.22
10.03.2015	17.06	41.78	13.57	33.15
11.03.2015	112.74	65.32	15.61	42.35
12.03.2015	111.20	49.46	33.76	97.72
13.03.2015	119.92	41.30	40.80	145.78
14.03.2015	121.42	42.32	43.22	-99.00
15.03.2015	125.90	45.17	92.62	90.46
16.03.2015	105.41	56.36	120.62	96.53
17.03.2015	117.94	57.33	100.95	65.40
18.03.2015	65.68	44.00	78.30	66.49
19.03.2015	32.29	54.74	62.26	50.94
20.03.2015	50.44	63.89	53.49	52.23
21.03.2015	153.18	97.58	82.79	-99.00
22.03.2015	30.22	64.30	58.22	-99.00
23.03.2015	109.11	55.13	50.35	-99.00
24.03.2015	162.15	53.16	96.85	-99.00
25.03.2015	166.75	54.70	76.50	-99.00
26.03.2015	87.14	52.77	28.37	59.82
27.03.2015	116.99	100.37	103.42	81.61
28.03.2015	100.27	95.45	24.95	66.37
29.03.2015	134.65	75.88	55.42	71.75
30.03.2015	172.61	90.48	35.78	47.95
31.03.2015	169.90	84.98	126.43	111.81
01.04.2015	88.20	102.59	134.85	91.93
02.04.2015	80.41	111.51	141.49	128.91
03.04.2015	132.93	110.55	95.63	68.44
04.04.2015	185.03	113.62	29.12	28.81
05.04.2015	72.52	108.93	81.13	59.58
06.04.2015	174.70	123.40	88.52	91.96
07.04.2015	95.86	85.20	129.55	123.43
08.04.2015	201.38	82.73	34.32	61.14
09.04.2015	28.82	69.18	83.49	73.01
10.04.2015	197.10	75.65	109.60	66.71
11.04.2015	117.74	72.35	199.72	231.25
12.04.2015	185.76	88.72	167.27	188.65
13.04.2015	113.70	114.78	147.13	111.16
14.04.2015	73.62	98.43	157.85	208.20
15.04.2015	87.20	124.21	202.84	226.97
16.04.2015	70.99	109.25	207.38	245.70
17.04.2015	240.80	89.69	204.59	244.82
18.04.2015	82.47	78.48	194.68	226.74
19.04.2015	237.90	76.54	201.80	235.80
20.04.2015	253.77	63.58	116.78	129.86
21.04.2015	235.05	60.70	200.35	138.37
22.04.2015	57.10	71.85	156.65	129.33
23.04.2015	80.95	92.35	153.88	194.87
24.04.2015	187.70	94.54	140.60	183.52
25.04.2015	106.80	141.02	233.36	183.49
26.04.2015	208.75	119.59	240.07	282.27
27.04.2015	250.45	117.44	229.29	275.92
28.04.2015	275.10	116.01	214.19	300.35
29.04.2015	209.64	206.46	245.43	282.71
30.04.2015	209.52	223.74	249.20	290.12
01.05.2015	236.45	214.96	166.61	228.61
02.05.2015	210.70	242.68	176.79	100.45
03.05.2015	302.41	313.99	137.67	138.07
04.05.2015	155.03	191.88	163.30	259.77
05.05.2015	261.44	232.43	205.97	268.61
06.05.2015	229.69	316.33	190.73	136.32
07.05.2015	147.04	214.19	264.53	283.19
08.05.2015	232.13	282.87	156.20	124.78
09.05.2015	315.50	300.46	48.65	85.50
10.05.2015	156.87	318.13	80.20	133.77
11.05.2015	96.54	203.40	231.93	280.07
12.05.2015	164.70	282.20	143.87	191.43
13.05.2015	99.59	180.00	235.33	285.27
14.05.2015	196.03	316.30	147.19	195.66
15.05.2015	325.14	337.85	177.90	278.01
16.05.2015	92.38	180.01	95.60	69.89
17.05.2015	239.56	244.04	273.12	274.32
18.05.2015	327.83	299.03	51.36	68.70
19.05.2015	183.35	176.74	134.00	168.05
20.05.2015	90.53	232.89	229.74	165.13
21.05.2015	148.75	276.68	279.60	292.69
22.05.2015	84.74	228.25	179.15	299.89
23.05.2015	164.40	346.39	208.58	244.11
24.05.2015	93.40	203.01	107.98	191.21
25.05.2015	199.85	258.22	115.25	196.04
26.05.2015	169.58	252.18	177.66	290.38
27.05.2015	183.00	320.00	268.84	316.18
28.05.2015	169.74	234.32	294.68	343.50
29.05.2015	227.17	292.63	293.55	340.57
30.05.2015	207.72	211.49	292.69	340.32
31.05.2015	80.03	288.28	297.86	346.61
01.06.2015	114.92	265.15	295.47	341.91
02.06.2015	160.20	204.68	285.53	328.47
03.06.2015	72.05	278.60	289.48	343.59
04.06.2015	172.65	284.15	130.33	176.42
05.06.2015	239.78	291.62	198.09	171.49
06.06.2015	168.77	296.78	94.29	101.41
07.06.2015	141.89	291.18	299.24	310.44
08.06.2015	307.19	360.13	281.86	246.74
09.06.2015	155.60	260.59	181.03	197.79
10.06.2015	43.90	291.71	30.69	62.08
11.06.2015	83.22	288.91	79.54	75.92
12.06.2015	124.88	292.20	184.51	89.11
13.06.2015	295.10	331.86	67.44	54.18
14.06.2015	202.85	240.07	92.33	99.04
15.06.2015	188.14	332.45	263.33	193.23
16.06.2015	315.48	374.05	23.78	37.43
17.06.2015	72.12	196.73	38.76	33.54
18.06.2015	100.02	124.07	200.52	220.88
19.06.2015	191.57	211.75	114.83	178.37
20.06.2015	340.46	380.08	168.38	214.80
21.06.2015	349.15	309.48	122.11	116.25
22.06.2015	298.44	236.10	308.35	342.07
23.06.2015	63.55	268.32	216.85	147.70
24.06.2015	137.98	121.52	214.35	158.61
25.06.2015	124.48	187.63	252.53	154.28
26.06.2015	168.88	291.97	158.37	162.82
27.06.2015	353.20	372.80	303.41	332.62
28.06.2015	258.00	316.83	298.56	325.60
29.06.2015	77.89	209.61	263.34	278.51
30.06.2015	110.28	286.98	300.74	354.82
01.07.2015	86.91	293.00	301.86	349.37
02.07.2015	239.39	308.99	290.78	327.39
03.07.2015	125.88	239.88	269.78	322.17
04.07.2015	270.55	365.68	176.17	208.58
05.07.2015	289.12	310.23	129.53	149.70
06.07.2015	57.01	65.97	156.24	177.69
07.07.2015	52.16	85.79	158.74	143.59
08.07.2015	90.07	97.24	137.61	198.02
09.07.2015	162.55	106.96	135.56	168.07
10.07.2015	167.17	239.83	193.96	201.57
11.07.2015	212.15	251.80	96.97	77.51
12.07.2015	157.94	112.73	281.37	312.02
13.07.2015	49.05	95.39	205.55	277.83
14.07.2015	106.69	121.95	144.43	155.82
15.07.2015	74.63	105.95	257.25	290.44
16.07.2015	107.26	144.96	153.43	147.48
17.07.2015	270.26	286.03	86.24	91.92
18.07.2015	78.70	198.94	96.28	65.58
19.07.2015	85.75	164.13	250.30	219.01
20.07.2015	135.42	187.90	172.36	218.15
21.07.2015	98.79	84.46	269.57	313.41
22.07.2015	95.05	176.91	266.81	307.16
23.07.2015	156.56	173.30	250.31	288.89
24.07.2015	131.99	212.56	253.65	288.14
25.07.2015	281.61	240.58	242.21	268.04
26.07.2015	149.36	61.73	174.50	235.29
27.07.2015	202.82	218.53	70.77	96.53
28.07.2015	310.03	176.68	113.47	112.04
29.07.2015	97.47	45.44	128.80	177.84
30.07.2015	71.22	158.16	253.15	295.18
31.07.2015	129.99	246.90	149.90	120.18
01.08.2015	195.85	179.60	196.53	246.27
02.08.2015	106.45	230.80	227.58	270.03
03.08.2015	198.45	167.59	212.49	280.57
04.08.2015	117.00	63.90	223.34	247.26
05.08.2015	137.89	156.46	223.40	269.15
06.08.2015	218.53	203.68	178.22	218.80
07.08.2015	124.35	98.00	144.04	239.31
08.08.2015	99.79	192.68	153.32	148.95
09.08.2015	98.70	123.18	141.54	177.74
10.08.2015	151.43	75.87	123.77	112.14
11.08.2015	122.42	154.42	195.03	166.30
12.08.2015	105.10	241.99	101.43	90.56
13.08.2015	260.05	264.23	67.77	128.42
14.08.2015	246.03	278.39	86.34	77.63
15.08.2015	139.69	230.38	92.29	55.10
16.08.2015	90.57	102.68	186.29	151.65
17.08.2015	231.50	259.35	214.48	234.15
18.08.2015	251.87	225.48	88.21	78.07
19.08.2015	255.43	264.73	107.83	99.93
20.08.2015	251.49	248.15	126.92	142.28
21.08.2015	238.48	236.30	190.97	216.50
22.08.2015	117.29	175.82	196.03	232.20
23.08.2015	232.69	253.67	195.98	208.15
24.08.2015	212.89	241.82	66.65	38.63
25.08.2015	64.30	22.59	140.21	74.42
26.08.2015	104.74	150.19	189.86	223.00
27.08.2015	92.13	103.71	186.46	221.17
28.08.2015	58.03	101.50	178.34	214.04
29.08.2015	77.60	132.25	173.71	163.11
30.08.2015	85.73	154.71	169.19	43.09
31.08.2015	131.26	87.25	154.24	140.74
01.09.2015	172.53	92.95	143.55	63.36
02.09.2015	54.50	50.66	147.56	114.52
03.09.2015	181.96	95.18	99.79	109.21
04.09.2015	42.48	89.77	141.33	178.38
05.09.2015	96.50	93.64	64.64	81.66
06.09.2015	113.26	171.38	19.30	22.08
07.09.2015	48.10	85.52	56.67	33.11
08.09.2015	164.19	143.79	55.02	20.89
09.09.2015	175.32	190.89	37.03	59.18
10.09.2015	149.42	169.68	37.24	29.55
11.09.2015	165.08	184.80	32.28	61.17
12.09.2015	111.04	34.51	95.43	54.49
13.09.2015	63.70	68.02	137.64	161.97
14.09.2015	48.88	39.40	117.18	115.94
15.09.2015	52.35	12.05	73.63	77.93
16.09.2015	131.12	71.99	34.95	37.82
17.09.2015	54.51	42.11	124.54	119.87
18.09.2015	40.09	55.96	49.41	53.58
19.09.2015	31.83	128.73	69.80	74.35
20.09.2015	93.93	141.20	31.58	63.36
21.09.2015	141.31	124.86	42.18	30.30
22.09.2015	76.78	63.36	19.83	28.56
23.09.2015	49.51	92.65	52.54	75.68
24.09.2015	67.97	27.61	21.98	31.85
25.09.2015	59.52	92.43	70.03	75.80
26.09.2015	61.83	98.37	58.30	85.59
27.09.2015	62.53	139.21	5.56	55.15
28.09.2015	86.60	111.93	102.43	109.24
29.09.2015	108.76	121.03	45.79	72.41
30.09.2015	17.80	57.83	16.88	101.06
01.10.2015	18.14	59.00	16.76	32.57
02.10.2015	15.97	32.19	49.84	70.39
03.10.2015	77.37	116.68	25.59	24.07
04.10.2015	51.44	79.26	20.69	54.40
05.10.2015	93.45	114.80	31.03	33.98
06.10.2015	88.38	50.49	54.21	57.56
07.10.2015	48.65	60.05	18.12	24.40
08.10.2015	24.39	35.31	23.65	22.37
09.10.2015	34.98	38.78	16.68	11.56
10.10.2015	71.81	89.48	39.93	56.77
11.10.2015	51.54	39.43	46.99	36.03
12.10.2015	65.53	42.09	60.25	46.42
13.10.2015	43.19	64.74	14.12	11.18
14.10.2015	67.20	84.30	11.09	6.36
15.10.2015	30.28	89.26	37.11	20.30
16.10.2015	65.03	86.97	41.63	23.89
17.10.2015	48.37	85.75	60.18	69.04
18.10.2015	61.07	82.78	47.04	51.39
19.10.2015	44.59	78.58	11.40	20.47
20.10.2015	13.87	46.43	20.22	12.78
21.10.2015	16.68	47.51	29.98	15.35
22.10.2015	31.18	28.16	36.08	10.14
23.10.2015	30.92	59.76	29.20	22.10
24.10.2015	12.78	35.84	6.78	5.54
25.10.2015	15.69	38.06	11.90	22.94
26.10.2015	12.31	40.72	23.48	30.93
27.10.2015	26.19	46.90	9.56	14.71
28.10.2015	40.93	59.39	8.03	7.83
29.10.2015	44.47	58.83	10.22	5.01
30.10.2015	16.89	38.08	25.31	28.48
31.10.2015	15.06	24.17	21.37	22.93
01.11.2015	14.81	37.48	38.62	31.80
02.11.2015	3.08	28.66	10.13	25.21
03.11.2015	25.40	45.45	18.98	26.32
04.11.2015	13.65	17.11	28.43	29.83
05.11.2015	13.27	10.97	13.94	10.47
06.11.2015	21.37	28.80	18.43	18.75
07.11.2015	22.90	30.03	20.17	15.92
08.11.2015	22.41	36.55	18.58	24.48
09.11.2015	13.45	26.31	15.97	12.20
10.11.2015	8.04	27.36	15.95	6.17
11.11.2015	9.15	18.27	17.48	11.38
12.11.2015	10.47	21.05	16.50	14.69
13.11.2015	9.78	10.79	14.97	14.19
14.11.2015	5.09	14.94	19.13	20.78
15.11.2015	10.77	26.73	5.26	4.87
16.11.2015	5.36	10.69	7.20	6.15
17.11.2015	6.85	17.22	10.51	5.27
18.11.2015	8.94	35.35	7.66	4.49
19.11.2015	7.74	21.70	5.68	3.81
20.11.2015	10.92	22.68	7.92	5.76
21.11.2015	1.78	36.83	14.37	10.63
22.11.2015	1.84	20.50	10.15	2.44
23.11.2015	1.80	10.26	10.35	3.82
24.11.2015	6.41	10.83	3.00	1.21
25.11.2015	5.54	11.86	9.86	6.69
26.11.2015	2.07	6.45	9.11	8.06
27.11.2015	3.22	3.57	8.71	6.90
28.11.2015	7.24	8.93	7.73	5.99
29.11.2015	6.86	8.77	7.43	3.28
30.11.2015	3.38	10.27	3.07	5.21
01.12.2015	-0.18	4.99	2.89	8.17
02.12.2015	8.38	7.58	4.03	2.91
03.12.2015	5.40	2.68	2.35	6.54
04.12.2015	5.05	7.16	1.23	3.54
05.12.2015	0.74	3.60	7.50	1.50
06.12.2015	1.98	5.67	7.30	2.99
07.12.2015	4.43	19.66	7.82	5.17
08.12.2015	2.02	5.88	5.78	4.35
09.12.2015	3.37	5.44	6.26	5.34
10.12.2015	1.27	3.42	5.01	4.99
11.12.2015	4.49	4.76	5.15	2.80
12.12.2015	2.47	3.42	3.46	1.45
13.12.2015	2.41	12.84	4.70	1.99
14.12.2015	0.45	6.82	3.68	0.55
15.12.2015	3.93	14.83	3.64	0.95
16.12.2015	4.35	8.92	6.09	2.06
17.12.2015	1.78	3.11	5.38	2.09
18.12.2015	3.91	2.83	2.93	5.72
19.12.2015	1.83	3.09	4.59	1.40
20.12.2015	0.63	5.59	4.46	3.15
21.12.2015	3.78	4.03	5.59	2.65
22.12.2015	1.97	3.39	1.54	0.73
23.12.2015	2.15	3.02	1.54	1.99
24.12.2015	3.73	4.14	4.83	2.78
25.12.2015	0.56	4.34	2.33	2.54
26.12.2015	-0.35	12.31	1.89	4.12
27.12.2015	2.35	4.25	2.50	4.10
28.12.2015	3.11	7.96	1.28	3.10
29.12.2015	3.76	6.31	1.92	3.26
30.12.2015	1.70	6.18	1.54	3.41
31.12.2015	-0.33	2.20	5.79	0.97
01.01.2016	2.33	4.21	4.09	2.60
02.01.2016	3.14	6.38	5.04	0.40
03.01.2016	-0.15	9.76	3.37	0.02
04.01.2016	0.92	11.21	2.40	6.66
05.01.2016	3.68	12.21	7.13	3.60
06.01.2016	4.31	7.34	10.39	6.91
07.01.2016	1.75	11.20	5.49	5.78
08.01.2016	0.73	14.87	4.25	3.38
09.01.2016	0.75	18.75	10.12	4.75
10.01.2016	4.13	5.77	13.09	6.68
11.01.2016	4.25	13.98	8.83	6.28
12.01.2016	4.19	5.68	2.83	0.32
13.01.2016	4.26	18.16	6.58	0.08
14.01.2016	6.35	10.98	8.25	2.82
15.01.2016	0.28	7.33	3.73	6.05
16.01.2016	0.83	24.40	8.13	2.23
17.01.2016	0.89	20.96	10.03	4.71
18.01.2016	1.17	18.63	4.89	0.11
19.01.2016	0.74	14.85	5.56	2.10
20.01.2016	1.92	50.03	11.18	9.95
21.01.2016	4.62	45.12	9.95	6.31
22.01.2016	10.50	21.65	7.52	9.87
23.01.2016	10.35	13.28	7.84	1.94
24.01.2016	11.72	21.08	8.55	10.50
25.01.2016	7.14	13.44	9.22	9.11
26.01.2016	9.44	14.65	10.05	8.01
27.01.2016	7.76	11.34	10.98	2.28
28.01.2016	10.02	12.09	10.28	4.18
29.01.2016	4.36	10.44	3.23	1.22
30.01.2016	16.63	12.80	16.32	16.04
31.01.2016	14.37	23.35	9.50	9.47
01.02.2016	2.79	13.68	3.85	11.15
02.02.2016	8.86	21.32	4.74	19.85
03.02.2016	1.66	19.72	2.33	6.23
04.02.2016	2.63	30.03	11.75	9.02
05.02.2016	4.91	21.25	3.49	9.50
06.02.2016	20.17	31.38	4.96	16.69
07.02.2016	14.94	21.43	30.29	36.67
08.02.2016	12.14	22.16	39.23	38.63
09.02.2016	25.85	55.83	32.90	40.16
10.02.2016	21.66	22.45	35.19	34.91
11.02.2016	39.85	20.49	37.10	45.31
12.02.2016	22.93	13.43	38.92	47.73
13.02.2016	42.41	18.94	41.50	50.02
14.02.2016	48.23	30.44	41.82	47.86
15.02.2016	5.27	31.02	7.41	11.18
16.02.2016	17.97	49.64	24.53	29.88
17.02.2016	23.79	32.00	34.16	35.90
18.02.2016	39.45	61.09	14.23	17.85
19.02.2016	59.20	74.62	19.43	23.07
20.02.2016	39.36	40.43	10.07	7.56
21.02.2016	28.51	59.99	25.95	25.50
22.02.2016	33.22	68.23	10.13	11.31
23.02.2016	8.52	64.71	41.27	37.30
24.02.2016	12.03	69.24	15.09	27.35
25.02.2016	3.83	43.17	19.91	45.38
26.02.2016	20.80	82.01	58.43	60.20
27.02.2016	20.95	92.09	28.81	49.70
28.02.2016	39.90	81.93	38.87	56.69
29.02.2016	68.68	91.80	36.53	29.60
01.03.2016	33.58	61.18	45.02	21.06
02.03.2016	51.05	110.07	52.58	29.74
03.03.2016	41.64	54.81	74.46	43.92
04.03.2016	63.84	59.84	47.59	41.12
05.03.2016	71.20	112.84	41.74	16.36
06.03.2016	68.19	107.64	75.23	46.70
07.03.2016	54.38	57.57	77.63	64.45
08.03.2016	108.74	46.42	84.78	101.22
09.03.2016	51.63	108.25	13.57	33.15
10.03.2016	102.59	138.80	15.61	42.35
11.03.2016	93.16	118.19	33.76	97.72
12.03.2016	110.28	132.26	40.80	145.78
13.03.2016	42.33	80.55	43.22	-99.00
14.03.2016	98.85	113.62	92.62	90.46
15.03.2016	98.91	152.13	120.62	96.53
16.03.2016	65.43	158.04	100.95	65.40
17.03.2016	25.27	91.92	78.30	66.49
18.03.2016	96.89	168.67	62.26	50.94
19.03.2016	40.58	138.40	53.49	52.23
20.03.2016	35.03	144.03	82.79	-99.00
21.03.2016	34.65	105.16	58.22	-99.00
22.03.2016	60.78	118.28	50.35	-99.00
23.03.2016	164.87	207.43	96.85	-99.00
24.03.2016	56.83	104.42	76.50	-99.00
25.03.2016	70.13	120.50	28.37	59.82
26.03.2016	108.52	150.45	103.42	81.61
27.03.2016	102.92	87.92	24.95	66.37
28.03.2016	121.30	84.79	55.42	71.75
29.03.2016	65.47	129.94	35.78	47.95
30.03.2016	156.29	207.66	126.43	111.81
31.03.2016	121.58	146.91	134.85	91.93
01.04.2016	103.90	165.27	141.49	128.91
02.04.2016	126.59	139.59	95.63	68.44
03.04.2016	145.90	170.77	29.12	28.81
04.04.2016	134.01	146.53	81.13	59.58
05.04.2016	75.01	179.39	88.52	91.96
06.04.2016	121.48	157.41	129.55	123.43
07.04.2016	91.42	135.90	34.32	61.14
08.04.2016	145.58	195.95	83.49	73.01
09.04.2016	187.50	245.80	109.60	66.71
10.04.2016	232.72	243.28	199.72	231.25
11.04.2016	204.96	213.16	167.27	188.65
12.04.2016	233.58	236.33	147.13	111.16
13.04.2016	223.32	204.96	157.85	208.20
14.04.2016	120.18	190.85	202.84	226.97
15.04.2016	133.32	189.46	207.38	245.70
16.04.2016	159.85	266.96	204.59	244.82
17.04.2016	164.41	235.69	194.68	226.74
18.04.2016	164.25	209.71	201.80	235.80
19.04.2016	77.93	212.50	116.78	129.86
20.04.2016	120.92	246.25	200.35	138.37
21.04.2016	63.37	231.53	156.65	129.33
22.04.2016	122.22	255.78	153.88	194.87
23.04.2016	199.77	241.99	140.60	183.52
24.04.2016	225.82	266.19	233.36	183.49
25.04.2016	237.56	246.28	240.07	282.27
26.04.2016	193.47	269.48	229.29	275.92
27.04.2016	287.10	313.16	214.19	300.35
28.04.2016	265.73	240.38	245.43	282.71
29.04.2016	95.25	244.35	249.20	290.12
30.04.2016	252.27	186.00	166.61	228.61
01.05.2016	220.39	267.18	176.79	100.45
02.05.2016	81.94	251.10	137.67	138.07
03.05.2016	105.91	210.64	163.30	259.77
04.05.2016	241.35	308.08	205.97	268.61
05.05.2016	116.72	324.30	190.73	136.32
06.05.2016	148.64	268.35	264.53	283.19
07.05.2016	134.61	281.37	156.20	124.78
08.05.2016	225.90	312.39	48.65	85.50
09.05.2016	290.85	333.34	80.20	133.77
10.05.2016	144.85	293.02	231.93	280.07
11.05.2016	313.63	346.87	143.87	191.43
12.05.2016	88.08	177.63	235.33	285.27
13.05.2016	141.94	195.25	147.19	195.66
14.05.2016	137.27	184.91	177.90	278.01
15.05.2016	232.43	298.54	95.60	69.89
16.05.2016	317.19	356.80	273.12	274.32
17.05.2016	165.25	287.70	51.36	68.70
18.05.2016	188.15	179.80	134.00	168.05
19.05.2016	295.76	271.85	229.74	165.13
20.05.2016	120.09	217.47	279.60	292.69
21.05.2016	276.78	271.66	179.15	299.89
22.05.2016	116.07	187.74	208.58	244.11
23.05.2016	78.31	208.92	107.98	191.21
24.05.2016	189.50	313.94	115.25	196.04
25.05.2016	336.83	374.63	177.66	290.38
26.05.2016	328.19	373.89	268.84	316.18
27.05.2016	339.00	369.64	294.68	343.50
28.05.2016	285.52	221.06	293.55	340.57
29.05.2016	251.87	139.66	292.69	340.32
30.05.2016	212.81	193.08	297.86	346.61
31.05.2016	150.04	358.47	295.47	341.91
01.06.2016	195.19	325.82	285.53	328.47
02.06.2016	265.85	297.29	289.48	343.59
03.06.2016	317.15	370.33	130.33	176.42
04.06.2016	340.29	382.28	198.09	171.49
05.06.2016	339.51	375.85	94.29	101.41
06.06.2016	332.90	369.70	299.24	310.44
07.06.2016	199.30	319.43	281.86	246.74
08.06.2016	343.42	396.88	181.03	197.79
09.06.2016	230.30	314.45	30.69	62.08
10.06.2016	355.16	329.88	79.54	75.92
11.06.2016	275.19	214.79	184.51	89.11
12.06.2016	341.06	241.13	67.44	54.18
13.06.2016	242.69	281.31	92.33	99.04
14.06.2016	344.53	303.90	263.33	193.23
15.06.2016	316.81	228.73	23.78	37.43
16.06.2016	239.01	196.60	38.76	33.54
17.06.2016	199.07	113.00	200.52	220.88
18.06.2016	151.47	220.21	114.83	178.37
19.06.2016	235.70	234.11	168.38	214.80
20.06.2016	235.24	241.13	122.11	116.25
21.06.2016	182.00	221.83	308.35	342.07
22.06.2016	92.71	180.25	216.85	147.70
23.06.2016	179.95	317.60	214.35	158.61
24.06.2016	193.01	127.39	252.53	154.28
25.06.2016	164.33	222.75	158.37	162.82
26.06.2016	56.53	60.97	303.41	332.62
27.06.2016	193.12	314.40	298.56	325.60
28.06.2016	231.70	299.60	263.34	278.51
29.06.2016	251.31	195.34	300.74	354.82
30.06.2016	163.00	156.28	301.86	349.37
01.07.2016	213.13	195.21	290.78	327.39
02.07.2016	192.47	188.38	269.78	322.17
03.07.2016	176.28	232.90	176.17	208.58
04.07.2016	219.26	203.87	129.53	149.70
05.07.2016	185.07	183.90	156.24	177.69
06.07.2016	173.33	325.19	158.74	143.59
07.07.2016	229.26	292.86	137.61	198.02
08.07.2016	238.68	232.16	135.56	168.07
09.07.2016	122.65	207.98	193.96	201.57
10.07.2016	220.87	234.29	96.97	77.51
11.07.2016	116.75	223.70	281.37	312.02
12.07.2016	160.20	158.92	205.55	277.83
13.07.2016	140.72	128.57	144.43	155.82
14.07.2016	101.94	124.65	257.25	290.44
15.07.2016	199.68	156.40	153.43	147.48
16.07.2016	95.58	267.91	86.24	91.92
17.07.2016	76.83	135.34	96.28	65.58
18.07.2016	266.65	174.05	250.30	219.01
19.07.2016	77.70	96.63	172.36	218.15
20.07.2016	265.27	267.85	269.57	313.41
21.07.2016	307.77	286.21	266.81	307.16
22.07.2016	201.47	161.88	250.31	288.89
23.07.2016	269.95	218.99	253.65	288.14
24.07.2016	258.19	250.98	242.21	268.04
25.07.2016	133.62	127.20	174.50	235.29
26.07.2016	105.57	146.91	70.77	96.53
27.07.2016	107.34	224.32	113.47	112.04
28.07.2016	160.74	229.45	128.80	177.84
29.07.2016	125.79	227.63	253.15	295.18
30.07.2016	148.77	155.32	149.90	120.18
31.07.2016	164.93	170.27	196.53	246.27
01.08.2016	108.62	159.01	227.58	270.03
02.08.2016	96.33	149.93	212.49	280.57
03.08.2016	206.95	212.73	223.34	247.26
04.08.2016	132.82	94.40	223.40	269.15
05.08.2016	163.76	111.86	178.22	218.80
06.08.2016	74.03	71.18	144.04	239.31
07.08.2016	84.31	163.61	153.32	148.95
08.08.2016	105.33	182.23	141.54	177.74
09.08.2016	64.90	73.24	123.77	112.14
10.08.2016	97.07	225.09	195.03	166.30
11.08.2016	139.17	232.70	101.43	90.56
12.08.2016	34.28	104.48	67.77	128.42
13.08.2016	38.85	87.50	86.34	77.63
14.08.2016	269.31	268.09	92.29	55.10
15.08.2016	120.33	218.28	186.29	151.65
16.08.2016	240.55	273.50	214.48	234.15
17.08.2016	250.09	275.44	88.21	78.07
18.08.2016	247.00	270.58	107.83	99.93
19.08.2016	219.67	172.69	126.92	142.28
20.08.2016	167.76	155.88	190.97	216.50
21.08.2016	150.80	147.73	196.03	232.20
22.08.2016	192.05	165.53	195.98	208.15
23.08.2016	185.23	190.06	66.65	38.63
24.08.2016	49.88	81.52	140.21	74.42
25.08.2016	124.56	165.42	189.86	223.00
26.08.2016	31.03	46.65	186.46	221.17
27.08.2016	130.47	169.34	178.34	214.04
28.08.2016	163.60	114.90	173.71	163.11
29.08.2016	99.28	147.26	169.19	43.09
30.08.2016	27.85	96.30	154.24	140.74
31.08.2016	49.65	112.18	143.55	63.36
01.09.2016	52.73	155.21	147.56	114.52
02.09.2016	67.50	112.70	99.79	109.21
03.09.2016	79.70	146.02	141.33	178.38
04.09.2016	125.67	176.30	64.64	81.66
05.09.2016	163.92	169.30	19.30	22.08
06.09.2016	54.99	137.53	56.67	33.11
07.09.2016	78.40	162.00	55.02	20.89
08.09.2016	134.90	175.03	37.03	59.18
09.09.2016	59.71	92.29	37.24	29.55
10.09.2016	60.34	107.22	32.28	61.17
11.09.2016	104.13	169.33	95.43	54.49
12.09.2016	146.82	185.59	137.64	161.97
13.09.2016	117.63	177.19	117.18	115.94
14.09.2016	38.99	98.70	73.63	77.93
15.09.2016	80.21	90.03	34.95	37.82
16.09.2016	78.09	151.25	124.54	119.87
17.09.2016	57.39	113.21	49.41	53.58
18.09.2016	128.78	146.56	69.80	74.35
19.09.2016	77.00	125.67	31.58	63.36
20.09.2016	121.96	131.50	42.18	30.30
21.09.2016	70.72	49.33	19.83	28.56
22.09.2016	47.45	76.28	52.54	75.68
23.09.2016	51.89	51.01	21.98	31.85
24.09.2016	23.39	58.93	70.03	75.80
25.09.2016	81.82	119.68	58.30	85.59
26.09.2016	78.50	131.31	5.56	55.15
27.09.2016	34.05	64.39	102.43	109.24
28.09.2016	32.84	66.97	45.79	72.41
29.09.2016	41.54	57.89	16.88	101.06
30.09.2016	50.90	87.95	16.76	32.57
01.10.2016	54.00	89.73	49.84	70.39
02.10.2016	100.44	130.02	25.59	24.07
03.10.2016	95.29	124.77	20.69	54.40
04.10.2016	94.29	118.15	31.03	33.98
05.10.2016	94.00	120.51	54.21	57.56
06.10.2016	86.97	113.08	18.12	24.40
07.10.2016	85.53	110.66	23.65	22.37
08.10.2016	84.33	111.17	16.68	11.56
09.10.2016	85.32	70.52	39.93	56.77
10.10.2016	77.54	103.98	46.99	36.03
11.10.2016	74.89	104.48	60.25	46.42
12.10.2016	74.53	101.34	14.12	11.18
13.10.2016	71.89	98.59	11.09	6.36
14.10.2016	70.64	95.72	37.11	20.30
15.10.2016	70.34	91.35	41.63	23.89
16.10.2016	39.19	59.08	60.18	69.04
17.10.2016	46.30	77.74	47.04	51.39
18.10.2016	48.58	42.67	11.40	20.47
19.10.2016	57.01	66.39	20.22	12.78
20.10.2016	53.90	57.82	29.98	15.35
21.10.2016	55.47	26.55	36.08	10.14
22.10.2016	49.58	32.21	29.20	22.10
23.10.2016	55.01	32.43	6.78	5.54
24.10.2016	28.03	12.85	11.90	22.94
25.10.2016	36.26	21.78	23.48	30.93
26.10.2016	9.85	30.68	9.56	14.71
27.10.2016	6.84	42.58	8.03	7.83
28.10.2016	6.42	27.73	10.22	5.01
29.10.2016	11.03	38.89	25.31	28.48
30.10.2016	11.85	28.24	21.37	22.93
31.10.2016	6.81	18.85	38.62	31.80
01.11.2016	15.93	17.75	10.13	25.21
02.11.2016	20.73	52.42	18.98	26.32
03.11.2016	20.56	28.31	28.43	29.83
04.11.2016	19.03	44.37	13.94	10.47
05.11.2016	18.81	16.60	18.43	18.75
06.11.2016	29.67	54.53	20.17	15.92
07.11.2016	26.78	50.67	18.58	24.48
08.11.2016	24.18	36.04	15.97	12.20
09.11.2016	13.77	34.20	15.95	6.17
10.11.2016	16.40	32.57	17.48	11.38
11.11.2016	3.54	18.85	16.50	14.69
12.11.2016	17.50	23.32	14.97	14.19
13.11.2016	11.68	17.39	19.13	20.78
14.11.2016	3.48	11.04	5.26	4.87
15.11.2016	9.30	12.41	7.20	6.15
16.11.2016	5.99	12.77	10.51	5.27
17.11.2016	14.36	24.88	7.66	4.49
18.11.2016	8.58	10.19	5.68	3.81
19.11.2016	8.27	5.91	7.92	5.76
20.11.2016	7.90	22.49	14.37	10.63
21.11.2016	6.93	11.83	10.15	2.44
22.11.2016	4.77	6.03	10.35	3.82
23.11.2016	0.26	10.95	3.00	1.21
24.11.2016	5.52	14.74	9.86	6.69
25.11.2016	2.72	10.55	9.11	8.06
26.11.2016	2.16	7.03	8.71	6.90
27.11.2016	4.67	5.62	7.73	5.99
28.11.2016	7.40	12.06	7.43	3.28
29.11.2016	3.93	8.79	3.07	5.21
30.11.2016	2.51	7.25	2.89	8.17
01.12.2016	2.04	4.15	4.03	2.91
02.12.2016	4.24	9.51	2.35	6.54
03.12.2016	2.34	5.64	1.23	3.54
04.12.2016	1.90	5.75	7.50	1.50
05.12.2016	6.38	17.54	7.30	2.99
06.12.2016	6.56	8.50	7.82	5.17
07.12.2016	1.22	5.30	5.78	4.35
08.12.2016	3.77	6.78	6.26	5.34
09.12.2016	2.53	9.11	5.01	4.99
10.12.2016	2.25	9.94	5.15	2.80
11.12.2016	2.79	4.81	3.46	1.45
12.12.2016	4.03	5.40	4.70	1.99
13.12.2016	3.69	5.94	3.68	0.55
14.12.2016	0.66	8.16	3.64	0.95
15.12.2016	3.20	4.06	6.09	2.06
16.12.2016	4.23	6.40	5.38	2.09
17.12.2016	3.22	5.42	2.93	5.72
18.12.2016	1.23	2.89	4.59	1.40
19.12.2016	2.50	6.77	4.46	3.15
20.12.2016	1.16	1.43	5.59	2.65
21.12.2016	0.98	2.65	1.54	0.73
22.12.2016	1.28	2.40	1.54	1.99
23.12.2016	5.45	7.24	4.83	2.78
24.12.2016	1.55	3.34	2.33	2.54
25.12.2016	1.93	8.23	1.89	4.12
26.12.2016	-0.14	3.93	2.50	4.10
27.12.2016	3.38	12.05	1.28	3.10
28.12.2016	3.15	3.48	1.92	3.26
29.12.2016	1.83	4.85	1.54	3.41
30.12.2016	-0.34	1.54	5.79	0.97
31.12.2016	2.67	5.91	4.09	2.60
01.01.2017	1.25	4.35	5.04	0.40
02.01.2017	0.52	9.89	3.37	0.02
03.01.2017	0.42	4.25	2.40	6.66
04.01.2017	-0.48	2.53	7.13	3.60
05.01.2017	0.44	17.31	10.39	6.91
06.01.2017	1.66	4.26	5.49	5.78
07.01.2017	4.76	7.52	4.25	3.38
08.01.2017	3.65	4.28	10.12	4.75
09.01.2017	4.87	9.12	13.09	6.68
10.01.2017	4.97	5.79	8.83	6.28
11.01.2017	1.88	6.38	2.83	0.32
12.01.2017	4.98	9.89	6.58	0.08
13.01.2017	-0.01	9.70	8.25	2.82
14.01.2017	1.31	28.73	3.73	6.05
15.01.2017	1.94	33.59	8.13	2.23
16.01.2017	1.43	21.50	10.03	4.71
17.01.2017	4.49	13.00	4.89	0.11
18.01.2017	7.63	9.29	5.56	2.10
19.01.2017	0.26	11.59	11.18	9.95
20.01.2017	5.33	10.11	9.95	6.31
21.01.2017	10.05	17.56	7.52	9.87
22.01.2017	13.00	21.79	7.84	1.94
23.01.2017	7.63	17.78	8.55	10.50
24.01.2017	9.98	21.26	9.22	9.11
25.01.2017	11.48	23.04	10.05	8.01
26.01.2017	14.95	26.11	10.98	2.28
27.01.2017	14.80	30.32	10.28	4.18
28.01.2017	9.40	17.31	3.23	1.22
29.01.2017	14.97	19.38	16.32	16.04
30.01.2017	13.35	50.70	9.50	9.47
31.01.2017	24.17	39.35	3.85	11.15
01.02.2017	13.10	22.72	4.74	19.85
02.02.2017	13.94	19.95	2.33	6.23
03.02.2017	17.52	47.36	11.75	9.02
04.02.2017	31.86	43.36	3.49	9.50
05.02.2017	33.04	40.18	4.96	16.69
06.02.2017	36.68	23.49	30.29	36.67
07.02.2017	38.87	50.89	39.23	38.63
08.02.2017	39.63	48.64	32.90	40.16
09.02.2017	42.36	30.51	35.19	34.91
10.02.2017	22.16	34.91	37.10	45.31
11.02.2017	42.14	52.19	38.92	47.73
12.02.2017	28.68	54.03	41.50	50.02
13.02.2017	45.80	57.71	41.82	47.86
14.02.2017	48.65	63.96	7.41	11.18
15.02.2017	27.82	61.12	24.53	29.88
16.02.2017	17.02	49.48	34.16	35.90
17.02.2017	17.96	42.74	14.23	17.85
18.02.2017	9.85	45.83	19.43	23.07
19.02.2017	18.10	48.12	10.07	7.56
20.02.2017	12.73	51.54	25.95	25.50
21.02.2017	35.55	59.78	10.13	11.31
22.02.2017	42.30	59.58	41.27	37.30
23.02.2017	5.78	113.32	15.09	27.35
24.02.2017	2.38	46.43	19.91	45.38
25.02.2017	8.06	44.51	58.43	60.20
26.02.2017	51.52	74.37	28.81	49.70
27.02.2017	75.28	91.11	38.87	56.69
28.02.2017	30.20	47.19	36.53	29.60
01.03.2017	40.01	75.98	45.02	21.06
02.03.2017	82.23	120.93	52.58	29.74
03.03.2017	89.15	104.08	74.46	43.92
04.03.2017	81.75	125.82	47.59	41.12
05.03.2017	91.16	97.66	41.74	16.36
06.03.2017	98.01	119.31	75.23	46.70
07.03.2017	103.08	130.09	77.63	64.45
08.03.2017	101.97	130.28	84.78	101.22
09.03.2017	37.65	72.42	13.57	33.15
10.03.2017	54.92	89.62	15.61	42.35
11.03.2017	90.02	121.91	33.76	97.72
12.03.2017	56.54	79.55	40.80	145.78
13.03.2017	61.01	122.91	43.22	-99.00
14.03.2017	29.79	73.11	92.62	90.46
15.03.2017	22.01	78.39	120.62	96.53
16.03.2017	59.01	108.59	100.95	65.40
17.03.2017	22.97	94.93	78.30	66.49
18.03.2017	99.20	156.33	62.26	50.94
19.03.2017	89.43	154.03	53.49	52.23
20.03.2017	109.52	156.56	82.79	-99.00
21.03.2017	113.13	159.56	58.22	-99.00
22.03.2017	18.00	124.22	50.35	-99.00
23.03.2017	107.01	190.99	96.85	-99.00
24.03.2017	39.34	108.13	76.50	-99.00
25.03.2017	72.90	142.45	28.37	59.82
26.03.2017	31.10	121.57	103.42	81.61
27.03.2017	81.13	160.37	24.95	66.37
28.03.2017	84.63	127.50	55.42	71.75
29.03.2017	183.79	203.56	35.78	47.95
30.03.2017	44.75	87.75	126.43	111.81
31.03.2017	128.81	126.72	134.85	91.93
01.04.2017	122.56	194.59	141.49	128.91
02.04.2017	74.07	107.61	95.63	68.44
03.04.2017	97.63	169.04	29.12	28.81
04.04.2017	65.51	154.13	81.13	59.58
05.04.2017	88.46	117.87	88.52	91.96
06.04.2017	33.14	116.14	129.55	123.43
07.04.2017	95.85	231.30	34.32	61.14
08.04.2017	116.10	195.40	83.49	73.01
09.04.2017	103.39	186.05	109.60	66.71
10.04.2017	49.45	193.48	199.72	231.25
11.04.2017	144.68	211.30	167.27	188.65
12.04.2017	108.46	209.72	147.13	111.16
13.04.2017	176.53	152.85	157.85	208.20
14.04.2017	245.19	251.62	202.84	226.97
15.04.2017	157.62	210.65	207.38	245.70
16.04.2017	244.54	152.58	204.59	244.82
17.04.2017	263.95	233.55	194.68	226.74
18.04.2017	247.74	196.58	201.80	235.80
19.04.2017	62.78	212.32	116.78	129.86
20.04.2017	52.29	205.03	200.35	138.37
21.04.2017	94.61	203.80	156.65	129.33
22.04.2017	92.37	240.93	153.88	194.87
23.04.2017	135.96	297.63	140.60	183.52
24.04.2017	139.88	148.80	233.36	183.49
25.04.2017	175.75	162.41	240.07	282.27
26.04.2017	121.14	216.21	229.29	275.92
27.04.2017	239.59	240.36	214.19	300.35
28.04.2017	282.63	197.20	245.43	282.71
29.04.2017	256.54	277.33	249.20	290.12
30.04.2017	272.13	301.11	166.61	228.61
01.05.2017	293.63	313.10	176.79	100.45
02.05.2017	295.39	316.00	137.67	138.07
03.05.2017	302.28	322.26	163.30	259.77
04.05.2017	289.07	327.48	205.97	268.61
05.05.2017	293.35	289.88	190.73	136.32
06.05.2017	296.55	296.94	264.53	283.19
07.05.2017	269.40	303.33	156.20	124.78
08.05.2017	123.94	197.84	48.65	85.50
09.05.2017	150.55	205.21	80.20	133.77
10.05.2017	206.09	241.68	231.93	280.07
11.05.2017	322.46	203.92	143.87	191.43
12.05.2017	217.03	266.10	235.33	285.27
13.05.2017	318.48	344.99	147.19	195.66
14.05.2017	134.28	165.42	177.90	278.01
15.05.2017	170.23	268.67	95.60	69.89
16.05.2017	97.55	151.52	273.12	274.32
17.05.2017	320.15	306.96	51.36	68.70
18.05.2017	89.20	160.58	134.00	168.05
19.05.2017	247.24	358.89	229.74	165.13
20.05.2017	301.43	278.38	279.60	292.69
21.05.2017	80.23	98.19	179.15	299.89
22.05.2017	119.27	182.83	208.58	244.11
23.05.2017	332.17	365.12	107.98	191.21
24.05.2017	60.43	207.10	115.25	196.04
25.05.2017	52.14	126.35	177.66	290.38
26.05.2017	116.20	302.92	268.84	316.18
27.05.2017	315.60	277.03	294.68	343.50
28.05.2017	180.95	197.79	293.55	340.57
29.05.2017	294.93	145.25	292.69	340.32
30.05.2017	182.68	172.20	297.86	346.61
31.05.2017	262.64	222.41	295.47	341.91
01.06.2017	163.49	208.54	285.53	328.47
02.06.2017	259.74	251.97	289.48	343.59
03.06.2017	286.90	209.94	130.33	176.42
04.06.2017	106.63	145.51	198.09	171.49
05.06.2017	248.95	282.15	94.29	101.41
06.06.2017	163.07	213.68	299.24	310.44
07.06.2017	150.86	111.59	281.86	246.74
08.06.2017	181.11	156.51	181.03	197.79
09.06.2017	199.02	172.63	30.69	62.08
10.06.2017	118.90	112.74	79.54	75.92
11.06.2017	151.31	221.79	184.51	89.11
12.06.2017	115.56	90.79	67.44	54.18
13.06.2017	90.25	165.43	92.33	99.04
14.06.2017	129.07	212.73	263.33	193.23
15.06.2017	151.15	199.47	23.78	37.43
16.06.2017	89.34	138.76	38.76	33.54
17.06.2017	149.15	253.87	200.52	220.88
18.06.2017	89.90	279.05	114.83	178.37
19.06.2017	89.15	226.13	168.38	214.80
20.06.2017	86.88	331.68	122.11	116.25
21.06.2017	214.57	257.48	308.35	342.07
22.06.2017	196.35	167.33	216.85	147.70
23.06.2017	91.40	135.04	214.35	158.61
24.06.2017	170.93	329.17	252.53	154.28
25.06.2017	188.77	181.07	158.37	162.82
26.06.2017	161.96	226.38	303.41	332.62
27.06.2017	252.86	363.46	298.56	325.60
28.06.2017	349.01	354.86	263.34	278.51
29.06.2017	316.25	320.79	300.74	354.82
30.06.2017	328.01	363.13	301.86	349.37
01.07.2017	129.74	226.41	290.78	327.39
02.07.2017	124.63	244.33	269.78	322.17
03.07.2017	167.45	163.63	176.17	208.58
04.07.2017	192.65	337.55	129.53	149.70
05.07.2017	302.14	326.79	156.24	177.69
06.07.2017	247.76	285.25	158.74	143.59
07.07.2017	186.74	173.71	137.61	198.02
08.07.2017	101.98	137.18	135.56	168.07
09.07.2017	110.21	137.60	193.96	201.57
10.07.2017	226.57	327.42	96.97	77.51
11.07.2017	188.53	172.73	281.37	312.02
12.07.2017	97.21	145.06	205.55	277.83
13.07.2017	126.20	293.54	144.43	155.82
14.07.2017	309.65	335.19	257.25	290.44
15.07.2017	202.15	259.11	153.43	147.48
16.07.2017	169.27	168.41	86.24	91.92
17.07.2017	81.63	203.52	96.28	65.58
18.07.2017	113.54	269.83	250.30	219.01
19.07.2017	320.95	351.95	172.36	218.15
20.07.2017	317.17	328.87	269.57	313.41
21.07.2017	312.21	266.48	266.81	307.16
22.07.2017	304.71	266.65	250.31	288.89
23.07.2017	263.14	149.69	253.65	288.14
24.07.2017	196.57	112.82	242.21	268.04
25.07.2017	174.29	179.49	174.50	235.29
26.07.2017	170.85	159.87	70.77	96.53
27.07.2017	95.06	113.84	113.47	112.04
28.07.2017	136.43	141.95	128.80	177.84
29.07.2017	205.88	239.70	253.15	295.18
30.07.2017	196.38	172.84	149.90	120.18
31.07.2017	76.15	164.61	196.53	246.27
01.08.2017	99.12	204.18	227.58	270.03
02.08.2017	108.08	159.36	212.49	280.57
03.08.2017	244.66	222.13	223.34	247.26
04.08.2017	122.00	77.15	223.40	269.15
05.08.2017	110.46	115.05	178.22	218.80
06.08.2017	141.03	121.80	144.04	239.31
07.08.2017	170.90	174.63	153.32	148.95
08.08.2017	87.12	178.34	141.54	177.74
09.08.2017	198.20	104.63	123.77	112.14
10.08.2017	64.54	169.28	195.03	166.30
11.08.2017	54.72	205.73	101.43	90.56
12.08.2017	69.09	73.80	67.77	128.42
13.08.2017	94.39	204.49	86.34	77.63
14.08.2017	154.03	179.05	92.29	55.10
15.08.2017	54.62	88.85	186.29	151.65
16.08.2017	90.97	172.35	214.48	234.15
17.08.2017	91.80	117.60	88.21	78.07
18.08.2017	150.22	171.70	107.83	99.93
19.08.2017	97.89	136.95	126.92	142.28
20.08.2017	43.55	93.13	190.97	216.50
21.08.2017	142.83	123.31	196.03	232.20
22.08.2017	235.94	257.36	195.98	208.15
23.08.2017	178.55	182.08	66.65	38.63
24.08.2017	224.13	194.69	140.21	74.42
25.08.2017	233.30	234.31	189.86	223.00
26.08.2017	218.08	238.12	186.46	221.17
27.08.2017	211.69	231.93	178.34	214.04
28.08.2017	70.63	148.52	173.71	163.11
29.08.2017	133.92	194.71	169.19	43.09
30.08.2017	139.14	202.28	154.24	140.74
31.08.2017	114.15	144.58	143.55	63.36
01.09.2017	87.88	189.25	147.56	114.52
02.09.2017	193.51	225.13	99.79	109.21
03.09.2017	162.52	147.64	141.33	178.38
04.09.2017	184.84	101.40	64.64	81.66
05.09.2017	41.03	87.68	19.30	22.08
06.09.2017	47.81	74.69	56.67	33.11
07.09.2017	102.44	74.02	55.02	20.89
08.09.2017	169.06	134.04	37.03	59.18
09.09.2017	107.99	91.20	37.24	29.55
10.09.2017	89.55	115.10	32.28	61.17
11.09.2017	65.11	48.08	95.43	54.49
12.09.2017	59.84	61.85	137.64	161.97
13.09.2017	89.22	90.64	117.18	115.94
14.09.2017	73.22	109.82	73.63	77.93
15.09.2017	71.88	72.85	34.95	37.82
16.09.2017	117.00	156.01	124.54	119.87
17.09.2017	108.51	114.42	49.41	53.58
18.09.2017	107.46	84.55	69.80	74.35
19.09.2017	101.87	71.12	31.58	63.36
20.09.2017	101.64	44.15	42.18	30.30
21.09.2017	55.36	102.03	19.83	28.56
22.09.2017	39.13	91.06	52.54	75.68
23.09.2017	121.07	158.13	21.98	31.85
24.09.2017	97.18	72.21	70.03	75.80
25.09.2017	110.69	142.68	58.30	85.59
26.09.2017	109.29	105.42	5.56	55.15
27.09.2017	92.30	38.55	102.43	109.24
28.09.2017	84.23	83.25	45.79	72.41
29.09.2017	103.84	84.40	16.88	101.06
30.09.2017	40.23	48.40	16.76	32.57
01.10.2017	60.58	35.80	49.84	70.39
02.10.2017	77.04	76.73	25.59	24.07
03.10.2017	27.52	89.85	20.69	54.40
04.10.2017	41.26	53.21	31.03	33.98
05.10.2017	47.76	94.28	54.21	57.56
06.10.2017	19.60	71.03	18.12	24.40
07.10.2017	32.09	93.96	23.65	22.37
08.10.2017	54.17	95.43	16.68	11.56
09.10.2017	81.82	108.81	39.93	56.77
10.10.2017	44.31	62.32	46.99	36.03
11.10.2017	18.19	45.03	60.25	46.42
12.10.2017	69.93	74.77	14.12	11.18
13.10.2017	9.84	36.65	11.09	6.36
14.10.2017	27.10	76.57	37.11	20.30
15.10.2017	11.49	33.00	41.63	23.89
16.10.2017	30.00	59.02	60.18	69.04
17.10.2017	10.96	39.60	47.04	51.39
18.10.2017	44.10	89.65	11.40	20.47
19.10.2017	53.52	75.81	20.22	12.78
20.10.2017	32.27	34.89	29.98	15.35
21.10.2017	27.20	32.42	36.08	10.14
22.10.2017	27.58	35.00	29.20	22.10
23.10.2017	13.06	22.10	6.78	5.54
24.10.2017	43.01	36.91	11.90	22.94
25.10.2017	23.41	44.51	23.48	30.93
26.10.2017	26.81	35.73	9.56	14.71
27.10.2017	11.75	33.79	8.03	7.83
28.10.2017	16.13	55.57	10.22	5.01
29.10.2017	10.53	15.86	25.31	28.48
30.10.2017	11.10	23.43	21.37	22.93
31.10.2017	7.99	21.43	38.62	31.80
01.11.2017	11.33	22.41	10.13	25.21
02.11.2017	18.41	66.95	18.98	26.32
03.11.2017	28.30	45.29	28.43	29.83
04.11.2017	16.89	23.78	13.94	10.47
05.11.2017	15.51	17.23	18.43	18.75
06.11.2017	26.05	67.83	20.17	15.92
07.11.2017	20.44	31.91	18.58	24.48
08.11.2017	8.98	18.01	15.97	12.20
09.11.2017	8.33	18.06	15.95	6.17
10.11.2017	14.95	27.26	17.48	11.38
11.11.2017	15.48	21.06	16.50	14.69
12.11.2017	6.31	24.89	14.97	14.19
13.11.2017	10.11	18.35	19.13	20.78
14.11.2017	10.46	24.12	5.26	4.87
15.11.2017	3.33	11.88	7.20	6.15
16.11.2017	6.58	11.96	10.51	5.27
17.11.2017	5.38	9.75	7.66	4.49
18.11.2017	3.34	9.26	5.68	3.81
19.11.2017	5.34	30.00	7.92	5.76
20.11.2017	11.97	48.92	14.37	10.63
21.11.2017	5.73	46.19	10.15	2.44
22.11.2017	4.00	7.61	10.35	3.82
23.11.2017	5.51	7.13	3.00	1.21
24.11.2017	7.60	6.94	9.86	6.69
25.11.2017	9.13	6.24	9.11	8.06
26.11.2017	1.92	8.68	8.71	6.90
27.11.2017	5.55	12.71	7.73	5.99
28.11.2017	2.49	7.70	7.43	3.28
29.11.2017	6.81	17.29	3.07	5.21
30.11.2017	2.36	16.10	2.89	8.17
01.12.2017	6.73	12.66	4.03	2.91
02.12.2017	2.68	6.93	2.35	6.54
03.12.2017	1.44	6.87	1.23	3.54
04.12.2017	4.65	8.31	7.50	1.50
05.12.2017	4.16	3.89	7.30	2.99
06.12.2017	2.97	5.10	7.82	5.17
07.12.2017	3.54	5.41	5.78	4.35
08.12.2017	1.03	5.94	6.26	5.34
09.12.2017	1.53	6.85	5.01	4.99
10.12.2017	2.74	8.00	5.15	2.80
11.12.2017	0.23	4.30	3.46	1.45
12.12.2017	-0.14	8.91	4.70	1.99
13.12.2017	0.18	4.99	3.68	0.55
14.12.2017	2.93	9.23	3.64	0.95
15.12.2017	3.05	7.15	6.09	2.06
16.12.2017	3.47	11.39	5.38	2.09
17.12.2017	1.38	6.55	2.93	5.72
18.12.2017	2.96	5.05	4.59	1.40
19.12.2017	4.15	3.88	4.46	3.15
20.12.2017	2.43	2.32	5.59	2.65
21.12.2017	3.73	3.50	1.54	0.73
22.12.2017	1.15	3.92	1.54	1.99
23.12.2017	0.69	1.66	4.83	2.78
24.12.2017	1.49	4.83	2.33	2.54
25.12.2017	0.38	3.19	1.89	4.12
26.12.2017	-0.27	2.70	2.50	4.10
27.12.2017	0.50	4.56	1.28	3.10
28.12.2017	2.96	5.85	1.92	3.26
29.12.2017	4.29	4.01	1.54	3.41
30.12.2017	2.49	12.40	5.79	0.97
31.12.2017	4.13	6.77	4.09	2.60
01.01.2018	2.83	4.65	5.04	0.40
02.01.2018	4.00	18.62	3.37	0.02
03.01.2018	2.39	3.73	2.40	6.66
04.01.2018	3.11	3.83	7.13	3.60
05.01.2018	2.36	5.01	10.39	6.91
06.01.2018	-0.48	5.85	5.49	5.78
07.01.2018	-0.24	6.00	4.25	3.38
08.01.2018	6.21	9.80	10.12	4.75
09.01.2018	2.13	13.44	13.09	6.68
10.01.2018	3.86	12.43	8.83	6.28
11.01.2018	5.41	6.41	2.83	0.32
12.01.2018	2.94	13.81	6.58	0.08
13.01.2018	4.23	16.87	8.25	2.82
14.01.2018	8.18	16.75	3.73	6.05
15.01.2018	5.20	6.74	8.13	2.23
16.01.2018	3.23	8.52	10.03	4.71
17.01.2018	5.73	22.82	4.89	0.11
18.01.2018	8.25	22.09	5.56	2.10
19.01.2018	10.43	14.35	11.18	9.95
20.01.2018	11.09	8.90	9.95	6.31
21.01.2018	9.84	40.75	7.52	9.87
22.01.2018	13.07	18.84	7.84	1.94
23.01.2018	6.05	15.05	8.55	10.50
24.01.2018	5.73	10.35	9.22	9.11
25.01.2018	6.88	10.47	10.05	8.01
26.01.2018	9.51	43.93	10.98	2.28
27.01.2018	15.02	33.13	10.28	4.18
28.01.2018	12.90	13.33	3.23	1.22
29.01.2018	12.27	15.73	16.32	16.04
30.01.2018	19.10	26.51	9.50	9.47
31.01.2018	9.02	21.05	3.85	11.15
01.02.2018	16.51	20.33	4.74	19.85
02.02.2018	20.98	30.37	2.33	6.23
03.02.2018	29.45	43.21	11.75	9.02
04.02.2018	12.28	26.82	3.49	9.50
05.02.2018	34.61	60.66	4.96	16.69
06.02.2018	15.84	19.60	-99.00	-99.00
07.02.2018	12.14	18.20	30.29	36.67
08.02.2018	21.44	40.55	39.23	38.63
09.02.2018	13.92	25.38	32.90	40.16
10.02.2018	34.60	33.72	35.19	34.91
11.02.2018	14.31	26.51	37.10	45.31
12.02.2018	19.62	37.25	38.92	47.73
13.02.2018	41.45	67.14	41.50	50.02
14.02.2018	18.56	35.94	41.82	47.86
15.02.2018	50.40	22.68	7.41	11.18
16.02.2018	16.83	57.78	24.53	29.88
17.02.2018	50.05	90.48	34.16	35.90
18.02.2018	34.63	66.52	14.23	17.85
19.02.2018	59.47	100.14	19.43	23.07
20.02.2018	55.39	92.86	10.07	7.56
21.02.2018	30.23	63.48	25.95	25.50
22.02.2018	62.07	92.55	10.13	11.31
23.02.2018	60.82	67.78	41.27	37.30
24.02.2018	58.22	69.11	15.09	27.35
25.02.2018	29.97	52.30	19.91	45.38
26.02.2018	33.20	112.58	58.43	60.20
27.02.2018	75.28	113.25	28.81	49.70
28.02.2018	79.00	105.02	38.87	56.69
01.03.2018	81.43	107.25	36.53	29.60
02.03.2018	82.19	81.76	45.02	21.06
03.03.2018	55.09	68.32	52.58	29.74
04.03.2018	59.27	96.83	74.46	43.92
05.03.2018	70.51	68.17	47.59	41.12
06.03.2018	95.39	100.30	41.74	16.36
07.03.2018	59.92	79.69	75.23	46.70
08.03.2018	73.75	92.53	77.63	64.45
09.03.2018	46.23	93.59	84.78	101.22
10.03.2018	105.08	158.05	13.57	33.15
11.03.2018	85.75	87.61	15.61	42.35
12.03.2018	47.86	97.33	33.76	97.72
13.03.2018	117.14	115.45	40.80	145.78
14.03.2018	105.71	121.05	43.22	-99.00
15.03.2018	125.26	153.29	92.62	90.46
16.03.2018	131.60	163.03	120.62	96.53
17.03.2018	132.86	158.38	100.95	65.40
18.03.2018	32.66	148.28	78.30	66.49
19.03.2018	37.68	66.14	62.26	50.94
20.03.2018	45.96	149.11	53.49	52.23
21.03.2018	52.60	95.44	82.79	-99.00
22.03.2018	154.29	174.37	58.22	-99.00
23.03.2018	76.70	127.78	50.35	-99.00
24.03.2018	126.79	137.25	96.85	-99.00
25.03.2018	93.97	152.38	76.50	-99.00
26.03.2018	179.31	155.65	28.37	59.82
27.03.2018	177.00	204.01	103.42	81.61
28.03.2018	181.95	199.94	24.95	66.37
29.03.2018	182.80	204.62	55.42	71.75
30.03.2018	191.21	212.33	35.78	47.95
31.03.2018	188.03	213.28	126.43	111.81
01.04.2018	183.30	215.68	134.85	91.93
02.04.2018	124.18	203.12	141.49	128.91
03.04.2018	129.13	137.05	95.63	68.44
04.04.2018	46.37	190.83	29.12	28.81
05.04.2018	45.98	145.72	81.13	59.58
06.04.2018	142.31	219.10	88.52	91.96
07.04.2018	36.54	163.76	129.55	123.43
08.04.2018	82.42	153.46	34.32	61.14
09.04.2018	109.67	122.49	83.49	73.01
10.04.2018	224.10	119.69	109.60	66.71
11.04.2018	224.48	230.93	199.72	231.25
12.04.2018	234.60	249.65	167.27	188.65
13.04.2018	228.14	239.35	147.13	111.16
14.04.2018	213.20	238.26	157.85	208.20
15.04.2018	197.75	197.11	202.84	226.97
16.04.2018	172.15	157.18	207.38	245.70
17.04.2018	209.70	238.24	204.59	244.82
18.04.2018	92.62	236.00	194.68	226.74
19.04.2018	167.53	242.78	201.80	235.80
20.04.2018	78.94	167.40	116.78	129.86
21.04.2018	118.55	289.29	200.35	138.37
22.04.2018	161.99	208.34	156.65	129.33
23.04.2018	94.97	184.03	153.88	194.87
24.04.2018	145.85	230.97	140.60	183.52
25.04.2018	126.26	235.58	233.36	183.49
26.04.2018	177.51	216.78	240.07	282.27
27.04.2018	140.01	163.20	229.29	275.92
28.04.2018	123.24	224.63	214.19	300.35
29.04.2018	253.06	171.52	245.43	282.71
30.04.2018	288.63	273.22	249.20	290.12
01.05.2018	135.83	130.56	166.61	228.61
02.05.2018	199.32	185.77	176.79	100.45
03.05.2018	146.67	208.93	137.67	138.07
04.05.2018	101.65	240.55	163.30	259.77
05.05.2018	137.46	235.66	205.97	268.61
06.05.2018	97.91	250.12	190.73	136.32
07.05.2018	198.75	269.29	264.53	283.19
08.05.2018	249.26	311.01	156.20	124.78
09.05.2018	303.13	320.93	48.65	85.50
10.05.2018	227.96	301.60	80.20	133.77
11.05.2018	261.46	198.33	231.93	280.07
12.05.2018	299.82	286.45	143.87	191.43
13.05.2018	310.66	260.20	235.33	285.27
14.05.2018	256.11	253.88	147.19	195.66
15.05.2018	290.76	340.66	177.90	278.01
16.05.2018	151.44	184.97	95.60	69.89
17.05.2018	315.56	353.72	273.12	274.32
18.05.2018	311.89	350.59	51.36	68.70
19.05.2018	228.40	342.82	134.00	168.05
20.05.2018	130.29	137.42	229.74	165.13
21.05.2018	322.32	339.18	279.60	292.69
22.05.2018	91.44	325.05	179.15	299.89
23.05.2018	316.71	357.93	208.58	244.11
24.05.2018	319.79	351.42	107.98	191.21
25.05.2018	313.31	367.40	115.25	196.04
26.05.2018	251.46	359.27	177.66	290.38
27.05.2018	308.10	341.92	268.84	316.18
28.05.2018	177.70	162.75	294.68	343.50
29.05.2018	313.41	268.72	293.55	340.57
30.05.2018	315.30	352.89	292.69	340.32
31.05.2018	292.90	350.49	297.86	346.61
01.06.2018	283.88	319.55	295.47	341.91
02.06.2018	299.89	350.80	285.53	328.47
03.06.2018	300.67	335.52	289.48	343.59
04.06.2018	277.53	383.20	130.33	176.42
05.06.2018	343.05	363.37	198.09	171.49
06.06.2018	336.53	361.99	94.29	101.41
07.06.2018	340.64	371.21	299.24	310.44
08.06.2018	266.96	376.42	281.86	246.74
09.06.2018	333.62	319.68	181.03	197.79
10.06.2018	238.09	245.82	30.69	62.08
11.06.2018	237.09	249.04	79.54	75.92
12.06.2018	291.45	324.19	184.51	89.11
13.06.2018	244.43	178.43	67.44	54.18
14.06.2018	120.70	169.64	92.33	99.04
15.06.2018	142.72	282.93	263.33	193.23
16.06.2018	132.39	365.98	23.78	37.43
17.06.2018	165.55	188.34	38.76	33.54
18.06.2018	109.51	221.27	200.52	220.88
19.06.2018	101.06	324.51	114.83	178.37
20.06.2018	233.35	327.96	168.38	214.80
21.06.2018	168.52	172.73	122.11	116.25
22.06.2018	190.99	264.35	308.35	342.07
23.06.2018	123.79	257.75	216.85	147.70
24.06.2018	96.94	189.11	214.35	158.61
25.06.2018	257.09	346.80	252.53	154.28
26.06.2018	296.73	380.05	158.37	162.82
27.06.2018	305.26	357.55	303.41	332.62
28.06.2018	135.32	153.77	298.56	325.60
29.06.2018	360.64	389.88	263.34	278.51
30.06.2018	340.42	380.03	300.74	354.82
01.07.2018	334.08	372.66	301.86	349.37
02.07.2018	334.64	352.36	290.78	327.39
03.07.2018	245.80	370.08	269.78	322.17
04.07.2018	319.50	364.37	176.17	208.58
05.07.2018	288.18	344.65	129.53	149.70
06.07.2018	179.32	167.28	156.24	177.69
07.07.2018	268.24	338.73	158.74	143.59
08.07.2018	158.90	242.26	137.61	198.02
09.07.2018	285.43	92.54	135.56	168.07
10.07.2018	322.93	261.92	193.96	201.57
11.07.2018	171.12	220.70	96.97	77.51
12.07.2018	97.81	220.08	281.37	312.02
13.07.2018	140.37	232.51	205.55	277.83
14.07.2018	234.53	332.53	144.43	155.82
15.07.2018	139.25	232.06	257.25	290.44
16.07.2018	278.85	340.88	153.43	147.48
17.07.2018	139.78	215.99	86.24	91.92
18.07.2018	120.82	160.56	96.28	65.58
19.07.2018	290.87	253.78	250.30	219.01
20.07.2018	180.20	318.46	172.36	218.15
21.07.2018	109.46	275.03	269.57	313.41
22.07.2018	205.80	290.39	266.81	307.16
23.07.2018	206.15	267.42	250.31	288.89
24.07.2018	130.23	244.74	253.65	288.14
25.07.2018	172.53	211.56	242.21	268.04
26.07.2018	291.86	332.35	174.50	235.29
27.07.2018	287.38	328.40	70.77	96.53
28.07.2018	200.92	128.05	113.47	112.04
29.07.2018	215.74	225.59	128.80	177.84
30.07.2018	205.48	119.54	253.15	295.18
31.07.2018	101.72	86.70	149.90	120.18
01.08.2018	222.28	305.77	196.53	246.27
02.08.2018	68.30	107.40	227.58	270.03
03.08.2018	63.60	105.02	212.49	280.57
04.08.2018	107.81	154.02	223.34	247.26
05.08.2018	116.45	224.72	223.40	269.15
06.08.2018	155.88	140.98	178.22	218.80
07.08.2018	163.58	179.76	144.04	239.31
08.08.2018	99.00	135.62	153.32	148.95
09.08.2018	152.50	194.85	141.54	177.74
10.08.2018	38.70	43.84	123.77	112.14
11.08.2018	103.18	240.28	195.03	166.30
12.08.2018	178.34	195.23	101.43	90.56
13.08.2018	259.19	279.05	67.77	128.42
14.08.2018	207.40	228.83	86.34	77.63
15.08.2018	54.90	107.61	92.29	55.10
16.08.2018	69.53	87.74	186.29	151.65
17.08.2018	130.32	192.23	214.48	234.15
18.08.2018	70.96	106.30	88.21	78.07
19.08.2018	85.56	263.15	107.83	99.93
20.08.2018	121.36	160.55	126.92	142.28
21.08.2018	189.19	229.48	190.97	216.50
22.08.2018	74.90	139.97	196.03	232.20
23.08.2018	98.45	164.62	195.98	208.15
24.08.2018	162.93	86.03	66.65	38.63
25.08.2018	94.95	211.50	140.21	74.42
26.08.2018	151.96	203.94	189.86	223.00
27.08.2018	59.19	115.19	186.46	221.17
28.08.2018	128.10	191.61	178.34	214.04
29.08.2018	89.31	133.97	173.71	163.11
30.08.2018	133.13	212.86	169.19	43.09
31.08.2018	202.86	234.56	154.24	140.74
01.09.2018	91.53	141.09	143.55	63.36
02.09.2018	82.12	153.99	147.56	114.52
03.09.2018	14.98	106.18	99.79	109.21
04.09.2018	83.88	158.71	141.33	178.38
05.09.2018	145.97	126.35	64.64	81.66
06.09.2018	81.94	47.55	19.30	22.08
07.09.2018	170.44	140.42	56.67	33.11
08.09.2018	76.03	29.63	55.02	20.89
09.09.2018	128.33	140.40	37.03	59.18
10.09.2018	93.82	140.13	37.24	29.55
11.09.2018	54.50	71.05	32.28	61.17
12.09.2018	28.32	137.35	95.43	54.49
13.09.2018	65.41	155.51	137.64	161.97
14.09.2018	77.19	164.14	117.18	115.94
15.09.2018	70.53	121.29	73.63	77.93
16.09.2018	68.03	111.08	34.95	37.82
17.09.2018	68.09	118.76	124.54	119.87
18.09.2018	74.95	168.45	49.41	53.58
19.09.2018	122.90	137.49	69.80	74.35
20.09.2018	54.35	118.05	31.58	63.36
21.09.2018	29.00	49.96	42.18	30.30
22.09.2018	32.57	99.99	19.83	28.56
23.09.2018	36.97	107.62	52.54	75.68
24.09.2018	68.43	133.71	21.98	31.85
25.09.2018	41.09	91.34	70.03	75.80
26.09.2018	45.01	76.10	58.30	85.59
27.09.2018	27.98	58.83	5.56	55.15
28.09.2018	80.35	150.29	102.43	109.24
29.09.2018	30.18	85.53	45.79	72.41
30.09.2018	34.42	92.41	16.88	101.06
01.10.2018	93.76	133.12	16.76	32.57
02.10.2018	77.42	81.26	49.84	70.39
03.10.2018	25.61	102.68	25.59	24.07
04.10.2018	15.17	59.66	20.69	54.40
05.10.2018	49.11	84.80	31.03	33.98
06.10.2018	51.45	102.83	54.21	57.56
07.10.2018	66.13	109.00	18.12	24.40
08.10.2018	74.60	94.93	23.65	22.37
09.10.2018	11.23	51.32	16.68	11.56
10.10.2018	45.51	90.69	39.93	56.77
11.10.2018	83.85	102.58	46.99	36.03
12.10.2018	52.07	34.63	60.25	46.42
13.10.2018	24.03	35.22	14.12	11.18
14.10.2018	20.28	24.53	11.09	6.36
15.10.2018	51.45	51.49	37.11	20.30
16.10.2018	50.78	91.14	41.63	23.89
17.10.2018	45.19	44.15	60.18	69.04
18.10.2018	41.10	75.04	47.04	51.39
19.10.2018	16.88	38.51	11.40	20.47
20.10.2018	20.71	35.25	20.22	12.78
21.10.2018	5.60	31.65	29.98	15.35
22.10.2018	15.81	35.80	36.08	10.14
23.10.2018	12.25	33.91	29.20	22.10
24.10.2018	20.50	67.15	6.78	5.54
25.10.2018	15.39	42.74	11.90	22.94
26.10.2018	56.68	102.11	23.48	30.93
27.10.2018	48.90	39.31	9.56	14.71
28.10.2018	50.42	74.95	8.03	7.83
29.10.2018	48.76	70.67	10.22	5.01
30.10.2018	45.35	23.30	25.31	28.48
31.10.2018	16.40	24.47	21.37	22.93
01.11.2018	20.95	18.94	38.62	31.80
02.11.2018	9.09	24.55	10.13	25.21
03.11.2018	10.28	31.78	18.98	26.32
04.11.2018	12.26	30.32	28.43	29.83
05.11.2018	17.85	33.27	13.94	10.47
06.11.2018	17.93	31.58	18.43	18.75
07.11.2018	18.03	29.18	20.17	15.92
08.11.2018	14.89	31.35	18.58	24.48
09.11.2018	24.71	40.36	15.97	12.20
10.11.2018	15.56	11.49	15.95	6.17
11.11.2018	9.61	10.09	17.48	11.38
12.11.2018	5.42	22.48	16.50	14.69
13.11.2018	12.93	22.84	14.97	14.19
14.11.2018	8.19	18.28	19.13	20.78
15.11.2018	8.30	25.15	5.26	4.87
16.11.2018	7.15	20.39	7.20	6.15
17.11.2018	11.87	25.97	10.51	5.27
18.11.2018	7.74	25.79	7.66	4.49
19.11.2018	6.24	26.12	5.68	3.81
20.11.2018	7.45	24.03	7.92	5.76
21.11.2018	6.35	24.88	14.37	10.63
22.11.2018	6.00	24.46	10.15	2.44
23.11.2018	5.71	23.96	10.35	3.82
24.11.2018	6.01	22.87	3.00	1.21
25.11.2018	5.31	20.22	9.86	6.69
26.11.2018	9.28	21.22	9.11	8.06
27.11.2018	4.11	18.96	8.71	6.90
28.11.2018	5.97	15.79	7.73	5.99
29.11.2018	4.78	11.05	7.43	3.28
30.11.2018	6.13	4.30	3.07	5.21
01.12.2018	6.54	8.47	2.89	8.17
02.12.2018	3.60	6.48	4.03	2.91
03.12.2018	2.51	6.43	2.35	6.54
04.12.2018	1.55	6.40	1.23	3.54
05.12.2018	0.39	8.03	7.50	1.50
06.12.2018	7.25	8.07	7.30	2.99
07.12.2018	3.99	6.18	7.82	5.17
08.12.2018	3.06	5.48	5.78	4.35
09.12.2018	2.20	7.53	6.26	5.34
10.12.2018	1.49	3.04	5.01	4.99
11.12.2018	3.22	12.14	5.15	2.80
12.12.2018	2.53	18.76	3.46	1.45
13.12.2018	3.29	13.66	4.70	1.99
14.12.2018	3.08	11.44	3.68	0.55
15.12.2018	2.34	10.80	3.64	0.95
16.12.2018	2.70	8.08	6.09	2.06
17.12.2018	3.43	5.34	5.38	2.09
18.12.2018	3.53	7.77	2.93	5.72
19.12.2018	3.30	7.43	4.59	1.40
20.12.2018	3.29	4.29	4.46	3.15
21.12.2018	4.46	3.86	5.59	2.65
22.12.2018	2.38	4.09	1.54	0.73
23.12.2018	3.21	8.37	1.54	1.99
24.12.2018	2.08	5.54	4.83	2.78
25.12.2018	4.16	7.10	2.33	2.54
26.12.2018	3.10	5.61	1.89	4.12
27.12.2018	2.98	6.11	2.50	4.10
28.12.2018	5.22	9.17	1.28	3.10
29.12.2018	2.45	4.49	1.92	3.26
30.12.2018	5.49	7.64	1.54	3.41
31.12.2018	0.67	4.40	5.79	0.97
01.01.2019	0.88	4.68	4.09	2.60
02.01.2019	1.99	9.20	5.04	0.40
03.01.2019	4.98	8.85	3.37	0.02
04.01.2019	4.44	8.82	2.40	6.66
05.01.2019	3.28	12.73	7.13	3.60
06.01.2019	2.69	5.59	10.39	6.91
07.01.2019	3.30	5.91	5.49	5.78
08.01.2019	3.57	3.76	4.25	3.38
09.01.2019	6.68	13.33	10.12	4.75
10.01.2019	2.28	8.01	13.09	6.68
11.01.2019	4.06	9.79	8.83	6.28
12.01.2019	6.52	11.64	2.83	0.32
13.01.2019	2.69	9.89	6.58	0.08
14.01.2019	1.08	5.46	8.25	2.82
15.01.2019	0.73	8.37	3.73	6.05
16.01.2019	0.74	7.95	8.13	2.23
17.01.2019	0.42	14.19	10.03	4.71
18.01.2019	1.48	18.70	4.89	0.11
19.01.2019	1.17	16.70	5.56	2.10
20.01.2019	2.18	23.40	11.18	9.95
21.01.2019	6.71	36.06	9.95	6.31
22.01.2019	9.77	18.33	7.52	9.87
23.01.2019	13.50	24.33	7.84	1.94
24.01.2019	16.16	20.98	8.55	10.50
25.01.2019	11.67	41.93	9.22	9.11
26.01.2019	9.54	13.38	10.05	8.01
27.01.2019	17.82	14.70	10.98	2.28
28.01.2019	21.22	47.74	10.28	4.18
29.01.2019	17.53	35.80	3.23	1.22
30.01.2019	17.32	20.54	16.32	16.04
31.01.2019	13.10	18.83	9.50	9.47
01.02.2019	18.99	24.79	3.85	11.15
02.02.2019	27.36	40.25	4.74	19.85
03.02.2019	10.68	44.24	2.33	6.23
04.02.2019	30.62	24.39	11.75	9.02
05.02.2019	35.18	54.84	3.49	9.50
06.02.2019	12.18	28.93	4.96	16.69
07.02.2019	17.72	29.09	30.29	36.67
08.02.2019	34.12	42.98	39.23	38.63
09.02.2019	32.31	33.53	32.90	40.16
10.02.2019	17.59	32.79	35.19	34.91
11.02.2019	1.37	29.60	37.10	45.31
12.02.2019	1.98	34.99	38.92	47.73
13.02.2019	27.25	51.74	41.50	50.02
14.02.2019	17.74	38.90	41.82	47.86
15.02.2019	54.88	55.43	7.41	11.18
16.02.2019	12.18	27.86	24.53	29.88
17.02.2019	23.38	43.73	34.16	35.90
18.02.2019	41.68	32.14	14.23	17.85
19.02.2019	19.18	41.55	19.43	23.07
20.02.2019	55.57	77.09	10.07	7.56
21.02.2019	20.39	46.67	25.95	25.50
22.02.2019	51.97	57.10	10.13	11.31
23.02.2019	39.56	47.80	41.27	37.30
24.02.2019	62.34	91.42	15.09	27.35
25.02.2019	21.00	79.12	19.91	45.38
26.02.2019	23.43	48.84	58.43	60.20
27.02.2019	17.28	59.91	28.81	49.70
28.02.2019	36.65	108.55	38.87	56.69
01.03.2019	47.91	91.64	36.53	29.60
02.03.2019	26.79	70.61	45.02	21.06
03.03.2019	69.98	83.31	52.58	29.74
04.03.2019	86.01	96.01	74.46	43.92
05.03.2019	66.92	47.36	47.59	41.12
06.03.2019	79.75	56.13	41.74	16.36
07.03.2019	37.70	63.22	75.23	46.70
08.03.2019	36.03	59.00	77.63	64.45
09.03.2019	91.93	123.08	84.78	101.22
10.03.2019	28.58	119.16	13.57	33.15
11.03.2019	88.93	145.38	15.61	42.35
12.03.2019	41.12	62.78	33.76	97.72
13.03.2019	50.84	87.87	40.80	145.78
14.03.2019	79.36	136.73	43.22	-99.00
15.03.2019	99.96	128.43	92.62	90.46
16.03.2019	114.98	154.91	120.62	96.53
17.03.2019	57.80	86.63	100.95	65.40
18.03.2019	59.69	66.96	78.30	66.49
19.03.2019	111.78	117.95	62.26	50.94
20.03.2019	63.06	106.01	53.49	52.23
21.03.2019	38.84	111.27	82.79	-99.00
22.03.2019	56.30	110.80	58.22	-99.00
23.03.2019	33.28	81.33	50.35	-99.00
24.03.2019	70.11	167.20	96.85	-99.00
25.03.2019	108.69	187.16	76.50	-99.00
26.03.2019	50.40	110.05	28.37	59.82
27.03.2019	119.15	188.15	103.42	81.61
28.03.2019	117.98	188.26	24.95	66.37
29.03.2019	15.42	127.86	55.42	71.75
30.03.2019	67.93	120.87	35.78	47.95
31.03.2019	50.59	197.06	126.43	111.81
01.04.2019	99.25	162.84	134.85	91.93
02.04.2019	99.85	153.28	141.49	128.91
03.04.2019	175.35	177.56	95.63	68.44
04.04.2019	166.25	201.55	29.12	28.81
05.04.2019	187.78	213.17	81.13	59.58
06.04.2019	96.42	211.58	88.52	91.96
07.04.2019	187.79	194.77	129.55	123.43
08.04.2019	221.62	246.99	34.32	61.14
09.04.2019	146.63	173.97	83.49	73.01
10.04.2019	231.98	245.35	109.60	66.71
11.04.2019	230.00	248.04	199.72	231.25
12.04.2019	233.33	249.92	167.27	188.65
13.04.2019	239.21	253.83	147.13	111.16
14.04.2019	244.04	260.82	157.85	208.20
15.04.2019	246.30	261.50	202.84	226.97
16.04.2019	249.37	264.33	207.38	245.70
17.04.2019	244.95	270.16	204.59	244.82
18.04.2019	203.28	235.68	194.68	226.74
19.04.2019	217.42	249.82	201.80	235.80
20.04.2019	156.52	206.53	116.78	129.86
21.04.2019	36.73	123.18	200.35	138.37
22.04.2019	227.87	259.45	156.65	129.33
23.04.2019	261.05	291.48	153.88	194.87
24.04.2019	255.92	276.70	140.60	183.52
25.04.2019	195.39	60.74	233.36	183.49
26.04.2019	245.74	235.67	240.07	282.27
27.04.2019	201.81	40.24	229.29	275.92
28.04.2019	170.94	136.68	214.19	300.35
29.04.2019	232.27	271.18	245.43	282.71
30.04.2019	167.68	170.71	249.20	290.12
01.05.2019	39.71	102.13	166.61	228.61
02.05.2019	102.23	133.51	176.79	100.45
03.05.2019	142.89	205.49	137.67	138.07
04.05.2019	104.72	179.65	163.30	259.77
05.05.2019	104.91	192.60	205.97	268.61
06.05.2019	238.00	235.67	190.73	136.32
07.05.2019	197.10	223.47	264.53	283.19
08.05.2019	287.47	341.23	156.20	124.78
09.05.2019	134.29	146.70	48.65	85.50
10.05.2019	83.40	192.23	80.20	133.77
11.05.2019	154.41	186.98	231.93	280.07
12.05.2019	181.38	248.82	143.87	191.43
13.05.2019	208.93	316.86	235.33	285.27
14.05.2019	131.30	306.79	147.19	195.66
15.05.2019	280.16	350.08	177.90	278.01
16.05.2019	304.52	334.10	95.60	69.89
17.05.2019	311.18	348.23	273.12	274.32
18.05.2019	172.42	196.06	51.36	68.70
19.05.2019	226.05	199.51	134.00	168.05
20.05.2019	296.93	289.21	229.74	165.13
21.05.2019	257.89	253.63	279.60	292.69
22.05.2019	124.87	115.38	179.15	299.89
23.05.2019	211.55	314.00	208.58	244.11
24.05.2019	139.34	126.67	107.98	191.21
25.05.2019	113.87	284.24	115.25	196.04
26.05.2019	266.71	293.70	177.66	290.38
27.05.2019	246.90	294.77	268.84	316.18
28.05.2019	170.05	282.71	294.68	343.50
29.05.2019	253.70	337.12	293.55	340.57
30.05.2019	115.73	233.30	292.69	340.32
31.05.2019	118.99	384.52	297.86	346.61
01.06.2019	164.10	202.71	295.47	341.91
02.06.2019	100.63	194.08	285.53	328.47
03.06.2019	129.10	240.04	289.48	343.59
04.06.2019	146.39	209.13	130.33	176.42
05.06.2019	117.20	129.66	198.09	171.49
06.06.2019	267.84	221.73	94.29	101.41
07.06.2019	95.36	147.02	299.24	310.44
08.06.2019	255.51	255.77	281.86	246.74
09.06.2019	153.96	248.72	181.03	197.79
10.06.2019	216.86	267.34	30.69	62.08
11.06.2019	343.03	278.72	79.54	75.92
12.06.2019	139.67	103.87	184.51	89.11
13.06.2019	245.19	166.05	67.44	54.18
14.06.2019	310.78	351.41	92.33	99.04
15.06.2019	334.03	349.60	263.33	193.23
16.06.2019	75.34	141.78	23.78	37.43
17.06.2019	246.35	294.76	38.76	33.54
18.06.2019	88.98	303.61	200.52	220.88
19.06.2019	164.14	259.26	114.83	178.37
20.06.2019	125.59	177.61	168.38	214.80
21.06.2019	190.42	299.75	122.11	116.25
22.06.2019	198.63	276.10	308.35	342.07
23.06.2019	162.57	222.15	216.85	147.70
24.06.2019	262.55	264.01	214.35	158.61
25.06.2019	134.82	87.46	252.53	154.28
26.06.2019	261.74	275.82	158.37	162.82
27.06.2019	173.90	309.51	303.41	332.62
28.06.2019	128.25	315.27	298.56	325.60
29.06.2019	99.00	340.33	263.34	278.51
30.06.2019	63.83	140.37	300.74	354.82
01.07.2019	72.92	141.78	301.86	349.37
02.07.2019	100.05	279.25	290.78	327.39
03.07.2019	84.17	256.77	269.78	322.17
04.07.2019	137.81	170.94	176.17	208.58
05.07.2019	164.00	310.54	129.53	149.70
06.07.2019	170.70	185.59	156.24	177.69
07.07.2019	200.36	255.48	158.74	143.59
08.07.2019	150.29	123.64	137.61	198.02
09.07.2019	317.11	155.35	135.56	168.07
10.07.2019	218.32	198.94	193.96	201.57
11.07.2019	256.02	181.87	96.97	77.51
12.07.2019	302.38	281.05	281.37	312.02
13.07.2019	193.96	356.48	205.55	277.83
14.07.2019	233.87	336.36	144.43	155.82
15.07.2019	89.26	204.45	257.25	290.44
16.07.2019	304.35	352.62	153.43	147.48
17.07.2019	231.37	191.25	86.24	91.92
18.07.2019	246.35	214.85	96.28	65.58
19.07.2019	136.06	169.48	250.30	219.01
20.07.2019	177.01	182.55	172.36	218.15
21.07.2019	86.78	82.95	269.57	313.41
22.07.2019	235.82	230.73	266.81	307.16
23.07.2019	127.95	235.98	250.31	288.89
24.07.2019	287.56	326.56	253.65	288.14
25.07.2019	259.83	293.05	242.21	268.04
26.07.2019	283.50	330.09	174.50	235.29
27.07.2019	272.53	274.83	70.77	96.53
28.07.2019	279.53	317.15	113.47	112.04
29.07.2019	234.86	236.08	128.80	177.84
30.07.2019	224.08	135.09	253.15	295.18
31.07.2019	171.64	117.02	149.90	120.18
01.08.2019	248.85	226.55	196.53	246.27
02.08.2019	276.89	297.77	227.58	270.03
03.08.2019	141.78	314.88	212.49	280.57
04.08.2019	231.14	313.06	223.34	247.26
05.08.2019	187.06	197.10	223.40	269.15
06.08.2019	186.94	119.77	178.22	218.80
07.08.2019	141.28	189.63	144.04	239.31
08.08.2019	134.43	111.17	153.32	148.95
09.08.2019	241.28	167.33	141.54	177.74
10.08.2019	85.44	77.65	123.77	112.14
11.08.2019	124.71	147.70	195.03	166.30
12.08.2019	71.46	97.26	101.43	90.56
13.08.2019	66.14	85.13	67.77	128.42
14.08.2019	157.21	165.64	86.34	77.63
15.08.2019	243.50	264.88	92.29	55.10
16.08.2019	147.86	172.30	186.29	151.65
17.08.2019	99.09	70.95	214.48	234.15
18.08.2019	161.80	230.66	88.21	78.07
19.08.2019	105.23	169.46	107.83	99.93
20.08.2019	81.05	170.83	126.92	142.28
21.08.2019	182.78	163.54	190.97	216.50
22.08.2019	104.89	102.53	196.03	232.20
23.08.2019	53.98	154.59	195.98	208.15
24.08.2019	63.70	118.02	66.65	38.63
25.08.2019	72.92	191.24	140.21	74.42
26.08.2019	214.90	239.76	189.86	223.00
27.08.2019	211.22	229.32	186.46	221.17
28.08.2019	154.25	130.01	178.34	214.04
29.08.2019	63.74	110.30	173.71	163.11
30.08.2019	50.88	122.23	169.19	43.09
31.08.2019	95.23	137.94	154.24	140.74
01.09.2019	133.64	195.05	143.55	63.36
02.09.2019	199.84	171.70	147.56	114.52
03.09.2019	134.99	211.30	99.79	109.21
04.09.2019	52.14	82.67	141.33	178.38
05.09.2019	50.36	95.00	64.64	81.66
06.09.2019	56.86	154.35	19.30	22.08
07.09.2019	183.08	97.90	56.67	33.11
08.09.2019	187.60	219.05	55.02	20.89
09.09.2019	140.63	163.24	37.03	59.18
10.09.2019	87.49	106.77	37.24	29.55
11.09.2019	46.87	81.01	32.28	61.17
12.09.2019	66.57	139.66	95.43	54.49
13.09.2019	49.80	136.83	137.64	161.97
14.09.2019	55.33	112.63	117.18	115.94
15.09.2019	20.03	104.49	73.63	77.93
16.09.2019	63.63	134.71	34.95	37.82
17.09.2019	51.16	138.31	124.54	119.87
18.09.2019	30.54	130.61	49.41	53.58
19.09.2019	58.30	90.42	69.80	74.35
20.09.2019	63.82	171.16	31.58	63.36
21.09.2019	135.46	169.48	42.18	30.30
22.09.2019	134.21	155.23	19.83	28.56
23.09.2019	126.36	157.69	52.54	75.68
24.09.2019	124.61	157.98	21.98	31.85
25.09.2019	120.41	157.10	70.03	75.80
26.09.2019	117.16	153.98	58.30	85.59
27.09.2019	52.98	40.23	5.56	55.15
28.09.2019	103.70	77.80	102.43	109.24
29.09.2019	44.41	74.42	45.79	72.41
30.09.2019	31.95	99.40	16.88	101.06
01.10.2019	36.72	69.84	16.76	32.57
02.10.2019	95.65	85.05	49.84	70.39
03.10.2019	102.10	68.08	25.59	24.07
04.10.2019	97.72	46.56	20.69	54.40
05.10.2019	93.31	84.90	31.03	33.98
06.10.2019	91.27	95.47	54.21	57.56
07.10.2019	79.66	105.90	18.12	24.40
08.10.2019	40.77	69.78	23.65	22.37
09.10.2019	50.62	64.93	16.68	11.56
10.10.2019	64.65	56.14	39.93	56.77
11.10.2019	56.42	95.75	46.99	36.03
12.10.2019	54.93	57.39	60.25	46.42
13.10.2019	72.67	102.41	14.12	11.18
14.10.2019	67.45	85.19	11.09	6.36
15.10.2019	47.95	38.65	37.11	20.30
16.10.2019	21.28	24.90	41.63	23.89
17.10.2019	51.46	44.67	60.18	69.04
18.10.2019	61.94	54.68	47.04	51.39
19.10.2019	57.55	34.53	11.40	20.47
20.10.2019	58.42	79.02	20.22	12.78
21.10.2019	23.89	45.53	29.98	15.35
22.10.2019	14.88	47.30	36.08	10.14
23.10.2019	19.95	27.30	29.20	22.10
24.10.2019	38.42	46.04	6.78	5.54
25.10.2019	26.42	43.99	11.90	22.94
26.10.2019	44.56	52.04	23.48	30.93
27.10.2019	14.28	38.68	9.56	14.71
28.10.2019	18.01	35.36	8.03	7.83
29.10.2019	18.86	58.87	10.22	5.01
30.10.2019	11.49	39.08	25.31	28.48
31.10.2019	18.57	42.58	21.37	22.93
01.11.2019	21.60	26.91	38.62	31.80
02.11.2019	40.40	52.73	10.13	25.21
03.11.2019	39.63	50.63	18.98	26.32
04.11.2019	38.31	48.49	28.43	29.83
05.11.2019	36.77	61.38	13.94	10.47
06.11.2019	23.41	36.43	18.43	18.75
07.11.2019	19.37	35.40	20.17	15.92
08.11.2019	27.59	36.18	18.58	24.48
09.11.2019	25.88	23.22	15.97	12.20
10.11.2019	23.93	22.43	15.95	6.17
11.11.2019	22.79	42.24	17.48	11.38
12.11.2019	12.87	15.93	16.50	14.69
13.11.2019	11.69	17.90	14.97	14.19
14.11.2019	16.62	48.15	19.13	20.78
15.11.2019	11.75	30.66	5.26	4.87
16.11.2019	12.67	12.88	7.20	6.15
17.11.2019	9.78	12.60	10.51	5.27
18.11.2019	4.78	10.75	7.66	4.49
19.11.2019	7.45	8.31	5.68	3.81
20.11.2019	11.86	25.94	7.92	5.76
21.11.2019	9.20	14.93	14.37	10.63
22.11.2019	7.76	9.32	10.15	2.44
23.11.2019	11.67	10.88	10.35	3.82
24.11.2019	8.26	11.12	3.00	1.21
25.11.2019	5.24	11.94	9.86	6.69
26.11.2019	8.61	9.87	9.11	8.06
27.11.2019	8.62	6.45	8.71	6.90
28.11.2019	7.45	4.60	7.73	5.99
29.11.2019	3.59	9.59	7.43	3.28
30.11.2019	1.60	14.36	3.07	5.21
01.12.2019	0.48	10.66	2.89	8.17
02.12.2019	0.87	15.08	4.03	2.91
03.12.2019	3.38	10.22	2.35	6.54
04.12.2019	4.10	7.75	1.23	3.54
05.12.2019	1.35	4.65	7.50	1.50
06.12.2019	3.50	7.45	7.30	2.99
07.12.2019	3.61	9.79	7.82	5.17
08.12.2019	3.21	6.51	5.78	4.35
09.12.2019	2.74	5.71	6.26	5.34
10.12.2019	1.05	6.43	5.01	4.99
11.12.2019	3.31	5.13	5.15	2.80
12.12.2019	5.21	4.38	3.46	1.45
13.12.2019	3.00	6.92	4.70	1.99
14.12.2019	4.68	4.92	3.68	0.55
15.12.2019	5.77	4.40	3.64	0.95
16.12.2019	3.87	3.85	6.09	2.06
17.12.2019	2.28	6.90	5.38	2.09
18.12.2019	4.00	4.92	2.93	5.72
19.12.2019	2.22	5.18	4.59	1.40
20.12.2019	3.53	4.48	4.46	3.15
21.12.2019	5.72	4.58	5.59	2.65
22.12.2019	3.31	14.53	1.54	0.73
23.12.2019	4.45	8.34	1.54	1.99
24.12.2019	6.81	8.70	4.83	2.78
25.12.2019	3.52	5.22	2.33	2.54
26.12.2019	3.00	9.42	1.89	4.12
27.12.2019	3.77	11.29	2.50	4.10
28.12.2019	2.21	4.86	1.28	3.10
29.12.2019	0.81	4.99	1.92	3.26
30.12.2019	3.60	3.64	1.54	3.41
31.12.2019	3.87	7.73	5.79	0.97
01.01.2020	2.36	8.03	4.09	2.60
02.01.2020	4.49	7.53	5.04	0.40
03.01.2020	1.54	5.41	3.37	0.02
04.01.2020	3.12	4.52	2.40	6.66
05.01.2020	1.41	5.62	7.13	3.60
06.01.2020	6.07	11.42	10.39	6.91
07.01.2020	3.58	9.96	5.49	5.78
08.01.2020	3.26	5.94	4.25	3.38
09.01.2020	5.05	9.03	10.12	4.75
10.01.2020	6.17	16.31	13.09	6.68
11.01.2020	1.85	4.39	8.83	6.28
12.01.2020	3.75	6.68	2.83	0.32
13.01.2020	8.45	14.89	6.58	0.08
14.01.2020	4.91	6.85	8.25	2.82
15.01.2020	8.17	6.94	3.73	6.05
16.01.2020	5.70	6.35	8.13	2.23
17.01.2020	9.60	9.52	10.03	4.71
18.01.2020	7.49	11.92	4.89	0.11
19.01.2020	8.73	11.91	5.56	2.10
20.01.2020	5.63	7.52	11.18	9.95
21.01.2020	3.23	12.57	9.95	6.31
22.01.2020	8.65	30.70	7.52	9.87
23.01.2020	4.25	18.44	7.84	1.94
24.01.2020	7.23	13.11	8.55	10.50
25.01.2020	6.62	14.46	9.22	9.11
26.01.2020	16.01	15.53	10.05	8.01
27.01.2020	12.80	15.47	10.98	2.28
28.01.2020	17.42	26.43	10.28	4.18
29.01.2020	13.69	17.31	3.23	1.22
30.01.2020	17.66	34.58	16.32	16.04
31.01.2020	15.81	21.02	9.50	9.47
01.02.2020	4.77	29.23	3.85	11.15
02.02.2020	7.13	32.16	4.74	19.85
03.02.2020	21.06	33.30	2.33	6.23
04.02.2020	9.33	34.86	11.75	9.02
05.02.2020	3.49	28.48	3.49	9.50
06.02.2020	19.14	46.65	4.96	16.69
07.02.2020	31.25	43.45	31.57	37.00
08.02.2020	27.72	27.83	38.33	38.89
09.02.2020	6.86	13.23	33.22	39.29
10.02.2020	25.66	28.81	35.46	36.64
11.02.2020	21.72	39.79	37.36	45.72
12.02.2020	4.87	49.00	39.29	48.12
13.02.2020	10.73	68.71	41.55	49.66
14.02.2020	27.93	44.93	36.90	41.75
15.02.2020	48.29	59.62	9.86	14.30
16.02.2020	22.31	23.94	25.91	30.88
17.02.2020	22.48	27.45	31.31	32.89
18.02.2020	20.08	36.23	14.97	18.72
19.02.2020	45.51	95.76	18.09	20.49
20.02.2020	17.44	33.88	12.34	10.55
21.02.2020	20.33	48.75	23.69	23.14
22.02.2020	19.20	37.63	14.58	15.64
23.02.2020	26.81	84.51	37.53	35.64
24.02.2020	12.30	86.57	15.78	30.36
25.02.2020	61.90	100.39	25.41	47.85
26.02.2020	77.23	97.77	54.20	58.45
27.02.2020	58.70	88.43	30.25	50.86
28.02.2020	33.62	62.27	38.54	52.18
29.02.2020	17.06	70.20	38.96	26.75
01.03.2020	47.33	67.70	47.18	23.95
02.03.2020	55.29	66.73	58.83	34.47
03.03.2020	87.74	64.72	66.78	42.98
04.03.2020	64.20	52.35	45.92	32.87
05.03.2020	73.63	107.72	51.31	26.47
06.03.2020	53.53	129.57	75.92	52.61
07.03.2020	88.19	130.52	79.67	76.70
08.03.2020	48.00	70.58	64.44	78.53
09.03.2020	86.28	116.53	14.15	36.21
10.03.2020	43.05	84.07	20.80	60.81
11.03.2020	89.44	104.78	35.77	113.74
12.03.2020	51.53	110.62	41.49	64.19
13.03.2020	12.53	103.13	57.33	-35.85
14.03.2020	97.69	152.24	100.62	92.49
15.03.2020	45.70	63.26	115.00	86.15
16.03.2020	118.98	160.34	94.47	65.76
17.03.2020	42.76	81.38	73.71	61.31
18.03.2020	53.51	105.38	59.76	51.37
19.03.2020	73.66	165.03	61.86	52.23
20.03.2020	97.86	159.50	75.77	53.00
21.03.2020	152.32	176.55	55.97	54.00
22.03.2020	45.68	122.88	63.64	55.00
23.03.2020	132.00	156.90	91.03	56.00
24.03.2020	35.09	150.60	62.74	57.50
25.03.2020	17.12	122.84	49.81	67.08
26.03.2020	103.30	201.16	81.00	76.53
27.03.2020	79.26	143.50	33.66	68.16
28.03.2020	6.82	97.53	49.81	63.82
29.03.2020	2.83	158.62	61.68	69.24
30.03.2020	117.93	141.68	128.84	105.18
31.03.2020	50.00	174.02	136.75	104.26
01.04.2020	64.30	132.95	128.39	108.76
02.04.2020	9.74	135.02	76.63	55.23
03.04.2020	12.78	195.51	43.98	39.07
04.04.2020	105.67	211.43	83.24	70.37
05.04.2020	84.64	145.72	100.24	102.45
06.04.2020	175.57	235.38	102.34	102.67
07.04.2020	191.07	240.27	48.37	65.10
08.04.2020	52.09	162.18	90.95	70.91
09.04.2020	80.55	221.83	135.35	121.55
10.04.2020	104.80	228.88	190.45	217.05
11.04.2020	78.17	152.00	161.51	162.82
12.04.2020	40.62	158.53	150.19	143.51
13.04.2020	7.84	111.72	170.71	214.45
14.04.2020	44.45	152.15	204.14	233.21
15.04.2020	36.82	150.75	206.58	245.41
16.04.2020	105.06	229.22	201.76	238.80
17.04.2020	140.50	227.54	196.72	229.76
18.04.2020	243.58	258.03	177.51	200.49
19.04.2020	253.63	277.59	140.66	132.70
20.04.2020	259.47	285.58	187.86	135.36
21.04.2020	264.50	290.48	155.86	151.17
22.04.2020	266.52	292.97	150.09	191.09
23.04.2020	267.15	291.25	167.10	183.51
24.04.2020	177.12	177.96	235.28	216.42
25.04.2020	177.66	297.48	236.99	280.15
26.04.2020	126.96	215.01	224.98	284.06
27.04.2020	231.70	129.99	223.12	294.47
28.04.2020	237.53	111.46	246.51	285.18
29.04.2020	140.78	178.17	225.60	269.61
30.04.2020	270.95	260.80	169.52	185.89
01.05.2020	111.71	179.01	165.61	112.99
02.05.2020	110.30	188.12	144.99	178.64
03.05.2020	161.14	246.24	175.49	262.72
04.05.2020	171.48	302.65	201.61	224.51
05.05.2020	164.32	237.82	211.81	185.28
06.05.2020	128.09	299.63	233.57	230.39
07.05.2020	140.08	265.78	125.47	111.69
08.05.2020	156.10	282.61	57.67	101.59
09.05.2020	145.30	297.06	123.55	182.53
10.05.2020	168.88	246.13	206.77	250.52
11.05.2020	87.12	312.55	170.00	198.80
12.05.2020	155.58	263.93	210.15	62.76
13.05.2020	220.93	324.60	155.96	206.67
14.05.2020	158.73	339.34	154.38	176.28
15.05.2020	154.16	299.50	146.32	173.24
16.05.2020	83.70	275.90	209.76	114.68
17.05.2020	102.97	298.15	74.97	113.67
18.05.2020	287.79	324.96	161.36	322.27
19.05.2020	189.53	385.10	243.99	235.84
20.05.2020	321.20	359.19	250.90	296.65
21.05.2020	180.18	227.85	187.56	172.67
22.05.2020	204.96	74.00	179.84	128.82
23.05.2020	217.25	312.28	110.06	250.04
24.05.2020	205.22	229.02	133.08	195.60
25.05.2020	324.72	365.53	203.71	281.26
26.05.2020	91.46	167.67	276.23	47.78
27.05.2020	117.80	296.30	294.36	193.83
28.05.2020	180.05	289.42	293.30	190.48
29.05.2020	333.35	365.98	294.17	308.18
30.05.2020	332.22	370.29	297.18	307.79
31.05.2020	344.25	371.68	292.63	309.18
01.06.2020	306.05	334.51	286.66	261.37
02.06.2020	273.37	337.99	244.01	288.98
03.06.2020	160.60	225.70	149.69	190.58
04.06.2020	138.11	95.18	168.43	104.64
05.06.2020	200.98	45.89	152.85	121.29
06.06.2020	198.83	162.55	294.28	157.53
07.06.2020	103.61	237.09	253.05	130.33
08.06.2020	236.18	255.34	138.08	192.25
09.06.2020	301.75	320.75	44.64	267.94
10.06.2020	340.56	305.35	109.53	339.01
11.06.2020	346.93	377.81	151.06	312.37
12.06.2020	336.16	357.62	74.55	306.79
13.06.2020	310.96	316.43	141.18	272.98
14.06.2020	291.44	353.40	194.88	218.25
15.06.2020	244.30	352.76	28.06	287.28
16.06.2020	331.27	258.32	84.98	299.86
17.06.2020	334.33	280.20	176.04	275.78
18.06.2020	333.54	339.06	130.13	305.22
19.06.2020	324.25	384.80	155.16	307.35
20.06.2020	292.11	344.25	175.32	171.25
21.06.2020	114.19	85.98	282.21	51.21
22.06.2020	157.24	159.10	216.13	130.02
23.06.2020	133.30	266.63	225.26	108.82
24.06.2020	305.77	368.15	225.63	299.61
25.06.2020	285.84	356.68	199.81	290.35
26.06.2020	330.13	376.25	302.03	297.68
27.06.2020	330.60	289.55	288.50	293.70
28.06.2020	118.95	75.18	274.02	77.67
29.06.2020	237.27	252.38	301.06	238.32
30.06.2020	144.72	128.82	298.70	143.34
01.07.2020	338.52	349.13	284.78	298.10
02.07.2020	199.08	226.71	243.03	157.73
03.07.2020	210.37	242.77	162.84	190.91
04.07.2020	346.28	360.40	137.16	305.65
05.07.2020	93.63	82.85	156.95	68.30
06.07.2020	83.23	61.43	152.70	93.67
07.07.2020	186.46	155.85	137.02	214.43
08.07.2020	164.75	233.10	152.25	116.04
09.07.2020	145.57	368.78	166.25	149.58
10.07.2020	260.21	300.70	149.65	182.44
11.07.2020	79.07	222.45	259.71	97.07
12.07.2020	104.72	240.01	188.09	144.10
13.07.2020	124.93	130.18	176.66	92.16
14.07.2020	187.78	154.41	227.59	150.82
15.07.2020	184.04	223.52	134.24	185.75
16.07.2020	216.84	282.17	89.11	183.97
17.07.2020	61.13	182.97	140.28	50.17
18.07.2020	142.76	179.23	228.03	145.68
19.07.2020	212.08	182.00	200.13	128.28
20.07.2020	184.22	261.86	268.78	144.96
21.07.2020	165.55	220.46	262.10	155.51
22.07.2020	133.09	257.64	251.27	150.60
23.07.2020	285.87	333.16	250.38	293.32
24.07.2020	331.30	348.55	222.86	292.22
25.07.2020	310.00	340.10	144.86	287.05
26.07.2020	136.15	85.53	82.97	103.00
27.07.2020	146.85	222.61	117.85	129.53
28.07.2020	126.24	73.98	164.33	99.10
29.07.2020	115.68	182.06	223.65	98.48
30.07.2020	187.82	163.18	163.22	271.74
31.07.2020	274.26	299.69	205.40	229.78
01.08.2020	281.40	300.37	223.26	228.98
02.08.2020	76.65	150.88	215.59	70.28
03.08.2020	77.20	148.37	223.36	87.15
04.08.2020	78.49	143.50	210.49	97.50
05.08.2020	42.64	169.91	168.45	37.23
06.08.2020	75.76	184.70	146.69	93.90
07.08.2020	212.81	270.90	149.95	71.63
08.08.2020	94.69	208.43	136.46	112.16
09.08.2020	270.84	302.16	-99.00	257.18
10.08.2020	264.74	304.56	280.62	236.74
11.08.2020	176.63	185.46	207.47	200.17
12.08.2020	182.90	258.75	175.39	191.75
13.08.2020	47.50	92.28	63.92	57.48
14.08.2020	249.53	287.07	152.82	235.07
15.08.2020	115.41	274.65	211.22	173.63
16.08.2020	196.70	197.25	212.14	181.90
17.08.2020	244.08	223.59	202.76	195.80
18.08.2020	182.28	187.53	152.16	110.35
19.08.2020	143.52	165.62	86.05	90.29
20.08.2020	198.73	187.63	162.17	183.52
21.08.2020	107.27	121.05	65.33	90.60
22.08.2020	80.56	125.27	35.05	62.97
23.08.2020	64.52	95.95	70.41	62.15
24.08.2020	85.28	185.04	113.10	89.22
25.08.2020	91.73	195.08	111.32	108.05
26.08.2020	238.85	222.40	189.32	211.27
27.08.2020	129.20	111.41	133.13	167.78
28.08.2020	167.72	206.67	120.54	153.01
29.08.2020	128.18	97.90	126.89	98.90
30.08.2020	177.74	166.42	170.01	160.23
31.08.2020	206.99	224.82	175.58	193.01
01.09.2020	202.82	219.08	171.80	186.98
02.09.2020	206.90	224.72	174.74	175.18
03.09.2020	58.97	97.95	25.78	32.65
04.09.2020	125.70	143.20	38.87	49.06
05.09.2020	87.67	124.10	58.59	59.73
06.09.2020	166.91	140.31	75.35	79.98
07.09.2020	32.19	82.66	25.17	30.68
08.09.2020	40.72	131.94	73.60	64.32
09.09.2020	40.34	105.35	51.63	49.56
10.09.2020	73.31	157.46	102.35	82.14
11.09.2020	53.22	84.64	16.51	30.17
12.09.2020	70.71	116.54	34.07	62.08
13.09.2020	108.33	146.37	72.43	67.41
14.09.2020	34.15	55.91	43.20	47.99
15.09.2020	34.40	64.05	23.94	27.29
16.09.2020	80.53	134.78	127.35	133.11
17.09.2020	97.01	117.18	121.80	117.45
18.09.2020	37.42	84.85	46.33	27.23
19.09.2020	138.35	162.68	113.35	124.21
20.09.2020	15.63	56.03	17.03	21.95
21.09.2020	38.27	72.15	63.28	50.53
22.09.2020	26.83	66.63	23.77	24.83
23.09.2020	43.00	94.37	49.03	58.73
24.09.2020	41.89	37.95	27.57	26.96
25.09.2020	112.81	119.33	93.37	99.51
26.09.2020	69.63	61.44	59.55	107.64
27.09.2020	104.98	45.28	85.80	92.22
28.09.2020	98.45	134.20	65.73	81.12
29.09.2020	21.52	46.11	14.29	15.04
30.09.2020	48.24	34.38	42.95	51.01
01.10.2020	95.56	41.18	35.65	49.22
02.10.2020	43.72	67.63	31.22	57.61
03.10.2020	84.62	20.69	18.63	78.12
04.10.2020	40.83	7.53	5.95	29.04
05.10.2020	43.24	68.31	45.29	49.93
06.10.2020	58.39	20.91	26.55	61.43
07.10.2020	25.81	60.15	58.04	64.76
08.10.2020	37.22	60.02	30.83	31.20
09.10.2020	37.20	52.14	45.23	66.65
10.10.2020	70.40	42.11	48.89	74.36
11.10.2020	26.56	29.62	69.54	44.60
12.10.2020	77.68	98.96	49.64	70.70
13.10.2020	68.00	124.84	61.24	71.82
14.10.2020	66.65	98.95	63.87	0.00
15.10.2020	61.66	82.76	58.08	65.14
16.10.2020	63.41	85.00	61.89	62.39
17.10.2020	20.45	58.51	38.21	34.02
18.10.2020	18.62	29.70	37.65	44.21
19.10.2020	46.58	55.68	29.38	31.46
20.10.2020	11.90	28.85	7.19	10.22
21.10.2020	18.35	50.33	12.15	15.56
22.10.2020	19.13	37.45	18.23	19.83
23.10.2020	48.31	67.90	38.05	28.33
24.10.2020	34.03	42.34	18.19	23.53
25.10.2020	26.68	22.47	19.30	31.73
26.10.2020	50.35	63.48	50.41	31.47
27.10.2020	38.12	37.22	28.40	0.13
28.10.2020	24.38	29.67	21.92	-99.00
29.10.2020	17.45	33.88	17.91	-99.00
30.10.2020	28.45	52.10	13.53	-99.00
31.10.2020	35.83	53.12	22.19	-99.00
01.11.2020	25.00	29.63	12.88	-99.00
02.11.2020	23.83	30.83	15.85	29.56
03.11.2020	21.68	32.88	17.60	18.21
04.11.2020	7.37	27.59	20.83	11.45
05.11.2020	13.20	46.19	12.97	9.08
06.11.2020	20.50	25.13	13.80	16.36
07.11.2020	6.33	23.14	9.53	7.07
08.11.2020	16.03	40.02	8.85	18.41
09.11.2020	12.37	26.98	20.91	16.68
10.11.2020	9.80	28.60	7.85	12.54
11.11.2020	10.78	18.64	7.81	6.41
12.11.2020	9.56	23.34	4.08	5.42
13.11.2020	15.02	25.21	9.31	18.29
14.11.2020	9.95	20.44	8.18	9.00
15.11.2020	12.49	11.66	15.03	15.44
16.11.2020	12.43	11.42	6.38	13.29
17.11.2020	3.56	11.95	3.05	2.03
18.11.2020	1.41	8.38	2.18	0.60
19.11.2020	2.55	11.78	5.81	1.98
20.11.2020	13.96	37.85	12.59	11.72
21.11.2020	3.15	7.60	6.40	2.79
22.11.2020	2.75	10.20	7.18	1.76
23.11.2020	6.16	12.63	8.65	6.93
24.11.2020	3.83	12.88	6.15	1.00
25.11.2020	5.33	9.83	4.86	1.86
26.11.2020	8.28	32.30	10.82	7.18
27.11.2020	5.10	18.28	8.85	5.98
28.11.2020	6.14	17.63	9.54	4.87
29.11.2020	5.60	10.50	3.51	4.67
30.11.2020	3.08	10.04	3.98	1.32
01.12.2020	5.35	33.14	4.25	6.73
02.12.2020	4.65	7.33	2.39	0.95
03.12.2020	4.00	5.74	1.81	1.82
04.12.2020	6.35	8.53	7.68	5.99
05.12.2020	6.58	6.51	5.60	7.71
06.12.2020	8.38	9.28	7.54	4.93
07.12.2020	3.10	3.91	2.96	1.02
08.12.2020	3.77	3.95	4.89	4.98
09.12.2020	5.55	4.92	5.50	4.35
10.12.2020	3.31	2.12	3.05	2.32
11.12.2020	3.24	3.48	6.63	4.72
12.12.2020	3.38	2.30	6.34	2.65
13.12.2020	2.46	2.95	3.26	3.16
14.12.2020	2.60	6.22	1.69	0.54
15.12.2020	4.51	4.70	4.08	2.93
16.12.2020	4.88	4.79	3.58	2.12
17.12.2020	3.05	4.58	2.17	1.86
18.12.2020	3.40	6.51	2.20	0.64
19.12.2020	2.11	5.30	2.25	2.63
20.12.2020	5.82	3.40	2.99	1.22
21.12.2020	7.25	3.68	4.43	3.92
22.12.2020	4.15	4.83	3.95	2.16
23.12.2020	2.50	7.59	5.17	2.16
24.12.2020	2.90	11.26	6.30	1.99
25.12.2020	6.03	21.93	5.00	4.66
26.12.2020	4.26	5.20	1.69	2.43
27.12.2020	2.98	3.69	1.84	0.80
28.12.2020	4.32	4.54	2.63	3.35
29.12.2020	2.58	3.18	4.80	3.14
30.12.2020	4.27	3.41	3.91	0.56
31.12.2020	2.41	2.71	7.71	4.57
01.01.2021	5.70	2.22	5.43	3.78
02.01.2021	3.58	3.28	3.10	2.63
03.01.2021	2.64	7.90	3.70	3.86
04.01.2021	2.88	13.77	4.44	4.25
05.01.2021	7.79	19.72	5.04	6.24
06.01.2021	5.44	13.06	6.21	4.90
07.01.2021	3.63	15.69	6.08	4.97
08.01.2021	3.13	16.10	5.54	6.16
09.01.2021	3.97	10.99	3.54	0.82
10.01.2021	1.35	10.01	1.66	4.51
11.01.2021	1.00	17.13	2.47	6.43
12.01.2021	0.16	4.97	2.37	2.57
13.01.2021	1.40	21.10	6.65	6.53
14.01.2021	1.93	31.43	7.98	6.87
15.01.2021	2.63	25.26	8.82	7.63
16.01.2021	1.81	22.37	9.11	7.82
17.01.2021	10.39	16.55	4.08	2.28
18.01.2021	6.51	33.40	3.38	7.88
19.01.2021	9.87	29.52	10.99	10.97
20.01.2021	10.00	8.29	6.04	8.16
21.01.2021	5.41	9.65	7.10	3.43
22.01.2021	11.78	7.69	7.40	12.33
23.01.2021	4.05	13.51	7.48	0.99
24.01.2021	7.86	25.33	16.90	10.84
25.01.2021	10.90	30.19	8.66	15.97
26.01.2021	17.79	32.28	4.91	18.76
27.01.2021	19.48	45.43	9.02	17.62
28.01.2021	15.57	36.34	10.20	20.81
29.01.2021	11.17	33.02	17.68	23.44
30.01.2021	6.45	53.42	7.94	11.28
31.01.2021	3.18	66.04	3.52	18.87
01.02.2021	4.77	56.55	8.05	27.00
02.02.2021	7.36	42.83	11.00	25.97
03.02.2021	19.68	45.03	14.38	30.37
04.02.2021	35.18	49.67	16.20	31.71
05.02.2021	37.25	52.56	27.43	32.80
06.02.2021	39.75	58.73	28.31	34.75
07.02.2021	41.34	71.20	30.29	36.67
08.02.2021	43.08	22.42	39.23	38.63
09.02.2021	45.44	73.38	32.90	40.16
10.02.2021	38.04	73.84	35.19	34.91
11.02.2021	48.28	60.78	37.10	45.31
12.02.2021	49.26	61.23	38.92	47.73
13.02.2021	51.68	63.94	41.50	50.02
14.02.2021	50.93	65.81	41.82	47.86
15.02.2021	15.34	28.52	7.41	11.18
16.02.2021	40.62	67.53	24.53	29.88
17.02.2021	0.00	69.58	34.16	35.90
18.02.2021	20.61	39.63	14.23	17.85
19.02.2021	44.89	72.12	19.43	23.07
20.02.2021	21.54	46.68	10.07	7.56
21.02.2021	56.95	65.33	25.95	25.50
22.02.2021	28.07	39.81	10.13	11.31
23.02.2021	35.31	53.73	41.27	37.30
24.02.2021	42.93	41.14	15.09	27.35
25.02.2021	61.50	61.05	19.91	45.38
26.02.2021	30.64	88.82	58.43	60.20
27.02.2021	43.39	46.93	28.81	49.70
28.02.2021	78.78	89.34	38.87	56.69
01.03.2021	20.25	84.79	36.53	29.60
02.03.2021	25.31	88.26	45.02	21.06
03.03.2021	22.95	86.62	52.58	29.74
04.03.2021	17.80	96.71	74.46	43.92
05.03.2021	41.83	136.45	47.59	41.12
06.03.2021	12.38	46.61	41.74	16.36
07.03.2021	31.63	95.60	75.23	46.70
08.03.2021	57.52	84.00	77.63	64.45
09.03.2021	78.89	88.31	84.78	101.22
10.03.2021	61.91	72.67	13.57	33.15
11.03.2021	58.69	56.31	15.61	42.35
12.03.2021	83.53	134.35	33.76	97.72
13.03.2021	94.97	155.50	40.80	145.78
14.03.2021	107.06	150.13	43.22	-99.00
15.03.2021	39.25	122.23	92.62	90.46
16.03.2021	84.26	192.72	120.62	96.53
17.03.2021	79.18	156.03	100.95	65.40
18.03.2021	59.23	91.31	78.30	66.49
19.03.2021	56.82	104.45	62.26	50.94
20.03.2021	66.93	133.69	53.49	52.23
21.03.2021	47.99	75.30	82.79	-99.00
22.03.2021	89.89	139.95	58.22	-99.00
23.03.2021	85.66	167.32	50.35	-99.00
24.03.2021	81.79	125.83	96.85	-99.00
25.03.2021	129.30	155.64	76.50	-99.00
26.03.2021	58.14	96.43	28.37	59.82
27.03.2021	136.10	163.25	103.42	81.61
28.03.2021	109.29	158.08	24.95	66.37
29.03.2021	77.79	116.23	55.42	71.75
30.03.2021	47.70	124.97	35.78	47.95
31.03.2021	119.57	191.55	126.43	111.81
01.04.2021	80.52	179.02	134.85	91.93
02.04.2021	64.10	202.27	141.49	128.91
03.04.2021	89.21	201.20	95.63	68.44
04.04.2021	32.16	128.61	29.12	28.81
05.04.2021	9.60	109.54	81.13	59.58
06.04.2021	50.63	162.31	88.52	91.96
07.04.2021	94.16	170.28	129.55	123.43
08.04.2021	118.59	166.20	34.32	61.14
09.04.2021	73.85	187.59	83.49	73.01
10.04.2021	47.93	231.25	109.60	66.71
11.04.2021	228.97	254.19	199.72	231.25
12.04.2021	193.92	126.74	167.27	188.65
13.04.2021	91.70	132.84	147.13	111.16
14.04.2021	111.27	178.66	157.85	208.20
15.04.2021	196.96	255.65	202.84	226.97
16.04.2021	249.12	266.43	207.38	245.70
17.04.2021	247.38	260.69	204.59	244.82
18.04.2021	226.21	256.09	194.68	226.74
19.04.2021	237.79	260.77	201.80	235.80
20.04.2021	42.00	233.73	116.78	129.86
21.04.2021	142.54	128.15	200.35	138.37
22.04.2021	112.93	253.35	156.65	129.33
23.04.2021	142.84	195.79	153.88	194.87
24.04.2021	168.68	225.71	140.60	183.52
25.04.2021	165.65	270.63	233.36	183.49
26.04.2021	279.52	312.18	240.07	282.27
27.04.2021	275.32	289.03	229.29	275.92
28.04.2021	284.47	263.45	214.19	300.35
29.04.2021	275.16	301.79	245.43	282.71
30.04.2021	302.01	329.38	249.20	290.12
01.05.2021	226.78	294.42	166.61	228.61
02.05.2021	185.88	232.05	176.79	100.45
03.05.2021	154.75	248.11	137.67	138.07
04.05.2021	254.23	214.90	163.30	259.77
05.05.2021	249.40	230.48	205.97	268.61
06.05.2021	267.03	242.88	190.73	136.32
07.05.2021	304.60	352.03	264.53	283.19
08.05.2021	197.87	333.09	156.20	124.78
09.05.2021	187.51	232.04	48.65	85.50
10.05.2021	171.16	218.61	80.20	133.77
11.05.2021	183.87	323.40	231.93	280.07
12.05.2021	169.31	168.99	143.87	191.43
13.05.2021	165.88	296.75	235.33	285.27
14.05.2021	194.63	260.51	147.19	195.66
15.05.2021	290.97	208.98	177.90	278.01
16.05.2021	63.29	242.28	95.60	69.89
17.05.2021	277.69	205.92	273.12	274.32
18.05.2021	87.43	294.06	51.36	68.70
19.05.2021	156.81	242.75	134.00	168.05
20.05.2021	210.58	189.83	229.74	165.13
21.05.2021	281.88	259.44	279.60	292.69
22.05.2021	294.60	326.87	179.15	299.89
23.05.2021	207.60	296.40	208.58	244.11
24.05.2021	240.45	192.39	107.98	191.21
25.05.2021	268.56	145.46	115.25	196.04
26.05.2021	286.14	175.67	177.66	290.38
27.05.2021	333.80	213.35	268.84	316.18
28.05.2021	332.80	374.83	294.68	343.50
29.05.2021	330.19	370.55	293.55	340.57
30.05.2021	327.15	372.55	292.69	340.32
31.05.2021	328.96	363.64	297.86	346.61
01.06.2021	338.28	370.26	295.47	341.91
02.06.2021	329.20	375.13	285.53	328.47
03.06.2021	330.55	334.59	289.48	343.59
04.06.2021	253.93	266.80	130.33	176.42
05.06.2021	265.25	311.70	198.09	171.49
06.06.2021	91.36	247.12	94.29	101.41
07.06.2021	332.52	256.45	299.24	310.44
08.06.2021	320.66	315.03	281.86	246.74
09.06.2021	316.46	365.34	181.03	197.79
10.06.2021	109.69	219.38	30.69	62.08
11.06.2021	64.71	175.01	79.54	75.92
12.06.2021	89.38	286.23	184.51	89.11
13.06.2021	76.15	203.22	67.44	54.18
14.06.2021	131.05	159.30	92.33	99.04
15.06.2021	151.57	354.55	263.33	193.23
16.06.2021	55.28	145.12	23.78	37.43
17.06.2021	72.39	237.54	38.76	33.54
18.06.2021	166.19	358.78	200.52	220.88
19.06.2021	123.10	100.55	114.83	178.37
20.06.2021	249.83	195.62	168.38	214.80
21.06.2021	127.44	98.69	122.11	116.25
22.06.2021	347.43	374.08	308.35	342.07
23.06.2021	170.30	338.86	216.85	147.70
24.06.2021	146.16	238.88	214.35	158.61
25.06.2021	142.23	175.67	252.53	154.28
26.06.2021	98.14	182.77	158.37	162.82
27.06.2021	333.79	369.91	303.41	332.62
28.06.2021	326.26	377.27	298.56	325.60
29.06.2021	133.04	151.24	263.34	278.51
30.06.2021	336.21	369.36	300.74	354.82
01.07.2021	338.55	378.69	301.86	349.37
02.07.2021	279.50	307.50	290.78	327.39
03.07.2021	329.21	370.13	269.78	322.17
04.07.2021	203.21	220.91	176.17	208.58
05.07.2021	249.97	155.81	129.53	149.70
06.07.2021	185.10	205.68	156.24	177.69
07.07.2021	196.86	175.18	158.74	143.59
08.07.2021	226.50	230.10	137.61	198.02
09.07.2021	181.09	242.33	135.56	168.07
10.07.2021	132.35	73.93	193.96	201.57
11.07.2021	108.41	262.95	96.97	77.51
12.07.2021	322.05	243.91	281.37	312.02
13.07.2021	279.88	196.25	205.55	277.83
14.07.2021	147.92	165.60	144.43	155.82
15.07.2021	243.17	366.14	257.25	290.44
16.07.2021	137.64	300.93	153.43	147.48
17.07.2021	81.12	205.09	86.24	91.92
18.07.2021	94.21	286.66	96.28	65.58
19.07.2021	267.99	324.00	250.30	219.01
20.07.2021	225.33	288.59	172.36	218.15
21.07.2021	293.51	333.36	269.57	313.41
22.07.2021	284.28	332.32	266.81	307.16
23.07.2021	271.29	317.75	250.31	288.89
24.07.2021	285.23	272.15	253.65	288.14
25.07.2021	223.15	304.43	242.21	268.04
26.07.2021	244.50	271.85	174.50	235.29
27.07.2021	92.71	69.79	70.77	96.53
28.07.2021	120.49	98.97	113.47	112.04
29.07.2021	117.67	63.43	128.80	177.84
30.07.2021	294.39	320.71	253.15	295.18
31.07.2021	106.28	110.73	149.90	120.18
01.08.2021	194.65	189.25	196.53	246.27
02.08.2021	291.78	253.92	227.58	270.03
03.08.2021	295.08	221.54	212.49	280.57
04.08.2021	221.37	268.98	223.34	247.26
05.08.2021	234.07	188.38	223.40	269.15
06.08.2021	234.32	149.95	178.22	218.80
07.08.2021	216.50	124.31	144.04	239.31
08.08.2021	181.06	140.05	153.32	148.95
09.08.2021	200.54	152.15	141.54	177.74
10.08.2021	151.90	140.63	123.77	112.14
11.08.2021	153.48	138.03	195.03	166.30
12.08.2021	132.64	143.46	101.43	90.56
13.08.2021	118.25	126.52	67.77	128.42
14.08.2021	48.88	72.87	86.34	77.63
15.08.2021	98.80	121.22	92.29	55.10
16.08.2021	222.08	80.98	186.29	151.65
17.08.2021	228.11	259.01	214.48	234.15
18.08.2021	80.70	43.86	88.21	78.07
19.08.2021	100.80	188.37	107.83	99.93
20.08.2021	96.43	114.61	126.92	142.28
21.08.2021	236.45	242.73	190.97	216.50
22.08.2021	227.45	259.40	196.03	232.20
23.08.2021	172.81	213.75	195.98	208.15
24.08.2021	26.36	54.79	66.65	38.63
25.08.2021	81.13	69.78	140.21	74.42
26.08.2021	214.32	219.16	189.86	223.00
27.08.2021	215.42	198.41	186.46	221.17
28.08.2021	205.66	208.75	178.34	214.04
29.08.2021	141.63	220.41	173.71	163.11
30.08.2021	56.45	212.98	169.19	43.09
31.08.2021	91.05	209.91	154.24	140.74
01.09.2021	44.65	103.25	143.55	63.36
02.09.2021	114.70	219.90	147.56	114.52
03.09.2021	166.89	119.77	99.79	109.21
04.09.2021	186.36	213.27	141.33	178.38
05.09.2021	162.21	202.44	64.64	81.66
06.09.2021	24.22	82.28	19.30	22.08
07.09.2021	28.41	111.25	56.67	33.11
08.09.2021	12.63	114.93	55.02	20.89
09.09.2021	99.01	47.65	37.03	59.18
10.09.2021	39.35	54.50	37.24	29.55
11.09.2021	46.58	105.58	32.28	61.17
12.09.2021	61.17	58.93	95.43	54.49
13.09.2021	146.13	188.79	137.64	161.97
14.09.2021	153.31	185.75	117.18	115.94
15.09.2021	108.10	63.08	73.63	77.93
16.09.2021	38.80	58.95	34.95	37.82
17.09.2021	142.62	155.90	124.54	119.87
18.09.2021	66.34	97.28	49.41	53.58
19.09.2021	105.88	109.67	69.80	74.35
20.09.2021	56.27	59.68	31.58	63.36
21.09.2021	41.18	79.53	42.18	30.30
22.09.2021	40.43	123.02	19.83	28.56
23.09.2021	52.93	87.84	52.54	75.68
24.09.2021	27.62	41.71	21.98	31.85
25.09.2021	73.46	140.27	70.03	75.80
26.09.2021	34.80	92.33	58.30	85.59
27.09.2021	43.87	12.30	5.56	55.15
28.09.2021	105.60	130.62	102.43	109.24
29.09.2021	54.38	88.24	45.79	72.41
30.09.2021	75.04	40.82	16.88	101.06
01.10.2021	55.95	66.33	16.76	32.57
02.10.2021	86.74	105.62	49.84	70.39
03.10.2021	26.81	13.43	25.59	24.07
04.10.2021	58.14	55.71	20.69	54.40
05.10.2021	58.31	73.06	31.03	33.98
06.10.2021	58.81	62.32	54.21	57.56
07.10.2021	33.22	58.51	18.12	24.40
08.10.2021	29.63	40.55	23.65	22.37
09.10.2021	21.36	35.98	16.68	11.56
10.10.2021	39.12	27.43	39.93	56.77
11.10.2021	30.23	60.34	46.99	36.03
12.10.2021	33.24	91.09	60.25	46.42
13.10.2021	15.05	29.71	14.12	11.18
14.10.2021	9.56	74.66	11.09	6.36
15.10.2021	18.86	59.33	37.11	20.30
16.10.2021	19.03	61.83	41.63	23.89
17.10.2021	30.51	108.71	60.18	69.04
18.10.2021	49.22	70.25	47.04	51.39
19.10.2021	15.47	40.46	11.40	20.47
20.10.2021	12.95	40.73	20.22	12.78
21.10.2021	12.82	44.24	29.98	15.35
22.10.2021	5.56	46.70	36.08	10.14
23.10.2021	28.27	50.33	29.20	22.10
24.10.2021	11.60	34.64	6.78	5.54
25.10.2021	36.60	41.57	11.90	22.94
26.10.2021	39.60	70.69	23.48	30.93
27.10.2021	20.02	52.89	9.56	14.71
28.10.2021	18.31	32.60	8.03	7.83
29.10.2021	12.64	50.84	10.22	5.01
30.10.2021	39.92	49.86	25.31	28.48
31.10.2021	35.28	55.00	21.37	22.93
01.11.2021	38.68	16.53	38.62	31.80
02.11.2021	40.93	19.33	10.13	25.21
03.11.2021	36.70	67.25	18.98	26.32
04.11.2021	35.08	56.04	28.43	29.83
05.11.2021	9.82	31.49	13.94	10.47
06.11.2021	25.86	35.19	18.43	18.75
07.11.2021	25.49	20.33	20.17	15.92
08.11.2021	26.14	26.92	18.58	24.48
09.11.2021	15.37	31.40	15.97	12.20
10.11.2021	9.23	14.40	15.95	6.17
11.11.2021	7.30	14.64	17.48	11.38
12.11.2021	14.44	23.80	16.50	14.69
13.11.2021	12.46	18.00	14.97	14.19
14.11.2021	18.07	32.32	19.13	20.78
15.11.2021	8.11	20.88	5.26	4.87
16.11.2021	4.78	11.03	7.20	6.15
17.11.2021	15.73	17.86	10.51	5.27
18.11.2021	3.76	11.83	7.66	4.49
19.11.2021	5.12	8.92	5.68	3.81
20.11.2021	8.72	12.12	7.92	5.76
21.11.2021	7.22	11.13	14.37	10.63
22.11.2021	2.39	11.72	10.15	2.44
23.11.2021	3.90	12.69	10.35	3.82
24.11.2021	2.06	7.58	3.00	1.21
25.11.2021	5.45	10.95	9.86	6.69
26.11.2021	7.11	32.23	9.11	8.06
27.11.2021	6.76	7.15	8.71	6.90
28.11.2021	3.80	17.36	7.73	5.99
29.11.2021	5.32	8.89	7.43	3.28
30.11.2021	1.79	7.21	3.07	5.21
01.12.2021	1.58	19.63	2.89	8.17
02.12.2021	0.57	7.46	4.03	2.91
03.12.2021	0.35	17.86	2.35	6.54
04.12.2021	3.99	7.82	1.23	3.54
05.12.2021	4.61	7.56	7.50	1.50
06.12.2021	4.10	9.48	7.30	2.99
07.12.2021	2.63	6.20	7.82	5.17
08.12.2021	4.50	5.46	5.78	4.35
09.12.2021	4.80	5.79	6.26	5.34
10.12.2021	2.44	23.09	5.01	4.99
11.12.2021	2.64	10.28	5.15	2.80
12.12.2021	2.19	6.44	3.46	1.45
13.12.2021	2.83	5.07	4.70	1.99
14.12.2021	2.72	4.65	3.68	0.55
15.12.2021	2.67	4.45	3.64	0.95
16.12.2021	5.24	4.49	6.09	2.06
17.12.2021	2.45	8.14	5.38	2.09
18.12.2021	2.99	6.11	2.93	5.72
19.12.2021	3.14	14.21	4.59	1.40
20.12.2021	2.33	4.66	4.46	3.15
21.12.2021	2.50	5.36	5.59	2.65
22.12.2021	2.77	5.05	1.54	0.73
23.12.2021	2.59	23.69	1.54	1.99
24.12.2021	0.49	16.94	4.83	2.78
25.12.2021	0.19	5.44	2.33	2.54
26.12.2021	1.71	5.06	1.89	4.12
27.12.2021	1.44	7.20	2.50	4.10
28.12.2021	4.63	7.36	1.28	3.10
29.12.2021	4.92	10.39	1.92	3.26
30.12.2021	0.83	6.81	1.54	3.41
31.12.2021	0.20	9.80	5.79	0.97
01.01.2022	0.98	6.77	4.09	2.60
02.01.2022	6.63	5.11	5.04	0.40
03.01.2022	1.64	5.84	3.37	0.02
04.01.2022	5.42	10.76	2.40	6.66
05.01.2022	0.54	5.64	7.13	3.60
06.01.2022	0.86	26.36	10.39	6.91
07.01.2022	5.13	7.99	5.49	5.78
08.01.2022	3.21	29.35	4.25	3.38
09.01.2022	2.97	20.85	10.12	4.75
10.01.2022	7.13	26.69	13.09	6.68
11.01.2022	6.60	7.26	8.83	6.28
12.01.2022	1.34	8.96	2.83	0.32
13.01.2022	2.23	6.88	6.58	0.08
14.01.2022	3.32	7.27	8.25	2.82
15.01.2022	6.12	12.23	3.73	6.05
16.01.2022	5.53	13.29	8.13	2.23
17.01.2022	6.18	22.77	10.03	4.71
18.01.2022	1.93	10.32	4.89	0.11
19.01.2022	2.39	9.04	5.56	2.10
20.01.2022	4.70	11.54	11.18	9.95
21.01.2022	0.95	25.38	9.95	6.31
22.01.2022	9.06	13.49	7.52	9.87
23.01.2022	13.11	18.63	7.84	1.94
24.01.2022	9.47	15.02	8.55	10.50
25.01.2022	9.74	13.68	9.22	9.11
26.01.2022	8.00	12.89	10.05	8.01
27.01.2022	7.70	9.62	10.98	2.28
28.01.2022	8.03	16.60	10.28	4.18
29.01.2022	3.51	11.95	3.23	1.22
30.01.2022	5.95	16.30	16.32	16.04
31.01.2022	12.23	17.97	9.50	9.47
01.02.2022	2.41	19.00	3.85	11.15
02.02.2022	2.27	23.97	4.74	19.85
03.02.2022	8.05	24.71	2.33	6.23
04.02.2022	13.89	15.33	11.75	9.02
05.02.2022	17.94	22.30	3.49	9.50
06.02.2022	18.20	31.83	4.96	16.69
