Xcoord	57485	94493	83571	65666	72542	86026	88077	72435	74031
Ycoord	6893688	6894359	6889543	6891201	6898457	6897547	6884381	6898436	6885089
network	pstats	pstats	pstats	pstats	pstats	pstats	pstats	pstats	pstats
name	Stryn-Kroken	RV15 Skjæeringsdalen	RV15 Fosnes	Stryn	Ptdata1	Ptdata2	Ptdata3	Ptdata4	Lotvatn
STNR	58900	58703	58670	58560					88.4.0
HOH	199	585	34	9	630	1253	1487	630	176
RefSystem	utm-33n	utm-33n	utm-33n	utm-33n	utm-33n	utm-33n	utm-33n	utm-33n	utm-33n
Point ID	1	2	3	4	11	12	13	14	10
Missing	-99	-99	-99	-99	-99	-99	-99	-99	-99
Nvalues	15378	15378	15378	15378	15378	15378	15378	15378	15378
01.01.1980	0	0	0	0	0	0	0	0	0
02.01.1980	0	0	0	0	0	0	0	0	0
03.01.1980	0	0	0	0	0	0	0	0	0
04.01.1980	0	0	0	0	0	0	0	0	0
05.01.1980	0	0	0	0	0	0	0	0	0
06.01.1980	0	0	0	0	0	0	0	0	0
07.01.1980	0	0	0	0	0	0	0	0	0
08.01.1980	1.7	0	0	2.2	1.7	0	0	1.7	1.3
09.01.1980	0.3	0	0	2.3	2	0	0	2	1.6
10.01.1980	0	0	0	0.9	0.9	0	0	0.9	0
11.01.1980	0	0	0	0	0	0	0	0	0
12.01.1980	0	1	0	0	0.4	0.7	0.9	0.4	0
13.01.1980	0.1	0.7	0.2	0.4	2.6	1.6	3.4	2.6	0
14.01.1980	19.8	1.8	6.1	15.1	6.9	6.2	2	6.9	4.4
15.01.1980	16.6	12.7	22.4	18	13.2	5.5	2.8	13.2	5.2
16.01.1980	1.3	9.4	0	0.7	4.7	1	2.6	4.7	0
17.01.1980	0.3	10.3	0	0	5.9	4	5.6	5.9	0
18.01.1980	11	7.1	8.5	7	7.6	6.9	9.3	7.6	3.7
19.01.1980	0	0	0	0	0	0	0	0	0
20.01.1980	0	0	0	0	0	0	0	0	0
21.01.1980	0	0	0	0	0	0	0	0	0
22.01.1980	0	0	0	0	0	0	0	0	0
23.01.1980	0	0	0	0	0	0	0	0	0
24.01.1980	0	0	0	0	0	0	0	0	0
25.01.1980	0	0	0	0	0	0	0	0	0
26.01.1980	1.6	2	2.1	1.3	2.2	2.8	3.4	2.2	1.8
27.01.1980	15	9.3	8.7	8.2	14.9	8.8	7.5	14.9	8.7
28.01.1980	1.9	4.3	0	0	2.6	2.8	2.2	2.6	0
29.01.1980	0.6	1.6	2.5	0.9	2.2	1.9	1.9	2.2	1.3
30.01.1980	2.7	3.1	4.4	4.1	3.5	3.1	3.2	3.5	3.4
31.01.1980	0	0	0	0	0	0	0	0	0
01.02.1980	0	0	0	0	0	0	0	0	0
02.02.1980	0.1	0.6	0.1	0.2	4.8	3.8	15	4.8	0
03.02.1980	6.4	4.9	9.2	6.1	5.4	4.5	2.4	5.4	3.8
04.02.1980	4.3	4.9	9.6	5.9	7.1	8.8	10.3	7.1	8
05.02.1980	1	0	0	0.9	0	0	0	0	1
06.02.1980	0	0	0	0	0	0	0	0	0
07.02.1980	0	0	0	0	0	0	0	0	0
08.02.1980	0	0	0	0	0	0	0	0	0
09.02.1980	0	0	0	0	0	0	0	0	0
10.02.1980	0	0	0	0	0	0	0	0	0
11.02.1980	0	0	0	0	0	0	0	0	0
12.02.1980	0.3	0	0.1	6.1	2.7	0	0	2.7	11
13.02.1980	0.4	0	0	0	1	0	0	1	0
14.02.1980	9.2	5.3	6.5	7.3	6.8	5.2	5.5	6.8	4.2
15.02.1980	7.5	3.8	4.4	4.5	5.4	8.4	2.7	5.4	3.1
16.02.1980	10.2	6.3	8.1	14.2	8.5	10.6	12	8.5	11.8
17.02.1980	0.2	0	0	0	0	0	0	0	0
18.02.1980	0	0	0	0	0	0	0	0	0
19.02.1980	0	0	0	0	0	0	0	0	0
20.02.1980	0	0	0	0	0	0	0	0	0
21.02.1980	0	0	0	0	0	0	0	0	0
22.02.1980	0	0	0	0	0	0	0	0	0
23.02.1980	0	0	0	0	0	0	0	0	0
24.02.1980	0	0	0	0	0	0	0	0	0
25.02.1980	0	0	0	0	0	0	0	0	0
26.02.1980	0	0	0	0	0	0	0	0	0
27.02.1980	0	0	0	0	0	0	0	0	0
28.02.1980	4.6	6.7	1.8	2.5	6	7.7	11.7	6	2.1
29.02.1980	11.3	6.8	9.5	11.8	8.4	8	9.4	8.4	13.3
01.03.1980	15.3	17.4	13.9	14.5	18.9	13.5	9.9	18.9	14.9
02.03.1980	10.5	5.6	1	7.3	11.9	7	2.8	11.9	0.1
03.03.1980	8.9	11.5	9.5	7.8	10.4	9	8.7	10.4	7.2
04.03.1980	1.9	5.1	0	0.1	3.9	2.6	3.2	3.9	0
05.03.1980	1.5	3.9	5.3	3.3	4.3	5	6	4.3	6
06.03.1980	0.8	0	0	0	0	0	0	0	0
07.03.1980	0	0	0	0	0	0	0	0	0
08.03.1980	0	0	0	0	0	0	0	0	0
09.03.1980	0	0	0	0	0	0	0	0	0
10.03.1980	0.1	0	0	0	0.1	0	0	0.1	0
11.03.1980	0	0	0	0	0	0	0	0	0
12.03.1980	0	0	0	0	0	0	0	0	0
13.03.1980	0	0	0	0	0.2	0	0	0.2	0
14.03.1980	0	0	0	0	0	0	0	0	0
15.03.1980	0	0	0	0	0	0	0	0	0
16.03.1980	0	0	0	0	0	0	0	0	0
17.03.1980	0	0	0	0	0	0	0	0	0
18.03.1980	0	0	0	0	0	0	0	0	0
19.03.1980	0	0	0	0	0	0	0	0	0
20.03.1980	0.7	1.5	1.4	0.5	1.1	2.1	2.1	1.1	1.8
21.03.1980	0.1	0	0	0.3	0.4	0	0	0.4	0.3
22.03.1980	0	0	0	0	0	0	0	0	0
23.03.1980	0	0	0	0	0	0	0	0	0
24.03.1980	0	0	0	0	0	0	0	0	0
25.03.1980	0	0	0	0	0	0	0	0	0
26.03.1980	0	0	0	0	0	0	0	0	0
27.03.1980	0	0	0	0	0	0	0	0	0
28.03.1980	0	0	0	0	0	0	0	0	0
29.03.1980	0	0	0	0	0	0	0	0	0
30.03.1980	0	0	0	0	0	0	0	0	0
31.03.1980	0	3.9	0.3	0	0.9	0.7	0.2	0.9	0
01.04.1980	0	0	0	0	0	0	0	0	0
02.04.1980	0	0	0	0	0	0	0	0	0
03.04.1980	0	0.1	1.8	1.7	0	1.9	2.2	0	1.9
04.04.1980	3.4	2.3	0.3	1.6	1.7	2.5	4.1	1.7	3.8
05.04.1980	2.6	6.6	4.9	2.7	6.5	7.1	8.7	6.5	7.6
06.04.1980	0.4	0	0	0	0	0	0	0	0
07.04.1980	0.1	0	0	0	0	0	0	0	0
08.04.1980	6	8.2	6.5	3.5	8.3	9.4	11.5	8.3	6.6
09.04.1980	0.1	4.1	7.9	1.5	4.5	6.2	0.1	4.5	0.3
10.04.1980	3.1	6.2	3.4	3.3	6.7	5.7	7.5	6.7	4.2
11.04.1980	15.6	18	13.9	13	15.9	14.4	15	15.9	14.2
12.04.1980	7.2	5.7	10.3	5.7	9.1	8.1	8.3	9.1	7.5
13.04.1980	0.2	0	0	0	0	0	0	0	0
14.04.1980	0	0	0	0	0	0	0	0	0
15.04.1980	2.7	2.2	1.5	0.8	2.2	2.7	2	2.2	2.8
16.04.1980	0.1	0	0	0	0	0	0	0	0
17.04.1980	4.8	5.9	4.9	4.6	6.1	6.8	8.2	6.1	5.3
18.04.1980	1.3	4.5	3.4	3.3	3.7	3.6	4	3.7	3.7
19.04.1980	12.1	11.8	7.9	8.8	13.1	9.3	5.6	13.1	0.2
20.04.1980	3.3	5.5	2.4	1.5	4.4	4.5	1	4.4	5.4
21.04.1980	1.9	3.3	3.5	0.9	2.1	2.2	0.1	2.1	2.1
22.04.1980	0	0	0	0	0	0	0	0	0
23.04.1980	0	0	0	0	0	0	0	0	0
24.04.1980	1.7	3.7	0.1	4	3.2	4	2.8	3.2	2.6
25.04.1980	0	0	0	0	0	0	0	0	0
26.04.1980	0	0	0	0	0	0	0	0	0
27.04.1980	0	0	0	0	0	0	0	0	0
28.04.1980	0.1	0	0	1.9	0.5	0	0	0.5	2
29.04.1980	0	0	0	0	0	0	0	0	0
30.04.1980	0	0	0	0	0	0	0	0	0
01.05.1980	0	0	0	0	0	0	0	0	0
02.05.1980	0	0	0	0	0	0	0	0	0
03.05.1980	0	0	0	0	0	0	0	0	0
04.05.1980	0	0	0	0	0	0	0	0	0
05.05.1980	0	0	0	0	0	0	0	0	0
06.05.1980	0	0	0	0	0	0	0	0	0
07.05.1980	0	0	0	0	0	0	0	0	0
08.05.1980	0	2.1	0	0	0	0.3	0.1	0	0
09.05.1980	3.2	4.7	0.8	0.9	2.6	4.4	7.2	2.6	2.5
10.05.1980	13.4	6.4	5.4	13.3	4.1	8.3	11.8	4.1	3
11.05.1980	0	0	0	0	0	0	0	0	0
12.05.1980	0	0	0	0	0	0	0	0	0
13.05.1980	0	0	0	0	0	0	0	0	0
14.05.1980	0	0	0	0	0	0	0	0	0
15.05.1980	0	0	0	0	0	0	0	0	0
16.05.1980	0	0	0	0	0	0	0	0	0
17.05.1980	0	0	0	0	0	0	0	0	0
18.05.1980	0	0	0	0	0	0	0	0	0
19.05.1980	0	0	0	0	0	0	0	0	0
20.05.1980	0	0	0	0	0	0	0	0	0
21.05.1980	0	0	0	0	0	0	0	0	0
22.05.1980	0	0	0	0	0	0	0	0	0
23.05.1980	0	0	0	0	0	0	0	0	0
24.05.1980	0	2	0	0	0	0.2	0.1	0	0
25.05.1980	2.5	6.8	12.1	3.3	0	10.1	10.2	0	13.9
26.05.1980	0.3	0.3	1.1	0.5	2.4	0.8	0.1	2.4	0.2
27.05.1980	0	4.7	0.1	2.3	6.9	4.9	2.6	6.9	4.3
28.05.1980	5.2	3.6	3.1	4.2	5.7	3.1	2.6	5.7	3.7
29.05.1980	4.8	7.3	2.7	3.7	7.3	9.7	12.4	7.3	4.8
30.05.1980	2.3	0.1	1.3	2.4	0.1	0.4	1.4	0.1	0.8
31.05.1980	4.2	0	4.8	1.8	1.6	0.1	2.3	1.6	0.6
01.06.1980	2.8	6.3	6.8	3.1	5.4	4.5	4.1	5.4	6.8
02.06.1980	0	0	0	0.1	0	0	0	0	0
03.06.1980	0	0	0	0	0	0	0	0	0
04.06.1980	0.1	0	0	0	0.2	0	0	0.2	0
05.06.1980	0.1	0	0	0	0	0	0	0	0
06.06.1980	0	0	0	0	0	0	0	0	0
07.06.1980	0.5	2	3.3	0.1	2.4	1.5	3.1	2.4	1
08.06.1980	0.9	0	0	1.1	0	0	0	0	5.8
09.06.1980	0.1	2	2.7	0.1	0.1	1.1	1.3	0.1	0.2
10.06.1980	3	0	0	2.2	2.5	0	0	2.5	0
11.06.1980	0	0.7	0	0	0	0.1	1.2	0	0
12.06.1980	0	0	0	0	0	0	0	0	0
13.06.1980	0.2	0	0	0.4	0.4	0	0	0.4	0
14.06.1980	0	0	0	0	0	0	0	0	0
15.06.1980	0	0	0	0	0	0	0	0	0
16.06.1980	4.1	0.2	2.4	1.6	2.8	0.4	5.8	2.8	1.9
17.06.1980	0.1	0.7	0.1	0.2	0.3	0.7	0.7	0.3	0.8
18.06.1980	3.6	0	0	0.1	1.5	0	0	1.5	0
19.06.1980	0	7.7	0	0	3.1	3.8	4.7	3.1	0
20.06.1980	1	1.4	0	0.1	1.1	0.1	2.5	1.1	0
21.06.1980	9.3	3.7	5.1	6.9	3.4	4.3	5.8	3.4	6.6
22.06.1980	3.6	1	4.8	3.8	2.3	1.7	1.3	2.3	6.2
23.06.1980	2.9	3	1.6	2	2.3	4.1	4.9	2.3	1.8
24.06.1980	3	7.3	4.6	3.3	4.9	6.5	7.5	4.9	5.1
25.06.1980	5.1	2.3	2.4	4.9	4.7	4	4	4.7	4.3
26.06.1980	0	0	0	0	0	0	0	0	0
27.06.1980	0.1	0	0	1.5	6.6	0	0	6.6	0.7
28.06.1980	0	2.3	0	0.6	0	1.5	2.3	0	0
29.06.1980	4	4	6.8	2.7	4.8	4	3.8	4.8	5.9
30.06.1980	1.5	2.3	2.2	1.8	1.7	2	1.7	1.7	2.2
01.07.1980	0.2	1.5	0	0.2	0	0.9	0	0	0
02.07.1980	0.1	0	0	0	0	0	0	0	0
03.07.1980	0	0	0	0	0.1	0	0	0.1	0.1
04.07.1980	0	4.3	3.2	0	0	7.3	6	0	2.7
05.07.1980	17.4	5.6	0.5	8.5	6.2	5.2	4.8	6.2	4
06.07.1980	0	0	0	5.2	4.3	0	0	4.3	0
07.07.1980	3.2	4.3	0.5	1.1	3.1	2.3	1.7	3.1	0
08.07.1980	0.1	1.8	0.1	0	4.3	3.1	2.6	4.3	0
09.07.1980	0	0	0	0	0	0	0	0	0
10.07.1980	0	0	0	0	0	0	0	0	0
11.07.1980	0	0	0	0	0	0	0	0	0
12.07.1980	0	0	0	0	0	0	0	0	0
13.07.1980	4.7	4.1	1.5	4.3	3.6	3.9	5	3.6	1.8
14.07.1980	1.8	4.1	4.4	2.5	2	3.8	2.4	2	3.5
15.07.1980	1.1	5	6.2	3.7	5.9	6.2	5.2	5.9	7.2
16.07.1980	2.5	4.7	0.8	1.6	3.6	5	5.2	3.6	1.4
17.07.1980	9.2	9.3	8.8	8.7	9.9	8.8	8	9.9	10.2
18.07.1980	0.1	5.1	3.2	1	2.6	2.8	2.4	2.6	2.4
19.07.1980	0.1	1	0	0.2	0.3	0.8	2.5	0.3	0
20.07.1980	2.7	3.6	2.1	2.6	2.7	3.5	3.4	2.7	2.9
21.07.1980	11.2	12.7	6.8	6	11.3	11.2	9.4	11.3	5.4
22.07.1980	5.3	8.3	3.9	3.6	4.6	6.9	8.7	4.6	3.8
23.07.1980	0.2	0	0	0.1	0.1	0	0	0.1	0
24.07.1980	0.7	0	0.1	0.2	1.5	0.3	0.7	1.5	0
25.07.1980	5.7	1.4	0.9	3.3	3.6	2.8	1.9	3.6	1.1
26.07.1980	0	0	0	0	0	0	0	0	0
27.07.1980	0	0	0	0	0	0	0	0	0
28.07.1980	0	0	0	0	0	0	0	0	0
29.07.1980	0	0	0	0	0	0	0	0	0
30.07.1980	0	0	0	0	0	0	0	0	0
31.07.1980	0	0	0	0	0	0	0	0	0
01.08.1980	0	0	0	0	0	0	0	0	0
02.08.1980	6	0	5.5	4.7	4.2	0.7	7.8	4.2	5.1
03.08.1980	2	3	0	0	0	0.5	0.6	0	0
04.08.1980	0	0	0	0	0	0	0	0	0
05.08.1980	4	7.4	3.5	3.4	5.6	5.8	9	5.6	5.2
06.08.1980	8.1	11.6	7.7	8.5	15.2	12.9	12.1	15.2	8.1
07.08.1980	0.1	4.1	0	0.1	1.7	0.9	0.1	1.7	0
08.08.1980	0	0	0	0	0	0	0	0	0
09.08.1980	0	0	0	0	0	0	0	0	0
10.08.1980	0	0	0	0	0	0	0	0	0
11.08.1980	0	0	0	0	0	0	0	0	0
12.08.1980	0	0	0	0	0	0	0	0	0
13.08.1980	0	0	0	0	0	0	0	0	0
14.08.1980	0	0	0	0	0	0	0	0	0
15.08.1980	0	0	0	0	0	0	0	0	0
16.08.1980	0	0	0	0	0	0	0	0	0
17.08.1980	0	0	0	0	0	0	0	0	0
18.08.1980	0	0	0	0	0	0	0	0	0
19.08.1980	1.4	0	0	1.8	2.1	0	0	2.1	1.7
20.08.1980	13.4	10.8	14.1	13.3	16.4	10.3	10.9	16.4	13.9
21.08.1980	6.8	0.5	5.9	10.5	5.7	5.6	4.3	5.7	6.1
22.08.1980	18.2	16.5	17.3	14.3	23.9	21.2	15.8	23.9	15.4
23.08.1980	5.9	19.7	15.7	9.8	7.4	16	10.7	7.4	6.9
24.08.1980	2.2	7.1	6.4	0.1	5.1	6.7	6.5	5.1	5.4
25.08.1980	0.4	3.3	2.1	0.9	1.9	1.5	1	1.9	1.5
26.08.1980	3.1	0.6	0.7	1.4	0.6	1.3	1.2	0.6	2.1
27.08.1980	0.1	1.6	0	0	0	0.8	2	0	0
28.08.1980	9.4	2.3	5.2	8.1	13.5	5.2	5.7	13.5	3.7
29.08.1980	2.5	4.8	2.6	2.6	3.3	4.8	5.6	3.3	2
30.08.1980	0.1	0	0	0	0	0	0	0	0
31.08.1980	0.1	0	0	0	0	0	0	0	0
01.09.1980	0.3	0	0	0.3	0	0	0	0	0
02.09.1980	3.1	1.6	2.3	3.2	3.3	2.7	2.4	3.3	0.9
03.09.1980	30	24.2	23	24.5	27.4	22.4	22.7	27.4	24.5
04.09.1980	9	9.2	9.1	9.3	9.5	7.2	7.2	9.5	7.7
05.09.1980	4.2	0.8	1.6	3.5	3	2	2.1	3	1.2
06.09.1980	4.1	2.4	4.6	4.5	4.7	2.5	2.7	4.7	4.2
07.09.1980	8.8	4.2	5.7	6.1	3.3	4.1	2.6	3.3	3.4
08.09.1980	14.5	13.3	11	10.3	12.6	11.3	9.8	12.6	10.3
09.09.1980	24.1	12.9	17	20.9	20.7	14.6	12.7	20.7	18.2
10.09.1980	4.3	4	6.3	7.4	6.4	5.1	2.6	6.4	5.6
11.09.1980	0.9	4.1	2.9	1	3.8	4.8	3.2	3.8	4.4
12.09.1980	0	0.5	0	0	0.9	0.6	5.3	0.9	0
13.09.1980	4.3	0.6	0.7	2.2	1.7	2.7	3.4	1.7	0.7
14.09.1980	2.5	4.6	3.3	2.7	5.5	6.4	5.3	5.5	2.2
15.09.1980	6.3	12.8	10.9	7.9	7.3	13.2	7.8	7.3	5
16.09.1980	1.2	1.6	2.4	0.4	1.3	1.9	1.3	1.3	3.1
17.09.1980	5.6	1.7	9	6.3	5	5.3	6.2	5	8.8
18.09.1980	6	5	4.6	6.3	6	6.4	8.9	6	6.4
19.09.1980	3	1.8	0.7	2.4	2.3	3.5	4.6	2.3	2
20.09.1980	9.8	5.5	6.4	9.1	7.3	7.8	7.8	7.3	7.4
21.09.1980	0.1	0.8	1.6	0.4	0	2.2	1.5	0	1.1
22.09.1980	0.2	0.1	0.1	0.1	0	0	0.1	0	0
23.09.1980	0.3	0	0	0.1	0	0	0	0	0
24.09.1980	0.5	0.1	2.9	0.3	0	0.3	2.1	0	2.4
25.09.1980	4.1	2.9	1.7	4.2	5.1	4.2	4.5	5.1	4.2
26.09.1980	1.7	2.4	1.2	1.2	1.3	1.8	2.3	1.3	1.1
27.09.1980	0	0	0	0	0	0	0	0	0.5
28.09.1980	6.5	0.1	2	6	7.7	2.6	2.6	7.7	1.1
29.09.1980	16.2	5.1	7.3	13.4	8.7	7.4	8.1	8.7	12
30.09.1980	24.2	11.4	13.8	14.2	19.8	12.9	11	19.8	11
01.10.1980	17.5	4.3	17.1	17.5	13	12.8	9.3	13	14.2
02.10.1980	34.1	11.3	12.2	24.7	23.5	16.6	15.3	23.5	16.5
03.10.1980	7.2	2.1	2.7	4.9	5.2	3.9	2	5.2	4.6
04.10.1980	1.1	0.1	1.6	1.2	1.2	0.1	0.1	1.2	0.3
05.10.1980	0.7	3.9	1.1	3.3	2.9	5.4	4.2	2.9	0.8
06.10.1980	6.2	0	0	3.3	10.9	0	0	10.9	9.9
07.10.1980	0	12	0.1	0.1	14.8	17.6	14	14.8	3.1
08.10.1980	5.6	5.5	2.4	0.3	4.1	5.6	5.4	4.1	5.4
09.10.1980	13.3	0.9	5.1	6.6	4.5	5.6	5	4.5	5.8
10.10.1980	1.3	0	0	0	1.7	0	0	1.7	0
11.10.1980	4.4	3.7	4.8	5.4	4.6	4.5	5.4	4.6	5.6
12.10.1980	0.1	0.2	1.4	0.5	0	0.4	0.1	0	1.1
13.10.1980	2.4	6	7.6	6.1	4.5	5.9	5.2	4.5	6.9
14.10.1980	0.2	0.6	0.1	0.4	0	0.1	0.1	0	0
15.10.1980	0.1	0	0	0	0	0	0	0	0
16.10.1980	0.1	0	0	0	0	0	0	0	0
17.10.1980	0.1	0	0	0	0	0	0	0	0
18.10.1980	0	0	0	0	1.6	0	0	1.6	0
19.10.1980	18.7	15.3	10.3	15	20.1	16.2	15.6	20.1	9.3
20.10.1980	15.4	18.1	15	14.1	19.6	17.3	9.5	19.6	12.8
21.10.1980	4.9	2.2	6.4	5.7	3.5	3.6	1.9	3.5	4.7
22.10.1980	0	0	0	0	0	0	0	0	0
23.10.1980	0	0	0	0	0	0	0	0	0
24.10.1980	0	0	0	0	0	0	0	0	0
25.10.1980	0	0	0	0	0	0	0	0	0
26.10.1980	0	0	0	0	0	0	0	0	0
27.10.1980	0	0	0	0	0.2	0	0	0.2	0
28.10.1980	16.3	5.5	10.7	15.2	15	11.1	13.2	15	12.9
29.10.1980	4.3	0	0	7.9	5.5	0.1	0	5.5	5.7
30.10.1980	0	0	0	1.1	4	0	0	4	0.1
31.10.1980	0	0	0	0	0	0	0	0	0
01.11.1980	0	0	0	0	0	0	0	0	0
02.11.1980	0	0	0	0	0	0	0	0	0
03.11.1980	0	0	0	0	0	0	0	0	0
04.11.1980	0.1	0	0	0	0	0	0	0	0
05.11.1980	0.1	0	0	0	0	0	0	0	0
06.11.1980	0	0	0	0	0	0	0	0	0
07.11.1980	0	0	0	0	0	0	0	0	0
08.11.1980	5.4	5.8	7	2.5	5.1	7.3	10.1	5.1	7.7
09.11.1980	13	22.8	10.8	3.4	12.8	17.7	20.3	12.8	11.8
10.11.1980	2.4	0.7	0	1.1	1.9	0.1	0.1	1.9	0
11.11.1980	2.9	0	4.5	2.9	2.7	0.2	1.5	2.7	3.4
12.11.1980	1.8	0	0	0.7	0	0	0	0	0
13.11.1980	0.2	0	0	0.7	2.3	0	0	2.3	0
14.11.1980	5.9	0	0	10.9	6.1	0.1	0	6.1	13
15.11.1980	0.2	0	0	0	0	0	0	0	0
16.11.1980	9.6	5	4.1	8.7	9	8	7.7	9	6
17.11.1980	1	0	0	1.1	1	0	0	1	0.8
18.11.1980	0	0	0	5	15.8	0	0	15.8	4.6
19.11.1980	0	0	0	0	0	0	0	0	0
20.11.1980	5.4	0.1	3	3	3.6	0.1	4.8	3.6	0.1
21.11.1980	56.3	23.6	30.7	46.4	41.8	37.6	40	41.8	40.2
22.11.1980	10	4.7	11.4	12.8	8.1	8.4	5.2	8.1	7.5
23.11.1980	30.1	20.1	41.2	28	26	22	20.9	26	30.8
24.11.1980	24.4	22.6	11.7	20.5	16.8	18.1	16.3	16.8	15.8
25.11.1980	2.1	0	0	0.1	0	0	0	0	0
26.11.1980	0	0	0	0	0	0	0	0	0
27.11.1980	0.1	0	0	0	0	0	0	0	0
28.11.1980	0	0	0	0	0	0	0	0	0
29.11.1980	0	0	0	0	0	0	0	0	0
30.11.1980	0	0	0	0	0	0	0	0	0
01.12.1980	2.6	4.3	3.7	1.8	3.1	6	4	3.1	3.5
02.12.1980	23.5	13.1	11.4	12.9	18.6	14.8	11	18.6	9.3
03.12.1980	23.8	17.2	16.2	14.1	19	15.2	13.1	19	13
04.12.1980	18.6	12.3	8.2	9.3	13.6	12	8.8	13.6	4.8
05.12.1980	0	0	0	0	0	0	0	0	0
06.12.1980	0	0	0	0	0	0	0	0	0
07.12.1980	0	0	0	0	0	0	0	0	0
08.12.1980	12.2	7.1	20.7	17.9	16.2	11.4	5.5	16.2	9.8
09.12.1980	38.7	15.7	35.1	41.4	24.5	24	16.9	24.5	21.4
10.12.1980	3.1	2.5	2.8	5.9	3.3	2.9	0.2	3.3	5.6
11.12.1980	13.4	2.9	5.7	7.1	7	0.9	4.8	7	0.1
12.12.1980	13.6	4.9	10.4	17.3	12.8	8.8	6.6	12.8	15
13.12.1980	26.1	9.8	15.7	16.9	16	10.2	5.2	16	10.6
14.12.1980	6.2	1.3	9.4	9.3	4.9	1.4	0.7	4.9	0.6
15.12.1980	1	5.4	4.1	2.6	3.2	6.8	6.8	3.2	4.4
16.12.1980	0	1.1	1.3	0	1.4	1.6	0.1	1.4	0.5
17.12.1980	1.4	1.1	0.1	1.4	1.6	2	2.9	1.6	1.5
18.12.1980	7	20.4	5.9	7.5	19.3	11.8	10.9	19.3	8.1
19.12.1980	12.3	0.7	3.6	6	4.2	3.4	1.7	4.2	0.2
20.12.1980	0.2	0	0	0.5	0.5	0	0	0.5	1.2
21.12.1980	0	0	0	0	0	0	0	0	0
22.12.1980	0	0	0	0	0	0	0	0	0
23.12.1980	13	5.5	10.4	10.8	8.6	7.1	7.5	8.6	8.5
24.12.1980	19.7	13.9	17	16.9	21.4	13.1	14.1	21.4	13.3
25.12.1980	20.8	14.5	14.8	14.5	21.1	15.5	14.9	21.1	14.3
26.12.1980	15.8	3.6	11.4	17	11.2	8.4	7.4	11.2	15.9
27.12.1980	19.4	6.8	5.2	6.7	11.2	5.1	5.5	11.2	0.5
28.12.1980	14	6.5	10.5	7.4	9.7	6.6	4.7	9.7	6.3
29.12.1980	39.4	29.6	26.7	21.9	22.7	23.3	21.1	22.7	16.4
30.12.1980	41.4	27.9	9.8	26.8	20.8	25.8	22.8	20.8	10
31.12.1980	10.1	7.9	16.8	12.8	12	9.8	9	12	14.8
01.01.1981	32.8	20.1	23.8	30.9	27.6	22.7	22.1	27.6	26.2
02.01.1981	24.7	22.1	24.2	26.1	36.1	22.2	15.1	36.1	21.4
03.01.1981	0.5	0	0	0	0	0	0	0	0
04.01.1981	0	0	0	0	0	0	0	0	0
05.01.1981	0	0	0	0	0	0	0	0	0
06.01.1981	5.1	7.7	8.4	3.4	10.6	11.1	17.3	10.6	11
07.01.1981	6.3	5.2	2	4.7	6.4	5.5	3.2	6.4	2.1
08.01.1981	7.2	6.2	14.5	10	8	6.8	7	8	12.3
09.01.1981	26.1	7	14.1	17.1	16	9.1	4.9	16	12.8
10.01.1981	25.9	22	21.1	18.4	22.7	18.7	14.1	22.7	14.8
11.01.1981	3	6	2.8	1.4	3.8	3.6	1	3.8	0.2
12.01.1981	27	8.8	11.3	13.6	17	14.9	11	17	6.1
13.01.1981	22.2	18.1	13	16.1	19	18.7	21.2	19	14.8
14.01.1981	3	1.3	0.9	2.6	2	2.5	1.9	2	0.1
15.01.1981	26.9	15.5	21.6	15.3	28.6	16.9	13.2	28.6	17.5
16.01.1981	21.7	32.4	20	15.5	26.5	25.2	18.9	26.5	10.2
17.01.1981	4.1	6.7	4.5	3.2	7.3	4.6	3.9	7.3	3.3
18.01.1981	0	0	0	0	0	0	0	0	0
19.01.1981	0	0	0	0	0	0	0	0	0
20.01.1981	0.4	0	0	0.7	1.3	0	0	1.3	0
21.01.1981	0.1	1.3	5.1	2.7	0.5	1.3	1.1	0.5	0.7
22.01.1981	6.9	5.8	3.2	3.3	21.5	7.9	7.5	21.5	3.4
23.01.1981	4.2	1.5	0.7	0.7	7.7	1	5	7.7	0
24.01.1981	13.4	5	1.4	5.3	8.3	5.6	1.6	8.3	0.1
25.01.1981	15.9	19.3	5.7	12.5	10.1	10.7	12.1	10.1	8
26.01.1981	4.6	6	4.5	2.3	9.1	4.8	5.5	9.1	5
27.01.1981	0.3	4.1	0	0	2.2	3.3	3.7	2.2	0
28.01.1981	1.7	0	0	0	0	0	0	0	0
29.01.1981	0.1	0.6	2.8	0.1	1	0.9	0.6	1	0.6
30.01.1981	13.8	0.1	5.4	7	4.7	0.1	0.2	4.7	0.2
31.01.1981	18.6	16	15.9	17	17.3	15.1	14.3	17.3	11.7
01.02.1981	37.7	22.6	27.7	26.6	36.1	23	20.9	36.1	29.7
02.02.1981	14.4	5.6	8.6	15.1	11.1	12.3	6.3	11.1	7.3
03.02.1981	37.4	13.9	14	22.4	17.6	17.6	14.6	17.6	14.8
04.02.1981	6.5	3.7	4.9	7.1	5.5	4.2	4.1	5.5	4.1
05.02.1981	2.1	12.9	5.6	1.4	4.7	6.3	4.7	4.7	1.3
06.02.1981	0.7	3.9	0.4	0.6	4.9	2.9	3.4	4.9	0
07.02.1981	17	15	9.1	11.8	13.2	14	13.3	13.2	8.3
08.02.1981	12.4	13.9	8.4	6.3	12.7	11.6	12.7	12.7	5.7
09.02.1981	8.5	2.6	2	6.6	5.6	5.4	2.9	5.6	3.2
10.02.1981	4.3	4	7.8	5.8	6.3	3.5	1.6	6.3	5.6
11.02.1981	22.2	11.8	15.8	18.6	17.6	4	3.2	17.6	13.8
12.02.1981	0	1.7	0.4	0	0	3.9	0.1	0	0.4
13.02.1981	0.5	0	0	0.8	0	0	0	0	0.1
14.02.1981	2.8	16.2	7.8	7.6	13.4	12.8	12.7	13.4	1.6
15.02.1981	0.1	8.6	0	0.2	4.8	1.9	4.1	4.8	0
16.02.1981	3.1	4.2	2.4	1.4	4.4	4.9	6.1	4.4	3.8
17.02.1981	0	0	0	0	0	0	0	0	0
18.02.1981	0	0	0	0	0	0	0	0	0
19.02.1981	0	0	0	0	0	0	0	0	0
20.02.1981	0	0	0	0	0	0	0	0	0
21.02.1981	0	0	0	0	0	0	0	0	0
22.02.1981	0	0	0	0	0	0	0	0	0
23.02.1981	0	0	0	0	0	0	0	0	0
24.02.1981	0	0	0	0	0	0	0	0	0
25.02.1981	0	0	0	0	0	0	0	0	0
26.02.1981	0	0	0	0	0	0	0	0	0
27.02.1981	0	0	0	0	0	0	0	0	0
28.02.1981	1.3	0	0	0	0.2	0	0	0.2	0
01.03.1981	0	0	0	0	0	0	0	0	0
02.03.1981	0	0	0	0	0	0	0	0	0
03.03.1981	0	0	0	0	0	0	0	0	0
04.03.1981	2.4	4.5	4.2	1.2	4.1	4.5	0.6	4.1	3.7
05.03.1981	6.3	1	2.4	5.5	4.1	2.7	3.1	4.1	3.9
06.03.1981	0.8	0	0	0.7	0	0	0	0	0
07.03.1981	1.9	0.1	0	1.8	4.5	0.9	1.9	4.5	0
08.03.1981	6.2	0.9	0.6	4.7	4.1	3.9	5.8	4.1	1.8
09.03.1981	4.4	0.9	4.7	0.9	2.4	0.5	3.6	2.4	1.1
10.03.1981	3.6	3.2	1.8	1.9	2.8	1.2	0.2	2.8	0.1
11.03.1981	0	0	0	0	0	0	0	0	0
12.03.1981	5.1	0.1	6	8.8	7.9	2.9	2.8	7.9	8.7
13.03.1981	13.5	3.1	8.9	16.9	8.4	7.3	5.2	8.4	11.8
14.03.1981	5.6	2	2.8	4.6	2	3.3	2.9	2	2.8
15.03.1981	0.1	0	0	0.4	0.3	0	0	0.3	0.9
16.03.1981	0	0	0	0	0	0	0	0	0
17.03.1981	1.9	0	0	0.1	3.2	0	0	3.2	0
18.03.1981	0	0	0	0	0	0	0	0	0
19.03.1981	0	0	0	0	0	0	0	0	0
20.03.1981	2.3	0.7	0.8	0.9	2	2.7	1.7	2	2.1
21.03.1981	0	0	0	0.3	0	0	0	0	0.4
22.03.1981	2.4	0	0	2.4	5.8	0	0	5.8	4.4
23.03.1981	6.1	5.3	5.6	4.7	6.3	5.3	5.5	6.3	3.9
24.03.1981	3.3	2.2	0.7	1.6	3.3	3.8	3.2	3.3	1
25.03.1981	0.3	0	0	0	0	0	0	0	0
26.03.1981	0	0	0	0	0	0	0	0	0
27.03.1981	0	0	0	0	0	0	0	0	0
28.03.1981	0	0	0	0.8	0	0	0	0	0.4
29.03.1981	1.4	0	0	0	0.7	0	0	0.7	0
30.03.1981	0	0	0	0	0	0	0	0	0
31.03.1981	0	0	0	0	0	0	0	0	0
01.04.1981	0	0	0	0	0	0	0	0	0
02.04.1981	5.9	0.3	2.2	4	5.9	1.1	0.9	5.9	0.1
03.04.1981	8.5	4.7	5.2	7.6	6.4	5.4	6.7	6.4	7.4
04.04.1981	0.8	1.5	3.4	0.9	0	3.9	3.5	0	3.9
05.04.1981	0	0	0	0	0	0	0	0	0
06.04.1981	0	0	0	0	0	0	0	0	0
07.04.1981	0	0	0	0	0	0	0	0	0
08.04.1981	0	0	0	0	0	0	0	0	0
09.04.1981	6.8	7.8	10.7	6.9	8.8	6.7	6.8	8.8	7.3
10.04.1981	7.6	1.8	9.2	7	1.7	0.5	0.2	1.7	3.1
11.04.1981	6.7	9.8	10.5	5.2	12.1	15.6	17.8	12.1	9.7
12.04.1981	0.3	0	0	0	0	0	0	0	0
13.04.1981	10.1	3.5	2.8	9.5	7.4	5.3	2.5	7.4	5.4
14.04.1981	5.1	4.3	2.5	3.1	4.6	3.2	4.4	4.6	1.9
15.04.1981	2.7	9.3	5.9	2.2	8.2	9.2	6.4	8.2	7.4
16.04.1981	0	0	0	0	0	0	0	0	0
17.04.1981	0	0	0	0	0	0	0	0	0
18.04.1981	5.9	0	0	0	2.4	0	0	2.4	0
19.04.1981	1	0	0	0	0.8	0	0	0.8	0
20.04.1981	0	0	0	0	0	0	0	0	0
21.04.1981	2.9	4.3	1.3	1	5.2	5.5	6.3	5.2	2.7
22.04.1981	7.1	9.1	3.7	3.9	7.4	8.1	6.3	7.4	1.9
23.04.1981	4.9	5.7	6.2	2.5	5.8	8.5	1.2	5.8	8.6
24.04.1981	0	0	0	0	0	0	0	0	0
25.04.1981	0	0	0	0	3.2	0.2	0	3.2	0.9
26.04.1981	0.2	0	0	0	0.3	0	0	0.3	0
27.04.1981	6.1	1.9	3.9	3.8	2.8	3.7	2.1	2.8	3.6
28.04.1981	0	0	0	0	0	0	0	0	0
29.04.1981	0	0	0	0	0	0	0	0	0
30.04.1981	3.6	4.1	5.1	6.2	5.5	4.2	5.8	5.5	6.4
01.05.1981	5.2	14	6.6	4.1	9.4	13.1	14	9.4	4.8
02.05.1981	0.4	0	0	0	0.3	0	0	0.3	0
03.05.1981	2.1	0	0	0.2	0	0	0	0	0
04.05.1981	0	0	0	0	0	0	0	0	0
05.05.1981	0	0	0	0	0	0	0	0	0
06.05.1981	0	0	0	0	0	0	0	0	0
07.05.1981	0	0	0	0	0	0	0	0	0
08.05.1981	2.6	0.2	0.2	2.1	1.7	1.9	1.8	1.7	0.1
09.05.1981	0	0	0	0	0	0	0	0	0
10.05.1981	0	0	0	0	0	0	0	0	0
11.05.1981	0	0	0	0	0	0	0	0	0
12.05.1981	0	0	0	0	0	0	0	0	0
13.05.1981	0	0	0	0	0	0	0	0	0
14.05.1981	0	0	0	0	0	0	0	0	0
15.05.1981	2.4	0	0	1.7	0.8	0	0	0.8	0.7
16.05.1981	0	0	0	0	0	0	0	0	0
17.05.1981	0	0	0	0	0	0	0	0	0
18.05.1981	0	0	0	0	0	0	0	0	0
19.05.1981	0.1	0.1	0.3	0.1	0.2	0.3	0.1	0.2	0.4
20.05.1981	0	0.1	0	0	0	0.1	1.2	0	0
21.05.1981	0	0	0	0	0	0	0	0	0
22.05.1981	0	0	0	0	0.8	0	0	0.8	0.7
23.05.1981	0	0	0	0	0.9	0	0	0.9	0
24.05.1981	0.3	2.1	1.8	0.4	0	6.6	4.2	0	0.3
25.05.1981	0.4	0	0	0	0	0	0	0	0
26.05.1981	1.2	5.5	3.2	2.1	4.3	2.3	3.9	4.3	2.1
27.05.1981	0.2	0.1	0.4	0.6	0	0.1	0.1	0	0.4
28.05.1981	0	2.5	0.2	0.1	4.2	3.5	3.9	4.2	0.8
29.05.1981	11.4	5.7	5.4	16.1	13.1	8.6	8.1	13.1	10.5
30.05.1981	0.1	8.2	0.1	2.6	5.6	3.6	3.8	5.6	0.1
31.05.1981	0	0	0	0	0	0	0	0	0
01.06.1981	0	0	0	0	0	0	0	0	0
02.06.1981	2	1.9	2.1	4	1.5	3.4	3.3	1.5	0.6
03.06.1981	0	0	0	0	0	0	0	0	0
04.06.1981	6	3	3	4.4	4.9	4	4.2	4.9	4.2
05.06.1981	6.6	8.3	3.8	7.3	9.9	12.2	16.3	9.9	7.9
06.06.1981	14	13.8	8.5	10	17.4	14.2	13.1	17.4	11.4
07.06.1981	13.3	2.8	5.2	8.1	6.1	4.9	3.2	6.1	6
08.06.1981	11.3	4.4	5.4	10.6	9.1	8.3	5.2	9.1	8.2
09.06.1981	5.2	2.7	2.1	3.5	4.2	4.1	5.8	4.2	3.2
10.06.1981	2.5	0.9	1	1.7	2.3	2.5	3	2.3	1.9
11.06.1981	8.6	7.4	7.6	10.1	7.4	6.9	6.8	7.4	8.3
12.06.1981	0.5	3.5	2.2	0.2	1.1	2.8	1.9	1.1	1.2
13.06.1981	1.5	0	0	0.5	0	0	0	0	0
14.06.1981	2.7	3.8	6.8	6.7	6.1	4.6	4.5	6.1	7.6
15.06.1981	6.5	8.4	15	10.5	9.3	6.9	6	9.3	9
16.06.1981	2.8	0.1	0.6	2.6	1.8	0.6	0.1	1.8	0.1
17.06.1981	0	0	0	0	0	0	0	0	0
18.06.1981	0	0	0	0	0	0	0	0	0
19.06.1981	0	0	0	0	0	0	0	0	0
20.06.1981	0	0.7	0	0	0	0.3	0.1	0	0
21.06.1981	0	0	0	0	0	0	0	0	0
22.06.1981	1.4	1.2	1.2	0.6	1.6	1.6	2.1	1.6	1.7
23.06.1981	1	0.3	0.8	1	1	1	1.5	1	0.9
24.06.1981	6	1.5	3.2	4	5.2	2.8	2.2	5.2	2.8
25.06.1981	8.7	9.2	8.6	7.6	9.4	8.2	7.7	9.4	8.5
26.06.1981	0	0	0	0	0.8	0	0	0.8	0
27.06.1981	0.8	0	0	0	0	0	0	0	0
28.06.1981	0	0.2	0.1	0.2	3.3	0.5	0.5	3.3	0.1
29.06.1981	0	0.1	0.1	0	0	0	0.1	0	0
30.06.1981	0	0	0	0	0	0	0	0	0
01.07.1981	4.7	6.3	0.1	1.2	3.8	2.8	0	3.8	0
02.07.1981	1.3	0.9	4.1	1.5	2.2	2.2	2.3	2.2	4.1
03.07.1981	4.9	3.3	2.4	3.4	4.8	3.2	3.2	4.8	2.2
04.07.1981	0.1	0.1	1.5	0.1	0	0.1	0.5	0	2.1
05.07.1981	1.1	1.9	0.8	1.5	1.3	2.5	3.3	1.3	1.4
06.07.1981	0	0	0	0	0	0	0	0	0
07.07.1981	2.8	1.5	5.3	4.2	0	1.3	1.6	0	2.8
08.07.1981	8.2	3.4	4.3	4.6	7.5	3.3	2.8	7.5	5.3
09.07.1981	0	0	0	0	0	0	0	0	0
10.07.1981	0	0	0	0	0	0	0	0	0
11.07.1981	0.2	2.4	0	0	1.8	3.1	2.4	1.8	0
12.07.1981	4.4	2.8	2.4	3.4	3.8	5.5	7.4	3.8	2.7
13.07.1981	9	9.2	8.4	7.8	6.4	7.5	7	6.4	8.2
14.07.1981	3	6.7	5	4.5	5.6	6.9	7.7	5.6	5.2
15.07.1981	0.7	2.8	0.1	3.5	2.6	4.2	6.2	2.6	2.8
16.07.1981	2	1.7	1.3	1.5	2.1	2.2	0.9	2.1	2.7
17.07.1981	2.8	0	0	1.3	1.2	0	0	1.2	0
18.07.1981	0	0	0	1.6	0	0	0	0	0.1
19.07.1981	0	0	0	0	0	0	0	0	0
20.07.1981	0.1	0	0	0	0	0	0	0	0
21.07.1981	4.6	2.7	1.6	3.3	4.7	3.9	5	4.7	3
22.07.1981	2.4	0	0	2.5	1.9	0	0	1.9	1.6
23.07.1981	0	0	0	0	0	0	0	0	0
24.07.1981	0.4	0	0	0	0	0	0	0	0
25.07.1981	0.1	0.1	0.1	0.7	0	0.1	1.2	0	0
26.07.1981	0	0	0	0	0.4	0	0	0.4	0
27.07.1981	0	2.4	0.5	0.2	0.8	1.5	0.3	0.8	1.1
28.07.1981	0	0.3	0	0	0	0.1	0.1	0	0
29.07.1981	11.1	2.5	8.7	11.3	8	5.5	3.6	8	8.6
30.07.1981	2	6.1	1.8	1.8	4.9	4.4	3.7	4.9	1.7
31.07.1981	0.8	0.1	0	0.1	1.4	0.3	0.8	1.4	0
01.08.1981	2.6	6.8	6.4	4.4	4.6	6.3	7.6	4.6	5
02.08.1981	10.3	7.1	6.4	11.4	12.1	8.2	7.4	12.1	8.1
03.08.1981	9.2	4	9.7	12.5	8.3	7.1	3.7	8.3	9.1
04.08.1981	4.8	3.6	3.8	3.9	3.7	3	2.8	3.7	4.1
05.08.1981	0.6	0.1	0.2	1.3	1	0.2	0.1	1	0.1
06.08.1981	5.2	5	6.9	4.5	4.1	3.9	1.9	4.1	5.3
07.08.1981	0.1	3.7	1.5	1.4	2.6	5.3	7.8	2.6	1.4
08.08.1981	0.1	0	0	0	0	0	0	0	0
09.08.1981	0	0	0	0	0	0	0	0	0
10.08.1981	6.4	4.1	3.7	5.1	4.7	4.3	3.3	4.7	2.8
11.08.1981	0.6	0	0	0.3	0.9	0	0	0.9	0
12.08.1981	6.1	4.2	7.8	7.9	6.3	5.4	5.4	6.3	7.8
13.08.1981	8.3	5	4.2	9.1	10.1	7.5	8.2	10.1	3.3
14.08.1981	5.7	1.8	3.3	6.5	6.4	4.3	3.9	6.4	5.1
15.08.1981	5.4	6.3	9.5	8.4	8.6	6.1	5.9	8.6	9.8
16.08.1981	2.5	3.6	6.1	5.2	4.7	2.3	1.6	4.7	7.3
17.08.1981	1.6	4.3	2.6	0.1	0.1	2.4	0.4	0.1	0.8
18.08.1981	0	1	0	0.4	0.3	0.1	1.3	0.3	0
19.08.1981	8.5	4.4	5.8	8.4	8.6	6.9	11.1	8.6	8.7
20.08.1981	5.1	4.3	5.7	6.9	4.5	5.2	5.6	4.5	5.8
21.08.1981	0	1.6	0.6	0	0	4.2	3.3	0	0.5
22.08.1981	3.7	0.1	2.3	3.2	0.8	1.1	0.1	0.8	0.5
23.08.1981	0	3.7	1.3	0	0	5.1	3.5	0	0.8
24.08.1981	0.1	0	0	0.1	0.1	0	0	0.1	0
25.08.1981	0.1	3	0.3	0.2	0.3	2	1.1	0.3	0.1
26.08.1981	13	2.7	10.5	20.3	11.7	6.2	3.1	11.7	13.9
27.08.1981	1.1	0.1	4.3	2.2	0.8	0.4	0.1	0.8	2.7
28.08.1981	0.1	2.4	0	0	1.1	1.7	0.5	1.1	0
29.08.1981	0.1	0	0	0.1	0	0	0	0	0
30.08.1981	0.1	0	0	0	0	0	0	0	0
31.08.1981	0.1	0	0	0.1	0	0	0	0	0
01.09.1981	0.1	0	0	0.1	0	0	0	0	0
02.09.1981	0.1	0	0	0	0	0	0	0	0
03.09.1981	0.1	0	0	0.1	0.1	0	0	0.1	0
04.09.1981	0	0	0	0	0	0	0	0	0
05.09.1981	2.5	0	0	2.9	2.2	0	0	2.2	0
06.09.1981	33.9	19.8	12.2	28.4	23.4	22.9	24.3	23.4	25.2
07.09.1981	2.4	4.4	1.4	1.9	5.1	4.9	6.7	5.1	3.6
08.09.1981	1.6	6.1	0.1	0.6	3.2	4.6	5.6	3.2	0
09.09.1981	3.5	3.2	5.2	7.7	4.7	3.7	4.1	4.7	3.6
10.09.1981	0.1	0	0	0.1	0	0	0	0	0
11.09.1981	0.1	0	0	0	0	0	0	0	0
12.09.1981	0.1	0	0	0	0	0	0	0	0
13.09.1981	0.1	0	0	0	0	0	0	0	0
14.09.1981	0.1	0	0	0	0	0	0	0	0
15.09.1981	0.1	0	0	0	0	0	0	0	0
16.09.1981	0.1	0	0	0	0	0	0	0	0
17.09.1981	0	0	0	0	0	0	0	0	0
18.09.1981	5.6	0	0	2.5	2.4	0	0	2.4	0
19.09.1981	0	0	0.2	0	0.1	0.1	4.8	0.1	0
20.09.1981	0	0	0	0	0	0	0	0	0
21.09.1981	0	0	0	0	0.3	0	0	0.3	0
22.09.1981	7.7	1.2	4.3	5.3	5.4	4.9	6.7	5.4	4.7
23.09.1981	20.3	10.2	6.9	10	17.9	13.8	12.6	17.9	7.5
24.09.1981	4.3	2.5	3.8	3.3	3.3	3.1	1.9	3.3	1.5
25.09.1981	9.9	4.1	3.1	3.3	6.3	4.6	5.4	6.3	3.7
26.09.1981	6.4	11.2	6	7.2	13	13.2	14.3	13	7.9
27.09.1981	0	0	0	0	2.7	0	0	2.7	1.8
28.09.1981	29.9	26.8	30	27.6	26.2	27.8	30.9	26.2	29.9
29.09.1981	0	0	0	0	0	0	0	0	0
30.09.1981	10.8	7.2	4.4	6.1	8.8	9	3.1	8.8	4.5
01.10.1981	19.3	13.8	14.7	12.3	20.7	13.9	15.5	20.7	12.9
02.10.1981	31.6	22	20.3	27.9	25.9	21.5	20.3	25.9	22.9
03.10.1981	0.1	0	0	0.1	0.1	0	0	0.1	0
04.10.1981	2.2	0	0	2.4	3.1	0	0	3.1	1.8
05.10.1981	6.2	2.7	4.7	3.4	6.1	8	11	6.1	6.9
06.10.1981	5.5	14.1	7.5	11.6	14.5	12.7	12.8	14.5	14.8
07.10.1981	0.7	0.4	0.7	0.8	0	0.1	1.9	0	1.4
08.10.1981	8	4.5	5.6	4.8	1.2	4.2	4.3	1.2	4.5
09.10.1981	1.5	0	2.4	0.8	0.9	0.1	2.2	0.9	2.4
10.10.1981	4.7	23.4	0	0.3	11.9	10.5	10.1	11.9	0
11.10.1981	0.2	0	0	0.1	0.5	0	0	0.5	0
12.10.1981	1.9	0	0	4.5	1.3	0	0	1.3	2.8
13.10.1981	2.3	7.5	4.6	4.2	8.1	9.1	9	8.1	6.7
14.10.1981	3.4	4.5	7.1	5	6.2	8.2	10.8	6.2	7.7
15.10.1981	0.1	0	0	0	0	0	0	0	0
16.10.1981	0.1	0	0	0	0.5	0	0	0.5	0
17.10.1981	4.4	0.6	4.9	5.5	3	3.5	1.7	3	3.2
18.10.1981	1.6	3.7	3.1	0.6	0	4.1	0.4	0	4.7
19.10.1981	0	0	0	0	0	0	0	0	0
20.10.1981	9.1	5.5	3	6.8	11.1	14	17.3	11.1	6.4
21.10.1981	5.5	0	0	0	1.4	0	0	1.4	0
22.10.1981	0	0	0	0	0.6	0	0	0.6	0
23.10.1981	0.4	0	0	0	0	0	0	0	0
24.10.1981	0	0	0	0	0.1	0	0	0.1	0
25.10.1981	0.6	0	0	0.7	0	0	0	0	0.3
26.10.1981	0	0	0	0	0	0	0	0	0
27.10.1981	0	0	0	0	0	0	0	0	0
28.10.1981	0	0	0	0	0.2	0	0	0.2	0
29.10.1981	0	0	0	0	0	0	0	0	0
30.10.1981	0	0	0	0	0	0	0	0	0
31.10.1981	0	0	0	1.9	0.1	0	0	0.1	0.1
01.11.1981	0	0	0	0	0	0	0	0	0
02.11.1981	4.8	0.9	5.1	4.8	3.3	2.6	0.5	3.3	4.2
03.11.1981	1.2	2.5	2.3	1.7	0	3.7	3.3	0	3.1
04.11.1981	27.8	11.4	6.5	14.1	19.4	12.1	12.1	19.4	9.3
05.11.1981	60.8	35.5	24.1	50.7	43.1	39.3	34.2	43.1	37.2
06.11.1981	22.5	17.8	18.3	21.7	16.1	13.3	10.8	16.1	22.9
07.11.1981	0	6.4	0	0	2.5	2.2	0.2	2.5	0
08.11.1981	0	0	0	0	0	0	0	0	0
09.11.1981	0	0	0	0	0	0	0	0	0
10.11.1981	1.1	10.9	0	0.4	9.7	6.1	5	9.7	0
11.11.1981	4.7	12.2	5.1	6.7	9.9	9.6	5.3	9.9	5.6
12.11.1981	0	0	0	0	0	0	0	0	0
13.11.1981	10.2	11.2	4.6	7.5	14.7	11.7	9.5	14.7	7.3
14.11.1981	27.2	17.6	23.3	19.2	16.5	12.8	10.2	16.5	15.2
15.11.1981	0.1	0	0	0	0.2	0	0	0.2	0
16.11.1981	0.1	0	0	0.2	0.8	0	0	0.8	0
17.11.1981	3.5	7.7	0.9	2.4	8.7	5.6	2.2	8.7	0.8
18.11.1981	2.6	0	0	4.6	4.5	0	0	4.5	3.7
19.11.1981	21.6	5.6	8.7	13	11.2	8.7	7.2	11.2	8
20.11.1981	2.1	2.3	2.3	2.8	3.4	4.2	2.8	3.4	4
21.11.1981	10.4	12.3	15	12.9	14	14.2	13.3	14	14.8
22.11.1981	2.1	6.1	0.5	2	7	5.1	4.4	7	1.2
23.11.1981	16.1	4	10.2	13.3	12.8	10.3	10.6	12.8	15.3
24.11.1981	28.8	20.2	18.2	21.5	27.7	22.3	22.8	27.7	23.6
25.11.1981	12.2	6.6	4.3	10.4	15.7	7	4.3	15.7	1.6
26.11.1981	16.3	18.1	11.1	9	22.9	15.2	12.2	22.9	4
27.11.1981	0.3	0	0	0.3	0	0	0	0	0
28.11.1981	0.1	0	0	0.9	4.2	0	0	4.2	0
29.11.1981	2	3.3	0.2	0.8	3.7	1.9	1.5	3.7	0
30.11.1981	0	0.8	0	0	0	0.1	0.1	0	0
01.12.1981	0	0	0	0	0	0	0	0	0
02.12.1981	0	0	0	0	0	0	0	0	0
03.12.1981	10.5	3.7	10.8	14.2	9.3	8.2	4.4	9.3	6.3
04.12.1981	17.2	15.8	8.1	16.9	18.9	18.9	12.4	18.9	14.1
05.12.1981	23.1	28.8	18.8	13.8	26.7	23	17.3	26.7	13.4
06.12.1981	16.4	11.6	6.4	9	16.3	12.9	5.6	16.3	7.6
07.12.1981	0	0	0	1	0	0	0	0	0
08.12.1981	0	0	0	0	0	0	0	0	0
09.12.1981	0	0	0	0	0	0	0	0	0
10.12.1981	0	0	0	0	0	0	0	0	0
11.12.1981	0	0	0	0	0	0	0	0	0
12.12.1981	0	0	0	0	0	0	0	0	0
13.12.1981	0	0	0	0	0	0	0	0	0
14.12.1981	0	0.9	0	0	0	0.1	0.1	0	0
15.12.1981	0	0	0	0	0.9	0	0	0.9	0
16.12.1981	2.7	1.7	3	1.4	1.6	3.3	2.4	1.6	2.7
17.12.1981	0.4	0	0	0	0	0	0	0	0
18.12.1981	0.1	0	0	0.4	2	0	0	2	0
19.12.1981	3.4	0.5	0.4	2.6	4.3	0.1	0.1	4.3	0
20.12.1981	0	0	0	0	0	0	0	0	0
21.12.1981	0	0	0	0	0	0	0	0	0
22.12.1981	0	0	0	0	0	0	0	0	0
23.12.1981	0	0	0	0	0	0	0	0	0
24.12.1981	0	0	0	0	0	0	0	0	0
25.12.1981	0	0	0	0	0	0	0	0	0
26.12.1981	0	0	0	0	0	0	0	0	0
27.12.1981	0	0	0	0	0	0	0	0	0
28.12.1981	0	0	0	0	0	0	0	0	0
29.12.1981	1.1	0.1	1.3	1.9	1.1	0.6	1.6	1.1	0.3
30.12.1981	0	0	0	0	0	0	0	0	0
31.12.1981	0	0	0	0	0	0	0	0	0
01.01.1982	0	0	0	0	0	0	0	0	0
02.01.1982	6.9	0.1	3.8	7.7	10.2	3.9	3.1	10.2	4.5
03.01.1982	1.2	0.1	1.1	2.5	2.9	0.2	0.1	2.9	0
04.01.1982	0	0	0	0	0	0	0	0	0
05.01.1982	0	0	0	0	0	0	0	0	0
06.01.1982	0	0	0	0	0	0	0	0	0
07.01.1982	0	0	0	0	0	0	0	0	0
08.01.1982	0	0	0	0	0	0	0	0	0
09.01.1982	0.5	1.4	3.4	2.3	2	2	0.1	2	2.8
10.01.1982	3.5	2.4	4.3	3.2	6.7	6.5	5.6	6.7	3.4
11.01.1982	16.5	13.7	10.7	14.2	28	12	8.6	28	5
12.01.1982	7.2	5.5	1.6	4	5.6	4.9	4.3	5.6	0.1
13.01.1982	2.6	8.3	0.1	0.1	7.5	1.1	1.1	7.5	0
14.01.1982	0.1	0	0	0.6	2.5	0	0	2.5	0
15.01.1982	9.5	4.9	7.7	4.5	8.7	5.4	10.6	8.7	7.7
16.01.1982	0	0	0	0	0	0	0	0	0
17.01.1982	5.9	2.1	4	3	2.7	3.3	3.1	2.7	3
18.01.1982	8	0.6	4.8	3.4	7.8	0.2	6.8	7.8	6.4
19.01.1982	3.7	0	0	2.2	2.7	0.1	0	2.7	5.1
20.01.1982	0.1	0	0	0.1	0.1	0	0	0.1	0
21.01.1982	0	0	0	0	0	0	0	0	0
22.01.1982	0.1	0	0	0.1	0.2	0	0	0.2	0
23.01.1982	0.8	0	0	0	0	0	0	0	0
24.01.1982	3.3	2.3	4.5	3	3.1	2.9	2.5	3.1	6.3
25.01.1982	2.8	1.5	1.7	2.2	1.3	1.3	1.4	1.3	2.5
26.01.1982	12.7	4.6	9.4	12.3	8.9	6.7	6.2	8.9	8.2
27.01.1982	3.3	5.7	2.2	1.9	6.2	5.3	5.7	6.2	1.9
28.01.1982	4.1	5.2	0.1	1.2	4.8	2.6	3.1	4.8	0
29.01.1982	0.1	0	0	0	5.1	0	0	5.1	0
30.01.1982	5.7	8.2	1.4	5.4	6.7	6.9	6.8	6.7	2.9
31.01.1982	7.9	7.2	5.6	6.5	10	7.8	8.5	10	5.4
01.02.1982	0	0	0	0	0	0	0	0	0.5
02.02.1982	3.7	0.7	0.1	0	7.3	2.9	6.5	7.3	0
03.02.1982	0.5	0	0	0.2	0	0	0	0	0
04.02.1982	0	0	0	0	0	0	0	0	0
05.02.1982	0	0	0	0	0	0	0	0	0
06.02.1982	0.6	0	0	0	1.7	0	0	1.7	0
07.02.1982	8.3	2.5	4.1	4.8	3.4	3.6	3.9	3.4	3
08.02.1982	5.4	0	4.5	5.2	1.5	0.9	2.3	1.5	4.9
09.02.1982	0.1	0	0	0	2.5	0	0	2.5	0
10.02.1982	0	0	0	0.6	1.2	0.1	2.9	1.2	0
11.02.1982	0	0	0	0	0	0	0	0	0
12.02.1982	8.9	4	6.3	5.1	5.2	7.4	4.2	5.2	6.6
13.02.1982	2.1	11.2	3.5	4.2	8.3	8.2	5.8	8.3	5
14.02.1982	4.8	0	0	6	5.9	0	0	5.9	7.3
15.02.1982	8.7	5.1	5.5	5.9	6.2	5.5	6.7	6.2	5.8
16.02.1982	0	0	0	0	0.1	0	0	0.1	0
17.02.1982	0	0	0	0	0	0	0	0	0
18.02.1982	0	0	0	0	0	0	0	0	0
19.02.1982	0	0	0	0	0	0	0	0	0
20.02.1982	0	0	0	0	0	0	0	0	0
21.02.1982	0	0	0	0	0	0	0	0	0
22.02.1982	0	0	0	0	0	0	0	0	0
23.02.1982	0	0	0	0	0	0	0	0	0
24.02.1982	14.8	14.3	13.7	13.1	16.8	14.6	18.1	16.8	15.4
25.02.1982	0.5	9.9	0	0.1	5.6	1.2	2.7	5.6	0
26.02.1982	0	0	0	0	0	0	0	0	0
27.02.1982	0	0	0	0	0	0	0	0	0
28.02.1982	0.1	0	0	0.3	1.4	0	0	1.4	0
01.03.1982	3.9	6.8	5.4	1.5	5.1	6	3.6	5.1	3.4
02.03.1982	1.3	2.1	2.5	2.6	5.1	3.8	3.7	5.1	2.8
03.03.1982	7.3	2.7	0.3	1.3	4.4	1.5	2.7	4.4	0
04.03.1982	0	0	0	0	0	0	0	0	0
05.03.1982	6.6	10.1	4.3	3.3	8.3	7.7	5.5	8.3	0.2
06.03.1982	0.5	0	0	0.4	2.5	0	0	2.5	0
07.03.1982	13.4	16.5	4.7	6.5	13.5	15.6	17.7	13.5	4.6
08.03.1982	0	3.4	0	0	0	2.5	2.8	0	0
09.03.1982	0	0	0	0	0	0	0	0	0
10.03.1982	0	0	0	0	0	0	0	0	0
11.03.1982	0	0	0	0	0	0	0	0	0
12.03.1982	3.6	6.3	0.5	3.4	5.5	7.5	9.1	5.5	4.1
13.03.1982	0	0	0	0	0	0	0	0	0
14.03.1982	1.1	1.4	2.4	1.2	1.6	1.8	1.8	1.6	2.3
15.03.1982	0.1	0	0	0.4	1.6	0	0	1.6	0
16.03.1982	0	0	0	0	0	0	0	0	0
17.03.1982	0	0	0	0	0	0	0	0	0
18.03.1982	0	0	0	0	0	0	0	0	0
19.03.1982	0	0	0	0	0	0	0	0	0
20.03.1982	0	0	0	0	0	0	0	0	0
21.03.1982	0	0	0	0	0	0	0	0	0
22.03.1982	0	0	0	0	0	0	0	0	0
23.03.1982	1	6.9	1.4	1.4	4	8.9	10	4	2.2
24.03.1982	7	7.1	3.1	3	7.6	9.6	11.2	7.6	3.9
25.03.1982	12.9	22.3	6	10.7	20.5	18.9	16.7	20.5	6.8
26.03.1982	5.8	0	0	1.1	7.3	0	0	7.3	0
27.03.1982	15.2	8.6	17.3	16.8	15.9	12.5	5.2	15.9	12.8
28.03.1982	2.5	3.9	2.7	4.5	4.5	6.3	7.2	4.5	7.5
29.03.1982	0	0	0	0	0	0	0	0	0
30.03.1982	0	0	0	0	0	0	0	0	0
31.03.1982	3.7	3.3	6.6	3	6.7	4.6	5.3	6.7	7.6
01.04.1982	0.1	0	0.8	2.1	1.6	0	0	1.6	0.3
02.04.1982	0	0	0	0	0	0	0	0	0
03.04.1982	0.4	0	0	0	0	0	0	0	0
04.04.1982	4.7	9.5	4.7	6.6	8.5	13	13.8	8.5	10.4
05.04.1982	0	0	0	0	0	0	0	0	0.5
06.04.1982	2.6	5.8	5.4	6	7.2	4.8	4.7	7.2	4.3
07.04.1982	1.4	2.2	3.4	2.4	3	4.1	4.9	3	2
08.04.1982	4.2	9.7	3.3	5.1	6.5	6.2	7	6.5	5.1
09.04.1982	7.8	10.5	9.7	3.6	13.7	4.7	5	13.7	4.1
10.04.1982	12.8	18.2	14.8	12.6	21.9	15.1	8.7	21.9	9.6
11.04.1982	17.4	20.5	9.3	12.6	24.8	20.6	22.5	24.8	7.9
12.04.1982	37.9	23.4	20.2	20.6	33.7	20.1	14	33.7	6.5
13.04.1982	1	11.9	8.8	1.2	6.5	9.1	0.1	6.5	0.1
14.04.1982	1.6	1.8	1.8	1.3	1.8	1.6	2	1.8	1.1
15.04.1982	3.6	1.3	8.3	6.2	3.3	2.1	0.7	3.3	6.2
16.04.1982	14.2	2.8	5.3	12.1	7.3	7.6	5.5	7.3	8.7
17.04.1982	9.7	4.3	5.2	7.6	6.5	5.6	5.9	6.5	7.9
18.04.1982	0.5	9.3	0.2	0.6	3.7	1.9	0.1	3.7	0
19.04.1982	0.1	0	0	0	0	0	0	0	0
20.04.1982	0	0	0	0	0	0	0	0	0
21.04.1982	0	0	0	0	0	0	0	0	0
22.04.1982	0.2	0	0	0	0	0	0	0	0
23.04.1982	5.3	4.2	7.1	6.7	5.9	4.3	4.6	5.9	5.9
24.04.1982	3.1	1.9	5.1	0.9	3	1.3	9.8	3	5.3
25.04.1982	2.1	0	0	0	5.1	0	0	5.1	0
26.04.1982	4.8	4.9	3.4	5.7	5.5	6	8.4	5.5	8.4
27.04.1982	1.1	1.5	2.5	1.6	2.4	2.1	1	2.4	0.2
28.04.1982	11.1	8.1	13.2	15.5	16.7	11	8.3	16.7	14.4
29.04.1982	8.4	6	5.3	6.3	7.7	7	5.6	7.7	3.9
30.04.1982	2.3	0	0	1.6	2	0	0	2	0
01.05.1982	2.6	0.5	1.9	1.5	2.5	0.9	2.9	2.5	0.5
02.05.1982	2.8	5.8	8.4	4.8	4.6	5.6	3	4.6	5
03.05.1982	0	0	0	0	0	0	0	0	0
04.05.1982	0	0	0	0	0	0	0	0	0
05.05.1982	2.1	0	0	1.4	0.1	0	0	0.1	1.8
06.05.1982	0	0	0	0	0	0	0	0	0
07.05.1982	0.9	0	0	0	1.2	0	0	1.2	0
08.05.1982	0	0	0	0	0	0	0	0	0
09.05.1982	0	0	0	0	0	0	0	0	0
10.05.1982	0	0	0	0	0	0	0	0	0
11.05.1982	2	0	0	0.8	4.8	0	0	4.8	6.9
12.05.1982	0.7	0	0	0	1.2	0	0	1.2	0
13.05.1982	1.7	2.7	4.1	1.5	5.1	5.1	3.9	5.1	4.3
14.05.1982	0	0	0	0	0	0	0	0	0
15.05.1982	0	0	0	0	0	0	0	0	0
16.05.1982	0	0	0	0	0	0	0	0	0
17.05.1982	0	0	0	0	0	0	0	0	0
18.05.1982	0	0	0	0	0	0	0	0	0
19.05.1982	0	0	0	0	0	0	0	0	0
20.05.1982	2.4	2.5	0.4	2.4	3	3.1	4.7	3	1.9
21.05.1982	3	0	0	4	4.2	0.1	0	4.2	3.5
22.05.1982	0	0.5	2.8	0.7	0	1.4	5.1	0	1.2
23.05.1982	0.1	0	0	0.5	0.9	0	0	0.9	0
24.05.1982	0.6	0.1	0.5	0.8	1	0.1	0.1	1	0.2
25.05.1982	3.5	4	4	5.2	4.9	3.9	4	4.9	4.4
26.05.1982	15.7	7.2	5.8	8.6	9.4	7.3	5.2	9.4	7.2
27.05.1982	3.7	3.3	3.4	1.7	2.5	3.1	2.8	2.5	3.9
28.05.1982	0.1	0	0	0	0.1	0	0	0.1	0
29.05.1982	1.9	0	0	1.5	2.9	0	0	2.9	1.4
30.05.1982	1.3	0.1	4.7	5.2	0.8	0.1	5.2	0.8	0.1
31.05.1982	0	0	0	0	0.1	0.1	0.2	0.1	0
01.06.1982	0	0	0	0	0	0	0	0	0
02.06.1982	0	0	0	0	0	0	0	0	0
03.06.1982	0	0	0	0	0	0	0	0	0
04.06.1982	0	0	0	0	0	0	0	0	0
05.06.1982	0	0	0	0	0	0	0	0	0
06.06.1982	7.2	6	8.1	6.9	8.1	5.6	4.8	8.1	8.5
07.06.1982	0	0	0	0	0	0	0	0	0
08.06.1982	0.1	0	0	0	0	0	0	0	0
09.06.1982	0	0	0	0	0	0	0	0	0
10.06.1982	0	0	0	0	0	0	0	0	0
11.06.1982	0	4.7	1	0.6	5.3	3.3	3.3	5.3	3.3
12.06.1982	0	0	0	0	0	0	0	0	0
13.06.1982	0	0	0	0	0	0	0	0	0
14.06.1982	0	0	0	0	0	0	0	0	0
15.06.1982	0	0	0	0	0	0	0	0	0
16.06.1982	0	0	0	0	0	0	0	0	0
17.06.1982	0	0	0	0	0	0	0	0	0
18.06.1982	0	0	0	0	0	0	0	0	0
19.06.1982	0	0	0	0	0	0	0	0	0
20.06.1982	0	0	0	0	0	0	0	0	0
21.06.1982	0	0	0	0	0	0	0	0	0
22.06.1982	0	0	0	0	0	0	0	0	0
23.06.1982	0	0	0	0	0	0	0	0	0
24.06.1982	0	0	0	0	0	0	0	0	0
25.06.1982	0	0	0	0	0	0	0	0	0
26.06.1982	0	0	0	0	0	0	0	0	0
27.06.1982	0	0	0	0	0	0	0	0	0
28.06.1982	0.4	0	0	0.2	0.1	0	0	0.1	0
29.06.1982	0	0	0	0	0	0	0	0	0
30.06.1982	0.1	0	0	2	1.2	0	0	1.2	0.8
01.07.1982	9.5	2.6	4.8	7.2	8.5	3.1	3.8	8.5	1.8
02.07.1982	1.3	0	0	2.3	0	0	0	0	0.7
03.07.1982	7.8	4.2	5	8.2	8.6	6	5.9	8.6	7
04.07.1982	3.6	12.6	9.3	7.3	10.1	11.4	11.6	10.1	11.1
05.07.1982	1.9	4.3	11.8	7.2	6.2	8.4	7.3	6.2	11.9
06.07.1982	2.9	2.3	5.3	5	6.6	3.3	4.8	6.6	8.4
07.07.1982	0.1	2.8	2.2	0.2	2.6	3	0.1	2.6	0.1
08.07.1982	0.2	0.1	2.2	0.6	0	0.7	2.4	0	2.1
09.07.1982	0.3	0	0	0.3	0	0	0	0	1.2
10.07.1982	0	0	0	0	0	0	0	0	0
11.07.1982	0.1	0	0	0.5	1.3	0	0	1.3	0
12.07.1982	0.4	0	0	0.5	1.9	0	0	1.9	0.1
13.07.1982	0	0	0	0	0	0	0	0	0
14.07.1982	0	0	0	0	0	0	0	0	0
15.07.1982	0	0	0	0	0	0	0	0	0
16.07.1982	0	0	0	0	0	0	0	0	0
17.07.1982	0	0	0	0	0	0	0	0	0
18.07.1982	0.2	0.5	0.2	0.5	0.4	1.9	0.7	0.4	0.1
19.07.1982	0	0	0	0	0	0	0	0	0
20.07.1982	5.7	2.3	0.1	6.6	4.8	1	0.4	4.8	3.7
21.07.1982	0	0	0	0	0.2	0	0	0.2	0
22.07.1982	0	0	0	0	0	0	0	0	0
23.07.1982	0	0	0	0	0	0	0	0	0
24.07.1982	0	0	0	0	0	0	0	0	0
25.07.1982	0	0	0	0	0	0	0	0	0
26.07.1982	2.8	4.5	2.1	6	5.9	3.8	1.8	5.9	4.3
27.07.1982	0	0	0	0	0	0	0	0	0
28.07.1982	0	0	0	0	0	0	0	0	0
29.07.1982	0	0	0	0	0	0	0	0	0
30.07.1982	0	0	0	0	0	0	0	0	0
31.07.1982	0.1	0	0	0	0	0	0	0	0
01.08.1982	0	0	0	0	0	0	0	0	0
02.08.1982	0	0	0	0	0	0	0	0	0
03.08.1982	0	0	0	0	0	0	0	0	0
04.08.1982	0	0	0	0	0	0	0	0	0
05.08.1982	0	0	0	0	0	0	0	0	0
06.08.1982	1.6	0	0	0	0.5	0	0	0.5	0
07.08.1982	0	0	0	0	0	0	0	0	0
08.08.1982	0	0	0	0	0	0	0	0	0
09.08.1982	12.3	4.1	6.8	10.3	9	5.8	4.8	9	8.7
10.08.1982	6.6	2.6	0.6	4	5.5	3.3	2.9	5.5	2.5
11.08.1982	18.2	10.6	7.4	13.6	14.8	12	12.3	14.8	9.1
12.08.1982	7.7	1.3	1.4	5.3	4.4	4	2.6	4.4	1.1
13.08.1982	25.5	17.5	15.4	19.7	22.4	20.1	23.3	22.4	16.4
14.08.1982	19.6	6.9	5.8	11.2	10.4	8.4	9.5	10.4	6.7
15.08.1982	2.2	0.2	0.9	2.2	1.2	1.6	1.5	1.2	1
16.08.1982	0	0	0	0	0	0	0	0	0
17.08.1982	1	2.3	3	3.2	0	7	6.1	0	4.7
18.08.1982	0.5	0	0	0.3	0	0	0	0	0
19.08.1982	0.4	11.3	0	0.1	7.1	6.8	7	7.1	0
20.08.1982	0.1	11.9	0	0.4	11.4	9.9	9.3	11.4	0
21.08.1982	0.1	0	0	0	0	0	0	0	0
22.08.1982	0	1.6	3.8	0	0	2.9	0.1	0	1.4
23.08.1982	0.6	2.7	0.2	1.1	2.9	1.7	2.1	2.9	0.2
24.08.1982	0.2	0	0	0.7	0	0	0	0	0
25.08.1982	0.9	1.8	0.9	0.6	1.2	2.1	3.1	1.2	1.4
26.08.1982	6.3	2.4	0.2	1.4	6.5	1.7	4.4	6.5	0
27.08.1982	1.8	0	0	2.1	4.4	0	0	4.4	2.1
28.08.1982	18.5	1.7	10.5	10.9	8.7	4.6	0.1	8.7	7.3
29.08.1982	1.8	1	2.8	5.7	1.6	1.9	0.7	1.6	1.2
30.08.1982	8	2.9	5.2	5.4	7.1	5.5	5.7	7.1	5.9
31.08.1982	13.2	0.6	3.7	8.2	7.2	3.7	3.1	7.2	3.7
01.09.1982	5.5	2.8	6.3	8.3	7.3	4.5	3.6	7.3	7.1
02.09.1982	13	9.6	14.3	21.1	15.5	13	13.7	15.5	21.9
03.09.1982	24.2	11.4	26.2	32.1	16.7	14.7	8	16.7	26.4
04.09.1982	8.9	1.7	2	5.5	3.8	2.9	2.6	3.8	1.2
05.09.1982	8.2	5.5	5.8	7.5	7.8	10	13.2	7.8	8.8
06.09.1982	2	0	0	0	2.4	0	0	2.4	0
07.09.1982	0.1	0	0	0	0	0	0	0	0
08.09.1982	11.5	6.1	4.8	8.4	7.7	8.2	10.8	7.7	6.5
09.09.1982	3.2	4.3	7.8	5.8	3.8	5.9	4	3.8	7.2
10.09.1982	1.8	1.7	2.2	1.7	2.3	1.7	2	2.3	1.6
11.09.1982	30.3	18.2	18.8	28.9	27.2	20.8	16.7	27.2	20.3
12.09.1982	20	9.9	10.1	14	14	15	10.6	14	13.2
13.09.1982	5.5	6.1	3.9	4.8	6.8	9.9	10.8	6.8	3.7
14.09.1982	9.4	6.9	7.3	8.9	10.2	8.2	7.8	10.2	7.3
15.09.1982	10.5	4.3	8.2	14.4	8.1	8.8	4.8	8.1	0.9
16.09.1982	16.3	15.5	9.8	14.9	15.7	13.3	13	15.7	16.1
17.09.1982	0.1	0.2	0.1	0.3	1.6	0.6	0.9	1.6	0
18.09.1982	12.2	6.1	7.4	8.5	7.8	6.8	5.1	7.8	5.2
19.09.1982	51.8	44.5	41.8	52	51.1	43.1	42.2	51.1	47.9
20.09.1982	1.4	0.9	0.8	1.6	1.1	1.1	1.1	1.1	1.9
21.09.1982	15.8	12.1	6.3	11.8	15.5	12.4	13	15.5	9.9
22.09.1982	2.1	2.8	6.4	5.4	7.6	7.9	10.2	7.6	7.9
23.09.1982	3.5	3.1	5.3	4.5	5	7.7	9.4	5	8.1
24.09.1982	5.4	5.6	2	3.3	4.8	5.6	7.7	4.8	3.6
25.09.1982	0	0	0	0	0	0	0	0	0
26.09.1982	0.9	0	0	0	1.3	0	0	1.3	0
27.09.1982	9.4	13.5	4.3	5.8	15.6	9.5	11.4	15.6	7.2
28.09.1982	2.6	0.1	3.9	1.3	3.4	0.1	5.1	3.4	1.1
29.09.1982	0.5	0	0	0	1.6	0	0	1.6	0
30.09.1982	1.9	3.9	0.2	1.9	4.3	6.5	6.8	4.3	1.9
01.10.1982	0.3	0.6	0.1	3.2	0.9	1.1	2.6	0.9	0.5
02.10.1982	0.3	0	0	0.2	0	0	0	0	0
03.10.1982	8.9	0	0	3.5	7.5	0	0	7.5	7.6
04.10.1982	7.4	1.8	0.1	1.9	5.1	1.8	1.5	5.1	0
05.10.1982	1	0	0	0.5	0	0	0	0	0
06.10.1982	0	0	0	0	0	0	0	0	0
07.10.1982	0.2	0	0	0	0	0	0	0	0
08.10.1982	0.2	0	0	0	0	0	0	0	0
09.10.1982	0.1	0	0	0	0	0	0	0	0
10.10.1982	0.1	0	0	0	0	0	0	0	0
11.10.1982	0.1	0	0	0	0	0	0	0	0
12.10.1982	0.8	0.2	5	1.3	0	2.8	0.9	0	6.8
13.10.1982	0	0	0	1.9	2	0	0	2	0.5
14.10.1982	0	0	0	0	0	0	0	0	0
15.10.1982	0	0	0	0	0	0	0	0	0
16.10.1982	0	0	0	0	0	0	0	0	0
17.10.1982	0	0	0	0	0	0	0	0	0
18.10.1982	0	0	0	0	0	0	0	0	0
19.10.1982	0	0	0	0	0	0	0	0	0
20.10.1982	11.6	0.1	4.4	6.9	6.1	3	4.6	6.1	1.8
21.10.1982	36.8	12.4	15.4	24.2	17.2	17	19.6	17.2	16.8
22.10.1982	0	9.2	0.1	0.2	13.2	14.5	13.7	13.2	3.2
23.10.1982	9.5	5	5.3	8.1	7.1	7.2	9.1	7.1	6
24.10.1982	6.8	5.5	1.2	3.8	6.8	8.2	6.3	6.8	3.2
25.10.1982	1.4	5.6	0	0.8	5.2	2.3	3.7	5.2	0
26.10.1982	0.1	0	0	0	4.3	0	0	4.3	0
27.10.1982	12.6	6.4	4.9	8.6	8.6	6.2	5.7	8.6	5.9
28.10.1982	25	9.5	11.2	12.8	12.4	14.7	14.3	12.4	12.2
29.10.1982	0	0	0	0	0	0	0	0	0
30.10.1982	7.4	0.1	1.8	4.8	3.4	0.2	0.1	3.4	0.2
31.10.1982	0.8	0	0	0.4	0	0	0	0	0
01.11.1982	2.2	0	2.2	3	1.4	0	0.3	1.4	1.3
02.11.1982	23.4	10.7	12.9	20.7	18.7	14	11	18.7	17.8
03.11.1982	10.6	4.5	11.7	18	10.8	9.8	5.5	10.8	11.8
04.11.1982	3	6.7	6.6	5.7	7.5	10.8	13.9	7.5	11.9
05.11.1982	0	0	0	0	0	0	0	0	0
06.11.1982	0	0	0	0	0	0	0	0	0
07.11.1982	0	0	0	0	0	0	0	0	0
08.11.1982	0	0	0	0	0	0	0	0	0
09.11.1982	5.1	0	0	5.1	5.8	0	0	5.8	4.7
10.11.1982	13.6	3.4	4.6	9.1	7.6	6.6	6.2	7.6	4.6
11.11.1982	45.2	18.4	16.1	28.3	26.8	18.2	16.9	26.8	18.1
12.11.1982	16	7.7	5	9.7	9	11.6	10.5	9	6.1
13.11.1982	12.7	3.6	5.5	11.7	9.7	6.2	8.9	9.7	9.4
14.11.1982	0	0	0	0.2	0	0	0	0	0
15.11.1982	2.6	0	0	2.3	2.4	0	0	2.4	0
16.11.1982	14.2	8.9	9.1	11	12.6	12.1	12.4	12.6	10.5
17.11.1982	13.5	3.2	6.2	9.4	7.6	6.6	5.3	7.6	5.7
18.11.1982	3.4	0	0	0.1	6.9	0	0	6.9	0
19.11.1982	1.9	0	0	4.2	2.8	0	0	2.8	4.9
20.11.1982	13.9	9.1	6.5	10.7	11.7	13.4	14.9	11.7	7.7
21.11.1982	3	0.3	5.2	3.9	3.1	3.1	1.2	3.1	3.1
22.11.1982	22.2	7.4	4.9	14.3	13.8	11.4	11.6	13.8	7.6
23.11.1982	49.6	20.3	27.1	34.5	27.9	21.9	19.3	27.9	30.4
24.11.1982	8.4	7.1	5.6	6.5	10.6	8.7	8.3	10.6	7.7
25.11.1982	0	0	0	0	0	0	0	0	0
26.11.1982	0	0	0	0	0	0	0	0	0
27.11.1982	0	0	0	0	0	0	0	0	0
28.11.1982	1.2	0	0	0.4	0	0	0	0	0
29.11.1982	1.4	0	0	1.3	0.1	0	0	0.1	0.9
30.11.1982	1	3.4	2	2.6	2.5	5	2.9	2.5	0.5
01.12.1982	3.6	0.1	0.2	1.6	1.9	0.1	0.1	1.9	0.1
02.12.1982	4.5	3.1	2.7	1.7	2.5	6.2	5.2	2.5	4.4
03.12.1982	0	0	0	0	0	0	0	0	0
04.12.1982	0	0	0	0	0	0	0	0	0
05.12.1982	2.9	3.7	1	4.1	5	4.6	6.9	5	1.3
06.12.1982	15.7	15.1	10.4	15.5	14.7	11.1	8.4	14.7	11.1
07.12.1982	9.6	19	9.7	6.5	16.4	18.1	19.5	16.4	9.2
08.12.1982	0.1	0	0	0	0	0	0	0	0
09.12.1982	0	0	0	0	0	0	0	0	0
10.12.1982	3.5	0	0	3.4	0	0	0	0	10.7
11.12.1982	0	0	0	0	0	0	0	0	0
12.12.1982	0	0	0	0	0	0	0	0	0
13.12.1982	3.3	0	0	0.5	0	0	0	0	0
14.12.1982	0	0	0	0	1	0	0	1	0
15.12.1982	13.8	16.3	1.4	8	16.6	11.7	8.8	16.6	0.4
16.12.1982	27.8	14.6	16	18.6	16.2	13.3	11.4	16.2	11.8
17.12.1982	19.5	13.5	9.7	13.1	16.6	9.9	3.4	16.6	3.7
18.12.1982	17.9	13	14.8	12.1	13.6	11.5	10.3	13.6	10.3
19.12.1982	6.8	4	5.7	12.1	7.1	7.9	6.7	7.1	6.4
20.12.1982	0	0	0	0	0.5	0	0	0.5	0.3
21.12.1982	0	0	0	0	0	0	0	0	0
22.12.1982	0.9	0.2	6.6	0.7	0.1	0.1	1.8	0.1	0.5
23.12.1982	4.1	6.6	2.8	7.5	3.8	9	5.7	3.8	0.1
24.12.1982	1.3	1	1.8	3	1.3	1.8	1.5	1.3	1.3
25.12.1982	9.3	19.5	6.8	5.5	18.6	23.2	24.2	18.6	14.1
26.12.1982	20.4	0.1	7.5	9.7	0.9	5.5	2.9	0.9	1.7
27.12.1982	21.6	10.4	10.5	12	15.7	13.6	19.4	15.7	14.8
28.12.1982	21.5	10.9	15.5	15.2	12.8	11.4	15.2	12.8	10.5
29.12.1982	9.5	4.6	9	5.5	7.3	7.6	8.5	7.3	9.8
30.12.1982	0.9	0	0	2.9	0.3	0	0	0.3	0.2
31.12.1982	3.6	9	2.5	2.7	7	5.5	5	7	4.7
01.01.1983	0.4	0	0.1	0.1	0.1	0	0	0.1	0.2
02.01.1983	12.7	4.1	3.3	8.1	11.3	5.1	2.9	11.3	1.8
03.01.1983	11.2	16.6	4.9	6.8	14.5	14.6	16.9	14.5	9.1
04.01.1983	26	7.5	7.1	15.1	17.9	10.8	13.7	17.9	9.8
05.01.1983	10.4	2.9	0.1	8.8	3.6	5.4	4	3.6	3.5
06.01.1983	22.2	12.6	12.6	14.6	14.1	14.3	12.4	14.1	10.4
07.01.1983	15.8	17.7	11.9	12.3	14.1	16.3	17.8	14.1	14.9
08.01.1983	25	14.7	3.9	18.9	16.4	14.9	14.9	16.4	12.2
09.01.1983	18.4	9.9	12.4	14.7	10.8	3.2	1.8	10.8	8.1
10.01.1983	25.2	20.6	8	23.1	13.7	17.1	13.4	13.7	15
11.01.1983	40.8	11.1	18.5	18.1	24.7	21.9	13.3	24.7	16.7
12.01.1983	53.6	12.9	17.7	31.1	25.2	20.1	14.6	25.2	14.2
13.01.1983	16.2	9.4	8.3	15.4	15.3	12.3	8.2	15.3	11.2
14.01.1983	6.2	8.9	6.6	5.8	15.6	10.3	6.3	15.6	3.2
15.01.1983	1	0	0	0	1.5	0	0	1.5	0
16.01.1983	3.7	1.7	3.3	2.6	5	3.3	3	5	2.3
17.01.1983	7.6	5.7	7.2	6.6	7	6.1	4.1	7	5.7
18.01.1983	21.8	7.6	10.3	19.2	16.9	11.3	10.6	16.9	11.7
19.01.1983	12.5	18.2	17.3	10.4	19.3	12.1	8.7	19.3	11.2
20.01.1983	7.4	10.4	7.5	6.9	9.2	7	5.8	9.2	6.8
21.01.1983	56.3	41.6	59	61.4	55.8	47.7	37.1	55.8	53.9
22.01.1983	18.6	17.1	12.6	17.9	18.3	15.3	8.4	18.3	11.4
23.01.1983	10.3	6.3	10.5	14.5	13	16.7	22.3	13	17.8
24.01.1983	0.1	0	0	0.4	0	0	0	0	0.4
25.01.1983	21.4	11	12.3	15.8	14.6	12.2	11.1	14.6	13.7
26.01.1983	23.8	12.1	12.8	16	14.7	14.5	16.2	14.7	13.7
27.01.1983	35.3	22.3	26.3	32.9	30.8	25.5	25.3	30.8	37.4
28.01.1983	25.2	19.4	12	20.2	19.1	18.8	19.3	19.1	15.2
29.01.1983	3.2	2.7	4.1	3.9	4.1	4.2	3.8	4.1	3
30.01.1983	0	3.1	0	0	0	1.1	3.5	0	0
31.01.1983	3.2	0	0	0	3.5	0	0	3.5	0
01.02.1983	0	0	0	0	0	0	0	0	0
02.02.1983	1.1	0.7	0.8	1.5	0	1.8	0.1	0	0.1
03.02.1983	14.8	8.3	16.5	15.3	18.3	5.2	1.8	18.3	2.1
04.02.1983	19.8	16.3	18.8	20.2	20.2	14.8	11.3	20.2	16.4
05.02.1983	0.9	0	0	0.1	0.8	0	0	0.8	0
06.02.1983	0	0	0	0	0	0	0	0	0
07.02.1983	0	0	0	0	0	0	0	0	0
08.02.1983	0	0	0	0	0	0	0	0	0
09.02.1983	0	0	0	0	0	0	0	0	0
10.02.1983	0.2	0	0	0	0	0	0	0	0
11.02.1983	1.8	2.6	0.6	1.2	1.7	2.3	2.1	1.7	1
12.02.1983	0	0	0	0	0	0	0	0	0
13.02.1983	0.5	12.3	4.3	7.4	11	7.2	8.1	11	1.7
14.02.1983	0.3	0	0	0.1	0	0	0	0	0
15.02.1983	0	0	0	0	0	0	0	0	0
16.02.1983	0	0	0	0	0	0	0	0	0
17.02.1983	0	0	0	0	0	0	0	0	0
18.02.1983	0	0	0	0	0	0	0	0	0
19.02.1983	0.1	0.3	0	0	1.1	0.8	0.7	1.1	0
20.02.1983	2.6	3.3	1.3	3.1	6.1	5.2	1.6	6.1	0.3
21.02.1983	0.3	6.5	4.2	1.1	6.5	3.7	6.2	6.5	0.5
22.02.1983	4.4	4.3	4.5	3.2	6.7	6.8	7.5	6.7	5
23.02.1983	0	0	0	0	0	0	0	0	0
24.02.1983	0	0	0	0	0	0	0	0	0
25.02.1983	0	0	0	0	0	0	0	0	0
26.02.1983	0	0	0	0	0	0	0	0	0
27.02.1983	0	0	0	0	0	0	0	0	0
28.02.1983	0	0	0	0	0	0	0	0	0
01.03.1983	0	0	0	0	0	0	0	0	0
02.03.1983	0	0	0	0	0	0	0	0	0
03.03.1983	0	0	0	0	0	0	0	0	0
04.03.1983	8.1	2.2	2.2	3.6	3.1	4.2	4.7	3.1	1
05.03.1983	14.3	6.6	5	9.3	12.5	8.4	8.4	12.5	6.3
06.03.1983	2.1	3.8	2.7	2.1	5	7	10.1	5	4
07.03.1983	17.5	21.9	19.7	16.8	19.4	17.7	19	19.4	15.9
08.03.1983	7.8	8.7	11.8	7.8	11	7.2	8.8	11	9.6
09.03.1983	53.6	38.2	67.7	62.5	49.1	45.4	37.4	49.1	62.3
10.03.1983	8.7	7.8	10.3	11.9	9.6	8.2	6.3	9.6	13.7
11.03.1983	4.5	9.9	4	4.3	10.8	7.3	6.6	10.8	5.3
12.03.1983	1.6	4.3	4.9	1.2	4.3	2.5	1.9	4.3	4.5
13.03.1983	2.3	4.1	3	1.8	3	4.9	6.3	3	3.4
14.03.1983	4.7	0.5	5	2.9	2.2	0.6	5.6	2.2	4
15.03.1983	3.8	1.6	2.1	3.2	4.3	3.1	3.7	4.3	3.1
16.03.1983	0	0	0	0.1	0	0	0	0	0
17.03.1983	0.2	0	0	0	0	0	0	0	0
18.03.1983	6.6	12.8	4.7	5.4	12.4	8.4	5.7	12.4	1.8
19.03.1983	1.5	3.9	2.7	1.9	3.7	4	3.4	3.7	3.6
20.03.1983	0	0	0	0	0	0	0	0	0
21.03.1983	1.4	8.8	1	2.7	7.1	8.6	7.1	7.1	1.1
22.03.1983	0	0	0	0	0	0	0	0	0
23.03.1983	0.2	1	0.1	0.4	0.6	0.1	0.1	0.6	0
24.03.1983	1.7	0.5	0.3	1.8	0	0.5	1.2	0	0
25.03.1983	0	0	0	0	0	0	0	0	0
26.03.1983	0.3	0	0	0	0	0	0	0	0
27.03.1983	3.2	1.5	2.2	3.5	3.5	3.3	1.5	3.5	1.6
28.03.1983	0	0	0	0	0	0	0	0	0
29.03.1983	0	0	0	0	0	0	0	0	0
30.03.1983	0	0	0	0	0	0	0	0	0
31.03.1983	0	0	0	0	0	0	0	0	0
01.04.1983	0.4	0.1	0.9	0.8	3.4	0.4	0	3.4	0.3
02.04.1983	1.2	0	0	0.6	0	0	0	0	0.6
03.04.1983	0	0	0	0	0	0	0	0	0
04.04.1983	0	0	0	0	0	0	0	0	0
05.04.1983	0	0	0	0	0	0	0	0	0
06.04.1983	0	0	0	0	0	0	0	0	0
07.04.1983	0	0	0	0	0	0	0	0	0
08.04.1983	0.4	1.9	1.9	0	2	3.3	2.5	2	1.4
09.04.1983	7.5	5.2	12.3	9.6	11.8	8.8	6.2	11.8	12.4
10.04.1983	2.1	3.6	5.4	2.2	3	5.9	3.3	3	8.5
11.04.1983	0	0	0	0	0	0	0	0	0
12.04.1983	0	0	0	0	0	0	0	0	0
13.04.1983	0	0	0	0	0	0	0	0	0
14.04.1983	0.1	0	0	0.1	1.3	0	0	1.3	0
15.04.1983	6	4	3.6	4.8	2.7	4.8	1.9	2.7	0.3
16.04.1983	4.8	6.8	4.4	1.5	5.2	6.8	10.4	5.2	7.4
17.04.1983	3	0	0	2.8	7.8	0	0	7.8	3.4
18.04.1983	12.6	9.6	7.4	11	13.8	10.1	10.6	13.8	8.3
19.04.1983	3.6	1	1.1	3.4	3.2	1.9	1.6	3.2	0.1
20.04.1983	8	0	0	8.5	3.5	0.1	0	3.5	0.6
21.04.1983	0.4	0	0	0	0	0	0	0	0
22.04.1983	2.8	0.7	2.8	1.9	1.5	0.6	6.4	1.5	0.6
23.04.1983	2.2	9.5	4.3	2.6	5.3	7.2	9.5	5.3	3.2
24.04.1983	0	0	0	0	0	0	0	0	0
25.04.1983	0	0	0	0	0	0	0	0	0
26.04.1983	0	0	0	0	0	0	0	0	0
27.04.1983	0	0	0	0	0	0	0	0	0
28.04.1983	0	0	0	0	0	0	0	0	0
29.04.1983	0	0	0	0	0	0	0	0	0
30.04.1983	0	0	0	0	0	0	0	0	0
01.05.1983	0.5	0	1.3	2.2	0.5	0	0	0.5	2
02.05.1983	0	0.1	1	0	0	0.2	0.5	0	0.9
03.05.1983	0	0	0	0	0	0	0	0	0
04.05.1983	0.1	0	0	0	0	0	0	0	0
05.05.1983	0.1	0	0	0	0	0	0	0	0
06.05.1983	0.1	0	0	0	0	0	0	0	0
07.05.1983	0	0	0	0	0	0	0	0	0
08.05.1983	0	0	0	0	0	0	0	0	0
09.05.1983	0	0	0	0	0	0	0	0	0
10.05.1983	0	0	0	0	0	0	0	0	0
11.05.1983	7.3	11.7	13	10.2	13.6	12.4	8.5	13.6	16.6
12.05.1983	1.1	6.6	0.1	0.5	3	6.5	4.7	3	1.7
13.05.1983	0.4	0	0	0	0.6	0	0	0.6	0
14.05.1983	3.1	3.3	2	2.7	3.5	3.7	2.4	3.5	3
15.05.1983	0.1	0.1	2.4	1.8	0	1.2	0.8	0	3.8
16.05.1983	0	3	1.3	0	0	3.3	4.4	0	0.9
17.05.1983	0	0	0	0	0	0	0	0	0
18.05.1983	1.8	0.8	0.3	0.8	1.7	1.7	2.3	1.7	1
19.05.1983	2.1	3.4	3.2	2.2	2.8	3.6	3.7	2.8	2.7
20.05.1983	0.7	4.6	0.2	0.5	3.8	6.4	5.8	3.8	0.9
21.05.1983	0	0	0	0	0	0	0	0	0
22.05.1983	0	10.4	0.1	0.5	10.7	12.4	10.6	10.7	0.2
23.05.1983	11.3	8	8.5	5.9	8.2	7.5	6.7	8.2	4.1
24.05.1983	1.1	5.3	1.1	0.7	3.2	4.6	3.2	3.2	1.4
25.05.1983	0	0	0	0	0	0	0	0	0
26.05.1983	0.5	2.7	2.5	1.2	2.1	2.4	2.3	2.1	2.8
27.05.1983	2	2.1	0.1	1.1	1.2	1.6	2.5	1.2	0.4
28.05.1983	0.6	1.1	1.1	1.1	0.6	1.2	2	0.6	1
29.05.1983	2.9	2.7	3	3.3	2.5	2.4	1.1	2.5	3.3
30.05.1983	0.1	1.4	0.5	1.4	1.3	1.5	2.2	1.3	0.9
31.05.1983	10.1	0	0	13.5	6.5	0	0	6.5	17.4
01.06.1983	4.9	0.1	8.2	8.9	3.3	4.2	0.9	3.3	9.7
02.06.1983	4.4	7.4	5.5	5	7.4	6.8	9.4	7.4	7.1
03.06.1983	0.1	0	0	0	0	0	0	0	0
04.06.1983	0	0	0	0	0	0	0	0	0
05.06.1983	0	0	0	0.2	0	0	0	0	0
06.06.1983	0	0	0	0	0	0	0	0	0
07.06.1983	0	0	0	0	0	0	0	0	0
08.06.1983	0	0	0	0	0	0	0	0	0
09.06.1983	4.3	2.1	1.9	2.4	3	2.6	2.8	3	1.8
10.06.1983	6.9	3.9	5.9	5.9	6.9	6.4	7.4	6.9	6.6
11.06.1983	3.5	0.5	2.5	1.6	1.8	1	2.9	1.8	0.4
12.06.1983	3.8	0.9	2.5	3.8	1.2	1.2	1.6	1.2	2.7
13.06.1983	0	0	0	0	0.2	0	0	0.2	0
14.06.1983	0.1	0	0	0	0	0	0	0	0
15.06.1983	0	0	0	0	0	0	1.4	0	0
16.06.1983	2.1	5.4	6.6	6	5	5	6.2	5	7
17.06.1983	0	0.4	0.1	0.3	0.2	0.2	0.1	0.2	0
18.06.1983	0	0	0	0	0	0	0	0	0
19.06.1983	9.7	5.8	4.2	8.1	11	5.6	5.8	11	3.8
20.06.1983	0	0.4	0.2	0.4	0.2	0.1	0.1	0.2	0
21.06.1983	0	0	0	0	0	0	0	0	0
22.06.1983	0	0	0	0	0	0	0	0	0
23.06.1983	3	0.8	1.2	2.4	3.1	1.6	1.3	3.1	1.1
24.06.1983	1.1	6	6.6	3.8	4.3	3.5	2.1	4.3	2
25.06.1983	0	0.2	0	0	0.2	0.1	0.1	0.2	0
26.06.1983	3.2	0.8	4.5	0	5.1	3.2	4.9	5.1	1.8
27.06.1983	7	5.4	4.9	8.9	6.6	6.3	4.5	6.6	5.6
28.06.1983	1.1	1.3	1.3	2.1	0.8	1.1	1.2	0.8	1.1
29.06.1983	0	0	0	0	0	0	0	0	0
30.06.1983	0	0.1	0.2	0	0	0	0.2	0	0
01.07.1983	0	7.6	0.1	0.3	9.8	11.6	0.1	9.8	1
02.07.1983	0	0	0	0	1.3	0	0	1.3	0.1
03.07.1983	1.4	0.2	2.8	1.9	0	0.7	1.1	0	0.4
04.07.1983	2.7	0.6	1.4	0.8	0.1	0.8	0.2	0.1	1.5
05.07.1983	2.8	0.2	2	2.9	1.1	1.9	1.4	1.1	2.3
06.07.1983	0	0	0	0	0.1	0	0	0.1	0.3
07.07.1983	0	0	0	0	0	0	0	0	0
08.07.1983	0	0	0	0	0	0	0	0	0
09.07.1983	0	0	0	0.2	0	0	0	0	0
10.07.1983	0	0	0	0	0	0	0	0	0
11.07.1983	0	0	0	0	0	0	0	0	0
12.07.1983	0	0	0	0	0	0	0	0	0
13.07.1983	0	0	0	0	0	0	0	0	0
14.07.1983	0	0	0	0	0	0	0	0	0
15.07.1983	3.3	1.4	1.9	1.9	1.2	1.3	0.6	1.2	0.3
16.07.1983	19.2	9.6	13.7	13.8	13.4	12.3	10	13.4	12.8
17.07.1983	1.2	4.8	1.1	2.1	2.4	3.1	2.1	2.4	3.6
18.07.1983	0.2	0.6	1.1	0.1	1.5	0.1	0.1	1.5	0.1
19.07.1983	11.1	7.8	12.4	12	10.7	9.5	7.7	10.7	12
20.07.1983	5.8	0.1	7	4.4	13.6	9.9	9	13.6	5.9
21.07.1983	2.2	5.4	2.1	2	3.8	5.4	7.2	3.8	3.6
22.07.1983	1.8	3.2	3.8	2.8	3.2	3.2	4.2	3.2	2.7
23.07.1983	1.7	1.8	4.4	2.6	3.7	3.1	3.5	3.7	4.8
24.07.1983	0.1	0	0	0	0	0	0	0	0
25.07.1983	0	0	0	0	0	0	0	0	0
26.07.1983	0	0	0	0	0	0	0	0	0
27.07.1983	0	0	0	0	1.7	0	0	1.7	2
28.07.1983	3.6	2.8	0.4	3.5	4.3	2.2	1.6	4.3	0.7
29.07.1983	0.6	0.9	2.5	1.1	0.4	1.8	2.2	0.4	1.1
30.07.1983	6.8	5.6	8	12.3	17.1	8.9	7.7	17.1	13.7
31.07.1983	1.1	0	0	0	2.6	0	0	2.6	0
01.08.1983	1.4	1.2	1.7	0.7	1	1.6	2.2	1	1.5
02.08.1983	16.6	24.8	18	17.4	21.1	26.6	31.9	21.1	21.6
03.08.1983	12	5.6	3.4	7.3	4.1	4.3	4.2	4.1	3.1
04.08.1983	3	8.9	1.7	1.4	7.4	9.9	11.5	7.4	4.3
05.08.1983	0.7	0	0	0.8	1.3	0	0	1.3	1.9
06.08.1983	0	0	0	0	0	0	0	0	0
07.08.1983	0	0	0	0	0	0	0	0	0
08.08.1983	0	0	0	0	0.1	0	0	0.1	0
09.08.1983	0	0	0	0	0	0	0	0	0
10.08.1983	0	0	0	0	0	0	0	0	0
11.08.1983	0	0	0	0	0	0	0	0	0
12.08.1983	3.6	4	6.5	6.3	10.6	5.3	2.1	10.6	4.6
13.08.1983	1.4	0.9	4	2.9	0	2.6	2.2	0	4.3
14.08.1983	0	0	0	0	1.4	0	0	1.4	1.8
15.08.1983	2.9	0.1	3.2	2	1.6	0.4	0.1	1.6	1.6
16.08.1983	52.1	28.9	28.5	37.8	35.9	25.8	25.3	35.9	30.6
17.08.1983	4.6	3.3	5.6	6.3	7.3	7	6.6	7.3	6.7
18.08.1983	0.1	0	0	2.7	0.1	0	0	0.1	0.6
19.08.1983	1	3.2	1.4	1.5	2.7	4.3	5.5	2.7	1.9
20.08.1983	0	0	0	0	0.2	0	0	0.2	0
21.08.1983	0	0	0	0	0	0	0	0	0
22.08.1983	5.8	0.6	2.7	3.7	3.7	1.6	1.1	3.7	2.3
23.08.1983	19.1	16.4	8.1	14.2	18.3	11.8	10	18.3	13.9
24.08.1983	0	0	0	0	0	0	0	0	0
25.08.1983	0	0	0	0	0.4	0	0	0.4	0
26.08.1983	1.5	6	2.4	0.2	4.6	7.3	1.7	4.6	4.6
27.08.1983	0	0.5	0	0	1	0.1	0.1	1	0
28.08.1983	0	0	0	0.3	0	0	0	0	0
29.08.1983	0.1	0.2	0.8	0	0.8	0.3	0.1	0.8	0.4
30.08.1983	0.1	3.5	0.3	2.1	3.7	5.2	3.9	3.7	0.6
31.08.1983	15.1	12.9	14.4	18.5	15	11.2	8	15	12.8
01.09.1983	1.1	1.1	0.4	1.3	1.8	1.7	1.6	1.8	0.1
02.09.1983	0	0	0	0	0	0	0	0	0
03.09.1983	0.7	0	0	3.5	1.9	0	0	1.9	0.6
04.09.1983	6.2	0.1	1.9	3.9	0	0.1	0.4	0	0.7
05.09.1983	2.4	1.1	1.6	2.2	4.7	2.5	2.7	4.7	2.2
06.09.1983	1.6	1.1	2.2	1.1	1.3	0.2	0.1	1.3	0.1
07.09.1983	1.7	3.6	1.9	1.7	3.1	4.5	4.9	3.1	2.7
08.09.1983	3.6	10.6	4.9	2.2	6.9	6.2	7.9	6.9	8.4
09.09.1983	0	0	0	0	0.1	0	0	0.1	0
10.09.1983	0.2	0	0	0.3	0	0	0	0	0
11.09.1983	3.3	0	0	2.5	0.1	0	0	0.1	2.7
12.09.1983	1.8	5.6	0.3	0.6	2.7	1.8	4.1	2.7	0
13.09.1983	0.2	0	0	0.4	0	0	0	0	0
14.09.1983	0.5	0	0	0	0.6	0.1	2.4	0.6	0
15.09.1983	1.7	0.8	1.7	3	0.7	1.3	1.7	0.7	0.8
16.09.1983	0.1	4.6	1	0.6	2.9	2.9	2.8	2.9	1.3
17.09.1983	2.9	0.1	3	3.4	0.8	0.1	0.1	0.8	2.9
18.09.1983	0.2	0	0	0.1	0	0	0	0	0
19.09.1983	5.8	3.3	0.8	3.2	4.8	3.7	4.7	4.8	1.7
20.09.1983	40.5	4.3	19.4	24	25.2	3.9	10.8	25.2	10.1
21.09.1983	25	14.9	9.5	16.9	18.3	16	17.9	18.3	15.7
22.09.1983	0.2	3	0.1	1.9	2.7	3.6	0.6	2.7	0.1
23.09.1983	4.3	3.8	5.7	5.8	5.1	3.7	3.5	5.1	5
24.09.1983	55.4	38.7	39.8	47.9	48.2	40.3	34.8	48.2	39.5
25.09.1983	4.6	2.4	1.2	4.4	3.6	3.9	3.5	3.6	2.7
26.09.1983	38	7.6	10.5	26.9	21.1	9.6	3.9	21.1	8.8
27.09.1983	18.7	11.6	20.4	18.4	18.5	14.5	6.8	18.5	15
28.09.1983	13	19.1	18.4	15.7	19.6	20.5	16.7	19.6	22.4
29.09.1983	2.4	0.9	3.1	2.6	1.1	2.1	2.2	1.1	1.7
30.09.1983	0.6	5.1	3.4	3.7	2.6	4.6	3.7	2.6	2.1
01.10.1983	0	0	0	0	0.2	0	0	0.2	0
02.10.1983	1.4	0	1.7	1.1	0.5	0.1	0.1	0.5	1.2
03.10.1983	6.2	6.2	8.8	6.3	7.5	6.6	5.2	7.5	7.1
04.10.1983	17.5	16	18.2	20.3	19.2	16.2	13.8	19.2	15.9
05.10.1983	26	13.8	13.1	19.1	21.1	18.5	21.2	21.1	15.6
06.10.1983	13.6	6.2	8.5	12.8	9.7	9.4	6.7	9.7	8.3
07.10.1983	0.5	2.1	2	1.8	1.2	3	2.4	1.2	0.7
08.10.1983	3.7	2	4.4	3.3	4.5	4.9	3.4	4.5	5.8
09.10.1983	3.2	0.4	7.3	2.7	3	0.5	8.6	3	5.1
10.10.1983	0.7	0	0	1.3	1.1	0.2	0	1.1	1.5
11.10.1983	0.1	0	0	0.4	2.7	0	0	2.7	0
12.10.1983	3.4	0.3	2.7	1.6	0.2	1	4.7	0.2	0.1
13.10.1983	9.3	6.8	8.6	8.7	10	8.5	7.4	10	11
14.10.1983	4.1	0.1	0.9	2	1.1	0.7	2	1.1	1.1
15.10.1983	32.7	9.7	12.5	21.4	19	14.7	12.3	19	14.8
16.10.1983	1.6	24.5	8.8	0	15.7	25.9	25.1	15.7	5.5
17.10.1983	8.9	11.5	10.5	10.3	10.2	8	8.4	10.2	10.8
18.10.1983	2.3	0.2	1.7	5.4	1.2	0.1	0.1	1.2	3.8
19.10.1983	9.2	3.5	3.8	6.7	4.1	5.6	7.6	4.1	4.6
20.10.1983	25.8	15.9	11.8	20.4	26.6	21.6	14.9	26.6	21.7
21.10.1983	19.6	17.1	29.5	23	21.9	16.3	7.7	21.9	20.4
22.10.1983	14.4	5.8	23.6	18.7	11	3	0.1	11	9.3
23.10.1983	14.8	1.7	7	6.7	9.4	6.6	3.5	9.4	6
24.10.1983	37.1	20.1	9.5	25.2	25.1	22	20.7	25.1	18.6
25.10.1983	9.1	3.2	6.3	5.1	7.9	5.5	5.3	7.9	4.5
26.10.1983	29.2	13.8	15.6	25.3	18.1	17.2	15.2	18.1	17.5
27.10.1983	35.4	46.4	36.7	47.2	49.4	42.3	40.6	49.4	47.7
28.10.1983	24.3	20.4	13.3	14.3	22.1	16.7	13.4	22.1	13.9
29.10.1983	3.9	3.1	0.8	2.5	1.6	0.8	0.7	1.6	0.1
30.10.1983	64.5	20.3	30.7	27.4	42	22.2	13.1	42	0.1
31.10.1983	58.2	27	32.3	42.7	30.1	23.8	20.7	30.1	35.5
01.11.1983	25.3	18	17.8	17.8	21.1	18.2	20	21.1	16.1
02.11.1983	22.7	15.6	10.5	21.3	15.9	16.8	15.7	15.9	20.2
03.11.1983	3.3	1	0.1	3.6	3	2.3	3.1	3	3.4
04.11.1983	14.8	6	5.5	12.4	10.6	9	6.1	10.6	9
05.11.1983	5	0	0	0	1.3	0	0	1.3	0
06.11.1983	42.6	34.4	29.8	35.9	35.5	33.3	31.4	35.5	32.7
07.11.1983	23.2	13.3	14.2	19.6	18.2	13.4	11.4	18.2	12.7
08.11.1983	0	0	0	0	0.5	0	0	0.5	0
09.11.1983	22.9	15	20.7	22.9	21.1	16.9	13.2	21.1	17.7
10.11.1983	0.1	0	0	0.2	0.1	0	0	0.1	0
11.11.1983	0.1	0	0	0	1.1	0	0	1.1	0
12.11.1983	0.1	0	0	0	0	0	0	0	0
13.11.1983	0.5	2.4	2	0	3	5.9	3.4	3	1.5
14.11.1983	0.3	0	0	0	1.9	0	0	1.9	0
15.11.1983	12.7	7.1	15.8	12.9	11.5	14.9	18.6	11.5	14.6
16.11.1983	3	5.4	4.4	0.9	4.3	6.7	5.5	4.3	5.6
17.11.1983	0.1	0.8	0	0.1	1.8	1.4	0.8	1.8	0
18.11.1983	0.1	2.3	0.3	0.5	1.9	0.1	0.1	1.9	0
19.11.1983	5.8	7.6	4.9	4.2	7.8	8.1	9.1	7.8	3.5
20.11.1983	36.1	28.2	40.1	32.2	28.6	27.6	22.4	28.6	37.1
21.11.1983	31.3	24.9	17.1	20.5	35.5	22	18	35.5	19.5
22.11.1983	23.9	20.3	17	17.8	23.5	18.5	12.9	23.5	11.7
23.11.1983	8.3	9.8	2.8	4	5.2	6.8	3.2	5.2	0.4
24.11.1983	12.1	2.6	19.9	15.6	5.9	4.4	0.1	5.9	8.4
25.11.1983	4.9	8.8	2.4	3	8.1	11.3	12.9	8.1	5.6
26.11.1983	7.2	3.9	8.7	7	5.7	7.4	3.8	5.7	4.5
27.11.1983	0.5	0	0	0.9	1.1	0.1	0	1.1	0.7
28.11.1983	0.1	0	0	0	0	0	0	0	0
29.11.1983	1.4	1.1	5.2	2.7	2.8	0.3	2.3	2.8	0.4
30.11.1983	4.9	2.1	0.1	1.4	2.5	3.6	1.3	2.5	0.1
01.12.1983	0	0	0	0	0	0	0	0	0
02.12.1983	0.2	6.2	10.7	8.5	4.1	7.4	8	4.1	13.4
03.12.1983	0.5	11.2	3.6	1.6	9.9	7.9	10	9.9	1.9
04.12.1983	8.2	4.2	2.9	4.5	6.1	5.5	5.2	6.1	3.2
05.12.1983	26.6	16.6	19.3	18.4	21.1	16.1	13.4	21.1	14.4
06.12.1983	14.3	4.8	6.1	9.8	6.1	9.1	5.4	6.1	3.4
07.12.1983	9.3	9.7	4.6	6.8	12.6	4.8	1.1	12.6	3.8
08.12.1983	3.7	5.5	0	1.1	6.3	3.2	4.7	6.3	0
09.12.1983	4.9	7.2	12.4	6.9	4.1	5.1	3.3	4.1	6.6
10.12.1983	4.4	3.9	2.7	2.7	5.2	6.3	6.2	5.2	8.4
11.12.1983	4.4	4.6	7.9	6.5	9.7	7.2	6.1	9.7	4.9
12.12.1983	0.1	2.9	1.9	0.2	1.3	4.1	4.6	1.3	0.4
13.12.1983	0.1	0	0.2	0.1	1.5	0.9	6.1	1.5	0
14.12.1983	16.3	0	0	1.2	15.4	0	0	15.4	0
15.12.1983	28.9	1.1	7.5	15.4	13	11.1	2.3	13	4.6
16.12.1983	3.4	0	0	0.7	3.3	0	0	3.3	0
17.12.1983	0	0	0	0	0	0	0	0	0
18.12.1983	0	0	0	0	0	0	0	0	0
19.12.1983	0	0	0	0	0	0	0	0	0
20.12.1983	0	0	0	0	0	0	0	0	0
21.12.1983	0	0	0	0	0	0	0	0	0
22.12.1983	0	0	0	0	0	0	0	0	0
23.12.1983	0.1	0	0	4.5	3.6	0	0	3.6	6.5
24.12.1983	11.8	14.5	13.1	11.4	13.4	9.6	8	13.4	8.8
25.12.1983	1.1	3	1.4	1.6	2.1	3.2	0.1	2.1	1.3
26.12.1983	0	0	0	0	0	0	0	0	0
27.12.1983	6.8	3.9	5.8	3.1	4.5	3.2	0.1	4.5	1.9
28.12.1983	24.6	25.2	28.2	23.1	25.1	22.3	21.3	25.1	24.2
29.12.1983	12.5	13.8	6	11.1	12.2	11.4	12.9	12.2	8.4
30.12.1983	20.3	6.5	9.7	13.4	13.9	10.2	10.4	13.9	9.9
31.12.1983	9.6	10.2	3.7	9.2	8.8	9.1	8.4	8.8	6.4
01.01.1984	32.2	19.2	11.4	18.3	16.9	18.7	16.9	16.9	9.9
02.01.1984	11.2	12.8	7.2	13.1	10.8	15	16.1	10.8	15.6
03.01.1984	3.6	4.4	2.3	3.2	3.7	5	6	3.7	3.7
04.01.1984	7.3	16.6	14.9	8	14	12.7	10.5	14	10.8
05.01.1984	14.9	9.6	11.1	13.5	10.9	7.6	4.2	10.9	8.9
06.01.1984	15.1	9.5	10.3	9.8	15.7	9.4	7	15.7	9.2
07.01.1984	5	1.9	4.4	3.1	0.2	1.1	2	0.2	0.1
08.01.1984	0.1	0	0	0	0	0	0	0	0
09.01.1984	0	0	0	0	0	0	0	0	0
10.01.1984	0.6	0	0	0	0	0	0	0	0
11.01.1984	36.7	21.1	11	19.8	22.3	17.6	15.4	22.3	11
12.01.1984	0.1	0	0	1.3	1.3	0	0	1.3	1.4
13.01.1984	7.8	4.7	7	5.3	4.5	5.1	4.6	4.5	4.6
14.01.1984	10.9	6.1	1.5	7.6	6.5	7	5.9	6.5	4.7
15.01.1984	5.6	5.7	2.7	5.4	6.2	4.6	0.5	6.2	0.1
16.01.1984	0	0	0	0	0	0	0	0	0
17.01.1984	0	0	0	0	0	0	0	0	0
18.01.1984	3.3	2.4	3.5	1.4	3.9	4.3	0.3	3.9	6.4
19.01.1984	5.8	2.4	1.3	2.6	1.6	2.9	2.1	1.6	1
20.01.1984	0	0.1	0.2	0	0	0	0.3	0	0
21.01.1984	0	0	0	0	0	0	0	0	0
22.01.1984	0	0	0	0	0	0	0	0	0
23.01.1984	0	0	0	0	0	0	0	0	0
24.01.1984	0	0	0	0	0	0	0	0	0
25.01.1984	0	0	0	0	0	0	0	0	0
26.01.1984	0	0	0	0	0	0	0	0	0
27.01.1984	0	0	0	0	0	0	0	0	0
28.01.1984	0	0	0	0	0	0	0	0	0
29.01.1984	0	0	0	0	0	0	0	0	0
30.01.1984	0	0	0	0	0	0	0	0	0
31.01.1984	0	0	0	0	0	0	0	0	0
01.02.1984	0	0	0	0	0	0	0	0	0
02.02.1984	0	0	0	0	0	0	0	0	0
03.02.1984	0	0	0	0	0	0	0	0	0
04.02.1984	0	0	0	0	0	0	0	0	0
05.02.1984	6.3	8.2	0.5	4.4	8.5	7.4	4.7	8.5	0.1
06.02.1984	22.1	11.6	10.6	16.1	15.8	13.6	9.3	15.8	13.3
07.02.1984	0.2	0	0	1	2	0	0	2	3.7
08.02.1984	0	0	0	0	0	0	0	0	0
09.02.1984	2.1	6.9	0	0.7	3	0.5	0.1	3	0
10.02.1984	4.1	1.4	5.1	4.7	1.8	1.1	0.4	1.8	0.6
11.02.1984	5.3	6.6	9.4	7.7	10.7	11.3	13.4	10.7	9.6
12.02.1984	0	0	0	0	0	0	0	0	0.8
13.02.1984	0	0	0	0	0	0	0	0	0
14.02.1984	0.1	0	0	0	3.2	0	0	3.2	0
15.02.1984	0	0	0	0	1.1	0	0	1.1	0
16.02.1984	0	0	0	0	0	0	0	0	0
17.02.1984	0	0	0	0	0	0	0	0	0
18.02.1984	0.2	0.2	0	0	6.4	1.2	4	6.4	0
19.02.1984	0	0	0	0	0	0	0	0	0
20.02.1984	0	0	0	0	0	0	0	0	0
21.02.1984	0	0	0	0	0	0	0	0	0
22.02.1984	0	0	0	0	0	0	0	0	0
23.02.1984	0	0	0	0	0	0	0	0	0
24.02.1984	0.1	0	0	0	0	0	0	0	0
25.02.1984	3.9	4.3	6.5	5.7	4.8	4.2	3.5	4.8	6.4
26.02.1984	0	0	0	0	0	0	0	0	0
27.02.1984	0	0	0	0	0	0	0	0	0
28.02.1984	0.1	1.8	3	1	3.2	2.2	3.3	3.2	0.1
29.02.1984	14.2	9.4	4.8	7.4	11.4	12	16.5	11.4	7.3
01.03.1984	9.8	8.1	3.7	4.9	6	8.7	7	6	3.7
02.03.1984	18.9	14.2	20	24	16.8	17.7	15.8	16.8	21.8
03.03.1984	0	0	0	0	0	0	0	0	0
04.03.1984	0	0	0	0	0	0	0	0	0
05.03.1984	9.7	2.1	4.7	7.1	5.3	5.5	3.4	5.3	1.9
06.03.1984	20.2	16.2	16.8	14.2	17.3	15.2	16.5	17.3	16.1
07.03.1984	12.6	15	6.2	4.9	15.5	12.7	13.1	15.5	8.3
08.03.1984	4.3	7.6	6.2	1.5	5.4	7.2	7.9	5.4	5.3
09.03.1984	0.6	2.7	2.1	1.7	3.2	3.6	3.8	3.2	2.2
10.03.1984	0.6	0	0	2.9	1.2	0	0	1.2	1.9
11.03.1984	0	0	0	0	0	0	0	0	0
12.03.1984	0	0	0	0	0	0	0	0	0
13.03.1984	0	0	0	0	0	0	0	0	0
14.03.1984	0	0	0	0	0	0	0	0	0
15.03.1984	0	0	0	0	0	0	0	0	0
16.03.1984	0	0	0	0	0	0	0	0	0
17.03.1984	0	0	0	0	0	0	0	0	0
18.03.1984	0	0	0	0	0	0	0	0	0
19.03.1984	0	0	0	0	0	0	0	0	0
20.03.1984	0	0	0	0	0	0	0	0	0
21.03.1984	0	0	0	0	0	0	0	0	0
22.03.1984	0	0	0	0	0	0	0	0	0
23.03.1984	0	0	0	0	0	0	0	0	0
24.03.1984	0	0	0	0	0	0	0	0	0
25.03.1984	0	0	0	0	0	0	0	0	0
26.03.1984	0	0	0	0	0	0	0	0	0
27.03.1984	0	0	0	0	0	0	0	0	0
28.03.1984	0	0	0	0	0	0	0	0	0
29.03.1984	0	0	0	0	0	0	0	0	0
30.03.1984	0.5	0.5	0	0	2.6	0.3	0.3	2.6	0
31.03.1984	3.3	1.5	0	0.1	2.9	0.5	0.1	2.9	0
01.04.1984	4	0.6	6.8	1.7	3.3	4.2	0.1	3.3	4.9
02.04.1984	1.5	2.9	1.8	0.3	1.9	3.7	2.1	1.9	2.2
03.04.1984	0	0	0	0	0	0	0	0	0
04.04.1984	0	0	0	0	0	0	0	0	0
05.04.1984	0	0	0	0	0	0	0	0	0
06.04.1984	0	0	0	0	0	0	0	0	0
07.04.1984	0	0	0	0	0	0	0	0	0
08.04.1984	0	0	0	0	0	0	0	0	0
09.04.1984	0.1	0	0	0	0	0	0	0	0
10.04.1984	0	0	0	0	0	0	0	0	0
11.04.1984	0.1	0	0	0	2	0	0	2	0
12.04.1984	0.1	0	0	0.3	2	0	0	2	0
13.04.1984	9.8	6.4	2.7	6.1	4.7	7.3	6.8	4.7	5
14.04.1984	30.8	14.9	13.5	18.8	19.5	15.5	14.1	19.5	11.1
15.04.1984	29.5	25.5	14.5	20.8	23.9	24.4	23.1	23.9	22.8
16.04.1984	1.1	2	1	2.7	3	2.1	0.9	3	0.1
17.04.1984	8.5	2.9	3.4	5.8	5.4	4.7	5.9	5.4	4.8
18.04.1984	5.5	0	0	4.8	5.9	0.2	0	5.9	3.2
19.04.1984	0	0	0	0	0	0	0	0	0
20.04.1984	0.1	0.1	0.3	0	1.9	1.5	4.2	1.9	0
21.04.1984	0	0	0	0	0	0	0	0	0
22.04.1984	8.8	7.1	2.2	6.2	11	9.6	8.4	11	6.7
23.04.1984	0.1	0	0	0.2	1.3	0	0	1.3	0
24.04.1984	0	0	0	0	0	0	0	0	0
25.04.1984	0	0	0	0	0	0	0	0	0
26.04.1984	0	0	0	0	0	0	0	0	0
27.04.1984	0	0	0	0	0	0	0	0	0
28.04.1984	0	0	0	0	0	0	0	0	0
29.04.1984	0	0	0	0	0	0	0	0	0
30.04.1984	0	0	0	0	0	0	0	0	0
01.05.1984	0	0	0	0	0	0	0	0	0
02.05.1984	0	0	0	0	0	0	0	0	0
03.05.1984	0	2.5	0	0	0	1.8	2.7	0	0
04.05.1984	0	2.5	3	3.3	8.9	5.8	4.2	8.9	1.8
05.05.1984	2.3	2.5	0.1	2.5	4.8	4.1	4	4.8	0.3
06.05.1984	4.5	0.3	2.9	8.2	1.9	3.6	0.6	1.9	3.5
07.05.1984	1.1	5.4	3.7	1.1	3.6	5.2	7.6	3.6	0.1
08.05.1984	0.1	3.9	0	0.3	2.8	1.2	0.1	2.8	0
09.05.1984	0.5	3.1	0	0	2.3	1.4	0.4	2.3	0
10.05.1984	0	0	0	0	0	0	0	0	0
11.05.1984	0	0	0	0	0	0	0	0	0
12.05.1984	0	0	0	0	0	0	0	0	0
13.05.1984	0	0	0	0	0	0	0	0	0
14.05.1984	0	0	0	0	0	0	0	0	0
15.05.1984	0	0	0	0	0	0	0	0	0
16.05.1984	1.4	0	0	1	4	0	0	4	0
17.05.1984	1	0	0	1.1	0	0	0	0	3.6
18.05.1984	1.8	0	0	1.2	1.8	0	0	1.8	1.6
19.05.1984	0.1	0	0	2.7	1.1	0	0	1.1	0.1
20.05.1984	0	0	0	0.3	0.9	0	0	0.9	0
21.05.1984	0	0	0	0	0	0	0	0	0
22.05.1984	0.6	0	0	0	1.5	0	0	1.5	0
23.05.1984	0	0	0	0	0	0	0	0	0
24.05.1984	0	0	0	0	0	0	0	0	0
25.05.1984	0	0	0	0	0	0	0	0	0
26.05.1984	0	0	0	0.3	0.4	0	0	0.4	0
27.05.1984	3	0.1	0.3	0.9	1.1	0.1	0.1	1.1	0
28.05.1984	2.3	0.1	0.3	4.2	0.7	0.1	0.6	0.7	0.2
29.05.1984	0	0	0	0	0	0	0	0	0
30.05.1984	0	0	0	0	0	0	0	0	0
31.05.1984	0	0	0	0	0	0	0	0	0
01.06.1984	0	0	0	0	0	0	0	0	0
02.06.1984	0.5	0	0	0	0	0	0	0	0
03.06.1984	13.4	11.5	11.9	14.5	12.8	8.5	7.3	12.8	9.9
04.06.1984	3.5	1.5	4.8	10.8	3.4	5.9	4.8	3.4	4.6
05.06.1984	0	0	0	0	0	0	0	0	0
06.06.1984	0	0	0	0	0	0	0	0	0
07.06.1984	0	0	0	0	0	0	0	0	0
08.06.1984	0	0	0	0	0	0	0	0	0
09.06.1984	0	0	0	0	0	0	0	0	0
10.06.1984	0	0.7	0	0	0.6	0.1	0.6	0.6	0
11.06.1984	0	0	0	0	0	0	0	0	0
12.06.1984	0	0	0	0	0.3	0	0	0.3	0
13.06.1984	6.3	2.9	11.9	9.1	8.5	6.2	7.7	8.5	11.8
14.06.1984	3.8	3	4.7	5.6	4	3.3	2.8	4	3.7
15.06.1984	0.1	1.9	1.6	0.2	0.8	1.4	2.5	0.8	1.2
16.06.1984	0.9	2.7	4	2.1	1.7	2.2	1.9	1.7	2.7
17.06.1984	0.8	0.4	0.1	0.1	0.4	0.2	0.1	0.4	0
18.06.1984	0	0	0	0	1.8	0	0	1.8	0
19.06.1984	6.6	3.3	6	11.2	4.8	3	1.8	4.8	0.5
20.06.1984	2.7	3.4	6.4	6	4.2	3.6	2.8	4.2	5.5
21.06.1984	10.2	5	3.7	8	8	4.9	5	8	5.2
22.06.1984	2.3	3.9	1.9	3.9	4.1	3.8	3.8	4.1	3.7
23.06.1984	4.7	7.4	1.9	1.1	8.2	8.3	9.4	8.2	4.2
24.06.1984	3.5	2.4	3.6	2.9	1.5	3.6	2.4	1.5	4
25.06.1984	0.1	3.6	4.6	1.9	0	1.5	0.1	0	4.3
26.06.1984	0	0	0	0	0	0	0	0	0
27.06.1984	0.9	1.4	1.3	0.5	1	0.6	1.7	1	1
28.06.1984	0	2.5	0	0	0.4	0.5	0.4	0.4	0
29.06.1984	0	3.5	0	0	0	0.2	2.6	0	0
30.06.1984	0	0	0	0	0	0	0	0	0
01.07.1984	0	1.9	3.4	0	0	0.3	0.1	0	0.1
02.07.1984	0	0.4	0	0	0	0.1	0.1	0	0
03.07.1984	0	0	0	0	0	0	0	0	0
04.07.1984	0	0	0	0	0	0	0	0	0
05.07.1984	0	0	0	0	0	0	0	0	0
06.07.1984	0	0	0	0	0	0	0	0	0
07.07.1984	0.9	0.3	1.4	1.1	1.4	0.2	0.9	1.4	0.1
08.07.1984	1.3	1	3.3	1.8	1	4.2	7.1	1	4
09.07.1984	0	0	0	0	0	0	0	0	0
10.07.1984	0	0	0	0	0	0	0	0	0
11.07.1984	6.7	2.1	5.8	6.1	3.1	5.1	5.6	3.1	5.4
12.07.1984	8.5	1.4	3.7	5.5	4.9	2.8	2	4.9	4.4
13.07.1984	7.5	3.9	3.2	4.4	3.4	3.5	3.1	3.4	2.8
14.07.1984	3.7	0	0	4.3	4.3	0.2	0	4.3	5.8
15.07.1984	0.1	2.2	1.1	3.9	2.2	2.1	3	2.2	1.5
16.07.1984	0	0	0	0	0	0	0	0	0
17.07.1984	0.5	0	0	0.5	0	0	0	0	0
18.07.1984	0.2	0	0	0.2	0	0	0	0	0
19.07.1984	0	0	0	0	0	0	0	0	0
20.07.1984	0	0	0	0	0	0	0	0	0
21.07.1984	3.8	12.3	2.6	9.2	6.8	7.5	5.7	6.8	1.9
22.07.1984	0	3.5	2.6	0	0.7	4	0.1	0.7	1.1
23.07.1984	0	0.1	0.1	0	0	0	0.1	0	0
24.07.1984	0	0	0	0	0	0	0	0	0
25.07.1984	11	8.1	15.5	13	11.4	10.6	10.1	11.4	15.1
26.07.1984	1.1	3.6	4.6	2.3	1.7	1.9	1.4	1.7	0.3
27.07.1984	0.3	4	4.6	0.9	1.2	2.3	1.3	1.2	3.1
28.07.1984	0.1	0.5	3.2	2.1	0	0.6	0.3	0	3
29.07.1984	3.9	5.1	5.6	3.7	6.4	4.7	5.8	6.4	4.9
30.07.1984	5.5	5.8	3.4	5.1	4.4	8.3	4.9	4.4	3.7
31.07.1984	0	0	0	0	0	0	0	0	0
01.08.1984	4.2	4.4	0.1	3.9	6.3	4.9	5.4	6.3	0.4
02.08.1984	3.5	2.6	1.6	3.6	3.8	2.9	3	3.8	2.6
03.08.1984	8.3	3.2	3.6	6.2	5.3	5.5	5.9	5.3	5.8
04.08.1984	0.5	0	0	0.3	0	0	0	0	0.6
05.08.1984	1.1	3.2	1.6	1.5	3	4.5	6.4	3	2.8
06.08.1984	5.2	2.7	5	1.5	0.6	0.8	0.7	0.6	3.5
07.08.1984	8.1	9.1	15.8	17.9	14.3	11.7	10.7	14.3	22.3
08.08.1984	0.1	0.1	0.8	2	0.4	0.1	0.1	0.4	0.8
09.08.1984	0	0	0	0	0	0	0	0	0
10.08.1984	4	2.2	0.5	3	3.1	2.6	2.4	3.1	0.9
11.08.1984	0	0	0	0	0	0	0	0	0
12.08.1984	0	0	0	0	0	0	0	0	0
13.08.1984	0	0	0	0	0	0	0	0	0
14.08.1984	0	0	0	0	0	0	0	0	0
15.08.1984	0.2	1.9	2.6	0.7	1.2	2.1	0.9	1.2	0.4
16.08.1984	3.7	3.8	3.2	5.9	3.5	3.4	3.4	3.5	7.4
17.08.1984	1.6	2.2	2.6	0.9	1.8	2.4	2.2	1.8	4.6
18.08.1984	4.3	4.1	5.6	5.4	4.6	4.7	5.5	4.6	8.3
19.08.1984	0	0.2	1.2	0.5	0	0.6	0.8	0	0.9
20.08.1984	5.7	0.4	0.1	0	2.4	1.6	6.7	2.4	0
21.08.1984	0	0	0	0	0	0	0	0	0
22.08.1984	0	0	0	0	0	0	0	0	0
23.08.1984	2.8	4.2	1.1	1.1	4.4	6.7	9.3	4.4	1.6
24.08.1984	0	0	0	0	0	0	0	0	0
25.08.1984	0	0	0	0	0	0	0	0	0
26.08.1984	0	0	0	0	0	0	0	0	0
27.08.1984	0	0	0	0	0.1	0	0	0.1	0
28.08.1984	0	0	0	0	0	0	0	0	0
29.08.1984	5.4	2.1	2.8	4.7	4.4	3.2	3.8	4.4	3.4
30.08.1984	31.7	15.6	15.3	18	24	15.8	17.9	24	14.6
31.08.1984	34.3	21.3	26.4	31.1	24.4	21.3	15.4	24.4	25.2
01.09.1984	19.7	19.7	15.5	20.3	32.2	20.6	17.1	32.2	15.9
02.09.1984	1.6	2.2	3.8	3.9	3.3	1.9	0.2	3.3	2.7
03.09.1984	2.6	3.6	2.7	4.5	4.6	4.6	3.1	4.6	5.2
04.09.1984	0.7	2.1	3.2	2	1.2	3.1	2.2	1.2	2.2
05.09.1984	0.8	2.8	1	4.8	0.4	1.2	0.1	0.4	1.5
06.09.1984	0	1.4	1.4	0.1	2.3	1.7	0.1	2.3	0.3
07.09.1984	0	0	0	0	0	0	0	0	0
08.09.1984	0	0	0	0	0	0	0	0	0
09.09.1984	4.3	6.3	5.1	2.4	3.1	4	4.1	3.1	2.2
10.09.1984	4.2	5.8	4.1	5	5.7	6.1	6.5	5.7	5.6
11.09.1984	11.2	8.8	9.7	13.1	13.1	9.4	6.8	13.1	10
12.09.1984	2	3.6	2	0.1	1.8	2.8	4.1	1.8	1.4
13.09.1984	0.2	1.5	0.1	0.5	1.3	1.5	1.2	1.3	1.9
14.09.1984	0	0	0	0	0.1	0	0	0.1	0
15.09.1984	0	0	0	0	0	0	0	0	0
16.09.1984	0	0	0	0	0	0	0	0	0
17.09.1984	0	0	0	0	0	0	0	0	0
18.09.1984	0	0	0	0	0	0	0	0	0
19.09.1984	0	0	0	0	0	0	0	0	0
20.09.1984	0.1	0	0	0	0	0	0	0	0
21.09.1984	0.3	0	0	0	0	0	0	0	0
22.09.1984	0.1	1.9	0	0	0	0	5.9	0	0
23.09.1984	3	5.2	2	1.2	3.5	4.5	4.8	3.5	3.6
24.09.1984	0	0	0	0	0	0	0	0	0
25.09.1984	0	0	0	0	0	0	0	0	0
26.09.1984	0	0	0	0	0	0	0	0	0
27.09.1984	0.1	0	0	1.5	0	0	0	0	0.7
28.09.1984	0	0	0	0	0	0	0	0	0.4
29.09.1984	0	0	0	0	0	0	0	0	0
30.09.1984	0	0	0	0	0	0	0	0	0
01.10.1984	5	3.3	2.1	3	4.5	2.7	3.5	4.5	2.8
02.10.1984	0	0	0	0	0	0	0	0	0
03.10.1984	3.7	5.3	2.5	1.6	4.6	5.7	7.1	4.6	4.7
04.10.1984	0	0	0	0	0	0	0	0	0
05.10.1984	0	0	0	0	0	0	0	0	0
06.10.1984	0.1	0	0	0	2.4	0	0	2.4	0
07.10.1984	10.2	4.2	4.5	9.3	10	5.9	4.9	10	2.9
08.10.1984	10.6	4.1	5.3	6.7	2.1	4.7	4.2	2.1	8.9
09.10.1984	23	12.2	13.8	19.2	22.8	16	15.1	22.8	14.7
10.10.1984	45.1	38.5	35.6	38.2	42.2	32.5	31.2	42.2	38.5
11.10.1984	41.5	26.7	21.7	28.7	32	25.6	20.8	32	29.4
12.10.1984	29	22.8	38.3	31.6	33.6	22.4	14.9	33.6	30.5
13.10.1984	10.9	6.2	8.3	11.1	1.6	7.8	9.2	1.6	7.3
14.10.1984	32.6	14.1	18.4	28.8	23.8	16.7	14.8	23.8	16.5
15.10.1984	25.7	13.2	27.4	30.8	26.1	16.6	10.4	26.1	32.4
16.10.1984	5.2	1.4	4.1	5.5	5.2	2.5	1.9	5.2	5.2
17.10.1984	1.6	3.3	2	1.5	5	5.8	7.5	5	2.5
18.10.1984	11.4	5.9	10.3	16.7	9.2	10.2	6.6	9.2	13.1
19.10.1984	0.1	4.7	0	0.2	5.6	7.5	7.1	5.6	0
20.10.1984	11.1	2.4	4.3	7.6	8.9	9.5	9.7	8.9	8.4
21.10.1984	29.1	25.9	32.9	27.9	27.4	27.5	23.6	27.4	30.6
22.10.1984	4.8	9.4	0.1	4.1	7	11.3	11.5	7	0.1
23.10.1984	2.7	0	0	0	1.2	0	0	1.2	0
24.10.1984	0	0	8.4	3.7	0	0.1	4.5	0	6.7
25.10.1984	0	0	0	0.6	1	0	0	1	0
26.10.1984	2.7	0	0	0	0	0	0	0	0
27.10.1984	1.7	2.1	0.7	2.7	3.2	2.5	2.9	3.2	0.1
28.10.1984	5.1	3.2	4.1	4.9	4.9	4.4	5.1	4.9	6.1
29.10.1984	2.6	2.2	1.5	2.3	3.5	4.2	4.7	3.5	1.7
30.10.1984	14	5.9	6.2	11.5	8.1	7.9	9.9	8.1	10.4
31.10.1984	7.2	0	0	6.7	1.8	0.1	0	1.8	1.7
01.11.1984	9.1	0.1	2.8	4.5	1.7	0.1	0.2	1.7	2.4
02.11.1984	7.2	2.4	1.4	2.6	4.9	4.2	4.9	4.9	1.9
03.11.1984	45	28.1	29	37.9	28.1	28.1	20.2	28.1	22.9
04.11.1984	2.9	6.9	4.5	3.1	6	7.3	9.7	6	5.3
05.11.1984	9.8	9.8	7.9	9.6	12.1	11.8	13.7	12.1	8.9
06.11.1984	0	5.3	3.1	2.6	11.1	8	6.7	11.1	6.2
07.11.1984	0	0	0	0	0	0	0	0	0
08.11.1984	0	0	0	0	0	0	0	0	0
09.11.1984	0	0	0	0	0	0	0	0	0
10.11.1984	0	0	0	0	0	0	0	0	0
11.11.1984	6.3	0	0	2.5	6.1	0	0	6.1	0
12.11.1984	11.8	0	0	3.1	0	0	0	0	0
13.11.1984	0.8	0	0	0.4	0	0	0	0	0
14.11.1984	0	0	0	0	0	0	0	0	0
15.11.1984	0	0	0	0	0	0	0	0	0
16.11.1984	0	0	0	0	0	0	0	0	0
17.11.1984	0	0	0	0	0	0	0	0	0
18.11.1984	0	0	0	0	0	0	0	0	0
19.11.1984	0	0	0	0	0	0	0	0	0
20.11.1984	0	0	0	0	0	0	0	0	0
21.11.1984	0	0	0	0	0	0	0	0	0
22.11.1984	0	0	0	0	0	0	0	0	0
23.11.1984	0	0	0	0	0	0	0	0	0
24.11.1984	0.7	0	0	0.1	0	0	0	0	0
25.11.1984	2.9	0.6	3.2	2.5	1.6	1.8	1.6	1.6	2
26.11.1984	5.9	1.3	7.4	7.8	5.5	4.2	1.7	5.5	5.5
27.11.1984	0	0	0	0	0	0	0	0	0
28.11.1984	20.5	5.3	5.7	12.9	11.4	10.5	10.5	11.4	4.6
29.11.1984	36.2	3.9	11.1	25.3	20.1	12.4	9.7	20.1	13.1
30.11.1984	0	0	0	0	0.1	0	0	0.1	0
01.12.1984	0	0	0	0	0	0	0	0	0
02.12.1984	0	0	0	0	0	0	0	0	0
03.12.1984	0	0	0	0	0	0	0	0	0
04.12.1984	0.2	0	0	0	0	0	0	0	0
05.12.1984	1.5	0	0	1.4	2.1	0	0	2.1	1.9
06.12.1984	3.1	4.3	3	5.6	4.5	4.8	2.1	4.5	5.6
07.12.1984	9.7	1.4	3.8	6.2	5.6	4.3	4.3	5.6	3.2
08.12.1984	25.5	18.2	12.9	12.2	19.4	13	14	19.4	15.4
09.12.1984	22.2	17.6	11	17.6	19.1	12.3	7	19.1	5.9
10.12.1984	16.4	8.2	11.4	12.5	12.1	8.7	6.3	12.1	6.3
11.12.1984	12.7	12.4	6.9	11.4	9.3	11.3	8.8	9.3	9.3
12.12.1984	0.1	0	0	0	0.8	0	0	0.8	0
13.12.1984	0.1	0	0	0	0.1	0	0	0.1	0
14.12.1984	0	0	0	0	0	0	0	0	0
15.12.1984	0.1	0	0	0	0	0	0	0	0
16.12.1984	0.9	0	0	0	0.8	0	0	0.8	0
17.12.1984	0	0	0	0	0	0	0	0	0
18.12.1984	0.1	0	0	0	0	0	0	0	0
19.12.1984	0	0	0	0	0	0	0	0	0
20.12.1984	0.1	0	0	0.2	1.7	0	0	1.7	0
21.12.1984	14.8	4.3	6.5	9	8.5	5.5	5.3	8.5	4.5
22.12.1984	24.6	16.7	20.3	24.9	20.4	15.9	16.2	20.4	21.5
23.12.1984	3.2	4.8	3.5	3	5.6	4.4	4.7	5.6	4.8
24.12.1984	2.8	3.8	2.6	1.3	2.7	2.9	2.4	2.7	1.4
25.12.1984	6.8	2.7	1.2	6.7	7.5	4.8	3.8	7.5	5.6
26.12.1984	0	0	0	0	0	0	0	0	0
27.12.1984	0	0	0	0	0	0	0	0	0
28.12.1984	0	0	0	0	0	0	0	0	0
29.12.1984	0	0	0	0	0	0	0	0	0
30.12.1984	1	0.1	1.6	3	0.6	0.1	0.1	0.6	0.9
31.12.1984	0	2.4	1	2.9	6.5	4.5	5.9	6.5	2.7
01.01.1985	0	0	0	0	0	0	0	0	0
02.01.1985	0.7	1.2	2.4	0.6	0	2.8	2.1	0	1.6
03.01.1985	3.1	1.2	0.2	1.2	3.7	1.2	0.2	3.7	0
04.01.1985	1.3	0.7	1.4	1.4	2.2	1.5	0.8	2.2	1
05.01.1985	0	0.1	0.9	0	0	0.1	0.1	0	0.9
06.01.1985	3.7	6.8	3.4	3.8	5.7	7.8	10.1	5.7	5.5
07.01.1985	1.1	0	0	0.9	2.5	0	0	2.5	0.8
08.01.1985	1.8	1.8	3.2	3.1	4.3	3.1	2.3	4.3	3.8
09.01.1985	1.8	3.7	2.6	1.2	2.5	2.5	1.7	2.5	1.4
10.01.1985	0.4	6.4	5.5	1.1	5.7	5.1	5.4	5.7	1.8
11.01.1985	4.1	6.7	7.2	5.3	7	7.4	10.8	7	9.1
12.01.1985	2.2	4.9	3.5	1.6	4	5.7	4.2	4	3.8
13.01.1985	0	0	0	0	0	0	0	0	0
14.01.1985	0.1	0.9	0.2	0.7	0.9	0.1	0.2	0.9	0
15.01.1985	0	0	0	0	0	0	0	0	0
16.01.1985	0	0	0	0	0	0	0	0	0
17.01.1985	0	0	0	0	0	0	0	0	0
18.01.1985	0	0	0	0	0	0	0	0	0
19.01.1985	0.8	4.1	2.4	3.1	1.7	3.9	3.3	1.7	1.5
20.01.1985	0.8	1.3	0	0.2	0	0.9	0.9	0	0
21.01.1985	0	0	0	0	0	0	0	0	0
22.01.1985	1.4	0	0	1.9	0.9	0	0	0.9	1.4
23.01.1985	0	0	0	0	0	0	0	0	0
24.01.1985	0	0	0	0	0	0	0	0	0
25.01.1985	0.2	0	0	0.7	0	0	0	0	3.2
26.01.1985	0	0	0	0	0	0	0	0	0
27.01.1985	4.9	4.1	7.4	5.2	4.7	4.7	4.9	4.7	4
28.01.1985	13.9	10.3	13	13.5	15.1	6.7	5.3	15.1	6.1
29.01.1985	13.4	7.1	5.7	8.6	8.8	7.5	8.3	8.8	4.6
30.01.1985	1.7	2.4	0	0	0	0.9	1.1	0	0
31.01.1985	5.4	0	0	1.4	3.5	0	0	3.5	0
01.02.1985	10.3	7.1	7.1	5.4	7.1	6.9	8.9	7.1	5
02.02.1985	2.8	1.3	1	3.7	3.5	2.3	1.3	3.5	2.6
03.02.1985	1.1	2.4	0.3	0.4	1.4	1.2	1.2	1.4	1.6
04.02.1985	1.9	0	0	0.3	2.2	0	0	2.2	0
05.02.1985	3	1.4	5.3	5.1	2.8	3.2	3.1	2.8	2.6
06.02.1985	1.5	5.7	0	0.7	4.2	2.6	4.4	4.2	0
07.02.1985	0.2	2.1	0.2	0.6	1.9	0.8	0.3	1.9	0
08.02.1985	0	0	0	0	0	0	0	0	0
09.02.1985	0.3	0	0	0	0	0	0	0	0
10.02.1985	3.9	3.7	6	6.6	10.3	5.3	4	10.3	3.9
11.02.1985	7.7	4.8	9.1	7.8	10.8	6.9	6.5	10.8	9.8
12.02.1985	1.3	5.4	5.4	2.5	4.1	3.4	6.4	4.1	3.6
13.02.1985	3.6	2.4	4.1	4.7	3.4	2.8	0.7	3.4	3.9
14.02.1985	3.4	2.7	2.5	3.9	4.3	4.1	3.5	4.3	2.8
15.02.1985	4.8	2.8	5	4.8	4.1	4.3	5.4	4.1	7
16.02.1985	18.9	19.8	20.9	16.9	22.8	17.6	12.2	22.8	14.5
17.02.1985	0	0	0	0	0	0	0	0	0
18.02.1985	0	0	0	0	0	0	0	0	0
19.02.1985	0	0	0	0	0	0	0	0	0
20.02.1985	1.5	0.4	2.9	2.1	2.5	0.2	1	2.5	0.1
21.02.1985	8.9	3.8	10.1	9.3	6.5	5.7	7.1	6.5	10.5
22.02.1985	0	0	0	0	0	0	0	0	0
23.02.1985	0	0	0	0	0.9	0	0	0.9	0
24.02.1985	14.4	16.5	15	13.1	17.2	15.7	17.3	17.2	13.4
25.02.1985	3.2	2.7	1.7	1.8	3.2	3.4	4.4	3.2	2
26.02.1985	0.2	0	0	1.3	0.4	0	0	0.4	0.2
27.02.1985	0.7	0	0	0	0	0	0	0	0
28.02.1985	2.8	4	3.7	2.6	3.8	4.7	5.3	3.8	4.3
01.03.1985	4.5	5	0.9	4.6	3.8	4.1	3.7	3.8	1.9
02.03.1985	0.2	0	0	2.6	1.5	0	0	1.5	2.5
03.03.1985	0	0	0	0	0.2	0	0	0.2	0
04.03.1985	0	0	0	0	0	0	0	0	0
05.03.1985	0	0	0	0	0	0	0	0	0
06.03.1985	2.9	1.6	1.4	2	2.2	2.5	3.3	2.2	1.4
07.03.1985	0	0	0	0	0	0	0	0	0
08.03.1985	0	0	0	0	0	0	0	0	0
09.03.1985	0	0	0	0	0	0	0	0	0
10.03.1985	24	12.6	22	18.2	19.8	15.9	8.5	19.8	12.1
11.03.1985	4.8	5.9	2.9	6.3	5.4	5.4	3.7	5.4	9.6
12.03.1985	14.9	2.9	5.9	10.2	7.9	5.8	3.5	7.9	7.2
13.03.1985	4.4	4.1	5.1	3.4	3.5	4.9	8.4	3.5	4.4
14.03.1985	13.9	10.8	5.5	13.3	13.4	14.8	13.3	13.4	9.9
15.03.1985	6.8	5.6	6.3	7.3	6.2	7	7.6	6.2	8.8
16.03.1985	2.2	0	0	0.1	0	0	0	0	0
17.03.1985	1.2	0	0	0	0.9	0	0	0.9	0
18.03.1985	0	0	0	0	0	0	0	0	0
19.03.1985	0	0	0	0	0	0	0	0	0
20.03.1985	0	0	0	0	0	0	0	0	0
21.03.1985	0	0	0	0	0	0	0	0	0
22.03.1985	0	0	0	0	0	0	0	0	0
23.03.1985	0.3	0	0	0.3	0	0	0	0	0
24.03.1985	0	0	0	0	0	0	0	0	0
25.03.1985	0.1	0	0	0.1	0.1	0	0	0.1	0
26.03.1985	0.1	0	0	0.1	1.3	0	0	1.3	0
27.03.1985	4.5	10.5	2.9	5.5	7.4	6.9	5.7	7.4	3.8
28.03.1985	2.4	4.6	1.5	1.3	4.5	3.6	4.2	4.5	3
29.03.1985	2.8	5.1	1.4	1.4	3	4.2	5.2	3	1.4
30.03.1985	9.2	8.1	9.5	10.4	9.8	10.9	14.8	9.8	12.3
31.03.1985	0.1	0	0	0.2	2.6	0	0	2.6	0
01.04.1985	0.3	0	0	0	0	0	0	0	0
02.04.1985	0	0	0	0	0	0	0	0	0
03.04.1985	0.3	2.9	1.4	0.1	2.9	2.7	0.1	2.9	0.3
04.04.1985	0.3	0	0	0	0.7	0	0	0.7	0
05.04.1985	0	0	0	0.3	0	0	0	0	0.7
06.04.1985	0	0	0	0	0	0	0	0	0
07.04.1985	0	0	0	0	0	0	0	0	0
08.04.1985	0	0	0	0	0	0	0	0	0
09.04.1985	0	0	0	0	0	0	0	0	0
10.04.1985	0	0	0	0	0	0	0	0	0
11.04.1985	0	0	0	0	0	0	0	0	0
12.04.1985	0	0	0	0	0	0	0	0	0
13.04.1985	0	0	0	0	0	0	0	0	0
14.04.1985	0	0	0	0	0	0	0	0	0
15.04.1985	0.1	0	0	1.8	1.8	0	0	1.8	3.7
16.04.1985	0	1.6	0.1	0	0	0.1	0.1	0	0
17.04.1985	4.6	2.8	4.4	4.8	3.5	2.2	1.2	3.5	2.7
18.04.1985	12.5	6.7	6.7	9.8	8.6	6.7	2.9	8.6	6.5
19.04.1985	12	7.1	7.9	7.1	11.4	10.7	12.9	11.4	11.6
20.04.1985	5	0	0	2.4	10.3	0	0	10.3	0
21.04.1985	0	0	0	0	0.6	0	0	0.6	0
22.04.1985	0.5	0	0	0	0	0	0	0	0
23.04.1985	0	0	0	1.5	0	0	0	0	5.8
24.04.1985	7.9	7.1	4.9	6.2	10.3	8.1	9.4	10.3	6
25.04.1985	8.4	5.3	6.2	6.1	12.3	4.6	1.5	12.3	1.8
26.04.1985	4.9	19.3	6.1	3.5	13.8	15.4	12	13.8	5.9
27.04.1985	0	0	0	0	0	0	0	0	0
28.04.1985	0	0	0	0	0	0	0	0	0
29.04.1985	0	0	0	0	0	0	0	0	0
30.04.1985	0	0	0	0	0	0	0	0	0
01.05.1985	0	0	0	0	0	0	0	0	0
02.05.1985	0	0	0	0	0	0	0	0	0
03.05.1985	0	0	0	0	0	0	0	0	0
04.05.1985	0.9	0	0	1.2	1.7	0.1	0	1.7	1.9
05.05.1985	3.1	1.5	0.1	7.5	3.3	0.8	0.5	3.3	0.1
06.05.1985	0	0	0	0	0	0	0	0	0
07.05.1985	0	0	0	0	0	0	0	0	0
08.05.1985	0.3	0	0	0.1	0.3	0	0	0.3	0
09.05.1985	0	0	0	0	0	0	0	0	0
10.05.1985	0	0	0	0	0	0	0	0	0
11.05.1985	0	0	0	0	0	0	0	0	0
12.05.1985	0	0	0	0	0	0	0	0	0
13.05.1985	0	0	0	0	0	0	0	0	0
14.05.1985	0	0	0	0	0	0	0	0	0
15.05.1985	0	0	0	0	0	0	0	0	0
16.05.1985	0	0	0	0	0	0	0	0	0
17.05.1985	0	0	0	0	0	0	0	0	0
18.05.1985	0	0	0	0	0	0	0	0	0
19.05.1985	0	0	0	0	0	0	0	0	0
20.05.1985	0	0	0	0	0	0	0	0	0
21.05.1985	0	0	0	0	0	0	0	0	0
22.05.1985	1	2.6	1	2	2.6	3.3	1.4	2.6	3.1
23.05.1985	1	2.5	0.1	1.4	2	1.6	1.5	2	0.1
24.05.1985	0	2.3	1	2.2	3.7	2.4	1.9	3.7	1.7
25.05.1985	4	6.7	1.3	2	5.7	6	4.5	5.7	1.9
26.05.1985	18.9	11	9.9	9.7	14.1	11.4	11.7	14.1	11.5
27.05.1985	14.6	4.3	6.8	9.3	5.2	5.2	1.1	5.2	4.4
28.05.1985	4.6	1.3	0.4	2	4.9	1.8	2.3	4.9	0
29.05.1985	0	0	0	1.5	6.5	0	0	6.5	1.6
30.05.1985	0	0	0	0	0	0	0	0	0
31.05.1985	0	0	0	0	0	0	0	0	0
01.06.1985	0	0	0	0	0	0	0	0	0
02.06.1985	0	5.4	0.1	2	6.9	5.3	4.7	6.9	2.6
03.06.1985	0	0	0	0	0	0	0	0	0
04.06.1985	0	0	0	0	0	0	0	0	0
05.06.1985	0	0	0	0	0	0	0	0	0
06.06.1985	0	0	0	0	0	0	0	0	0
07.06.1985	12.7	6	6.6	10.2	9.6	7.4	8.7	9.6	7.5
08.06.1985	1.9	0	0	2.7	0	0	0	0	6.2
09.06.1985	5.1	3.6	1.5	4.5	3.6	4	3.8	3.6	0.9
10.06.1985	1.9	6.7	7.2	2.2	2.7	3.1	2.1	2.7	4.4
11.06.1985	0	0	0	0	0	0	0	0	0
12.06.1985	0.5	0	0	0.1	0	0	0	0	2.4
13.06.1985	0	0	0	0	0	0	0	0	0
14.06.1985	0	0.5	22.8	8.8	0	1.1	0.1	0	18.3
15.06.1985	0	1	2.7	0	0	0.2	2.8	0	1.5
16.06.1985	0	0	0	0	0	0	0	0	0
17.06.1985	0	0	0	0	0	0	0	0	0
18.06.1985	3.3	0	0	1.4	0.7	0	0	0.7	0
19.06.1985	1.6	0	0	1.9	1.5	0	0	1.5	0
20.06.1985	1.3	2.2	1.4	0.8	2.8	2.2	2.4	2.8	1.5
21.06.1985	0	0	0	0	0	0	0	0	0
22.06.1985	1.2	0.3	2.4	0	2.2	2.2	1.7	2.2	0.8
23.06.1985	0	0	0	0	0	0	0	0	0
24.06.1985	0	0	0	0	0	0	0	0	0
25.06.1985	0.6	0.1	0.5	0.6	0.5	0.7	0.4	0.5	0.2
26.06.1985	4.1	14.9	10.4	4.3	6.7	8.5	7.3	6.7	7.5
27.06.1985	11.8	20.3	18.3	12.2	16.7	13.4	14	16.7	21.1
28.06.1985	5.4	4.7	3.1	5.3	4.9	4.1	3.3	4.9	3.9
29.06.1985	0.1	0	0	0.5	0.2	0	0	0.2	0.5
30.06.1985	10	3.8	6.3	6.3	10.6	5.3	5.7	10.6	5.4
01.07.1985	1.5	4.3	4.5	1.5	3	3.4	5.3	3	6
02.07.1985	0	0	0	0	0	0	0	0	0
03.07.1985	0.3	0.1	0.4	0.1	0.1	0.1	0.1	0.1	0.4
04.07.1985	11.8	6.8	16.2	17.1	12.5	8.8	7.6	12.5	13.6
05.07.1985	0.9	0.9	0	0.5	2.7	1.1	1.4	2.7	0
06.07.1985	0	0	0	0	0	0	0	0	0
07.07.1985	0	0	0	0	0	0	0	0	0
08.07.1985	5.2	3.9	2.5	2.8	2.1	2.8	3.8	2.1	2.6
09.07.1985	0	0	0	0	0	0	0	0	18.6
10.07.1985	7.3	11.1	10.5	11.5	6.9	8	4.6	6.9	18.9
11.07.1985	0.4	0	0	0.3	2.2	0	0	2.2	0
12.07.1985	0.1	0	0	0.1	1.1	0	0	1.1	0
13.07.1985	5.3	2.7	2.9	4.4	5.1	3.5	4.8	5.1	4
14.07.1985	0.8	0	0	0.5	0	0	0	0	0
15.07.1985	11.7	5.5	5.4	8.9	10.6	8	8.9	10.6	3.6
16.07.1985	0.6	2.6	2.4	2.3	0.6	2.3	2.5	0.6	2.3
17.07.1985	2.7	1.3	1.4	2	1.5	1.7	1.6	1.5	0.9
18.07.1985	1.2	0	0	0.1	1.1	0	0	1.1	0
19.07.1985	1.4	2.2	2.1	2	3.6	2.5	4.9	3.6	3.2
20.07.1985	15.1	30	22.9	16.4	24	26.1	27.6	24	22.5
21.07.1985	5.7	1.9	4.7	4.6	2.9	3.6	3.8	2.9	4.1
22.07.1985	5.8	2.7	5.2	3.3	4.5	4.1	5.3	4.5	5.5
23.07.1985	3.8	4.6	6.1	5.5	3.9	6	5	3.9	5.5
24.07.1985	3.6	2.8	2.9	4.2	4.1	4.8	6.8	4.1	5.1
25.07.1985	0.7	0.4	0	0.1	1.8	1.8	1.2	1.8	0
26.07.1985	0	0	0	0	0	0	0	0	0
27.07.1985	0	0	0	0	0	0	0	0	0
28.07.1985	0	0	0	0	0	0	0	0	0
29.07.1985	0	0	0	0	0	0	0	0	0
30.07.1985	1	1.6	0.1	2.4	2.8	1.3	0.6	2.8	0.1
31.07.1985	0	10.5	13.6	0.1	0	13	7.8	0	9.3
01.08.1985	2.7	0.1	3	4	1.3	0.1	0.1	1.3	1.4
02.08.1985	4.8	3.3	5.3	8.3	3.8	5.8	4.5	3.8	7.6
03.08.1985	2.2	0	0	0.1	2.5	0	0	2.5	0
04.08.1985	1.8	0	0	2.4	2.8	0.1	0	2.8	3.1
05.08.1985	2.5	0	0	1.5	2.1	0.1	0	2.1	3
06.08.1985	6.2	0	0	6	5.6	0	0	5.6	2.2
07.08.1985	2.3	4.4	6.2	4.3	6.7	4.5	4.9	6.7	6.2
08.08.1985	2	5.4	5	6.8	10.5	6.5	4.2	10.5	8.5
09.08.1985	0	0	0	0	0	0	0	0	0
10.08.1985	0.1	0	0	0.5	1.2	0	0	1.2	0
11.08.1985	0	0	0.1	0	0.4	0.2	1.3	0.4	0
12.08.1985	4.8	16.1	12.3	9.2	17.5	12.4	12.4	17.5	12.3
13.08.1985	8.3	0.4	2.4	5.7	5.4	3.1	3.6	5.4	1.9
14.08.1985	4.5	0.2	0.3	4	2.4	2.3	0.3	2.4	0.2
15.08.1985	2	2.7	1.2	1.3	2.2	3.3	4.1	2.2	1.9
16.08.1985	1.8	1.5	1.9	1.9	2.9	1.7	2.3	2.9	3
17.08.1985	0	0	0	0	0	0	0	0	0
18.08.1985	0	0	0	0	0	0	0	0	0
19.08.1985	0	0	0	0	0	0	0	0	0
20.08.1985	3.6	1.8	4.5	3.9	3.2	2.3	2.9	3.2	5.2
21.08.1985	3.5	7.1	7.7	4.8	5.7	5.1	5.5	5.7	6.4
22.08.1985	7.3	8.2	13.1	8.3	7.6	6.9	5.3	7.6	10.4
23.08.1985	4	0.7	7.2	7.6	3.7	2.7	1	3.7	6.1
24.08.1985	5.1	4.1	6.7	6.7	4.3	4.8	3.7	4.3	7.9
25.08.1985	3	11.7	0.1	2.4	8.2	5	8.7	8.2	0
26.08.1985	7.7	6	6.2	6.2	5.5	6.9	7.5	5.5	7.6
27.08.1985	16.8	8.8	12.5	10.9	9.6	11	14.1	9.6	12
28.08.1985	26.9	13.4	12.6	20.8	19.9	16.6	14.4	19.9	15.5
29.08.1985	8.2	1.7	1.9	5.2	3.9	3.5	2.5	3.9	2
30.08.1985	9.7	5.2	3.8	8.9	10	6.6	5.2	10	5.6
31.08.1985	14.6	11.4	10.6	12.6	11.6	9.1	8.7	11.6	9.6
01.09.1985	9.6	4.2	7.3	7.6	7.5	4.4	4.1	7.5	8.6
02.09.1985	11.6	7.6	8.3	10.9	9.6	7.9	6.4	9.6	8.9
03.09.1985	6.8	6.3	2.9	6.5	6.2	4.7	4.2	6.2	4.5
04.09.1985	7	6	8	6	4.9	5.6	5.2	4.9	6.7
05.09.1985	0.8	6.8	0.1	1.7	4.4	5.9	5.8	4.4	0.7
06.09.1985	0.4	3.5	0.3	0.2	1.7	0.6	0.3	1.7	0
07.09.1985	3.9	11.8	7.9	0.5	7.9	7.1	14.6	7.9	12.3
08.09.1985	1.9	9.4	6.6	2.6	3.6	6.8	9.4	3.6	8
09.09.1985	1.6	1.5	1.7	1.4	0.6	0.2	0.1	0.6	0.7
10.09.1985	1.8	1.2	0.9	1.4	1.8	1.6	2.4	1.8	1.3
11.09.1985	5	12.2	9.9	7.3	9.6	8.6	7.1	9.6	9.8
12.09.1985	0.1	0	0	0	0.2	0	0	0.2	0
13.09.1985	0.1	0	0	1.1	1.3	0	0	1.3	1.3
14.09.1985	10.5	0.3	5.2	8.1	9.3	7.7	8.9	9.3	3.9
15.09.1985	22.8	4	0.7	9.7	16.5	8.2	6.1	16.5	0.1
16.09.1985	30.3	15.5	17.4	20.6	26	19.5	15.9	26	22.9
17.09.1985	4.4	0.2	1	5.2	3	2.9	0.6	3	0.9
18.09.1985	6.8	5.6	9.4	8.1	8.2	7.9	4.9	8.2	6.3
19.09.1985	5	0.7	4.3	5.6	2	1.1	0.1	2	4.2
20.09.1985	22.9	11.5	11.7	18.4	16.7	12.5	10.6	16.7	11.7
21.09.1985	34.4	23.1	35.5	33.2	32.2	23.4	20.2	32.2	34.9
22.09.1985	7.3	5.8	9.2	10.4	10	9	6.1	10	10.1
23.09.1985	0.1	0.1	2.5	2.6	3.5	0.1	0.1	3.5	0.2
24.09.1985	0	0.1	0.1	0.2	0	0.1	0.1	0	0
25.09.1985	5.1	0	0	2.7	4.1	0	0	4.1	3
26.09.1985	0.1	0	0	0.1	0	0	0	0	0
27.09.1985	1.1	2.2	2.1	1	2.7	2.1	2.9	2.7	2
28.09.1985	14.8	16.4	19.1	14.4	14.8	18	15.5	14.8	15.2
29.09.1985	2	0	0	2.3	3.2	0.2	0	3.2	2
30.09.1985	14.8	16.1	21	20.7	22.9	19.9	19.2	22.9	21.5
01.10.1985	38.5	19.3	27.3	37.1	30.1	26.7	23.9	30.1	22.9
02.10.1985	16.8	22.4	14.4	20.8	19	17.5	17	19	19.8
03.10.1985	6.9	3.8	2.3	4.2	4	3.3	2.8	4	2.3
04.10.1985	11.5	7.6	5.8	7.8	9.8	9.7	11.3	9.8	6.5
05.10.1985	11.2	4.5	4.1	10.4	16	5.9	7.3	16	1.5
06.10.1985	25.2	15.2	14.2	19	18.8	17.9	19	18.8	19.8
07.10.1985	0.1	0.3	0.2	1.7	3	1.9	0.4	3	0.1
08.10.1985	7.7	6.1	7.1	8.8	7.2	8.1	9.5	7.2	9.5
09.10.1985	0.4	3.3	1.4	2	2.4	3.5	0.5	2.4	0.2
10.10.1985	1.6	2.3	7.4	4.8	1.9	0.7	0.6	1.9	1.1
11.10.1985	3.4	0.9	1.4	2.4	2.6	2.1	1.9	2.6	0.7
12.10.1985	11.6	14.8	11.1	10.2	12.5	13.7	11.4	12.5	8.1
13.10.1985	3	0.9	1.7	1.6	1.6	0.8	0.6	1.6	0.9
14.10.1985	15.6	15.1	24.9	21.6	27.1	20.5	22.8	27.1	24.6
15.10.1985	0.5	1.4	4.2	3	5	2.6	2.7	5	4.6
16.10.1985	3.9	2	1.4	1.2	1.3	2.6	3.7	1.3	1.7
17.10.1985	0.8	7.4	2.8	1.6	5.3	5.2	5.4	5.3	2.9
18.10.1985	2.6	0.1	2	4.3	2.7	1.3	0.1	2.7	0.1
19.10.1985	6	2.9	7.4	7.3	8.6	8.3	8	8.6	10.2
20.10.1985	4.4	9.5	0	0.1	8	6.2	9.6	8	0
21.10.1985	13.2	1.5	6.3	18.8	13.9	6.3	3.4	13.9	10.8
22.10.1985	0.1	0.5	0.1	1.3	0.1	0.9	1.6	0.1	0.1
23.10.1985	0.1	0	0	0	0	0	0	0	0
24.10.1985	0	0	0	0	0	0	0	0	0
25.10.1985	2.6	1.9	1.5	1.5	2.5	3.4	5.2	2.5	3.9
26.10.1985	0.1	0	0	0	0	0	0	0	0
27.10.1985	1.2	3.5	2.1	0.3	2.5	4.3	3.2	2.5	2.7
28.10.1985	0.1	0.2	0	0	1.8	1.1	1.3	1.8	0
29.10.1985	1.4	1	1.4	0.6	0.3	1.1	0.6	0.3	0.7
30.10.1985	7	6	4	8.7	9.7	4.5	1	9.7	0.9
31.10.1985	15.5	18.1	17.9	21.5	20.4	18.6	13.9	20.4	25.2
01.11.1985	0.5	3.4	0	1.3	5.8	1.7	0	5.8	0
02.11.1985	6.8	5.9	4.4	6	7	6.9	11.3	7	7.6
03.11.1985	11.1	3.1	16.2	11.5	13.2	0.1	0.1	13.2	9.8
04.11.1985	3.7	7.7	3	4.5	6.7	7.2	6.4	6.7	4.6
05.11.1985	28	0.9	5.8	16.6	22.2	15.8	9.6	22.2	7.8
06.11.1985	10.4	3.8	2.8	6.6	8.4	8.2	7.4	8.4	1.4
07.11.1985	12.4	11.1	8.5	11.2	16.3	16	9.7	16.3	6.9
08.11.1985	12.1	15.7	11.1	9.3	14.2	5.6	2.4	14.2	9.6
09.11.1985	6.3	5.7	6.9	4.9	4.8	5.6	6.2	4.8	4.3
10.11.1985	10.8	7.6	5.9	5.2	9	7.5	8.2	9	8.1
11.11.1985	29.7	20.6	19.4	24.8	26.2	19.5	10	26.2	14
12.11.1985	10.3	6	0.1	7.5	6	4.2	5.4	6	2.4
13.11.1985	0	0	0	0	0	0	0	0	0
14.11.1985	0	0	0	0	0	0	0	0	0
15.11.1985	0	0	0	0	0	0	0	0	0
16.11.1985	0	0	0	0	0	0	0	0	0
17.11.1985	0	0	0	0	0	0	0	0	0
18.11.1985	0	0	0	0	0	0	0	0	0
19.11.1985	0	0	0	0	0	0	0	0	0
20.11.1985	0	0	0	0	0	0	0	0	0
21.11.1985	0	0	0	0	0	0	0	0	0
22.11.1985	0	0	0	0	0	0	0	0	0
23.11.1985	0	0	0	0	0	0	0	0	0
24.11.1985	0	5.7	0.1	0	0	1.7	0.1	0	0
25.11.1985	2.8	7.5	6.8	4	6.2	4.4	5.6	6.2	4.3
26.11.1985	4.1	7.6	5	3.1	5.1	6.5	6.2	5.1	5.8
27.11.1985	0	0	0	0	0	0	0	0	0
28.11.1985	0	0	0	0	0	0	0	0	0
29.11.1985	0	0	0	0	0	0	0	0	0
30.11.1985	1	0	0	0	1.6	0	0	1.6	0
01.12.1985	4.4	6.1	2.6	3.9	4.6	6	1.6	4.6	0.1
02.12.1985	1.3	0.2	6.7	3.8	6.5	0.1	5.9	6.5	0.1
03.12.1985	7.5	3	4.6	6.8	6.7	5.9	6.9	6.7	3.2
04.12.1985	12.3	2.8	3.5	9.9	8.8	5.7	6.5	8.8	5.2
05.12.1985	2.4	4.1	1.3	4.7	4.3	5.1	4.1	4.3	7.7
06.12.1985	0	0	0	0	0	0	0	0	0
07.12.1985	0	0	0	0	0	0	0	0	0
08.12.1985	0	0	0	0	0	0	0	0	0
09.12.1985	0	0	0	0	0	0	0	0	0
10.12.1985	0	0	0	0	0	0	0	0	0
11.12.1985	0	0	0	0	0	0	0	0	0
12.12.1985	0	0	0	0	0.7	0	0	0.7	0
13.12.1985	13.9	8.8	5.7	8.6	12.7	12	12.6	12.7	6.8
14.12.1985	13.4	7.8	10.2	11	9.6	7	3.4	9.6	8.2
15.12.1985	0	0	0	0	0	0	0	0	0
16.12.1985	3.6	0	0	3.8	0.1	0	0	0.1	3.3
17.12.1985	0	0	0	0	0	0	0	0	0
18.12.1985	0	0	0	0	0	0	0	0	0
19.12.1985	9.2	3	8.9	11.2	8.1	7.5	8.2	8.1	10.3
20.12.1985	0	0	0	0	0	0	0	0	0
21.12.1985	13.4	0.2	4.8	8.9	6.9	3.9	6.9	6.9	4.8
22.12.1985	36.2	21.3	18.8	23.2	28.9	24.7	21.9	28.9	21.8
23.12.1985	8.9	2.8	7.4	8.4	5.8	4.7	5.5	5.8	7.6
24.12.1985	6.4	0	0	5.2	4.8	0.1	0	4.8	5.8
25.12.1985	10.4	2.1	3.9	7.6	7.1	4.6	3	7.1	4.1
26.12.1985	8.2	5.9	5.8	2.7	5.6	7.5	10.7	5.6	11.4
27.12.1985	11	6	11.6	10.9	11.6	8.8	9.7	11.6	10.1
28.12.1985	0	3.3	3.6	1.8	13	9	9.5	13	0.2
29.12.1985	0.1	0.1	0.3	2.3	0	0.1	0.1	0	0.2
30.12.1985	5.1	2.6	3.7	4.1	6.9	4.4	4.8	6.9	2.4
31.12.1985	2.3	7	5.7	2	6.9	7.4	11.2	6.9	8.1
01.01.1986	0.3	0.3	0	1	0	0.2	0	0	0
02.01.1986	0	0	0	0	0	0	0	0	0
03.01.1986	0	0	0	0	0	0	0	0	0
04.01.1986	0	0	0	0	0	0	0	0	0
05.01.1986	0	0	0	0	0	0	0	0	0
06.01.1986	0	0	0	0	0	0	0	0	0
07.01.1986	0	0	0	0	0	0	0	0	0
08.01.1986	0	0	0	0	0	0	0	0	0
09.01.1986	0	0	0	0	0	0	0	0	0
10.01.1986	0	0	0	0	0	0	0	0	0
11.01.1986	1.6	0	0	0	0.2	0	0	0.2	0
12.01.1986	0.1	0	0	0	4	0	0	4	0
13.01.1986	4	3.6	2.8	3.3	4.2	3.6	3.5	4.2	2.2
14.01.1986	3.2	3	2.9	2.9	5.9	4.2	3.3	5.9	3.7
15.01.1986	0	0	0	0	0	0	0	0	0
16.01.1986	6.6	4.7	7.5	6.8	5.9	3.3	1.4	5.9	3.7
17.01.1986	10.9	13.5	8.5	6	11.5	9.3	7.7	11.5	4.1
18.01.1986	2.5	1	0.1	2.2	5	1.4	1.8	5	0
19.01.1986	6.1	0.4	8.2	7.8	5.3	5	3.4	5.3	7
20.01.1986	1.9	2.5	3.4	3.6	3.7	3.5	3.7	3.7	3
21.01.1986	5	2.6	3.9	5.9	5	5.1	4.1	5	4
22.01.1986	6.4	2.9	4.9	6.7	3.3	3.9	2.6	3.3	4.2
23.01.1986	0.5	0	0	2.2	3.1	0	0	3.1	1
24.01.1986	0.9	1.9	1.3	1.3	1.5	2.2	1.3	1.5	1.2
25.01.1986	27.5	17.2	10.3	16.2	22.3	11.8	6.6	22.3	3.7
26.01.1986	0.3	6.6	0.1	0.4	5.1	1.4	0.1	5.1	0
27.01.1986	0	0	0	0	0	0	0	0	0
28.01.1986	0	0	0	0	0	0	0	0	0
29.01.1986	0	0	0	0	0.4	0	0	0.4	0
30.01.1986	0	0	0	0	0	0	0	0	0
31.01.1986	0	0	0	0	0	0	0	0	0
01.02.1986	0	0	0	0	0	0	0	0	0
02.02.1986	0	0	0	0	0	0	0	0	0
03.02.1986	0	0	0	0	0	0	0	0	0
04.02.1986	0	0	0	0	0	0	0	0	0
05.02.1986	0	0	0	0	0	0	0	0	0
06.02.1986	0	0	0	0	0	0	0	0	0
07.02.1986	0	0	0	0	0	0	0	0	0
08.02.1986	0	0	0	0	0	0	0	0	0
09.02.1986	0	0	0	0	0	0	0	0	0
10.02.1986	0	0	0	0	0	0	0	0	0
11.02.1986	0	0	0	0	0	0	0	0	0
12.02.1986	0	0	0	0	0	0	0	0	0
13.02.1986	0	0	0	0	0	0	0	0	0
14.02.1986	0	0	0	0	0	0	0	0	0
15.02.1986	0	0	0	0	0	0	0	0	0
16.02.1986	0	0	0	0	0	0	0	0	0
17.02.1986	0	0	0	0	0	0	0	0	0
18.02.1986	0	0	0	0	0	0	0	0	0
19.02.1986	0	0	0	0	0	0	0	0	0
20.02.1986	0	0.4	0.1	0.4	0	0.1	0.1	0	0
21.02.1986	8.7	5.7	7.2	10.2	8	6.9	8.9	8	8.6
22.02.1986	0	0	0	0.2	0	0	0	0	0
23.02.1986	0	2.9	0.1	0	0	0.5	0.1	0	0
24.02.1986	0	3.8	2.9	0.7	7.7	5.5	4.9	7.7	4.3
25.02.1986	0	0	0	0	0	0	0	0	0
26.02.1986	0	2	0.4	0.1	2.1	2.2	1.6	2.1	1.1
27.02.1986	3.1	3.8	2.4	2.3	4.9	5.5	5.4	4.9	2.6
28.02.1986	0	0	0	0	0	0	0	0	0
01.03.1986	6.3	0.5	0.1	7.8	7.3	1.5	0.4	7.3	4.1
02.03.1986	7.1	6.2	1.6	8.1	6.9	8	11	6.9	9.1
03.03.1986	5.2	10.1	2.7	2.9	8.1	9.9	12.9	8.1	3.6
04.03.1986	16.8	11.8	3.8	7.3	13.6	10	7.6	13.6	3.5
05.03.1986	6.1	2.3	1.8	4.6	3.9	3.9	3.6	3.9	1.7
06.03.1986	12.4	3.3	4.5	8.2	8.3	6.7	8.3	8.3	5.6
07.03.1986	8.9	2.9	4.6	6.6	5.4	3.7	2.1	5.4	4.7
08.03.1986	6	4.7	7.2	6.1	4.6	5.2	6.1	4.6	6.6
09.03.1986	0	0	0	0	0	0	0	0	0
10.03.1986	0	0	0	0	0	0	0	0	0
11.03.1986	0	0	0	0	0	0	0	0	0
12.03.1986	0	0	0	0	0	0	0	0	0
13.03.1986	0	0	0	0	0	0	0	0	0
14.03.1986	0	0	0	0	0	0	0	0	0
15.03.1986	0	0	0	0	0	0	0	0	0
16.03.1986	0	0	0	0	0	0	0	0	0
17.03.1986	0	0	0	0	0	0	0	0	0
18.03.1986	0	0	0	0	0	0	0	0	0
19.03.1986	0	0	0	0	0	0	0	0	0
20.03.1986	8.6	11.2	2.3	2.9	12.9	9.1	10.8	12.9	5.2
21.03.1986	8	0	0	2.9	4.1	0	0	4.1	0
22.03.1986	4.7	5.6	1	2.5	5.6	7.2	7.3	5.6	4
23.03.1986	33.1	5.9	6.3	19.9	20.1	13	14.7	20.1	5.5
24.03.1986	4.3	0.1	1.2	3.9	0.9	0.3	0.1	0.9	0.1
25.03.1986	0	0	0	0	0	0	0	0	0
26.03.1986	0	0	0	0	0	0	0	0	0
27.03.1986	0	0	0	0	0	0	0	0	0
28.03.1986	0.6	0	0	0.3	1	0	0	1	0
29.03.1986	4	0	0	5.1	6.1	0.2	0	6.1	0.1
30.03.1986	0	0	0	0	0	0	0	0	0
31.03.1986	0	0	0	0	0	0	0	0	0
01.04.1986	0	0	0	0	0	0	0	0	0
02.04.1986	3.2	8.3	2.3	0.4	4.8	5.6	5.8	4.8	3.2
03.04.1986	0.2	6.9	5.1	0.1	1.7	3.1	0.1	1.7	0.9
04.04.1986	0.1	7.2	0	0	1.8	1.5	0.1	1.8	0
05.04.1986	0.1	3.3	0	0	2.1	2.2	0.6	2.1	0
06.04.1986	0	0	0	0	0	0	0	0	0
07.04.1986	0	0	0	0	0	0	0	0	0
08.04.1986	0	0	0	0	0	0	0	0	0
09.04.1986	0.5	2.7	0	0	2.2	0.6	0.1	2.2	0
10.04.1986	1	0	0	0.2	5.4	0	0	5.4	0
11.04.1986	0.8	0.1	0.6	0.8	0.8	0.1	0.1	0.8	0.3
12.04.1986	1	1.2	3	1.6	3	1.6	1.8	3	2.7
13.04.1986	1.4	3	1.6	1.3	2.4	2.7	2.3	2.4	1.9
14.04.1986	0	0	0	0	0	0	0	0	0
15.04.1986	0	0	0	0	0	0	0	0	0
16.04.1986	0	0	0	0	0	0	0	0	0
17.04.1986	0	0	0	0	0	0	0	0	0
18.04.1986	0	0	0	0	0	0	0	0	0
19.04.1986	0	0	0	0	0	0	0	0	0
20.04.1986	0	0	0	0	0	0	0	0	0
21.04.1986	0	0	0	0	0	0	0	0	0
22.04.1986	1.3	0.3	1.8	2.2	2.6	1	1.6	2.6	2.5
23.04.1986	1.1	0	0	0	1	0	0	1	0
24.04.1986	0	0	0	0	0	0	0	0	0
25.04.1986	0	0	0	0	0	0	0	0	0
26.04.1986	0	0	0	0	0	0	0	0	0
27.04.1986	1.8	0.7	2.1	0.8	1.6	0.6	1.6	1.6	0.9
28.04.1986	0	0	0	0	0	0	0	0	0
29.04.1986	2.4	0	0	1.3	0	0	0	0	4.1
30.04.1986	7.8	10.9	13.4	10.3	11	9.6	8.9	11	12.3
01.05.1986	1.4	4.8	3.6	3.6	2.5	3.7	3.4	2.5	3
02.05.1986	0.1	4.7	0.9	1.7	3.4	2.5	3.5	3.4	0.7
03.05.1986	0	0	0	0	0	0	0	0	0
04.05.1986	0	0	0	0	0	0	0	0	0
05.05.1986	0	0	0	0	0	0	0	0	0
06.05.1986	0	0	0	0	0	0	0	0	0
07.05.1986	0.1	0	0	0	0	0	0	0	0
08.05.1986	0	5.4	0.9	0	1.7	7.5	6.4	1.7	0
09.05.1986	8.7	18.9	15.5	11.5	14.6	14.4	14	14.6	12.8
10.05.1986	2.5	0	0	5.2	0.1	0	0	0.1	0.1
11.05.1986	0	0	0	0	1.5	0	0	1.5	0
12.05.1986	0.8	0	0	0	1.8	0	0	1.8	0
13.05.1986	0	0	0	0.6	6.3	0	0	6.3	0.1
14.05.1986	5.4	0.1	0.3	1.3	2.6	0.9	0.1	2.6	0.5
15.05.1986	1	0	0	0.3	0.6	0	0	0.6	0.1
16.05.1986	0.1	0	0	0.6	3.5	0	0	3.5	0
17.05.1986	1.9	4.4	8.9	8.5	4.5	5.1	5.2	4.5	14.4
18.05.1986	1.1	0	0	0.5	0	0	0	0	0
19.05.1986	2.1	4.7	0.8	1.7	3.5	4	3	3.5	1.2
20.05.1986	4.1	6.9	2.3	3.7	4.8	8.7	2	4.8	0.3
21.05.1986	0.5	0	0	0.5	1.4	0	0	1.4	0.1
22.05.1986	2.5	4.3	1.1	1.5	3.2	5.4	7.2	3.2	1.7
23.05.1986	9.7	3.9	3.6	8.2	6.5	3.7	2	6.5	4.5
24.05.1986	8.3	5.5	1.5	3.7	6.2	8.1	7.6	6.2	2
25.05.1986	2.2	3.5	0.7	0.6	3.6	3.7	3.4	3.6	2.6
26.05.1986	5.7	0.8	2	3	5.3	3.4	2.4	5.3	2.2
27.05.1986	22.6	12.2	12	17.2	19.2	13.8	12.2	19.2	14.5
28.05.1986	2.6	1	1.2	1.9	1.8	3.9	5.7	1.8	1.8
29.05.1986	6.9	7.3	12.3	12.5	9.5	8.1	8.4	9.5	16.6
30.05.1986	1.2	2.4	3.6	1.8	3.6	3.8	3	3.6	4.2
31.05.1986	6.8	2.2	1.4	3.5	1.6	1.4	1.4	1.6	0.3
01.06.1986	3.4	4.9	4.4	3.5	5	4.5	7	5	4.2
02.06.1986	0	0	0	0	0	0	0	0	0
03.06.1986	1.4	1.6	0.7	0.9	1.8	2.6	3.2	1.8	1
04.06.1986	13.3	6.3	8.4	12	11.4	9	7.3	11.4	5.4
05.06.1986	0	0	0	0	0.5	0	0	0.5	0
06.06.1986	0	0	0	0	0	0	0	0	0
07.06.1986	0	0	0	0	0	0	0	0	0
08.06.1986	12.1	9.2	12.3	11.8	11.6	7.3	6	11.6	11.7
09.06.1986	7.2	6.6	5.1	6.2	10.2	6.6	5.2	10.2	3.8
10.06.1986	0	8.9	0.1	0.6	14.2	15.5	15.2	14.2	2.3
11.06.1986	0.7	0	0	0.4	1.5	0	0	1.5	0
12.06.1986	11.3	8.4	10.9	9.7	9.9	7.8	8	9.9	10.7
13.06.1986	2.1	4.8	1	1.2	2.8	5.7	3.6	2.8	1.3
14.06.1986	0	0	0	0	0.2	0.5	1.2	0.2	0
15.06.1986	0	0	0	0	0	0	0	0	0
16.06.1986	0	0	0	0	0	0	0	0	0
17.06.1986	0	0	0	0	0	0	0	0	0
18.06.1986	0.9	0	0	1.6	0.1	0	0	0.1	1.3
19.06.1986	4	4.6	3.5	4.3	4.8	4.4	4.8	4.8	4.9
20.06.1986	7	12.7	15.3	10.8	9.8	10.1	10.3	9.8	15.4
21.06.1986	0	0	0	0	0	0	0	0	0
22.06.1986	0	0	0	0	0	0	0	0	0
23.06.1986	0	0	0	0	0	0	0	0	0
24.06.1986	0	0	0	0	0	0	0	0	0
25.06.1986	0	0	0	0	0	0	0	0	0
26.06.1986	0	0	0	0	0	0	0	0	0
27.06.1986	0	0	0	0	0	0	0	0	0
28.06.1986	4.1	4.1	4.3	3.7	4.6	4.7	6.5	4.6	5.4
29.06.1986	0	0	0	0	0	0	0	0	0
30.06.1986	0	0	0	0	0	0	0	0	0
01.07.1986	0	0	0	0	0	0	0	0	0
02.07.1986	0	0	0	0	0	0	0	0	0
03.07.1986	0	0	0	0	0	0	0	0	0
04.07.1986	1.5	1.9	1.6	1.7	2.2	1.8	1.7	2.2	3.3
05.07.1986	8.3	1.4	6.9	7.3	3.6	3.3	2.5	3.6	6.6
06.07.1986	5.5	4.5	3.8	4.5	4.9	5.1	6.8	4.9	5.7
07.07.1986	2.3	0.6	2.8	3.2	2.2	0.6	0.1	2.2	1.9
08.07.1986	3.3	4.3	3.4	2.6	5.3	5	7.5	5.3	5.3
09.07.1986	6	0.3	3.7	9.8	4.9	4.7	2.4	4.9	8.7
10.07.1986	5.3	6.6	8.9	8	7.5	9.1	11.7	7.5	13
11.07.1986	2.3	2	1.4	1.8	6	0.2	0.1	6	0
12.07.1986	0.1	5	4.6	0.1	3.6	3.9	0.1	3.6	1.5
13.07.1986	0.1	0.1	0.1	0	0	0.1	0.1	0	0
14.07.1986	0	0	0	0	0	0	0	0	0
15.07.1986	0.3	0.3	1.5	2.4	1.1	0.8	0.9	1.1	1.3
16.07.1986	0.1	0	0	0.1	0.4	0	0	0.4	0
17.07.1986	1.6	0.1	1.9	0.4	1.7	0.1	2.5	1.7	1.3
18.07.1986	8	4.2	7.3	8	8.3	6.3	7.2	8.3	7.9
19.07.1986	2.7	5.1	1.5	2.7	4.2	5.6	5.2	4.2	4.4
20.07.1986	0.4	0	0	0	0.5	0	0	0.5	0
21.07.1986	3.2	2.6	2.3	2.8	3.5	3	4.5	3.5	2.1
22.07.1986	0.7	1.1	2	1.2	0.9	0.8	1.1	0.9	0.1
23.07.1986	0	0	0	0	0	0	0	0	0
24.07.1986	0	0	0	0	1.6	0	0	1.6	0.1
25.07.1986	0	2.1	0	0	0	0.5	0.1	0	0
26.07.1986	0	0	0	0	0	0	0	0	0
27.07.1986	0	0	0	0	0.1	0	0	0.1	0
28.07.1986	0	0	0	0	0	0	0	0	0
29.07.1986	6.7	1.8	3.5	2.4	4	4.3	3.5	4	4.6
30.07.1986	6.5	6.3	3.3	4.6	4.7	8.7	13.1	4.7	4.5
31.07.1986	6.6	1.3	5.5	8.3	5	2.5	2.7	5	6.5
01.08.1986	4.1	6.1	4	2.7	3.9	4.8	7.1	3.9	2.8
02.08.1986	1.8	3.1	2.1	1.4	2.3	2.7	3.3	2.3	2.3
03.08.1986	3.8	0.1	1.7	2.5	3.3	2.9	2.7	3.3	2
04.08.1986	2	2.6	0.7	0.8	3	3.8	3.5	3	1.5
05.08.1986	9.6	9.3	8.8	9	8.5	8.3	9.4	8.5	8.4
06.08.1986	8.4	9.7	16.5	11.8	13.8	9.1	9.9	13.8	18.2
07.08.1986	11.4	9.2	8.9	11.9	11.3	6.7	7.6	11.3	10.6
08.08.1986	0.9	0	0	0.2	0	0	0	0	0
09.08.1986	0.9	1.8	1.2	1.4	2.5	2.4	2.5	2.5	2
10.08.1986	10.1	15.9	16.9	10.9	9.7	11.6	7.7	9.7	15.5
11.08.1986	0.5	0.5	1.2	0.8	0	0.1	0.1	0	1.3
12.08.1986	0	0.7	0	0	0.8	0.4	0.1	0.8	0
13.08.1986	0	0	0	0	0.3	0	0	0.3	0
14.08.1986	0	8.5	0	0.3	1.6	4.1	0.7	1.6	0
15.08.1986	0	0	0	0	0	0	0	0	0
16.08.1986	9.6	11.2	2.4	6.5	8.3	7.6	6	8.3	2.5
17.08.1986	2	2.7	2.8	1.9	0.8	1.9	2.5	0.8	2.9
18.08.1986	5.5	2.4	2.4	2.9	2.7	1.7	4	2.7	4.7
19.08.1986	0.7	8.1	0.1	0.4	4.4	5.4	4	4.4	2.3
20.08.1986	4.5	7.2	6.3	3.5	3.1	5	3.4	3.1	5.4
21.08.1986	1.1	2.5	4.3	2	2.9	1.6	2	2.9	2.7
22.08.1986	0	0.4	1.2	0.3	4.1	0.1	3	4.1	1.5
23.08.1986	0	1	0	0	0	0	0.1	0	0
24.08.1986	0	0	0	0	0	0	0	0	0
25.08.1986	0	0	0	0	0	0	0	0	0
26.08.1986	0	0	0	0	0	0	0	0	0
27.08.1986	0	0	0	0	0.1	0	0	0.1	0
28.08.1986	0	0	0	0	0	0	0	0	0
29.08.1986	0	0	0	0	0	0	0	0	0
30.08.1986	0.6	3.5	0	0.2	4.1	2.3	0.5	4.1	0
31.08.1986	1.5	19.4	1.9	0.2	4.7	6.8	6.3	4.7	0.1
01.09.1986	4.7	0.1	2.8	2.5	2.2	1.5	0.1	2.2	1.4
02.09.1986	14.1	6	6.6	9.3	8.1	6.6	7.5	8.1	7.1
03.09.1986	3.3	0.1	2.7	5.4	2.2	1.2	0.1	2.2	0.8
04.09.1986	0.9	1.7	4.6	3.2	1.8	2.6	2.7	1.8	5.6
05.09.1986	20.7	6.4	9.6	14.4	12.8	7.7	5.6	12.8	6.5
06.09.1986	11.6	1.9	5.6	9.4	6.3	4.2	2.1	6.3	5.4
07.09.1986	7.7	6.8	5.8	7.7	11.2	15.3	5.8	11.2	5.6
08.09.1986	1.3	0.1	0.1	5	0.7	0.2	0.1	0.7	1.7
09.09.1986	9.2	5.9	12.1	11.3	11.5	9.1	7.2	11.5	12.3
10.09.1986	8.9	6.1	4.2	9	9	8	7.9	9	7
11.09.1986	0	1.1	2.6	0.3	0	1.5	2	0	2.6
12.09.1986	4	4.9	4.4	2.2	0.6	2.1	0.6	0.6	0.8
13.09.1986	1.7	0.1	2.9	2.9	1.2	0.1	0.1	1.2	2
14.09.1986	1.4	1.4	0.5	1.2	3	2.3	1.5	3	0.1
15.09.1986	9.5	8.3	10.4	7.9	5.6	6	6.7	5.6	8.4
16.09.1986	12.3	9.7	13.2	10.9	11.3	11.5	8.8	11.3	11.4
17.09.1986	2.1	17.8	4.4	5.4	12.6	10.2	11.6	12.6	3
18.09.1986	1.4	3.9	1.7	1.6	3.3	4.2	5.6	3.3	2.7
19.09.1986	4.9	0.1	9.2	7.4	1.8	2.3	1	1.8	0.8
20.09.1986	13.3	7.1	6.5	8.8	9.7	5.9	4.8	9.7	3.9
21.09.1986	28.9	8	21.7	22.7	15.5	12.1	6.5	15.5	8.1
22.09.1986	11.1	4.1	12.7	12.3	11.8	15.2	12.9	11.8	14.6
23.09.1986	4	1.7	3.9	4.4	5.4	3.3	3.2	5.4	3.9
24.09.1986	9.1	2.4	6.7	6.8	7.4	7.2	8.3	7.4	5.7
25.09.1986	2.6	3.6	1.4	2.7	4.1	6	7	4.1	3.1
26.09.1986	3	5.1	0.1	3.7	5.6	6.6	6.7	5.6	1.6
27.09.1986	0.3	0	0	0	0.2	0	0	0.2	0
28.09.1986	2.2	2.7	4.6	2.6	4	2.6	1.4	4	0.7
29.09.1986	21.8	20.3	15.3	19	23.6	21.7	23.1	23.6	19.6
30.09.1986	11.7	8.2	8.7	11.3	8.6	10.5	10.2	8.6	11.3
01.10.1986	42.3	15.4	28.6	50.5	32.2	21.7	9.9	32.2	31.4
02.10.1986	31.3	7.4	13.1	16.4	16.7	7.5	0.3	16.7	5
03.10.1986	28.6	19.1	17.2	25.5	18.3	20.2	14.3	18.3	13.4
04.10.1986	17.1	8.5	14.3	15.3	13.6	16.6	19	13.6	17.8
05.10.1986	0	0	0	0	0	0	0	0	0.6
06.10.1986	7.2	2.1	4.7	4.3	3.7	2	1.6	3.7	4.7
07.10.1986	3.9	4.3	2.2	3.5	5.6	3.5	3.7	5.6	3.9
08.10.1986	0.1	0.5	0.1	0	2.8	2.1	0.9	2.8	0
09.10.1986	0	0	0	0.4	0.6	0	0	0.6	0
10.10.1986	3.8	3.5	5	4.4	4.5	3.5	3.9	4.5	4.7
11.10.1986	11.2	4.5	5	7	6.5	5	5.9	6.5	4.5
12.10.1986	3.3	6	0.8	2.1	4.7	6.7	8.1	4.7	2.9
13.10.1986	0	0	0	0	0	0	0	0	0
14.10.1986	0.9	0	0	0	1	0	0	1	0
15.10.1986	12.9	5.9	4.9	10.3	7.9	5	3.1	7.9	4.6
16.10.1986	2.4	2.1	0	0.7	3.3	0.1	0.1	3.3	0
17.10.1986	13.7	8.1	6.4	10	9.1	8.6	6	9.1	5.7
18.10.1986	0	0	0	0	0.1	0	0	0.1	0
19.10.1986	0.1	21.3	0	0.1	11	2.1	4	11	0
20.10.1986	6.2	7.7	6.9	6.7	7.7	5.8	5.9	7.7	7.3
21.10.1986	0	0	0	0	0	0	0	0	0
22.10.1986	0	0	0	0	0	0	0	0	0
23.10.1986	0.1	0	0	0	2.4	0	0	2.4	0
24.10.1986	8.3	6.8	5.5	3.5	9	9.7	13.8	9	7.9
25.10.1986	0	0	0	0	2.5	0	0	2.5	0
26.10.1986	0.1	0	0	0.3	0.5	0	0	0.5	0
27.10.1986	4.7	0	0	3.4	2.2	0	0	2.2	3.2
28.10.1986	0.5	3.7	1.2	2.7	5.5	6.4	4.1	5.5	1.2
29.10.1986	16	5.9	7.8	12	15.5	9.4	10.7	15.5	7.5
30.10.1986	25.9	8.9	15.3	21.7	14.4	10.2	8.7	14.4	18
31.10.1986	14.3	9.4	10.5	8.3	12.7	11.6	4.7	12.7	8
01.11.1986	27	16.7	11.7	20	27.9	19.5	8.6	27.9	14.4
02.11.1986	11	18.8	6.2	5.8	13.4	13.5	13.5	13.4	6.7
03.11.1986	0.1	0	0	0.1	0.8	0	0	0.8	0
04.11.1986	13.7	10.1	6.7	10.6	15	11	10.1	15	9.1
05.11.1986	7	7	12.7	7.8	7.9	6	2.7	7.9	5
06.11.1986	11.7	10.2	8.4	10.9	17	11.2	11.8	17	12.2
07.11.1986	9.2	5.5	10.4	9.8	8.3	7.9	7.3	8.3	9.4
08.11.1986	12.2	2	5.6	12	7.9	5	4.6	7.9	4
09.11.1986	35.4	8.8	23.9	28.4	22.9	16.7	13	22.9	17.4
10.11.1986	43.9	19.2	9.7	21.3	32.8	20.2	19.8	32.8	14.5
11.11.1986	57.3	21.3	31.7	44.7	34.1	31.6	25.2	34.1	35.2
12.11.1986	11.9	7.7	7.9	10.6	9	10.4	8.5	9	11.4
13.11.1986	2.6	0	0	2.6	4.7	0.1	0	4.7	3.3
14.11.1986	0.9	0	0	0.3	1.9	0	0	1.9	0
15.11.1986	0	0	0	0	0	0	0	0	0
16.11.1986	1	0.7	0.5	0	6.9	0.1	0.1	6.9	0
17.11.1986	5.5	0	0	0.6	2.5	0	0	2.5	0
18.11.1986	0.1	0	0	0	0.8	0	0	0.8	0
19.11.1986	0.8	0	0	1.2	2.7	0	0	2.7	0
20.11.1986	0.1	0	0	0	2	0	0	2	0
21.11.1986	1	0	2.1	1.4	0.8	0.2	0.9	0.8	0.3
22.11.1986	0.5	0	0	0.2	0	0	0	0	0
23.11.1986	0.1	0	0	0	0	0	0	0	0
24.11.1986	0	0	0	0	0.1	0	0	0.1	0
25.11.1986	11.1	6	4.4	7.4	7	7.1	6.6	7	6
26.11.1986	22.8	13.5	11.7	17.2	12.7	12.3	11.1	12.7	13.7
27.11.1986	25.8	17.1	14.7	16.4	16.2	13.4	11.7	16.2	16.8
28.11.1986	55.1	25.1	19.4	23.3	33.7	22	23.3	33.7	19.5
29.11.1986	49.8	21.5	19.3	31.1	23.5	23.6	18.4	23.5	16.6
30.11.1986	13.8	13.3	6.9	8.1	15.3	19.7	24.8	15.3	14.9
01.12.1986	24.3	18.7	10.1	13.6	20.4	16.2	15.9	20.4	14.1
02.12.1986	7.6	12.3	5.7	9.1	15.1	11.4	10.4	15.1	8.2
03.12.1986	30.8	11.5	10	15.1	9.8	11.8	12.5	9.8	5.6
04.12.1986	61	53.6	45.8	50.5	45.8	37.1	32.7	45.8	47.9
05.12.1986	23.5	23.5	26.6	30.7	24.9	22.6	21.5	24.9	32.5
06.12.1986	20.1	13.7	14	18.8	19.4	15.5	12	19.4	17.1
07.12.1986	4.8	2.5	2.8	8	2.9	2.3	0.9	2.9	1.6
08.12.1986	1.9	0.6	0	0.6	3.2	0.1	2.2	3.2	0
09.12.1986	16	3.6	6.5	12.6	14.3	10.5	9.3	14.3	5.8
10.12.1986	15.6	14.2	11.8	16.2	17.4	13.5	9.3	17.4	10.5
11.12.1986	0.1	0	0	0.5	0	0	0	0	0.1
12.12.1986	6	1.2	6.1	4.3	2.7	3.7	2.1	2.7	4
13.12.1986	0	0	0	1.7	0	0	0	0	2.1
14.12.1986	0	0	0	0	0	0	0	0	0
15.12.1986	0	0	0	0	0	0	0	0	0
16.12.1986	0	0	0	0	0	0	0	0	0
17.12.1986	0	0	0	0	0	0	0	0	0
18.12.1986	0	0	0	0	0	0	0	0	0
19.12.1986	0	0	0	0	0	0	0	0	0
20.12.1986	5	0	0	7.3	5.9	0	0	5.9	2.6
21.12.1986	0.4	0	0	2.7	0	0	0	0	5.9
22.12.1986	0	0	0	0	0	0	0	0	0
23.12.1986	0	0	0	0	0	0	0	0	0
24.12.1986	0	0	0	0	0	0	0	0	0
25.12.1986	3	0	0	0.9	7.4	0	0	7.4	0
26.12.1986	2.1	0.5	6	4	0	5.2	4.9	0	10.3
27.12.1986	0.5	0	0	0.2	0	0	0	0	0
28.12.1986	0	0	0	0	0	0	0	0	0
29.12.1986	12	3.3	6.6	9.8	10.3	7.8	9.5	10.3	8.4
30.12.1986	13.2	13.5	18.7	14	21.7	11.2	9.3	21.7	13.7
31.12.1986	1.6	0.1	0.1	1	2.4	1.1	1.3	2.4	0
01.01.1987	0	0	0	0	0	0	0	0	0
02.01.1987	0	0	0	0	1.6	0	0	1.6	0
03.01.1987	8.6	9	7.3	6.3	12.5	7.7	5.4	12.5	3.3
04.01.1987	0.1	0	0	0	0	0	0	0	0
05.01.1987	1.3	0	0	2.5	3.1	0	0	3.1	0
06.01.1987	0	0	0	0	0	0	0	0	0
07.01.1987	3.8	1.1	3.9	5.6	5.7	4.3	3.9	5.7	4.9
08.01.1987	15.7	17.1	15.4	14.1	19	15.2	12.8	19	12.9
09.01.1987	4.6	1.5	2.1	3.2	2.4	2	2	2.4	2
10.01.1987	0.8	0	0	2.6	0.1	0	0	0.1	3.2
11.01.1987	0	0	0	0	0	0	0	0	0
12.01.1987	0	0	0	0	0	0	0	0	0
13.01.1987	0	0	0	0	0	0	0	0	0
14.01.1987	0	0	0	0	0	0	0	0	0
15.01.1987	0	0	0	0	0	0	0	0	0
16.01.1987	0	0	0	0	0	0	0	0	0
17.01.1987	0	0	0	0	0	0	0	0	0
18.01.1987	0	0	0	0	0	0	0	0	0
19.01.1987	0	0	0	0	0	0	0	0	0
20.01.1987	3.9	4.8	0	1.8	5.6	2.8	3.6	5.6	0
21.01.1987	0.5	2.5	0.8	0.9	3.5	3.4	1.6	3.5	0
22.01.1987	0	0	0	0	0	0	0	0	0
23.01.1987	11.5	9	13.1	12.9	12.9	9.9	8.5	12.9	13.2
24.01.1987	5.2	10.4	5.9	3.6	7.2	7.2	7.3	7.2	4.4
25.01.1987	8.6	4.8	10.3	11.1	7.4	5.9	2.8	7.4	7.6
26.01.1987	23.2	16.6	11.9	15.3	27.2	17.2	21.1	27.2	5.8
27.01.1987	12.7	4.8	5.1	10.7	13.6	6.4	5	13.6	5.9
28.01.1987	19.7	14.8	10.4	14.8	20.1	11.7	4.3	20.1	2.6
29.01.1987	2.8	1.4	0.4	1.9	2.6	1.8	1.5	2.6	1.3
30.01.1987	5.8	6.5	6	5.2	8.3	7.7	8.9	8.3	5.9
31.01.1987	7.3	13.7	11.3	7.5	16.5	11.9	9.3	16.5	5.7
01.02.1987	5.6	7.3	6.9	5	8	8.9	7.9	8	7.9
02.02.1987	0	0	0	0	0	0	0	0	0
03.02.1987	0	0	0	0	0	0	0	0	0
04.02.1987	13.2	0.1	6.3	6.3	4.1	0.1	0.1	4.1	0.1
05.02.1987	23.4	11.1	12.2	8.3	15.1	13.4	21.7	15.1	12.8
06.02.1987	26.2	16	21.6	17.9	20.2	25	29	20.2	16.4
07.02.1987	7.8	9.7	6.1	4.6	8.9	7.1	6.9	8.9	4.6
08.02.1987	8.2	13.3	5.3	6.7	9.6	5	2.2	9.6	0.8
09.02.1987	0	0	0	0	0	0	0	0	0
10.02.1987	0.6	0	0	4.6	2.1	0	0	2.1	4
11.02.1987	0	0	0	0	0	0	0	0	0
12.02.1987	0.1	0	0	0	0	0	0	0	0
13.02.1987	0.4	0	0	1	1.8	0	0	1.8	1
14.02.1987	1.2	2.9	4.2	0	4.3	6.3	6.6	4.3	3.1
15.02.1987	0.5	3	5.1	3.8	3.8	5.2	5.6	3.8	4.9
16.02.1987	8.1	5.1	5.1	5.8	9.1	7.9	7.6	9.1	4.2
17.02.1987	0.1	1.9	0.2	0.3	2.7	0.1	0.1	2.7	0
18.02.1987	0.1	1.7	0	0	0.9	0.2	0.1	0.9	0
19.02.1987	0	4.8	0	0	1.4	1.1	0.1	1.4	0
20.02.1987	7.6	4.8	11.3	10.1	8.2	9.6	10.9	8.2	10.7
21.02.1987	19.7	16.4	30.3	25.5	25.5	18.8	13	25.5	17.9
22.02.1987	16.7	14.5	13.6	16.6	18.2	14	13.7	18.2	18.3
23.02.1987	19.1	19.2	18.7	14.4	25.5	16	8.9	25.5	11.7
24.02.1987	2.9	8.3	15.2	9	9.4	8	9.1	9.4	15
25.02.1987	22.1	13	12	22.1	20.5	14.3	9.8	20.5	11.1
26.02.1987	5.1	3.3	2.7	6.8	3.7	3.3	3.5	3.7	2.8
27.02.1987	0	0	0	0	0	0	0	0	0
28.02.1987	0	0	0	0	0	0	0	0	0
01.03.1987	0	0	0	0	0	0	0	0	0
02.03.1987	0	0	0	0	0	0	0	0	0
03.03.1987	0.6	0	2.4	0.7	1	0.1	1.9	1	1.3
04.03.1987	0.1	0.8	0.1	2.5	0.9	1	1.5	0.9	0.9
05.03.1987	0.2	0	0	0	1.7	0	0	1.7	0
06.03.1987	0.2	0	0	0	0	0	0	0	0
07.03.1987	0	0	0	0	0	0	0	0	0
08.03.1987	0	0	0	0	0	0	0	0	0
09.03.1987	0	0	0	0	0	0	0	0	0
10.03.1987	0	0	0	0	0	0	0	0	0
11.03.1987	0	0	0	0	0	0	0	0	0
12.03.1987	0	0	0	0	0	0	0	0	0
13.03.1987	0	0	0	0	0	0	0	0	0
14.03.1987	0	0	0	0	0	0	0	0	0
15.03.1987	3.8	0	0	0.7	3.6	0	0	3.6	0
16.03.1987	5.5	7.2	5.5	5.2	6.4	7.9	5.2	6.4	3.9
17.03.1987	0	0	0	0	0	0	0	0	0
18.03.1987	0	0	0	0.8	0	0	0	0	0
19.03.1987	0	0	0	0	0	0	0	0	0
20.03.1987	0	0	0	0	0	0	0	0	0
21.03.1987	0	0	0	0	0	0	0	0	0
22.03.1987	0	0	0	0	0	0	0	0	0
23.03.1987	0	0	0	0	0	0	0	0	0
24.03.1987	0	0	0	0	0	0	0	0	0
25.03.1987	0	0	0	0.2	0	0	0	0	0
26.03.1987	3.4	0	0	1.1	5.5	0	0	5.5	0
27.03.1987	1.5	0	0	0	1.4	0	0	1.4	0
28.03.1987	1.2	0	0	1.9	2.7	0	0	2.7	3
29.03.1987	4.3	6.8	7	5.9	3.7	3.3	1.9	3.7	0.1
30.03.1987	6.3	9.5	0.1	2.4	12.2	12.8	11.3	12.2	3.8
31.03.1987	0	0	0	0	0	0	0	0	0
01.04.1987	1.9	0	0	0.7	4.7	0	0	4.7	0
02.04.1987	0	0	0	0	0	0	0	0	0
03.04.1987	0	0	0	0	0	0	0	0	0
04.04.1987	0	0	0	0	0	0	0	0	0
05.04.1987	0	0	0	0	0	0	0	0	0
06.04.1987	0	0	0	0	0	0	0	0	0
07.04.1987	0	0	0	0	0	0	0	0	0
08.04.1987	0	0	0	0	0	0	0	0	0
09.04.1987	0	0	0	0	0	0	0	0	0
10.04.1987	0	0	0	0	0	0	0	0	0
11.04.1987	0	0	0	0	0	0	0	0	0
12.04.1987	0	0	0	0	0.1	0	0	0.1	0
13.04.1987	0.1	0	0	0	0	0	0	0	0
14.04.1987	0.8	1.6	1	0.4	2.5	2	2.8	2.5	1.7
15.04.1987	3	6.1	2.1	0.8	6.7	6.6	7.2	6.7	1.8
16.04.1987	19.1	12.3	12.8	14.2	9.1	7.5	5.5	9.1	7.9
17.04.1987	14.9	5.3	10.9	13.2	10.1	8.6	2.1	10.1	8.8
18.04.1987	0	1.6	1.9	0	0	3.5	3.7	0	0.5
19.04.1987	0	0	0	0	0.5	0	0	0.5	0.1
20.04.1987	6.9	0	0	8.9	6.1	0.1	0	6.1	8.2
21.04.1987	0.9	0	0	0.5	0	0	0	0	0.2
22.04.1987	0	6	5.2	1.4	10.9	8.7	9.8	10.9	5.4
23.04.1987	1.3	0.9	0.1	0	0	0.4	0.1	0	0
24.04.1987	0	0	0	0	0	0	0	0	0
25.04.1987	0	0.4	0.1	0.6	0.6	1.5	1.6	0.6	0.2
26.04.1987	0	0	0	0	0	0	0	0	0
27.04.1987	4.6	1	2.7	3.1	1.9	1.2	0.2	1.9	1
28.04.1987	6.4	10.5	6.6	11.6	10.8	6.8	4.3	10.8	3.1
29.04.1987	0	0	0	0	0	0	0	0	0
30.04.1987	1.4	0.1	0	0.3	1.8	0.4	0.7	1.8	0
01.05.1987	0.1	0	0	0.8	3.9	0	0	3.9	0
02.05.1987	18	13.9	15.2	17	17.4	13.8	11.9	17.4	14.7
03.05.1987	0	0.7	0.4	0	0.6	3	0.1	0.6	0
04.05.1987	0	0	0	0	0	0	0	0	0
05.05.1987	1	0.2	2	1	0.6	0.1	1.1	0.6	1
06.05.1987	3.9	3	4.4	6.1	4.5	4.6	5.3	4.5	4.6
07.05.1987	0.1	0.1	3.6	0.4	0.7	0.4	0.1	0.7	1
08.05.1987	0	0	0	0	0.1	0	0	0.1	0
09.05.1987	3	3.4	0.4	1.3	2.9	5.3	1.1	2.9	0.1
10.05.1987	0.9	2.9	0.3	2.4	1.6	0.2	0.2	1.6	0.1
11.05.1987	4.9	2.8	3.9	6.8	4	4.6	5.8	4	6.2
12.05.1987	4.8	1.7	2.3	4.3	3.6	2.8	2.5	3.6	2.6
13.05.1987	0.6	0.5	2.9	0.8	0.8	0.2	1.5	0.8	1.2
14.05.1987	0	0	0	0	0	0	0	0	0
15.05.1987	0.1	0.3	0.1	0	0	0.1	0.1	0	0
16.05.1987	0.1	0	0	0	0	0	0	0	0
17.05.1987	0	0	0	0	0	0	0	0	0
18.05.1987	0	0	0	0	0	0	0	0	0
19.05.1987	1.2	3.5	3.3	1.1	2.7	2.9	4.5	2.7	2.3
20.05.1987	3.6	5.5	7.3	5.3	4.4	6.1	3.6	4.4	6.3
21.05.1987	0	2.8	1.6	0	1.8	7.2	0.5	1.8	0
22.05.1987	0	0	0	0	0	0	0	0	0
23.05.1987	0	0	0	0	0	0	0	0	0
24.05.1987	0	0	0	0	0	0	0	0	0
25.05.1987	0	0	0	0	0	0	0	0	0
26.05.1987	0	0	0	0	0	0	0	0	0
27.05.1987	0	0	0	0	0	0	0	0	0
28.05.1987	0	0	0	0	0	0	0	0	0
29.05.1987	0	0	0	0	0	0	0	0	0
30.05.1987	0	0	0	0	0	0	0	0	0
31.05.1987	0	0	0	0	0	0	0	0	0
01.06.1987	0.1	0	0	0	0	0	0	0	0
02.06.1987	0	0	0	0	0	0	0	0	0
03.06.1987	2.5	0.9	0.1	0.9	2.6	2.6	0.1	2.6	0
04.06.1987	0	0	0	0	0.1	0	0	0.1	0
05.06.1987	0	0	0	0	0	0	0	0	0
06.06.1987	0	0	0	0	0	0	0	0	0
07.06.1987	0.1	6.8	1.5	0.1	0	10.4	10.3	0	0.1
08.06.1987	0.2	0.1	0.3	0.1	0.1	0.5	0.9	0.1	0.1
09.06.1987	0	1.9	0	0	0	1.2	0.1	0	0
10.06.1987	0.3	1.7	0.1	1.4	1.2	0.1	0.1	1.2	0.1
11.06.1987	5.3	4.3	4.2	4.7	5.9	4.2	4.1	5.9	3
12.06.1987	1	1.5	0.4	1.1	0.8	0.8	0.8	0.8	0.6
13.06.1987	7.7	11.7	9.4	7.1	9.7	10.2	9.7	9.7	7.4
14.06.1987	0.1	0.8	0.5	0.4	0.6	1.6	1.3	0.6	0.5
15.06.1987	1	2.7	1.7	1.4	2.7	2.5	2.7	2.7	2.3
16.06.1987	0.9	4.5	1.3	2.6	3	2.9	4.1	3	0.6
17.06.1987	0	0.9	3.6	0.6	2.4	2.3	0.9	2.4	1.5
18.06.1987	0	4.3	0.3	0	0	1.6	0.1	0	0
19.06.1987	0	0	0	0	0	0	0	0	0
20.06.1987	0	6.1	9.8	4.9	0	5.8	6.2	0	4.2
21.06.1987	2.6	1.9	1.9	1.4	1.9	2	2.2	1.9	2.2
22.06.1987	0	0	0	0	0	0	0	0	0
23.06.1987	0	0.8	1.7	0	0	0.7	2.1	0	0
24.06.1987	5	7.4	5.8	4.9	5.9	5.8	5.6	5.9	4.3
25.06.1987	1.6	1	0.9	2	1.1	1	1.5	1.1	1.4
26.06.1987	1.6	1.7	1.2	1.8	2.3	2.2	2.3	2.3	2.6
27.06.1987	0	2.9	1.4	0.6	5.9	4.8	0.1	5.9	0.1
28.06.1987	0.1	0	0	0.1	0.1	0	0	0.1	0
29.06.1987	1.2	2.5	3	1.5	2.2	2.1	3.1	2.2	3.2
30.06.1987	1	1.8	1	0.9	1.7	2.3	2	1.7	1.5
01.07.1987	3.3	0.5	2.3	1.9	1.9	1.6	0.5	1.9	0.7
02.07.1987	30.5	13.3	13.4	22.2	22.3	16	15.3	22.3	15.1
03.07.1987	12.3	19.1	20.2	11.6	14.5	12.6	11.9	14.5	12.2
04.07.1987	0.3	0.9	0.8	1.9	1.8	1.8	1.4	1.8	0.1
05.07.1987	7	5.5	6.8	5	6.2	4.9	4	6.2	4.8
06.07.1987	18.2	8.4	12.9	19.1	12.7	14.2	12.9	12.7	10.7
07.07.1987	14	11.5	10.8	10.9	14.4	10.2	9.8	14.4	11.9
08.07.1987	1.9	2.8	6.4	3.8	1.9	1.8	0.5	1.9	7.2
09.07.1987	2.3	2.4	0.9	2.8	0.7	1.6	0.3	0.7	2.7
10.07.1987	2.5	5.8	4.2	4.1	3.3	5.7	3.1	3.3	6.9
11.07.1987	0.9	1	0.1	0.1	0.9	0.1	0.1	0.9	4.1
12.07.1987	0	0	0	0	0	0	0	0	0
13.07.1987	0	0	0	3.5	0	0	0	0	9.2
14.07.1987	0	0	0	0	0	0	0	0	0
15.07.1987	0	0	0	0	0	0	0	0	0
16.07.1987	0	0	0	0	0	0	0	0	0
17.07.1987	0	0	0	0	0	0	0	0	0
18.07.1987	0	0	0	0	0	0	0	0	0
19.07.1987	0.5	0	0	1.2	0	0	0	0	1.5
20.07.1987	0	0	0	0	0	0	0	0	0
21.07.1987	0	0	0	0	0	0	0	0	0
22.07.1987	0	0	0	0	0	0	0	0	0
23.07.1987	0	0	0	0	0	0	0	0	0
24.07.1987	9	6.8	9.8	9.6	7.4	5.7	3.8	7.4	8.4
25.07.1987	4.2	8.4	12.6	2.9	7	9.3	6.1	7	11.3
26.07.1987	3	3.9	4.6	2.5	3.2	2.3	0.4	3.2	5.3
27.07.1987	0	0.1	0.6	0	0	0.2	0.1	0	0.4
28.07.1987	1.6	6.1	3.7	0.3	1.2	4.3	4.7	1.2	3.1
29.07.1987	0.1	0	0	0	0.1	0	0	0.1	0
30.07.1987	0.9	6.4	6.4	2.8	2.2	4.2	3.6	2.2	6.6
31.07.1987	0	0	0	0	0	0	0	0	0
01.08.1987	3.1	3.9	1.9	2.2	2.9	3.6	2.2	2.9	1.3
02.08.1987	5.2	5.3	9.5	7.7	9	5.9	5.2	9	10.9
03.08.1987	0	3.4	0.1	0.2	7.4	4.9	4.9	7.4	2.7
04.08.1987	0	0.1	1	0	0	0.9	0.1	0	0.1
05.08.1987	0.1	4.1	2.4	0.4	0.1	2.6	0.1	0.1	0.3
06.08.1987	0.1	1.3	0.6	0.1	0.5	0.1	0.1	0.5	0.3
07.08.1987	10	8.6	8.4	9	8.5	8.3	8.9	8.5	8.5
08.08.1987	0	0	0	0	0	0	0	0	0
09.08.1987	0	0	0	0	0	0	0	0	0
10.08.1987	4.1	0	0	7.8	6.7	0	0	6.7	4
11.08.1987	7.3	0.8	5.3	8.8	4.8	2.6	1	4.8	5.9
12.08.1987	0.1	0	0	0	0	0	0	0	0
13.08.1987	0.1	0	0	0	0	0	0	0	0
14.08.1987	0	0	0	0	0	0	0	0	0
15.08.1987	4.7	7.9	4.2	3.9	6.7	5.4	4.4	6.7	7
16.08.1987	0	0	0	0	0	0	0	0	0
17.08.1987	0	0	0	0	0	0	0	0	0
18.08.1987	1	5.5	6.5	4.9	4.9	5.8	4.5	4.9	3.8
19.08.1987	4.6	7.4	12.3	11.8	5.2	7.5	6	5.2	13.3
20.08.1987	0.1	0.1	0.7	0.7	0.1	0.4	1	0.1	0.6
21.08.1987	7.9	17.1	4.2	3.9	15.4	15	10.3	15.4	3.8
22.08.1987	8.6	6.9	14.7	10.8	6.9	8.6	7.9	6.9	12.4
23.08.1987	0.5	7	0	0.4	0	2.7	0.7	0	0
24.08.1987	0	0	0	0	0	0	0	0	0
25.08.1987	0	0	0	0	0	0	0	0	0
26.08.1987	0.1	0	0	0	0	0	0	0	0
27.08.1987	10.8	5.8	6.8	7.7	9.5	6.6	6.3	9.5	9.8
28.08.1987	16.1	13.6	12.9	16.3	14.4	12.6	11.9	14.4	9.9
29.08.1987	3.2	1.3	4.6	3	4.6	4.9	6.7	4.6	5.9
30.08.1987	4.9	5.4	7	4.6	5.6	5.1	4	5.6	5.2
31.08.1987	1	0.4	1.5	1.3	0	1.9	2.5	0	1.3
01.09.1987	0.1	0.9	0	0	0	1.1	0	0	0
02.09.1987	5.3	3.5	2.6	3.3	4.8	3.4	3.7	4.8	2.3
03.09.1987	2.6	0.9	4.2	3.4	0	2	2.5	0	8.9
04.09.1987	0	0	0	0	0	0	0	0	0
05.09.1987	0	2.2	0.1	0.7	5.4	3.3	2.6	5.4	0.5
06.09.1987	2.1	0	0	0.8	1.8	0	0	1.8	0
07.09.1987	6.9	7.9	10	7.3	10.9	9.9	10.5	10.9	8.9
08.09.1987	2.1	5.9	2.4	6.6	6.1	6	5	6.1	1.6
09.09.1987	3	1.4	6.2	6.3	4.1	4	0.8	4.1	4.8
10.09.1987	2	2.7	2.8	3.1	3	3.3	3.6	3	4.5
11.09.1987	4.8	1.3	0.8	3.9	2.5	2.1	2.5	2.5	0.7
12.09.1987	0.1	0.5	5.4	2.5	3.5	0.4	0.1	3.5	2.7
13.09.1987	19	9.5	8.1	12.4	11.9	8.4	9.5	11.9	8.8
14.09.1987	19	5.1	4.7	10.7	12.1	9.5	8	12.1	3.7
15.09.1987	15.5	3.9	6.7	11.1	2.9	6.9	6.4	2.9	8.6
16.09.1987	2.7	5.9	3.8	4.8	4	5.4	5	4	7
17.09.1987	0.1	0	0	0	0	0	0	0	0
18.09.1987	28.5	5.1	12.1	19	16.1	12.1	9.2	16.1	10.5
19.09.1987	26.9	10.7	12.5	24.6	17.8	17.1	17.2	17.8	14.7
20.09.1987	10.3	3	11.7	10.6	9.7	8.2	3.1	9.7	10.3
21.09.1987	0.9	2.7	2	0	2.2	4.3	0.1	2.2	1
22.09.1987	12.3	7.1	5.4	9.1	16.6	8.8	10.8	16.6	8
23.09.1987	6.7	4.3	2.4	4.2	5.5	5.1	6.5	5.5	3.7
24.09.1987	35.1	8	9.1	19.7	22.8	14.1	12.1	22.8	11.4
25.09.1987	1.9	0.1	0	0.1	2.2	1.3	1.4	2.2	0
26.09.1987	2.2	1.7	0.1	0.1	1.3	1.8	2.3	1.3	0.5
27.09.1987	9.9	8.7	11.3	9.6	12.4	10.5	7.7	12.4	10.4
28.09.1987	1.3	5.4	2.2	0.9	1.7	4.4	2	1.7	1.3
29.09.1987	0.2	0	0	0	0.3	0	0	0.3	0
30.09.1987	0.1	0	0	0	0.1	0	0	0.1	0
01.10.1987	0.1	0	0	0	0	0	0	0	0
02.10.1987	0	0	0	0	0	0	0	0	0
03.10.1987	0	0	0	0	0	0	0	0	0
04.10.1987	0	0	0	0	0	0	0	0	0
05.10.1987	0	0	0	0	0	0	0	0	0
06.10.1987	3.3	6.3	1.3	1.7	8.6	11	13	8.6	3
07.10.1987	10.5	5.6	3.4	8.9	8.9	7.6	11	8.9	5.9
08.10.1987	8.1	6.8	2.6	4.5	6.3	8.4	7.1	6.3	2.5
09.10.1987	1.3	11	7.9	2.1	4.6	6.1	5.9	4.6	5.6
10.10.1987	2.6	2.4	0.5	2.3	2.3	2.2	3.3	2.3	0.1
11.10.1987	0.1	0	0	6.6	0.6	0	0	0.6	0.2
12.10.1987	3.7	0.9	3.6	1.2	3	1.2	5.4	3	0.9
13.10.1987	4.4	4.1	1.7	3.9	4.3	4.2	6.1	4.3	1.9
14.10.1987	0	1.8	1.3	0.5	3.7	2.2	1.9	3.7	1.8
15.10.1987	0	20.3	0	0	0	1.3	2	0	0
16.10.1987	0	14.7	6.5	0	7.5	15.5	13	7.5	5.3
17.10.1987	3.4	8.1	1.3	4.5	7.9	8.9	9.9	7.9	1.2
18.10.1987	13.8	4	4.9	9.3	10.1	5.1	5.2	10.1	5.6
19.10.1987	0	0	0	0	0	0	0	0	0
20.10.1987	0	0	0	0	0	0	0	0	0
21.10.1987	0	0	0	0	0	0	0	0	0
22.10.1987	0	0	0	0	0	0	0	0	0
23.10.1987	0	0	0	0	0	0	0	0	0
24.10.1987	0	0	0	0	0	0	0	0	0
25.10.1987	0.1	0	0	0	0	0	0	0	0
26.10.1987	0	0	0	0	0	0	0	0	0
27.10.1987	0	0	0	0	0	0	0	0	0
28.10.1987	0.2	2.5	0	0.1	1.9	2.3	4.3	1.9	0
29.10.1987	13.7	4.1	6.4	10.9	11.8	6.7	6.3	11.8	6.7
30.10.1987	0	0	0	0	0.2	0	0	0.2	0
31.10.1987	0.9	0	0	1.5	0.6	0	0	0.6	0.3
01.11.1987	2.5	0.7	2.3	2.2	1.1	2	0.8	1.1	1.4
02.11.1987	0	0.1	0	0	0	0.1	0.1	0	0
03.11.1987	1	0.6	0.6	1.3	1.7	1.4	2.8	1.7	1.9
04.11.1987	5.5	3.7	3.3	2.2	2.6	3.8	5.5	2.6	1.7
05.11.1987	9.6	7.1	8.1	5	9.9	8.3	10.9	9.9	8.2
06.11.1987	7	4.7	7.9	9.1	6.8	9.6	11.9	6.8	10.9
07.11.1987	2.6	0.1	3.2	2	3.4	4.3	4.2	3.4	2.9
08.11.1987	6.2	3.4	5.9	6.3	4.5	2	0.1	4.5	4.9
09.11.1987	0	0	0	0	0	0	0	0	0.7
10.11.1987	0	0	0	0	0	0	0	0	0
11.11.1987	0	0	0	0	0	0	0	0	0
12.11.1987	0	0	0	0	0	0	0	0	0
13.11.1987	0	0	0	0	0	0	0	0	0
14.11.1987	2	0	0	0	0	0	0	0	0
15.11.1987	0.5	0	0	1.1	2.1	0	0	2.1	0
16.11.1987	0.4	0	0	0	1	0	0	1	0
17.11.1987	5.4	0.5	0.3	1.8	5.2	0.4	0.7	5.2	0
18.11.1987	3	1.5	3.9	4.1	2.5	3.2	2	2.5	3.7
19.11.1987	18.2	3	7.3	9.8	10.2	6.3	8.5	10.2	8.6
20.11.1987	9.1	0.1	2.8	6.3	1.5	0.6	0.1	1.5	0.7
21.11.1987	0.3	0	0	2.1	0	0	0	0	1.6
22.11.1987	2.4	0	0	2.1	0	0	0	0	2.5
23.11.1987	0	0	0	0	0	0	0	0	0
24.11.1987	0.1	0	0	0	0	0	0	0	0
25.11.1987	0.4	0	0	0	0	0	0	0	0
26.11.1987	0	0	0	0	0	0	0	0	0
27.11.1987	0	0	0	0	0	0	0	0	0
28.11.1987	0.1	0	0	0	0	0	0	0	0
29.11.1987	0	0	0	0	0	0	0	0	0
30.11.1987	0.1	0	0	0	0	0	0	0	0
01.12.1987	3.7	3.8	4.1	3.3	3.6	4.6	4.6	3.6	3.4
02.12.1987	0	0	0	0	0	0	0	0	0
03.12.1987	0.7	0	0	0.2	2.2	0	0	2.2	0
04.12.1987	0	0	0	0	0	0	0	0	0
05.12.1987	0	2.3	3.7	2	10.1	6.4	6.6	10.1	0.1
06.12.1987	2.9	5.6	5.9	5.9	8.6	5.7	7.8	8.6	7.1
07.12.1987	11	6	8.6	6.6	5.3	6.1	3.5	5.3	8.3
08.12.1987	0.5	0.1	0.3	1.3	0	0.1	0.1	0	0
09.12.1987	10.2	9.5	11	9.9	15.4	11.5	14.9	15.4	10.8
10.12.1987	15.9	11.7	23.8	21.6	31.3	16.6	12.1	31.3	21.9
11.12.1987	11.1	17.3	14.1	9.7	13.3	11.7	7.3	13.3	10.4
12.12.1987	3.3	6.9	5.4	2.5	7.3	6.6	8.4	7.3	5.3
13.12.1987	2.3	3	5.6	2.3	4.5	5	5	4.5	4.1
14.12.1987	9.1	8.5	7.1	9.5	10.4	12	13.7	10.4	12
15.12.1987	2.9	2.7	5.1	4.7	3.8	3.7	3.4	3.8	5.5
16.12.1987	2	0	0	1.9	4.9	0	0	4.9	0
17.12.1987	0	0	0	0	0	0	0	0	0
18.12.1987	0	0	0	0	0.8	0	0	0.8	0
19.12.1987	4.1	1.5	4.6	6.3	3.3	2.9	2.2	3.3	3.5
20.12.1987	5.5	2.5	4.9	4.6	5.4	5	4.8	5.4	4.4
21.12.1987	22.4	13.5	26.3	27.9	23.1	20.3	14.7	23.1	21.7
22.12.1987	11.1	0.1	3.4	6.3	6.2	3.4	3.2	6.2	3.2
23.12.1987	19.9	16.8	11.2	23.3	18.6	16	14.8	18.6	25.4
24.12.1987	1.1	4.2	1.3	3.6	3.5	3.6	4.5	3.5	2.5
25.12.1987	0	0	0	0.6	0	0	0	0	0
26.12.1987	9.3	6.8	7.9	7.4	7.4	8.5	9	7.4	6.8
27.12.1987	10.2	10.6	6.3	10.4	11.7	8.7	10.9	11.7	7.3
28.12.1987	0.9	5.6	4.2	4.1	3.9	6	3.5	3.9	5
29.12.1987	14.9	3.4	10.5	12.2	9.4	8.4	7.2	9.4	6.2
30.12.1987	16.9	12	14.7	17.4	13.4	12.7	10.6	13.4	14.9
31.12.1987	13.4	9.5	13.7	13.3	14.4	10.7	10.2	14.4	13.8
01.01.1988	4.2	9.9	0.7	0	6.5	4.8	4.1	6.5	0
02.01.1988	0.8	0	0	1.6	0	0	0	0	1.3
03.01.1988	3.9	0.5	4.1	3.5	1.4	1.5	1.2	1.4	1.6
04.01.1988	0.2	0	0	0	0	0	0	0	0
05.01.1988	0	0	0	0	0	0	0	0	0
06.01.1988	0	0	0	0	0	0	0	0	0
07.01.1988	0	0	0	0	0	0	0	0	0
08.01.1988	0	0	0	0	0	0	0	0	0
09.01.1988	0.2	0	0	0	0	0	0	0	0
10.01.1988	17.7	13.5	8.1	14.4	19.6	14.9	13.2	19.6	9.5
11.01.1988	31.2	9.2	8.7	18.6	16.4	14.8	15.3	16.4	9.9
12.01.1988	1.2	0	0	0.1	4	0	0	4	0
13.01.1988	5.4	0	0	0.3	10.9	0	0	10.9	0
14.01.1988	0	0	0	0	0	0	0	0	0
15.01.1988	4.1	4.1	1.6	3.5	5.8	5.2	4.3	5.8	1
16.01.1988	4.2	0.1	1.1	3.6	2.1	0.1	0.1	2.1	0.2
17.01.1988	0.1	0	0	0	0.6	0	0	0.6	0
18.01.1988	1.8	0	0	0.5	1	0	0	1	0
19.01.1988	0.1	7.3	4.5	3.2	0	6.7	3	0	3.3
20.01.1988	0.3	0	0	0	1	0	0	1	0
21.01.1988	0	0	0	0	0	0	0	0	0
22.01.1988	0.1	0	0	0	0.1	0	0	0.1	0
23.01.1988	0	0	0	0	0	0	0	0	0
24.01.1988	2.4	4.1	1.4	2.8	3.5	3.3	3.7	3.5	3.6
25.01.1988	0	0	0	0	0	0	0	0	0
26.01.1988	0	0	0	0	0	0	0	0	0
27.01.1988	0	0	0	0	0	0	0	0	0
28.01.1988	0.5	0	0	0	0	0	0	0	0
29.01.1988	0	0	0	0	0	0	0	0	0
30.01.1988	0	0	0	0	0	0	0	0	0
31.01.1988	0	0	0	0	0	0	0	0	0
01.02.1988	0	0	0	0	0	0	0	0	0
02.02.1988	0	0	0	0	0	0	0	0	0
03.02.1988	0.4	0	0	0	1.9	0	0	1.9	0
04.02.1988	0	2.2	2.9	2.2	7.2	2.9	5	7.2	1.3
05.02.1988	1.5	0	0	0.4	0.8	0	0	0.8	0
06.02.1988	1.5	0	0	1	6.6	0	0	6.6	0
07.02.1988	0.9	0	0	0	0	0	0	0	0
08.02.1988	0.9	1.9	2.7	2.7	2.5	2	1.8	2.5	2.9
09.02.1988	0	0	0	0	0	0	0	0	0
10.02.1988	0	0	0	0	0	0	0	0	0
11.02.1988	0	0	0	0	0	0	0	0	0
12.02.1988	2.7	1.6	2.3	3.6	2.2	2.8	3.2	2.2	3.2
13.02.1988	0	0.6	3.1	1.2	5.2	1.5	3.5	5.2	1.2
14.02.1988	0.1	0	0	0.1	2.2	0	0	2.2	0
15.02.1988	2	1.2	1.2	1.4	3.5	2.5	3.2	3.5	1.3
16.02.1988	0.1	0	0	0	0.9	0	0	0.9	0
17.02.1988	1.5	0	0	0	0	0	0	0	0
18.02.1988	2.2	0	0	2.1	1.4	0	0	1.4	1.5
19.02.1988	9.6	3.2	7.3	11.5	8.7	6.8	5.6	8.7	9.4
20.02.1988	0.8	4.3	0	0.3	1.9	1.5	0.1	1.9	0
21.02.1988	8	2.8	12.7	8.6	5.4	4.5	3.6	5.4	5.4
22.02.1988	3.9	7.6	10.2	10.7	10.6	8.7	8.9	10.6	12.7
23.02.1988	6.2	0	0	2.3	1.6	0	0	1.6	0
24.02.1988	0	0	0	0	0	0	0	0	0
25.02.1988	0	0	0	0	0	0	0	0	0
26.02.1988	0	0	0	0	0	0	0	0	0
27.02.1988	2.2	0.8	3.2	2.6	3.6	2.1	2.8	3.6	3.5
28.02.1988	42	30.7	44.8	37.7	36.9	26.9	18.9	36.9	34.3
29.02.1988	13.1	10.4	9.3	12.6	18.1	9.4	6.6	18.1	7.9
01.03.1988	1.2	0.1	0	0	0	1.4	0	0	0
02.03.1988	1	0	0	0	2.5	0	0	2.5	0
03.03.1988	0.1	0	0	1	5.6	0	0	5.6	0
04.03.1988	3	0	0	2.4	3.2	0	0	3.2	0
05.03.1988	0	0	0	0	0	0	0	0	0
06.03.1988	0	0	0	0	0	0	0	0	0
07.03.1988	0	0	0	0	0	0	0	0	0
08.03.1988	0	0	0	0	0	0	0	0	0
09.03.1988	1	1.1	1.1	1.8	2.3	1.7	1.8	2.3	1.5
10.03.1988	1.3	1.7	0.2	1.8	1.9	3.2	1.8	1.9	1.8
11.03.1988	16.5	8.9	6.3	8.8	16.8	9.5	5.9	16.8	6.9
12.03.1988	3	4.1	3.5	2.6	3.2	4.1	2.8	3.2	3.4
13.03.1988	10.3	6.6	6.5	8.9	7.5	8.2	6.7	7.5	5.5
14.03.1988	0	0	0	0	0	0	0	0	0
15.03.1988	0	0	0	0	0	0	0	0	0
16.03.1988	0	0	0	0	0	0	0	0	0
17.03.1988	0	0	0	0	0	0	0	0	0
18.03.1988	0.1	0	0	0.1	3.4	0	0	3.4	0
19.03.1988	0.1	0	0	0	0	0	0	0	0
20.03.1988	0.1	0	0	0.1	1.6	0	0	1.6	0
21.03.1988	0	0	0	0	0	0	0	0	0
22.03.1988	0	0	0	0	0	0	0	0	0
23.03.1988	0	0	0	0	0	0	0	0	0
24.03.1988	0	0	0	0	0	0	0	0	0
25.03.1988	0	0	0	0	0	0	0	0	0
26.03.1988	0	0	0	0	0	0	0	0	0
27.03.1988	0	0	0	0	0	0	0	0	0
28.03.1988	0	0	0	0	0	0	0	0	0
29.03.1988	0	0	0	0	0	0	0	0	0
30.03.1988	0	0	0	0	0	0	0	0	0
31.03.1988	0	0	0	0	0	0	0	0	0
01.04.1988	0	0	0	0	0	0	0	0	0
02.04.1988	0	0	0	0	0	0	0	0	0
03.04.1988	0	0	0	0	0	0	0	0	0
04.04.1988	0	0	0	0	0	0	0	0	0
05.04.1988	0	0.6	9.9	0	2.7	4	20.4	2.7	0
06.04.1988	2.3	5.9	5.6	3.7	6.2	5	6	6.2	3.1
07.04.1988	2.9	7.9	4.8	4.4	5.9	6.8	3.4	5.9	3.5
08.04.1988	5	1.4	2.3	6.5	7.1	4.1	4.1	7.1	4.5
09.04.1988	19.3	26.4	27	20.8	26.1	20.5	17.5	26.1	23.5
10.04.1988	8.2	5.5	4.2	3.5	4.5	6.2	7.5	4.5	6.4
11.04.1988	6.1	11.4	9.4	9.1	15.1	12	10.5	15.1	4.9
12.04.1988	6.4	4.8	5.3	3.4	7.6	3.6	1.3	7.6	0.9
13.04.1988	3.1	4.1	2.6	3.3	3.9	3.3	0.7	3.9	1.2
14.04.1988	3.1	0.9	0.1	2.4	1	1.8	0.8	1	0.1
15.04.1988	9.8	7.8	5.7	6	8.2	5.2	4.1	8.2	1.4
16.04.1988	8	8.7	5.9	4.5	10.7	9.3	10.6	10.7	4.8
17.04.1988	25.3	15.9	18	22.3	17.8	13.4	9.8	17.8	12.8
18.04.1988	1.5	4.4	4.5	4.3	3.4	3.6	2.8	3.4	6.4
19.04.1988	0	0	0	0	0	0	0	0	0
20.04.1988	1.5	0	0	1.4	0.4	0	0	0.4	0.8
21.04.1988	0.1	0	0	0	0	0	0	0	0
22.04.1988	0	0	0	0	0	0	0	0	0
23.04.1988	0	0	0	0	0	0	0	0	0
24.04.1988	0.7	1.2	2.2	0.9	1.6	1.4	0.2	1.6	0.8
25.04.1988	3.8	0.9	2.4	1.7	2.5	2.1	2.6	2.5	3.9
26.04.1988	0	0	0	0	0	0	0	0	0
27.04.1988	0	0	0	0	0	0	0	0	0
28.04.1988	0	0	0	0	0	0	0	0	0
29.04.1988	0	0	0	0	0	0	0	0	0
30.04.1988	0.2	0	0	0	0.5	0	0	0.5	0
01.05.1988	0.4	1.1	1.6	1.4	1	1.2	2.2	1	0.2
02.05.1988	15.4	0	0	0	0	0	0	0	0
03.05.1988	14.2	8.4	7.5	13.4	15.4	11.8	10.9	15.4	9
04.05.1988	4.7	4	4.3	4.8	4.6	3.7	3.3	4.6	3.3
05.05.1988	1.1	0.6	1.4	1.1	1.6	1	1.7	1.6	2
06.05.1988	0.9	1.6	0.6	1.3	1.4	1.6	1.2	1.4	0.1
07.05.1988	0	0.5	0.4	0	0.6	2	0.2	0.6	0
08.05.1988	0	0	0	0	0	0	0	0	0
09.05.1988	0	0	0	0	0	0	0	0	0
10.05.1988	0	0	0	0	0.2	0	0	0.2	0
11.05.1988	0	0	0	0	0	0	0	0	0
12.05.1988	0	0	0	0	0	0	0	0	0
13.05.1988	0	0	0	0	0	0	0	0	0
14.05.1988	0	0	0	0	0	0	0	0	0
15.05.1988	0	0	0	0	0	0	0	0	0
16.05.1988	0	0	0	0	0	0	0	0	0
17.05.1988	0.1	0.3	6.5	2.1	0.5	0.1	0.1	0.5	2.1
18.05.1988	2.1	3.6	6.6	4.6	4.7	3.4	3.1	4.7	8.3
19.05.1988	7.5	9.6	5.8	4	4.6	7.5	4.3	4.6	4.2
20.05.1988	2.6	0.9	1	2.3	1.9	2.1	2.9	1.9	2.3
21.05.1988	0	1.8	4.2	2.9	9	5.7	0.1	9	2.5
22.05.1988	0	0	0	0	0	0	0	0	0
23.05.1988	0	0	0	0	0	0	0	0	0
24.05.1988	0	1.4	0	0	0	0.9	1	0	0
25.05.1988	0	0	0	0	0	0	0	0	0
26.05.1988	0.2	0	0	0.1	0	0	0	0	0
27.05.1988	0	0	0	0	0	0	0	0	0
28.05.1988	0	0	0	0	0	0	0	0	0
29.05.1988	0	0	0	0	0	0	0	0	0
30.05.1988	0	0	0	0	0	0	0	0	0
31.05.1988	7	0	0	3.7	3.8	0	0	3.8	3.3
01.06.1988	0	0.1	0	0	0	0.1	0	0	0
02.06.1988	0	0	0	0	0	0	0	0	0
03.06.1988	1.5	5.8	5.2	3.9	3.4	4.1	2.8	3.4	5.1
04.06.1988	24.5	10.6	15.2	20.1	22.3	10.9	8.6	22.3	14.5
05.06.1988	3.3	2	3.4	2.6	1.8	0.9	1.9	1.8	4.5
06.06.1988	0	0	0	0	0	0	0	0	0
07.06.1988	0	0	0	0	0	0	0	0	0
08.06.1988	0	0	0	0	0	0	0	0	0
09.06.1988	0	0	0	0	0	0	0	0	0
10.06.1988	0	0	0	0	0	0	0	0	0
11.06.1988	0	0	0	0	0	0	0	0	0
12.06.1988	0	0	0	0	0	0	0	0	0
13.06.1988	0	0	0	0	0	0	0	0	0
14.06.1988	0	0	0	0	0	0	0	0	0
15.06.1988	0	0	0	0	0	0	0	0	0
16.06.1988	0	0	0	0	0	0	0	0	0
17.06.1988	2.2	4.6	2.9	2.4	2.8	2.9	1.8	2.8	1.1
18.06.1988	0	0	0	0	0	0	0	0	0
19.06.1988	0	1.8	1.7	0	0	0.9	0.5	0	0
20.06.1988	0	0	0	0	0	0	0	0	0
21.06.1988	0	0	0	0	0	0	0	0	0
22.06.1988	0	0	0	0	0	0	0	0	0
23.06.1988	0	0	0	0	0	0	0	0	0
24.06.1988	0	0	0	0	0	0	0	0	0
25.06.1988	0	0	0	0	0	0	0	0	0
26.06.1988	0	0	0	0	0	0	0	0	0
27.06.1988	0	0	0	0	0	0	0	0	0
28.06.1988	0	0	0	0	0	0	0	0	0
29.06.1988	0.1	0	0	0	2.2	0	0	2.2	0
30.06.1988	10.4	4.8	7.8	11.8	9.9	9	7.9	9.9	14.7
01.07.1988	0.1	0.1	1.1	1.8	0.7	0.6	0.7	0.7	0.7
02.07.1988	0	0	0	0	0	0	0	0	0
03.07.1988	14.3	4.3	3.7	10.4	8.3	4.4	4.8	8.3	5.1
04.07.1988	0.1	0.9	1	1	1.3	3	2.9	1.3	0.5
05.07.1988	0	0	0	0	0	0	0	0	0
06.07.1988	1	0	0	0	0	0	0	0	0
07.07.1988	1	0.2	1.3	1.6	1.8	1.9	1.8	1.8	2.3
08.07.1988	3.4	0	0	4.4	3.3	0	0	3.3	4.8
09.07.1988	0.5	7.7	4.5	2.9	4.6	9.2	11.8	4.6	5.1
10.07.1988	0.7	3.7	2.8	1.5	1.3	2.2	1	1.3	2.5
11.07.1988	3.5	2.3	2.2	1.6	1.4	2.3	3.7	1.4	1.3
12.07.1988	0.6	1.3	0.1	0.9	2.6	4.1	2.8	2.6	0.1
13.07.1988	2.1	2.3	1.1	1.1	2.3	3.4	2.7	2.3	1.5
14.07.1988	0	0	0	0	0	0	0	0	0
15.07.1988	2.2	0	0	1.1	1.9	0	0	1.9	1.5
16.07.1988	0	0	0	0	0	0	0	0	0
17.07.1988	0	0	0	0	0	0	0	0	0
18.07.1988	10.9	10.4	9	9.8	10.5	9.9	11.5	10.5	8.2
19.07.1988	0	0	0	0	0	0	0	0	0
20.07.1988	22.1	17.6	23.2	17.9	17.4	16.2	13.2	17.4	16.2
21.07.1988	19.2	24.1	23.3	26.1	25.4	23.9	23.7	25.4	28.2
22.07.1988	0	0.1	1.5	0	1.2	1.6	2.4	1.2	0
23.07.1988	0	0.1	0.2	0	0.1	1.6	0.6	0.1	0
24.07.1988	0	0	0	0	0	0	0	0	0
25.07.1988	8.7	3.7	2.3	4.2	6	4.6	6.6	6	2
26.07.1988	9.7	4.9	5.3	8.9	9.4	9.5	10.3	9.4	8
27.07.1988	9.8	0.1	3.7	7	7.8	4.6	3.2	7.8	4
28.07.1988	1.2	2.9	0.1	0.7	1.6	3.8	1	1.6	0.1
29.07.1988	0	0	0	0.7	2.1	0	0	2.1	0
30.07.1988	0	0	0	0	0	0	0	0	0
31.07.1988	15.8	13.7	21.5	20.9	11.7	10.5	7.4	11.7	21.1
01.08.1988	4.5	3.5	3.8	3.4	4.1	5	2.8	4.1	3.4
02.08.1988	4.6	3.4	4.8	3.2	3.3	3.1	1.6	3.3	6.7
03.08.1988	0.1	0	0	0.1	0.7	0	0	0.7	0.1
04.08.1988	14.4	6.9	8.4	14.5	11.7	8.8	7.6	11.7	8.8
05.08.1988	2.4	2.4	1.2	1.6	3.5	3.1	4	3.5	1.4
06.08.1988	0	0	0	0	0	0	0	0	0
07.08.1988	2.7	2	1.2	2.8	2.2	2.2	2.4	2.2	0.7
08.08.1988	0.2	0	0	0.1	0	0	0	0	0
09.08.1988	0.2	0	0	0	0	0	0	0	0
10.08.1988	0.3	0	0	0	0	0	0	0	0
11.08.1988	0	0	0	0	0	0	0	0	0
12.08.1988	4.6	7.8	6.2	4.5	5.7	6.4	6.4	5.7	5.1
13.08.1988	2.7	2.4	2.1	2	2.3	3.3	7.2	2.3	3.8
14.08.1988	2	1.1	2.6	3.8	2.8	1.5	0.7	2.8	3.1
15.08.1988	3	2.9	0.9	2.4	2.8	2.3	2.8	2.8	2.2
16.08.1988	4.9	3.8	2.5	3.5	4.5	4.4	5.5	4.5	3.7
17.08.1988	2.4	5.4	3.1	1.6	3.2	4.8	5.4	3.2	0.2
18.08.1988	1	2.3	1.6	0.6	2.1	1.4	0.9	2.1	1.3
19.08.1988	14	5.9	6.4	10.4	12.3	8.5	10.1	12.3	5.7
20.08.1988	4.1	5.6	4.2	4.2	4.6	4.7	6.3	4.6	5.7
21.08.1988	19.3	12.3	15.3	18	17.3	17.9	12.8	17.3	13.3
22.08.1988	0	5.9	5.3	2.2	6.4	5.3	3.9	6.4	5.2
23.08.1988	0	0	0	0	0	0	0	0	0
24.08.1988	0	0	0	0	0	0	0	0	0
25.08.1988	0.8	0.1	0.2	0.1	0	0.4	0.2	0	0.4
26.08.1988	0	0	0	0	0	0	0	0	0
27.08.1988	0	0	0	0	0	0	0	0	0
28.08.1988	0.5	0	0	1.1	1.5	0	0	1.5	0
29.08.1988	5.5	3.9	5	4.7	4.3	4.3	5.3	4.3	3.7
30.08.1988	1.7	4.1	3.2	2.3	4.4	5.2	6.8	4.4	3.3
31.08.1988	1.2	0	0	0	0	0	0	0	0
01.09.1988	1.4	0	0	0	0	0	0	0	0
02.09.1988	0	0	0	0	0	0	0	0	0
03.09.1988	0	0	0	0	0	0	0	0	0
04.09.1988	4.1	14.2	11	6.2	11.1	14.5	17.9	11.1	13.9
05.09.1988	0.4	0	0	1.2	0.6	0	0	0.6	0.7
06.09.1988	0	0	0	0	0	0	0	0	0
07.09.1988	0.1	0	0	0	0.6	0	0	0.6	0
08.09.1988	0	0	0	0	0	0	0	0	0
09.09.1988	0.1	0	0	0	0.3	0	0	0.3	0
10.09.1988	1.4	3.2	3.1	1.1	3.1	4.1	4.4	3.1	0
11.09.1988	3.8	5	5.7	6	5.5	4.1	3.5	5.5	5.8
12.09.1988	5.4	4.5	5.4	6.9	7.4	5.5	4.6	7.4	6.4
13.09.1988	3.5	2.2	5	2.8	3.2	5.6	3	3.2	6.6
14.09.1988	0.1	0.2	0.6	0	0.8	1.1	0.9	0.8	0
15.09.1988	0	0.4	0.3	0.8	0.5	0.3	0.1	0.5	0.3
16.09.1988	6.2	4.5	6	6.4	7.7	6.6	7.9	7.7	7.3
17.09.1988	7.6	9.2	11.5	6.5	12.2	11.2	12.9	12.2	11.8
18.09.1988	7.3	8.1	10.5	7.2	12.1	10.2	11.8	12.1	12.8
19.09.1988	11.3	10.2	10.4	12.8	12.9	13.2	15.3	12.9	13
20.09.1988	40.4	31.1	30.7	34.2	45.1	31.6	26.2	45.1	38.6
21.09.1988	5.4	0.6	1.5	5.7	0.1	0.1	0.2	0.1	1.6
22.09.1988	3.7	0.1	0.9	2.7	1.7	1	0.6	1.7	1.2
23.09.1988	7.2	1.2	2.2	4.7	4.9	4.3	6.3	4.9	3.1
24.09.1988	11.3	8.8	9.7	8.9	9.2	9.7	12	9.2	10.5
25.09.1988	11.7	7.1	13.5	13.6	15.4	12.2	8.3	15.4	10
26.09.1988	10.8	5.8	5.9	10.8	10.8	7.3	7.6	10.8	10.1
27.09.1988	19.3	5.6	9.8	14.7	12.1	10.9	7.6	12.1	10
28.09.1988	52.6	24.3	33.9	45.4	40.5	32.2	33.7	40.5	42.8
29.09.1988	6.8	1	4.4	8.6	2.7	3.1	1.5	2.7	6.6
30.09.1988	14.1	9.6	17.9	29.7	16.4	15.9	19.6	16.4	30.5
01.10.1988	3.2	1.9	5	5.3	4.2	3.1	3.1	4.2	7.3
02.10.1988	0.2	0	0	0.6	1.3	0	0	1.3	0
03.10.1988	9.4	6.9	7.9	8.7	6.2	7.2	6.5	6.2	8.7
04.10.1988	13.3	3.2	3.1	5.8	9	7.9	2.2	9	2.3
05.10.1988	1.1	2.2	0.1	0.7	1.2	2.8	1.4	1.2	0.1
06.10.1988	0	0.2	0.9	0	0	0.1	0.4	0	0
07.10.1988	7.9	13	11.2	7.2	9.6	10	8.6	9.6	8.7
08.10.1988	4.9	2.5	4.2	4.2	5.2	4.1	2.7	5.2	2.4
09.10.1988	2.5	2.4	2.5	4.3	1.5	2.9	3.6	1.5	3.2
10.10.1988	0.8	4.1	2.8	1	1.6	4.1	4.1	1.6	1.6
11.10.1988	0	0	0	0.6	10.5	0	0	10.5	0.1
12.10.1988	0	0	0	0	0	0	0	0	0
13.10.1988	1.7	0	0	2.1	1.1	0	0	1.1	0.1
14.10.1988	5.4	0.1	3.6	5.2	5.2	0.1	2.6	5.2	6.7
15.10.1988	1.3	0	0	1.5	1.6	0	0	1.6	0
16.10.1988	0	0	0	0	0	0	0	0	0
17.10.1988	0	0	0	0	0.3	0	0	0.3	0
18.10.1988	0.7	0	0	0.3	0	0	0	0	0
19.10.1988	0	0	0	0	0	0	0	0	0
20.10.1988	0	0	0	0	0	0	0	0	0
21.10.1988	0	0	0	0	0	0	0	0	0
22.10.1988	0.3	0	0	0	0	0	0	0	0
23.10.1988	1.4	3.5	2.6	0.9	2.3	3.5	2.8	2.3	1.7
24.10.1988	2	4.8	1.6	1.2	5	4.8	3.5	5	0.2
25.10.1988	0	0	0	0	0.2	0	0	0.2	0
26.10.1988	0	0	0	0	0	0	0	0	0
27.10.1988	20.9	9.4	6.1	14	15.1	11	9	15.1	6.9
28.10.1988	14.6	15.9	22.2	25.7	22.9	18	15.1	22.9	25.4
29.10.1988	6.9	6.3	4.3	4.6	12.9	7.3	4.3	12.9	1.6
30.10.1988	0.9	3.1	2.7	0.9	0.9	5.1	0.1	0.9	0
31.10.1988	7.7	7.2	6.1	6	11.6	8.8	5.7	11.6	3.4
01.11.1988	14.9	14.8	16.4	17.6	19.6	16.7	17	19.6	16.2
02.11.1988	5.8	4.4	3.3	4.1	4.7	5	6.2	4.7	4.9
03.11.1988	0.1	2	0.3	2	1.9	3.2	4.9	1.9	1.7
04.11.1988	0	0	0	0	0	0	0	0	0
05.11.1988	5.4	4.7	3.3	2.8	6.1	5.1	9.4	6.1	1.9
06.11.1988	17.6	10.3	11.7	14.1	16.5	14.2	11	16.5	11.3
07.11.1988	4	3.1	2	1.9	5.9	7	6.6	5.9	4.1
08.11.1988	0	0	0	0	0	0	0	0	0
09.11.1988	0	0	0	0	0	0	0	0	0
10.11.1988	3.4	0	0	1.5	1	0	0	1	0.2
11.11.1988	13	1	1.4	6.4	7.4	5.5	1.1	7.4	0.2
12.11.1988	21.4	1	3.9	13.8	13.8	9	7	13.8	5.3
13.11.1988	13.7	9.4	11.4	13.2	14.3	12.2	16.2	14.3	14.6
14.11.1988	3.3	6.4	6.1	5	4.4	7.2	9.9	4.4	7.2
15.11.1988	5.3	5.1	8.1	7.9	7.1	5.8	3.7	7.1	5.6
16.11.1988	2.5	0.3	4.8	2	2.8	1	8.7	2.8	2.5
17.11.1988	26.3	21.5	25.1	33.6	28.7	22.7	19.8	28.7	30
18.11.1988	0	0	0	0	0	0	0	0	0
19.11.1988	11	11.6	5.6	5	15.8	9.1	5.9	15.8	4.9
20.11.1988	15	19.1	15.4	10.2	14.9	11.6	9.1	14.9	11.5
21.11.1988	7.1	10.6	6.3	4.4	8.2	9.5	10.5	8.2	5
22.11.1988	2.8	2.6	4.4	2.1	3.2	2.8	2.6	3.2	2.4
23.11.1988	0.1	2.5	9	2.3	1.7	1.5	3.7	1.7	0.1
24.11.1988	19.6	13.3	23.3	19.2	25.1	26.1	29.5	25.1	25.9
25.11.1988	7	4.5	4.5	4.3	7.1	5.6	6.9	7.1	3.7
26.11.1988	6.2	7.4	7.1	8.7	7.3	5.4	5.1	7.3	11.5
27.11.1988	4.1	14.1	2.6	3.3	9.1	8.1	8	9.1	4.3
28.11.1988	7.9	3.2	4.4	6.8	7.8	5.3	4.1	7.8	1.9
29.11.1988	3.1	1.3	3	4.1	3	3.4	3.2	3	4.5
30.11.1988	4	3	3	2.4	3.5	2.2	1.8	3.5	2.9
01.12.1988	0	0	0	0	0	0	0	0	0
02.12.1988	0	0	0	0	0	0	0	0	0
03.12.1988	0	0	0	0	0	0	0	0	0
04.12.1988	0	0	0	0	0	0	0	0	0
05.12.1988	0	0	0	0	0	0	0	0	0
06.12.1988	1.4	5.3	1.8	1	3.1	3.4	3.1	3.1	1.7
07.12.1988	4.4	3.4	2.9	1.5	2.4	3.2	4.7	2.4	5.1
08.12.1988	29.2	18.9	17.2	14.6	21.4	18.4	17.1	21.4	8.7
09.12.1988	19.8	18.8	17.6	22.9	16.7	18	15.8	16.7	26.8
10.12.1988	6.2	2.1	1.8	4.1	2.7	2.9	1.8	2.7	0.1
11.12.1988	8.3	6.8	8.8	7.3	10.9	7.8	6.4	10.9	8
12.12.1988	10.7	4.7	11.8	11.9	12.7	10.3	7.7	12.7	11.3
13.12.1988	8.2	6.5	9.2	7.4	9.5	8.6	8.3	9.5	7.2
14.12.1988	7.1	13.9	12.7	8.1	12.1	9.5	10	12.1	8.7
15.12.1988	0.4	2.2	1.5	0.9	3.6	4.6	5	3.6	0.1
16.12.1988	2.5	5.9	2.9	2.4	5	9	10.9	5	7.8
17.12.1988	18.6	10	12.5	12.7	16.2	15.9	17.8	16.2	14.6
18.12.1988	9.7	4.4	2.9	5.3	7.1	3.6	2.4	7.1	3.2
19.12.1988	5.3	3.5	2.2	5.4	5.8	4.7	4.3	5.8	2.3
20.12.1988	0	0	0	0	0	0	0	0	0
21.12.1988	13.2	5.4	5.7	10	7.4	5.7	4.6	7.4	3.6
22.12.1988	23.7	6.3	11.2	16.2	8.9	8	3.3	8.9	7.9
23.12.1988	23	25	20.5	17.2	14.7	24.5	19.7	14.7	16.7
24.12.1988	0	0	0	0	1.6	0	0	1.6	0
25.12.1988	10.6	2.8	5	8.9	6.9	4.4	3.3	6.9	5.2
26.12.1988	21.2	14.2	18.5	16.6	18.4	13.5	12.7	18.4	15.1
27.12.1988	15.3	8	11.8	11.4	8.8	9.6	9.1	8.8	8
28.12.1988	17.5	8.8	13.4	18.5	10.3	10.5	9.6	10.3	17.1
29.12.1988	44.4	25.6	32.5	31.2	31.3	24.5	23.2	31.3	33.6
30.12.1988	24.5	10.3	9.1	14.3	13.8	12.2	11.5	13.8	3.3
31.12.1988	10.7	15.5	18.9	13.6	14	14.4	15.4	14	19.1
01.01.1989	6.6	2.7	3.2	4.8	6.8	6.3	4.1	6.8	3.2
02.01.1989	2.5	2.4	3.5	3.6	2.2	1.9	2	2.2	2.4
03.01.1989	9.2	16.3	3.7	2	15.2	20.3	20.9	15.2	11.4
04.01.1989	0	0	0	0	0	0	0	0	0
05.01.1989	10.5	2.5	6	8.1	6.3	4.5	4.2	6.3	6.9
06.01.1989	4.2	4	3.6	5.4	4.4	6.2	1.3	4.4	3.9
07.01.1989	6.1	2.7	4.9	7.6	6.4	6.9	8	6.4	8.9
08.01.1989	7	0.7	1.6	3.9	3.6	2.2	1.4	3.6	0.1
09.01.1989	11	15.6	11.9	8.6	10.3	9.9	13.2	10.3	10.4
10.01.1989	18.7	19.7	13.5	15.8	16.1	16.8	17.3	16.1	14.4
11.01.1989	4.8	2.4	3.8	4.9	6.6	5.5	4.9	6.6	6.1
12.01.1989	36.5	6.8	2.5	15.2	13.7	9.6	3.4	13.7	0.1
13.01.1989	15.3	7.9	9.9	13	13.7	8.7	6.4	13.7	9.8
14.01.1989	24.5	12.1	14.2	15.9	14.4	12.7	13	14.4	16.1
15.01.1989	49.1	31.3	35.8	45.8	34.1	30.2	26.8	34.1	41.1
16.01.1989	8.8	6	8.9	6	7.4	7.4	7.6	7.4	8
17.01.1989	41.7	24.4	26.9	31	32	24.9	21.7	32	27.1
18.01.1989	9.8	10.5	8.4	12	11.2	10.6	9.9	11.2	12.9
19.01.1989	54.2	23.1	31.9	43.5	37.4	25.4	18.4	37.4	17.1
20.01.1989	43.6	13.8	24.9	25.9	35.7	25.9	9.2	35.7	20.4
21.01.1989	31.7	23.5	28.2	34.8	20	22.2	18.1	20	31.4
22.01.1989	9.9	6.6	10.7	11.7	10.5	10.5	8.4	10.5	13.2
23.01.1989	3.3	2.5	1.6	2	3.2	4.2	3.5	3.2	0.1
24.01.1989	6.1	3.8	6.4	7.6	6.4	5	5.8	6.4	7
25.01.1989	4.4	1.8	2.6	2.4	0	5.4	1.4	0	4.3
26.01.1989	0	0	0	0	0	0	0	0	0
27.01.1989	2.4	6.9	3.9	2	7	7.1	7.8	7	5.1
28.01.1989	68.1	28.6	36.5	52.4	51.8	33.7	30	51.8	45
29.01.1989	56.9	27.2	28	39.5	32.6	26.3	23.3	32.6	25.3
30.01.1989	32	33.3	32.9	31.4	25.5	31.3	28.5	25.5	39.1
31.01.1989	7.2	6.8	6.5	7	7.8	8.3	8.2	7.8	6.8
01.02.1989	4.5	7.5	8	3.9	9.3	11.4	4.2	9.3	6.5
02.02.1989	5.3	9.4	1.2	1	8.6	14.4	13.3	8.6	2.2
03.02.1989	27.7	13.2	17.5	17.2	17.8	15.2	14.1	17.8	16.8
04.02.1989	37.7	14.1	20.7	24.5	20.8	17.2	13.3	20.8	20
05.02.1989	36.7	23.5	32.3	39.5	30.3	25.2	20.9	30.3	38.9
06.02.1989	16	14.1	16.6	13.2	15.1	16	14.3	15.1	13.4
07.02.1989	28	27.5	23.3	22.4	29.8	24.5	25.1	29.8	29.1
08.02.1989	8.4	7.1	8.9	8.5	6.7	6.4	5.6	6.7	9.3
09.02.1989	0.2	0	0	0.1	0.4	0	0	0.4	0.2
10.02.1989	0	0	0	0	0	0	0	0	0
11.02.1989	5.6	0.3	9	4.9	4.4	0.1	3.8	4.4	6.6
12.02.1989	12.6	10.8	10.3	6.1	16	14.1	20.1	16	12
13.02.1989	6.3	11.6	11.7	9.8	15.6	10.8	10.4	15.6	10.7
14.02.1989	8.7	2.9	6.6	8.2	8.4	5.2	3.9	8.4	7.1
15.02.1989	29.9	19.6	13.6	19.6	21.9	18.6	15.9	21.9	16.3
16.02.1989	18	10.6	10.8	15.9	17.4	9.9	8.4	17.4	14.7
17.02.1989	11.3	16.8	13.6	13.4	17.7	16.7	12.2	17.7	14.5
18.02.1989	2.4	0	0	0	0	0	0	0	0
19.02.1989	6.7	2.8	1.1	4.3	4.9	6.1	7.1	4.9	2.4
20.02.1989	26	13.2	22.3	26.6	18.1	14.2	12.9	18.1	20.9
21.02.1989	8.4	14.2	17.8	11.6	12.7	11.2	11.7	12.7	14.8
22.02.1989	6.4	4.2	4.8	4.4	5.7	4.8	5.2	5.7	4.1
23.02.1989	0	0	0	0	0	0	0	0	0
24.02.1989	0	0	0	0	0	0	0	0	0
25.02.1989	0	0	0	0	0	0	0	0	0
26.02.1989	0	0	0	0	0	0	0	0	0
27.02.1989	0	0	0	0	0	0	0	0	0
28.02.1989	0	0	0	0	0	0	0	0	0
01.03.1989	0	0	0	0	0	0	0	0	0
02.03.1989	0.2	6.1	4.1	2.3	4.3	4.7	3.5	4.3	2.1
03.03.1989	0	0	0	0	0	0	0	0	0
04.03.1989	0.1	0	0	0	0	0	0	0	0
05.03.1989	9.7	4.6	4.9	5.9	7.3	5.3	4.5	7.3	3.7
06.03.1989	2.2	6.1	5.9	4.7	2.9	5	4	2.9	8.6
07.03.1989	3.2	0	0	0.7	5.7	0	0	5.7	1.3
08.03.1989	0	6.1	3	2.1	19.8	15.5	13.9	19.8	6.2
09.03.1989	0	0	0	0	0	0	0	0	0
10.03.1989	12.5	4.6	2.6	5.9	9.5	7.9	9.2	9.5	1.7
11.03.1989	6.9	2	4.6	8.6	6.1	4.2	2.6	6.1	7
12.03.1989	18.4	6.2	6.7	11.1	10.2	7.8	6.5	10.2	7.7
13.03.1989	9.4	8.8	5.3	5.5	9.5	13.7	12.8	9.5	8.9
14.03.1989	4.6	3.7	5.4	3.7	7.4	6.2	4.9	7.4	4.6
15.03.1989	2.8	0.3	1.6	5.6	4.9	5.7	1.9	4.9	5.2
16.03.1989	5.2	8	1.1	3.5	7.9	6.7	3.5	7.9	2
17.03.1989	11.2	6.1	4.5	7.4	13.9	9.8	9.4	13.9	6.2
18.03.1989	3	1.3	2.2	4.1	2.6	3	2.8	2.6	2
19.03.1989	11.9	8.8	8.1	10.8	13.6	10.2	11.9	13.6	8.7
20.03.1989	2.4	3.8	0.6	3.2	5.1	4.2	2.1	5.1	1.3
21.03.1989	4.9	0.6	5.3	4.9	0.7	0.1	0.2	0.7	3.3
22.03.1989	1.3	0	0	0	0.8	0	0	0.8	0
23.03.1989	2.5	0	3.1	2.3	0.5	0.1	1.3	0.5	1.5
24.03.1989	0.5	0	0	1.9	0.3	0	0	0.3	1.4
25.03.1989	3.3	3.6	0.3	1	3.8	2.6	1.6	3.8	1.6
26.03.1989	4	3.8	5.5	5.1	10.2	6.2	7.1	10.2	7.2
27.03.1989	0.8	0.2	0.1	0.1	0	0.1	0.1	0	0.2
28.03.1989	1.3	1.7	0.1	0.7	3.2	2.6	2.1	3.2	0.4
29.03.1989	29	22.6	28.9	30.9	31.5	23	20.9	31.5	31.4
30.03.1989	7.6	0	3.9	3.6	2.2	0.1	5.1	2.2	0.3
31.03.1989	3.4	2.8	6.5	7.2	4.4	4.4	2.4	4.4	5.8
01.04.1989	0.7	0	0	0	0	0	0	0	0
02.04.1989	0	0	0	0	0	0	0	0	0
03.04.1989	0	0	0	0	0	0	0	0	0
04.04.1989	0	0	0	0	0	0	0	0	0
05.04.1989	0	0	0	0	0	0	0	0	0
06.04.1989	0	0	0	0	0	0	0	0	0
07.04.1989	0	0	0	0	0	0	0	0	0
08.04.1989	0	0	0	0	0	0	0	0	0
09.04.1989	0	0	0	0	0	0	0	0	0
10.04.1989	0	0	0	0	0.5	0	0	0.5	0
11.04.1989	0	0	0	0	0.1	0	0	0.1	0
12.04.1989	2.8	6.5	4.1	0.5	4.5	5.4	5.2	4.5	3.5
13.04.1989	0	0.7	3.2	0	0	0.8	5.6	0	0
14.04.1989	9	6	4.5	5.8	7.7	5.6	6.2	7.7	5.1
15.04.1989	0	0	0	0	0	0	0	0	0
16.04.1989	0	0	0	0	0	0	0	0	0
17.04.1989	0	0	0	0	0	0	0	0	0
18.04.1989	0	0	0	0	0	0	0	0	0
19.04.1989	0	0	0	0	0	0	0	0	0
20.04.1989	0	0	0	0	0	0	0	0	0
21.04.1989	0	0	0	0	0	0	0	0	0
22.04.1989	0.5	4.5	0.1	0	0	5.3	0.1	0	0
23.04.1989	1.5	2.7	2.1	2.5	2.6	2.3	2.5	2.6	3.4
24.04.1989	1.6	0	0	3.5	2.9	0	0	2.9	6.2
25.04.1989	0	0	0	0	0	0	0	0	0
26.04.1989	0.1	0.2	0.5	0	1	1.1	3.3	1	0
27.04.1989	0	0	0	0	0	0	0	0	0
28.04.1989	0	0.3	0.6	0	0.4	1.1	0.8	0.4	0
29.04.1989	4.5	2	2	0.7	0	3.6	0.1	0	1.3
30.04.1989	0	0	0	0	0	0	0	0	0
01.05.1989	0	0	0	0	0	0	0	0	0
02.05.1989	1.5	0.1	0.2	1.1	1.2	0.2	0.1	1.2	0.3
03.05.1989	0.1	2.3	1.7	0	2.9	6.2	4.3	2.9	0
04.05.1989	0	2.1	1.1	1.2	0	3.2	2.7	0	1.1
05.05.1989	4.6	3	4.9	7.5	6	3.4	2.6	6	8.6
06.05.1989	23.3	14	18.7	18.4	18	17	16.5	18	18
07.05.1989	3.6	1.8	3.9	2.9	2.9	2.1	1.3	2.9	1.6
08.05.1989	11.2	6.2	12.4	16.3	14	9.6	6.1	14	15.2
09.05.1989	4.2	0.8	1	1.9	2.7	1.8	2	2.7	1
10.05.1989	1.7	2.6	0.2	1	2.4	2.5	0.9	2.4	0.1
11.05.1989	1.9	6.3	5.2	4.7	4.7	6.2	5.8	4.7	6.6
12.05.1989	0	0	0	0	0.1	0	0	0.1	0
13.05.1989	0	0	0	0	0	0	0	0	0
14.05.1989	9.7	15.9	13.5	12.1	13.7	13.8	13	13.7	11.2
15.05.1989	0.7	0.1	0.6	0	0.1	0.1	0.1	0.1	0
16.05.1989	2.8	17.4	0.6	2.7	9.5	15.5	11.7	9.5	0
17.05.1989	29.8	4.7	13.1	15.9	15.6	8.7	5.8	15.6	13.8
18.05.1989	25.6	13	19.7	18.2	13.3	10.2	4	13.3	7.8
19.05.1989	4.2	1.2	1.3	1.3	2.4	3.2	2.1	2.4	0.6
20.05.1989	0.1	0	0	0	0	0	0	0	0
21.05.1989	0	0	0	0	0	0	0	0	0
22.05.1989	0	0	0	0	0	0	0	0	0
23.05.1989	0	0	0	0	0	0	0	0	0
24.05.1989	0	0	0	0	0	0	0	0	0
25.05.1989	8.9	4.2	3.2	4.2	6.8	5	3.2	6.8	2.3
26.05.1989	2.9	4.4	3.8	4.8	4.7	3.3	1.9	4.7	4.7
27.05.1989	0.4	1.5	0.2	0.2	1.2	2.4	2.2	1.2	0.3
28.05.1989	1.3	0	0	2.7	3.2	0	0	3.2	0
29.05.1989	14.6	6.1	3.9	10.2	8.6	11.6	8.3	8.6	5.8
30.05.1989	3.5	4.1	8.4	6.9	8.4	11.9	14.4	8.4	11
31.05.1989	0.9	5.4	4.6	0.1	3.4	8	6	3.4	4.4
01.06.1989	0	0.1	0	0	0.1	0.1	0	0.1	0
02.06.1989	0	1.1	1.8	0	0	2.1	0.1	0	0
03.06.1989	2.4	5.2	0.4	0.7	6.2	5.7	5.1	6.2	1.8
04.06.1989	0	0	0	0	0	0	0	0	0
05.06.1989	0	0	0	0	0	0	0	0	0
06.06.1989	0	0	0	0	1.1	0	0	1.1	0
07.06.1989	0.1	0	0	2.2	0	0	0	0	1.7
08.06.1989	0	3.9	0.1	0	0	2.8	3.1	0	0
09.06.1989	17	17.6	18.7	18.4	19.3	17.3	16.2	19.3	17.9
10.06.1989	4.1	4.7	3.1	3.9	5.6	5.4	6.7	5.6	5.8
11.06.1989	0	0	0	0	0	0	0	0	0
12.06.1989	0	0	0	0	0	0	0	0	0
13.06.1989	0	0	0	0	0	0	0	0	0
14.06.1989	0	0	0	0	0	0	0	0	0
15.06.1989	0	0	0	0	0	0	0	0	0
16.06.1989	0	0	0	0	0	0	0	0	0
17.06.1989	0.6	1.5	2.9	0.9	1	2	0.1	1	0
18.06.1989	0.7	2.8	4.2	1.5	0	4.5	5.1	0	6.9
19.06.1989	0	0	0	0	0	0	0	0	0
20.06.1989	0	0	0	0	0	0	0	0	0
21.06.1989	0	0	0	0	0	0	0	0	0
22.06.1989	0	0	0	0	0	0	0	0	0
23.06.1989	0	0.1	6.1	2	7.4	2	1	7.4	1.8
24.06.1989	2.1	2.3	6.1	5.3	4.7	3.3	2.2	4.7	7.7
25.06.1989	3.5	1	0.8	1.7	2	2	2	2	1.4
26.06.1989	58.8	20.5	19.7	32.9	35.5	31	31.9	35.5	27.8
27.06.1989	25.4	7	9.6	17.8	17.8	10.6	11.8	17.8	12.3
28.06.1989	2.7	0.5	0.9	0.1	2.1	1.9	3.1	2.1	1.3
29.06.1989	5.5	7	4.1	3.6	8.7	6	7.8	8.7	3.9
30.06.1989	8.7	4.4	4.5	6.2	6.7	6	6.9	6.7	6.7
01.07.1989	0	5.3	0.2	0	2.4	7	2.1	2.4	0
02.07.1989	0	0	0	0	0	0	0	0	0
03.07.1989	0	0	0	0	0	0	0	0	0
04.07.1989	0.6	0	0	0.1	1.1	0	0	1.1	0
05.07.1989	0	0	0	0	0	0	0	0	0
06.07.1989	0	0	0	0	0	0	0	0	0
07.07.1989	0	0	0	0	0	0	0	0	0
08.07.1989	0	0	0	0	0	0	0	0	0
09.07.1989	0	0	0	0	0	0	0	0	0
10.07.1989	0	0	0	0	0	0	0	0	0
11.07.1989	0.5	0	0	0.2	0.6	0	0	0.6	0
12.07.1989	6	1.6	2.1	4	3.6	2.5	1.9	3.6	0.8
13.07.1989	6.9	6	5.5	5.7	6.2	5.6	5.6	6.2	5.9
14.07.1989	1.7	3.2	4.5	1.6	2.8	3.1	4.2	2.8	0
15.07.1989	2	2.5	3.6	0.9	3.3	3.1	2.1	3.3	2.8
16.07.1989	0.1	13.3	4.8	5.3	7.8	8	9.2	7.8	7.3
17.07.1989	7.2	8.1	5.5	8.8	9.9	8.8	7	9.9	5.1
18.07.1989	1.8	2.5	3.9	3.2	2.1	2	1.3	2.1	3.6
19.07.1989	0.3	0	0	0	1.5	0	0	1.5	0
20.07.1989	2.9	2.9	4.6	4.8	4.2	2.5	1.9	4.2	4.8
21.07.1989	0.4	0	0	0	0	0	0	0	0
22.07.1989	0	0	0	0.3	1.4	0	0	1.4	0
23.07.1989	0	0	0	0	0	0	0	0	0
24.07.1989	0	0	0	0	0	0	0	0	0
25.07.1989	0	0	0	0	0	0	0	0	0
26.07.1989	0.3	0	0	1	0.9	0	0	0.9	0
27.07.1989	5.1	0.1	0.1	4.6	2.4	0.9	0.4	2.4	0.1
28.07.1989	3.1	2.1	2.1	1.6	2.3	3.2	3.2	2.3	1.7
29.07.1989	13.2	9.9	8.9	10.1	10.8	10	11	10.8	9.9
30.07.1989	24.6	9.5	10.4	15	16.6	10.4	7.8	16.6	13.2
31.07.1989	1.3	0.1	0.5	1.4	0.3	0.5	0.5	0.3	0.7
01.08.1989	5.3	6.6	6.5	2.4	4.2	6.7	5.2	4.2	6
02.08.1989	16.3	9	15.8	13.5	12.6	11.7	9.7	12.6	14.5
03.08.1989	0.3	0.9	0.7	0.5	1.1	1.1	1.1	1.1	0.1
04.08.1989	0.6	0.2	0.2	1.6	2.3	0.8	0.2	2.3	0.3
05.08.1989	0.1	0.7	1.7	0.2	0.7	3.9	3.5	0.7	0
06.08.1989	1.6	2.8	4.1	1.6	1.2	1.4	1.6	1.2	4
07.08.1989	0	0.6	1.3	0.4	1.6	0.9	0.1	1.6	0.2
08.08.1989	4.5	0	3.2	1.9	0.1	0.1	2.9	0.1	1.1
09.08.1989	0.2	0	0	0	0	0	0	0	0
10.08.1989	1.6	0	0	0	0	0	0	0	0
11.08.1989	4	2.4	3.1	4.2	5	3.9	4.5	5	3.9
12.08.1989	3.2	1.5	0.6	1.7	3.2	2.3	2.9	3.2	0.5
13.08.1989	1.3	4.3	3.3	1.5	2.8	4.2	4.8	2.8	3.5
14.08.1989	4.9	6	2.9	3.5	8.1	6.2	8	8.1	3.8
15.08.1989	7.7	0	0	5.3	0.1	0	0	0.1	3.7
16.08.1989	7.5	5	7	6.4	7.9	5.3	7.1	7.9	6.5
17.08.1989	4.2	4.3	2.8	3.7	7.5	6.1	6.5	7.5	2.3
18.08.1989	15	11.5	9.4	12.4	15.3	14.1	14.7	15.3	11.3
19.08.1989	17.6	14.9	16.6	18.2	19	16	14.6	19	15.4
20.08.1989	4.5	5.3	4.6	3.7	4.5	5.5	6.9	4.5	6.3
21.08.1989	7.1	5	7.3	8.6	8.1	7.7	13.2	8.1	9.9
22.08.1989	2	1	0.4	1.2	0.7	1.3	1.4	0.7	0.4
23.08.1989	3.7	4.6	7	7.6	8.8	6.4	6.8	8.8	9.7
24.08.1989	14.9	6.5	9.1	14.3	11.6	6.8	4.3	11.6	9.2
25.08.1989	0.8	6	4.7	1.6	4.3	8.2	9.2	4.3	0.1
26.08.1989	0.1	3.6	2.7	0.1	1.1	3.1	0.9	1.1	1.2
27.08.1989	0.1	0	0	0	0	0	0	0	0
28.08.1989	0.1	1.1	1.6	0.1	0.5	0.9	0.2	0.5	0.8
29.08.1989	3.2	1.4	0.1	2.4	1.4	0.8	0.1	1.4	0.2
30.08.1989	0.1	0.7	1.7	1	2.4	2.2	1.6	2.4	0.1
31.08.1989	0	0	0	0	8.8	0	0	8.8	0
01.09.1989	4.5	1.2	2.5	3.7	1.5	2.3	2.8	1.5	2.8
02.09.1989	1.8	7.3	5.6	3.3	6.6	8.1	9.2	6.6	6.9
03.09.1989	4.8	4	4.6	3.9	3.8	6.1	8.6	3.8	5.4
04.09.1989	0	0.3	0.8	0	0.1	0.5	0.1	0.1	0
05.09.1989	0.1	0.1	0.2	1.5	1	0.3	0.6	1	0.1
06.09.1989	11.7	7.3	7.4	10.8	7.3	10.3	12.1	7.3	6.9
07.09.1989	13.1	12.4	17.3	14.8	21.7	12.2	13.3	21.7	18
08.09.1989	21.6	6.1	9.4	16	10.7	8.3	8.1	10.7	13.5
09.09.1989	3.1	3.3	8.7	6.3	4.1	6.9	4.3	4.1	7.3
10.09.1989	0.1	1.6	0.7	0	1	3.3	0.4	1	0
11.09.1989	0.1	0	0	0.1	0.1	0	0	0.1	0
12.09.1989	0.1	0	0	0	0	0	0	0	0
13.09.1989	0	0	0	0	0	0	0	0	0
14.09.1989	0.1	0	0	0	0	0	0	0	0
15.09.1989	8.4	4.9	5.1	8.1	7.4	6.2	7	7.4	5.7
16.09.1989	0.8	0.2	0.1	0.9	0.6	0.1	0.1	0.6	0.1
17.09.1989	8.8	3.9	6.3	9.4	6	4.6	4.6	6	8.8
18.09.1989	20.2	9.6	12.8	14.4	17.8	13.4	15.2	17.8	14.5
19.09.1989	1.6	0	0	1.3	1.6	0	0	1.6	0
20.09.1989	11.5	11.1	9.7	7.2	14.3	9.6	10.7	14.3	10.6
21.09.1989	29.4	32.6	31.9	24.1	32.2	24.6	24.8	32.2	35.8
22.09.1989	0.1	0	0	0.5	1.3	0	0	1.3	0
23.09.1989	2.4	0.9	0.1	1.3	1.3	1.5	0.6	1.3	0.1
24.09.1989	19.7	5.6	5.8	15.8	14.3	10.2	4.9	14.3	4.1
25.09.1989	0	0.1	0.1	0	0	0	0.1	0	0
26.09.1989	19.1	7.7	14.8	18.8	18.4	11	9.3	18.4	20.2
27.09.1989	0	0	0	0	0.2	0	0	0.2	0
28.09.1989	1.2	1.8	2.4	2.9	2.3	2.6	3.4	2.3	4.2
29.09.1989	3.5	2.5	5.4	3.3	3.2	3.6	2.6	3.2	4.2
30.09.1989	4.8	9.8	10.4	7	10	9.6	10.5	10	11.3
01.10.1989	4.1	0.2	0.2	1.7	3.8	0.7	0.1	3.8	0
02.10.1989	9.8	10.6	12	9.5	11.5	8.3	5	11.5	6.4
03.10.1989	4.2	6.4	3	1.7	2.9	5.6	8.3	2.9	3
04.10.1989	0.1	0	0	0	0	0	0	0	0
05.10.1989	0	0	0	0	0	0	0	0	0
06.10.1989	0.9	0	0	0	0	0	0	0	0
07.10.1989	3.2	0	3.2	2.7	2.3	0.1	2.5	2.3	1.9
08.10.1989	0.1	0	0	0	0	0	0	0	0
09.10.1989	4.1	1.7	3.1	5.3	3.7	3.1	1.9	3.7	4.6
10.10.1989	1.5	3.7	4.7	1.4	1.7	3.3	4.9	1.7	5
11.10.1989	0.5	1.5	1	0.8	0.8	1.4	1.9	0.8	1.2
12.10.1989	2.9	1.6	0.5	1.3	0.9	2.3	3.2	0.9	0.5
13.10.1989	8.2	6.6	9	10.4	12.3	10.5	12.9	12.3	10.2
14.10.1989	11.4	7.5	14.8	15.7	11.4	5.8	4.4	11.4	13.6
15.10.1989	16.7	13.6	12.4	10.3	13.6	15.9	19	13.6	15.1
16.10.1989	1.2	0.1	0.1	0.9	0.9	1.1	0.4	0.9	0.1
17.10.1989	4.3	1.4	1.8	3.5	4	3	3.7	4	2.5
18.10.1989	2.8	0.5	1.7	4.1	3.2	1.2	0.8	3.2	1.1
19.10.1989	17.1	3.5	3.6	10.8	11.9	6	4.2	11.9	3.1
20.10.1989	1.8	0.5	0.8	1.5	2.4	1.5	1.8	2.4	1.2
21.10.1989	3.6	9.6	3.7	1.4	5.3	10.5	8.1	5.3	0
22.10.1989	26.3	15.3	14.4	17.4	20.9	16	18	20.9	13.7
23.10.1989	17	7.2	12.5	9.2	16.5	9	10.5	16.5	10.3
24.10.1989	36.1	30.3	32	32.3	34.1	31.9	30.3	34.1	32.7
25.10.1989	22.4	8.9	14.8	18.7	10.3	10.4	7	10.3	16.4
26.10.1989	50.3	41.6	37.1	32.7	46.3	41.4	44.5	46.3	36.1
27.10.1989	10.6	12.4	10.2	12.1	12.6	14.3	10.9	12.6	11.7
28.10.1989	0.7	1	1.5	1	2.9	5.3	4.8	2.9	0
29.10.1989	0.1	0	0	0	0	0	0	0	0
30.10.1989	0	0	0	0	0	0	0	0	0
31.10.1989	0.1	0	0	0	0.1	0	0	0.1	0
01.11.1989	0.8	0	0	0.6	1.8	0	0	1.8	0
02.11.1989	0	0	0	1	0.1	0	0	0.1	0.3
03.11.1989	0	0	0	0	0	0	0	0	0
04.11.1989	0.1	0.9	9.4	0	5.4	3.4	3.3	5.4	0
05.11.1989	0	0	0	0	0	0	0	0	0
06.11.1989	0	0	0	0	0	0	0	0	0
07.11.1989	0	0	0	0	0	0	0	0	0
08.11.1989	0.6	0	0	0	0.8	0	0	0.8	0
09.11.1989	0	0	0	0	0	0	0	0	0
10.11.1989	4.8	2.3	2.7	4.1	3.7	2.2	2.7	3.7	2.3
11.11.1989	0.8	0	0	0.9	8.5	0	0	8.5	0
12.11.1989	24.1	10.9	15.7	20.9	14.8	13.4	14.3	14.8	18.3
13.11.1989	3.2	7.9	14.9	9.3	8.7	8.1	7.9	8.7	14.3
14.11.1989	20.7	10.9	16.3	14.2	11.2	11.5	12	11.2	16
15.11.1989	10.5	12.1	12.7	15.7	12.6	12.7	8.2	12.6	12.8
16.11.1989	0.1	0	0	0.3	0.1	0	0	0.1	0
17.11.1989	0.1	0	0	0	0.1	0	0	0.1	0
18.11.1989	0	0	0	0	0	0	0	0	0
19.11.1989	0	0	0	0	0	0	0	0	0
20.11.1989	3.4	1.8	2.5	3.6	3.7	2.4	2.5	3.7	2.5
21.11.1989	0	1.6	1	0	0	2.6	2.5	0	0
22.11.1989	21.2	13.2	7.8	11.6	17.7	11.5	3.6	17.7	0.1
23.11.1989	14.6	10.2	5	7.9	14	9.8	4.3	14	0.1
24.11.1989	0.7	0	0	0	2.8	0	0	2.8	0
25.11.1989	5.8	3.2	7.1	4.6	4.5	4.7	4	4.5	6.5
26.11.1989	2.7	4	4.3	3.1	4.6	5.3	5.1	4.6	3.9
27.11.1989	1.2	2.4	2.5	0.7	2.6	3.4	1.9	2.6	0.1
28.11.1989	3.7	7.3	3.4	3.3	5	5.2	5.4	5	5.2
29.11.1989	1.3	4.9	2.2	0.8	4.1	3.8	5.8	4.1	4.2
30.11.1989	0	1.4	1.7	0.7	0	2.1	2.1	0	0.1
01.12.1989	1.3	0	0	0.6	1.6	0	0	1.6	0
02.12.1989	0	0	0	0	0	0	0	0	0
03.12.1989	0.8	1.6	8	7.9	0	5.4	6.9	0	10
04.12.1989	2.7	2.1	6.9	5	4.2	2.8	4.8	4.2	7.8
05.12.1989	5	3.3	0.1	1.2	2	6	0.1	2	0
06.12.1989	19.2	9.2	24.6	21.5	22.4	19.4	16.8	22.4	26.9
07.12.1989	10.4	13.6	15.4	12.5	15.2	12.7	10	15.2	14.5
08.12.1989	19.4	8.7	9.6	13.3	25.9	16.8	9.2	25.9	12
09.12.1989	9.2	4.5	0.2	3.4	0.1	4.3	4.5	0.1	0.2
10.12.1989	3.6	3.6	4.4	3.4	7.3	4.1	2.2	7.3	0.1
11.12.1989	9.6	8.5	6.4	5.8	19.7	8.3	6.9	19.7	4.8
12.12.1989	10.8	5.1	4.1	9.4	8.5	8.7	9.4	8.5	5.1
13.12.1989	10.2	2.3	5.1	8.4	9.1	5.1	2.2	9.1	7
14.12.1989	0.1	1.3	0.5	0	0	1.8	0.2	0	0
15.12.1989	0.3	0	0	0	0	0	0	0	0
16.12.1989	2.1	0.9	4.6	2.2	1.8	0.8	1.9	1.8	1.5
17.12.1989	0	0	0	0	0	0	0	0	0
18.12.1989	0.1	0	0	0.5	2.5	0	0	2.5	0
19.12.1989	9.5	6.5	2.2	6.3	7.1	9.4	6.4	7.1	4.1
20.12.1989	6.1	6.5	5.6	7.7	11.4	7.5	6.1	11.4	6.9
21.12.1989	0.6	0	0	0	0	0	0	0	0
22.12.1989	0	0	0	0	0	0	0	0	0
23.12.1989	0	0	0	0	0	0	0	0	0
24.12.1989	3.2	0	0	0	1	0	0	1	0
25.12.1989	3.3	3.7	0.7	4.4	9.9	7.3	2.8	9.9	0.6
26.12.1989	15.4	7	7	11.8	12	6.9	6.8	12	5.4
27.12.1989	17.5	20.4	25.2	21.3	15.9	20.7	26.6	15.9	33.8
28.12.1989	0	0	0	0	0	0	0	0	0
29.12.1989	0	0	0	0	0	0	0	0	0
30.12.1989	0.1	0	0	0	0	0	0	0	0
31.12.1989	0	0	0	0	0	0	0	0	0
01.01.1990	0	0	0	0	0	0	0	0	0
02.01.1990	0	0	0	0	0	0	0	0	0
03.01.1990	0	0	0	0	0	0	0	0	0
04.01.1990	5.3	0	0	4	2.4	0	0	2.4	0
05.01.1990	1	0	0	0	0	0	0	0	0
06.01.1990	0.7	0	0	6	0	0	0	0	2.3
07.01.1990	14.7	5.3	5.9	7.4	6.7	6.1	5.9	6.7	2.8
08.01.1990	3.6	2.8	6.5	5.8	6.8	4	4.5	6.8	9.6
09.01.1990	21.2	6.4	10.9	9.7	12	6.3	5.6	12	7.5
10.01.1990	21.3	20.2	14.2	16.2	12.7	15.5	13.4	12.7	11
11.01.1990	21.9	13.6	13.4	14.7	15	13.9	13.7	15	13.2
12.01.1990	12.5	7.4	10.6	13.9	8.5	7.5	5.8	8.5	14.8
13.01.1990	18.6	11.1	14	15.1	12.9	13.1	16.2	12.9	16.7
14.01.1990	8.4	7.7	10	6	8.4	8.4	11.7	8.4	10.8
15.01.1990	14.7	4.3	4.9	7.3	8.7	6.8	7.1	8.7	2.6
16.01.1990	38.2	25.8	40.4	44.5	26.4	22	20	26.4	44.4
17.01.1990	20.2	13.3	16	19	15.4	13.8	14.4	15.4	17.7
18.01.1990	43.7	40	49	49.9	37.5	32.9	29.5	37.5	56.8
19.01.1990	8.4	6.1	10	8.4	8.3	9.7	8.5	8.3	10
20.01.1990	23.1	9.1	11.9	18	12.5	10.8	11.6	12.5	13
21.01.1990	20.6	13.8	15.3	16.5	20.2	12.5	9	20.2	8.3
22.01.1990	0.3	0	0	0.6	1.8	0	0	1.8	0
23.01.1990	9.5	8.9	10.4	12.8	12.9	9.1	10.7	12.9	16.7
24.01.1990	3.2	0.2	3.3	5.3	3.2	1.8	3.1	3.2	5.6
25.01.1990	1	0.1	2.3	1.2	0.2	0.1	2	0.2	1.1
26.01.1990	0	0	0	0	0	0	0	0	0
27.01.1990	0	0	0	0	0	0	0	0	0
28.01.1990	0	0	0	0	0	0	0	0	0
29.01.1990	0.8	1.6	1.1	1.6	2	2	1.6	2	1.5
30.01.1990	2.3	0.1	2	0.8	1.6	0.1	4.8	1.6	4
31.01.1990	6.4	0	0	0	1.8	0	0	1.8	0
01.02.1990	2	5.5	5.4	4.4	9.1	6.7	6.8	9.1	4.6
02.02.1990	19.9	0	0	11.4	8.7	0	0	8.7	1.1
03.02.1990	0	0	0	4.6	1.4	0	0	1.4	0.1
04.02.1990	23.8	2.4	9.5	16	10.6	4.7	4	10.6	9.3
05.02.1990	51	14.6	14.3	23.9	25.2	21.4	18.2	25.2	16.6
06.02.1990	77.8	46.8	41.5	45.6	58.7	49.6	60.8	58.7	56
07.02.1990	16.6	1.6	3.6	12.3	14.1	6.8	5.2	14.1	5.2
08.02.1990	10.9	9.8	9.1	10.9	13.1	11	10.6	13.1	9.4
09.02.1990	14.6	7.5	8.4	12.5	8.9	6.6	4.8	8.9	8
10.02.1990	20.9	20.3	18.3	18.2	31.1	18.7	15.7	31.1	23.8
11.02.1990	0	0	0	0	0	0	0	0	0
12.02.1990	0.4	4.9	0.1	0.4	4.2	11.7	5.8	4.2	0
13.02.1990	0	0	0	0	0	0	0	0	0
14.02.1990	0	0	0	0	0	0	0	0	0
15.02.1990	0	0	0	0	0	0	0	0	0
16.02.1990	2	2	2.5	1.6	2.7	2.1	2.2	2.7	1.6
17.02.1990	0	0	0	0	0	0	0	0	0
18.02.1990	8.3	3.3	4.2	9.3	14.2	8.5	8.2	14.2	6.7
19.02.1990	24.8	8.7	10.1	14.6	9.6	9.6	9.4	9.6	8
20.02.1990	26.5	22.6	23.9	27.9	26.9	25.1	24.6	26.9	29.5
21.02.1990	23.7	24.9	23.9	18.6	19.9	20.1	20.4	19.9	23.7
22.02.1990	5.7	3.1	6.6	7.8	5.2	6.6	8.3	5.2	7.1
23.02.1990	84.8	45.6	48.1	41.1	52.1	44.3	55.1	52.1	45.4
24.02.1990	23.6	8.9	14.3	16	14.6	9.7	11.3	14.6	15.1
25.02.1990	2.2	2.7	2.4	3.8	3.8	2.7	2.4	3.8	2.8
26.02.1990	2	0	0	1.3	2.1	0	0	2.1	0
27.02.1990	2.9	4.3	5.4	5.6	6.3	4.6	3.9	6.3	6.5
28.02.1990	2.7	4.1	1	0.9	2.4	3.3	2	2.4	0.8
01.03.1990	7.9	11.2	7.5	7	10.1	8.9	6.3	10.1	4.1
02.03.1990	22.2	16	17.1	18.1	30.4	19	16.5	30.4	20.4
03.03.1990	14.1	4.9	3.2	8.9	8.2	6.8	3.8	8.2	4.4
04.03.1990	29.2	22.6	26.6	22	28.3	23.9	25.2	28.3	23
05.03.1990	41.9	36.1	43.3	41.5	34.5	32.2	30.3	34.5	41.8
06.03.1990	21.4	15.5	16.2	23.4	22.7	19.4	19.1	22.7	23.4
07.03.1990	17.1	10.2	7.4	16.2	25.3	13.5	10	25.3	9.6
08.03.1990	26.8	20.6	22.5	23.1	25.3	19.2	19.8	25.3	20.5
09.03.1990	16.1	10.7	17.1	22	17.1	15.6	16.5	17.1	23.8
10.03.1990	7.1	7.6	3.7	4.5	9.5	5.8	6.1	9.5	2.9
11.03.1990	8.4	1.7	4.1	5.6	4	3.6	3.4	4	5.3
12.03.1990	26.9	21.7	26.8	25.9	31.4	22.4	24.4	31.4	26.7
13.03.1990	11.5	14.8	16.2	15.9	11.3	14.4	11.6	11.3	20.7
14.03.1990	0	0	0	0	0	0	0	0	0
15.03.1990	22.5	6	10.3	12.3	16.1	10.9	9.8	16.1	7.5
16.03.1990	31.3	31.5	37.9	30.1	31.2	30	34.6	31.2	36.2
17.03.1990	24.6	36.2	33.8	26.7	40.1	30.5	38.9	40.1	33.1
18.03.1990	9.8	8.2	6.6	3.5	5.9	10.2	5.7	5.9	6.8
19.03.1990	12.1	9.4	8	8.1	13.2	9.7	10.3	13.2	6.8
20.03.1990	37.6	19	25.7	31.6	21.2	18.8	13.8	21.2	25.3
21.03.1990	33.7	9.6	10.1	15.5	8	8.5	9.6	8	8.7
22.03.1990	50.8	27.6	36.7	35.3	26.4	26.3	26.1	26.4	35.3
23.03.1990	13.7	18.8	23.2	25.4	13.3	18.4	15.9	13.3	28.3
24.03.1990	42.6	23.4	32.3	31.3	29.5	24.1	23.9	29.5	32.5
25.03.1990	53.4	35.6	45.5	46.2	47.2	38.9	34.1	47.2	49.7
26.03.1990	20.3	23.6	21.4	20.7	30.7	29.5	24.7	30.7	26.9
27.03.1990	0	0	0	0	0	0	0	0	0
28.03.1990	2.4	0	0	0	0	0	0	0	0
29.03.1990	2.7	4.7	0.1	2.5	6.6	7.2	4.8	6.6	0.7
30.03.1990	23.2	15.7	19.5	17.8	17.4	13.5	12.6	17.4	16.5
31.03.1990	10.5	15.4	18	15.3	12.6	10	3.7	12.6	10.5
01.04.1990	34	31.8	37.1	61	52.2	35.9	31.7	52.2	54.9
02.04.1990	7.8	14.6	15.5	13.4	11.3	12.7	10.3	11.3	19.5
03.04.1990	12	6.4	6.9	10.6	6.2	6.4	7.3	6.2	6.3
04.04.1990	10	0	0	4.1	1.2	0	0	1.2	0
05.04.1990	4.4	1.5	1.8	3.3	3.9	4	3.8	3.9	1.6
06.04.1990	5.9	10.6	8.3	10.4	14.8	10.2	11	14.8	9.4
07.04.1990	1.1	2.4	0.4	1.4	1.6	3.7	5.1	1.6	0.5
08.04.1990	0	0	0	0	0	0	0	0	0
09.04.1990	10.5	7.6	8.4	4.9	10.3	6.4	10	10.3	9.3
10.04.1990	16.8	10.5	11.9	13.3	16.5	11.6	12	16.5	15
11.04.1990	5	3.6	4.7	4.8	5.1	3.1	2.9	5.1	5.5
12.04.1990	0	0	0	0	0	0	0	0	0
13.04.1990	6	8.4	4.8	4.8	8.5	12	12.2	8.5	8
14.04.1990	0	0	0	0	0	0	0	0	0
15.04.1990	7.1	8.7	9.6	6.8	6.6	6.1	6.8	6.6	9.3
16.04.1990	1.2	0	0	0	2.3	0	0	2.3	0
17.04.1990	0.1	0.1	7.4	0.1	6	0.1	7.5	6	1
18.04.1990	0	0	0	2.4	0	0	0	0	1.5
19.04.1990	0	0	0	0	0	0	0	0	0
20.04.1990	0	0	0	0	0	0	0	0	0
21.04.1990	0	0	0	0	0	0	0	0	0
22.04.1990	0.1	0	0	0	0.8	0	0	0.8	0
23.04.1990	5.6	2.3	5.7	8	6.7	4.8	3.9	6.7	5.7
24.04.1990	0.5	0.1	0.3	0.7	0	0.5	0.9	0	1
25.04.1990	0	0	0	0	0	0	0	0	0
26.04.1990	9	18.4	14.2	9.7	19.4	20.4	24.5	19.4	19.9
27.04.1990	4.6	0.2	2.4	6.2	2.3	1.9	1.6	2.3	4.5
28.04.1990	5.8	4.2	5.5	4.5	5.9	5.7	8.6	5.9	10.6
29.04.1990	13.5	12.6	12.7	10.5	12.8	12	15.4	12.8	13
30.04.1990	30.1	20.1	30.1	36.5	33.3	30.6	40.5	33.3	44.6
01.05.1990	10	1.7	0.6	10.7	9.1	6.6	4.5	9.1	1.2
02.05.1990	0	0	0	0	0	0	0	0	0
03.05.1990	0	0	0	0	0	0	0	0	0
04.05.1990	0	0	0	0	0	0	0	0	0
05.05.1990	0	0	0	0	0	0	0	0	0
06.05.1990	0	0	0	0	0	0	0	0	0
07.05.1990	0	0	0	0	0	0	0	0	0
08.05.1990	0	0	0	0	0	0	0	0	0
09.05.1990	0	0	0	0	0	0	0	0	0
10.05.1990	0	0	0	0	0	0	0	0	0
11.05.1990	0	0	0	0	0	0	0	0	0
12.05.1990	0	0	0	0	0	0	0	0	0
13.05.1990	0	0	0	0	0	0	0	0	0
14.05.1990	0	0	0	0	0	0	0	0	0
15.05.1990	0	0	0	0	0	0	0	0	0
16.05.1990	0	0	0	0	0	0	0	0	0
17.05.1990	0	0	0	0	0	0	0	0	0
18.05.1990	0	0	0	0	0	0	0	0	0
19.05.1990	0	0	0	0	0	0	0	0	0
20.05.1990	0	0	0	0	0	0	0	0	0
21.05.1990	0.9	2.7	2.9	2.8	1.5	2.1	1.8	1.5	4.3
22.05.1990	1.7	1.4	1.6	0.6	1.9	2	1.5	1.9	2.1
23.05.1990	0.1	0	0	0	0.8	0	0	0.8	0
24.05.1990	4.9	6.5	6.3	5.4	5.4	5.3	5.3	5.4	6.6
25.05.1990	0.1	5.2	0.7	0.1	2.4	9.8	1.2	2.4	0
26.05.1990	6.3	3.1	4.2	8.1	7.6	6	4.6	7.6	7.3
27.05.1990	8	12.9	11.3	7.9	10.7	15.6	15.7	10.7	12.8
28.05.1990	0	0	0	0	0	0	0	0	0
29.05.1990	0	0	0	0	0	0	0	0	0
30.05.1990	0.1	0	0	0	0	0	0	0	0
31.05.1990	0.3	0	0	1	2.3	0	0	2.3	0.1
01.06.1990	0	1.2	0.7	0.4	2.1	2.3	0	2.1	0.6
02.06.1990	0.3	0	0	1	0.6	0	0	0.6	0.1
03.06.1990	1.5	0	0	0.9	1.7	0	0	1.7	0
04.06.1990	0.1	0.1	0	0	0	0.5	3.7	0	0
05.06.1990	0	0	0	0	0	0	0	0	0
06.06.1990	0	0	0	0	0	0	0	0	0
07.06.1990	0	0	0	0	0	0	0	0	0
08.06.1990	0.1	0	0	0	0	0	0	0	0
09.06.1990	0	0	0	0	0	0	0	0	0
10.06.1990	0	0	0	0	0	0	0	0	0
11.06.1990	0	0	0	0	0	0	0	0	0
12.06.1990	0	0	0	0	0	0	0	0	0
13.06.1990	0	0	0	0	0	0	0	0	0
14.06.1990	0	0	0	0	0	0	0	0	0
15.06.1990	0	0	0	0	0	0	0	0	0
16.06.1990	0	0	0	0	0	0	0	0	0
17.06.1990	0	0	0	0	0	0	0	0	0
18.06.1990	0	0	0	0	0	0	0	0	0
19.06.1990	0.9	0	0	0.4	0.8	0	0	0.8	0
20.06.1990	6.6	1.9	2.4	4.3	3.5	3.6	5.5	3.5	3
21.06.1990	0.6	2.1	2.9	0.6	2.4	2.4	1.9	2.4	0
22.06.1990	1.9	1.7	0.1	1.8	4	3	4.9	4	1.3
23.06.1990	2.5	0	2	0	0	0.5	3.8	0	0
24.06.1990	0	0	0	0	0	0	0	0	0
25.06.1990	1	8.5	1.1	1.7	6.2	5.1	5.5	6.2	2.1
26.06.1990	16.7	3.1	2.2	5.2	10.6	4.4	4.4	10.6	1.3
27.06.1990	16.6	18.8	19.5	10.8	16.3	16.1	20.1	16.3	17.6
28.06.1990	1.8	3.4	0.7	0.3	1	5.7	6.6	1	0
29.06.1990	5.2	5.2	5.5	5	7.9	5.2	5.9	7.9	4.8
30.06.1990	0.1	2	2.7	4.2	3.3	1.8	3	3.3	3.3
01.07.1990	0.7	2.3	0.5	1.6	2.9	8	0	2.9	0
02.07.1990	3.8	4.2	5.4	4	10.3	6.6	7.8	10.3	5.9
03.07.1990	1.3	2.1	2.1	2.3	2.7	2.6	3.7	2.7	3.2
04.07.1990	0.2	2.5	0.1	0.3	3	9.7	4.2	3	0
05.07.1990	4.7	4.4	3.5	1.8	6	6.5	6.1	6	4.7
06.07.1990	2	0	0	0	0	0	0	0	0
07.07.1990	2.5	11.7	7.8	4.4	5.9	8.4	7.3	5.9	5.4
08.07.1990	1.7	2.4	0.5	1	1.3	1.9	1.9	1.3	0.2
09.07.1990	6.2	3	3	5.1	4.6	3.8	4.5	4.6	4.5
10.07.1990	7.2	11.8	15.3	14.1	14.9	14.1	9.7	14.9	15.4
11.07.1990	5.3	12.6	13	5.7	9.2	10	8.9	9.2	9
12.07.1990	10.1	20.9	28	24.6	27.1	18.5	17.8	27.1	31.1
13.07.1990	17.3	5.2	9.1	7.6	3	5.3	4.5	3	6.3
14.07.1990	0.1	0.1	1.7	2.4	0.3	0.5	0.1	0.3	0.6
15.07.1990	0	0	0	0	0	0	0	0	0
16.07.1990	0	0	0	0	0	0	0	0	0
17.07.1990	0	0	0	0	0	0	0	0	0
18.07.1990	0	0	0	0	0	0	0	0	0
19.07.1990	0	0	0	0	0	0	0	0	0
20.07.1990	0	0	0	0	0	0	0	0	0
21.07.1990	5	4.9	4.6	7.6	3.8	5.5	7.3	3.8	5.7
22.07.1990	2.9	7.5	1.2	4.7	5.5	3.9	1.9	5.5	2.5
23.07.1990	6.9	10.9	11.6	7.3	7.9	10.8	11.5	7.9	11.3
24.07.1990	0	0	0	0	0	0	0	0	0
25.07.1990	0	0	0	0	0	0	0	0	0
26.07.1990	0	0	0	0	0	0	0	0	0
27.07.1990	0	0	0	0	0	0	0	0	0
28.07.1990	0	0	0	0	0	0	0	0	0
29.07.1990	6.1	2.7	2	5.5	7.7	4.6	4.5	7.7	1.6
30.07.1990	0	4.3	5.9	3.9	6.8	5.7	6.6	6.8	7.7
31.07.1990	8.2	2.2	1.6	5.6	6.2	4.3	4.8	6.2	1.2
01.08.1990	6.7	4.8	6.6	5.9	5.1	3.8	3.2	5.1	8.3
02.08.1990	0.1	0	0	0.5	0.1	0	0	0.1	0.1
03.08.1990	0	0	0	0	0	0	0	0	0
04.08.1990	26.6	13.1	12	16.5	19.8	14.2	12.7	19.8	11.1
05.08.1990	11.6	14.7	14.1	9.6	15.1	15.7	23.3	15.1	15.6
06.08.1990	7.9	8.3	13	10.8	11.8	13.6	12.8	11.8	13.8
07.08.1990	4.5	5	7.6	1.3	4.1	4.7	2.2	4.1	4.4
08.08.1990	17.9	8.8	9.9	10.3	9.8	7.7	8.5	9.8	8.4
09.08.1990	3	4.3	8.7	7.4	4.2	5.5	6	4.2	9.5
10.08.1990	0.2	1.2	0.1	0.1	0.6	1.5	0.1	0.6	0
11.08.1990	0	0	0	0	0	0	0	0	0
12.08.1990	0.3	0	0	0.8	1.6	0	0	1.6	0
13.08.1990	11	6.3	7.9	7.7	11.3	10.1	13.5	11.3	11.2
14.08.1990	4.9	6.8	4.1	2.9	6	7.6	6.7	6	6.2
15.08.1990	6.1	4.3	6	6.1	6	5	7.1	6	6.1
16.08.1990	2.5	10.6	0.1	0	5.9	8.5	8.2	5.9	0
17.08.1990	1.9	2.2	0.1	1.1	4	6.4	4.3	4	0
18.08.1990	0.5	12.5	1.6	0.2	6.5	17.9	12.8	6.5	0
19.08.1990	5.4	6.7	8	10.4	6.3	6.4	7.3	6.3	11.6
20.08.1990	0.3	0	0	0	0	0	0	0	0
21.08.1990	0.1	0	0	0	0	0	0	0	0
22.08.1990	0.1	0	0	0	0	0	0	0	0
23.08.1990	3.3	0.9	0.6	2.4	2.5	1.6	1.9	2.5	0.2
24.08.1990	3.6	4	6.8	7	7.2	4.9	6.3	7.2	9
25.08.1990	0.9	4.1	5.5	2.2	3.3	4	3.3	3.3	0.1
26.08.1990	4.3	1	8.1	7.3	4.6	3.4	5	4.6	11.3
27.08.1990	4.6	1.5	3.8	3.2	4.3	3.5	3.5	4.3	0.5
28.08.1990	3.2	4.5	4.5	5.4	3.3	3	3.3	3.3	5.1
29.08.1990	2.1	0.5	0.7	0.5	1.2	0.7	1.5	1.2	0.9
30.08.1990	0	0	0	0.7	0.1	0	0	0.1	0
31.08.1990	6.5	10	10.2	4.7	8.5	7.2	8.1	8.5	7.3
01.09.1990	0	12.5	11.9	0	1.5	11.8	10.9	1.5	0
02.09.1990	1.4	3.3	0.1	0.1	2.5	4.2	2.4	2.5	0.1
03.09.1990	4	0	0	0	0.5	0	0	0.5	0
04.09.1990	3.3	2.7	2.3	2.9	3.1	3.4	5.3	3.1	2
05.09.1990	0	0	0	0.4	0	0	0	0	0
06.09.1990	0	0	0	0	0	0	0	0	0
07.09.1990	0	0	0	0	0	0	0	0	0
08.09.1990	0	3.2	7.2	5.5	0	3.1	2.3	0	10.5
09.09.1990	0.6	10	7.2	2.7	0	6	4.8	0	6.8
10.09.1990	1.6	1.1	2	0.2	2.3	1.9	2.3	2.3	2.5
11.09.1990	0	0	0.2	0	0	0.1	0.3	0	0
12.09.1990	0	1.7	2.6	1.9	0	2.4	2.2	0	1.4
13.09.1990	3.4	5.4	6.6	3.8	5.6	5.7	6.7	5.6	7.3
14.09.1990	7.6	4.3	7.9	6.7	9.4	5.5	6.8	9.4	9.4
15.09.1990	11.4	12.3	16.3	13.9	17.8	20	19.4	17.8	17.5
16.09.1990	0.8	0.1	1.8	0.3	1.3	0.9	0.3	1.3	0
17.09.1990	0	0	0	0	0.4	0	0	0.4	0
18.09.1990	5.9	1.8	1.1	2.9	4.8	3.1	2.8	4.8	1.4
19.09.1990	10.3	0	0	6	8	0	0	8	0.1
20.09.1990	11.2	9.4	8.3	11.4	16	16.8	15.8	16	10.2
21.09.1990	9.7	4	11	14.3	6.1	6.4	4.2	6.1	13.6
22.09.1990	0	0	0	0	0	0	0	0	0
23.09.1990	0	0	0	0	0	0	0	0	0
24.09.1990	0	0	0	0	0	0	0	0	0
25.09.1990	0	0	0	0	0	0	0	0	0
26.09.1990	0	0	0	0	0	0	0	0	0
27.09.1990	0	0	0	0	0	0	0	0	0
28.09.1990	32.7	8.2	7.5	17.6	12.6	8.3	0.9	12.6	0.1
29.09.1990	10.5	12.7	14.4	15	15.1	11.5	11.2	15.1	15.2
30.09.1990	5.7	4.8	7	3.9	4.4	5.8	6.6	4.4	6.3
01.10.1990	0	0	0	0	0	0	0	0	0
02.10.1990	5.8	3.5	4.5	5	4.1	3.8	4.7	4.1	3.9
03.10.1990	3.4	2.3	1.5	2.5	4.7	3.8	6.6	4.7	2.2
04.10.1990	4.8	6.8	0.4	3	9	7.8	6.5	9	0.6
05.10.1990	44.9	18	23	29.6	27.4	22.3	25.6	27.4	27.3
06.10.1990	8.4	4.3	4.6	5.7	7.2	5.4	6.9	7.2	5.2
07.10.1990	0.6	6.4	0.1	0.1	2.1	9.3	1.3	2.1	0
08.10.1990	2.1	6.4	2.4	2.3	5.4	7.5	9	5.4	1.9
09.10.1990	20.1	2	4.5	12.2	12.6	9.4	3.1	12.6	0.1
10.10.1990	38.8	42.2	44	42.9	39.7	36.9	36.8	39.7	47.2
11.10.1990	22.6	23.2	29.6	25.4	24.2	23.6	23.5	24.2	27.9
12.10.1990	4.1	5.9	6.4	6.8	5.8	6.6	7.9	5.8	8.8
13.10.1990	0.2	0	0	0	0	0	0	0	0
14.10.1990	3.1	0	0	2.8	4.8	0	0	4.8	0.1
15.10.1990	4.3	1.6	0.6	2.1	3	3	3.7	3	2
16.10.1990	2.6	0	0.1	0	0	0.1	1.2	0	0
17.10.1990	8.6	7.2	8.9	10.1	14.5	8.6	8.4	14.5	9.3
18.10.1990	3.2	1.2	1.3	1.1	0.6	1.1	0.3	0.6	0.1
19.10.1990	1.5	1	0.2	0.8	0.1	0.4	0.1	0.1	0.2
20.10.1990	0	0	0	0	0	0	0	0	0
21.10.1990	0	0	0	0	0	0	0	0	0
22.10.1990	0	0	0	0	0	0	0	0	0
23.10.1990	0	0	0	0	0	0	0	0	0
24.10.1990	0	0	0	0	0	0	0	0	0
25.10.1990	0	0	0	0	0	0	0	0	0
26.10.1990	0	0	0	0	0	0	0	0	0
27.10.1990	0	0	0	0	0	0	0	0	0
28.10.1990	0	0	0	0	0	0	0	0	0
29.10.1990	0	0	0	0	0	0	0	0	0
30.10.1990	0	0	0	0	0	0	0	0	0
31.10.1990	0	0	0	0	0	0	0	0	0
01.11.1990	0	0	0	0	0	0	0	0	0
02.11.1990	2.7	5	3.8	1.7	3.8	3.4	3	3.8	3
03.11.1990	0.1	2.9	2.3	0.3	1.5	5.2	3.6	1.5	0
04.11.1990	0.1	6.4	7.8	0.1	5.1	8.6	0.2	5.1	0
05.11.1990	0	0	0	0	0	0	0	0	0
06.11.1990	1.8	0	0	0	6.1	0	0	6.1	0
07.11.1990	0.2	2.8	0.8	0	2.4	4.3	0.1	2.4	0
08.11.1990	0	0.9	16.1	0	0.3	1.9	7.3	0.3	0
09.11.1990	0.6	0	0	0	0	0	0	0	0
10.11.1990	0	0	0	0	0	0	0	0	0
11.11.1990	0	0	0	0	0	0	0	0	0
12.11.1990	0	0	0	0	0	0	0	0	0
13.11.1990	1.9	1.1	2.8	1.9	2.7	2	1.7	2.7	3.3
14.11.1990	13.6	2.1	4.5	12.3	9.5	6.7	7.6	9.5	8.2
15.11.1990	3.5	1.4	3	7	4.7	4.4	5.4	4.7	7.5
16.11.1990	13.5	7	7.8	9.8	9.2	7.2	7.3	9.2	6.6
17.11.1990	24.1	6.2	10.5	15.5	13.4	10.6	9	13.4	9.3
18.11.1990	10.4	9.2	9	10.2	10.6	12	12.9	10.6	9
19.11.1990	1.6	5.4	4.6	0.8	5.2	10.5	10.9	5.2	0
20.11.1990	0	0	0	0	0	0	0	0	0
21.11.1990	0	0	0	0	0	0	0	0	0
22.11.1990	3.7	0.7	1.7	2.7	2.3	1.6	1.6	2.3	2.4
23.11.1990	0	0	0	0	0	0	0	0	0
24.11.1990	0	0	0	0	0	0	0	0	0
25.11.1990	0.3	0	0	0	0	0	0	0	0
26.11.1990	0	0	0	0	0	0	0	0	0
27.11.1990	0	3.1	0.6	0	0	5.2	0.1	0	0
28.11.1990	1.1	10	2.7	0.9	7.8	7.1	5.4	7.8	0
29.11.1990	8.2	9.7	15.7	11.2	15.7	13.6	12.6	15.7	14.7
30.11.1990	0.1	1.6	1.4	1.9	1.1	2.3	0.1	1.1	0.1
01.12.1990	0.1	0	0	1	2.4	0	0	2.4	0
02.12.1990	18.2	13.9	14.8	18.9	24.1	17.8	18.7	24.1	20.2
03.12.1990	45.2	29.6	44.5	48.9	42	33.8	32.3	42	62.1
04.12.1990	13.3	15.8	12.7	16	20	15.9	10.6	20	14.4
05.12.1990	12.5	11.5	6.8	5.7	11.5	10.5	12.4	11.5	7.3
06.12.1990	9.9	13.1	3.9	7	12.7	10.6	10.6	12.7	3.7
07.12.1990	32.9	31.8	37.8	37	34.9	30.3	28.5	34.9	42.4
08.12.1990	10.1	6.8	4.5	5.4	5.6	8.7	7.7	5.6	2.6
09.12.1990	0	0	0	0	0	0	0	0	0
10.12.1990	0	0	0	0	0	0	0	0	0
11.12.1990	0	0	0	0	0	0	0	0	0
12.12.1990	7.9	0	0	0	7.2	0	0	7.2	0
13.12.1990	7.9	5.6	7.6	6.3	7.6	10.3	12.9	7.6	13.4
14.12.1990	1.7	6.1	4.7	3	5	5.5	5	5	1.9
15.12.1990	1.1	1.3	0.1	0.7	2.2	2.7	0.7	2.2	0
16.12.1990	0	2.3	1	0	0.5	3.6	0.1	0.5	0
17.12.1990	0	0.2	2.1	1.5	2.2	0.8	0.6	2.2	1.7
18.12.1990	0	0	0	0	0.3	0	0	0.3	0
19.12.1990	0.5	0	0	0	0	0	0	0	0
20.12.1990	11.3	3.9	7	10.9	7.3	5.6	4.6	7.3	7.7
21.12.1990	10.8	12.6	10.7	9.6	19.8	12.1	8.9	19.8	4
22.12.1990	0.9	3.4	0.1	0.5	2.7	4.4	2	2.7	0
23.12.1990	11.5	8.1	8.5	9.5	12.4	7.7	9	12.4	11.2
24.12.1990	2.7	0	0	2.8	2.7	0	0	2.7	2.7
25.12.1990	11	8.4	10.1	10.6	11.2	7.9	7.8	11.2	9.7
26.12.1990	5.8	21.9	0.1	0	8.9	14.4	6.8	8.9	0
27.12.1990	5.7	0.2	0.3	3	2.7	2.2	1.4	2.7	0.6
28.12.1990	6.3	5.2	6.4	6.6	4.4	5.9	8.3	4.4	7.3
29.12.1990	11.4	0.1	4.3	8.3	8.4	5.7	4.6	8.4	1.5
30.12.1990	1.1	1	0.1	1	1.2	1.5	0.8	1.2	0.1
31.12.1990	2.4	4.6	0.7	2	5.4	5	4.3	5.4	1.9
01.01.1991	0.1	18.6	13	0.2	0	17.8	11	0	0.4
02.01.1991	0	0	0	0	0	0	0	0	0
03.01.1991	11.9	4.6	5.2	7.2	7.6	8.6	6.8	7.6	6.9
04.01.1991	13.1	17.3	5.5	7.9	13.8	19.1	14	13.8	9.5
05.01.1991	4.2	5.6	4.4	4.6	4.8	4.9	7	4.8	3.4
06.01.1991	3.2	1.3	1	1.4	1.8	2.5	4.7	1.8	1.4
07.01.1991	0.1	0.1	0.4	0	0	0.1	0.1	0	0
08.01.1991	1.8	0	0	1.5	1.4	0	0	1.4	0.4
09.01.1991	0	0	0	0	0	0	0	0	0
10.01.1991	0	0	0	0	0	0	0	0	0
11.01.1991	0.3	0	0	0	0	0	0	0	0
12.01.1991	4.9	6.5	2.3	2.6	10.3	7.4	5.6	10.3	2.5
13.01.1991	17.8	8.8	9.7	11.1	18.8	9.9	8.7	18.8	5.8
14.01.1991	0.5	0.2	0.5	0	0	0.2	0.4	0	0
15.01.1991	0	0	0	0	0	0	0	0	0
16.01.1991	0	0	0	0	0	0	0	0	0
17.01.1991	0	0	0	0	0	0	0	0	0
18.01.1991	5.4	0.2	0.8	2.7	3.6	2	2	3.6	0.1
19.01.1991	2	0	0	3.6	0	0	0	0	0.4
20.01.1991	23.2	8.5	7.4	10.5	15.2	11.2	12.2	15.2	1.9
21.01.1991	16.2	20.4	24.1	19.4	16.5	18.7	21.3	16.5	31.4
22.01.1991	0.1	2.3	0.1	0	0	0.2	0.1	0	0
23.01.1991	0.1	0	0	0	5.3	0	0	5.3	0
24.01.1991	4	3.2	6.5	4	5.7	4.8	3.1	5.7	5.1
25.01.1991	0.1	0	0	0.1	0.8	0	0	0.8	0
26.01.1991	2.5	8.8	11.2	3.2	9.5	13.6	9.7	9.5	10.6
27.01.1991	5.4	4.3	8.7	7.2	6.2	7	8.1	6.2	10.2
28.01.1991	4.1	3.9	3.5	3.7	4.7	5.3	5.8	4.7	4
29.01.1991	0	0	0	0	0	0	0	0	0
30.01.1991	0	0	0	0	0	0	0	0	0
31.01.1991	0	0	0	0	0	0	0	0	0
01.02.1991	3.5	2.3	2.7	3.2	4.8	2.8	2.4	4.8	3
02.02.1991	3.8	2.7	1.6	4.7	9.6	3.1	3.2	9.6	5.9
03.02.1991	0	0	0	0	0	0	0	0	0
04.02.1991	0	0	0	0	0	0	0	0	0
05.02.1991	0	0	0	0	0	0	0	0	0
06.02.1991	0	0	0	0	0	0	0	0	0
07.02.1991	0	0	0	0	0	0	0	0	0
08.02.1991	0	0	0	0	0	0	0	0	0
09.02.1991	0	0	0	0	0	0	0	0	0
10.02.1991	0	0	0	0	0	0	0	0	0
11.02.1991	0	0	0	0	0	0	0	0	0
12.02.1991	0	0	0	0	0	0	0	0	0
13.02.1991	0	0	0	0	0	0	0	0	0
14.02.1991	0	0	0	0	0	0	0	0	0
15.02.1991	1.9	0.1	0.1	2.2	1.9	0.1	0.1	1.9	0.1
16.02.1991	5.2	3.2	5.3	6.8	4.7	4.2	4	4.7	7.4
17.02.1991	3.6	10.4	6.7	2	11.2	8.8	9.4	11.2	5.3
18.02.1991	1.7	7.8	7.8	3.5	6	6.4	4.7	6	4.9
19.02.1991	2.5	1.5	1.7	0.5	2.9	3.3	4.5	2.9	2.5
20.02.1991	12.2	16.1	13.7	6.2	12.1	13.3	14.4	12.1	9.7
21.02.1991	12.8	11.6	11	13.5	11.3	9.9	9.9	11.3	13
22.02.1991	8.1	0.1	1.6	3.6	2.2	1.5	2.3	2.2	1.8
23.02.1991	1.6	0	0.1	1.1	2.1	0	0.2	2.1	2.2
24.02.1991	22.1	11.9	16.6	13.3	16.7	17	19.1	16.7	13.6
25.02.1991	28.8	17.8	21.4	25.9	23.2	17	15.3	23.2	24
26.02.1991	0.2	0	0	0	0.1	0	0	0.1	0
27.02.1991	0	0	0	0	0	0	0	0	0
28.02.1991	0	0	0	0	0	0	0	0	0
01.03.1991	0	0	0	0	0	0	0	0	0
02.03.1991	0	0	0	0	0	0	0	0	0
03.03.1991	0	0	0	0	0	0	0	0	0
04.03.1991	0.1	0	0	0	0	0	0	0	0
05.03.1991	0	0	0	0	0	0	0	0	0
06.03.1991	0	0	0	0	0	0	0	0	0
07.03.1991	0	0	0	0	0	0	0	0	0
08.03.1991	0	0	0	0	0	0	0	0	0
09.03.1991	1.6	0	0	1.6	0	0	0.1	0	2.4
10.03.1991	3.4	0	0.5	2.1	0.1	0	0.5	0.1	2.6
11.03.1991	1.8	0	0.1	1.3	0.7	0	0.4	0.7	0.6
12.03.1991	0.8	2.8	2.6	0.8	2.1	3.1	3.6	2.1	1.5
13.03.1991	3.7	1.2	1.5	4.5	4.5	4.1	3.4	4.5	0.1
14.03.1991	13.5	7.4	11.2	12	11.2	8.7	10.4	11.2	12.4
15.03.1991	4.6	13.4	8.9	8.1	13.2	11.3	11.5	13.2	10.4
16.03.1991	0	0	0	0	0	0	0	0	0
17.03.1991	3	0	0.1	2	3	0	0.2	3	0.1
18.03.1991	0.1	0	0	0.5	1.6	0	0	1.6	0
19.03.1991	1.9	6.8	0.1	0	0	3.1	2.5	0	0
20.03.1991	7.8	5.8	6.3	8.8	10.7	6	6.3	10.7	5.7
21.03.1991	1	1.1	2.5	2.3	1.7	1.8	0	1.7	3.4
22.03.1991	0.2	1.3	0	0	0	0.1	0.5	0	0
23.03.1991	0	1.4	0	0	0	0.2	0	0	0
24.03.1991	0	0	0	0	0	0	0	0	0
25.03.1991	0	0	0	0	0.4	0	0	0.4	0
26.03.1991	0	0	0	0	0	0	0	0	0
27.03.1991	0	0	0	0	0	0	0	0	0
28.03.1991	0	0	0	0	0	0	0	0	0
29.03.1991	0	0	0	0	0	0	0	0	0
30.03.1991	17.6	7.5	9.5	10.1	11.1	9.9	8.9	11.1	6.4
31.03.1991	5.9	6.4	9.7	4.1	9.5	8.9	9.9	9.5	10.3
01.04.1991	11.1	9.7	12.4	13.8	13.9	12.1	14.9	13.9	13.4
02.04.1991	8.9	4.8	3.4	3.8	7.5	5.9	5.2	7.5	2.3
03.04.1991	13	9.8	11.8	9.7	11.4	10.1	13.8	11.4	13.4
04.04.1991	0	5.3	7.3	7.3	18.9	9.8	9.3	18.9	7.9
05.04.1991	0	0	0	0	0	0	0	0	0
06.04.1991	0	0	0	0	0	0	0	0	0
07.04.1991	0	0	0	0.1	0	0	0	0	0.1
08.04.1991	0	0	0	0	0	0	0	0	0
09.04.1991	2.9	1.4	0.4	1.3	2.2	1.8	0	2.2	0.6
10.04.1991	2.1	4.8	3.1	0.7	6	11.9	3.8	6	0
11.04.1991	0.1	0	0	0	2.3	0	0	2.3	0
12.04.1991	0	0	0	0	0	0	0	0	0
13.04.1991	5.6	5.5	6.9	5.3	7.5	7.5	7.6	7.5	7.4
14.04.1991	3.9	0	0	6.2	2.7	0	0	2.7	8.1
15.04.1991	2.1	1.8	2.6	2.3	2.2	1.9	3.5	2.2	3.9
16.04.1991	18.7	25.8	20.3	18.8	33.3	21.6	14.9	33.3	15.4
17.04.1991	32.9	32.4	35.7	36.8	33.4	20.4	18.3	33.4	46.1
18.04.1991	0.8	1	0	0	1	0.1	0	1	0
19.04.1991	0	0.1	0	0	0	0.1	0	0	0
20.04.1991	0	0	0	0	0	0	0	0	0
21.04.1991	0	0	0	0	0	0	0	0	0
22.04.1991	0	0	0	0	0	0	0	0	0
23.04.1991	0	0	0	0	0	0	0	0	0
24.04.1991	0	0	0	0	0	0	0	0	0
25.04.1991	0	0	0	0	0	0	0	0	0
26.04.1991	0	0	0	0	0	0	0	0	0
27.04.1991	0	0	0	0	0	0	0	0	0
28.04.1991	0	0	0	0	0	0	0	0	0
29.04.1991	0	0	0	0	0	0	0	0	0
30.04.1991	0	0	0	0	0	0	0	0	0
01.05.1991	0	0	0	0	0	0	0	0	0
02.05.1991	0.1	0.1	0	0	0.6	2.1	0	0.6	0
03.05.1991	2.4	3.6	8.6	2.8	7.8	11.7	0.2	7.8	9.2
04.05.1991	0	3	0	0	0	2.8	0	0	0
05.05.1991	0	0	0	0	0	0	0	0	0
06.05.1991	0	0	0	0	0	0	0	0	0
07.05.1991	0	0	0	0	0	0	0	0	0
08.05.1991	0	0	0	0	0	0	0	0	0
09.05.1991	0	0	0	0	0	0	0	0	0
10.05.1991	0.6	5.5	1.3	0.6	1.6	5.3	2.4	1.6	0
11.05.1991	4.8	16.7	1.7	0	7.8	16	6.3	7.8	0
12.05.1991	3.2	3.7	8.6	5.6	6.6	6.6	0.9	6.6	7.5
13.05.1991	2.4	2.9	2.4	0.8	3.5	4.1	4.1	3.5	2.3
14.05.1991	6.3	3	11	10.7	9	6.2	4.5	9	15.4
15.05.1991	6.2	8.4	5.2	3.4	8.9	10.9	13.6	8.9	9.7
16.05.1991	0.1	1.8	0	0	1.7	1.4	0	1.7	0
17.05.1991	0.1	0	0	0	0	0.1	0	0	0
18.05.1991	0	0	0	0	0	0	0	0	0
19.05.1991	0.1	0	0	0	0.4	0	0	0.4	0
20.05.1991	12.3	8.2	4.7	11.5	11.7	4.2	0.1	11.7	4.4
21.05.1991	16.7	15.9	18.3	17.8	18.5	15	14.5	18.5	20.5
22.05.1991	16.9	9.8	17.7	18.3	20.5	13.6	14.6	20.5	23.5
23.05.1991	0.9	7.2	2.4	0.3	1.5	3.9	3.7	1.5	0.5
24.05.1991	3.3	0.7	1.2	4.1	3.9	2.6	3.3	3.9	2.9
25.05.1991	13.8	12.6	11.7	10.9	16.8	10.7	10.4	16.8	10.4
26.05.1991	0.3	0.1	0	0.5	1.2	0.1	0	1.2	0
27.05.1991	2.3	0.2	2.7	1.6	2.6	2.5	0.1	2.6	4.5
28.05.1991	0.7	0.2	0	0	1.5	0.1	0	1.5	0
29.05.1991	0.1	1.4	0	0	0	0.3	0	0	0
30.05.1991	0	0	0	0	0	0	0	0	0
31.05.1991	0	0.1	0	0	0	0.2	0	0	0
01.06.1991	0.1	3.6	0	0.1	4.6	1.2	0	4.6	0
02.06.1991	0.1	2.2	0	0	3	8.5	0	3	0
03.06.1991	0	0	0	0	0	0	0	0	0
04.06.1991	0.1	0.1	0	0	0	0.1	0.3	0	0
05.06.1991	2.9	6.1	5.8	6	6.3	5.3	3.1	6.3	7
06.06.1991	0.9	4.7	0.8	1.6	3.2	3.4	2.4	3.2	0.1
07.06.1991	5.7	11.2	14.3	5.6	10.7	14.2	18.3	10.7	13.9
08.06.1991	7.7	12.4	7.3	6.1	8.9	9.8	10.5	8.9	6.3
09.06.1991	0.1	0	0	0	0	0	0	0	0
10.06.1991	0.1	0	0	0	0	0	0	0	0
11.06.1991	0.1	0	0	0	0	0	0	0	0
12.06.1991	3.4	1.6	0.1	0.1	0	7.6	0	0	0.6
13.06.1991	2	0	0	0	2	0	0	2	0
14.06.1991	7	4.9	7.8	6.9	6.1	7.4	8.4	6.1	8.8
15.06.1991	3.2	0.4	2.8	4.4	1.1	0.2	0.6	1.1	3.8
16.06.1991	0.4	0.7	0.3	0.1	0.3	0.1	0.1	0.3	0.1
17.06.1991	5.2	0.1	0.7	2.4	2	1.4	0.1	2	0.6
18.06.1991	0	5.1	6.2	0	0.7	7.4	7.5	0.7	0.1
19.06.1991	2.8	1.4	0.9	1.5	1.1	1.5	1.4	1.1	0.3
20.06.1991	4.7	23.9	14.9	6.9	11.8	19.1	12	11.8	8.2
21.06.1991	6	2.2	4	6.1	3.9	1.6	1.9	3.9	1.9
22.06.1991	0.8	4.4	1.2	1.3	1.7	3.7	2.8	1.7	0.5
23.06.1991	4	2	3.9	5.1	5.3	2.7	4	5.3	4.3
24.06.1991	6.6	8.3	7.9	4.9	5	6.9	7.3	5	6.7
25.06.1991	4.4	6.3	3.7	9.5	6.5	7.1	4.8	6.5	3.6
26.06.1991	2.5	3.2	3.1	3.6	1.2	1.9	3.6	1.2	2.9
27.06.1991	0	0.2	0	0	0	0.2	0	0	0
28.06.1991	0	0	0	0	0	0	0	0	0
29.06.1991	0.1	0	0	0	0	0	0	0	0
30.06.1991	0.9	0.1	0.3	1.1	4.1	6.1	0	4.1	0
01.07.1991	1.1	1.4	1.6	1.7	0	4.2	0	0	5.4
02.07.1991	0.2	0	0	0	0	0	0	0	0
03.07.1991	0	0	0	0	0	0	0	0	0
04.07.1991	0	0	0	0	0	0	0	0	0
05.07.1991	0	0	0	0	0	0	0	0	0
06.07.1991	0	0	0	0	0	0	0	0	0
07.07.1991	0	0	0	0	0	0	0	0	0
08.07.1991	0	0	0	0	0	0	0	0	0
09.07.1991	0	0	0	0	0	0	0	0	0
10.07.1991	15.3	8.6	11.4	15.2	10.2	8.4	7.5	10.2	13.8
11.07.1991	4.7	7.7	13.9	17.5	8.8	7.6	9.4	8.8	25
12.07.1991	0.9	0	0	0.1	0.1	0	0	0.1	0.1
13.07.1991	2.2	4.5	1.8	1.1	3.7	3.2	4.4	3.7	0.5
14.07.1991	2.3	1.1	2.2	1.7	0.9	1.4	2.4	0.9	2
15.07.1991	0.1	3.2	2.8	0.1	2.1	1	0.6	2.1	1.7
16.07.1991	1.3	0.1	0.7	0	0	0.1	1.2	0	0
17.07.1991	0	3.7	4.2	3.4	4.4	2.3	3.4	4.4	4.7
18.07.1991	0	0.1	0	0	0	0.1	0	0	0
19.07.1991	0	0.5	0	0	0	0.1	0.4	0	0
20.07.1991	0.1	0	0	6.5	3.1	0	0	3.1	2.2
21.07.1991	0.3	4.7	0.1	0.5	1.3	3.8	2.9	1.3	0.1
22.07.1991	0.1	5.7	2.1	0.2	1.7	5.6	0.5	1.7	0
23.07.1991	0	0	0	0	0	0	0	0	0
24.07.1991	0	0	0	0	0	0	0	0	0
25.07.1991	0	0	0	0	0	0	0	0	0
26.07.1991	1.8	3.9	5	5.7	2	2.6	1.3	2	7.9
27.07.1991	0	0	0	0	0	0	0	0	0
28.07.1991	0	0	0	0	0	0	0	0	0
29.07.1991	0	0	0	0	0	0	0	0	0
30.07.1991	0	0	0	0	0	0	0	0	0
31.07.1991	0	0	0	0	0	0	0	0	0
01.08.1991	0	0	0	0	0	0	0	0	0
02.08.1991	0	0	0	0	0	0	0	0	0
03.08.1991	0	0	0	0	0	0	0	0	0
04.08.1991	3.1	6.4	10.3	5.8	0	6.7	10.2	0	11.8
05.08.1991	0	0.1	0	0	0	0.1	0	0	0
06.08.1991	5.9	4	4.8	5.2	6.3	4.5	0.1	6.3	6.3
07.08.1991	3.1	5.3	3.8	3.5	3.2	3.8	2.3	3.2	2.2
08.08.1991	0	1	0	0	0	0.5	0	0	0
09.08.1991	3.3	2.7	3.9	5.6	5.3	3.7	3.9	5.3	5.9
10.08.1991	15.5	10.1	12.6	17.3	14.5	10.4	8.8	14.5	14.3
11.08.1991	20.6	16.6	14.9	23.9	23.2	15	12.8	23.2	16.9
12.08.1991	8.9	9.9	12.7	15.5	13.6	11.4	10	13.6	15.9
13.08.1991	8.9	4.9	7.2	6.7	8.1	7.7	1	8.1	10.7
14.08.1991	11.6	6.6	8.9	14.2	16.3	10.1	10	16.3	12.6
15.08.1991	3.2	6.4	3.9	3.9	4.9	5.1	4.2	4.9	2.7
16.08.1991	15.8	8.1	11.9	9.8	13.2	8.9	10.7	13.2	9
17.08.1991	9.8	6.9	9.3	14.3	9.5	8.7	8.5	9.5	12.7
18.08.1991	2.2	0.9	1.8	1.5	1.1	2.5	3.1	1.1	0.9
19.08.1991	1.9	3.6	4.8	1.5	1.7	1.9	1.4	1.7	3.4
20.08.1991	0.7	1.1	0.7	0.8	1	1.1	1.1	1	0.5
21.08.1991	1.1	1.6	2.7	0.4	2	1.8	3.6	2	3.3
22.08.1991	0	0	0	0	0	0	0	0	0
23.08.1991	0	0	0	0	0	0	0	0	0
24.08.1991	0	0	0	0	0.9	0	0	0.9	0
25.08.1991	3.5	3.6	3.6	6.4	2.9	3.6	5.2	2.9	4.1
26.08.1991	0	0.1	0	0	0	0.1	0	0	0
27.08.1991	0	0	0	0	0	0	0	0	0
28.08.1991	3.8	0	1.1	4.1	3.4	0	0.1	3.4	5.5
29.08.1991	0	1.1	0	0	0.8	1.2	0	0.8	0
30.08.1991	0.2	4.8	7.1	2.1	0	6.4	5.8	0	5.1
31.08.1991	0.1	0	0	0	0	0	0	0	0
01.09.1991	0	0	0	0	0	0	0	0	0
02.09.1991	0	0	0	0	0	0	0	0	0
03.09.1991	0.1	3.4	0	0	0	1.9	0	0	0
04.09.1991	3	1.7	3.5	2.2	4.2	2.5	3.2	4.2	4.1
05.09.1991	13.7	7.8	8.9	11.9	10.6	8.1	7.5	10.6	10.6
06.09.1991	3.7	6.8	7.5	3.9	3	6.2	9.2	3	2.3
07.09.1991	5.1	6.8	6.3	3.9	5.5	6.1	7.5	5.5	4.9
08.09.1991	11.4	12.3	15.3	7.4	10.2	13.6	16.1	10.2	11.8
09.09.1991	2.6	0.1	3.1	2.4	2.8	4	0.1	2.8	3.3
10.09.1991	14.5	4.8	7.7	11.5	10.6	6.4	7.2	10.6	6.9
11.09.1991	30.8	28.7	34.4	32.5	31.8	27.9	25.7	31.8	38.7
12.09.1991	2.8	8	4.2	1.3	5.5	7.5	6	5.5	1.1
13.09.1991	3.3	0.7	2.9	4.1	4.9	5.6	0.3	4.9	4.4
14.09.1991	17	8.4	9.5	12.6	13.2	9	10.3	13.2	7.5
15.09.1991	34.1	16.2	20.8	20.7	23.8	17.1	19.8	23.8	21.3
16.09.1991	14.5	20.9	19.6	13.7	19.8	14.5	13.4	19.8	20.2
17.09.1991	0.9	3.1	0.1	0.3	1.4	3.6	2.3	1.4	0
18.09.1991	0.5	1.2	0.2	0.2	3	4.2	2.3	3	0
19.09.1991	14	11.4	13.1	12.7	15.4	10.9	13	15.4	15.5
20.09.1991	25.4	13.6	15.4	14.2	16.8	13.7	16.9	16.8	15.9
21.09.1991	0	0.1	2.1	0.2	3.5	2.9	3.5	3.5	1.6
22.09.1991	0.1	5.1	2.2	0.3	4.2	5.1	1	4.2	0
23.09.1991	11.9	10.7	9.4	8.5	9.8	9.8	11.8	9.8	5.9
24.09.1991	4.7	6.6	5.5	3.3	4.6	4.7	4.1	4.6	3.5
25.09.1991	48.9	24.1	32.5	33.4	33.9	24.6	25.5	33.9	31.9
26.09.1991	17.5	7.8	7.4	9.3	11.1	9.1	10.2	11.1	5.1
27.09.1991	3.4	8	7.2	3.2	6.7	6.8	9.8	6.7	9.1
28.09.1991	3.8	9.2	7.8	2.8	8.4	11.6	14.2	8.4	10.3
29.09.1991	0.6	0.1	0.1	0	3	4.7	0	3	0
30.09.1991	0	0	0	0	0	0	0	0	0
01.10.1991	2.7	1.9	2.2	2.9	3	2.8	3	3	2.4
02.10.1991	4.5	3.8	2.7	3.1	7	5.8	0.1	7	1
03.10.1991	3	8	7.6	3.1	3.8	6.6	6.8	3.8	5.9
04.10.1991	23	12.7	18.3	21.9	19.8	14.4	14.4	19.8	22.5
05.10.1991	26.2	6.9	9.7	15.1	12.7	8.9	10.3	12.7	11.1
06.10.1991	6.8	5.2	5.7	6.7	5.5	5.1	6.9	5.5	6.1
07.10.1991	2.1	4.5	2.9	1.8	3.2	4.4	4.2	3.2	2
08.10.1991	0	0	0	0	0	0	0	0	0
09.10.1991	0	0	0	0	0	0	0	0	0
10.10.1991	0.1	0	0	0	0	0	0	0	0
11.10.1991	0.1	0	0	0	0	0	0	0	0
12.10.1991	0	0	0	0	0	0	0	0	0
13.10.1991	0	0	0	0	0	0	0	0	0
14.10.1991	0	0	0	0	0	0	0	0	0
15.10.1991	2.6	0	0	1.3	1.7	0	0	1.7	0.1
16.10.1991	3.4	2.6	4.5	5	4.2	3.1	2.9	4.2	5.8
17.10.1991	4.9	6.5	6.1	4.5	6.9	5.6	7	6.9	4.8
18.10.1991	3.7	2.9	4	3.4	2.3	5.6	4.2	2.3	2
19.10.1991	19.7	47.4	53.3	30.5	31.6	35.7	6.9	31.6	41
20.10.1991	0.2	1.6	0	0.4	1.3	0.6	0	1.3	0
21.10.1991	0.1	1.1	0.1	0	2.2	0.9	1.7	2.2	0
22.10.1991	2.2	0.1	0	1.6	4.4	0.9	0	4.4	0
23.10.1991	0.2	0.1	0.2	1.3	1	1.4	0	1	0.3
24.10.1991	0.1	1.4	1.2	0.9	2.5	5.8	0	2.5	0.6
25.10.1991	0.1	0	0	0.1	0.9	0	0	0.9	0
26.10.1991	0	0.9	0.1	0	0.9	1.2	0	0.9	0
27.10.1991	0	0	0	0	0	0.1	0	0	0
28.10.1991	0	0	0	0	0	0	0	0	0
29.10.1991	0	0	0	0	0	0	0	0	0
30.10.1991	0	0	0	0	0	0	0	0	0
31.10.1991	0	0	0	0	0	0	0	0	0
01.11.1991	0	0	0	0	0	0	0	0	0
02.11.1991	0.1	21	4	0.1	12.4	15.7	2.5	12.4	0
03.11.1991	9.4	19.5	16.8	7.2	13.3	17.9	16.4	13.3	16.9
04.11.1991	10.1	3	5	7.9	7.6	3.4	1.9	7.6	3.4
05.11.1991	29.9	35.8	29.5	27.5	44.3	32	22.6	44.3	23.3
06.11.1991	10.6	7.5	6.9	9.2	8.5	10.9	0.1	8.5	0.6
07.11.1991	2.8	5.7	6	2.6	3.7	4.4	5.7	3.7	5.1
08.11.1991	13.8	7.3	5.9	8.1	6.3	9.6	5.9	6.3	3.1
09.11.1991	20.5	13.4	9.8	15.1	23.6	13.2	10.6	23.6	8.1
10.11.1991	11.2	18.7	12.3	8.6	21.7	12.8	8.4	21.7	8.7
11.11.1991	3	0	0	0.1	1.5	0	0	1.5	0
12.11.1991	16.3	10.6	11.4	14.1	21.3	11.9	14.8	21.3	10
13.11.1991	30.1	5.6	9.3	13.1	1.4	8.2	9.8	1.4	8.8
14.11.1991	3	0	0	1.6	2.4	0	0	2.4	0
15.11.1991	0	0	0	0	0	0	0	0	0
16.11.1991	0	0	0	1	0	0	0	0	1.1
17.11.1991	0	0	0	0	0	0	0	0	0
18.11.1991	0	0	0	0	0	0	0	0	0
19.11.1991	0	0	0	0	0	0	0	0	0
20.11.1991	0	0	0	0	0	0	0	0	0
21.11.1991	0.5	0.1	0.1	0.2	1.2	0.1	0.1	1.2	0
22.11.1991	16.3	0.1	0.1	10.1	5.6	3.8	0.1	5.6	0.1
23.11.1991	26.9	8.4	13.8	28.7	24.8	18.4	14.9	24.8	14.5
24.11.1991	3.6	8.3	7.5	3.7	6.6	8.5	10.7	6.6	9.6
25.11.1991	0	0	0	0	0	0	0	0	0
26.11.1991	0.3	7.2	0.8	0	4.1	6.3	2.6	4.1	0
27.11.1991	17.6	11.6	12	8.3	16.4	12.5	13.9	16.4	11.4
28.11.1991	0	4.7	3.9	0.3	9.1	7.7	6.4	9.1	0.3
29.11.1991	19	6.2	5.9	15.1	11.6	4.5	0.9	11.6	7.8
30.11.1991	1.2	0	0	2.5	0.3	0	0	0.3	1.2
01.12.1991	0	0	0	0	0	0	0	0	0
02.12.1991	1.5	0.1	0.5	3	1.9	0.2	0.1	1.9	1
03.12.1991	0.8	5.1	5.1	5.3	2.9	4.9	5	2.9	0.1
04.12.1991	10.5	6.5	12.4	10.9	11.9	10	12.1	11.9	15.8
05.12.1991	0.1	3.8	0.1	0	4.5	7.7	0	4.5	0
06.12.1991	0.1	0.8	0	0	2	1.5	0	2	0
07.12.1991	0.1	0	0	0	0	0	0	0	0
08.12.1991	0	0	0	0	0	0	0	0	0
09.12.1991	0	0.1	0	0	0.1	7.1	0	0.1	0
10.12.1991	0	0	0	0	0	0	0	0	0
11.12.1991	0	0	0	0	0	0	0	0	0
12.12.1991	1.2	0	0	0	0.1	0	0	0.1	0
13.12.1991	33.5	19.1	18.4	25.7	26.2	21.1	18.9	26.2	14.8
14.12.1991	40.6	42.7	54.4	62.8	39.9	40.7	38.3	39.9	66.1
15.12.1991	8.3	8.7	10.4	9.9	12	11.9	15	12	14
16.12.1991	14.7	11.2	14	12.7	8.4	10.7	10.7	8.4	15.9
17.12.1991	0.1	9.4	1.3	0.1	3.9	8.4	4	3.9	0
18.12.1991	23.9	9.2	13.4	16.8	15.2	11.1	12.3	15.2	11.6
19.12.1991	29.5	16.3	20.1	22.4	15.1	17.9	20.9	15.1	24.4
20.12.1991	12	13.1	6.3	7.5	12.7	14.4	11	12.7	2.7
21.12.1991	16.6	26.7	20.5	12.7	27.6	19.8	17.9	27.6	15.2
22.12.1991	0.3	0.1	1.4	2.7	0	4.3	0	0	4.9
23.12.1991	14.8	15.1	13.7	11.4	15.6	13.1	15.3	15.6	9.4
24.12.1991	8.4	13.2	9.4	6.3	16	13.4	1	16	14.2
25.12.1991	4.1	7.9	2.5	2.2	6.1	6.5	6.7	6.1	2.3
26.12.1991	14.9	6.3	6.4	11.9	12.2	9.1	7.3	12.2	4.5
27.12.1991	2.1	1.4	1.3	1.9	0.4	0.5	1.5	0.4	2.8
28.12.1991	5.8	5.1	6.8	6.2	7.1	6.2	9.4	7.1	9.6
29.12.1991	19.7	5.8	12.3	19.4	14.7	12.1	14	14.7	15.7
30.12.1991	5.4	6.5	5.8	6.7	7.4	8.3	7.9	7.4	6.1
31.12.1991	0.3	0.4	0	0	0	0.3	0	0	0
01.01.1992	26.2	7.6	11	17.1	12.1	12.1	12.1	12.1	8
02.01.1992	22.6	17.7	16.4	16.9	13.7	15.2	12.3	13.7	15.5
03.01.1992	18.7	23.1	26.7	21.7	18.2	18.6	22.2	18.2	31.6
04.01.1992	17.1	22.6	18.1	11.7	17.4	17.5	18	17.4	12.8
05.01.1992	12.9	17	15.1	13.8	20.7	14.9	12.2	20.7	12.3
06.01.1992	2.7	2.5	3.1	4.6	2.3	2.8	1.8	2.3	3.3
07.01.1992	10.1	8.1	9	6.6	6.4	6.3	7.7	6.4	7.2
08.01.1992	8.2	4.9	5	6.1	8.6	2.3	1	8.6	5.9
09.01.1992	30.3	17	18.9	23.6	25.3	18.7	10.5	25.3	18.2
10.01.1992	0.1	0.1	0	0	0	0.1	0	0	0
11.01.1992	55.6	38.2	39.1	50	45.9	43.6	40.5	45.9	33.3
12.01.1992	18.3	21.9	23.6	23.9	16.7	18.4	16.4	16.7	26.1
13.01.1992	7.1	2.1	3.6	5.9	5.7	4.3	4	5.7	2
14.01.1992	31.5	11.2	13.8	29.2	31.5	21.8	13.4	31.5	10.6
15.01.1992	4.8	0.1	1.6	10.6	4.8	5.3	1.9	4.8	2.9
16.01.1992	5.3	0.1	2.6	11.6	8.7	5.3	0.1	8.7	7.6
17.01.1992	11.2	13.6	15.3	16	16.9	13	9.6	16.9	18
18.01.1992	14.7	0.1	4.2	19.6	18.2	3.6	3.3	18.2	7.4
19.01.1992	10.8	7	11.2	13.2	11.4	9.2	7.6	11.4	13.3
20.01.1992	0	0	0	0.3	0	0	0	0	0.1
21.01.1992	0	0	0	0	0	0	0	0	0
22.01.1992	0	0	0	0	0	0	0	0	0
23.01.1992	0	0	0	0	0	0	0	0	0
24.01.1992	0	0	0	0	0	0	0	0	0
25.01.1992	0	0	0	0	0	0	0	0	0
26.01.1992	20	9.3	10	10.7	14.1	8.7	8.1	14.1	9.7
27.01.1992	2.1	5.2	6.5	2.8	4.3	4.2	7.5	4.3	4.3
28.01.1992	5.4	6.8	5.8	6.7	8.2	6.6	7.1	8.2	8.4
29.01.1992	0.5	1.7	0	0.2	2.5	9.2	0	2.5	0
30.01.1992	1.5	6.1	6.6	2.6	5	5.7	10.1	5	8.6
31.01.1992	0	0	0	0	0	0	0	0	0
01.02.1992	12.8	0	0	4.7	1	0	0	1	0
02.02.1992	12.9	4.1	9.3	6.9	11.6	10.6	11.6	11.6	8.8
03.02.1992	12.4	16.2	19.7	20.4	19.9	16.1	13.8	19.9	22.5
04.02.1992	12.6	13.3	11.9	7.6	12.2	5.9	6.2	12.2	4.1
05.02.1992	4	1.8	0.1	0.9	8.4	3.5	4.9	8.4	0.1
06.02.1992	4.1	0.5	1.8	4.2	4.2	1.6	1.9	4.2	1.8
07.02.1992	11.1	11.3	12.7	16.6	16.6	15	18.6	16.6	18.8
08.02.1992	6.9	17.5	16.5	8.9	12.4	17	19.8	12.4	16.2
09.02.1992	0.1	0.6	0.1	0.2	1.1	0.9	0.3	1.1	0
10.02.1992	0	6	0	0	0	4.3	6.4	0	0
11.02.1992	13.2	7.7	12.3	12.6	16.6	9.1	9.5	16.6	13.8
12.02.1992	8.1	11	13.1	8.6	11.5	14.1	17.8	11.5	15.6
13.02.1992	0.1	2.6	0.1	0.6	3	1.2	3.3	3	0
14.02.1992	16.5	10.5	12.1	14.9	12.4	10.6	9.6	12.4	13.3
15.02.1992	0.2	0	0	0	0	0	0	0	0
16.02.1992	0	0	0	0	0	0	0	0	0
17.02.1992	0	0	0	0	0	0	0	0	0
18.02.1992	0	0	0	0	0	0	0	0	0
19.02.1992	1.9	2.2	3.9	4	3.4	3.5	3.7	3.4	5.2
20.02.1992	4.1	2.6	4.2	3.5	4.5	2.2	2.4	4.5	3.2
21.02.1992	4.8	2.4	5	2.8	3.7	5.3	5.7	3.7	3
22.02.1992	9.6	4.8	7	7	9.2	6.7	9.4	9.2	7.4
23.02.1992	40.7	23.6	25.9	27.8	31.9	21.7	20.8	31.9	26.5
24.02.1992	3.5	10.9	8.2	5.5	8.9	8.5	5.5	8.9	7.9
25.02.1992	18.8	5.3	12.2	14.8	11.6	9.2	7.8	11.6	11.6
26.02.1992	0.3	1.9	5.7	3.8	0	3.1	4.1	0	7.1
27.02.1992	6.1	5.4	3.6	2.5	4.8	7	6.5	4.8	2.5
28.02.1992	18.1	14.5	16.2	14.5	17.8	14.7	17.8	17.8	20.4
29.02.1992	4.8	8.6	9.7	5.9	9.4	12	0	9.4	9.8
01.03.1992	0.2	0	0	0.8	2.2	0	0	2.2	0.5
02.03.1992	6.3	2.9	5.4	5.5	7.7	3.7	5.2	7.7	5.8
03.03.1992	6.4	2.7	4.3	7.2	5.1	3.2	2.5	5.1	7
04.03.1992	1.6	0.2	1	4.3	2.1	0.8	0.1	2.1	0.7
05.03.1992	0.7	0	0	0.6	1.2	0	0.5	1.2	0
06.03.1992	0.1	0	0	0.1	1.1	0	0	1.1	0
07.03.1992	6.8	4	5.4	3.8	6.1	4.1	5.7	6.1	4
08.03.1992	10.1	8.9	10.7	4.2	11.2	8.4	12.1	11.2	10.2
09.03.1992	0	0	0	0	0	0	0	0	0
10.03.1992	0.3	22.2	3.5	0	8.8	18.6	6.2	8.8	0
11.03.1992	8.4	7.4	6.2	9.7	11.1	7.8	7.4	11.1	7.9
12.03.1992	6.4	3.4	3.7	3.7	4.6	3.3	2.7	4.6	2
13.03.1992	15.6	22.2	19.4	19.8	20.7	22.3	16.8	20.7	16.5
14.03.1992	19.8	8.6	13.2	11.4	17.2	13.6	14.9	17.2	15.2
15.03.1992	1	1.8	3.8	1.3	4	0.6	2.6	4	2.2
16.03.1992	5.2	4.8	5.2	3.7	4.5	6.9	7.4	4.5	4.5
17.03.1992	14.8	4	6.4	12.2	10.8	8.2	5.9	10.8	2.9
18.03.1992	16.3	10.8	13.4	9.2	11.9	9.2	12.7	11.9	15.1
19.03.1992	10.7	4.6	5.9	7.6	7	5.9	6.3	7	5.1
20.03.1992	0.3	2.9	2	0.8	1	1.9	1.9	1	1.7
21.03.1992	0	0	0	0	0	0	0	0	0
22.03.1992	0.8	0	0	0.9	2.2	0	0	2.2	0
23.03.1992	0	0	0	0	0	0	0	0	0
24.03.1992	0	0	0	0	0	0	0	0	0
25.03.1992	0	0.1	0	0	0	0.1	0	0	0
26.03.1992	3.2	0	0.1	2.3	0.1	0	0.4	0.1	0.1
27.03.1992	7.1	2.9	4.6	7.2	7.3	4.2	2.2	7.3	4.2
28.03.1992	9.8	11.8	14.6	10.7	13.4	9.5	2.4	13.4	11.4
29.03.1992	0	0.1	0	0	0	0.1	0	0	0
30.03.1992	0	0	0	0	0	0	0	0	0
31.03.1992	0	0	0	0	0	0	0	0	0
01.04.1992	0	0	0	0	0	0	0	0	0
02.04.1992	0	0	0	0	0	0	0	0	0
03.04.1992	1.1	0.4	0.1	0.5	0.1	0.4	0.4	0.1	0.1
04.04.1992	0	0	0	0	0	0	0	0	0
05.04.1992	0	0	0	0	0	0	0	0	0
06.04.1992	0	0	0	0	0	0	0	0	0
07.04.1992	0.5	0	0	0	0	0	0	0	0
08.04.1992	0	0	0	0	0	0	0	0	0
09.04.1992	0	0	0	0	0	0	0	0	0
10.04.1992	6.7	2.4	3.1	3.6	4.7	3	4.3	4.7	2.5
11.04.1992	5.8	2.9	6	5.7	4.4	3.9	4.1	4.4	7
12.04.1992	2.6	3.2	2.8	3.2	4.2	3.4	2.9	4.2	1.9
13.04.1992	9.3	4.4	6	10.1	5.1	4.7	3.6	5.1	8.4
14.04.1992	3.5	2.9	6.9	5.7	0	3.9	3	0	3.6
15.04.1992	0	0	0	0	0	0	0	0	0
16.04.1992	0	0	0	0	0	0	0	0	0
17.04.1992	1.1	0.1	0.6	0.5	1.1	0.5	0	1.1	1.1
18.04.1992	0.5	3.4	2.5	0.2	1.8	3.1	2	1.8	1.1
19.04.1992	21.8	11.8	14.7	19.9	16.4	13.1	11.9	16.4	17.4
20.04.1992	1.9	7.1	5.7	1.8	5.4	5.7	6.8	5.4	3.2
21.04.1992	0	0	0	0	1.1	0	0	1.1	0
22.04.1992	0	0	0	0	0	0	0	0	0
23.04.1992	0	0	0	0	0	0	0	0	0
24.04.1992	0	0	0	0	0	0	0	0	0
25.04.1992	1.7	0	0	0	1.6	0	0	1.6	0
26.04.1992	2.1	0.1	1.9	3.1	2.6	1.7	1.9	2.6	4.8
27.04.1992	0.4	9	0.9	0.7	4.8	6.8	1.7	4.8	0
28.04.1992	1.4	1.1	1.4	0.5	0.4	0.4	1.3	0.4	0.1
29.04.1992	0.2	7.9	2	0.5	2.4	9	8.2	2.4	0
30.04.1992	0	0.1	0	0	0	0.1	0	0	0
01.05.1992	0.2	2.8	1.3	0.1	1.6	4.3	3.3	1.6	0.5
02.05.1992	4.7	8.2	6.3	4.9	6.8	7.2	7.1	6.8	4.9
03.05.1992	3.3	6.2	7.3	2.4	3.7	5.4	5.8	3.7	7.5
04.05.1992	3.4	2.4	2.5	2.2	2.5	2.7	3	2.5	1.6
05.05.1992	4	0.1	1.3	4	1.6	0.6	0.1	1.6	0.1
06.05.1992	11.8	9.7	9.8	8.3	9.4	8.5	6.5	9.4	9.9
07.05.1992	15.4	8.9	8.8	9.5	10.5	8.3	10.4	10.5	10.1
08.05.1992	17.1	10.3	13.8	12	18.9	15.8	16.3	18.9	14.2
09.05.1992	2	5.8	4.5	1.8	4	4.8	6.6	4	4.5
10.05.1992	2.4	5.8	6.5	5.4	7.1	9.1	0	7.1	7.3
11.05.1992	0.1	6.3	1.2	1.2	4.1	4.4	4.4	4.1	1.6
12.05.1992	0.1	0	0	0	0	0	0	0	0
13.05.1992	9.5	0.5	4.5	6	1.5	1.1	0.8	1.5	2.6
14.05.1992	0	0	0	0	0	0	0	0	0
15.05.1992	0	0	0	0	0	0	0	0	0
16.05.1992	5.5	5.4	7.6	3.4	5.5	5.9	6.1	5.5	6.9
17.05.1992	2.6	3	5.1	3.5	2.4	2.6	4.1	2.4	7.2
18.05.1992	0	0	0	0	0	0	0	0	0
19.05.1992	0	0	0	0	0	0	0	0	0
20.05.1992	0.8	1.6	2.8	1.9	0	1.8	1.5	0	4.7
21.05.1992	0	0	0	0	0	0	0	0	0
22.05.1992	0	0	0	0	0	0	0	0	0
23.05.1992	2.6	9.4	7.3	5.8	6.7	6.7	7.1	6.7	8.7
24.05.1992	0	0	0	0	0	0	0	0	0
25.05.1992	0	0	0	0	0	0	0	0	0
26.05.1992	0	0	0	0	0	0	0	0	0
27.05.1992	0	0	0	0	0	0	0	0	0
28.05.1992	0	0	0	0	0	0	0	0	0
29.05.1992	0	0	0	0	0	0	0	0	0
30.05.1992	0	0	0	0	0	0	0	0	0
31.05.1992	0	0	0	0	0	0	0	0	0
01.06.1992	0	0	0	0	0	0	0	0	0
02.06.1992	0	0	0	0	0	0	0	0	0
03.06.1992	0	0	0	0	0	0	0	0	0
04.06.1992	0	0	0	0	0	0	0	0	0
05.06.1992	0	0	0	0	0	0	0	0	0
06.06.1992	0	0	0	0	0	0	0	0	0
07.06.1992	0	0	0	0	0	0	0	0	0
08.06.1992	0	0	0	0	0	0	0	0	0
09.06.1992	0	0	0	0	0	0	0	0	0
10.06.1992	0	0	0	0	0	0	0	0	0
11.06.1992	0	0	0	0	0	0	0	0	0
12.06.1992	0	0	0	0	0	0	0	0	0
13.06.1992	0	0	0	0	0	0	0	0	0
14.06.1992	0.7	0	0	0	0	0	0	0	0
15.06.1992	0.4	0	0	0.9	0.8	0	0	0.8	0.1
16.06.1992	8.4	4	4.6	7.2	6.8	5.9	4.7	6.8	5.3
17.06.1992	1.1	2.2	1.5	1	1.2	2.9	4.7	1.2	1.3
18.06.1992	22.2	17.1	21.5	23.1	25.9	20	16.4	25.9	22.1
19.06.1992	3.3	9	7.6	1.7	6.6	8.6	7	6.6	5.6
20.06.1992	0	3.8	0	0	1.1	2	0	1.1	0
21.06.1992	19.1	3.4	4.3	13.6	10.8	9.2	3.8	10.8	6.7
22.06.1992	2.3	0.7	2	0.7	0.1	1.9	3.5	0.1	2.9
23.06.1992	0.6	0.1	0.1	0	0.3	2.9	0	0.3	0
24.06.1992	0	0	0	0	0	0	0	0	0
25.06.1992	0	0	0	0	0	0	0	0	0
26.06.1992	0	0	0	0	0	0	0	0	0
27.06.1992	1.4	0	0	0	1.9	0	0	1.9	0
28.06.1992	14.4	9.2	10.4	15.7	14.5	9.2	6.6	14.5	12.2
29.06.1992	3.5	0.5	1.8	2	2.9	2.9	3.5	2.9	0.9
30.06.1992	2.6	0.6	4	4.4	4.3	2	0	4.3	5.3
01.07.1992	0.4	0.1	0	0	0.4	0.3	0	0.4	0
02.07.1992	0	0.1	0	0	0	0.1	0	0	0
03.07.1992	0	0.5	0.1	0.1	5.4	3.3	0	5.4	2.2
04.07.1992	0	0	0	0	0	0	0	0	0
05.07.1992	0	0	0	0	0	0	0	0	0
06.07.1992	0	0	0	0	0	0	0	0	0
07.07.1992	0	0	0	0	0	0	0	0	0
08.07.1992	0	0	0	0	0.1	0	0	0.1	0
09.07.1992	3.2	2.4	1.9	3.5	1.9	1.9	0.6	1.9	1.7
10.07.1992	2.7	1.2	0.8	0.9	2.3	1	1	2.3	0.7
11.07.1992	4.4	3.9	4.6	5.9	2.6	3.6	3.9	2.6	6.3
12.07.1992	0.1	1.1	0	0	0	0.8	0	0	0
13.07.1992	6.4	1.9	3.6	4.4	3.9	2.4	3.5	3.9	3.6
14.07.1992	2.9	0.1	0.1	2.4	0.1	0.1	0.1	0.1	0.1
15.07.1992	2.7	3	4.2	1.3	1.7	1.9	0.1	1.7	2.3
16.07.1992	0.1	5	2.1	0.1	0	2.4	0.1	0	0.4
17.07.1992	0.1	0.1	0	0	0	0.1	0	0	0
18.07.1992	1.9	1.2	1.6	1.6	1.4	1.7	2.1	1.4	1.4
19.07.1992	1.5	4.4	4.5	2.1	4.3	4.5	5.6	4.3	4.4
20.07.1992	0.5	0.1	0.7	0.9	0.4	0.1	0.1	0.4	0.9
21.07.1992	11.3	4.5	7.5	8.9	8.2	7.2	8.2	8.2	8
22.07.1992	15.9	11	14	16.3	15.3	12.1	13.8	15.3	16.1
23.07.1992	2.4	3	1.7	4.3	1.9	1.1	0.1	1.9	2.3
24.07.1992	0.9	2.9	1.7	0.5	2	2.9	2.2	2	1.3
25.07.1992	13.5	10.9	12.9	13.7	13.3	10.7	9.8	13.3	13.1
26.07.1992	11	13.8	15.5	14.2	14.5	11.8	13	14.5	15.9
27.07.1992	4.4	3.5	3.9	3.3	4.8	3.4	3.9	4.8	3
28.07.1992	4.1	3.3	8.5	13.2	6.1	4.6	3.6	6.1	15
29.07.1992	4.4	4.1	4.2	4.8	3.7	5.7	6.3	3.7	5.1
30.07.1992	14.6	8.4	9.4	10.6	12	10.9	11	12	8.3
31.07.1992	22.4	12.3	18.6	24.9	16.9	13.7	10.4	16.9	23.1
01.08.1992	1.1	1.9	3.8	3.7	6.7	5.8	0.1	6.7	6.5
02.08.1992	2.4	0.9	1.7	1.3	2.8	1.1	2	2.8	0.8
03.08.1992	5.9	4.3	5.5	3.5	4.7	3.9	5.1	4.7	5.2
04.08.1992	6.9	4.5	5.8	3.4	6.5	4.1	6.2	6.5	4.4
05.08.1992	3.6	5.6	6.4	5.9	6.3	5.6	7.2	6.3	8.4
06.08.1992	7.9	7.6	8.6	5.9	7.4	6.2	6.9	7.4	7.5
07.08.1992	9.4	7.4	13.5	11.7	12.1	10.5	10.1	12.1	16.4
08.08.1992	8	2.2	4	5.7	6.6	4	3.3	6.6	4.1
09.08.1992	0.3	1.7	0.1	0.1	2.4	4.7	0	2.4	0.7
10.08.1992	3	2.3	3.1	2.6	2.7	2.5	3	2.7	3.5
11.08.1992	4.4	3.4	3.1	2.9	4.8	3.8	4.1	4.8	3
12.08.1992	1	1	1.3	1.3	0.1	1	0.2	0.1	1.2
13.08.1992	2.5	2.9	2.9	1.6	2.6	3.1	3.2	2.6	3.3
14.08.1992	0.1	0.1	0	0	0	0.1	0.1	0	0
15.08.1992	0.8	14.6	3	0.1	6.6	5.7	5	6.6	0.1
16.08.1992	2.2	0.6	1.2	1.5	1.8	1	1.2	1.8	1.2
17.08.1992	12.6	8.9	9.6	11.5	11.6	9.5	9.7	11.6	10.1
18.08.1992	0.1	7.8	3	0.4	3.1	3.5	3	3.1	1.6
19.08.1992	0.1	0.8	0	0	0	0.3	0	0	0
20.08.1992	0.3	0	0	1	1.7	0	0	1.7	0
21.08.1992	0.1	0	0	0	0	0	0	0	0
22.08.1992	0	0	0	0	0	0	0	0	0
23.08.1992	0	0.1	0	0	0	0.1	0.1	0	0
24.08.1992	13.7	16.2	16.8	13.2	15.4	16.4	17.4	15.4	17.5
25.08.1992	8.1	10.3	7.3	8.5	7.1	9.6	7.8	7.1	6.1
26.08.1992	4.3	5	4.3	1.9	4.3	4.2	1.9	4.3	3.7
27.08.1992	17.7	4.2	9	11.7	11.3	5.9	4.5	11.3	10
28.08.1992	0.5	1.2	0.2	0.4	0.4	2.4	1	0.4	0
29.08.1992	7.8	6.1	7.1	5.4	8.2	6.3	7	8.2	8.8
30.08.1992	2.5	3.5	2.9	2.4	3.2	2.5	2.4	3.2	1.9
31.08.1992	0	0	0	0	0	0	0	0	0
01.09.1992	4.2	1.9	2.4	3.4	3.6	2.1	2.2	3.6	2.1
02.09.1992	3	0	0.1	1.4	1.2	0	0	1.2	0.1
03.09.1992	2.1	0	0.2	1.5	0.1	0	0.1	0.1	0.8
04.09.1992	2	2.9	0.8	1.2	3.5	2	2	3.5	0.1
05.09.1992	0.1	0.1	0	0	0	0.1	0	0	0
06.09.1992	0.1	0.2	0	0	0	0.2	0	0	0
07.09.1992	2.5	0	0	0	0	0	0	0	0
08.09.1992	0	0	0	0	0.4	0	0	0.4	0
09.09.1992	0.1	15.7	1	0	4.3	14.8	5.9	4.3	0
10.09.1992	18.5	5	10.2	8.6	11.7	6.8	7.5	11.7	9.3
11.09.1992	0.1	0	0	0	0.2	0	0	0.2	0
12.09.1992	3.4	1.7	3.2	2	3.4	2.8	3.5	3.4	3.1
13.09.1992	0.4	1	0.1	0	1.8	3.9	0.8	1.8	0
14.09.1992	0.1	0	0	0.3	1.2	0	0	1.2	0
15.09.1992	1.8	1.3	2.2	1.9	0.6	1.3	1.9	0.6	2.7
16.09.1992	2.8	2.2	3.4	4	3.4	2.8	3.5	3.4	3.5
17.09.1992	3.5	6.4	10.2	5.8	8.8	7.9	6.8	8.8	11.9
18.09.1992	0	0	0	0	0	0	0	0	0
19.09.1992	0.1	0	0	0.5	0.4	0	0	0.4	0
20.09.1992	0	0	0	0	0	0	0	0	0.5
21.09.1992	2	3.6	3.7	1.7	1.8	2.9	4.2	1.8	3.7
22.09.1992	3.2	1.4	1.9	2.5	3.9	1.9	2	3.9	1.8
23.09.1992	17.6	12	12.5	10.9	12.6	11.3	13	12.6	10.4
24.09.1992	4.4	4.5	5.3	3.6	5	3.9	5.7	5	4.5
25.09.1992	2.6	3.7	4.4	1.9	3.6	3.4	5.1	3.6	4.2
26.09.1992	11.4	9.8	9	10.4	10.4	7.8	8.9	10.4	9.3
27.09.1992	0.7	1.5	1.2	1.9	0.2	1.3	0.3	0.2	1.3
28.09.1992	0.2	0	0	0.1	0.2	0	0	0.2	0
29.09.1992	0.9	0	0	0.1	0	0	0.1	0	0.1
30.09.1992	0.1	0	0	0	0	0	0	0	0
01.10.1992	0	0	0	0	0	0	0	0	0
02.10.1992	0.1	0	0	0.1	0.2	0	0	0.2	0.1
03.10.1992	0	0	0	0	0	0	0	0	0
04.10.1992	0.1	0	0	0	0	0	0	0	0
05.10.1992	0.2	0	0	0	0	0	0	0	0
06.10.1992	0.1	0	0	0	0	0	0	0	0
07.10.1992	0	0	0	0	0	0	0	0	0
08.10.1992	11.4	9.9	11.4	11.3	16.5	10.9	8.5	16.5	10.4
09.10.1992	54.5	59.6	54	55.6	58.7	51.6	45.2	58.7	51.7
10.10.1992	8.5	8.6	10.7	8.4	11.4	7.2	6.4	11.4	9.3
11.10.1992	6.5	9.2	5.2	5.2	10.7	12.1	15.4	10.7	5.4
12.10.1992	0.1	0.1	1.7	0.3	0.9	1.8	0.1	0.9	1.7
13.10.1992	5.7	0	0	3	0.3	0	0	0.3	0.6
14.10.1992	0.1	2.5	7.2	13.3	4.2	2.7	0.1	4.2	8.6
15.10.1992	0	0	0	0	0	0	0	0	0
16.10.1992	0	0	0	0	0	0	0	0	0
17.10.1992	0	0	0	0	0	0	0	0	0
18.10.1992	0	0	0	0	0	0	0	0	0
19.10.1992	0	0	0	0	0	0	0	0	0
20.10.1992	0	0	0	0	0	0	0	0	0
21.10.1992	0	0	0	0	0	0	0	0	0
22.10.1992	0	0	0	0	0	0	0	0	0
23.10.1992	0	0	0	0	0	0	0	0	0
24.10.1992	0	0	0	0	0	0	0	0	0
25.10.1992	0	0	0	0	0	0	0	0	0
26.10.1992	0	0	0	0	0	0	0	0	0
27.10.1992	0	0	0	0	0	0	0	0	0
28.10.1992	0	0	0	0	0	0	0	0	0
29.10.1992	0	0	0	0	0	0	0	0	0
30.10.1992	0	0	0	0	0	0	0	0	0
31.10.1992	0.5	0.1	1.3	2.4	2.3	0.1	0.1	2.3	0.8
01.11.1992	0.9	0	0	0	0	0	0.2	0	0
02.11.1992	9.7	0.6	4.7	6.7	1.4	0.1	0.2	1.4	3.6
03.11.1992	13.6	12.5	11.3	11	14.6	11.3	10	14.6	10.4
04.11.1992	11.4	6.9	9	11.7	8.2	7.4	5.3	8.2	8.2
05.11.1992	3.9	4.7	2.2	3.9	6.8	4.9	4.1	6.8	3.1
06.11.1992	12.2	10.1	13.6	15.9	16.6	12.4	14.1	16.6	15.5
07.11.1992	39.5	28.8	29.9	31.4	31.7	21.2	20.8	31.7	32.8
08.11.1992	2.6	3.5	2.4	2.7	2.5	3.7	3.9	2.5	2.6
09.11.1992	0	0	0	0.1	0	0	0	0	0
10.11.1992	0	0	0	0	0.9	0	0	0.9	0
11.11.1992	10.5	6.6	8.3	10.8	9.3	8	9.2	9.3	9.3
12.11.1992	0	0	0	0	0	0	0	0	0
13.11.1992	2.9	0.1	1	11.5	5.2	1.9	0	5.2	5.9
14.11.1992	35	21.3	28.3	30.6	31.5	25.5	15.8	31.5	25.7
15.11.1992	0.4	6	0	0	0	1.8	0.3	0	0
16.11.1992	0	0	0	0	0	0	0	0	0
17.11.1992	0	0	0	0	0	0	0	0	0
18.11.1992	0	0	0	0	0	0	0	0	0
19.11.1992	0	0	0	0	0	0	0	0	0
20.11.1992	0.4	2.3	3.9	6.1	1.6	3	0.1	1.6	0.8
21.11.1992	2.5	1.3	2.2	2.4	2.5	1.3	1.2	2.5	1.9
22.11.1992	0	0	0	0	0	0	0	0	0
23.11.1992	0	0	0	0	0	0	0	0	0
24.11.1992	7.3	9.2	9.2	8	8.9	7.6	10.4	8.9	8.2
25.11.1992	4.8	3.8	6.9	7.8	3.1	4	4.5	3.1	7.6
26.11.1992	0.4	0	0	6.9	0.5	0	0	0.5	2.6
27.11.1992	4.8	11.7	7.5	4.2	6.8	8.7	9.4	6.8	5.7
28.11.1992	6	5.4	7.2	6.9	7.6	5.7	6.8	7.6	7.5
29.11.1992	0.4	2.2	1.9	2	0.6	1.8	0.1	0.6	0.2
30.11.1992	1.2	0	0	0.3	0	0	0	0	0
01.12.1992	14.2	11.6	14.5	12.8	9.7	8.7	8	9.7	11.2
02.12.1992	26.4	13.9	20.1	22.3	19.6	15.3	20.7	19.6	20.6
03.12.1992	17.4	11.6	15.1	12	14	12.3	14.6	14	13.6
04.12.1992	6.1	7.9	4.3	1.9	5.8	8.8	5.3	5.8	2.2
05.12.1992	0	0	0	0	0	0	0	0	0
06.12.1992	2	0	0	0.6	0	0	0	0	0
07.12.1992	1.8	0	0	2.3	0	0	0.1	0	0.1
08.12.1992	0	0	0	0	0	0	0	0	0
09.12.1992	0.4	0	0	0	0	0	0	0	0
10.12.1992	0	0	0	0	0.1	0	2	0.1	0
11.12.1992	37	15.6	22.7	25.3	21.3	17.8	17.8	21.3	23.1
12.12.1992	24.4	17.5	21.5	23.6	19.4	15.7	15.3	19.4	22.3
13.12.1992	20.8	19.6	19.2	16.5	25.6	17.7	14.2	25.6	20.6
14.12.1992	10.9	9	10.1	10.1	13.7	8.1	9.2	13.7	9.5
15.12.1992	47.6	32.1	44.3	45.2	40.9	30.8	29.2	40.9	47.5
16.12.1992	22.7	22.2	24.3	20.2	19.9	20.8	22	19.9	23
17.12.1992	17	14.3	13.4	17.1	15.6	13	11.4	15.6	14
18.12.1992	3.5	1.2	2.4	2.3	0.9	0.7	1.2	0.9	2
19.12.1992	14	8.9	10.9	14.7	11.5	11.9	10.1	11.5	11.8
20.12.1992	10.1	5	8.1	8.1	8.4	7.4	2.8	8.4	6
21.12.1992	0	0	0	0	0	0	0	0	0
22.12.1992	0	0	0	0	0	0	0	0	0
23.12.1992	0.1	0	0	0	0	0	0	0	0
24.12.1992	0.1	0	0	0.1	0	0	0	0	0
25.12.1992	6.2	13	8.8	2.7	8.4	11.7	12.2	8.4	6.5
26.12.1992	11	2.7	7.5	9.7	3.8	4.9	1.9	3.8	7.5
27.12.1992	0	2.1	8	2.4	7.3	3.1	4	7.3	3.5
28.12.1992	0	0.1	0	0	0	0.1	0	0	0
29.12.1992	4.3	0.9	2.8	2.7	4.2	5.1	5.5	4.2	3
30.12.1992	0	0	0	0.4	0	0	0	0	0
31.12.1992	0.1	0	0	0	0	0	0	0	0
01.01.1993	4.9	0	0	0.1	0	0	0.1	0	0
02.01.1993	0	0	0	0.9	0.8	0	0	0.8	0
03.01.1993	1.6	12.1	5.4	0.3	7.4	11.6	10.7	7.4	3.8
04.01.1993	0	0	0	0	0	0	0	0	0
05.01.1993	0	0	0	0	0	0	0	0	0
06.01.1993	33	18.4	25.4	24.7	22.9	18.6	21.4	22.9	25.8
07.01.1993	8.5	12.6	10.3	7.1	7.2	11.5	10.2	7.2	8.7
08.01.1993	11.6	1.3	4.5	8.3	4.2	3.6	0.8	4.2	4.8
09.01.1993	15.9	12.1	12.7	11.5	8.1	9.7	12.3	8.1	10
10.01.1993	16.5	15.3	14.6	12.8	14.2	12.5	11	14.2	12.1
11.01.1993	19.1	13.7	12.9	15.7	14.6	10.7	11	14.6	14.2
12.01.1993	12.1	13.3	11.6	10.5	12.8	9.5	10.5	12.8	13.2
13.01.1993	31.8	21.7	29.4	31.3	25.3	20.2	19.4	25.3	29.9
14.01.1993	23.1	11.3	15.2	17.1	18.8	11.1	13	18.8	16.1
15.01.1993	6.8	3.5	8.6	6	4.8	7.8	10	4.8	9.3
16.01.1993	31.7	27	28.5	29.7	27.9	24.6	24.8	27.9	26.6
17.01.1993	18.6	15.7	18.3	16.8	18.8	15.2	17.9	18.8	18.7
18.01.1993	41.2	29.4	31	31.4	26.9	30	29.5	26.9	30.9
19.01.1993	16.8	13.9	15.8	14.3	11.5	14	9.8	11.5	11.9
20.01.1993	0.8	0	0	0	0	0	0	0	0
21.01.1993	31.3	16.7	20.9	21.5	16.3	17	17.1	16.3	19.7
22.01.1993	22.8	19.4	20.2	17.3	17.6	17.3	17.9	17.6	19.7
23.01.1993	17.2	14	13.9	16.7	19	10.3	0.8	19	10.7
24.01.1993	1.2	0	0	2.3	0	0	1.6	0	1.1
25.01.1993	7.1	3	4.7	6.3	9.9	7	4.8	9.9	4.8
26.01.1993	10.4	0.4	6.5	8.2	10	7.1	1.4	10	4.8
27.01.1993	15.5	22.7	17.3	17	25.8	20	14.2	25.8	15.3
28.01.1993	0.1	0.1	0	0	0	0.3	0	0	0
29.01.1993	0	0	0	0	0	0	0	0	0
30.01.1993	0	0	0	0	0	0	0	0	0
31.01.1993	7.7	9.1	7.4	3.6	9.6	10	12.4	9.6	7.7
01.02.1993	3.6	13.5	7.2	1.5	6.1	9.3	0.8	6.1	6
02.02.1993	0	0	0	0	0	0	0	0	0
03.02.1993	11.8	8.7	10.7	10.9	11.7	9.9	11.5	11.7	11.1
04.02.1993	55.4	66.9	49.9	35.7	58.9	49.6	51.9	58.9	48.1
05.02.1993	14.6	17.9	15.3	11.8	15.1	16.2	13.5	15.1	11.7
06.02.1993	1.4	3.2	3.2	2.2	1.2	2.6	1.3	1.2	1.6
07.02.1993	0	0.1	0	0	0	0.1	0	0	0
08.02.1993	6.9	3.5	4.6	5.2	8.4	5.9	6.3	8.4	6.2
09.02.1993	0.6	0	0	1.7	0.6	0	0	0.6	0
10.02.1993	0.1	0	0	0.9	1.4	0	0	1.4	0
11.02.1993	0.2	0.3	0	0.4	0.8	0.3	0	0.8	0.2
12.02.1993	0	0	0	0	0.6	0	0	0.6	0
13.02.1993	0	0	0	0	0.2	0	0	0.2	0
14.02.1993	0	0	0	0	0	0	0	0	0
15.02.1993	14.2	0.8	6	9.8	8.7	4.8	3.5	8.7	7.5
16.02.1993	10.7	8	8.8	9.2	9.6	9	7.4	9.6	7.7
17.02.1993	16.9	8.1	13.3	21.1	15.1	9.3	2.7	15.1	14.4
18.02.1993	0.2	0.4	1.1	2.1	1.6	0.5	0.1	1.6	0.3
19.02.1993	18.7	12.6	14.8	14.5	15.6	12.1	13.2	15.6	14.8
20.02.1993	3.1	8	6.7	5.1	8.8	4	2.7	8.8	5.1
21.02.1993	17.6	10.4	14.6	17.6	21.4	11.5	10.3	21.4	15.8
22.02.1993	5.3	13.4	8.3	8.8	16.7	10.6	0.1	16.7	6.6
23.02.1993	0.1	0.1	0.2	0.9	0.7	0.1	0.6	0.7	0.5
24.02.1993	0	0	0	0	0	0	0	0	0
25.02.1993	0	0	0	0	0	0	0	0	0
26.02.1993	9.1	9	7.6	8.9	10.8	10.9	11.5	10.8	7.2
27.02.1993	3.2	4.4	4.9	2	3.8	3.5	1	3.8	3.2
28.02.1993	3.6	0.5	0.8	7.5	4.2	4.7	0	4.2	5.6
01.03.1993	0	0	0	0	0	0	0	0	0
02.03.1993	0	0	0	0	0	0	0	0	0
03.03.1993	0	0	0	0	0	0	0	0	0
04.03.1993	0	0	0	0	0	0	0	0	0
05.03.1993	9	3.8	4.4	6.7	6.2	4.9	5.9	6.2	4.6
06.03.1993	3.1	1.4	4.3	7.9	5.2	3.6	1.1	5.2	5.2
07.03.1993	2.3	0.4	3.5	3.8	1.5	1.7	0.1	1.5	2.1
08.03.1993	0	0	0	0	0	0	0	0	0
09.03.1993	12.6	13	12.5	7.2	14.1	14	18.7	14.1	13.3
10.03.1993	3	2.7	2.1	2.2	2.6	4.2	5.1	2.6	1.6
11.03.1993	0.1	0	0	0	0	0	0	0	0
12.03.1993	0	0	0	1.2	1.2	0	0	1.2	0
13.03.1993	1.6	1.4	2.8	1.9	3.7	3	0.1	3.7	2.2
14.03.1993	0	0	0	0	0	0	0.1	0	0
15.03.1993	0	0	0	0	0	0	0	0	0
16.03.1993	19.8	11.3	11.6	10.8	17.7	13.5	14	17.7	12.5
17.03.1993	18.1	9	13.7	14.7	12	7.4	5.7	12	12.4
18.03.1993	6.6	8.8	7.9	4	5.6	10.2	8.9	5.6	4.6
19.03.1993	18.6	18.5	20.9	19	25.8	18.5	16.8	25.8	19.7
20.03.1993	11.2	14.4	13.9	12.3	17.4	14	10.7	17.4	11.9
21.03.1993	47.6	12.7	35.4	44.3	31.9	17.8	8.8	31.9	35.1
22.03.1993	8.4	7.3	5.7	4	6.3	7.3	8.8	6.3	5.8
23.03.1993	5.7	4.8	4.8	3.9	5	5.3	6.3	5	5.2
24.03.1993	15.5	9.9	9	9.3	17.5	10.5	8.9	17.5	10.6
25.03.1993	35.2	20.7	28.4	29.8	32.3	20.5	16.6	32.3	31
26.03.1993	1.8	7	3.8	1.5	4.2	4.7	3.7	4.2	1.9
27.03.1993	0	0	0	0	0	0	0	0	0
28.03.1993	0	0	0	0	0	0	0	0	0
29.03.1993	0	0	0	0	0	0	0	0	0
30.03.1993	0	0	0	0	0	0	0	0	0
31.03.1993	0	0	0	0	0	0	0	0	0
01.04.1993	0.9	0	0.7	2.4	0.2	0	0.1	0.2	1.9
02.04.1993	0	0	0	0	0	0	0	0	0
03.04.1993	0	0.2	0.9	1.1	2.2	0.9	0	2.2	1
04.04.1993	0	0	0	0	0	0	0	0	0
05.04.1993	0	0	0	0	0	0	0	0	0
06.04.1993	0	0	0	0	0	0	0	0	0
07.04.1993	0	0	0	0	0	0	0	0	0
08.04.1993	0	0	0	0	0	0	0	0	0
09.04.1993	0	0	0	0	0	0	0	0	0
10.04.1993	0	0	0	0	0	0	0	0	0
11.04.1993	0	0	0	0	0	0	0	0	0
12.04.1993	0	0	0	0	0	0	0	0	0
13.04.1993	0	0	0	0	0	0	0	0	0
14.04.1993	0	0	0	0	0	0	0	0	0
15.04.1993	0	0	0	0	0	0	0	0	0
16.04.1993	0	0	0	0	0	0	0	0	0
17.04.1993	7.4	10.7	8.5	4.9	8.5	10.8	9.6	8.5	8.2
18.04.1993	10.2	4.7	6.4	7.4	7.9	5	7	7.9	6.4
19.04.1993	16.1	18.1	12.1	12.2	17.4	13.7	12.6	17.4	11.6
20.04.1993	0.9	0.1	0	0	0	0.2	0	0	0
21.04.1993	6.4	8.3	6.3	2.4	6.4	7.8	7.2	6.4	4.3
22.04.1993	0.9	1.7	1.6	1.4	0.7	2.4	0.8	0.7	0.7
23.04.1993	1.4	6.1	4.5	0.3	4.4	7.5	8.3	4.4	3.8
24.04.1993	0	0	0	0	0	0	0	0	0
25.04.1993	7.9	3.7	5.3	7	8.4	4.2	3.3	8.4	5
26.04.1993	0	1.8	2.8	1.5	4.4	2.8	0.1	4.4	3.8
27.04.1993	0	0	0	0	0	0	0	0	0
28.04.1993	0	0.9	0	0	0	0.8	0	0	0
29.04.1993	0	0	0	0	0	0	0	0	0
30.04.1993	0	0	0	0	0	0	0	0	0
01.05.1993	0.3	0.2	0	0.1	0	0.1	0	0	0.1
02.05.1993	0.1	0.1	0.3	1	0.5	0.4	0.1	0.5	0.3
03.05.1993	10.3	7.4	8	10.2	8.5	7.3	6.8	8.5	8.2
04.05.1993	2	6	3	1.6	2.6	4.1	3.3	2.6	2.3
05.05.1993	0	0	0	0	0	0	0	0	0
06.05.1993	0	0	0	0	0	0	0	0	0
07.05.1993	0	0	0	0	0	0	0	0	0
08.05.1993	7	4.8	8.8	12.9	2	2.6	3.5	2	4.4
09.05.1993	0.1	0.1	0.1	0	0	0.1	0	0	0
10.05.1993	0.1	0	0	0	0	0	0	0	0
11.05.1993	0	0	0	0	0	0	0	0	0
12.05.1993	0	0	0	0	0	0	0	0	0
13.05.1993	6.2	15.8	12.1	9.7	10.2	12.6	9.6	10.2	11
14.05.1993	3	6.9	6.2	3.5	4.5	4.3	4.4	4.5	5.4
15.05.1993	0	0	0	0	0	0	0	0	0
16.05.1993	4.1	4.2	5.4	3.3	4.8	5.1	5.8	4.8	5.9
17.05.1993	0.3	3.9	4.2	1.6	4.1	2.5	4	4.1	2.8
18.05.1993	12	0	0.1	4.6	6.7	0	0.2	6.7	5.8
19.05.1993	0	0	0	0	0	0	0	0	0
20.05.1993	0	0	0	0	0	0	0	0	0
21.05.1993	0	0	0	0	0	0	0	0	0
22.05.1993	0	0	0	0	0	0	0	0	0
23.05.1993	0	0	0	0	0	0	0	0	0
24.05.1993	6.3	2.2	3	4.6	3.9	2.3	2	3.9	3.6
25.05.1993	2.2	6.3	7	2.9	0	0.4	0.1	0	7.7
26.05.1993	0	0	0	0	0	0	0	0	0
27.05.1993	0	0	0	0	0	0	0	0	0
28.05.1993	0	0	0	0	0	0	0	0	0
29.05.1993	0.9	0.5	0.5	3.2	2.6	2.3	0	2.6	1.5
30.05.1993	0.4	1	0.5	2.3	0	0.5	0	0	1.7
31.05.1993	0.8	0.1	0.4	2.7	0.6	1.4	0	0.6	1.3
01.06.1993	6.4	4.3	5.3	6.8	4.9	3.9	4.2	4.9	6.3
02.06.1993	0.8	1.2	1.1	1.1	0.4	1.6	1.7	0.4	1.6
03.06.1993	0.6	3.8	3.5	0.1	2.1	4.9	0.1	2.1	3
04.06.1993	0	0	0	0	0	0	0	0	0
05.06.1993	2.1	2.3	3.1	2.9	3.3	2.6	1.9	3.3	3
06.06.1993	9.3	6.6	6.5	8.3	8.8	7.1	8.9	8.8	8.1
07.06.1993	2.9	0.5	0.7	4.1	2.3	2.3	0.1	2.3	1.9
08.06.1993	0	0	0	0	0	0	0	0	0
09.06.1993	0	0	0	0	0	0	0	0	0
10.06.1993	0	0	0	0	0	0	0	0	0
11.06.1993	0	0	0	0	0	0	0	0	0
12.06.1993	0	0	0	0	0	0	0	0	0
13.06.1993	0	0	0	0	0	0	0	0	0
14.06.1993	0	0	0	0	0	0	0	0	0
15.06.1993	0	0.1	0	0	0.1	2.4	0	0.1	0
16.06.1993	0.6	2.2	0	0	3.9	5.4	0	3.9	0
17.06.1993	5.3	0.6	3.1	7	3.9	2	0.4	3.9	4.5
18.06.1993	4.2	0.1	4.1	1.9	4.6	10.1	0.3	4.6	6.6
19.06.1993	0	0.2	0	0	0.2	0.3	0	0.2	0
20.06.1993	0	0.1	0	0	0	0.1	0	0	0
21.06.1993	4.2	7.5	7.2	4.6	6.8	7.9	8.3	6.8	7
22.06.1993	0.8	3	2.3	0.1	1	2.2	0.2	1	2.2
23.06.1993	0	0	0	0	0	0	0	0	0
24.06.1993	0	0	0	0	0	0	0	0	0
25.06.1993	1.5	2.6	3.9	4.6	0.5	0.9	0.3	0.5	2.4
26.06.1993	0.1	2.1	1.4	1.8	2.3	1	0.1	2.3	0.6
27.06.1993	1.4	0	0.1	0.7	1.2	0	0.1	1.2	1.2
28.06.1993	0	0	0	0	0	0	0	0	0
29.06.1993	0	0	0	0	0	0	0	0	0
30.06.1993	0	0	0	0	0	0	0	0	0
01.07.1993	0	0	0	0	0	0	0	0	0
02.07.1993	0	0	0	0	0	0	0	0	0
03.07.1993	3.8	3.9	3	1.7	5.7	4.6	4.7	5.7	3.4
04.07.1993	6.8	4.1	5.5	5.9	7.5	4.8	5	7.5	6.6
05.07.1993	18.9	13.2	16.7	20.4	19.6	12.2	11.4	19.6	21.7
06.07.1993	13.5	12.1	13	12.9	17.7	15.2	15.7	17.7	14.8
07.07.1993	4.9	4.8	6.8	5	3.2	4.2	3.2	3.2	6.4
08.07.1993	0.4	1.3	1.3	0.5	0.8	1.1	0.1	0.8	1
09.07.1993	2.2	2.5	2	1.2	1.8	2.4	3.2	1.8	1.6
10.07.1993	1.6	3.6	3.8	2.1	4.5	3.3	4.6	4.5	3.8
11.07.1993	0.1	0	0	0.1	0	0	0.5	0	0
12.07.1993	0.1	0	0	0	0	0	0.4	0	0
13.07.1993	13.1	20.3	19.4	13	15.1	19	22.1	15.1	18.2
14.07.1993	0.3	0.8	0.8	0.6	0.4	0.4	0.1	0.4	0.6
15.07.1993	0.1	0.8	0.2	0.1	0.1	0.5	0	0.1	0
16.07.1993	0	0	0	0	0	0	0	0	0
17.07.1993	0	6.1	11.3	0	0	5.6	4.7	0	14.1
18.07.1993	0	0	0	0	0	0	0	0	0
19.07.1993	0	0	0	0	0	0	0	0	0
20.07.1993	4.5	1.3	2.5	2.8	0.8	0.8	0.3	0.8	3.1
21.07.1993	0	0	0	0	0	0	0.1	0	0.1
22.07.1993	3.3	5	4	4.9	4.2	3.2	2.8	4.2	5.2
23.07.1993	10	11	8.9	11.2	9.1	10.5	10.8	9.1	10.8
24.07.1993	3	3.8	2.9	1.5	5.1	3.4	2.3	5.1	2.2
25.07.1993	7.7	12.6	10.1	7.4	5.9	7.4	7.2	5.9	7.8
26.07.1993	2.8	6.2	4.6	2.2	5.7	5.6	7.5	5.7	5.6
27.07.1993	3.2	4.5	3.1	1.2	4	3.6	4.2	4	2.2
28.07.1993	0	0	0	1	0.6	0	0.1	0.6	1.2
29.07.1993	0.1	0.1	0.1	0.2	0	0.1	0	0	0
30.07.1993	0.4	3.7	1.8	0.1	1.9	3.4	2.7	1.9	0.7
31.07.1993	13.6	6	11.7	13.4	12.2	6.4	8.5	12.2	13.1
01.08.1993	2.2	2	0.1	1.5	1.6	2.5	1.7	1.6	0.2
02.08.1993	4.2	2.2	3.2	3.2	4	2.8	3.1	4	3.2
03.08.1993	3.7	0.9	2.8	0	2.6	2.9	2	2.6	0
04.08.1993	14.1	12	13	13.6	13.8	13.1	13.9	13.8	12.5
05.08.1993	2.4	1.7	2.9	3.8	3.3	2.1	1.2	3.3	3.4
06.08.1993	0.1	0.1	0.7	1.4	0.3	0.1	0.1	0.3	0.2
07.08.1993	0	0	0	0	0	0	0	0	0
08.08.1993	0	0	0	0	0	0	0	0	0
09.08.1993	6.2	7	5.9	2.5	8.1	7.5	9.3	8.1	6.5
10.08.1993	0.8	2.1	2.2	1.4	3.1	2	3	3.1	2
11.08.1993	2.8	6.7	9.7	3.9	6.9	6.9	8.2	6.9	9.8
12.08.1993	2.8	10.4	6.5	6.2	5.1	7.1	3.8	5.1	5.8
13.08.1993	1.8	3.6	1.9	3.1	1.5	2.5	2	1.5	1.7
14.08.1993	0.9	0.2	0.1	0.1	0.3	0.1	0.1	0.3	0.1
15.08.1993	0	0	0	0	0	0	0	0	0
16.08.1993	0	1.4	3.2	3.3	4.1	2.1	2.3	4.1	4.3
17.08.1993	6.1	13.2	13.5	4.4	8	11.2	12.9	8	12.7
18.08.1993	2.2	2.8	3.1	1.2	2.2	2.8	5.1	2.2	3.6
19.08.1993	0.1	0	0	0.7	0	0	0	0	0
20.08.1993	0.6	0.3	0.7	1.4	0.9	0.3	0.3	0.9	1.1
21.08.1993	2.4	0.8	2	2.6	2.7	1.9	2.8	2.7	2.5
22.08.1993	0.9	0.1	0	1.4	0	0.1	0	0	0.2
23.08.1993	0.1	3	3.4	1.2	0.4	2.7	3.1	0.4	1.8
24.08.1993	5.5	6.3	7.5	8	6.5	5.6	2.6	6.5	7.2
25.08.1993	0.8	0.2	0.1	0.4	0.5	0.1	0.1	0.5	0.1
26.08.1993	0.1	4.1	2.2	0	0	4.3	0.1	0	0
27.08.1993	0.1	0.2	0	0	0	0.2	0	0	0
28.08.1993	0.1	0	0	0	0	0	0	0	0
29.08.1993	5.2	3.2	4.6	5.9	4.7	3.3	3.7	4.7	5.2
30.08.1993	8.9	6.3	5.9	6.8	5.5	7.5	6.4	5.5	5.4
31.08.1993	0	2.4	3	0.1	0	2.1	2	0	0.7
01.09.1993	0.1	0.1	1.1	1.6	0.4	0.1	0.1	0.4	0.7
02.09.1993	5.4	4.8	4.4	4	7.7	6.2	7.3	7.7	5.6
03.09.1993	1.3	5	4.3	2	2.8	4	4.7	2.8	4.1
04.09.1993	2.5	1.1	4.1	1.4	1.2	5.3	0.1	1.2	3.1
05.09.1993	0.6	3.2	2.5	0.1	0.8	2.6	0.1	0.8	3.1
06.09.1993	4.1	8.4	5	2.6	6.7	7.4	9.5	6.7	6
07.09.1993	3.1	0.4	1.3	2.9	1.8	0.3	0.1	1.8	1.9
08.09.1993	0	0.7	0	0.1	0	3.7	0	0	0
09.09.1993	0	0	0	0	0	0	0	0	0
10.09.1993	0	0	0	0	0	0	0	0	0
11.09.1993	0	0	0	0	0	0	0	0	0
12.09.1993	0	0	0	0	0	0	0	0	0
13.09.1993	0	0	0	0	0	0	0	0	0
14.09.1993	0	0	0	0	0	0	0	0	0
15.09.1993	0	0	0	0	0	0	0	0	0
16.09.1993	0.1	0	0	0	0	0	0	0	0
17.09.1993	0.1	0	0	0	0	0	0	0	0
18.09.1993	0	0	0	0	0	0	0	0	0
19.09.1993	0	0	0	0	0	0	0	0	0
20.09.1993	0	0	0	0	0	0	0	0	0
21.09.1993	1.4	0	0.1	0.4	1.4	0	0.1	1.4	1.7
22.09.1993	16.1	8.8	14	17	18.1	13.1	14.9	18.1	17.5
23.09.1993	15.6	12.6	13.3	14	15.2	13	9.4	15.2	13.3
24.09.1993	0.2	0.1	2.7	0	1	1.7	0	1	2.2
25.09.1993	0	0	0	0	0	0	0	0	0
26.09.1993	0	0	0	0	0	0	0	0	0
27.09.1993	0	0	0	0	0	0	0	0	0
28.09.1993	0	0	0	0	0	0	0	0	0
29.09.1993	0	0	0	0	0	0	0	0	0
30.09.1993	0	0	0	0	0	0	0	0	0
01.10.1993	0	0	0	0	0	0	0	0	0
02.10.1993	0	0	0	0	0	0	0	0	0
03.10.1993	0	0	0	0	0	0	0	0	0
04.10.1993	3.4	0.2	2.8	4.6	1.7	0.5	0.9	1.7	3.1
05.10.1993	3.7	2.7	2.2	2.2	3.8	2.7	2.6	3.8	2.3
06.10.1993	4.5	0.2	2.6	5	1.6	0.9	0.1	1.6	1.5
07.10.1993	0.7	4	2.6	0.8	2.1	3.5	4.8	2.1	2.2
08.10.1993	3.7	3	4.1	4	5.1	4.4	2.9	5.1	3.7
09.10.1993	0.9	0.4	0.9	1.7	0.4	0.3	0.1	0.4	1.1
10.10.1993	0	2.2	1.3	0	0	2.2	2.2	0	0
11.10.1993	3.8	2.3	3.5	3.7	4.9	3.7	3.5	4.9	3.9
12.10.1993	18	9.9	12.2	16.5	16.5	12.1	9.2	16.5	13.3
13.10.1993	6.4	5.9	7	7.4	6.5	6.1	6.2	6.5	7.8
14.10.1993	0.9	0.1	3	2.7	0.7	3.5	0.1	0.7	1
15.10.1993	0	0	0	0	0	0	0	0	0
16.10.1993	0	0	0	0	0	0	0	0	0
17.10.1993	0	0	0	0	0	0	0	0	0
18.10.1993	1.1	6.1	4.3	1.7	3	4.7	3.5	3	2.6
19.10.1993	7	10.2	7.6	5.3	10.6	11.5	17.7	10.6	8.7
20.10.1993	18.7	8.3	13.5	15.2	14	12	13.6	14	15
21.10.1993	1	2.3	2.1	2.7	2.7	2.4	2.9	2.7	3.1
22.10.1993	0	0	0	0	0	0	0	0	0
23.10.1993	0.8	0.8	1.4	1.4	2.5	2	0	2.5	2.3
24.10.1993	4.6	1.6	5.3	4.7	7.5	2.8	2.2	7.5	5.1
25.10.1993	6.8	0.1	6.2	10.8	4.4	0.2	0.1	4.4	2.9
26.10.1993	6.8	4.3	6	5.2	8.3	7.5	8.2	8.3	5
27.10.1993	3.3	2.8	2.3	3.9	6.9	7.4	7.1	6.9	2.5
28.10.1993	3.1	0.1	0.5	1.8	1.8	1.4	0	1.8	1.5
29.10.1993	0.2	0	0	0	0	0	0	0	0
30.10.1993	0.3	0	0	0.7	0.2	0	0	0.2	0
31.10.1993	1.1	0.1	0.8	2	0.8	0.9	0.1	0.8	0.5
01.11.1993	0	0	0	0	0	0	0	0	0
02.11.1993	0	0	0	0	0	0	0	0	0
03.11.1993	0.1	0	0	0	0	0	0	0	0
04.11.1993	0	0	0	0	0	0	0	0	0
05.11.1993	0	0	0	0	0	0	0	0	0
06.11.1993	0.4	0	0	0	0	0	0	0	0
07.11.1993	0	0	0	0	0	0	0	0	0
08.11.1993	0	0	0	0	0	0	0	0	0
09.11.1993	0	0	0	0	0	0	0	0	0
10.11.1993	2	0	0	4.2	0.6	0	0.7	0.6	1.7
11.11.1993	1	0	0	1	0	0	0	0	0
12.11.1993	0.1	0	0	0	0	0	0	0	0
13.11.1993	0.7	0	0	5	2	0	0	2	2
14.11.1993	0	6.1	7.7	2.8	9.8	6.3	4	9.8	3
15.11.1993	1	0.1	1.1	1	0	1.6	1.3	0	0.6
16.11.1993	0	0	0	0	0	0	0	0	0
17.11.1993	0.1	0	0	0.1	0	0	0	0	0
18.11.1993	0	0	0	0	0	0	0	0	0
19.11.1993	0	0	0	0	0	0	0	0	0
20.11.1993	0	0	0	0	0	0	0	0	0
21.11.1993	0	0	0	0	0	0	0	0	0
22.11.1993	0	0	0	0	0	0	0	0	0
23.11.1993	0	0	0	0	0	0	0	0	0
24.11.1993	0	0	0	0.1	0.2	0	0	0.2	0
25.11.1993	0	0	0	0	0	0	0	0	0
26.11.1993	0.1	1.2	0.1	0.3	0.8	0.2	0.1	0.8	0.2
27.11.1993	4.9	2.9	3.3	3.8	4.7	2.9	3.2	4.7	4.3
28.11.1993	0	0	0	0	0	0	0	0	0
29.11.1993	0	0	0	0	0	0	0	0	0
30.11.1993	0	0	0	0	0	0	0	0	0
01.12.1993	0	0	0	0	0	0	0	0	0
02.12.1993	0	0	0	0	0	0	0	0	0
03.12.1993	16.8	6.3	8.6	12.8	13.8	11.4	11.3	13.8	9.9
04.12.1993	18.4	4.3	10.6	13.3	16	7.1	7.4	16	10.8
05.12.1993	19.2	15.6	18.9	18	15.8	13.8	12.4	15.8	17.8
06.12.1993	14.9	17.1	15.1	15.2	15.8	14.8	9.4	15.8	12.8
07.12.1993	16	8.9	11.1	10.6	11.6	9.1	11.5	11.6	11.6
08.12.1993	0.1	0.1	1.1	0	0	1	0.1	0	0
09.12.1993	0	0	0	0	0	0	0	0	0
10.12.1993	0	0	0	0	0	0	0	0	0
11.12.1993	1.4	1.9	1.9	1	0	1.8	0.1	0	2.3
12.12.1993	25	23.5	25.6	25.8	36.5	22.7	18.3	36.5	27.6
13.12.1993	0	2.8	3.3	0	1	3.6	0.8	1	0
14.12.1993	3	0.3	0.5	3.1	2.7	2.1	1.6	2.7	1.7
15.12.1993	0.6	0	0	1	0	0	0	0	0
16.12.1993	0	0	0	0	0	0	0	0	0
17.12.1993	0	0	0	0	0	0	0	0	0
18.12.1993	0	0	0	0	0	0	0	0	0
19.12.1993	63.3	17.1	30	37.7	34.3	22.5	21.2	34.3	29.6
20.12.1993	15.2	10.6	11	11.9	12.5	10.9	9.1	12.5	12
21.12.1993	20.8	16.7	17.8	22.1	22.9	14.8	12	22.9	18.6
22.12.1993	3.4	1.8	3	4.4	2.1	1.4	0.3	2.1	2.4
23.12.1993	2.2	0	0	0.6	0	0	0	0	0
24.12.1993	0	0	0	0	0	0	0	0	0
25.12.1993	0	0	0	0	0	0	0	0	0
26.12.1993	0	0	0	0	0	0	0	0	0
27.12.1993	0	0	0	0	0	0	0	0	0
28.12.1993	0	0	0	0	0	0	0	0	0
29.12.1993	0	0	0	0	0	0	0	0	0
30.12.1993	0	0	0	0	0	0	0	0	0
31.12.1993	0.5	0	0	0.2	0	0	1.3	0	0
01.01.1994	11.9	15.4	11.6	15.4	19.9	11.9	9.2	19.9	13.3
02.01.1994	2.5	2.5	0.2	0.4	1.3	1.9	2.5	1.3	0.1
03.01.1994	0	0	0	0	0	0	0	0	0
04.01.1994	0	0	0	0	0	0	0	0	0
05.01.1994	0	0	0	0	0	0	0	0	0
06.01.1994	0	0	0	0	0	0	0	0	0
07.01.1994	0	0	0	0	0	0	0	0	0
08.01.1994	5.3	2.7	2.7	3.2	0.9	1.6	1.8	0.9	2.2
09.01.1994	0.1	0	0	0	0	0	0	0	0
10.01.1994	0	0	0	0	0	0	0	0	0
11.01.1994	0	0	0	0	0	0	0	0	0
12.01.1994	0	0	0	0	0	0	0	0	0
13.01.1994	0.1	0	0	4.7	0.6	0	0	0.6	3
14.01.1994	24	37.8	28.8	17.7	26.1	27.5	30.1	26.1	25.3
15.01.1994	3.4	7.7	5.7	6.1	4.5	6.1	6.6	4.5	2.5
16.01.1994	0.7	0.1	0	0	0	2.7	0	0	0
17.01.1994	6.6	5.1	0.6	5.9	6.7	0.1	0.1	6.7	2.2
18.01.1994	1.1	0	0	0	1.4	0	0	1.4	0
19.01.1994	5.2	9.6	9.5	6	8.3	7.6	7	8.3	7.2
20.01.1994	18	9.1	9.3	12.6	17.2	10.5	11.3	17.2	11.6
21.01.1994	57.6	26.4	33.4	39	35.6	25.8	27.6	35.6	37.1
22.01.1994	20.3	28.2	21.2	16.8	15.6	22	20.2	15.6	15
23.01.1994	11.6	18.6	13.8	10	14.4	13.6	14.9	14.4	12.5
24.01.1994	20	10.5	13.3	18.4	13.7	14.1	16.3	13.7	16.1
25.01.1994	13.8	8.8	16.1	17.8	10.9	8	5.9	10.9	20.4
26.01.1994	1.5	0	0.1	1.8	0.4	0	0.1	0.4	0.2
27.01.1994	1.3	3.1	3	2.6	2.7	2.5	2.6	2.7	2.5
28.01.1994	4.1	0	0.2	5.2	3	0	0.2	3	3.5
29.01.1994	0.2	1.4	1.9	0.2	0	0.8	0.1	0	2.1
30.01.1994	11.8	0	0.3	12	16.7	0	0.5	16.7	13.2
31.01.1994	29.4	19.5	21.8	25.5	28.5	20.7	20.4	28.5	24.4
01.02.1994	1.5	0	0	0	0.8	0	0	0.8	0
02.02.1994	0	0	0	0	0	0	0	0	0
03.02.1994	1.1	0	0.4	3.6	3.6	0	0.1	3.6	2.2
04.02.1994	0.1	0.1	0	0	0	0.1	0	0	0
05.02.1994	0	0	0	0	0	0	0	0	0
06.02.1994	0	0	0	0	0	0	0	0	0
07.02.1994	0.1	0	0	0	0	0	0.2	0	0
08.02.1994	0	0	0	0	0	0	0	0	0
09.02.1994	0	0	0	0	0	0	0	0	0
10.02.1994	0	0	0	0	0	0	0	0	0
11.02.1994	0	0	0	0	0	0	0	0	0
12.02.1994	0	0	0	0	0	0	0	0	0
13.02.1994	0	0	0	0	0	0	0	0	0
14.02.1994	0	0	0	0	0	0	0	0	0
15.02.1994	0	0	0	0	0	0	0	0	0
16.02.1994	0	0	0	0	0	0	0	0	0
17.02.1994	1.2	0	0	0	0	0	0	0	0
18.02.1994	0	0	0	0	0	0	0	0	0
19.02.1994	0	0	0	0	0	0	0	0	0
20.02.1994	0	0	0	0	0	0	0	0	0
21.02.1994	0	0	0	0	0	0	0	0	0
22.02.1994	0	0	0	0	0	0	0	0	0
23.02.1994	0	0	0	0	0	0	0	0	0
24.02.1994	0	0	0	0	0	0	0	0	0
25.02.1994	1.3	5.7	4.5	2	3.2	4	0.2	3.2	4.1
26.02.1994	0	0	0	0	0	0	0	0	0
27.02.1994	0	0	0	0	0	0	0	0	0
28.02.1994	0	0	0	0	0	0	0	0	0
01.03.1994	0	0	0	0	0	0	0	0	0
02.03.1994	0	0	0	0	0	0	0	0	0
03.03.1994	0	0	0	0	0	0	0	0	0
04.03.1994	3.5	7	9.3	7.4	5.3	6.3	6.6	5.3	5.2
05.03.1994	6.9	5.1	4.8	2.7	10.1	12.5	12.4	10.1	6.6
06.03.1994	22.5	14.4	18	18.4	20.9	14.6	19.2	20.9	18.3
07.03.1994	18.3	9	15.4	18.2	13.3	8.4	6.5	13.3	16
08.03.1994	9.6	5.8	8.9	9.6	7.3	5.5	4.6	7.3	8.9
09.03.1994	13.6	15.1	15	13.7	16.5	12.1	15.8	16.5	14.2
10.03.1994	42	14	22.6	29.7	21.9	17.9	18.2	21.9	25.3
11.03.1994	25.8	22	21.4	13.2	17.3	18.5	18.6	17.3	17.1
12.03.1994	6.6	3.7	6.8	14.1	8	4	2.3	8	6.1
13.03.1994	23.7	11	13.8	11.6	18.9	14.2	19.5	18.9	14.5
14.03.1994	1.6	2	3	2.8	2.9	2.6	2.5	2.9	3.5
15.03.1994	7	9	7.8	8.5	10	8.7	6.7	10	6.5
16.03.1994	10.4	10.3	14	14.8	16.9	13.4	13.2	16.9	15.3
17.03.1994	4.6	0.1	1.4	4.2	2.8	2.2	0.1	2.8	3.1
18.03.1994	9.6	13.5	14.3	15.2	10.9	12.8	10.3	10.9	5.7
19.03.1994	0.2	0	0	0	0	0	0	0	0
20.03.1994	2	0	0	0.4	0	0	0	0	0
21.03.1994	0	0.8	3.8	3.7	3.1	0.6	0.1	3.1	4.7
22.03.1994	0.3	0.1	0	0.8	0.3	0.6	0	0.3	0
23.03.1994	14.3	8	9.3	8.3	9.4	8.1	12.8	9.4	8.1
24.03.1994	8.2	5.3	6	7.8	7.8	7	7.1	7.8	5.9
25.03.1994	2	0	0	1.3	2.2	0	0	2.2	0.1
26.03.1994	4	0.2	5.2	7.2	2.4	1.8	0.6	2.4	3.1
27.03.1994	6.6	9.6	6.9	3.8	6.5	6.7	9.6	6.5	5.2
28.03.1994	0	0	0	0	0	0	0	0	0
29.03.1994	0.9	0	2.6	0.3	2.5	0	0.2	2.5	4.7
30.03.1994	20.3	13.6	16.6	18.7	17.8	11.7	12.4	17.8	17.6
31.03.1994	0	9.3	10	3.9	8.4	7.4	5.9	8.4	7.9
01.04.1994	0.2	1.2	1.7	1	1.7	0.9	1.7	1.7	1.5
02.04.1994	2.1	0.3	1.3	4.4	0.6	0.2	0.3	0.6	1.4
03.04.1994	2	3.6	1.8	0.7	3.2	4.2	3.9	3.2	2.1
04.04.1994	0	0	0	0	0	0	0	0	0
05.04.1994	3.4	3	6	3.2	4	2	3.3	4	5.7
06.04.1994	0	0	0	0.1	0	0	0	0	0
07.04.1994	1.9	0	0.1	0.7	0.3	0	0.1	0.3	0.1
08.04.1994	1.2	0	0	4.4	0.9	0	0	0.9	1.1
09.04.1994	0	0	0	0	0	0	0	0	0
10.04.1994	0	0	0	0	0	0	0	0	0
11.04.1994	0	0	0	0	0	0	0	0	0
12.04.1994	0	0	0	0	0	0	0	0	0
13.04.1994	0.4	2.6	3.6	2.7	2.2	2.8	1.9	2.2	3.3
14.04.1994	1.7	1.5	1.6	5.9	6	4.5	0	6	1.6
15.04.1994	0	0	0	0	0	0	0	0	0
16.04.1994	0.3	0.1	0	0	0	0.1	0	0	0
17.04.1994	1.9	5.9	3	1.7	4.5	4.8	4.8	4.5	1.6
18.04.1994	3.1	3.1	3.9	6.2	3.8	3.7	0	3.8	3.9
19.04.1994	0	0	0	0	0	0	0	0	0
20.04.1994	0.7	1.3	0.6	0.8	1.5	1.6	1.2	1.5	0.7
21.04.1994	2.1	0	0	1.3	0	0	0.8	0	0.1
22.04.1994	3.6	3.2	2.7	2.3	3.5	3.4	3	3.5	3.5
23.04.1994	0	0	0	0	0	0	0.1	0	0.1
24.04.1994	0.1	0	0	0	0	0	0	0	0
25.04.1994	0	0	0	0	0	0	1.1	0	0.4
26.04.1994	0	17	10.8	0.8	13.7	11.5	9.3	13.7	4.3
27.04.1994	2.1	0	0.3	3.8	8.5	0	0.1	8.5	2.2
28.04.1994	27.7	27.8	25.4	15.8	26.6	23.8	21.3	26.6	19.9
29.04.1994	16.5	21.9	17.4	15.3	19.1	13.8	13.4	19.1	17
30.04.1994	13.2	13.7	11	9.5	13.5	11.6	8	13.5	7.3
01.05.1994	0	0.1	0	0	0	0.1	0	0	0
02.05.1994	0	0	0	0	0	0	0	0	0
03.05.1994	0	0	0	0.1	0.2	0	0	0.2	0
04.05.1994	0.9	0	0	0.3	0	0	0	0	0
05.05.1994	0	0	0	0	0	0	0	0	0
06.05.1994	0	0	0	0	0	0	0	0	0
07.05.1994	1.9	0	0	0.3	0	0	0.6	0	0
08.05.1994	11.2	6.3	9.4	8.2	9.9	6.5	8.2	9.9	7.9
09.05.1994	0.1	0	1	5.1	1.5	0	0.3	1.5	0.7
10.05.1994	0	0	0	0	0	0	0	0	0
11.05.1994	0	0	0	0	0	0	0	0	0
12.05.1994	0	0	0	0	0	0	0	0	0
13.05.1994	0	0	0	0	0	0	0	0	0
14.05.1994	0	0	0	0	0	0	0	0	0
15.05.1994	0	0.3	0	0	0	0.1	0	0	0
16.05.1994	0	0	0	0	0	0	0	0	0
17.05.1994	0	0	0	0	0	0	0	0	0
18.05.1994	0	4.3	0	0	0	0.9	0	0	0
19.05.1994	0	0	0	0	0	0	0	0	0
20.05.1994	0	0	0	0	0	0	0	0	0
21.05.1994	0	0	0	0	0	0	0	0	0
22.05.1994	0	0	0	0	0	0	0	0	0
23.05.1994	0	0	0	0	0	0	0	0	0
24.05.1994	0	0	0	0	0	0	0	0	0
25.05.1994	0	0	0	0	0	0	0	0	0
26.05.1994	0	0	0	0	0	0	0	0	0
27.05.1994	0	0	0	0	0	0	0	0	0
28.05.1994	0	0.6	0	0	0	0.6	0	0	0
29.05.1994	1.1	3.2	2.4	2.8	4.3	4.6	0.2	4.3	3.6
30.05.1994	0	0.1	0	0	0	0.1	0	0	0
31.05.1994	7.3	0.9	2.7	3.6	2.9	3	3.9	2.9	3.2
01.06.1994	11.8	10.9	10	7.9	15.5	13	13.9	15.5	10.9
02.06.1994	5.3	3.9	5.1	5.1	5.5	4.3	4.5	5.5	5.4
03.06.1994	1.1	1.5	2.2	1.6	2.2	2.5	3.1	2.2	1
04.06.1994	2.1	1.3	2.4	0.8	1.4	1.2	3.2	1.4	2.6
05.06.1994	5.9	7.6	10	6.9	6	8.9	9	6	9.9
06.06.1994	11	7	10	12.8	10.1	7.9	5.8	10.1	11
07.06.1994	4.9	2.2	3.4	4.3	3.9	3	4.1	3.9	4.1
08.06.1994	11.1	4.3	8.8	8.7	6.8	7.4	6.2	6.8	7.7
09.06.1994	7.5	4.2	4.2	6.8	9.7	5.2	5.2	9.7	6.8
10.06.1994	2.6	3.6	8.2	7.9	4.7	8.2	0.1	4.7	3.1
11.06.1994	0	0.1	0	0.1	0	0.1	0	0	0
12.06.1994	4.3	3.5	10.7	12.2	7.3	5.5	6.9	7.3	7.7
13.06.1994	2.2	1.4	8	7.4	4.6	1.9	1.4	4.6	4.3
14.06.1994	3.7	4.7	3	2.2	4	5.6	7.7	4	3.2
15.06.1994	13.9	13.2	12.3	14.2	15.5	15.3	14.6	15.5	13.6
16.06.1994	2	0.1	3.9	2.7	3.8	5	0.1	3.8	4.3
17.06.1994	2.5	0.5	3.8	3.8	4.5	5	0.1	4.5	5.1
18.06.1994	0.1	0.4	3.5	0	1	1.6	0.1	1	2.6
19.06.1994	4.6	0.7	4.6	3.7	2.4	0.8	0.8	2.4	4.1
20.06.1994	2.9	3.7	0.5	4	7.2	5.7	6.2	7.2	1.9
21.06.1994	1.7	2.6	2	0.7	1.7	2.4	3.6	1.7	2.6
22.06.1994	14.9	8.4	11.7	12.4	12.8	8.8	9.7	12.8	11.7
23.06.1994	2.9	0.4	1.9	3.6	2.3	2.7	1.6	2.3	1.9
24.06.1994	2.1	1.7	1.8	1	1.4	3	0.1	1.4	2.5
25.06.1994	8.4	5	8.9	10.4	10.5	7	6.5	10.5	10.7
26.06.1994	6.2	11.7	9	8.9	8.9	6.9	6.5	8.9	8.9
27.06.1994	10.8	7.8	9.3	12.8	10.1	6.5	4.7	10.1	10.8
28.06.1994	7.6	7.3	6.5	4.5	8.4	6.2	8.1	8.4	8.2
29.06.1994	0.4	0.5	1.1	0.5	0.9	0.6	1.2	0.9	1.2
30.06.1994	25.3	17.1	21	19.8	22.2	16.1	16.5	22.2	21.9
01.07.1994	4.2	2.8	3.3	2.6	2.7	3.4	4.9	2.7	3.1
02.07.1994	0	0	0	0	0	0	0	0	0
03.07.1994	0	0	0	0	0	0	0	0	0
04.07.1994	0	0	0	0	0	0	0	0	0
05.07.1994	0	0	0	0	0	0	0	0	0
06.07.1994	0	0	0	0	0	0	0	0	0
07.07.1994	0	0	0	0	0	0	0	0	0
08.07.1994	0	0	0	0	0	0	0	0	0
09.07.1994	0	0	0	0	0	0	0	0	0
10.07.1994	1.4	0	0	0	1.1	0	0	1.1	0
11.07.1994	15.6	8.9	11.2	15.8	15	9.3	9.7	15	14.2
12.07.1994	3	4.5	6	2.9	5.4	4.5	5.6	5.4	5.2
13.07.1994	2.8	0.7	3.1	3.7	3	2.6	4.5	3	1.8
14.07.1994	7.4	4.3	6.2	7.2	4	4.2	4.6	4	6.7
15.07.1994	9	4.3	3.1	3.6	9.9	7	7.5	9.9	3.2
16.07.1994	16.3	11.3	12.9	15.3	12.9	11.9	11.1	12.9	14.5
17.07.1994	1.4	2.8	5.9	3.8	2	2.6	0.8	2	6.2
18.07.1994	0.2	0.1	0.1	0.1	0	0.1	0.1	0	0.2
19.07.1994	0	0	0	0	0	0	0	0	0
20.07.1994	0	0	0	0	0	0	0	0	0
21.07.1994	0	0	0	0	0	0	0	0	0
22.07.1994	0.2	0	0	0	0	0	0	0	0
23.07.1994	6.4	2.5	3.2	5.7	5.4	2.8	1.6	5.4	4.2
24.07.1994	0.9	0.2	0	0.1	0	0.5	0	0	0
25.07.1994	0	0	0	0	0	0	0	0	0
26.07.1994	0	0	0	0	0	0	0	0	0
27.07.1994	4	2.5	3.2	2.9	3.3	2.5	1.6	3.3	1.8
28.07.1994	13	8.7	10.1	13.3	11	10	10	11	12.6
29.07.1994	0	0.2	0	0.1	0	0.1	0	0	0
30.07.1994	0	0	0	0	0	0	0	0	0
31.07.1994	0	0	0	0	0	0	0	0	0
01.08.1994	0	0	0	0	0	0	0	0	0
02.08.1994	0	0	0	0	0	0	0	0	0
03.08.1994	13.1	8.8	9	9.1	7.9	9.1	9.8	7.9	6.8
04.08.1994	0.3	1	2	2.2	0.7	0.4	0.1	0.7	1
05.08.1994	2.3	3.8	4.8	2.4	3.7	3.4	4.8	3.7	4.9
06.08.1994	16.9	8.2	15.2	18.4	20.2	12.2	12.1	20.2	18.5
07.08.1994	1.3	5.6	3.7	0.3	2.2	2.9	3	2.2	3.1
08.08.1994	0	0	0	0	0	0	0	0	0
09.08.1994	1.2	0.7	0.7	1.5	0.5	0.6	0.2	0.5	0.6
10.08.1994	0	0.1	0.5	0	0	0.1	0.2	0	0.2
11.08.1994	0	0	0	0	0	0	0	0	0
12.08.1994	0.1	0	0	0	0.1	0	0	0.1	0
13.08.1994	8.9	16.1	18.5	14.4	11.9	11.9	13.5	11.9	18.4
14.08.1994	3.4	15.3	10.3	3.3	7.3	13.7	13.7	7.3	7.9
15.08.1994	0.1	1.1	0.8	0.1	0	1.5	0.5	0	1.4
16.08.1994	0	0.1	0	0	0	0.1	0	0	0
17.08.1994	0	0	0	0	0	0	0	0	0
18.08.1994	0	0	0	0	0	0	0	0	0
19.08.1994	0	4.3	0.2	0	0	0.5	0.9	0	0
20.08.1994	1.2	2.8	5.5	8.7	1	2.4	2.5	1	1
21.08.1994	0.2	0	0	0	0	0	0	0	0
22.08.1994	5.1	1.3	3.1	2.9	2.1	3.4	0.1	2.1	4.1
23.08.1994	0	5.9	0.4	0	0	2.1	0.4	0	0
24.08.1994	0	0	0	0	0	0	0	0	0
25.08.1994	0	0	0	0	0	0	0	0	0
26.08.1994	0.9	0	0	0	0	0	0.1	0	0
27.08.1994	5.9	4.2	5.7	5.5	5.4	4.3	5.4	5.4	5.6
28.08.1994	1.3	6.1	4.6	2.4	6.1	4.9	5.1	6.1	3.9
29.08.1994	2.9	4.2	3.5	0.1	5.5	8.1	6.3	5.5	2.2
30.08.1994	4.8	0.3	3.7	3.7	4.9	3.7	0.1	4.9	4.6
31.08.1994	3.4	0.1	4.1	5.2	1.6	1.8	0.2	1.6	2.3
01.09.1994	1	0	0	0	0.6	0	0	0.6	0
02.09.1994	0.2	0	0	0	0	0	0	0	0
03.09.1994	0	0	0	0	0	0	0	0	0
04.09.1994	0	0	0	0	0	0	0	0	0
05.09.1994	0	0	0	0	0	0	0	0	0
06.09.1994	7.7	4.4	6.2	8.1	5.7	5.9	5.4	5.7	6.3
07.09.1994	5.1	6.7	4.4	2.8	5.5	5.1	4.8	5.5	4.5
08.09.1994	0.2	0	0	0	0	0	0	0	0
09.09.1994	0	0	0	0	0	0	0	0	0
10.09.1994	0.2	4.4	2	0.2	1.3	4	5.1	1.3	0
11.09.1994	0	0	0	0	0	0	0.1	0	0
12.09.1994	0.1	0.1	0.1	0.3	0	6.8	0	0	3.2
13.09.1994	4.6	1.8	2.5	4.4	4.9	3.4	3.5	4.9	3.3
14.09.1994	1	0.2	2	1.5	0.1	0.3	0.2	0.1	1.3
15.09.1994	0.1	2.8	2.3	0	0	2.7	2.2	0	0
16.09.1994	0	0	0	0	0	0	0	0	0
17.09.1994	0.1	0	0	0	0	0	0	0	0
18.09.1994	0.1	0	0	0	0	0	0	0	0
19.09.1994	0.1	0	0	0	0	0	0	0	0
20.09.1994	0.1	0	0	0	0	0	0	0	0
21.09.1994	0.1	0	0	0	0	0	0	0	0
22.09.1994	0.9	0	0	2	0.1	0	0	0.1	0
23.09.1994	6.2	11.3	10.2	8.8	10.3	14.4	14.7	10.3	10.3
24.09.1994	10.9	16.7	12.4	7.4	18.9	19.5	25.8	18.9	15.3
25.09.1994	4.5	4.1	2.3	2.3	3.7	4	5.2	3.7	3.1
26.09.1994	0.3	3.1	0.1	0	3.9	6.5	0	3.9	0
27.09.1994	12.8	5	7.7	12.4	11.2	8.6	8.7	11.2	9.3
28.09.1994	27.6	25.5	32.1	29.9	35.9	29.7	17.7	35.9	29.5
29.09.1994	4.4	5.7	3.7	1.5	6.9	8	11.9	6.9	4.3
30.09.1994	0	0	0	3.3	0.7	0	0	0.7	0
01.10.1994	8.2	9.5	7.9	5.9	9	8.9	7.3	9	6.2
02.10.1994	5.3	7.2	5.8	2.6	9.3	10.2	10	9.3	5.6
03.10.1994	3.1	6.7	4.5	3	4.6	7.5	6.8	4.6	4.3
04.10.1994	6.1	24.5	19.2	6.8	22.1	12.7	14.4	22.1	14.1
05.10.1994	29.6	24.4	22.7	10.6	19.2	23.9	0.1	19.2	19.3
06.10.1994	0.3	3	2.9	0.2	3.1	3.4	5.2	3.1	3.1
07.10.1994	32.7	18.7	19.4	17.2	25	22	28.6	25	22.5
08.10.1994	21.3	13.9	12.3	13.9	11.2	13.3	14.3	11.2	11.5
09.10.1994	6.1	0.5	0.1	3.4	5.4	7.7	0	5.4	6.6
10.10.1994	0.4	0	0	0.9	0	0	0	0	0
11.10.1994	0	0	0	0	0	0	0	0	0
12.10.1994	12.5	6.5	9.8	13	8.3	5.4	0.1	8.3	8.5
13.10.1994	14	16	16.1	17	16.8	16.3	15.4	16.8	16.2
14.10.1994	4.1	12.9	13.7	11	7.6	10.2	0.1	7.6	4.7
15.10.1994	36.6	11.9	15.3	27.7	28.6	20.5	16.2	28.6	18.4
16.10.1994	4.8	16.9	7.9	3.4	10	12	9.2	10	4.8
17.10.1994	5.9	2.7	5.9	6.7	13.3	12.9	0.1	13.3	4.4
18.10.1994	1.6	0.1	0	0	0.2	7.3	0	0.2	0
19.10.1994	0	0	0	0	0	0	0	0	0
20.10.1994	0	0	0	0	0	0	0	0	0
21.10.1994	0	0	0	0	0	0	0	0	0
22.10.1994	0	0	0	0	0	0	0	0	0
23.10.1994	0	0	0	0	0	0	0	0	0
24.10.1994	3	0	1.4	3.1	2.6	0	0.3	2.6	4.1
25.10.1994	1.3	4.8	2.5	0.1	4.1	5.1	5.2	4.1	3.4
26.10.1994	0	0	0	0	0	0	0	0	0
27.10.1994	0	0	0	0	0	0	0	0	0
28.10.1994	0.5	0	0	1.1	0.5	0	0	0.5	0.8
29.10.1994	0	3.6	2.5	1.6	10.1	8.2	0	10.1	5.9
30.10.1994	0	0	0	0	0	0	0	0	0
31.10.1994	0	0	0	0	0	0	0	0	0
01.11.1994	0	0	0	0	0	0	0	0	0
02.11.1994	9.9	3.3	6.8	6.8	11.4	7.9	6.4	11.4	7
03.11.1994	2.2	0	0	3.8	1.1	0	0	1.1	2
04.11.1994	0	0	0	0.2	0	0	0.1	0	0
05.11.1994	1.5	3.1	3.4	0.9	2.2	3.1	4	2.2	2
06.11.1994	12.9	6.3	9.5	13	9.2	7.7	9.2	9.2	11.1
07.11.1994	2.7	0.4	1.5	2.7	1.6	1.6	1.7	1.6	1.6
08.11.1994	0.5	1.1	1.3	0.9	1	1.1	1.6	1	0.6
09.11.1994	2.6	1.3	1.1	0.6	0	1.9	0.1	0	1.1
10.11.1994	0.1	0.1	0	0.1	0	1.1	0	0	0
11.11.1994	0.1	0	0	0.2	0	0	0	0	0
12.11.1994	0	0	0	0	0	0	0	0	0
13.11.1994	0.1	0	0	0	0	0	0	0	0
14.11.1994	2.8	3.7	5.2	2.8	3.2	3.4	2.9	3.2	4.4
15.11.1994	31.8	11.7	15.5	17.8	21	14.1	17.3	21	18.1
16.11.1994	6.3	7.6	7.4	4.1	6.3	8.9	10.6	6.3	7
17.11.1994	0.8	0.2	0.2	2.5	0.9	0.7	0.7	0.9	0.4
18.11.1994	2.2	0.1	2.4	4	1.7	0.7	0.1	1.7	2.9
19.11.1994	8.7	0	0	0	4.2	0	0	4.2	0
20.11.1994	26.4	5.6	9.9	12.7	9.6	8	9.5	9.6	8.8
21.11.1994	9.8	35.2	30.8	26.4	26.8	24.3	16.5	26.8	28
22.11.1994	11.9	6	6.2	5	8.4	7.3	10.1	8.4	7.5
23.11.1994	36.5	16.7	25.6	15.1	32.7	28.6	31.3	32.7	27.2
24.11.1994	51.5	50.6	46.7	44.3	51.6	44.3	41	51.6	43.7
25.11.1994	10.6	13.6	11.3	8	11.9	7	4.6	11.9	8.3
26.11.1994	4.1	0.2	1.8	4.6	2.9	1.6	0.1	2.9	1.8
27.11.1994	1.7	11.1	6.7	0.1	6.2	11.1	11.1	6.2	8
28.11.1994	26.3	17.8	17.3	20.3	19.6	17.1	16.1	19.6	15.1
29.11.1994	5.2	9.6	7.3	7.9	12.5	8.9	7.1	12.5	7
30.11.1994	2.3	0.1	0.1	2.1	1.5	1.6	1.2	1.5	0.5
01.12.1994	0	0	0	0.1	0	0	0	0	0
02.12.1994	0	0	0	0.2	0	0	0	0	0
03.12.1994	0	0	0	0	0	0	0	0	0
04.12.1994	0.9	0	0	1	0	0	0	0	0
05.12.1994	1.8	0	1.6	6.8	3.2	0	0.4	3.2	2.8
06.12.1994	0	0	0	0	0	0	0	0	0
07.12.1994	1.5	9.6	7.1	1.1	6.1	9.5	9.7	6.1	6.2
08.12.1994	2.8	0	0.9	3.1	2	0	0.8	2	1.6
09.12.1994	5.7	5.4	4.5	5.3	6.6	7.7	8.4	6.6	4.7
10.12.1994	10.3	0	0.1	2.4	11.3	0	0.1	11.3	5.3
11.12.1994	23.6	7.5	16.9	25.4	14.4	9.7	6	14.4	19.2
12.12.1994	0.8	1	0	0.6	0	0.1	0	0	0
13.12.1994	0.6	0.1	2	1.4	2.4	2.3	0.1	2.4	2.4
14.12.1994	12.3	5.9	8	11	11	6.6	0.1	11	5.4
15.12.1994	1.6	3.5	5.2	3.8	1.9	2.3	3	1.9	2.8
16.12.1994	5.4	5.3	4.7	2.9	5.6	4.9	5.3	5.6	4.6
17.12.1994	8.1	4.7	4.9	6	8.9	8.6	10.9	8.9	6.6
18.12.1994	3.1	9	7.5	4.4	9.1	12	12.8	9.1	6.3
19.12.1994	3.8	0	0.3	5.8	7.1	0	0.1	7.1	4.6
20.12.1994	14.3	6.2	7.5	7	10.7	9.1	9.1	10.7	8.1
21.12.1994	16	14	11.9	7.3	24.6	22.2	24	24.6	13.3
22.12.1994	0.7	3.5	3.4	1	0.9	5.2	5.8	0.9	3.2
23.12.1994	5.2	5.6	8.1	4.9	11.5	12	14.1	11.5	8
24.12.1994	45.8	15.3	23	30.8	22	17.1	18.7	22	27
25.12.1994	10.9	6.4	6.2	6.9	7.9	8.2	9.9	7.9	6.8
26.12.1994	12.3	2.7	7.7	9.3	9.7	3.8	2	9.7	8.5
27.12.1994	36.1	14.9	22.5	30.2	20.4	17.2	16	20.4	23.1
28.12.1994	14.6	8.1	5.3	10.8	13.7	4.4	4.7	13.7	10
29.12.1994	11.3	2.1	4.7	7.7	5.2	3.7	4.4	5.2	5.1
30.12.1994	11.5	16.4	16.8	19.2	15.9	14.6	15.8	15.9	20
31.12.1994	12.1	4.8	7.4	11.7	9.3	5.8	3.1	9.3	7.3
01.01.1995	6.8	8.9	8.9	6.9	10.7	7.6	7.4	10.7	8.1
02.01.1995	0.8	0	0	0.2	0	0	0	0	0
03.01.1995	0.1	0.3	0	0.1	0.3	0.1	0	0.3	0
04.01.1995	0	0	0	0	0	0	0	0	0
05.01.1995	0	0.5	0	0	0	0.2	0	0	0
06.01.1995	0	0	0	0	0	0	0	0	0
07.01.1995	0.5	5.6	3.8	0.2	0	5.7	5.1	0	3.2
08.01.1995	12.6	11.5	11.8	10.3	16	15.1	18.5	16	13
09.01.1995	25	9.1	12.2	19	16.2	10.2	5.2	16.2	11.2
10.01.1995	5.4	4.4	4.4	5.1	4.8	5.4	5.4	4.8	3.6
11.01.1995	19.1	21.5	18.5	18.4	23	25.2	26.7	23	17.2
12.01.1995	9.3	9.8	9.4	11.2	13.4	10.6	9.4	13.4	10.7
13.01.1995	2.4	1	1.1	1.5	1.7	1.5	1.7	1.7	1.2
14.01.1995	4.8	3.2	4.6	3.4	5.5	6.6	7.2	5.5	4.6
15.01.1995	19.3	10.8	12.9	15.2	18.1	13.7	10.1	18.1	12.3
16.01.1995	9.5	17.4	9.7	2.2	16.5	16.9	15.8	16.5	8.9
17.01.1995	23.8	9.8	6.7	11.5	19.7	12.3	12.5	19.7	8.1
18.01.1995	2.4	4.6	4.6	2.9	0	2.9	2.4	0	4.1
19.01.1995	0	0	0	0	0	0	0.1	0	1.1
20.01.1995	0	0	0	0	0	0	0	0	0
21.01.1995	0	14.5	3.6	0	0	0.8	6.6	0	0
22.01.1995	0	2.9	3.6	0.4	0	1.4	3.5	0	0.1
23.01.1995	0	0	0	0	0	0	0	0	0
24.01.1995	0	0	0	0	0	0	0	0	0
25.01.1995	21	15.8	18	21.5	24.6	16.1	12.9	24.6	18.5
26.01.1995	15.8	0.7	10.3	20.5	11.1	4.7	0.1	11.1	8.7
27.01.1995	12.1	8.2	9.6	8.7	13	8.7	4.8	13	8
28.01.1995	6	10.2	4.6	1.6	7.6	9.4	0.1	7.6	6.6
29.01.1995	0.1	0.1	0.5	0.1	1.7	5.2	0.1	1.7	0
30.01.1995	8.3	1.1	0.7	11.6	1.7	0.1	0.1	1.7	1.4
31.01.1995	2.1	0	0	0.2	0	0	0	0	0
01.02.1995	19.3	23.6	20.6	12.2	18.3	19.5	18.3	18.3	13.7
02.02.1995	26.5	23	23.3	20.8	18.2	19.4	15.5	18.2	19.4
03.02.1995	1.3	3	2.6	1.5	2.3	2.7	1.3	2.3	1.6
04.02.1995	37.9	24.3	33.1	30.6	27.1	22.5	18.3	27.1	29.7
05.02.1995	12.9	33.4	20.3	10.3	22.1	30.6	34.1	22.1	16.2
06.02.1995	27.7	4	16.5	33.5	17.7	8.1	3.3	17.7	16.1
07.02.1995	7.6	7.6	7.8	8.4	9.5	6.8	6	9.5	8.9
08.02.1995	16.5	14.9	14.2	12.6	22	13.8	9.1	22	13.2
09.02.1995	20.5	24.6	17.5	15.5	28	16.1	11	28	19.6
10.02.1995	11.4	20.8	14.6	9.9	16.9	10.8	8.4	16.9	12.2
11.02.1995	0.1	0	0	0.1	0	0	0	0	0
12.02.1995	0	0	0	0	0	0	0	0	0
13.02.1995	6	5.6	6.8	5.4	6.9	5.6	7.1	6.9	7.5
14.02.1995	2.2	1.3	4.4	4	0	0.8	2.6	0	4.6
15.02.1995	0.7	2.9	2.7	1.7	0.6	1.1	1.3	0.6	0.7
16.02.1995	3.6	11.4	7.1	1.8	6.5	10.4	8.6	6.5	4.4
17.02.1995	7.4	19.5	12.2	3	14.2	22	22.1	14.2	10
18.02.1995	0.1	7.7	4.7	0.4	0	8.3	2.3	0	0.9
19.02.1995	2.1	7	4	0.2	4.9	6.3	6.6	4.9	3.6
20.02.1995	5.4	0	0.1	3.3	3.2	0	0.1	3.2	4.8
21.02.1995	6.8	10.6	5.1	3.1	9	10.9	8.6	9	4.8
22.02.1995	0.1	0	0	0	0	0	0	0	0
23.02.1995	5.9	3.4	5.5	5	4.2	4.7	4.6	4.2	4.5
24.02.1995	8.3	3.7	5.2	6.2	7.7	5.1	5.6	7.7	6.5
25.02.1995	1.5	8.6	4.3	0.9	6.5	8.9	10.7	6.5	4.2
26.02.1995	5.4	0	0	0	0	0	0	0	0
27.02.1995	6.8	0.9	0.5	3.6	4.2	0.9	1.9	4.2	1.3
28.02.1995	10.1	11.2	12.8	8.6	10.2	10.4	14.7	10.2	11.1
01.03.1995	7.2	14.1	11.5	6.2	10.1	11.6	10.2	10.1	8.6
02.03.1995	19.9	13.9	14.9	15.6	17.2	13.5	15.5	17.2	19.8
03.03.1995	2.2	2.9	0	0.3	0	1.6	0	0	0
04.03.1995	0	0	0	0	0	0	0	0	0
05.03.1995	0	0	0	0	0	0	0	0	0
06.03.1995	0	0	0	0	0	0	0	0	0
07.03.1995	0	0	0	0	0	0	0	0	0
08.03.1995	0.6	0	0	0	1.2	0	0	1.2	0
09.03.1995	0	0	0	0	0	0	0	0	0
10.03.1995	0	0	0	0	0	0	0	0	0
11.03.1995	0	0	0	0	0	0	0	0	0
12.03.1995	0	0	0	0	0	0	0	0	0
13.03.1995	6.5	8.4	8.5	7.6	6.2	8.1	8.2	6.2	4.4
14.03.1995	4.7	0	0	0	4.9	0	0	4.9	0
15.03.1995	11.5	0	0	16.7	8.8	0	0	8.8	6.9
16.03.1995	0	0	0	0	0	0	0	0	0
17.03.1995	0	0	0	0	0	0	1.1	0	0.1
18.03.1995	11	2.9	6.1	10.6	8.7	6.3	3.2	8.7	9.2
19.03.1995	4.7	6.8	6.8	3.4	6.6	7	10.9	6.6	7.4
20.03.1995	7.8	9.4	8.2	7.1	11.1	7.7	3	11.1	6.4
21.03.1995	12.9	19.8	25.1	19.2	16	11.2	7.8	16	14.1
22.03.1995	3	4	7.2	7.2	3.6	3.1	4.5	3.6	3.8
23.03.1995	16.2	0.1	9	14.9	10.6	1.3	0.2	10.6	10.7
24.03.1995	8.7	3.4	5.4	9	7.3	6	7	7.3	7.4
25.03.1995	10.2	4.6	5.7	7.1	6	3.9	3.8	6	5.4
26.03.1995	1.1	3.8	7.5	5.6	3.4	4.1	4.2	3.4	2.7
27.03.1995	8.3	7.8	6.9	6.8	6.8	7.1	6	6.8	6.2
28.03.1995	14.3	17.1	17.6	16.1	24.7	16.4	15.9	24.7	15.5
29.03.1995	4.1	3.3	3.2	2.7	5.5	6.8	0.2	5.5	3.5
30.03.1995	2.1	0.1	0.2	2.6	2.4	1.7	0	2.4	1.3
31.03.1995	6.5	5.3	7.8	9.6	5	5.5	4.3	5	7.4
01.04.1995	9.6	18.3	19	0	14.7	18.8	13.4	14.7	0
02.04.1995	12.3	19.1	17.9	15.7	26.3	15.2	12.2	26.3	14.2
03.04.1995	12.4	7.1	11.7	11.1	13.3	5.8	0.1	13.3	8.7
04.04.1995	5.9	7.3	7.9	7.1	10.2	5.9	4.1	10.2	7.2
05.04.1995	5.8	6.8	5.9	5.7	8.6	7.1	6.1	8.6	6.5
06.04.1995	5.6	2.2	3.8	6.7	2.3	4.6	3.2	2.3	3.4
07.04.1995	13.5	10.4	13.5	14.3	14.1	10	10.1	14.1	14.7
08.04.1995	11.8	12.5	10.1	8.9	15.8	8.6	7.1	15.8	10.9
09.04.1995	2.6	16.3	10.4	2.5	8.5	10.4	12.6	8.5	7
10.04.1995	0	0.1	0	0	0	0.1	0	0	0
11.04.1995	3.3	0.4	1.6	4.4	3.8	1.8	1.5	3.8	2.6
12.04.1995	4.9	0	0.1	2.8	2.7	0	0.1	2.7	2.3
13.04.1995	1.7	3.9	4.7	3.2	3	4.7	5.6	3	3.9
14.04.1995	1.1	0	0	2.6	0.4	0	0	0.4	0
15.04.1995	7.3	8	6.2	6.6	10.1	10.1	11.5	10.1	6.6
16.04.1995	0	3.8	8.3	2.1	6.7	4.7	6.3	6.7	9.2
17.04.1995	0	0.4	0	0	0	0.1	0	0	0
18.04.1995	0.2	0.1	0	0	0	0.1	0	0	0
19.04.1995	6.3	1.2	0.5	13.5	15.9	14	0	15.9	1.4
20.04.1995	0	0	0	0	0	0	0	0	0
21.04.1995	0	0	0	0	0	0	0	0	0
22.04.1995	0	0	0	0	0	0	0	0	0
23.04.1995	0	0	0	0	0	0	0	0	0
24.04.1995	0	0	0	0	0	0	0	0	0
25.04.1995	0	0	0	0	0	0	0	0	0
26.04.1995	0	0	0	0	0	0	0	0	0
27.04.1995	2.3	0	0	4.4	0.9	0	0	0.9	0.1
28.04.1995	0	0	0	0	0	0	0	0	0
29.04.1995	3.7	3.5	3.3	3.3	3.6	3.7	2.5	3.6	3.2
30.04.1995	0.9	1.7	2.2	0.1	0	2.2	0.3	0	4
01.05.1995	0	0	0	0	0	0	0	0	0
02.05.1995	6.1	2.4	8.3	8.3	8	2.9	2.8	8	10.4
03.05.1995	0.4	2.9	3.5	0.1	2.5	3.9	4.7	2.5	2
04.05.1995	3.7	0	0.4	7.5	4	0	0.1	4	8.2
05.05.1995	4	7.7	5.8	4.8	6.4	5.2	3.1	6.4	5.2
06.05.1995	8.4	8	8.4	6.4	11.4	10.3	9.4	11.4	5.7
07.05.1995	3.8	6.3	0.8	5.1	10.8	11.4	0	10.8	8
08.05.1995	0	0	0	0	0	0	0	0	0
09.05.1995	0	0	0	0	0	0	0	0	0
10.05.1995	0	0	0	0	0	0	0	0	0
11.05.1995	0	0	0	0	0	0	0	0	0
12.05.1995	0	0	0	0	0	0	0	0	0
13.05.1995	0	0	0	0	0	0	0	0	0
14.05.1995	0	0	0	0	0.2	0	0	0.2	0
15.05.1995	0	3.5	3.5	3	5.1	3.7	1	5.1	3
16.05.1995	2	11.6	4.1	0.9	6	5.6	0.2	6	1.2
17.05.1995	1.6	2.2	0.1	0	7.1	9.6	0	7.1	0
18.05.1995	0	0	0	0	0.8	0	0	0.8	0
19.05.1995	0	2.9	5.9	2.9	2.6	1	0.1	2.6	5.1
20.05.1995	7.4	10.7	7	6	11.4	11.4	10.6	11.4	8.6
21.05.1995	11.2	11.4	13.4	10.1	13.4	9.7	8.6	13.4	12.4
22.05.1995	0	0	0	0	0	0	0	0	0
23.05.1995	0	0	0	0	0	0	0	0	0
24.05.1995	0	0	0	0	0	0	0	0	0
25.05.1995	0	0	0	0	0	0	0	0	0
26.05.1995	0	0	0	0	0	0	0	0	0
27.05.1995	0	0	0	0	0	0	0	0	0
28.05.1995	0	0	0	0	0	0	0	0	0
29.05.1995	0	0	0	0	0	0	0	0	0
30.05.1995	2.1	5.8	9.8	8.4	3.6	3.7	6.4	3.6	5.8
31.05.1995	0	0.6	0	0	0	0.1	0	0	0
01.06.1995	0	0	0	0	0	0	0	0	0
02.06.1995	7.4	6.8	6.6	7.3	6.3	5.9	7.8	6.3	6.9
03.06.1995	0	0	0	0	0	0	0	0	0
04.06.1995	0	0	0	0	0	0	0	0	0
05.06.1995	0	0	0	0	0	0	0	0	0
06.06.1995	4.6	4.5	4.2	4.1	4.4	4.4	3.4	4.4	3.7
07.06.1995	7.8	7.5	5.4	5.7	5	5.9	4.7	5	4.1
08.06.1995	0	0.9	0	0	0	0.1	0	0	0
09.06.1995	8.5	9.1	9.7	10.1	12.1	9.3	11.5	12.1	11.2
10.06.1995	2.5	5.1	7.7	5.3	1.9	0.3	1.7	1.9	6
11.06.1995	8	11.1	10.7	10.3	9.1	9.3	9.5	9.1	11.5
12.06.1995	0	0.2	0	0	0	0.1	0	0	0
13.06.1995	0	0	0	0	0	0	0	0	0
14.06.1995	0	0	0	0	0	0	0	0	0
15.06.1995	1.9	0	0	3.6	2.6	0	0.3	2.6	2.4
16.06.1995	7.6	0	0	5.9	3.8	0	0	3.8	2.6
17.06.1995	4.5	1	5.1	7.6	7.5	2.6	2.6	7.5	7.1
18.06.1995	7.6	5.2	6.6	2.8	6.2	6.8	9.6	6.2	8.2
19.06.1995	12.7	11.8	13.4	17.3	13.6	11.9	9.6	13.6	15.4
20.06.1995	0.5	0.1	0.1	1.3	0.6	0.7	0	0.6	0.5
21.06.1995	3.3	2.8	3.4	3.7	3.3	2.6	1.3	3.3	3
22.06.1995	1.5	1	0.4	0.7	5.3	5.7	0.1	5.3	2.3
23.06.1995	0.2	1.3	0	0	0	0.7	0	0	0
24.06.1995	0	0	0	0	0	0	0	0	0
25.06.1995	0	0	0	0	0	0	0	0	0
26.06.1995	0	0	0	0	0	0	0	0	0
27.06.1995	0	0	0	0	0	0	0	0	0
28.06.1995	0	0	0	0	0	0	0	0	0
29.06.1995	0	1.1	0	0	0	0.1	0	0	0
30.06.1995	0	0	0	0	0	0	0	0	0
01.07.1995	0.3	6.1	0	0	0	1.3	0	0	0
02.07.1995	0.1	0.1	0	0	0	0.1	0	0	0
03.07.1995	7.5	2.6	3.9	5.7	1.8	2.5	3.1	1.8	3.7
04.07.1995	7.4	3	7.5	10.1	7.1	4	3.5	7.1	9
05.07.1995	2.7	7.1	10.4	2.8	5.2	11.4	13.3	5.2	7.7
06.07.1995	3.2	3.3	1.5	2.6	3.4	3.2	4.2	3.4	2
07.07.1995	3.5	3.5	3.2	1.8	4.5	3.7	4.7	4.5	3.8
08.07.1995	19.6	8.5	11.6	14.8	12.8	7.7	7.3	12.8	14.6
09.07.1995	5.8	2.7	1.7	4.3	4.1	4.4	5.3	4.1	1.9
10.07.1995	0	0	0	0	0	0	0	0	0
11.07.1995	0	0	0	0	0	0	0	0	0
12.07.1995	0	0	0	0	0	0	0	0	0
13.07.1995	0	0	0	0	0	0	0	0	0
14.07.1995	0.2	0.1	0	0	0	0.1	0	0	0
15.07.1995	1.8	3.2	1.4	0.1	1.9	2.6	3.5	1.9	1.5
16.07.1995	2.6	9.5	10.9	1.4	0	7.9	6.2	0	3.9
17.07.1995	2.4	0	0.2	4.6	1.4	0	0.1	1.4	2.8
18.07.1995	3.3	3	3.3	3	2.5	2.1	2.7	2.5	2.8
19.07.1995	3.2	3.1	4.4	3.9	5.1	3.8	3.2	5.1	4
20.07.1995	1.2	1.5	1.4	1.1	1.6	1.3	1.5	1.6	1.2
21.07.1995	15.3	10.8	16.9	19.8	16.8	10.4	13	16.8	20.5
22.07.1995	14.6	9.7	10.8	13.1	11.4	9.9	8.6	11.4	11
23.07.1995	2.1	0.1	0.2	3.7	2.1	2.1	0	2.1	0.4
24.07.1995	5.7	2.4	2.4	2.4	4	3.8	3.5	4	2.7
25.07.1995	1.8	1.9	7.1	6.8	3.8	3.4	4.3	3.8	3.9
26.07.1995	0	0	0	0	0	0	0	0	0
27.07.1995	0	0	0	0	0	0	0	0	0
28.07.1995	0	0	0	0	0	0	0	0	0
29.07.1995	0.1	0	0	0	0	0	0	0	0
30.07.1995	0	0	0	0	0	0	0	0	0
31.07.1995	0	0	0	0	0	0	0	0	0
01.08.1995	0	0	0	0	0	0	0	0	0
02.08.1995	19.6	12.7	14.4	19.5	13.4	13.2	2.1	13.4	5.6
03.08.1995	0.7	0	0	0.2	0	0	0	0	0
04.08.1995	0.1	1.5	0	0	0	3.9	0	0	0
05.08.1995	0	0	0	0	0	0	0	0	0
06.08.1995	0	4.2	0	0	3.4	13.4	0	3.4	0
07.08.1995	8	9.1	5.5	4.5	5.8	6.2	8.6	5.8	5.9
08.08.1995	0	3.6	4.1	0	0	1.6	0.8	0	3.5
09.08.1995	0	0.1	0	0	0	0.1	0	0	0
10.08.1995	2.1	0.1	2.9	0.8	0	0.1	0.1	0	2.7
11.08.1995	0	0	0	0	0	0	0	0	0
12.08.1995	0	0	0	0	0	0	0	0	0
13.08.1995	0	0	0	0	0	0	0	0	0
14.08.1995	7	2.3	2.9	7.4	6.6	2.7	1.6	6.6	5.6
15.08.1995	2.8	1.9	2.2	2.5	2.5	2	2.3	2.5	2.4
16.08.1995	4.5	7.8	6.1	4.5	9	7.8	8.6	9	5.3
17.08.1995	2.1	0.3	1.1	1.7	4.9	2.8	3	4.9	1.9
18.08.1995	0.1	4.4	0	0.1	5.5	8.6	0	5.5	0
19.08.1995	0	0	0	0	0	0	0	0	0
20.08.1995	0	0	0	0	0	0	0	0	0
21.08.1995	0	0	0	0	0	0	0	0	0
22.08.1995	0	0	0	0.2	0.9	0	0	0.9	0
23.08.1995	26.7	16.1	20.9	30.1	18.9	11.1	11.7	18.9	26.9
24.08.1995	3.3	5.6	5.5	2.3	6.1	7.9	9.3	6.1	5.1
25.08.1995	6	3.6	5.1	5.4	8.7	5.3	4.4	8.7	5.8
26.08.1995	12.9	14.3	13.4	13.3	12.4	11.5	7.5	12.4	12.3
27.08.1995	2.1	10.4	7.8	3.5	6.8	8.9	0.1	6.8	4.2
28.08.1995	0.3	4.3	4.3	1.3	3	3.1	0.1	3	2.8
29.08.1995	4.7	5.8	5.4	3.5	1.3	2.5	0.1	1.3	4.1
30.08.1995	2	6.4	5.6	6	3.3	4	0.1	3.3	4.5
31.08.1995	0.1	0.2	0.1	0	0	0.3	0.1	0	0
01.09.1995	0.2	0	0	0	0	0	0	0	0
02.09.1995	0.1	0	0	0	0	0	0	0	0
03.09.1995	0	0	0	0	0	0	0	0	0
04.09.1995	0.2	0	0	0	0	0	0	0	0
05.09.1995	0	0	0	0	0	0	0	0	0
06.09.1995	0	0	0	0	0	0	0	0	0
07.09.1995	0	0	0	0.1	0	0	0	0	0
08.09.1995	0	0	0	0	0	0	0	0	0
09.09.1995	0	0	0	0	0	0	0	0	0
10.09.1995	0	0	0	0	0	0	0	0	0
11.09.1995	0	0	0.1	0.1	0	0	0.1	0	3.5
12.09.1995	0.8	0	0	1.2	0.6	0	0.1	0.6	0.1
13.09.1995	0	0	0	0	0	0	0	0	0
14.09.1995	0	0	0	0	0	0	0	0	0
15.09.1995	0	0	0	0	0	0	0	0	0
16.09.1995	0	0	0	0	0	0	0	0	0
17.09.1995	0	0	0	0	0	0	0	0	0
18.09.1995	0	0	0	0	0.2	0	0	0.2	0
19.09.1995	0.6	0.4	0.9	0.1	1	1	0.1	1	1
20.09.1995	1.3	1.8	2.3	3.2	2.9	1	0.4	2.9	2.6
21.09.1995	0.8	3.9	5.1	3.8	2.3	3.4	4	2.3	4.3
22.09.1995	1.3	0	1.1	5.5	1.6	0	0.1	1.6	1.3
23.09.1995	17.9	17.1	18.8	16	19	19.8	24.2	19	21.2
24.09.1995	17.6	14.7	16.6	18.9	15.9	12.1	13.1	15.9	18.3
25.09.1995	7.3	8.5	6.1	4.7	7.8	8.4	10.4	7.8	6.2
26.09.1995	44.2	38.3	36.7	30.7	37.2	34.7	33.4	37.2	34.3
27.09.1995	10.8	19.6	15.2	13	15.9	18.4	15.2	15.9	12.6
28.09.1995	3	5	3.6	1.7	4.5	4.4	4.7	4.5	2.9
29.09.1995	1.9	2	4	0.5	2.2	2.8	0.1	2.2	4.6
30.09.1995	0	0.2	0	0	0.2	0.3	0	0.2	0
01.10.1995	0	0	0	0	0	0	0	0	0
02.10.1995	1.3	0	0	0.9	0	0	0	0	0
03.10.1995	3.5	0	0.1	2.3	1.5	0	0.1	1.5	1.7
04.10.1995	45.9	19.3	27.3	31.4	32.1	23.4	25.2	32.1	31.5
05.10.1995	8.5	7	9.2	9.1	9.2	5.8	6.3	9.2	11.3
06.10.1995	3.6	5.2	3.4	1	4.7	4.3	7	4.7	4.3
07.10.1995	8.1	14.8	9.7	2.5	13.1	17.4	17.9	13.1	11.1
08.10.1995	2.4	4.6	4.2	4.7	3.2	3.9	3.4	3.2	4.6
09.10.1995	2	6.4	4.3	1.8	3.7	5.2	3.4	3.7	2.7
10.10.1995	0.2	0	0	0	0	0	0.1	0	0
11.10.1995	20	7	11.2	15.9	13.7	7	2.7	13.7	10
12.10.1995	7.8	5.7	7.6	5.2	5.7	5.9	8.6	5.7	7.7
13.10.1995	10.3	9	5.3	7.9	8.4	6.6	7.9	8.4	5.8
14.10.1995	1.6	0	0	0	0	0	0	0	0.3
15.10.1995	1.8	1.5	2.7	2.6	0	0.4	0.1	0	2.3
16.10.1995	15	0	5.3	12.4	11.4	0	0.1	11.4	11.9
17.10.1995	2.9	0	0.1	1.3	2.3	0	0.1	2.3	2.8
18.10.1995	24	14.6	18.8	20.8	18.3	17.1	18.9	18.3	19.7
19.10.1995	40	22.9	29.5	28.7	31.4	24.8	23.3	31.4	30.7
20.10.1995	29.1	27.2	27.5	26.2	26.7	27.9	21.6	26.7	22.5
21.10.1995	8.9	20.4	12	6.5	8.9	16	7.7	8.9	6.4
22.10.1995	1.9	0	0.4	2.7	8.7	0	0.1	8.7	1.6
23.10.1995	11.3	13.5	11.5	9.4	15.7	12.9	13.9	15.7	11.9
24.10.1995	7.4	4	8.9	10.5	5.7	4.8	2.4	5.7	8.7
25.10.1995	0	2.8	3.4	0.6	0	4.4	2.5	0	3.1
26.10.1995	10.7	5.5	9	8.6	11.8	7.1	8.7	11.8	9.4
27.10.1995	84.1	49.7	60.2	82.2	68.8	49	50.2	68.8	70.4
28.10.1995	19.7	14.3	16.5	19.4	18.2	15.3	14.3	18.2	18.3
29.10.1995	14.9	10.9	13.6	18.1	17	12.2	8.9	17	13.6
30.10.1995	2.3	1.9	4.6	5	3.4	1.6	1.9	3.4	3.5
31.10.1995	6.4	2	4.4	6.8	4.3	2.8	2.5	4.3	5
01.11.1995	0.4	0	0	1.8	1.2	0	0	1.2	0.7
02.11.1995	2.8	1.9	2	2.4	5.1	5.2	3.8	5.1	1.4
03.11.1995	7.3	13.7	7.5	4.8	8.5	13.8	11.4	8.5	4.3
04.11.1995	0	0	0	0	0	0	0	0	0
05.11.1995	0	0	0	0	0	0	0	0	0
06.11.1995	18.2	3.3	17.2	25.1	13	10.3	7.3	13	16
07.11.1995	1.1	0.3	0	0	0	0.5	0	0	0
08.11.1995	0.4	1.7	0.1	0.2	1.3	1.5	0.1	1.3	0.2
09.11.1995	3.1	3.1	4.1	4.4	4.4	2.8	3.2	4.4	4.8
10.11.1995	0.8	0	0	0	0	0	0	0	0
11.11.1995	0.2	0	0	0.1	0	0	0	0	0
12.11.1995	0.1	0	0	0	0	0	0	0	0
13.11.1995	0.1	0	0	0.1	0	0	0	0	0
14.11.1995	8.7	0	0.1	3.9	7.2	0	0.1	7.2	6.4
15.11.1995	12.9	17.8	13.1	17.9	13	11.3	8.4	13	13.1
16.11.1995	0.2	0	0	0	0	0	0	0	0
17.11.1995	0	0	0	0	0	0	0	0	0
18.11.1995	3.9	3.3	3.7	4.3	8.3	6.6	6.2	8.3	3.8
19.11.1995	23.7	25.4	22	16.8	36.9	20.1	15.6	36.9	23.2
20.11.1995	4.3	6	4.3	3.5	8.6	5.9	5	8.6	4
21.11.1995	0	0	0	0.8	0.6	0	0	0.6	2.4
22.11.1995	3.9	4	3.8	2.2	4.5	5.7	6.2	4.5	4.1
23.11.1995	11.6	6.5	6.4	6.1	9.7	10.2	12.4	9.7	7.6
24.11.1995	18.2	11.4	13.2	10.6	12.8	10.4	13.9	12.8	12.3
25.11.1995	20.4	9.2	15.8	18.1	12	10.9	13.7	12	17.7
26.11.1995	14.6	8.4	9.9	12.5	12	10.1	9.4	12	10.3
27.11.1995	0.2	0.8	2.3	1.4	0.2	0.3	0.4	0.2	2.4
28.11.1995	0.7	2.5	3.2	1.9	0	2.3	1.4	0	3.2
29.11.1995	0.1	0	0	2.7	1.3	0	0	1.3	0
30.11.1995	0	0	0	0	0	0	0	0	0
01.12.1995	0.1	0	0	0	0	0	0	0	0
02.12.1995	0.2	0	0	0	0	0	0	0	0
03.12.1995	0.2	0	0	0.2	0	0	0	0	0
04.12.1995	0.1	0	0	0.1	0	0	0	0	0
05.12.1995	0.1	0	0	0	0	0	0	0	0
06.12.1995	0.1	0	0	0	0	0	0	0	0
07.12.1995	0.1	0	0	0	0	0	0	0	0
08.12.1995	0.1	0	0	0	0	0	0	0	0
09.12.1995	0	0	0	0	0	0	0	0	0
10.12.1995	19.7	7.4	7.8	16.6	19	15.4	11	19	9.8
11.12.1995	17.7	10.5	15.7	18.6	18.8	14.9	12.6	18.8	16.2
12.12.1995	2.2	2.5	1.3	1.3	3.6	1.8	2.2	3.6	1.9
13.12.1995	4.3	5.6	5.2	2.3	6.8	7.8	8.7	6.8	6.1
14.12.1995	0.2	0	0	0	0	0	0	0	0
15.12.1995	0.1	0	0	0	0	0	0	0	0
16.12.1995	0.1	0	0	0	0	0	0	0	0
17.12.1995	0	0	0	0	0	0	0	0	0
18.12.1995	4.1	7.8	5.1	4.3	6.6	6.5	5.8	6.6	4.7
19.12.1995	2.7	2.9	3.6	3.1	5.9	4.8	3.5	5.9	3.1
20.12.1995	6.4	8.7	2.9	5.4	5.2	5.8	6.8	5.2	2.9
21.12.1995	16.3	11.9	11.9	13.8	12.7	8.4	3.1	12.7	8.9
22.12.1995	0.1	0	0	6.1	4	0	0	4	1.2
23.12.1995	0	0	0	0	2.5	0	0	2.5	0
24.12.1995	6.3	1.7	3.6	5.6	3.2	1.9	0.6	3.2	2.7
25.12.1995	0.4	0	0	0.2	0	0	0	0	0
26.12.1995	1.3	0	0	0.1	0	0	0	0	0
27.12.1995	2.7	0.3	0.3	0.8	2.3	1.1	0.1	2.3	0.4
28.12.1995	0.1	0	0	0	0	0	0	0	0
29.12.1995	6.6	1.8	5.2	7.9	5.2	3.3	3.5	5.2	6.3
30.12.1995	7.3	13.4	11.7	10.9	19.9	11.1	8.1	19.9	10.4
31.12.1995	1.3	2.6	10.1	4.9	0	2.4	7.2	0	9.4
01.01.1996	0	0	0	0	0	0	0	0	0
02.01.1996	0.1	0	0	0	0	0	0	0	0
03.01.1996	0	0	0	0	0	0	0	0	0
04.01.1996	0	0	0	0	0	0	0	0	0
05.01.1996	0	0	0	0	0	0	0	0	0
06.01.1996	0	0	0	0	0	0	0	0	0
07.01.1996	0	0	0	0	0	0	0	0	0
08.01.1996	0	0	0	0	0	0	0	0	0
09.01.1996	0	0	0	0	0	0	0	0	0
10.01.1996	0	0	0	0	0	0	0	0	0
11.01.1996	0	0	0	0	0	0	0	0	0
12.01.1996	0.3	0	0	0.6	0	0	0	0	0
13.01.1996	0	0	0	0	0	0	0	0	0
14.01.1996	0.4	0	0	0	0	0	0	0	0
15.01.1996	0	0	0	0	0	0	0	0	0
16.01.1996	0	0	0	0	0	0	0	0	0
17.01.1996	0.5	6.7	3.9	0.1	4.1	5.8	7.2	4.1	2.9
18.01.1996	0.2	0	0	0	0	0	0.2	0	0
19.01.1996	0	0	0	0	0	0	0	0	0
20.01.1996	0	0	0	0	0	0	0	0	0
21.01.1996	0	0	0	0	0	0	0	0	0
22.01.1996	0	0	0	0	0	0	0	0	0
23.01.1996	0	0	0	0	0	0	0	0	0
24.01.1996	0	0	0	0	0	0	0	0	0
25.01.1996	0	0	0	0	0	0	0	0	0
26.01.1996	0	0	0	0	0	0	0	0	0
27.01.1996	0	0	0	0	0	0	0	0	0
28.01.1996	0	0	0	0	0	0	0	0	0
29.01.1996	0	0	0	0	0	0	0	0	0
30.01.1996	0	0	0	0	0	0	0	0	0
31.01.1996	0	0	0	0	0	0	0	0	0
01.02.1996	0.8	0.5	0	0	0	0.1	0	0	0
02.02.1996	3	1.5	3	3.1	3.9	2	1	3.9	2.4
03.02.1996	2.2	3.6	2.6	2.7	3.3	2.7	1.3	3.3	1.9
04.02.1996	5.9	14.3	9.2	2.2	10.3	12.8	13.9	10.3	7.4
05.02.1996	0.1	0	0	0	0	0	0	0	0
06.02.1996	0	0	0	0	0	0	0	0	0
07.02.1996	0	0	0	0	0	0	0	0	0
08.02.1996	0	0	0	0	0	0	0	0	0
09.02.1996	0	0	0	0	0	0	0	0	0
10.02.1996	0	0	0	0	0	0	0	0	0
11.02.1996	0	0	0	0	0	0	0	0	0
12.02.1996	0	0	0	0.7	0	0	0	0	0
13.02.1996	0	0	0	0	0	0	0	0	0
14.02.1996	1.3	3	1.5	0	5.2	5.5	0	5.2	5.2
15.02.1996	25.7	15.3	16.4	16.9	21.3	19.7	21.2	21.3	17.9
16.02.1996	15.7	8.1	12.7	14.2	7.6	10.1	10.8	7.6	11.7
17.02.1996	3.5	6.4	8.9	10.1	11.8	9.7	9.7	11.8	10.5
18.02.1996	0	0	0	0	0	0	0	0	0
19.02.1996	0	0	0	0	0	0	0	0	0
20.02.1996	0	0.1	0	0	0	0.1	0	0	0
21.02.1996	0	0	0	0	0	0	0	0	0
22.02.1996	1.8	0	0.2	2.4	0.7	0	0.1	0.7	1
23.02.1996	0	0	0	0	0	0	0	0	0
24.02.1996	0	0	0	0	0	0	0	0	0
25.02.1996	0	0	0	0	0	0	0	0	0
26.02.1996	0	0	0	0	0	0	0	0	0
27.02.1996	13.2	8.1	10.5	11.3	12.1	11.5	13.2	12.1	8.4
28.02.1996	11.3	9.3	10.9	11.3	4	6.6	5.5	4	10.8
29.02.1996	21.2	10.7	15.3	16	12	14.1	13	12	14.2
01.03.1996	6.1	16	7.6	4.4	12.9	12.8	13.8	12.9	5.6
02.03.1996	1.5	7.3	1.2	2.9	6.8	3.2	2.6	6.8	0.9
03.03.1996	0.4	1.7	1.7	2.7	2	3.4	2.8	2	2
04.03.1996	4	0.4	6.8	4	4	3.1	0.1	4	6.9
05.03.1996	0.2	2.8	0.1	0.1	0	3.9	0	0	0
06.03.1996	2.4	3.2	3.2	2	3.3	3.1	4.3	3.3	2.5
07.03.1996	0	0	0	0	0	0	0	0	0
08.03.1996	0	0	0	0	0	0	0	0	0
09.03.1996	0	0	0	0	0	0	0	0	0
10.03.1996	0	0	0	0	0	0	0	0	0
11.03.1996	0	0	0	0	0	0	0	0	0
12.03.1996	0	0	0	0	0	0	0	0	0
13.03.1996	0	0	0	0	0	0	0	0	0
14.03.1996	0	0	0	0	0	0	0	0	0
15.03.1996	0	0	0	0	0	0	0	0	0
16.03.1996	0	0	0	0	0	0	0	0	0
17.03.1996	0	0	0	0	0	0	0	0	0
18.03.1996	0	0	0	0	0	0	0	0	0
19.03.1996	0	0	0	0	0	0	0	0	0
20.03.1996	0	0	0	0	0	0	0	0	0
21.03.1996	0	0	0	0	0	0	0	0	0
22.03.1996	0	0	0	0	0	0	0	0	0
23.03.1996	0	0	0	0	0	0	0	0	0
24.03.1996	0	5.4	2.6	0	0	1.5	2.2	0	0
25.03.1996	2.7	4.1	3.1	2.7	4.9	4	5	4.9	3.9
26.03.1996	10.6	8.9	9.7	8.3	14.4	8.4	5	14.4	8.5
27.03.1996	15	21.6	10.9	8.3	22.3	20.5	19.9	22.3	11.3
28.03.1996	2.9	0.3	2.6	4.1	2.3	0.8	0.7	2.3	3.2
29.03.1996	0.3	0.1	0	0.2	0	4.5	0	0	0
30.03.1996	0	0	0	0	0	0	0	0	0
31.03.1996	0	0	0	0	0	0	0	0	0
01.04.1996	0	0	0	0	0	0	0	0	0
02.04.1996	0	0	0	0	0	0	0	0	0
03.04.1996	0	0	0	0	1.2	0	0	1.2	0
04.04.1996	0	7.6	2.5	0	3	12.7	8.1	3	0
05.04.1996	0	0	0	0	0	0	0	0	0
06.04.1996	0	0	0	0	0	0	0	0	0
07.04.1996	0	0	0	0	0	0	0	0	0
08.04.1996	0	0	0	0	0	0	0	0	0
09.04.1996	1.5	0	0.6	1.2	0.8	0	0.5	0.8	1.1
10.04.1996	0	0	0	0	0	0	0	0	0
11.04.1996	0	0	0	0	0	0	0	0	0
12.04.1996	0	0	0	0	0	0	0	0	0
13.04.1996	0	0	0	0	0	0	0	0	0
14.04.1996	0	0	0	0	0	0	0	0	0
15.04.1996	0	0	0	0	0	0	0	0	0
16.04.1996	0	0	0	0	0	0	0	0	0
17.04.1996	0	0	0	0	0	0	0	0	0
18.04.1996	0	0	0	0	0	0	0	0	0
19.04.1996	0	3.5	0.9	0	0	1.5	1.1	0	0
20.04.1996	4.8	0	0.4	3.3	3.8	0	0.1	3.8	3.8
21.04.1996	4.5	4.7	5.4	3.7	5.5	5.1	6.6	5.5	5.5
22.04.1996	11.3	10.1	11.7	10.7	9.9	8.9	9.6	9.9	11.7
23.04.1996	5	6.5	6.3	5.3	5.2	5.9	6.6	5.2	6
24.04.1996	3.2	0.6	2.4	2.5	1.6	0.1	0.7	1.6	1.9
25.04.1996	0	0	0	0	0	0	0	0	0
26.04.1996	0	0	0	0	0	0	0	0	0
27.04.1996	2.8	2.4	2.2	2.5	2.5	3	3.4	2.5	2.1
28.04.1996	17.8	5	8.4	17.7	13.6	6.4	1.1	13.6	9.9
29.04.1996	0	1	0.1	0	0.8	1.8	0	0.8	0
30.04.1996	0	0	0	0	0	0	0	0	0
01.05.1996	0	0	0	0	0	0	0	0	0
02.05.1996	0	0	0	0	0	0	0	0	0
03.05.1996	0	6.5	0	0	0	1.5	0	0	0
04.05.1996	0	7.3	7.8	5	8.8	6.4	4.4	8.8	8.3
05.05.1996	1.6	1.7	1.7	1.8	3.9	1.7	0.1	3.9	2.3
06.05.1996	5.1	4.2	4.4	6.9	5.6	3.7	3.2	5.6	5.8
07.05.1996	3.9	4.4	4.5	4.6	2.2	0.9	0.1	2.2	1.5
08.05.1996	1.9	5.2	4.6	3.3	2.4	4.5	0.1	2.4	0.8
09.05.1996	0.9	2.9	0.9	0.3	1.9	2.4	0.1	1.9	0.8
10.05.1996	0	0	0	0	0	0	0	0	0
11.05.1996	0	0	0	0	0	0	0	0	0
12.05.1996	0	0	0	0	0	0	0	0	0
13.05.1996	0	0	0	0	0	0	0	0	0
14.05.1996	1.7	3.6	2.4	1.6	1.8	2.8	2.1	1.8	1.7
15.05.1996	3.8	4.2	4.8	7.1	3.1	2.4	0.1	3.1	2.4
16.05.1996	0	3	3.5	0	0	3.6	0.1	0	1.2
17.05.1996	0	0	0	0	0	0	0	0	0
18.05.1996	0	0	0	0	0	0	0	0	0
19.05.1996	0	0	0	0	0	0	0	0	0
20.05.1996	0	0	0	0	0	0	0	0	0
21.05.1996	0	0	0	0	0	0	0	0	0
22.05.1996	0	0	0	0	0	0	0	0	0
23.05.1996	0	0	0	0	0	0	0	0	0
24.05.1996	1.4	0	0	2.7	1.1	0	0.1	1.1	1.9
25.05.1996	7.7	5.2	5.5	4.8	6.5	5.9	5.7	6.5	5
26.05.1996	4.4	3.2	2.8	3.1	5.7	5.9	6.9	5.7	3.9
27.05.1996	2.7	0.8	2.9	2.5	1.9	1.5	0.1	1.9	3.1
28.05.1996	2.6	1.7	4.2	0.1	4.3	3.7	0.1	4.3	5.9
29.05.1996	1.3	0.1	3.1	3.5	2.5	1.8	1.9	2.5	1
30.05.1996	0.4	0.1	1.9	2.7	0.7	0.3	0.5	0.7	1.4
31.05.1996	0.7	0.2	1	0.1	0	0.9	0.9	0	0.5
01.06.1996	2.7	9.3	6.1	2.5	5.9	7.3	6.6	5.9	5.7
02.06.1996	9.6	0.1	3.1	4.1	4.5	4.2	2.5	4.5	1.4
03.06.1996	10.1	12.9	7.6	3.5	11.7	15.2	15.7	11.7	7.7
04.06.1996	0.2	0	0	0	0.4	0	0	0.4	0
05.06.1996	8.1	4.4	5.3	5.3	5.7	4.9	5.3	5.7	5.1
06.06.1996	16	11.9	7	7.4	16.2	13.5	15.6	16.2	11.6
07.06.1996	0.5	4.1	1.7	0.2	2.3	4.4	4.6	2.3	1.3
08.06.1996	8.1	4.1	7.7	7.5	6.9	4.1	5.9	6.9	8
09.06.1996	23.1	14.1	18.3	22.9	21.6	16.6	14.5	21.6	19.2
10.06.1996	0	0	0	0	0	0	0	0	0
11.06.1996	3.3	1.3	3.1	3.7	5.9	4.8	4.8	5.9	2.8
12.06.1996	7.6	5.4	6	6.6	5.8	5	5.4	5.8	6.1
13.06.1996	8.6	3.9	7.5	10.4	11.4	7.1	5.7	11.4	9.7
14.06.1996	2.4	2.9	1.3	2	1.6	2.3	4	1.6	1.6
15.06.1996	1.7	2.3	0.6	0.5	3.4	3.3	0.1	3.4	1.6
16.06.1996	1.4	1.6	1.6	1.4	2.7	1.2	1.1	2.7	1.9
17.06.1996	2.3	1.6	2.7	2.4	2.1	3.1	4.9	2.1	2.1
18.06.1996	15.9	10.5	13.3	17.2	12.1	13	13	12.1	15.8
19.06.1996	0.8	0.2	1	1.2	0.1	0.4	0.5	0.1	0.1
20.06.1996	2.8	3.9	1.2	2.7	1.9	3.4	0.1	1.9	0.1
21.06.1996	0	0.1	0	0	0	2.8	0	0	0
22.06.1996	0	2.9	0.4	0	0	1.8	0.3	0	0
23.06.1996	0	3.6	0.7	0	0	5.3	0	0	1.8
24.06.1996	2.1	1.1	2.3	2.6	1	0.9	1.8	1	1.2
25.06.1996	0	0.1	0	0	0	0.1	0	0	0
26.06.1996	0	0	0	0	0	0	0	0	0
27.06.1996	3.1	5.8	6.6	6.1	2.9	2.5	3	2.9	4
28.06.1996	0.2	0.1	0	0	0	0.1	0	0	0
29.06.1996	0.1	0	0	0	0	0	0	0	0
30.06.1996	0.3	1.3	2.7	2.6	1.3	0.8	0.1	1.3	1.6
01.07.1996	8.5	12.3	10.7	8.5	10.2	11.1	10.8	10.2	10.8
02.07.1996	6.3	9.8	8	6.9	7.9	7	7.3	7.9	8
03.07.1996	13.8	17.6	15.2	14.1	13.8	12.4	11.3	13.8	15.1
04.07.1996	4.1	3.3	3.3	2.7	3.9	5.6	5.4	3.9	0.1
05.07.1996	8.3	12.7	9.3	9.5	13.4	13.2	12.6	13.4	9.3
06.07.1996	15.1	12.3	10.9	15	12.6	11	9.2	12.6	11.5
07.07.1996	0.2	0.8	1.2	0.7	0	1	0.1	0	0.7
08.07.1996	0	1.8	2.5	0	0	0.3	1.1	0	1.2
09.07.1996	0	1.9	0	0	0	0.1	0	0	0
10.07.1996	0	1.6	0	0	0	0.6	1	0	0
11.07.1996	0	0.5	2.7	1.4	3.8	0.9	0.1	3.8	1.3
12.07.1996	4.2	6.4	4.7	5.6	4.4	4.4	5.2	4.4	4.9
13.07.1996	0	0	0	0	3.8	0	0	3.8	0
14.07.1996	7.7	2.5	4.9	7.4	5.7	3.9	3.7	5.7	5
15.07.1996	7.6	17.1	12.9	5.4	16.3	19.1	23.5	16.3	13.9
16.07.1996	9.1	22.6	13.8	3.8	21.3	24.4	28.3	21.3	12.3
17.07.1996	1.6	0.1	2.6	2.1	4.2	1.1	2.2	4.2	2.8
18.07.1996	1.9	0.7	4	5.6	1.5	0.2	0.1	1.5	3.8
19.07.1996	0.1	0.1	0.1	0	0	0.1	0	0	0
20.07.1996	0	0	0	0	0	0	0	0	0
21.07.1996	0.7	1.2	0.2	0.8	0.9	1.3	0	0.9	0.4
22.07.1996	1	0.6	0.6	1.4	0.9	1.5	0	0.9	0.2
23.07.1996	0.8	4.1	1.9	0.2	2.3	4.5	4.5	2.3	1.5
24.07.1996	0	7.2	5.8	0	2.9	7.3	8.5	2.9	0
25.07.1996	0	0.6	0	0	0	0.1	0	0	0
26.07.1996	1.2	1	1.6	1.9	1.8	1.5	0.6	1.8	1.5
27.07.1996	0.1	0.1	2.5	0.5	0	2.8	3.6	0	2
28.07.1996	8.3	8.9	8.1	5.5	12.5	10.5	13.8	12.5	9.8
29.07.1996	9.9	6.6	8.2	12.5	11.8	6.3	5.5	11.8	10.4
30.07.1996	2.3	1.3	0.6	1.7	2.1	2.9	0.1	2.1	2
31.07.1996	0.1	0.9	1	0	0	1.7	0	0	0
01.08.1996	8	6	7.1	7.8	5.3	5.4	6.2	5.3	7.2
02.08.1996	2.1	3.3	2.8	0.9	3.7	3.5	4.9	3.7	2.3
03.08.1996	5.8	4.1	4.5	5	7.9	6.3	8.9	7.9	8.4
04.08.1996	4.7	7	4.2	6.9	6.9	8.6	11.5	6.9	7.1
05.08.1996	1.2	0.6	0.4	0.5	1.5	2.2	2.9	1.5	0.1
06.08.1996	0.1	0	0	0	0	0	0	0	0
07.08.1996	0.1	0	0	0	0	0	0	0	0
08.08.1996	0	0	0	0	0	0	0	0	0
09.08.1996	0	0	0	0	0	0	0	0	0
10.08.1996	0	13.5	11.8	0	0.9	11.8	6	0.9	0
11.08.1996	0	0	0	0	0	0	0	0	0
12.08.1996	0	0	0	0	0	0	0	0	0
13.08.1996	0	0	0	0	0	0	0	0	0
14.08.1996	0	0	0	0	0	0	0	0	0
15.08.1996	0	0	0	0	0	0	0	0	0
16.08.1996	0.1	0	0	0	0	0	0	0	0
17.08.1996	1	0.1	0.1	0.4	0.4	0.5	0	0.4	0.2
18.08.1996	0	0	0	1	0.4	0	0	0.4	0
19.08.1996	0.4	2.8	2.5	0	0	3.4	1.4	0	0
20.08.1996	0	0	0	0	0	0	0	0	0
21.08.1996	0	0	0	0	0	0	0	0	0
22.08.1996	0	0	0	0	0.1	0	0	0.1	0
23.08.1996	0	0	0	0	0	0	0	0	0
24.08.1996	0	0	0	0	0	0	0	0	0
25.08.1996	12.7	7.5	10.3	12.4	9.4	8	8.8	9.4	10.8
26.08.1996	0.1	0.1	1.4	2.3	0.8	0.1	0.6	0.8	0.3
27.08.1996	0.1	0	0	0	0	0	0	0	0
28.08.1996	20.8	15.9	20.4	22.7	17.7	16.4	15.5	17.7	23
29.08.1996	2	0.1	1.6	0.5	0	0.1	0.1	0	0
30.08.1996	3.5	2.3	3.6	3.3	3.6	2.6	3.9	3.6	4.1
31.08.1996	14.5	7	12.5	21.4	17.1	8.6	9.4	17.1	16.5
01.09.1996	8.3	6	9	6.3	3.9	5.4	6.1	3.9	12.5
02.09.1996	1.3	3.7	1.2	0.2	0	1.7	0	0	1.3
03.09.1996	0.6	0	0	0	0	0	0	0	0
04.09.1996	0.1	0	0	0	0	0	0	0	0
05.09.1996	0.3	0	0	0	0	0	0	0	0
06.09.1996	0.1	0	0	0.1	0	0	0	0	0
07.09.1996	2.2	0	0	0	0	0	0	0	0
08.09.1996	1.7	1.6	3.3	2.2	1.4	0.7	1.1	1.4	3.7
09.09.1996	0.5	1.8	0.2	1.4	0	2.2	0	0	0
10.09.1996	4.5	7.8	5	2.1	7.8	9.7	11.5	7.8	5
11.09.1996	1.8	2.3	4.6	0.5	3.6	3.9	0.1	3.6	4.8
12.09.1996	10	8.2	9.3	10	9	9	7.9	9	8.6
13.09.1996	0.1	0	0	0	0	0	0	0	0
14.09.1996	0.2	0	0	0	0	0	0	0	0
15.09.1996	0.1	0	0	0.1	0	0	0	0	0
16.09.1996	0.1	0	0	0	0	0	0	0	0
17.09.1996	0.1	0	0	0	0	0	0	0	0
18.09.1996	0.1	0	0	0	0	0	0	0	0
19.09.1996	0.1	0	0	0.1	0	0	0	0	0
20.09.1996	0.1	0	0	0.1	0	0	0	0	0
21.09.1996	0.1	0	0	0	0	0	0	0	0
22.09.1996	0.1	0	0	0	0	0	0	0	0
23.09.1996	0.9	0.1	0.5	1	0.6	0.4	0.2	0.6	0.5
24.09.1996	1	0.3	0.1	0.7	0.1	0.1	0.1	0.1	0.1
25.09.1996	0.1	0	0	0.1	0	0	0	0	0
26.09.1996	0.1	0	0	0	0	0	0	0	0
27.09.1996	0.9	0	0.3	1.1	2.2	0	0.1	2.2	1.5
28.09.1996	5.9	0	0	16.3	7.4	0	2.8	7.4	11.1
29.09.1996	0.9	0	0	3.5	0.3	0	0	0.3	1.3
30.09.1996	4.1	6.8	7.8	3.9	6	5.5	6.5	6	5.5
01.10.1996	15.9	5.1	10.8	12.9	10	8	9.6	10	10.1
02.10.1996	5.4	0	0.1	4.9	5.9	0	0	5.9	1.8
03.10.1996	1	0	0	1.7	1.7	0	0	1.7	1
04.10.1996	18.7	18.1	17.2	19	30.7	17.7	17.7	30.7	20.7
05.10.1996	2.9	3.4	3.4	2.4	3.2	3.7	2.1	3.2	0.9
06.10.1996	9	2.7	3.8	5	7.5	5.2	5.8	7.5	5.7
07.10.1996	1	17.4	6	1.8	12.5	15.6	14.8	12.5	2.5
08.10.1996	10.4	5.4	9.1	12.9	8.7	5.9	4.1	8.7	11.2
09.10.1996	5.4	3	6.4	6.5	3.8	5	4.5	3.8	2.4
10.10.1996	22.5	20.8	18.6	14.3	24.2	22.1	24.7	24.2	21.6
11.10.1996	5.4	4.6	3	4.5	8.4	5.8	7	8.4	3.1
12.10.1996	13.6	34.4	17.6	10	31.3	23.8	23.7	31.3	13.2
13.10.1996	11.6	6.6	7.6	9.4	4.4	6.9	3.7	4.4	6.7
14.10.1996	0.8	0	0.6	4.3	1.4	0	0	1.4	2.9
15.10.1996	0	0	0	0	0	0	0	0	0
16.10.1996	0	0	0	0	0	0	0	0	0
17.10.1996	0.3	0	0.1	1.2	0.6	0	0.7	0.6	0.2
18.10.1996	1	1.3	1	0.5	0	2.2	2	0	1.3
19.10.1996	0.1	0	0	0.5	0	0	0	0	0.3
20.10.1996	0.9	0	0	0.2	0	0	0	0	0.5
21.10.1996	0	0	0	0.1	0	0	0	0	0
22.10.1996	2.2	0.1	1.6	4	1.9	0.8	0.1	1.9	2.6
23.10.1996	0.5	0	0	0.3	0	0	0	0	0
24.10.1996	0	0	0	0	0	0	0	0	0
25.10.1996	0	0	0	0	0	0	0	0	0
26.10.1996	0	0	0	0.1	0	0	0	0	0
27.10.1996	0.6	0	0.2	0.4	1.6	0	0.1	1.6	0.8
28.10.1996	2.6	1.2	2.6	2.3	0.4	0.4	0.2	0.4	0.8
29.10.1996	8	6.7	7.2	7.6	7.6	7.5	8.2	7.6	8.2
30.10.1996	6	9.2	10.8	11.5	4.5	5.7	0.1	4.5	9.4
31.10.1996	0	0	0	0	0	0	0.1	0	0
01.11.1996	5.8	7.3	7.6	4.8	7.8	6.9	7.9	7.8	6.6
02.11.1996	12.8	16.3	16.5	14.1	21	17.3	18	21	16.3
03.11.1996	53.8	35.9	42.7	50.3	46.5	32.9	27.7	46.5	44.3
04.11.1996	20.1	15.2	15.1	18.8	13.9	12	12.2	13.9	15.8
05.11.1996	1.5	6.7	3.2	1.2	5.2	7.2	5.9	5.2	2.2
06.11.1996	9.6	6.5	8.3	10.3	9.5	7	4.9	9.5	9.3
07.11.1996	5.1	3.2	5.7	3.7	5.4	4.6	4.3	5.4	3.9
08.11.1996	17	6.3	22	31.5	16.1	10.2	9.5	16.1	15.7
09.11.1996	3.8	0.1	2.5	2.9	5.8	3.1	0.1	5.8	3.8
10.11.1996	1.5	0	0	0.7	0.5	0	0	0.5	0.1
11.11.1996	0	0	0	0.1	0	0	0	0	0
12.11.1996	0	0	0	0.1	0	0	0	0	0
13.11.1996	0	0	0	0	0	0	0	0	0
14.11.1996	0	0	0	0.1	0	0	0	0	0
15.11.1996	13.1	16.6	12.8	4.3	18.1	16.7	25.5	18.1	17.3
16.11.1996	16.7	11.1	10.4	8.6	15.6	14.2	17.4	15.6	11.3
17.11.1996	13.4	8.3	19.5	22.5	12.4	7.6	6.9	12.4	13.1
18.11.1996	0.1	2	0	0	0	2.1	0	0	0
19.11.1996	0.1	0	0	0	0	0	0	0	0
20.11.1996	0	0	0	0	0	0	0	0	0
21.11.1996	0	0	0	0	0	0	0.1	0	0
22.11.1996	1.2	0	0	0.2	0	0	0	0	0
23.11.1996	2.6	3.7	6.7	6.6	4.1	3.7	3.7	4.1	4.4
24.11.1996	0	0	0	0.1	0	0	0	0	0
25.11.1996	0	0	0	0.1	0	0	0	0	0
26.11.1996	0	0	0	0	0	0	0	0	0
27.11.1996	0	0	0	0	0	0	0	0	0
28.11.1996	0	0	0	0	0	0	0	0	0
29.11.1996	0	0	0	0	0	0	0	0	0
30.11.1996	0	0	0	0	0	0	0	0	0
01.12.1996	0	0	0	0.1	0	0	0	0	0
02.12.1996	0	0	0	0	0	0	0	0	0
03.12.1996	0	0	0	0	0	0	0	0	0
04.12.1996	2.3	0.1	3.6	6.1	0.5	0.1	0.1	0.5	2.9
05.12.1996	1.4	2.7	8.4	7.5	1.5	0.3	4.4	1.5	6.6
06.12.1996	3	3.9	8.7	9.7	5.4	3.2	5.7	5.4	7.1
07.12.1996	0	2.4	0.3	0	2	3.1	0	2	0
08.12.1996	3.1	9.9	11.2	7.7	6.9	8.4	9.4	6.9	3.9
09.12.1996	1.5	0.9	2	3.7	1.2	0.8	1.1	1.2	1.9
10.12.1996	0.4	0.6	1.4	2.5	0.6	0.4	1.5	0.6	1.4
11.12.1996	0.5	0.2	0.4	0.9	1.3	1.2	0.1	1.3	1.1
12.12.1996	11.4	2.7	3.7	14.6	10.3	4.9	3.6	10.3	5.9
13.12.1996	6.5	18.3	12.1	6.9	15.3	11.8	10	15.3	11
14.12.1996	2.7	7.1	3.7	1.8	4.8	4.5	0.7	4.8	3.3
15.12.1996	0	0	0	0	0	0	0	0	0
16.12.1996	9	12.7	10.9	11.4	11.7	10.2	7	11.7	9.5
17.12.1996	5.6	0.1	1.4	6.4	6.8	4.9	0	6.8	5.2
18.12.1996	1.6	0	0	1.5	0	0	0	0	0
19.12.1996	0	0	0	0	0	0	0	0	0
20.12.1996	0.1	0	0	0	0	0	0	0	0
21.12.1996	7.8	2.5	7.8	11.2	11.2	2.2	0.1	11.2	6.5
22.12.1996	2	6.6	3.4	1.5	3.8	5.4	6	3.8	2.9
23.12.1996	0.7	0	0.1	0.7	0.6	0	0.1	0.6	0.5
24.12.1996	3.7	5.5	5	2.9	5.6	5.6	5.4	5.6	4.4
25.12.1996	0.9	3.9	3.5	2.6	2	2.5	1.7	2	3.1
26.12.1996	0	2.1	2.4	0	0	2.5	1.4	0	0.7
27.12.1996	5.4	5.4	6.1	4.7	5.3	3.3	8.2	5.3	7.2
28.12.1996	0.3	2.5	1.2	0.4	2.1	2.1	3.5	2.1	1.4
29.12.1996	4.5	4.5	7.4	9.7	6.7	5.7	0	6.7	6.8
30.12.1996	0.1	0.8	0	0	0	0.7	0	0	0
31.12.1996	0	0	0	0	0	0	0	0	0
01.01.1997	0.1	0.1	0	0	0	0.1	0	0	0
02.01.1997	0.8	5.3	0.5	0.7	0	4.6	0	0	1.2
03.01.1997	0	0	0	0	0	0	0	0	0
04.01.1997	0	0	0	0	0	0	0	0	0
05.01.1997	0.2	0	0	0	0	0	0	0	0
06.01.1997	0.1	0	0	0	0	0	0	0	0
07.01.1997	0.1	0	0	0	0	0	0	0	0
08.01.1997	0.7	0	0	0.9	0	0	0	0	0.2
09.01.1997	1.8	5.3	7.7	0	6.3	5.3	0.7	6.3	4.9
10.01.1997	0.5	0.4	0.5	0.6	0.5	0.6	0.2	0.5	0.4
11.01.1997	1.8	3.5	3.2	2.9	2.4	1.6	1.6	2.4	3.2
12.01.1997	2.1	0	0	2.9	0	0	0.3	0	1.4
13.01.1997	19	9.7	14.1	16.7	18.4	10.1	12.1	18.4	14.7
14.01.1997	34.5	19.5	21	21.5	23	16.7	12.3	23	18
15.01.1997	23.3	12.3	14.2	18.3	12.1	12.9	8.3	12.1	11.1
16.01.1997	2	2.5	3.8	4.8	1.8	2.1	1	1.8	0.8
17.01.1997	0.2	0	0	0	0	0	0	0	0
18.01.1997	0.2	0	0.2	1.3	1.1	0	0.1	1.1	1.1
19.01.1997	16.1	6.9	17.5	21.2	13.5	6.2	2.4	13.5	19
20.01.1997	0.6	0.6	0	0.5	0	0.1	0	0	0
21.01.1997	0.4	0	0	3.2	1.8	0	0	1.8	0.9
22.01.1997	0	0	0	0	0	0	0	0	0
23.01.1997	0.1	0.4	0	0	0	0.9	0	0	0
24.01.1997	0.1	0	0	0	0	0	0	0	0
25.01.1997	0	0	0	0	1.3	0	0	1.3	0
26.01.1997	0	0	0	0	0	0	0	0	0
27.01.1997	11.1	6.5	6.4	7.9	13	9.7	10.6	13	8.7
28.01.1997	11.5	4.6	7	9.7	5.3	6.7	4.9	5.3	4
29.01.1997	1.5	0.1	3.7	3.6	0.8	0.8	0.1	0.8	3.1
30.01.1997	7	4.9	6	10.7	16.9	16.7	21.2	16.9	7.8
31.01.1997	6.7	7.6	7.5	7.3	4.1	7.1	4.5	4.1	3.6
01.02.1997	0.1	4	0.3	0	0	3	0.1	0	0
02.02.1997	0	1.7	0	0	0	1.6	0	0	0
03.02.1997	8.7	8.1	5.8	3.7	10.1	9.3	13.9	10.1	7.8
04.02.1997	9.4	4.5	4	5.4	4.6	7	6.6	4.6	4.1
05.02.1997	6.7	6.7	5	8.4	10.7	7.6	7.6	10.7	5.5
06.02.1997	12.3	6.8	7.1	8.8	9.9	7.9	8.6	9.9	7.7
07.02.1997	14	7.2	8	10.3	11.4	9.2	8.8	11.4	7.3
08.02.1997	15.4	20.7	15.4	13	13.7	16.8	13.2	13.7	11.3
09.02.1997	12.6	11.3	9.7	9.1	11.8	8.6	9.8	11.8	9.7
10.02.1997	9.1	4.8	7.9	7.9	5.8	4.8	7.2	5.8	7.5
11.02.1997	3.6	3.6	4.2	3	2.7	2.7	5.1	2.7	3.8
12.02.1997	15.9	11.6	13.1	13.5	15.1	12.7	16.3	15.1	14.8
13.02.1997	1.5	0	0	0.6	0	0	0	0	0
14.02.1997	0	0	0	0	0	0	0	0	0
15.02.1997	0	0	0	0	0	0	0	0	0
16.02.1997	0	0	0	0	0	0	0	0	0
17.02.1997	0	0	0	0	0	0	0	0	0
18.02.1997	0	0	0	0	0	0	0	0	0
19.02.1997	8.4	21.9	11.4	10	13.9	12.9	10	13.9	11.6
20.02.1997	0.8	0	0.1	0.4	1.2	0	0.2	1.2	1.1
21.02.1997	10.3	13.7	9.9	5.2	9.6	10.6	12.3	9.6	7.2
22.02.1997	17.1	12.2	12.8	16	18.6	11.7	13.6	18.6	14.9
23.02.1997	51.9	40.3	40.9	43.7	40.3	32.7	32.7	40.3	40
24.02.1997	9	9.9	7.2	7.6	8.9	6.8	7.5	8.9	6.8
25.02.1997	0.1	0	0.8	3.7	4	0	1.6	4	1.6
26.02.1997	0	0	0	6.7	3.3	0	0	3.3	2.8
27.02.1997	15.7	10.8	11.6	8.4	15.2	13.5	13	15.2	11
28.02.1997	4	18.1	9.7	2.9	8.5	13.1	11.7	8.5	5.6
01.03.1997	33.1	17	23.5	27.6	24.3	14.9	11.3	24.3	23.3
02.03.1997	102.5	52.7	61.3	64.4	54.7	55.2	59.4	54.7	57
03.03.1997	30.4	32.6	26	22.8	23.7	24.7	21.6	23.7	23.2
04.03.1997	12.5	11.5	11.5	15.2	15.9	12.2	8.2	15.9	10.3
05.03.1997	5.1	9.9	5.2	4.3	4.7	6	5.2	4.7	3.4
06.03.1997	12.2	4.3	12.9	16.2	10.5	4.2	5.7	10.5	8.7
07.03.1997	0.4	1.8	1.1	0.3	1.5	2.5	0	1.5	2
08.03.1997	25.2	13.2	14.9	18.2	17.1	13.3	12.2	17.1	14.7
09.03.1997	0	0	0	0	0	0	0	0	0
10.03.1997	0	0	0	0	0	0	0	0	0
11.03.1997	1.1	0	0.1	2.8	2.9	0	0.1	2.9	0.1
12.03.1997	2.6	3.2	1.8	4.3	3.2	4	0.2	3.2	3.8
13.03.1997	11.6	15.3	9.8	3.3	14.7	15.4	20.4	14.7	10.1
14.03.1997	2	10.6	3.8	0.8	6	7.9	0.8	6	4.3
15.03.1997	5.5	6.1	5.2	4.6	10.9	7.4	6.6	10.9	5.1
16.03.1997	9.7	8.6	7.4	6	7.5	10.6	11	7.5	4.6
17.03.1997	3.1	0.1	1.2	5.3	3.4	3.3	0	3.4	0.8
18.03.1997	0	0	0	0	0	0	0	0	0
19.03.1997	0	0	0	0	0	0	0	0	0
20.03.1997	0	0	0	0	0	0	0	0	0
21.03.1997	0	0	0	0	0	0	0	0	0
22.03.1997	0.8	0	0	0.6	0	0	0	0	0
23.03.1997	0.1	0	0	0	0	0	0	0	0
24.03.1997	0	0	0	0	0	0	0	0	0
25.03.1997	0	0	0	0	0	0	0	0	0
26.03.1997	10.8	24.1	11.2	5.3	13.8	16	14	13.8	5.8
27.03.1997	37.1	32	31.4	28.3	28.8	25.3	30	28.8	28.7
28.03.1997	18.2	18.2	13	15.1	20.1	10.8	12.3	20.1	14.5
29.03.1997	13.6	18.6	10.9	7.2	16.2	9.9	7	16.2	9.1
30.03.1997	6.6	5.2	5.7	8.4	8.6	6.5	7.9	8.6	5.9
31.03.1997	37.7	39.5	50.5	63.2	61.1	48	46.2	61.1	53.2
01.04.1997	64.8	32.1	37.9	42.9	45.1	44.1	44.4	45.1	41.9
02.04.1997	8.5	25.3	17.4	11.1	14	19.3	18.9	14	11.1
03.04.1997	34.9	23.5	32.9	32.5	27.8	29.7	27.8	27.8	34.8
04.04.1997	13.9	19.2	20	16.6	31.4	16.2	13.6	31.4	20.9
05.04.1997	6.1	2	3.6	3.1	7.4	2.5	0.4	7.4	3.8
06.04.1997	4.4	10.1	11.1	10	10.2	10.3	0.1	10.2	3.2
07.04.1997	0.2	1.9	0	0.5	0	0.1	0	0	0
08.04.1997	7.3	6.2	7.3	9.6	9.4	5.6	3.6	9.4	6.5
09.04.1997	4.8	13.3	5.5	4.4	8.6	7.5	8.3	8.6	4.5
10.04.1997	12.9	8.3	8.5	13.1	11.2	11.5	12	11.2	6.5
11.04.1997	25.2	7.7	23.5	25.6	24.5	18.6	20.4	24.5	23.2
12.04.1997	1.5	1.2	4.5	1.8	2.3	3	0.4	2.3	3.6
13.04.1997	2.3	4.4	2.4	0.7	3.7	4.9	6	3.7	2
14.04.1997	5	6.1	5.1	4.6	9	3.9	2.4	9	5.1
15.04.1997	6.7	7.5	5.9	4.7	6	8.1	9	6	4.9
16.04.1997	4.2	3.7	4.1	2.9	3	2.1	0.2	3	4.5
17.04.1997	1.2	0	0	0.1	0.1	0	0	0.1	0.7
18.04.1997	0	0	0	0	0	0	0	0	0
19.04.1997	1	0	0	0	2.1	0	0	2.1	0
20.04.1997	0	0	0	0	0	0	0	0	0
21.04.1997	4.5	3	3.7	4.8	5.3	4.5	5.1	5.3	3.9
22.04.1997	11.7	4.8	8.1	9.7	17.1	9.3	8.9	17.1	8.3
23.04.1997	9.6	23.7	8.1	5.2	11.9	18.5	14.9	11.9	4.6
24.04.1997	2.9	0	0	1.5	0.1	0	0	0.1	0.1
25.04.1997	0.5	0	0	0	1.3	0	0	1.3	0
26.04.1997	0.1	0	0	0	0	0	0	0	0
27.04.1997	0	0	0	0	0	0	0	0	0
28.04.1997	1.3	0	0	1.2	0.9	0	0	0.9	0.6
29.04.1997	0	0	0	0.1	0	0	0	0	0
30.04.1997	0	0	0	0	0	0	0	0	0
01.05.1997	9.5	4.1	6.2	7.1	7.1	6	7.6	7.1	7.3
02.05.1997	15.1	13.2	13	18	19.1	15.5	16.3	19.1	13.6
03.05.1997	0.2	6.2	4.1	0.1	3.6	4.6	0.1	3.6	4.7
04.05.1997	1.3	3.2	1.2	0.1	1.9	4.3	0.1	1.9	1.4
05.05.1997	0	0	0	0	0	0	0	0	0
06.05.1997	3.6	5.8	5	4.5	4.5	4.6	4.1	4.5	5.3
07.05.1997	0.4	0	0	0.6	0	0	0.1	0	0
08.05.1997	5.4	9.3	7.7	7.7	5.3	7.9	7.9	5.3	6.1
09.05.1997	0	0	0	0	0	0	0	0	0
10.05.1997	0	1.9	0	0	0	0.2	0	0	0
11.05.1997	3.5	0.9	2.7	3.2	5.8	1.5	0.8	5.8	3
12.05.1997	0	0	0	0	0	0	0	0	0
13.05.1997	1.7	7.1	4.4	0.4	4.3	6.3	8.7	4.3	3.7
14.05.1997	0.2	0.5	0.5	0.2	0.8	1.7	2.8	0.8	0.1
15.05.1997	3	5.5	3.1	2.9	3.8	4.1	3.9	3.8	1.8
16.05.1997	0	0	0	0	0.6	0	0	0.6	0
17.05.1997	0	0	0	0	0	0	0	0	0
18.05.1997	0	0	0	0	0	0	0	0	0
19.05.1997	0	0	0	0	0	0	0	0	0
20.05.1997	0	0	0	0	0	0	0	0	0
21.05.1997	0	0	0	0	0	0	0	0	0
22.05.1997	0	0	0	0	0	0	0	0	0
23.05.1997	0	0	0	0	0	0	0	0	0
24.05.1997	0	0	0	0	0	0	0	0	0
25.05.1997	0	0	0	0	0	0	0	0	0
26.05.1997	4.5	1.5	1.8	2.7	4.3	2.2	3.5	4.3	2.2
27.05.1997	7.8	3.1	6.9	7.7	5.9	4.5	3.1	5.9	8
28.05.1997	0.1	0.8	0.7	2.3	0	3.6	0	0	3
29.05.1997	9.4	7.7	8.4	9.5	11.9	8.1	5.5	11.9	7.7
30.05.1997	1.2	1.1	0.9	1.3	0.9	1	0	0.9	1
31.05.1997	0.3	0	0	0.3	0.1	0	0	0.1	0
01.06.1997	0.1	0	0	0	0	0	0	0	0
02.06.1997	0	0	0	0	0	0	0	0	0
03.06.1997	0	0	0	0	0	0	0	0	0
04.06.1997	0	0	0	0	0	0	0	0	0
05.06.1997	0	0	0	0	0	0	0	0	0
06.06.1997	0	0	0	0	0	0	0	0	0
07.06.1997	0	0	0	0	0	0	0	0	0
08.06.1997	0	0	0	0	0	0	0	0	0
09.06.1997	0	0	0	0	0	0	0	0	0
10.06.1997	3	0.1	3.1	4.6	2.5	0.7	0.4	2.5	2.4
11.06.1997	0	0	0	0	0	0	0	0	0
12.06.1997	0	0	0	0	0	0	0	0	0
13.06.1997	0.1	0	0	0.8	0.8	0	0	0.8	0.4
14.06.1997	2.4	0.8	0.4	1	0.5	0.9	1.5	0.5	0.4
15.06.1997	3.9	5.1	5.8	5.8	5.9	5.4	5.6	5.9	6.8
16.06.1997	13.3	19.8	16.1	16.3	17.2	18.5	19.1	17.2	18.3
17.06.1997	0.1	1	0.5	0.7	0	6.1	0	0	0
18.06.1997	0	0	0	0	0	0	0	0	0
19.06.1997	0	0	0	0	0	0	0	0	0
20.06.1997	0	0	0	0	0	0	0	0	0
21.06.1997	0.7	0	0	0	0	0	0	0	0
22.06.1997	0	0	0	0	0	0	0	0	0
23.06.1997	0	0	0	0	0	0	0	0	0
24.06.1997	0	0.2	0	0	0	0.2	0	0	0
25.06.1997	0	2.6	0.1	0	0	6.1	0	0	0
26.06.1997	0	0.4	0	0	0	0.1	0	0	0
27.06.1997	0	1.7	0	0	0	0.6	0	0	0
28.06.1997	0	0	0	0	0	0	0	0	0
29.06.1997	0.9	0	0	4.2	2	0	0	2	3.6
30.06.1997	3	1.1	1.8	2.2	1.2	1.2	1.2	1.2	1.5
01.07.1997	1.5	0.1	1.6	2.1	0.8	2.1	2.8	0.8	0.8
02.07.1997	0.7	3.1	1.2	0.4	1.3	3.4	4	1.3	0.6
03.07.1997	4.9	5.4	5.5	4.4	3.8	3.5	3.2	3.8	4.8
04.07.1997	2.8	9.3	4.6	1.2	6.9	8.4	8.4	6.9	4.2
05.07.1997	3.2	0.5	0.7	1.9	1.7	0.8	0.7	1.7	1.1
06.07.1997	0.1	0.1	0	0	0	0.1	0	0	0
07.07.1997	2.2	0.4	1.5	4.4	7.2	2.4	1.9	7.2	1.5
08.07.1997	2.3	3.1	4.1	3.6	3.8	3.7	0.1	3.8	3.7
09.07.1997	0.1	0.1	0	0	0	0.1	0	0	0
10.07.1997	0	0	0	0.1	0	0	0	0	0
11.07.1997	0	0	0	0	0	0	0	0	0
12.07.1997	0	0	0	0	0	0	0	0	0
13.07.1997	0.1	0	0	0	0	0	0	0	0
14.07.1997	0	0	0	0	0	0	0	0	0
15.07.1997	0	0	0	0	0	0	0	0	0
16.07.1997	0	0	0	0	0	0	0	0	0
17.07.1997	0	0	0	0	0	0	0	0	0
18.07.1997	0	0	0	0	0	0	0	0	0
19.07.1997	0	16.6	0.1	0	0	5.1	4.6	0	0
20.07.1997	0	0	0	0	0	0	0	0	0
21.07.1997	0	0	0	0	0	0	0	0	0
22.07.1997	0.1	5.7	0.3	0	0	6.5	0	0	0
23.07.1997	0	0	0	0	0	0	0	0	0
24.07.1997	0.1	0	0	0	0	0	0	0	0
25.07.1997	0	0	3.1	1.8	0.8	0	0.8	0.8	3.1
26.07.1997	0.4	0	0	2.1	0	0	0.9	0	1.5
27.07.1997	14.7	12.1	13.5	14.6	13.6	15.8	14.3	13.6	11.7
28.07.1997	3.5	2.1	2.6	1.5	2.6	2.9	3.1	2.6	2.7
29.07.1997	3.2	1.2	4.2	6.6	6	4.2	0	6	5.3
30.07.1997	2.1	1.8	0.4	3.2	2.8	2.2	0	2.8	1.5
31.07.1997	0	0	0	0	0	0	0	0	0
01.08.1997	0	0	0	0.1	0	0	0	0	0
02.08.1997	10.2	4	7.7	11.6	9.8	4.5	4.8	9.8	9.4
03.08.1997	2.9	6.1	7.6	7.2	5.1	3.5	4.6	5.1	5.9
04.08.1997	0.4	1.5	3.4	3.3	1	1.4	1.3	1	1.9
05.08.1997	0	0	0	0	0	0	0	0	0
06.08.1997	0	0	0	0	0	0	0	0	0
07.08.1997	0	0	0	0	0	0	0	0	0
08.08.1997	0	0	0	0	0	0	0	0	0
09.08.1997	0	0	0	0	0	0	0	0	0
10.08.1997	13.9	16.3	14.9	8.5	18.5	20.9	23.1	18.5	16.8
11.08.1997	0.1	0	0	0	0	0	0	0	0
12.08.1997	0.3	0	0	1.5	0.7	0	0	0.7	0.1
13.08.1997	0.3	0.5	3.7	0.4	0	2.8	2.6	0	1.1
14.08.1997	0.1	0	0	0	0	0	0	0	0
15.08.1997	0.1	0	0	0	0	0	0	0	0
16.08.1997	0.1	0	0	0	0	0	0	0	0
17.08.1997	0.1	0	0	0	0	0	0	0	0
18.08.1997	0	0	0	0.1	0	0	0	0	0
19.08.1997	0	0	0	0	0	0	0	0	0
20.08.1997	0.1	0	0	0	0	0	0	0	0
21.08.1997	0	0	0	0	0	0	0	0	0
22.08.1997	12.9	4.5	7.2	12	11.3	7.1	7.6	11.3	8.9
23.08.1997	3.1	3.4	2.5	2.3	3.7	3.7	5	3.7	2.9
24.08.1997	5.4	5.7	6.3	6.1	6.3	5.2	6.5	6.3	7
25.08.1997	0.3	1	0.9	1.5	0	1.7	0	0	2.8
26.08.1997	7	0	0.2	7	7.2	0	0.3	7.2	7.5
27.08.1997	1.5	2.5	1.8	1.2	2.7	2.1	1.8	2.7	0.7
28.08.1997	0.1	0	0	0	0	0	0	0	0
29.08.1997	0	2.2	0	0	0	0.1	0.1	0	0
30.08.1997	8	26.5	20.3	3.5	18.7	18.8	25.5	18.7	22.3
31.08.1997	4.1	4.9	3.5	2.4	3.5	4.5	4.5	3.5	3.5
01.09.1997	0.2	0	0	0.9	0	0	0.1	0	0.1
02.09.1997	1.6	0	0.1	0.1	0.7	0	0	0.7	1.8
03.09.1997	0	6.3	5.2	0	0	2.1	4.6	0	1.8
04.09.1997	4.7	0	0	4.9	2.7	0	0	2.7	2
05.09.1997	0.6	0	0.2	0.7	1	0	0.4	1	0.8
06.09.1997	2.1	0	0.1	0.4	3.4	0	0.1	3.4	2.8
07.09.1997	1.4	4.7	3.9	2.6	3.4	4.5	4.9	3.4	3.6
08.09.1997	18.3	15.4	8.7	13.2	21.1	12.3	12.3	21.1	10.7
09.09.1997	46.2	30.7	32.6	35.4	40.2	36.1	29.8	40.2	30.8
10.09.1997	22.4	1.5	17.2	14.7	15.8	19.8	17.1	15.8	14
11.09.1997	4.8	2	4.6	5	6.3	3.5	4.2	6.3	4.6
12.09.1997	2.7	1.3	1.8	3.8	3.3	2.8	1.2	3.3	1.8
13.09.1997	6.4	8.5	8.2	7.9	7.7	8.8	7.6	7.7	7.9
14.09.1997	18.7	12.7	20.2	17.1	29	27	21.7	29	19.5
15.09.1997	11.8	11.2	12.6	5.4	9	14.9	13	9	7.1
16.09.1997	29.4	9.2	16.8	23	20.5	11.5	10.7	20.5	18.3
17.09.1997	26.4	22	27.2	30.7	32.1	22.6	20.7	32.1	28.2
18.09.1997	12.1	6.1	8.1	7.4	3.2	7.6	6.3	3.2	6
19.09.1997	15.4	21.7	15.8	6.9	19.2	25.8	32.2	19.2	15.7
20.09.1997	15.1	12	10	6.1	15.1	17.2	19.9	15.1	9.8
21.09.1997	7.5	7.9	12.4	14.1	19.2	13.3	14.7	19.2	14.3
22.09.1997	3.5	5.5	3.5	1.7	5.8	6.5	8.6	5.8	4.4
23.09.1997	7.1	0.1	1.8	8.6	4.3	1.4	0.1	4.3	0.8
24.09.1997	2.1	5.2	3.6	2.2	4.6	5.4	2.7	4.6	1.7
25.09.1997	0.2	0	0	0	0	0	0	0	0
26.09.1997	0.1	0	0	0.2	0	0	0	0	0
27.09.1997	0.1	0	0	0	0	0	0	0	0
28.09.1997	0.1	0	0	0	0	0	0	0	0
29.09.1997	2.3	0.7	1.8	1.3	0	1.5	1.4	0	2.4
30.09.1997	4.3	4	5	6.4	6.2	4.7	4.7	6.2	6.1
01.10.1997	3.1	3.7	2.2	3	5.4	4.4	3.5	5.4	1.9
02.10.1997	36.8	21.5	28.5	33.4	29.7	22.5	19.8	29.7	30.4
03.10.1997	4.5	3.8	4.5	5.2	5.5	3.6	2	5.5	4.7
04.10.1997	11.2	6.9	10.1	13.1	12.2	7.9	7.4	12.2	12
05.10.1997	14.4	10.9	12.3	13.1	13.8	14.6	13.3	13.8	10.1
06.10.1997	4.2	3.1	5.1	5.3	4.9	3.7	3.9	4.9	5.7
07.10.1997	4.5	2.6	7.2	10	6.4	3.2	3.9	6.4	5.8
08.10.1997	1.1	8.7	9	3	3.5	2.4	2.1	3.5	6.1
09.10.1997	6.1	5.5	5	3.4	4.8	5.7	4.3	4.8	3.1
10.10.1997	0.1	0	0	0.1	0	0	0	0	0
11.10.1997	0	0	0	0	0	0	0	0	0
12.10.1997	4.9	6	9.9	7.5	6.5	4.9	0.1	6.5	9.9
13.10.1997	26.5	9.1	15.7	26.2	18.6	11.2	4.3	18.6	15.1
14.10.1997	6.2	10.7	11.6	11.2	6.6	8.8	0.2	6.6	4.8
15.10.1997	1.1	0	0	0.1	0	0	0	0	0
16.10.1997	0.2	0	0	0	0	0	0	0	0
17.10.1997	3.4	0	0.1	2.6	1.7	0	0.1	1.7	0.9
18.10.1997	29.4	14.7	23.7	29.4	27.2	17.3	18.5	27.2	28.6
19.10.1997	7.7	5	3.3	4	3.6	7.8	7.5	3.6	2.4
20.10.1997	15.3	23.2	15.3	7.4	26.6	22.4	24.5	26.6	14.4
21.10.1997	7.2	21.9	19.2	7.6	13	15.6	17.9	13	12
22.10.1997	22.7	6	13.5	18.7	21.2	19.6	18.1	21.2	16.7
23.10.1997	9.3	24.4	13.5	7.5	20.4	17.2	13.4	20.4	11.1
24.10.1997	21.1	26.2	17.6	14.5	31.4	26.1	22.9	31.4	13.3
25.10.1997	7.2	20	8.2	6.5	14.8	14.4	13.9	14.8	3.2
26.10.1997	6.4	2.8	9.2	5.2	5.6	11.7	0.1	5.6	7.2
27.10.1997	0	0.1	0	0	0	0.1	0	0	0
28.10.1997	0	0	0	0.1	0	0	0	0	0
29.10.1997	2.7	0.4	0.2	2.2	5.1	3.2	0	5.1	3.4
30.10.1997	0.3	0	0	0.2	0	0	0	0	0
31.10.1997	2.3	4.9	5.9	4.8	5	5.8	6.7	5	5.5
01.11.1997	9.4	13.2	12.4	14.2	18.1	15.7	19.1	18.1	14.4
02.11.1997	4.7	11.3	11.3	9.5	8.8	9.4	0.6	8.8	7.1
03.11.1997	4	8	2.7	1.1	4.8	6.3	7.1	4.8	1.6
04.11.1997	0	0	0	0.4	0.3	0	0	0.3	0
05.11.1997	0.8	0	0	0.2	0	0	0.1	0	0
06.11.1997	0	0	0	0	0	0	0	0	0
07.11.1997	0.7	0	0	0.1	0	0	0	0	0.1
08.11.1997	1.6	0	0.3	0.1	1.1	0	0.1	1.1	4.2
09.11.1997	0.2	0	0	0.7	0	0	0.1	0	0.6
10.11.1997	0.1	0	0	0	0	0	0	0	0
11.11.1997	0	0	0	0	0	0	0	0	0
12.11.1997	0.1	0	0	0.1	0	0	0.3	0	0
13.11.1997	0	0	0	0	0	0	0	0	0
14.11.1997	3.3	0	0	8.9	4.3	0	0	4.3	4.1
15.11.1997	3.4	2.4	5.5	1.1	0	0.9	3.4	0	4.4
16.11.1997	0	0	0	0	0	0	0	0	0
17.11.1997	0.1	0	0	1.2	1.5	0	0	1.5	0
18.11.1997	2.3	0	0	0.9	0	0	0.1	0	0
19.11.1997	0	0	0	0	0	0	0	0	0
20.11.1997	0	0	0	0	0	0	0	0	0
21.11.1997	0	0	0	0	0	0	0	0	0
22.11.1997	0	0	0	0	0	0	0	0	0
23.11.1997	0	0	0	0	0	0	0	0	0
24.11.1997	0	0	0	0	0	0	0	0	0
25.11.1997	0	0	0	0	0	0	0	0	0
26.11.1997	0.1	0	0	0	0	0	0	0	0
27.11.1997	0.1	0	0	0.1	0	0	0	0	0
28.11.1997	0.1	0	0	0.1	0	0	0	0	0
29.11.1997	0.1	0	0	0	0	0	0	0	0
30.11.1997	0.1	0	0	0	0	0	0	0	0
01.12.1997	0.1	0	0	0	0	0	0	0	0
02.12.1997	0.1	0	0	0	0	0	0	0	0
03.12.1997	0.1	0	0	0	0	0	0	0	0
04.12.1997	0.1	0	0	0	0	0	0	0	0
05.12.1997	0.4	0	0	0.4	0	0	0	0	0
06.12.1997	28.2	17.7	24	25	20.1	19.3	18.7	20.1	25.5
07.12.1997	3.4	3.2	2.8	1.9	2.6	3.6	4.8	2.6	3.9
08.12.1997	1.7	0	0.1	1.2	6.8	0	0.1	6.8	4.8
09.12.1997	0	0	0	0	0.8	0	0.1	0.8	0
10.12.1997	17.5	5.1	11.2	8.4	9.9	4.7	5.6	9.9	9.2
11.12.1997	0.1	0	0	0.1	0	0	0	0	0
12.12.1997	2.2	1.1	0.9	1.2	1.5	1.3	1.7	1.5	1.1
13.12.1997	1.2	0	0	3.6	3.2	0	0	3.2	0.1
14.12.1997	7.6	2.5	4.8	6.8	3.3	2.9	2.4	3.3	6
15.12.1997	0	0	0	0	0	0	0	0	0
16.12.1997	0	0	0	0	0	0	0	0	0
17.12.1997	0	0	0	0	0	0	0	0	0
18.12.1997	0	0	0	0.1	0	0	0	0	0
19.12.1997	0	0	0	0.1	0	0	0	0	0
20.12.1997	0	0	0	0	0	0	0	0	0
21.12.1997	0	0	0	0	0	0	0	0	0
22.12.1997	5.7	0	0	0	0	0	0	0	0
23.12.1997	5.3	2.5	7.5	10.9	9.9	4.4	3.7	9.9	10.8
24.12.1997	0.4	0	0	0.3	0	0	0	0	0
25.12.1997	0	0	0	0.2	0	0	0	0	0
26.12.1997	0	0	0	0	0	0	0	0	0
27.12.1997	1.4	0	0	0.7	1.1	0	0.2	1.1	0.1
28.12.1997	1.8	0.1	3.7	5.1	3.4	0.1	0.1	3.4	2.2
29.12.1997	4.4	2.6	5.3	6.1	3.8	2.8	4.1	3.8	6.9
30.12.1997	0	0	0	0	0	0	0	0	0
31.12.1997	0	0	0	0	3.9	0	0.1	3.9	0
01.01.1998	3.9	4.8	3	3.6	5	4	4.3	5	3.7
02.01.1998	0	0	0	0	0	0	0	0	0
03.01.1998	0	0	0	0	0	0	0	0	0
04.01.1998	0	0.1	0	0	0	0.1	0	0	0
05.01.1998	9.5	3.8	8.3	11.9	3.2	5.2	5.2	3.2	7.9
06.01.1998	10.5	0.6	6.6	10.2	7.4	2.7	3.7	7.4	9.1
07.01.1998	0	0	0	0	0	0	0	0	0
08.01.1998	0	0	0	0	0	0	0	0	0
09.01.1998	0	0	0	0	0	0	0.1	0	0
10.01.1998	35.8	18.8	25	23.7	27.8	18.7	20.2	27.8	27.4
11.01.1998	11.8	4.4	8.7	9.7	7.9	5.8	6.1	7.9	7.3
12.01.1998	14.3	14.2	14.6	15.5	14.8	12.7	12.1	14.8	15.4
13.01.1998	5.8	2.4	4.1	6	3.7	2.5	3.4	3.7	5.8
14.01.1998	3.2	0	0.1	1.8	2.1	0	0.6	2.1	2.6
15.01.1998	4	9.1	4.7	3.6	6.2	7.8	6.7	6.2	3.9
16.01.1998	4.4	11.1	12.1	7.7	7.6	8.4	9	7.6	5.1
17.01.1998	5.1	3.6	5.4	5.6	4.6	6.1	5.8	4.6	6.5
18.01.1998	16.3	11.4	13.4	13.5	18.2	11.7	8.2	18.2	13.5
19.01.1998	4.9	0.1	3.1	8.6	6.2	4	0	6.2	4.2
20.01.1998	0	0	0	0.2	0	0	0	0	0
21.01.1998	0	0	0	0	0	0	0	0	0
22.01.1998	0	0	0	0	0	0	0	0	0.1
23.01.1998	8.7	13.6	9.7	10.6	13	12.5	13.9	13	11.1
24.01.1998	2.6	5.4	6	2.4	4.1	3.2	3.5	4.1	5.1
25.01.1998	0.9	0	0	0	0	0	0	0	0
26.01.1998	0.3	0	0	0.1	0	0	0	0	0
27.01.1998	20.3	17.5	11.9	15.8	26.2	17.9	16.9	26.2	14.4
28.01.1998	4.2	9.4	5.3	3.1	7.1	9.6	8.9	7.1	2.9
29.01.1998	3	12	6.6	0.7	8.1	10.2	13	8.1	5.6
30.01.1998	6.7	13.5	8	1.1	11.6	13.6	17.4	11.6	7
31.01.1998	0.6	0	0	0	0	0	0	0	0
01.02.1998	9.2	8.8	10.4	12.4	17.6	9.3	11.4	17.6	12.3
02.02.1998	5.5	5.7	6.8	6.9	8.2	7.8	10.2	8.2	9.2
03.02.1998	15.1	12	9.7	9.9	14.8	13.9	16.6	14.8	10.9
04.02.1998	3	0	1.7	4.9	3.8	0	1.5	3.8	5.7
05.02.1998	5.6	7.3	5.7	6.5	5.7	6.4	7.1	5.7	5.5
06.02.1998	4	3.8	5.2	4.2	5.4	6	6.4	5.4	4.7
07.02.1998	5.3	12	6.2	1.2	11.8	12.7	16.3	11.8	6.1
08.02.1998	3.9	0	0.1	5.6	2.5	0	0.1	2.5	3.2
09.02.1998	45.8	11.9	24.3	35.5	27.3	27.8	29.4	27.3	26.3
10.02.1998	18.7	6.4	12.8	14	12.1	8.9	11.1	12.1	13.8
11.02.1998	15.4	14.1	11.4	12.5	12.8	9.8	6.6	12.8	10.4
12.02.1998	7	1.8	6.1	8.8	3.5	4.4	2.8	3.5	5.5
13.02.1998	3.7	6.7	8.3	11	6	5.3	0.5	6	13.1
14.02.1998	14.3	10.1	11	9.4	15.5	9.7	10.5	15.5	11.1
15.02.1998	5.4	6.7	4.5	0.1	5.8	10.1	13.8	5.8	5.4
16.02.1998	9.3	0	1.7	8.1	7.6	0	0.1	7.6	9.9
17.02.1998	0	0	0	0	0	0	0	0	0
18.02.1998	15.9	21.7	15.5	11.9	27.1	26.9	31.3	27.1	19.3
19.02.1998	12	11.2	9.2	11.9	19.2	15.3	22.4	19.2	15.6
20.02.1998	8.3	4.9	3.8	4.4	8.1	5.8	8.5	8.1	4.5
21.02.1998	34.9	19.5	27	28.9	24.5	19.4	20.3	24.5	30.1
22.02.1998	14.1	6.3	12.5	11.5	7.9	10.8	11.5	7.9	11.8
23.02.1998	32.2	18.8	24	28.5	26.6	21.5	26.5	26.6	30.9
24.02.1998	1.6	0	0.1	3.7	0.1	0	0.1	0.1	0.1
25.02.1998	13.9	9.4	10.5	13.5	17.7	13.5	13	17.7	13.7
26.02.1998	10.1	8.1	11.5	9.4	12.9	14.4	15.9	12.9	10.3
27.02.1998	33.1	24	20.4	24.1	23.6	25.3	25	23.6	17.9
28.02.1998	19.1	22.5	17.6	16.4	23.2	17.7	15	23.2	17.6
01.03.1998	13.6	21.8	16.4	13.1	17	13.5	9.1	17	12.6
02.03.1998	4	10	6.8	5.6	6.2	7.2	0.3	6.2	3.7
03.03.1998	0	0	0	0	0	0	0	0	0
04.03.1998	9.8	6.1	7.9	11.2	11.2	8.7	9.6	11.2	10.6
05.03.1998	0.1	0.1	0.1	0	0	0.1	0.1	0	0
06.03.1998	0.9	5.2	5.1	1.8	0	5.8	2.2	0	4.6
07.03.1998	1.2	0.1	3.5	4	4.6	4	0.1	4.6	3.4
08.03.1998	4	0.1	4.9	10.5	6	3.4	0	6	6.9
09.03.1998	9.6	19.5	11.1	6.7	15	10.7	8.2	15	8.1
10.03.1998	2.5	12.5	5.7	1.4	7.2	4.1	4	7.2	4.6
11.03.1998	0	0	0	0	0	0	0	0	0
12.03.1998	6.9	10.4	11.1	7.1	10	9.1	12.1	10	9.9
13.03.1998	5.9	2.6	3.1	5.3	4	3	3.5	4	3.3
14.03.1998	2.1	4.6	1	1.1	2.7	3.1	3.2	2.7	1.1
15.03.1998	6.4	4.1	5.2	7.8	9.1	5.3	5.5	9.1	6.4
16.03.1998	6.3	5.9	9.1	6.7	9.2	5.4	5.1	9.2	7.5
17.03.1998	2.9	5	4.3	2.6	4.3	6.1	4.9	4.3	3.3
18.03.1998	34.6	15.3	23.4	22.3	19.7	14.8	13.8	19.7	22
19.03.1998	10	1.7	4.2	11.7	11.1	1.2	0.1	11.1	4.7
20.03.1998	7.6	9.9	8.4	6.3	7.3	3.4	0.2	7.3	6.1
21.03.1998	0.1	0.1	0.2	3.2	0.7	0.1	0	0.7	1.1
22.03.1998	0.5	0	0	3.9	0.5	0	0	0.5	0
23.03.1998	0	0	0	0	0	0	0	0	0
24.03.1998	0	0	0	0	0	0	0	0	0
25.03.1998	4.9	4.4	4.3	0.6	2.5	4.7	7.2	2.5	3.3
26.03.1998	0	0	0	0	0	0	0	0	0
27.03.1998	4.5	0	0.6	2.8	2.3	0	1	2.3	2.6
28.03.1998	1.5	0	0.1	1.2	3.8	0	0	3.8	0.1
29.03.1998	0	0	0	0	0	0	0	0	0
30.03.1998	2.9	0	1.5	3.3	3.3	0	1.1	3.3	3.8
31.03.1998	17.9	14.5	18.9	18.7	21	14.3	16.5	21	18.7
01.04.1998	1.9	0	0	4.6	0	0	0	0	0.1
02.04.1998	0	0	0	0	0	0	0	0	0
03.04.1998	0	0	0	0	0	0	0	0	0
04.04.1998	0	0	0	0	0	0	0	0	0
05.04.1998	0	0	0	0	0	0	0	0	0
06.04.1998	0	0	0	0	0	0	0	0	0
07.04.1998	0	0	0	0	0	0	0	0	0
08.04.1998	0	0	0	0	0	0	0	0	0
09.04.1998	0	0	0	0	0	0	0	0	0
10.04.1998	0	0	0	0	0	0	0	0	0
11.04.1998	0	0	0	0	0	0	0	0	0
12.04.1998	0.9	0	0.1	0.1	2	0	0.7	2	2.6
13.04.1998	6.5	0	0.1	2.7	6.5	0	0.1	6.5	6.5
14.04.1998	0.5	0	0	0.9	0	0	0	0	1
15.04.1998	0	0	0	0	0	0	0	0	0
16.04.1998	0	0	0	0.1	0	0	0	0	0
17.04.1998	0	0	0	0	0	0	0	0	0
18.04.1998	0.3	0	0	2.2	2.2	0	0	2.2	0.7
19.04.1998	0.8	0	0	0.1	0	0	0	0	0
20.04.1998	0	0	0	0	0	0	0	0	0.3
21.04.1998	0	0	0	0	0	0	0	0	0
22.04.1998	0	0	0	0	0	0	0	0	0
23.04.1998	0	0	0	0	0	0	0	0	0
24.04.1998	0	0	0	0	0	0	0	0	0
25.04.1998	0	0	0	0	0	0	0	0	0
26.04.1998	6.1	4.2	5.8	5.1	6.1	4.1	5	6.1	5.4
27.04.1998	3	1.7	2.1	4	2.9	1.8	0.8	2.9	2.8
28.04.1998	0	2.8	0	0	0	1.1	0.8	0	0
29.04.1998	2.6	3.6	4.2	2.4	3.6	2.9	5.3	3.6	3.8
30.04.1998	0	1.9	0	0	0	0.1	0	0	0
01.05.1998	0	0	0	0	0	0	0	0	0
02.05.1998	0	0	0	0	0	0	0	0	0
03.05.1998	1.2	5.7	5.3	1.5	1.8	3	0.1	1.8	4.4
04.05.1998	0	0	0	0	0	0	0	0	0
05.05.1998	4.6	3.1	6.6	7	5.3	4.5	5.6	5.3	4.3
06.05.1998	0.9	0	0	0.9	0	0	0	0	0
07.05.1998	0.2	0	0	0.1	0	0	0	0	0.1
08.05.1998	22.8	11.6	15.4	18.3	16.2	12.6	12.6	16.2	16.5
09.05.1998	14.7	0	6.9	14.3	13.9	0	0.1	13.9	17.9
10.05.1998	3.7	4.9	7	5.6	6.2	6	4.9	6.2	6.4
11.05.1998	9.6	12.1	4.5	5.5	10.3	12.3	1	10.3	6.3
12.05.1998	2.5	0.1	5.4	1.8	1.7	2.9	0.1	1.7	6.6
13.05.1998	0.1	0	0	0	0	0	0	0	0
14.05.1998	0.1	0	0	0	0	0	0	0	0
15.05.1998	0.1	0	0	0	0	0	0	0	0
16.05.1998	0	0	0	0	0	0	0	0	0
17.05.1998	0	0	0	0	0	0	0	0	0
18.05.1998	0	0	0	0	0	0	0	0	0
19.05.1998	8.8	3.8	5.2	5.2	6.5	4.1	2.6	6.5	3.8
20.05.1998	2.4	2.7	3	1.3	2.7	1.5	1.6	2.7	2.3
21.05.1998	6.7	3	3.5	4.2	4.8	3.6	2.1	4.8	2.5
22.05.1998	1.8	6.1	5	1.2	3.9	3.1	0.1	3.9	6.7
23.05.1998	2.8	0.6	2.2	4.6	3	0.8	0.1	3	2.2
24.05.1998	8.2	7.8	6.9	5.5	7	7.6	6.1	7	5
25.05.1998	1.8	1.7	1.8	1.1	2	2.4	2.5	2	2.5
26.05.1998	0	0	0	0	0	0	0	0	0
27.05.1998	0	0	0	0	0	0	0	0	0
28.05.1998	0	0	0	0	0	0	0	0	0
29.05.1998	0	0	0	0	0	0	0	0	0
30.05.1998	0	0	0	0	0	0	0	0	0
31.05.1998	0	0	0	0	0	0	0	0	0
01.06.1998	0	0.5	0	0	0	0.1	0	0	0
02.06.1998	0.5	0	0	0.6	0	0	0	0	0
03.06.1998	0	0	0	0	0	0	0	0	0
04.06.1998	6	5.7	6.1	7.9	6.3	4.6	4.9	6.3	8
05.06.1998	2.6	5.7	10.2	6.4	3.9	3.4	3.3	3.9	9.2
06.06.1998	0.8	0.2	0	2.3	1.7	2.1	0	1.7	0.3
07.06.1998	0	0	0	0	0	0	0	0	0
08.06.1998	12.7	7	9.6	12.1	10.1	7.7	9.3	10.1	10.9
09.06.1998	2.7	0.9	0.7	1.7	1.5	2.1	1.2	1.5	1.6
10.06.1998	4.6	2.5	3.9	4.2	5.1	3.5	3.5	5.1	3.9
11.06.1998	6.8	4.7	6.5	6.7	6.7	5.9	6.6	6.7	8
12.06.1998	8.9	4.3	6	10.3	8.8	6.4	6.3	8.8	8
13.06.1998	2.2	4	3.9	5.6	5.1	5.3	5.2	5.1	5
14.06.1998	2.5	3.9	5.2	5.3	3.8	2.4	0.1	3.8	6.9
15.06.1998	2.3	0	0.1	1.9	2	0	0.1	2	1.6
16.06.1998	0	0	0	0	0	0	0	0	0
17.06.1998	9.6	10.3	9.8	10.2	9.5	10.1	8.3	9.5	9.6
18.06.1998	15.9	12.5	15.5	17.6	17.1	12.3	8.8	17.1	15.8
19.06.1998	7.5	1.6	3.7	6.6	4	2.7	1.5	4	4.9
20.06.1998	1.8	0	0	1.5	0	0	0	0	0
21.06.1998	0	0	0	0	0	0	0	0	0
22.06.1998	0.1	0	0	0	0	0	0.1	0	0
23.06.1998	18.6	13	16.9	19.3	14.8	13.8	12.9	14.8	19
24.06.1998	0.6	1.7	1.7	1.4	0.4	0.8	0.1	0.4	0.5
25.06.1998	0.3	1.1	0.1	0.1	0	1.8	0	0	0
26.06.1998	1.3	2.9	3	0.1	0	1.1	3.2	0	0
27.06.1998	2	0.7	2.4	2.8	1.6	0.8	0.1	1.6	2.5
28.06.1998	0.3	0	0	0	0	0	0	0	0
29.06.1998	0.1	0	0	1.6	0.2	0	0	0.2	0
30.06.1998	0.9	3.3	1.3	0.1	1.6	3.5	3.3	1.6	0.7
01.07.1998	0	0	0	0	0	0	0	0	0
02.07.1998	0	0.1	0	0	0	0.1	0	0	0
03.07.1998	2.2	1.8	3.5	3.8	2.5	1.3	0.3	2.5	4.2
04.07.1998	8.5	3.5	4.1	5.9	4.1	3.9	3.9	4.1	4.7
05.07.1998	6.3	4.6	7.5	7.8	8.9	6.2	5.9	8.9	7.3
06.07.1998	6.2	17.4	8.8	7.2	13.1	9.6	1.6	13.1	12.1
07.07.1998	4.2	5.5	6.6	7.6	4.7	4.6	0.5	4.7	5.6
08.07.1998	0	0	0	0.1	0	0	0	0	0
09.07.1998	8.6	4.4	6.6	10.3	8.5	5.3	5.6	8.5	8.3
10.07.1998	1.5	5	3.1	1.3	2.2	4.5	1.3	2.2	3.4
11.07.1998	1.8	0	0	0.1	0.5	0	0	0.5	0.1
12.07.1998	0.4	0	0	0.3	0	0	0	0	0
13.07.1998	0	0.7	0	0	0	0.4	0	0	0
14.07.1998	4.3	1.6	3.5	4.6	2.1	2.1	2.7	2.1	3.8
15.07.1998	0.3	0	0	0.3	0	0	0	0	0
16.07.1998	2.1	3.1	1.5	1.7	3.3	2.8	4.1	3.3	2.2
17.07.1998	2.5	1.4	2.5	3.6	3.1	1.9	1.7	3.1	3.5
18.07.1998	0.1	12.8	9.3	1.8	0	11.8	10.6	0	2
19.07.1998	5	10.3	4.3	2.9	9.2	6.1	5.2	9.2	3.5
20.07.1998	0.7	2	3	2.7	1.9	1.3	0.3	1.9	2.2
21.07.1998	3.3	1	2.6	2.8	3	2	1.9	3	3
22.07.1998	13.9	4.9	12.1	15.2	13	7.8	10.1	13	15.5
23.07.1998	1.5	4.3	0.6	0.1	3.5	5.2	4	3.5	0.4
24.07.1998	0	9.6	0.4	0	0	1.6	3.6	0	0
25.07.1998	5	5.7	6.3	8.6	4.1	8	8.4	4.1	6.5
26.07.1998	10.5	0	4.2	12.7	10.9	0	0.8	10.9	11
27.07.1998	0.3	0	0	0.1	0	0	0	0	0
28.07.1998	0	0	0	0	0	0	0	0	0
29.07.1998	0.1	0	0	0	0	0	0	0	0
30.07.1998	0	0	0	0	0	0	0	0	0
31.07.1998	0.3	6.1	3.2	4.2	2.9	3.2	2.8	2.9	3.7
01.08.1998	5.9	14.5	19.5	12.4	11.9	9.6	11.8	11.9	14.6
02.08.1998	0.1	0	0	0.7	0	0	0	0	0
03.08.1998	0.1	0	0	0	0	0	0	0	0
04.08.1998	5.6	11.8	9.7	3.4	7.6	10.2	11.4	7.6	6.7
05.08.1998	11.8	3.1	7.5	16.5	11.1	6.4	7.9	11.1	11.3
06.08.1998	6.8	7.3	6.5	7.9	7.6	6.6	7	7.6	6.9
07.08.1998	15.9	10.4	10.2	14.4	16.4	11.9	9.7	16.4	10.4
08.08.1998	11.7	9.9	6.9	5.6	9.3	8.4	8.9	9.3	7.1
09.08.1998	3	5.3	5.1	5.1	6.2	4.2	1.3	6.2	5.4
10.08.1998	0.2	0.1	5.4	0.9	0	2.2	0.1	0	5.5
11.08.1998	0.1	0	0	0	0	0	0	0	0
12.08.1998	0.1	0	0	0	0	0	0	0	0
13.08.1998	0	0	0	0	0	0	0	0	0
14.08.1998	0	0	0	0	0	0	0	0	0
15.08.1998	10.9	5.2	6	8.6	9	5.9	6.4	9	7.8
16.08.1998	4.6	4.7	6	4.3	4.2	4.3	6.2	4.2	6
17.08.1998	3.6	5.2	4.1	2.6	2.5	3.8	4.2	2.5	2.1
18.08.1998	18.5	12.5	14	15.7	14.1	13.6	16.3	14.1	13.6
19.08.1998	12.3	8.1	10.5	14.2	11.9	12.8	11.5	11.9	11.1
20.08.1998	1	3.4	2.1	1.7	2	3.2	3.4	2	1.9
21.08.1998	7.5	3.5	6.8	7.2	5.6	4.9	5.8	5.6	6.8
22.08.1998	12.1	10.6	9.9	11.8	16.2	14.9	11	16.2	8.8
23.08.1998	3.8	9.1	8.4	4.8	5.6	8.7	0.9	5.6	8.8
24.08.1998	1.6	5.6	7	3	2.7	1.9	0.5	2.7	6.6
25.08.1998	3.3	5.2	5.7	3.5	4.9	5.4	4.6	4.9	5.6
26.08.1998	1.5	3.5	4.4	2.7	3.9	2.5	0.7	3.9	5
27.08.1998	0.7	9.1	5.2	0.1	4.7	6.6	0.1	4.7	6.1
28.08.1998	0.5	8.3	2.9	0.4	6	6	0.1	6	1.6
29.08.1998	0.1	1.2	0	0	0	0.1	0	0	0
30.08.1998	0	0	0	0	0	0	0	0	0
31.08.1998	0.1	0	0	0	0	0	0	0	0
01.09.1998	11.4	0.8	4.7	9.6	1.5	2.7	1.9	1.5	3
02.09.1998	0.1	0	0	0	0	0	0	0	0
03.09.1998	0.1	0	0	0	0	0	0	0	0
04.09.1998	0	0	0	0	0	0	0	0	0
05.09.1998	1.1	0	0	0.2	0	0	0	0	0
06.09.1998	0.6	0	0	0.6	0.6	0	0	0.6	0
07.09.1998	4	2.6	2.8	4.2	4.3	3.2	3	4.3	3.1
08.09.1998	0.2	0	0	0.9	0.4	0	0	0.4	0.4
09.09.1998	4.9	0	0	0.1	4.9	0	0	4.9	0.1
10.09.1998	4.7	5.1	7.6	4.7	4.7	4.2	6.7	4.7	3.8
11.09.1998	7	0.6	3.7	7.9	4.2	3.1	2.4	4.2	4.6
12.09.1998	0.4	0	0.1	0.8	2.3	0	0.1	2.3	0.1
13.09.1998	0.5	3.8	2	0.4	1.3	2.4	2.3	1.3	0.7
14.09.1998	0.9	0.5	1.3	2.9	1.8	0.2	1.4	1.8	1.9
15.09.1998	2.4	0	0.7	2.4	0.8	0	0.1	0.8	1.8
16.09.1998	9.5	10	8	6.9	3.2	9.9	10.1	3.2	6.8
17.09.1998	0	4.3	9.4	0	5.2	6.4	0.1	5.2	0
18.09.1998	0	2.3	4	2	4.7	2.6	0.1	4.7	5.7
19.09.1998	1.6	1.2	1.3	0.9	1.7	1.2	1	1.7	1
20.09.1998	0.4	0	0	0	0.4	0	0	0.4	0.3
21.09.1998	0	0	0	0	0	0	0	0	0
22.09.1998	0.1	9.6	6.4	11.8	6.9	8.6	0.3	6.9	0.9
23.09.1998	0	1.4	4.1	1	6.3	6.3	0.1	6.3	0.1
24.09.1998	0	0.3	0.6	0.4	0.9	0.6	0.1	0.9	0.7
25.09.1998	0	0.1	0.1	0	0	0.1	0.1	0	0
26.09.1998	2.2	3	3.1	3.8	5.4	3.4	2.4	5.4	3.8
27.09.1998	6.6	4.7	6.5	7	7.5	5	6.4	7.5	7.3
28.09.1998	0	2.6	2.2	0.1	0	2.7	2.5	0	0
29.09.1998	2.1	3	2.3	1.1	1.5	2.6	2.2	1.5	1.9
30.09.1998	0.2	0	0	0	0	0	0	0	0
01.10.1998	0.1	0	0	0.1	0	0	0	0	0
02.10.1998	0.1	0	0	0.1	0	0	0	0	0
03.10.1998	0.1	0	0	0	0	0	0	0	0
04.10.1998	0.1	0	0	0.1	0	0	0	0	0
05.10.1998	0.2	0	0	0.1	0	0	0	0	0
06.10.1998	0.1	0	0	0.1	0	0	0	0	0
07.10.1998	0.1	0	0	0	0	0	0	0	0
08.10.1998	0	0	0	0	0	0	0	0	0
09.10.1998	4.1	0.8	1.3	3.8	0.4	0.1	0.1	0.4	1
10.10.1998	13.5	9.3	10.1	12.1	12.8	11	11.8	12.8	10.1
11.10.1998	1	2.4	1.7	0.8	3.1	2.4	2.2	3.1	1.6
12.10.1998	0.1	0.7	0.5	0.1	1	0.6	1.7	1	0.6
13.10.1998	0.2	4.2	3.9	1.7	2.2	3.9	0.1	2.2	2.3
14.10.1998	7.5	13.7	10.9	7.4	8.3	10.6	8.1	8.3	7.6
15.10.1998	24.6	16.1	18.8	19.6	21.4	19.3	20.2	21.4	20.1
16.10.1998	26.9	23.5	22	24.4	25.9	23.8	20.8	25.9	21.2
17.10.1998	2.9	0	0	0.7	0.1	0	0	0.1	0.1
18.10.1998	6.5	8.2	7.4	6.7	11.3	7.9	6.5	11.3	7.5
19.10.1998	15.8	12.3	14.9	16	15.9	13.8	18.6	15.9	18.6
20.10.1998	3	0	0.1	1.2	5.4	0	0.1	5.4	2.5
21.10.1998	6.4	5.5	3.7	4.3	6.1	8.1	8.2	6.1	3.8
22.10.1998	0.6	17.4	11.6	0.6	0	11.9	5.6	0	3.8
23.10.1998	15.4	7.2	13.7	15	14.2	8.6	9.8	14.2	14.7
24.10.1998	25.5	9.7	14.3	21.4	18.4	10.9	9.2	18.4	17.9
25.10.1998	3.4	14.1	10.3	3	0	10.5	9.4	0	9.6
26.10.1998	2.3	6.7	7.9	4.3	3.7	5.2	8.8	3.7	6.7
27.10.1998	1	1.8	1.8	4.1	0	0.3	0	0	6.2
28.10.1998	0.9	0	0	0	2.8	0	0	2.8	0
29.10.1998	10	0.1	5.1	9.4	2.3	2.8	0.5	2.3	5.1
30.10.1998	6.7	11.2	10	6.3	11.4	14.2	14.1	11.4	9.8
31.10.1998	16.6	15.9	13.3	13.4	22.5	20.8	14.9	22.5	11.3
01.11.1998	0.2	0	0	0	0	0	0	0	0
02.11.1998	0.2	0	0	0.1	0	0	0	0	0
03.11.1998	0.1	0	0	0	0	0	0	0	0
04.11.1998	0	0	0	0	0	0	0	0	0
05.11.1998	0	0	0	0	0	0	0.1	0	0
06.11.1998	5.6	11.1	2.9	4.4	12.9	8.9	6.9	12.9	2.5
07.11.1998	8.2	17.3	2.9	4.5	15.7	13.2	12.3	15.7	0.1
08.11.1998	0	0	0	0	0	0	0	0	0
09.11.1998	0	0	0	0	0	0	0	0	0
10.11.1998	0	0	0	0.2	0	0	0	0	0
11.11.1998	1.4	0	0	0	0	0	0.5	0	0
12.11.1998	0	0	0	0.4	0	0	0	0	0
13.11.1998	1.6	0	1.5	3.2	2.6	0	0.3	2.6	2.5
14.11.1998	0.5	0	0	0.1	0	0	0	0	0
15.11.1998	0.1	0	0	0	0	0	0	0	0
16.11.1998	0.1	0	0	0	0	0	0	0	0
17.11.1998	1	0	0	0	0	0	0	0	0
18.11.1998	0.1	0	0	0.7	0	0	0	0	0
19.11.1998	0.1	0	0	0	0	0	0	0	0
20.11.1998	0.1	0	0	0	0	0	0	0	0
21.11.1998	2.3	11.6	9.3	2.4	0	9.6	7.7	0	7
22.11.1998	40.7	16	17	17.4	30.7	21.9	26.2	30.7	20.3
23.11.1998	19.1	11.9	8.1	5.1	16.9	11.2	17.7	16.9	9.8
24.11.1998	0.3	0	0	0	0	0	0	0	0
25.11.1998	0.6	0	0	0	0	0	0	0	0
26.11.1998	0	0	0	0	0	0	0	0	0
27.11.1998	0	0	0	0	0	0	0	0	0
28.11.1998	0	0	0	0.1	0	0	0	0	0
29.11.1998	0	0	0	0	0	0	0	0	0
30.11.1998	0	0	0	0	0	0	0	0	0
01.12.1998	1.6	2.9	2.5	0.1	0	3	2.9	0	2.6
02.12.1998	5.9	18.7	9.1	6.6	13.7	12.3	13.2	13.7	7.6
03.12.1998	16.6	13.5	12	14.2	16.3	10.5	9.7	16.3	11.5
04.12.1998	2.2	0	0.1	3.3	0.7	0	0.1	0.7	0.6
05.12.1998	0.2	0	0	0.1	0	0	0	0	0
06.12.1998	0.1	0	0	0.1	0	0	0	0	0
07.12.1998	0.1	0	0	0.1	0	0	0	0	0
08.12.1998	0.1	0	0	0	0	0	0	0	0
09.12.1998	3	0	0	2	0	0	0.1	0	0.3
10.12.1998	0.2	0	0	0	0	0	0	0	0
11.12.1998	0	0	0	0	0	0	0	0	0
12.12.1998	0	0	0	0	0	0	0	0	0
13.12.1998	1	0	0	0	0	0	0	0	0
14.12.1998	3.5	4.9	3.6	2.1	5.2	6.6	6.4	5.2	3.9
15.12.1998	24.2	4.4	10.6	20.4	16.6	10.3	9.2	16.6	15.4
16.12.1998	20.2	31.5	22.3	14.2	18.2	23.8	20.4	18.2	15.5
17.12.1998	28.5	21.7	17.7	14.3	20.8	24.6	30.4	20.8	18.7
18.12.1998	37.7	19.5	29.3	34.2	29.1	23.1	26.5	29.1	32.2
19.12.1998	25.7	19.5	26.6	25	25.7	25.3	24	25.7	27.2
20.12.1998	19.3	24.3	15	13	28.1	13.6	9.4	28.1	14.8
21.12.1998	18	14.2	19.6	10.2	17.3	16.4	1.3	17.3	17.8
22.12.1998	0	0	0	0	0	0	0	0	0
23.12.1998	0.1	0	0	0	0	0	0.1	0	0
24.12.1998	4.7	0	0.1	3.8	2.3	0	0.6	2.3	1.8
25.12.1998	14.3	9.9	10	10.2	11.4	10.1	12.7	11.4	9.3
26.12.1998	29.1	10.3	17.8	21.7	15.6	11.4	13.2	15.6	17.3
27.12.1998	0	0	0	0	0	0	0	0	0
28.12.1998	6.4	0.3	1.8	4.3	2.7	1.1	0.5	2.7	1.5
29.12.1998	7.2	2.7	5	6.4	12.3	4.8	3.9	12.3	6.5
30.12.1998	3.4	10.6	7.8	0.1	7.8	12	17.7	7.8	8.2
31.12.1998	0	0	0	0.1	0	0	0	0	0
01.01.1999	0.6	0	0	0.5	0	0	0	0	0
02.01.1999	2	0	0.1	1	1.4	0	0.1	1.4	1
03.01.1999	0	0	0	0	0	0	0	0	0
04.01.1999	1.8	0	1	2	1.5	0	1.4	1.5	2.1
05.01.1999	1.6	0	0	0	1.5	0	0	1.5	0
06.01.1999	0.3	2.5	2.8	0.7	0	2.3	2	0	2.1
07.01.1999	0.1	0	0	0.2	0	0	0	0	0
08.01.1999	0	0	0	0	0	0	0	0	0
09.01.1999	0.1	0	0	0.1	0	0	0	0	0
10.01.1999	0.1	1.8	0	0.1	0	4.5	0	0	0
11.01.1999	0.1	0	0	0	0	0	0	0	0
12.01.1999	0	0	0	0	0	0	0	0	0
13.01.1999	0	0	0	0.1	0	0	0	0	0
14.01.1999	0	0	0	0	0	0	0	0	0
15.01.1999	0	0	0	0	0	0	0	0	0
16.01.1999	13.4	7.9	3.7	8.4	9.8	7	7.8	9.8	5.4
17.01.1999	14.9	14.3	12	7.5	17.4	14.4	20.6	17.4	10.9
18.01.1999	12.5	6.3	10	6.4	11.7	11.3	13.4	11.7	8.2
19.01.1999	7.2	5	6	6.5	7.4	6.6	7	7.4	6.7
20.01.1999	19.6	8	12.3	13.8	14.7	9.5	12.4	14.7	10.5
21.01.1999	5.2	4.1	3.8	2.9	3.4	4	4.2	3.4	2.9
22.01.1999	15	9.8	12.2	11.4	12.1	13.1	11.4	12.1	8
23.01.1999	15.3	10.1	13.3	11.8	6.7	12	12.8	6.7	12.4
24.01.1999	2.9	2.2	2.9	2.4	5.3	4.4	3.3	5.3	2.1
25.01.1999	5.6	5.5	3.7	5.8	10.4	7.2	8.5	10.4	3.9
26.01.1999	5.9	1.4	3.4	4.9	3.3	2.8	3.4	3.3	4.6
27.01.1999	1.6	5.8	3.5	0.1	0	5.9	4	0	3
28.01.1999	0.4	0.4	0.9	0.4	0	0.9	0.1	0	1.1
29.01.1999	0	0	0	0.1	0	0	0	0	0
30.01.1999	0	1	2.3	1.2	3.9	2.1	0.1	3.9	1
31.01.1999	21.5	16.5	21.3	25.5	23	18	19.5	23	22.9
01.02.1999	7.4	0.5	2.7	4.4	3.8	3	0.1	3.8	4
02.02.1999	1.2	0.1	0.2	0.8	1.7	1.5	1.7	1.7	0.1
03.02.1999	5.6	15.8	11.4	8.1	12.5	12.2	11.5	12.5	9.3
04.02.1999	25.6	29.4	30.1	31	32.2	28.9	29.1	32.2	30
05.02.1999	13.4	22.7	16.6	11.7	21.5	18.3	18.6	21.5	15.9
06.02.1999	19.9	14.5	12.6	8	10.4	10.9	9.2	10.4	6.4
07.02.1999	8	3.3	7.3	8.3	5.2	5.1	0.1	5.2	8.8
08.02.1999	7.3	9.7	13.3	13.1	8.1	7.5	1.1	8.1	8.1
09.02.1999	2.5	5.9	4.7	5.1	9	8.9	11.8	9	6.2
10.02.1999	2.7	1.8	1.6	1.9	2.9	3.5	4	2.9	1.4
11.02.1999	0.8	0.1	2.7	2.6	1.4	2.2	0.1	1.4	2
12.02.1999	0	0	0	0	0	0	0	0	0
13.02.1999	0	0	0	0.1	0	0	0	0	0
14.02.1999	4.4	0.2	0.2	4.1	3.2	2.9	0	3.2	0
15.02.1999	15.1	5.1	8	14	5.7	7.6	7.2	5.7	7.5
16.02.1999	42.2	43.9	47.9	31.4	40.1	40.9	42.3	40.1	39.3
17.02.1999	6.8	0	0.2	7.2	5.1	0	0	5.1	3
18.02.1999	3.9	5.9	4	3.7	5.9	7.2	6.8	5.9	2.9
19.02.1999	3.4	16.1	8.6	0	8.4	15.1	16.2	8.4	0
20.02.1999	18.6	0	3.4	12.4	11.2	0	0.1	11.2	14.9
21.02.1999	16.5	4	7	12	12.6	6.2	6.2	12.6	8.3
22.02.1999	0.2	0	0.1	1.5	1.9	0	0.1	1.9	1.7
23.02.1999	0.2	5.9	4.8	0.5	0	5.4	5.7	0	4.7
24.02.1999	7.5	0.9	7.2	9.5	3.7	1	0.4	3.7	5.2
25.02.1999	0	0	0	0	0	0	0	0	0
26.02.1999	13.5	7.5	8.5	11.2	10.3	9.4	9.9	10.3	9.6
27.02.1999	10.6	0	1.4	7.9	3.6	0	0.1	3.6	6.5
28.02.1999	1.7	0	1	2.4	1.8	0	0.1	1.8	1.1
01.03.1999	2.6	0	0.1	2.6	0.6	0	0.1	0.6	1.6
02.03.1999	3	13.4	3.4	1.5	7.7	9.3	9.6	7.7	1
03.03.1999	0	0	0	0	0	0	0	0	0
04.03.1999	0	0	0	0	0	0	0	0	0
05.03.1999	0	0	0	0	0	0	0	0	0
06.03.1999	0	0	0	0	0	0	0	0	0
07.03.1999	0	0	0	0	0	0	0	0	0
08.03.1999	0	0	0	0	0	0	0	0	0
09.03.1999	0	0	0	0	0	0	0	0	0
10.03.1999	0	0	0	0	0	0	0	0	0
11.03.1999	0	0	0	0	0	0	0	0	0
12.03.1999	0	0	0	0	0	0	0	0	0
13.03.1999	0	0	0	0	0	0	0	0	0
14.03.1999	0.8	0	0	3.7	0.7	0	1.5	0.7	3.2
15.03.1999	0	0	0	0	0	0	0	0	0
16.03.1999	4.7	11.4	18.8	12.5	8.6	8.2	11.4	8.6	9.8
17.03.1999	10.2	0	2.9	9	4.7	0	0.7	4.7	5.5
18.03.1999	0.1	0	0	0	0	0	0.4	0	0
19.03.1999	3.6	5.6	5.3	4.3	6.1	5.3	6.2	6.1	5.6
20.03.1999	5.3	6.2	8.7	7	5.5	7.4	0.1	5.5	10.1
21.03.1999	3.6	0	0.8	3.5	3.6	0	0.1	3.6	4.9
22.03.1999	8.1	4	5.4	8.8	6.9	5.4	4.5	6.9	6.8
23.03.1999	2.7	3.6	1.7	2	5.9	5	0.1	5.9	3
24.03.1999	6.9	0.1	0.6	5	6.5	4	3.3	6.5	2.5
25.03.1999	8.8	4.1	4.4	7.3	8.4	8	8.4	8.4	3.9
26.03.1999	1.3	7	4.2	0.6	0	6.8	6.2	0	4.2
27.03.1999	1.9	0	0	0	0	0	0.3	0	0
28.03.1999	1	1.3	2.6	0	4.9	4.7	4	4.9	0
29.03.1999	5.7	15.3	14.5	9.8	8.8	11.6	9.1	8.8	6.2
30.03.1999	25.8	4	8.1	10.6	12.7	12.2	17	12.7	7.9
31.03.1999	5	0	0.1	2	0.2	0	0.1	0.2	0.7
01.04.1999	3.9	2.9	4	4.8	4.6	4.7	4.8	4.6	3.9
02.04.1999	4.5	4.6	7.9	11.3	7.7	5.2	4.6	7.7	7.8
03.04.1999	0	0.1	0	0	0	0.1	0	0	0
04.04.1999	0.1	0	0	0	0	0	0	0	0
05.04.1999	0	1.2	0	0	0.4	0.8	0	0.4	0
06.04.1999	5.1	2.8	4.7	8.8	4	2.5	2.8	4	6.5
07.04.1999	6.3	3.3	5.1	4.6	4.2	4	5.9	4.2	6.1
08.04.1999	0	8	5.3	0	0	4.2	0.2	0	2.6
09.04.1999	30	9.4	20.1	18.1	22.8	18.4	21.8	22.8	19
10.04.1999	53.8	31.5	42.2	49.1	39.2	40.1	47.5	39.2	48.4
11.04.1999	6.8	5.8	6.7	7.9	6.5	4.7	4.8	6.5	7.6
12.04.1999	0.4	0	0	0	0	0	0	0	0
13.04.1999	0.1	0	0	1.1	0	0	0	0	0
14.04.1999	0	0	0	0	0	0	0	0	0
15.04.1999	8.7	0	2.9	6.9	5.6	0	0.9	5.6	5.5
16.04.1999	0	0	0	0	0.6	0	0	0.6	0
17.04.1999	1.5	0	0.1	0.1	0.1	0	0	0.1	3.5
18.04.1999	0	0	0	0	0	0	0	0	0
19.04.1999	4	5.7	10.8	9.1	6.5	9	0.1	6.5	4.4
20.04.1999	0	0	0	0	0	0	0	0	0
21.04.1999	0	0	0	0	0	0	0	0	0
22.04.1999	0	0	0	0	0	0	0	0	0
23.04.1999	0	0	0	0	0	0	0	0	0
24.04.1999	0	0	0	0	0	0	0	0	0
25.04.1999	0	0	0	0	0	0	0	0	0
26.04.1999	0	0	0	0	0	0	0	0	0
27.04.1999	0	0	0	0	0	0	0	0	0
28.04.1999	3.2	2.9	0.6	1.7	5.1	1.3	4.8	5.1	4
29.04.1999	1.2	3.8	4.2	1.5	2.2	6.6	0.1	2.2	4.2
30.04.1999	3.8	0.1	3.8	5.5	2.6	0.6	0.1	2.6	4
01.05.1999	4.2	7.4	4.9	1.9	4.2	7.1	7.6	4.2	2.9
02.05.1999	2.7	1.4	4.4	4	3.7	4.7	0.1	3.7	1.1
03.05.1999	1.9	0	0	4	3.6	0	0	3.6	1.9
04.05.1999	0.8	3.2	0.3	0.8	0	4.1	0	0	0
05.05.1999	0	0	0	0	0	0	0	0	0
06.05.1999	0	0	0	0	0	0	0	0	0
07.05.1999	0	0	0	0	0	0	0	0	0
08.05.1999	0	0	0	0	0	0	0	0	0
09.05.1999	0	0	0	0	1.1	0	0	1.1	0
10.05.1999	0	0	0	0	0	0	0	0	0
11.05.1999	0	0	0	0	0	0	0	0	0
12.05.1999	0	0	0	0	0	0	0	0	0
13.05.1999	0	0	0	0	0	0	0	0	0
14.05.1999	0	0	0	0	0	0	0	0	0
15.05.1999	0.3	0	0	1.2	0.4	0	0	0.4	0
16.05.1999	1.2	0.1	0	1.4	0	0.5	0	0	0
17.05.1999	0	0	0	0	0	0	0	0	0
18.05.1999	0	0	0	0	0	0	0	0	0
19.05.1999	0	0	0	0	0	0	0	0	0
20.05.1999	0	0	0	0	0	0	0	0	0
21.05.1999	0	0	0	0	0	0	0	0	0
22.05.1999	3.1	5	4.4	4.2	4.2	3.3	2.1	4.2	4
23.05.1999	25	16.3	11	14.5	27.7	22.7	25.6	27.7	13.4
24.05.1999	8.1	0.3	3.2	7.9	2.7	0.6	0.1	2.7	2.9
25.05.1999	19.6	4	9.7	13.1	12.5	8.6	9.3	12.5	9.4
26.05.1999	23.4	8.7	9.9	13.5	12.9	11.7	12.3	12.9	11.6
27.05.1999	8.3	7.6	7.9	7.8	7.3	6	4.4	7.3	6.3
28.05.1999	3.3	0.7	1.3	2.2	2	1.4	2.6	2	1.3
29.05.1999	18.8	13.8	15.7	21.3	15.3	12.6	10.9	15.3	17.5
30.05.1999	1	1.4	2.5	1.1	1.6	0.9	0.3	1.6	2.3
31.05.1999	0.1	0.4	0	0	0	0.1	0	0	0
01.06.1999	1	0.1	3.7	7.1	1.8	1.8	0.1	1.8	2.1
02.06.1999	0.8	0.6	1.3	8.6	3.6	2.7	3.4	3.6	2.3
03.06.1999	5.7	0	0	2.9	0.7	0	0	0.7	1.3
04.06.1999	2.7	1.4	2.5	3.6	2.9	2.2	2.8	2.9	3.1
05.06.1999	3.3	3.7	3.4	1.6	4.2	3.8	4.3	4.2	3.4
06.06.1999	16.5	11.6	12	13.8	12.2	11.4	11	12.2	11.1
07.06.1999	0.2	0	0	0.1	0	0	0	0	0
08.06.1999	1.4	0	0	0	1.1	0	0	1.1	0
09.06.1999	0	0.4	0.1	0	0	0.1	0.3	0	0.1
10.06.1999	10.1	8.4	8	9.7	10	8.1	7.7	10	8.3
11.06.1999	0.1	0	0	0	0	0	0	0	0
12.06.1999	0.1	0.1	0.1	0	0	0.1	0	0	0
13.06.1999	2.4	1.4	2.3	0	2.2	2.9	1	2.2	0
14.06.1999	1.5	9.1	4.9	1.1	4.8	6.1	5.9	4.8	2.7
15.06.1999	0	2.9	5.9	3.9	5.9	4.1	3.4	5.9	5.6
16.06.1999	0	0	0	0	0	0	0	0	0
17.06.1999	15.5	7.5	5.5	12.5	14.5	11.5	10.5	14.5	11.4
18.06.1999	1.5	1.5	1.2	0.1	3.3	3.5	0.1	3.3	2.7
19.06.1999	3	2.8	1.7	2.5	3.6	3.2	4.8	3.6	1.7
20.06.1999	22.3	15.2	17.9	16.5	18.3	13.8	14.5	18.3	18.6
21.06.1999	20.7	12.1	17.5	20.5	19.4	14.5	14.8	19.4	20.1
22.06.1999	5	7.1	5.2	0.1	5.1	7.8	0.2	5.1	10.2
23.06.1999	0.3	0	0	0	0	0	0	0	0
24.06.1999	0	0	0	0	0	0	0	0	0
25.06.1999	0	0	0	0	0	0	0	0	0
26.06.1999	0	0	0	0	0	0	0	0	0
27.06.1999	0	0	0	0	0	0	0	0	0
28.06.1999	0	0	0	0	0	0	0	0	0
29.06.1999	10.5	8.8	8.7	9.6	9.2	9.1	11.3	9.2	7.9
30.06.1999	2.4	3.2	6.1	5.2	2.9	3.6	3.3	2.9	2.7
01.07.1999	1	4.5	2.3	0.2	3.4	5.1	4.9	3.4	1.8
02.07.1999	1.7	2.3	3.2	1.9	3.9	2.2	3.2	3.9	3.1
03.07.1999	5.3	0	0	18.8	16.6	0	0	16.6	5.7
04.07.1999	0.4	1.7	0.1	0.3	0	2.8	0	0	0
05.07.1999	3.7	2.2	2.8	3.5	4.6	2.6	2.6	4.6	3.4
06.07.1999	12.5	9.4	8.9	13.7	13.8	9.8	8.6	13.8	10.3
07.07.1999	7.1	8.7	8.9	6.3	6.6	9.7	0.9	6.6	10.4
08.07.1999	0.1	6.9	2.7	0.1	0	5	0	0	4.8
09.07.1999	0	0	0	0	0	0	0	0	0
10.07.1999	0	0	0	0	0	0	0	0	0
11.07.1999	0	0	0	0	0	0	0	0	0
12.07.1999	0	0	0	0	0	0	0	0	0
13.07.1999	0	0	0	0	0	0	0	0	0
14.07.1999	0	0	0	0	0	0	0	0	0
15.07.1999	6.2	9	8.6	6.8	9.5	9.5	9.3	9.5	7.3
16.07.1999	0.6	0	0	0	0.9	0	0	0.9	0
17.07.1999	0.4	0	0	2.1	0	0	0	0	0
18.07.1999	0.4	0	0	0	0	0	0	0	0
19.07.1999	5.1	5.5	6.2	0	8.2	7.5	4.8	8.2	0
20.07.1999	1.7	0.3	2.7	3.1	1.3	0.8	1.2	1.3	2.8
21.07.1999	3.3	5.3	3.5	0.7	5.7	5.8	8.3	5.7	3.5
22.07.1999	10	14.8	14.8	9.2	12.9	13.7	13	12.9	14.2
23.07.1999	0.6	0.6	0.6	0.1	0.4	0.6	1	0.4	0.6
24.07.1999	6.7	5.1	6.5	9.3	7	5	5.8	7	8
25.07.1999	8.1	7.2	5.1	10.7	12.7	10.8	9.4	12.7	6.1
26.07.1999	5.8	1.4	6.4	5.2	8.7	3.2	3.1	8.7	7.5
27.07.1999	0.4	0	0	0	0.1	0	0	0.1	0
28.07.1999	0	0	0	0	0	0	0	0	0
29.07.1999	0.1	0	0	0	0	0	0	0	0
30.07.1999	0	0	0	0	0	0	0	0	0
31.07.1999	0.1	0	0	0	0	0	0	0	0
01.08.1999	0	0	0	0	0	0	0	0	0
02.08.1999	0	0	0	0	0	0	0	0	0
03.08.1999	0	0	0	0	0	0	0	0	0
04.08.1999	0	0	0	0	0	0	0	0	0
05.08.1999	0	0	0	0	0	0	0	0	0
06.08.1999	0	0	0	0	0	0	0	0	0
07.08.1999	0	0	0	0	0	0	0	0	0
08.08.1999	0	0	0	0	0	0	0	0	0
09.08.1999	0	0	0	0	0	0	0	0	0
10.08.1999	0	0	0	0	0	0	0	0	0
11.08.1999	0	0	0	0	0	0	0	0	0
12.08.1999	0.2	0	0	0.1	0	0	0	0	0
13.08.1999	0.4	0	0	0	0	0	0	0	0
14.08.1999	2.6	0	0	0	0	0	0	0	0
15.08.1999	0	0	0	0	0	0	0	0	0
16.08.1999	0	0	0	0	0	0	0	0	0
17.08.1999	0	0	0	0	0	0	0	0	0
18.08.1999	2.4	0	0	2.7	0	0	0	0	0
19.08.1999	6.7	0	0	3.3	0.8	0	0.1	0.8	0.1
20.08.1999	0	0	0	0	0	0	0	0	0
21.08.1999	0.1	0.2	0.1	1.2	0.2	0.2	0	0.2	0.5
22.08.1999	2.9	0.2	0	2.4	0.5	2.3	0	0.5	0.1
23.08.1999	1.5	0.1	2.2	2.4	1	1.1	0.1	1	0.8
24.08.1999	2.6	0.7	3.1	3.9	1.5	1.3	0.5	1.5	2
25.08.1999	0.5	0	0	0.1	0	0	0	0	0
26.08.1999	0	0	0	0	0	0	0	0	0
27.08.1999	7.9	4.6	6.8	0	8.8	8.1	7.8	8.8	0
28.08.1999	5.1	6	6.8	7.7	9	6.4	7.9	9	10
29.08.1999	1.9	3.7	2.7	3.1	2.7	3.8	3.9	2.7	2.8
30.08.1999	1.7	0.6	1.5	2.3	3.1	1.2	1.3	3.1	2.3
31.08.1999	2.5	0	0	7.4	2.1	0	0	2.1	3.4
01.09.1999	0.5	0.1	0.8	1.2	0.6	0.1	0.1	0.6	0.6
02.09.1999	2	0	0.3	3.6	2.7	0	0.3	2.7	4.2
03.09.1999	10.2	6.3	4.2	3.9	11.6	10.4	10	11.6	6
04.09.1999	8.4	0	4.3	16.6	5.1	0	0.1	5.1	11.7
05.09.1999	0	0	0	0	0	0	0	0	0
06.09.1999	0	0	0	0	0	0	0	0	0
07.09.1999	0	0	0	0	0	0	0	0	0
08.09.1999	21.4	13.8	16.7	19.9	21.3	14.9	14.1	21.3	18.2
09.09.1999	0.5	11.4	11.7	2.8	0	2	10.6	0	4
10.09.1999	6.3	0	2.4	7.3	6	0	0.4	6	5.4
11.09.1999	0.2	0	0	0	0	0	0	0	0
12.09.1999	0	0	0	0	0	0	0	0	0
13.09.1999	0	0	0	0	0	0	0	0	0
14.09.1999	0.4	0	0	0.3	0.1	0	0	0.1	0.4
15.09.1999	11.7	4	7.6	10.6	9.6	5.7	6.7	9.6	9
16.09.1999	0.3	0	0	0	0	0	0.1	0	0
17.09.1999	0.1	0	0	0	0	0	0	0	0
18.09.1999	0.7	0	1.6	5.4	2.4	0	0.6	2.4	5.4
19.09.1999	0.1	0	0	0	0	0	0	0	0
20.09.1999	0	0	0	0	0	0	0	0	0
21.09.1999	0	0	0	0	0	0	0	0	0
22.09.1999	11.1	29.1	14.1	4.3	18.4	25.4	27.5	18.4	14.5
23.09.1999	1.9	0	0	1.8	1.1	0	0.5	1.1	1.1
24.09.1999	0.2	0	0	0	0	0	0	0	0
25.09.1999	0	0	0	0.8	0.4	0	0.5	0.4	0.8
26.09.1999	1.3	1.3	2.7	2.5	1.6	2.1	3.1	1.6	2.5
27.09.1999	0.5	2.5	1.2	0.4	1.3	2.2	2.6	1.3	0.7
28.09.1999	0	1.3	2	2	4	1.9	0.9	4	1.3
29.09.1999	2.5	3.7	3.2	2.8	2.6	3.2	2.3	2.6	2.9
30.09.1999	0.7	0	0.4	0.2	0.6	0	0	0.6	1
01.10.1999	0.4	0	0.1	0.4	0.9	0	0.1	0.9	0.6
02.10.1999	13.1	15	14.6	13.9	14.7	12.9	11.6	14.7	13.5
03.10.1999	1	2.6	1.4	0	0	3.7	3.3	0	0
04.10.1999	2.3	0	0.2	2.8	1.7	0	0.1	1.7	2
05.10.1999	4.7	9	1.9	0.1	6.9	11.6	15.2	6.9	4
06.10.1999	0.1	0	0	2.5	0.9	0	0	0.9	0
07.10.1999	0.3	0	0	0.2	0.4	0	0	0.4	0
08.10.1999	5.3	2.1	2.1	7.2	2.3	1.1	0.3	2.3	2.2
09.10.1999	2.4	0.4	0.8	5.2	4.2	2.5	0.2	4.2	1.8
10.10.1999	3.2	0.5	0.8	2	5.4	3.6	2.4	5.4	1.3
11.10.1999	20.9	16.3	16.7	19.2	18	18.1	19.4	18	20.4
12.10.1999	48	17.8	36.9	45.2	32.4	27.9	17.9	32.4	39.3
13.10.1999	12.9	7.5	16.2	17.9	9.4	8	6.1	9.4	9.7
14.10.1999	0	0.1	0.1	0	0	1.5	0	0	0.1
15.10.1999	0	0	0	0.3	0.3	0	0	0.3	0
16.10.1999	0	0	0	0	0	0	0	0	0
17.10.1999	0	0	0	0	0	0	0	0	0
18.10.1999	0.1	0	0	2.8	0.2	0	0	0.2	0.9
19.10.1999	0.1	0	0	0	0	0	0	0	0
20.10.1999	0.1	0	0	0.1	0.1	0	0	0.1	0
21.10.1999	0	1.7	1.2	0	1.3	1.3	0.4	1.3	0
22.10.1999	0	0	0	0.5	0	0	0	0	0
23.10.1999	0.1	0	0	0	0	0	0	0	0
24.10.1999	1.1	0	0	0.8	0	0	0	0	0
25.10.1999	0.1	0	0	0	0	0	0	0	0
26.10.1999	2.1	4.4	3.5	2.2	5.5	4.8	7.2	5.5	4.8
27.10.1999	10.8	6.7	7.3	11.7	9.4	6.9	4.1	9.4	7.3
28.10.1999	20	12.6	13.8	12	17.4	11.3	12.3	17.4	14.3
29.10.1999	16.1	12.2	13.6	14.9	12.6	11.6	7.6	12.6	10.7
30.10.1999	10.8	0	0.1	5.2	7.4	0	0.1	7.4	4.3
31.10.1999	1.2	7.4	7.5	0	11.3	7.8	7.8	11.3	0
01.11.1999	21.7	2.7	10.8	8.8	13.8	9.6	11.6	13.8	11.8
02.11.1999	39.6	19.7	26.3	34	28.1	21.4	19.7	28.1	28.8
03.11.1999	28.3	10.8	16.9	23	20.3	12.7	8.6	20.3	20.4
04.11.1999	8.4	7.3	7.9	6.7	8.4	7.6	12.2	8.4	8.8
05.11.1999	5.7	0	0.2	6.1	11.3	0	0.2	11.3	4.1
06.11.1999	0	0	0	1.3	0.4	0	0	0.4	0
07.11.1999	0.9	0	0	0.4	0	0	0	0	0
08.11.1999	0.6	0	0	0	0	0	0	0	0
09.11.1999	7	3.7	1	3.5	10.3	7.2	8	10.3	2.3
10.11.1999	2	2.2	4.3	4.8	2.5	2.4	0.1	2.5	5.9
11.11.1999	5.8	2.2	3.3	9.7	5.2	1.2	0.3	5.2	2.2
12.11.1999	5.9	6.4	6.9	5.7	9	5.9	5.3	9	7.6
13.11.1999	10.5	5	10	10	13.1	8.3	8.6	13.1	11.2
14.11.1999	0.8	3.1	4.7	1.4	2.3	3.4	0.1	2.3	4.5
15.11.1999	0.2	0	0	0	0	0	0	0	0
16.11.1999	1.9	6.3	11.2	1.2	0	6	7.2	0	4.6
17.11.1999	3.7	0	0.5	7.4	5.4	0	0.1	5.4	5.5
18.11.1999	1	11.5	8	6.3	7.8	9	1	7.8	8
19.11.1999	0.2	1.1	0.1	0.2	0	0.8	0	0	0
20.11.1999	0.1	0	0	0	0	0	0	0	0
21.11.1999	2.1	1.9	1.9	2.6	0	1.9	0.1	0	1.7
22.11.1999	5.7	5.5	3.7	4.5	9.2	7.5	8.9	9.2	6
23.11.1999	7.3	5.5	5.5	6.5	9.4	7.3	8	9.4	6.5
24.11.1999	1.9	0.1	0.1	2.9	0.7	0.1	0.1	0.7	0.3
25.11.1999	15.9	8.6	11.8	12.5	17	9.9	9.2	17	13.7
26.11.1999	21.2	11.4	17	19.2	16.6	12.2	12.4	16.6	18.8
27.11.1999	22.4	22.3	21.9	20	24.2	20.2	25.6	24.2	25.7
28.11.1999	30.4	19.6	23.4	26.8	26.8	22.1	20.2	26.8	23.5
29.11.1999	37.9	46.2	41.5	29.1	33.9	37.8	40.8	33.9	38.7
30.11.1999	5.9	4.5	2.5	2.1	5.7	5.9	7.2	5.7	1.9
01.12.1999	35.4	28.5	27.9	26.8	28	24.5	25.6	28	28.7
02.12.1999	26.2	19.9	22.2	21.9	25.3	21.2	15.8	25.3	16.1
03.12.1999	3.3	2.2	7.8	6.9	0.8	0.1	0.1	0.8	3
04.12.1999	0.2	0	0	0.1	0	0	0	0	0
05.12.1999	1.9	2.4	8.9	6.2	0.4	0.2	0.1	0.4	4.2
06.12.1999	10.9	5.4	5.5	10	12.9	8.1	8.9	12.9	6.9
07.12.1999	19.4	14	16.9	14.2	16.7	13.4	17	16.7	16.6
08.12.1999	1.4	0	0.1	2.7	0.1	0	0.1	0.1	0.1
09.12.1999	0.9	0	0	2.9	0	0	0.1	0	2.1
10.12.1999	0.4	0	0	1.8	0	0	0.1	0	0.1
11.12.1999	0.1	0	0	0	0	0	0	0	0
12.12.1999	0	0	0	0	0	0	0	0	0
13.12.1999	0.1	0	0	0	0	0	0	0	0
14.12.1999	3	0	0	0	0	0	0	0	0
15.12.1999	0.1	0	0	3.5	2.3	0	0	2.3	1.4
16.12.1999	2.4	0	0	7	0.5	0	0	0.5	0.1
17.12.1999	16.2	13.8	11.3	13.7	10.5	11.2	9.1	10.5	8.8
18.12.1999	21.1	13.4	20	21.5	26.2	16.8	14.5	26.2	21.9
19.12.1999	28.1	14.3	23	28.7	22	19.9	17.7	22	25.2
20.12.1999	23.3	10.1	17.3	18.9	17.2	13.8	11.6	17.2	16.2
21.12.1999	0.3	0	0	0	5.2	1.7	0	5.2	0
22.12.1999	0	0	0	0	0	0	0	0	0
23.12.1999	0.1	0	0.5	2.8	4.8	0	0.1	4.8	6.4
24.12.1999	7.4	3.2	3.9	3.3	3.1	4	4.3	3.1	3.1
25.12.1999	0.1	0.8	0.2	1.3	1	0.1	0.1	1	0.6
26.12.1999	13.3	8.4	10.5	12.6	12.9	8.6	9.2	12.9	11.2
27.12.1999	5.8	6.3	3.6	1.6	3.5	7.5	10.8	3.5	2.1
28.12.1999	0.3	0	0	0	0	0	0	0	0
29.12.1999	0	0	0	0	0	0	0	0	0
30.12.1999	0	0	0	0	0	0	0	0	0
31.12.1999	2	0	0.2	2.9	2.3	0	0.1	2.3	1.6
01.01.2000	2.1	2.6	2.9	2.1	3.2	2.6	3.9	3.2	2.9
02.01.2000	21.8	11	16.1	16	15	10.7	11.5	15	16.2
03.01.2000	11.8	8.9	9.4	9.9	7.8	9.1	6.7	7.8	6.9
04.01.2000	43.2	44	38	34.7	37	37.1	32.5	37	33.6
05.01.2000	2	1.1	3.6	5.3	0.9	1.9	0.9	0.9	2.6
06.01.2000	12.8	6.4	7.2	8.1	15.2	12.9	12.1	15.2	9.7
07.01.2000	17.5	24.4	17.8	17.1	16.5	19.2	18.5	16.5	16
08.01.2000	50.4	26.1	30.4	33.9	39.8	28.8	30.6	39.8	32.3
09.01.2000	29.7	26.8	25.8	26.1	26.6	23.5	24	26.6	24.1
10.01.2000	14.3	4.7	8.8	9.8	12	8.5	9.5	12	9.9
11.01.2000	19.7	18.5	18.3	13.7	17.2	16.6	23.3	17.2	19
12.01.2000	31	4.9	16.1	26.5	17.4	9.7	4.1	17.4	16
13.01.2000	13.5	5.9	10.4	11.9	10.3	7.7	8.3	10.3	10.2
14.01.2000	0.5	0.1	0	0.1	0	3.4	0	0	3.1
15.01.2000	0.2	0.7	1.8	0.6	0	2.1	2.8	0	2.7
16.01.2000	7.2	2.8	4.1	6.9	7.5	6.6	7.6	7.5	4.8
17.01.2000	15.9	12.1	15.3	10.2	19.2	11.8	12.1	19.2	17.3
18.01.2000	7.9	10.5	8.5	6.5	13.3	9.5	8.9	13.3	9.3
19.01.2000	7.5	14	8.4	2.8	8.7	10.3	13.6	8.7	6.2
20.01.2000	20.2	18	13.8	15	22.3	14.8	9	22.3	10.1
21.01.2000	4.7	3.2	5.1	4.6	11	5	5.6	11	4.7
22.01.2000	0.3	0	0.5	2.1	1	0	0.2	1	1.6
23.01.2000	0.5	3.6	4.6	1.8	0	0.8	0.1	0	3.2
24.01.2000	1.3	0.6	1.1	2.1	2.8	1.8	2.2	2.8	1.6
25.01.2000	0.4	0	0	1.2	0	0	0	0	0
26.01.2000	4.7	0	0	2.9	0	0	0	0	0.6
27.01.2000	0.1	0	1	6	6.1	0	0.1	6.1	2.7
28.01.2000	16.6	25.7	19.4	18.6	20.7	19	14.2	20.7	15.7
29.01.2000	5.6	0	0.1	4.5	8.3	0	0.1	8.3	9.5
30.01.2000	20.1	13.3	12.1	13	16.8	10.7	12	16.8	12.5
31.01.2000	2.1	0.8	1.8	2.5	2.3	0.3	0.1	2.3	1.1
01.02.2000	2.1	4.5	4.8	3.6	3.3	3.5	1.9	3.3	3.7
02.02.2000	12.4	11.1	11.5	12.5	13.7	11.9	12.8	13.7	12.2
03.02.2000	8.7	3.6	7.7	8.4	7.8	5.4	4.9	7.8	7.1
04.02.2000	28.6	19.8	20	24.7	21.4	18.9	18.1	21.4	20.9
05.02.2000	19	10.1	13.9	24.9	15.3	12.5	15.6	15.3	21.6
06.02.2000	25.7	17	15.4	17.2	24.5	18.1	19	24.5	17.9
07.02.2000	5.4	4.1	6.3	3.7	5.4	3.9	5.2	5.4	4.6
08.02.2000	6.9	0.2	2.5	7.5	2.4	3.8	2.2	2.4	1.7
09.02.2000	0.1	0	0	0	0	0	0	0	0
10.02.2000	3.6	0	0	1.6	0	0	0.1	0	0.1
11.02.2000	16.4	24.2	17.6	11.9	14.8	17.7	17.1	14.8	12.2
12.02.2000	8.3	4.6	5.3	9.2	3.1	5.6	3.4	3.1	4.9
13.02.2000	21.2	7.2	11.4	17.8	13.4	8.5	6.8	13.4	11.1
14.02.2000	13.7	8.9	12.4	10.5	15.3	11.7	8.6	15.3	10.8
15.02.2000	3.6	3.8	3.8	2.5	7.5	5.6	7.2	7.5	3.2
16.02.2000	3.1	2.9	9.1	5.8	0	5.9	6.5	0	10.6
17.02.2000	0.1	0	0	0	0	0	0	0	0
18.02.2000	0.1	0	0	0	0	0	0	0	0
19.02.2000	2.6	0	0	0	0	0	0	0	0
20.02.2000	0.6	1.1	7.9	4.9	2	2.3	0.1	2	6.8
21.02.2000	0.1	0	0	0	0	0	0	0	0
22.02.2000	1.3	0.1	0.2	2.1	2.7	1.1	0.7	2.7	0.8
23.02.2000	0	0	0	2.3	0	0	0	0	0.3
24.02.2000	4.7	0	0	3.5	0	0	0.9	0	0.1
25.02.2000	19	12.9	16.2	13.3	14.2	14.1	16.6	14.2	14
26.02.2000	12.5	10.1	9.2	8.8	14.8	12	17.2	14.8	12.3
27.02.2000	11.3	8.9	8.1	6.7	12.9	11.5	16.1	12.9	8
28.02.2000	32.3	19.1	19.3	23.1	24.9	20.2	19.2	24.9	19.2
29.02.2000	42.7	20.4	30.2	43.2	39.4	23.6	21.4	39.4	35.8
01.03.2000	30.2	3.3	10.8	18.3	17.8	8	5.2	17.8	11.2
02.03.2000	21.3	25.8	19.5	16.2	24.6	17.5	12.7	24.6	14.8
03.03.2000	0.9	4.4	2.9	1.3	2.7	3.4	3.6	2.7	2
04.03.2000	7.4	17.4	10.9	7.1	15.8	13.7	10	15.8	9.1
05.03.2000	17.9	22.9	14.3	11.9	25.6	11.2	9	25.6	14.2
06.03.2000	23.4	16.8	17.5	13.4	20.6	16.1	20	20.6	17.5
07.03.2000	11.3	12.8	9.2	7.8	14	11.9	9.9	14	7.8
08.03.2000	5.2	11.5	10.5	0	10	11.8	1.1	10	0
09.03.2000	2.7	0.1	1	1.2	0.2	0.1	0.1	0.2	1
10.03.2000	0.3	6.8	5.4	2	4.4	3.3	0.1	4.4	2.4
11.03.2000	0	0	0	0	0	0	0	0	0
12.03.2000	0	0	0	0	0	0	0	0	0
13.03.2000	4.4	14.9	8.4	6.4	13.1	13.5	14.4	13.1	8
14.03.2000	16.6	13.6	12.1	12.5	13.2	11.7	10	13.2	12.1
15.03.2000	12.9	16.1	12.5	10.3	16.2	9.5	6.5	16.2	11
16.03.2000	6.4	12.6	9.1	8.8	11.6	11.2	10	11.6	8.7
17.03.2000	20.6	18.5	22.2	24.1	24.7	19.7	18.4	24.7	22.2
18.03.2000	2.6	0	0.2	4.1	1.8	0	0.1	1.8	2.4
19.03.2000	8.2	6.3	5.1	8.5	9.5	7.5	8.2	9.5	7
20.03.2000	11.8	7.9	8	8.2	14.1	11.2	11.7	14.1	9.1
21.03.2000	10.1	9.1	8.5	8.7	10.7	13	13.3	10.7	8.4
22.03.2000	6.7	6.7	5.3	7.6	9.2	8.8	8.6	9.2	5.3
23.03.2000	4	3.2	4.4	3.8	5	3.2	2	5	3.5
24.03.2000	1.1	0	0	0.4	1.4	0	0	1.4	1
25.03.2000	0	0	0	0	0	0	0	0	0
26.03.2000	1.4	0	0	0.9	0	0	0	0	0
27.03.2000	0.5	0	0	2.6	0	0	0	0	0.1
28.03.2000	0	0	0	0	0	0	0	0	0
29.03.2000	0.3	0	0	6.6	1.6	0	0	1.6	3
30.03.2000	0	0.2	0	0	0	0.2	0	0	0
31.03.2000	0	3	0	0	0	2.8	0	0	0
01.04.2000	0	0	0	0	0	0	0	0	0
02.04.2000	2	0	1.9	3.1	2.3	0	0.2	2.3	3.8
03.04.2000	0	10.8	0.2	0	0	0.1	5.7	0	0
04.04.2000	0.7	24.6	13	0	0	19.7	2.4	0	0
05.04.2000	1.1	4.6	8.4	0	5.4	8.3	0.1	5.4	0
06.04.2000	7.8	3.7	6.4	8.5	8.6	6.3	4.1	8.6	6.8
07.04.2000	3.6	0.1	2.1	2	0.8	2	2.2	0.8	2.3
08.04.2000	0	0	0	0	0	0	0	0	0
09.04.2000	0	0	0	0	0	0	0	0	0
10.04.2000	0	0	0	0	0	0	0	0	0
11.04.2000	1.8	0	0	4.4	1.5	0	0	1.5	3.1
12.04.2000	0	0	0	0	0	0	0	0	0
13.04.2000	0	0	0	0	0	0	0	0	0
14.04.2000	0	3	0.2	0	0	2.4	0.1	0	0
15.04.2000	7.5	8.3	10.6	10.1	9	8	7.9	9	10.8
16.04.2000	0	0	0	0	0.2	0	0	0.2	0
17.04.2000	0	0	0	0	0	0	0	0	0
18.04.2000	0.4	0	0	0.7	0	0	0	0	0
19.04.2000	2.1	9.7	6.4	1.3	7.2	7.7	5.2	7.2	3.9
20.04.2000	0	0	0	0.4	0	0	0	0	0
21.04.2000	0.7	0	0	3.7	1.1	0	0	1.1	3
22.04.2000	12.4	8.4	12.6	12.8	9.8	9.5	11.5	9.8	12.7
23.04.2000	1.1	3.9	3.5	0.9	1.2	2.7	5.2	1.2	2.3
24.04.2000	0	0	0	0	0	0	0	0	0
25.04.2000	0.1	0.1	0.1	0	0	0.1	0	0	0
26.04.2000	0	0	0	0	0	0	0	0	0
27.04.2000	0.8	0	0	0	0	0	0	0	0
28.04.2000	4.6	0	0	6.7	0.1	0	0	0.1	0.1
29.04.2000	0	0	0	0	0	0	0	0	0
30.04.2000	0	0	0	0	0	0	0	0	0
01.05.2000	0	0	0	0	0	0	0	0	0
02.05.2000	0	0	0	0	0	0	0	0	0
03.05.2000	12.1	11.1	11.3	12.4	10.9	11.3	10.7	10.9	11.8
04.05.2000	0	0	0	0	0	0	0	0	0
05.05.2000	0	0	0	0	0	0	0	0	0
06.05.2000	0	0	0	0	0	0	0	0	0
07.05.2000	0	0	0	0	0	0	0	0	0
08.05.2000	0	0	0	0	0	0	0	0	0
09.05.2000	0	0	0	0	0	0	0	0	0
10.05.2000	1.8	2.6	2.5	1.7	2.1	2	2.9	2.1	2.9
11.05.2000	0.2	0	0	0	0	0	0	0	0
12.05.2000	0	1	0	0	0	0.3	0	0	0
13.05.2000	0	0	0	0	0	0	0	0	0
14.05.2000	0	0	0	0	0	0	0	0	0
15.05.2000	0	0	0	0	0	0	0	0	0
16.05.2000	0	0	0	0	0	0	0	0	0
17.05.2000	4.3	0	0.1	2	5.3	0	0.1	5.3	3.3
18.05.2000	9.2	9.8	12.3	9.1	12.6	8.4	10.1	12.6	11.9
19.05.2000	0.8	0.1	0.1	0.1	0.1	0.1	0.1	0.1	0.5
20.05.2000	2.6	4.5	2.7	2.1	3.5	3.8	3.1	3.5	2.2
21.05.2000	0.4	0	0	1.2	0.2	0	0	0.2	0.8
22.05.2000	0	0	0	0.1	0	0	0	0	0
23.05.2000	2.8	0.1	1.4	2.2	2	2.6	0.1	2	1.9
24.05.2000	4.2	2	2.8	2.5	3.9	3	3.9	3.9	3.4
25.05.2000	1.1	0	0.1	1.4	1.3	0	0.1	1.3	1.8
26.05.2000	0	0.1	0	0	0	0.1	0	0	0
27.05.2000	0.6	2.4	2.5	0.1	0	5.6	0.3	0	2.5
28.05.2000	2.7	7.7	5.9	0.6	4.2	5.4	6.2	4.2	5.1
29.05.2000	8.7	0	2.7	11.4	8.9	0	2	8.9	6.8
30.05.2000	2.6	6.2	4.6	3.8	4.1	5.1	5.1	4.1	5.1
31.05.2000	0.2	1.3	0.8	0.1	1.5	1.7	0.4	1.5	1.1
01.06.2000	0.1	0.1	2.6	1.5	0.7	2.3	0.1	0.7	1.9
02.06.2000	5	6.9	4.9	3.5	5.3	4.7	4.9	5.3	4.3
03.06.2000	7.8	5.6	7.3	4.5	11.6	8.3	7.4	11.6	6.2
04.06.2000	4.3	0.1	5.9	6.2	3.8	5.3	0.2	3.8	3
05.06.2000	0.1	0	0	0	0	0	0	0	0
06.06.2000	0.1	0	0	0	0	0	0	0	0
07.06.2000	0	0	0	0	0	0	0	0	0
08.06.2000	2.4	2.7	1.5	1.6	4.6	3.5	0.1	4.6	2.3
09.06.2000	1.5	1.1	1.4	1.3	1.5	1.7	0.3	1.5	0.8
10.06.2000	2.3	0	0.1	1.3	3.4	0	0.1	3.4	0.6
11.06.2000	6.4	7.8	5.8	6.9	8.6	6	6.7	8.6	6.6
12.06.2000	12.5	0.1	4.9	8.5	5.6	1.2	0.3	5.6	4.9
13.06.2000	36.9	31.4	32	35	35.2	28.9	26.8	35.2	32.4
14.06.2000	47	37.2	37	38.1	37.7	36.8	33.4	37.7	37
15.06.2000	10.3	6.7	10.4	9	9.9	6.3	9.2	9.9	13.2
16.06.2000	13	1.3	7.3	7.8	19.7	20.4	0.7	19.7	11.1
17.06.2000	0.2	1.5	0.7	3	0	4.1	0	0	3.5
18.06.2000	2.5	2.6	3.1	3	3.8	2.9	3.4	3.8	3.8
19.06.2000	12.4	6.5	8.8	13	11.3	6.1	5.1	11.3	9.4
20.06.2000	11.2	7.6	9.9	10	5.5	6.6	8	5.5	9.2
21.06.2000	3.7	2.6	3.7	2.2	2.8	2.2	2.9	2.8	4.2
22.06.2000	13.3	7	6.4	8.6	9.8	8.4	5.9	9.8	6.8
23.06.2000	5	7.6	6.7	5.2	7.6	9.4	7.9	7.6	6.1
24.06.2000	0.2	1.7	0.2	0.1	0	1.7	0.1	0	0
25.06.2000	0	6.6	0.3	0	0	1.3	1.2	0	0
26.06.2000	0	3.6	3.9	1.8	6.3	4.6	1.1	6.3	1.3
27.06.2000	0.5	2.5	2	1.7	0.2	0.5	0.1	0.2	0.2
28.06.2000	5	21.1	9	6.6	14.3	15.6	11.7	14.3	6.8
29.06.2000	5.5	3.8	7.9	7.9	3.3	2.4	0.4	3.3	6
30.06.2000	0.1	7.5	1.7	0	0	6.7	0.9	0	0
01.07.2000	0	2.4	0	0	0	0.6	0	0	0
02.07.2000	5.5	0	0.2	2.6	5.5	0	0.1	5.5	2.5
03.07.2000	6.9	3.5	10.3	14.4	5	3.4	0.1	5	9.2
04.07.2000	3	3.8	4.4	4	3.2	3.4	3.3	3.2	3.7
05.07.2000	0	1.3	3.4	0	0	0.7	0.1	0	0.1
06.07.2000	1	4.2	6	2.8	0	3	0.8	0	5.2
07.07.2000	2.3	3.7	2	3.9	2.5	4.1	4.4	2.5	2.9
08.07.2000	3.4	7.2	4.2	1.5	4.3	5.6	0.5	4.3	4.9
09.07.2000	0.9	0	0	0.4	1.6	0	0	1.6	0.8
10.07.2000	0.1	1	0.8	0	0	1.1	0	0	0
11.07.2000	1.8	2.6	2.2	1.1	2.2	2.1	2.9	2.2	2
12.07.2000	0.4	4.5	2.7	0.8	0	2.1	1.7	0	1.8
13.07.2000	3.8	3.5	8	14.6	6.6	3.8	5	6.6	11.8
14.07.2000	0.4	0.9	1.9	0.8	0.2	0.1	0.1	0.2	1.4
15.07.2000	4.4	3.8	4.7	4.8	4.9	3.3	2.3	4.9	4.2
16.07.2000	0.2	0.1	0	0	0	0.6	0	0	0
17.07.2000	0	0.1	0.1	0	0	0.1	0.1	0	0
18.07.2000	0	0.2	0	0	0	0.1	0	0	0
19.07.2000	0	1.1	0	0	0	0.1	0	0	0
20.07.2000	0	8.2	0.3	0	0	5.6	0	0	0
21.07.2000	0.1	0.1	0.2	0	0	0.7	0	0	0
22.07.2000	0	0	0	0	0	0	0	0	0
23.07.2000	0	0	0	0	0	0	0	0	0
24.07.2000	0	0	0	0	0	0	0	0	0
25.07.2000	0	0	0	0	0	0	0	0	0
26.07.2000	0	5.3	0.9	0.1	0	0.7	0.1	0	0
27.07.2000	0	0	0	0	0	0	0	0	0
28.07.2000	0	0	0	0	0	0	0	0	0
29.07.2000	0	0	0	0	0	0	0	0	0
30.07.2000	0	0	0	0	0	0	0	0	0
31.07.2000	0	0.1	0	0	0.4	0.7	0	0.4	0
01.08.2000	0.1	6.7	6.2	0	0	1.4	0.1	0	0
02.08.2000	0	0	0	0	0	0	0	0	0
03.08.2000	17.2	0.5	1.8	6.5	0.5	3.3	3.9	0.5	0.6
04.08.2000	5.7	4.2	4.4	7.3	6.2	3.1	0.8	6.2	4.5
05.08.2000	1.5	3.3	2.6	1.3	3.3	3.1	3.1	3.3	2
06.08.2000	7.1	4.6	7.1	11.3	8	3.6	0.6	8	7.8
07.08.2000	9.3	4.7	9	11.2	17.9	11.9	11.4	17.9	10.7
08.08.2000	11.5	8.1	13.5	5.9	15.3	12	9.2	15.3	12.3
09.08.2000	1.2	0.4	3.1	0.4	1.5	2.6	0.1	1.5	3.8
10.08.2000	0.4	0	0	0	0	0	0	0	0
11.08.2000	4.2	5	4.3	4.4	4.5	4.5	4.3	4.5	4.2
12.08.2000	1	0	0	4	1.2	0	0	1.2	1.9
13.08.2000	0	0	0	0.4	0	0	0	0	0
14.08.2000	1.6	0	0.3	1.2	1.6	0	0.1	1.6	1.1
15.08.2000	11.3	6.7	10.9	8.6	8.5	7.4	10.4	8.5	11.2
16.08.2000	1.9	1.2	2.3	2.3	3.1	1.2	1.2	3.1	2.7
17.08.2000	7.7	3	3.4	5.6	2.6	3.7	3.5	2.6	3.6
18.08.2000	7.2	10.3	10.7	6.9	7.7	8.8	10.4	7.7	8.1
19.08.2000	6.1	1.8	3.1	5.3	2.4	1.9	0.9	2.4	3.2
20.08.2000	0.7	0	0	1.3	0	0	0.1	0	0.4
21.08.2000	0	3.4	6.7	2.4	8.7	3.7	3	8.7	5
22.08.2000	0.8	8.3	5.6	1.2	1.8	4	0.9	1.8	4.3
23.08.2000	0.9	1.3	2	2.2	2.2	1.4	0.1	2.2	2.7
24.08.2000	11.2	6	12.4	17.4	14.9	8.3	8.8	14.9	15.5
25.08.2000	5.5	0.5	1.6	2.9	1.1	1.3	1.4	1.1	1.5
26.08.2000	0.1	0	0	0	0	0	0	0	0
27.08.2000	0	0	0	0	0	0	0	0	0
28.08.2000	0	0	0	0.1	0	0	0	0	0
29.08.2000	0	0	0	0	0	0	0	0	0
30.08.2000	9	8.4	9.2	9.4	7.5	7.6	6.4	7.5	9.2
31.08.2000	4.1	5.3	3.9	3.3	3.7	4.7	4	3.7	3.3
01.09.2000	0.3	0	0.1	0.2	0.1	0	0.1	0.1	0.2
02.09.2000	0	0.7	3.4	0	0	2.2	2.5	0	1.2
03.09.2000	0.1	0.4	0	0	0	1.2	0	0	0
04.09.2000	0	0	0	0	0	0	0	0	0
05.09.2000	0	0	0	0	0	0	0	0	0
06.09.2000	0	0	0	0	0	0	0	0	0
07.09.2000	6.1	2.4	5.3	5.4	6	2.8	5.4	6	5.5
08.09.2000	13.3	12.8	12.8	13.8	12.2	11.4	13	12.2	14.4
09.09.2000	48.1	33.9	40.1	37.6	48.5	34.7	35.7	48.5	41.8
10.09.2000	36.7	30.5	33.2	30.4	29.5	30.1	27.6	29.5	32.5
11.09.2000	2.9	4.5	3.2	2.4	5.1	5.8	6.8	5.1	4.1
12.09.2000	0.5	2.4	0	0.1	0	5.9	0	0	0.8
13.09.2000	0.1	0	0	0	0	0	0	0	0
14.09.2000	0	0	0	0	0	0	0	0	0
15.09.2000	0.1	0	0	0	0	0	0	0	0
16.09.2000	1.7	0	0.2	2.8	0.4	0	0.1	0.4	3.2
17.09.2000	0.3	0	2.3	4.2	2.7	0	0.4	2.7	6.3
18.09.2000	14.4	0	3.3	10	9.1	0	0.1	9.1	11.9
19.09.2000	2.1	0	0.9	3.8	1.4	0	0	1.4	1.9
20.09.2000	0.1	0	0	0	0	0	0	0	0
21.09.2000	0	0	0	0	0	0	0	0	0
22.09.2000	0	0	0	0	0	0	0	0	0
23.09.2000	2	1.5	2.1	0.9	1.9	1.5	2.1	1.9	1.7
24.09.2000	0	0	0	0	0	0	0	0	0
25.09.2000	0	0	0	0	0	0	0	0	0
26.09.2000	0.1	0	0	0	0	0	0	0	0
27.09.2000	0.1	0	0	0	0	0	0	0	0
28.09.2000	0.1	0	0	0	0	0	0	0	0
29.09.2000	4.8	5	8.2	5.8	6	2.7	3.6	6	5.7
30.09.2000	6.6	2.4	6.4	5.3	5.4	3.4	4.7	5.4	7.2
01.10.2000	0.2	0	0	0.1	0	0	0	0	0
02.10.2000	1.6	0	0	0.2	0	0	0	0	0
03.10.2000	0.1	0	0.2	1.1	0.4	0	0.1	0.4	0.4
04.10.2000	0	0	0	0.1	0	0	0	0	0
05.10.2000	3.5	0	0	4.8	1.3	0	0	1.3	0
06.10.2000	1.6	0.4	0.7	1.1	1	0.8	0.3	1	0.6
07.10.2000	0.4	0	0	0.4	0	0	0.2	0	0.3
08.10.2000	0.1	0	0	0.5	0	0	0.1	0	0.2
09.10.2000	1	0	0	0.1	0.1	0	0	0.1	0.1
10.10.2000	1.4	0	0	0.1	0	0	0.1	0	0.9
11.10.2000	0	0	0	0	0	0	0	0	0
12.10.2000	0	0.1	0	0	0	0.3	0	0	0
13.10.2000	0	0	0	0	0	0	0	0	0
14.10.2000	0	0	0	0	0	0	0	0	0
15.10.2000	0.1	0	0.1	0.1	0.1	0	0.1	0.1	0.3
16.10.2000	0.1	0	0	0	0	0	0	0	0
17.10.2000	0	0	0	0	0	0	0.2	0	0
18.10.2000	1.1	3.1	4.9	1.9	4.8	2.4	3.7	4.8	4
19.10.2000	0	7.4	6.9	2.9	6.9	5	2.2	6.9	4.5
20.10.2000	5.7	0	0.1	3.5	0.6	0	0.1	0.6	2.5
21.10.2000	0.5	0	0	0.8	0	0	0.1	0	0.6
22.10.2000	10.9	10.6	12.1	11.8	10.6	9.5	14.1	10.6	11.7
23.10.2000	0.5	0	0	0.1	0.5	0	0	0.5	0.1
24.10.2000	1.7	3	1.8	0.9	0.8	3.1	4.3	0.8	2
25.10.2000	4.2	0.3	10.7	9.7	0	1.1	1.4	0	12.6
26.10.2000	0.1	0	0	0.5	0	0	0	0	0
27.10.2000	0	0	0	0	0	0	0	0	0
28.10.2000	2.6	2	7	7.2	4.7	1.1	1	4.7	5.6
29.10.2000	0	0	0	0	0	0	0	0	0
30.10.2000	0	15.1	0.6	0	0	3	5.4	0	0
31.10.2000	0	15.1	0.7	0	0	2.2	9.1	0	0
01.11.2000	14.5	5.7	5.6	6.1	10.5	8.9	10.8	10.5	5.5
02.11.2000	0	0	0	0	0	0	0	0	0
03.11.2000	0	0	0	0	0	0	0	0	0
04.11.2000	0	0	0	0	0	0	0	0	0
05.11.2000	0	0	0	0	0	0	0	0	0
06.11.2000	0	0	0	0	0	0	0	0	0
07.11.2000	0	0	0	0	0	0	0	0	0
08.11.2000	0	11.1	0.6	0	0	1.5	1.5	0	0
09.11.2000	3	0.9	5.3	6.8	3.1	1.6	1.3	3.1	4.1
10.11.2000	0.3	0	0	0	0	0	0	0	0
11.11.2000	0.1	0	0	0	0	0	0	0	0
12.11.2000	0	0	0	0	0	0	0	0	0
13.11.2000	0	0	0	0.4	0	0	0	0	0
14.11.2000	0	0	0	0.1	0	0	0	0	0
15.11.2000	0	0	0	0	0	0	0	0	0
16.11.2000	0	0	0	0	0	0	0	0	0
17.11.2000	0	0.7	0	0	0	0.2	0.6	0	0
18.11.2000	0	0	0	0	0	0	0	0	0
19.11.2000	0	0	0	0	0	0	0	0	0
20.11.2000	0	3.8	0.4	0	0	0.1	0.1	0	0
21.11.2000	0	0	0	0	0	0	0	0	0
22.11.2000	0	0	0	0	0	0	0	0	0
23.11.2000	0	0	0	0	0	0	0	0	0
24.11.2000	0	0	0	0	0	0	0	0	0
25.11.2000	1.5	0	0	0	0.7	0	0.7	0.7	0
26.11.2000	0	0	0	0	0	0	0	0	0
27.11.2000	0	0	0	0	0	0	0	0	0
28.11.2000	0	0	0	0	0	0	0	0	0
29.11.2000	0	0	0	0	0	0	0	0	0
30.11.2000	5.8	5.7	4.9	5.9	4.8	4.9	5	4.8	4.9
01.12.2000	9.6	10	7.6	4.6	8.2	11.3	14.6	8.2	8.4
02.12.2000	3.1	5	7.8	5.4	3.9	3.9	4.1	3.9	4.2
03.12.2000	0.5	1.1	1.3	1.2	1.7	1.1	2.3	1.7	1
04.12.2000	0	0	0	0	0	0	0	0	0
05.12.2000	0.7	0	0.9	0.9	0.7	0	0.5	0.7	1.3
06.12.2000	8.9	18.3	27.7	17.5	18	14.4	21.6	18	16.2
07.12.2000	3.1	11.6	11.2	4.7	0	12.5	9.6	0	10.8
08.12.2000	0.1	5.9	0.4	0.4	0	3.5	0	0	0
09.12.2000	0.2	0	0	0.7	0	0	0	0	0
10.12.2000	0.4	0	0	1.9	0.3	0	0	0.3	1.8
11.12.2000	6.9	0	0	11.4	5.3	0	0	5.3	5.9
12.12.2000	3.8	12	4	0.9	6.8	12.1	9.4	6.8	2.2
13.12.2000	3.4	0	0.1	0.1	1.7	0	0.4	1.7	2.6
14.12.2000	0	0	0	0	0	0	0	0	0
15.12.2000	0.2	4.8	5.6	3.3	0.8	2.6	0.1	0.8	2.4
16.12.2000	5.5	5.7	13.2	10.3	7	10.1	0.9	7	6.3
17.12.2000	0.2	11	0.5	0	0	13.7	0	0	0
18.12.2000	0	0	0	0	0	0	0	0	0
19.12.2000	0.1	0	0	0	0	0	0	0	0
20.12.2000	0.1	0	0	0	0	0	0	0	0
21.12.2000	0	0	0	0	0	0	0	0	0
22.12.2000	0.3	0	0	0	0	0	0	0	0
23.12.2000	1.6	4.4	3.7	1.5	2.5	1.6	0.8	2.5	2.2
24.12.2000	0.1	0.5	2.4	7	2.5	2.4	0.1	2.5	2.8
25.12.2000	4.2	14.1	9.2	11.2	9.3	14	1.5	9.3	1
26.12.2000	4.4	0	0	13.7	1.9	0	0	1.9	0.1
27.12.2000	4.6	0	0	6.4	5.4	0	0.3	5.4	3.8
28.12.2000	0	0	0	0	0	0	0	0	0
29.12.2000	0	0	0	0	0	0	0	0	0
30.12.2000	0	0	0	0	0	0	0	0	0
31.12.2000	0	0	0	0	0	0	0	0	0
01.01.2001	0.1	0	0	0	0	0	0	0	0
02.01.2001	0	0	0	0	0	0	0	0	0
03.01.2001	0	0	0	0	0	0	0	0	0
04.01.2001	0	6.5	0.3	0	0	1.7	2.2	0	0
05.01.2001	0	0	0	0	0	0	0	0	0
06.01.2001	0	0	0	0	0	0	0	0	0
07.01.2001	0	0	0	0	0	0	0	0	0
08.01.2001	0.7	0	0	1.8	0.3	0	0	0.3	0
09.01.2001	2.2	3	3.2	2.7	2.1	2	0.1	2.1	2.2
10.01.2001	2.9	5.5	2	0.5	5.1	4.2	5.8	5.1	4.5
11.01.2001	19.1	20.8	26.4	16.2	22.6	22.4	15.2	22.6	17.3
12.01.2001	10.8	27.9	28.4	19.5	19.8	21.6	19.4	19.8	14.3
13.01.2001	0.4	0	0	0	0	0	0	0	0
14.01.2001	0.2	0	0	0	0	0	0	0	0
15.01.2001	0	0	0	0	0	0	0	0	0
16.01.2001	0	0	0	0	0	0	0	0	0
17.01.2001	0	0	0	0	0	0	0	0	0
18.01.2001	0	0	0	0	0	0	0	0	0
19.01.2001	0	0	0	0	0	0	0	0	0
20.01.2001	0	0	0	0	0	0	0	0	0
21.01.2001	0	0	0	0	0	0	0	0	0
22.01.2001	0	0	0	0	0	0	0	0	0
23.01.2001	0	0	0	0	0	0	0	0	0
24.01.2001	0	0	0	0	0	0	0	0	0
25.01.2001	4.4	0	1.4	4.5	2.3	0	0.2	2.3	0.4
26.01.2001	3.3	0	0	0	1.3	0	0.1	1.3	0
27.01.2001	0	0	0	0	0	0	0	0	0
28.01.2001	0	0	0	0	0.9	0	0	0.9	0
29.01.2001	2.3	0.1	5.4	5.1	2.3	3.6	3.3	2.3	0.4
30.01.2001	0	0.2	0	0	0	0.3	0	0	0
31.01.2001	0	0	0	0	0	0	0	0	0
01.02.2001	0	0	0	0	0	0	0	0	0
02.02.2001	0	0	0	0	0	0	0	0	0
03.02.2001	0	0	0	0	0	0	0	0	0
04.02.2001	0	0	0	0	0	0	0	0	0
05.02.2001	0	0	0	0	0	0	0	0	0
06.02.2001	0	0	0	0	0	0	0	0	0
07.02.2001	4.9	0	0	10.4	0.7	0	0	0.7	0
08.02.2001	14.7	12.7	9.5	11.5	16.4	10	6.8	16.4	9
09.02.2001	0.3	6.6	0.3	0	0	12.8	0	0	0
10.02.2001	0.4	0	0	0	0	0	0	0	0
11.02.2001	0.6	0	0	0	0.2	0	0	0.2	0
12.02.2001	21	0.2	5	18.1	10.8	5.5	2.5	10.8	6.4
13.02.2001	6.1	7.2	6.8	5.3	7.3	10.1	11.4	7.3	7
14.02.2001	11.5	6.3	11.5	10.4	12.5	14.9	16.9	12.5	8.5
15.02.2001	0.8	9.4	0	0	8.7	20.6	0	8.7	0
16.02.2001	3.7	5.5	12.3	1.8	0	9.5	13.9	0	4.8
17.02.2001	4.4	9.1	6.2	5.5	8.6	6.7	6.9	8.6	5.7
18.02.2001	16.5	0.8	3.3	13.6	5	0.1	0.1	5	1.6
19.02.2001	3.4	3.5	0.1	0.4	6.7	5.3	0.4	6.7	3.5
20.02.2001	6.9	5.6	6.1	8.6	9.2	4.5	1.8	9.2	6.6
21.02.2001	16.8	4.6	7.8	13.1	12.8	9.3	5.6	12.8	8.3
22.02.2001	20.1	8.9	14.4	14.9	19.3	9.6	4.2	19.3	14.7
23.02.2001	0.3	0	0	0.3	1.3	0	0	1.3	0.1
24.02.2001	3.2	4	3.2	2.6	4.5	5.2	4	4.5	2.3
25.02.2001	2.3	6.9	4.3	1.3	4.8	5.3	5.2	4.8	3.1
26.02.2001	0	0	0	0	0	0	0	0	0
27.02.2001	0	0	0	0	0	0	0	0	0
28.02.2001	0.3	0	0	0	0	0	0	0	0
01.03.2001	0	0	0	0	0	0	0	0	0
02.03.2001	0	0	0	0	0	0	0	0	0
03.03.2001	1	0	1.1	2.6	2	0	0.4	2	1.8
04.03.2001	2	1.2	1.8	2.7	1.9	0.5	1.3	1.9	0.9
05.03.2001	3.3	0	1.5	6.6	1.6	0	0.1	1.6	4.7
06.03.2001	16.2	8.7	12.1	12.9	10.6	5.5	5.9	10.6	12.1
07.03.2001	0.1	0	0	0.1	0	0	0	0	0
08.03.2001	0	0	0	0	0	0	0	0	0
09.03.2001	0	0	0	0	0	0	0	0	0
10.03.2001	0.3	0	0	0.3	0	0	0	0	0.3
11.03.2001	1	0	0.1	0.1	1.3	0	0.1	1.3	0.8
12.03.2001	4	2.5	3.7	3.5	2.9	2.8	2.5	2.9	3.9
13.03.2001	0	0	0	0	0	0	0	0	0
14.03.2001	2.5	1.8	2.9	2.1	0.9	0.8	0.1	0.9	2.5
15.03.2001	0	0.1	0	0	0	0.1	0.1	0	0
16.03.2001	0	0	0	0	0	0	0	0	0
17.03.2001	0	0	0	0	0	0	0	0	0
18.03.2001	0	0	0	0	0	0	0	0	0
19.03.2001	0	0	0	0	0	0	0	0	0
20.03.2001	0	0	0	0	0	0	0	0	0
21.03.2001	1.9	3.6	4.9	3.7	4.5	4	5.7	4.5	2.2
22.03.2001	0	0	0	0	0	0	0	0	0
23.03.2001	0	0	0	0	0	0	0	0	0
24.03.2001	0	0	0	0	0	0	0	0	0
25.03.2001	0	0	0	0	0	0	0	0	0
26.03.2001	0	0	0	0	0	0	0	0	0
27.03.2001	0	0	0	0	0	0	0	0	0
28.03.2001	0	0	0	0	0	0	0	0	0
29.03.2001	0	0	0	0	0	0	0	0	0
30.03.2001	0.6	0.2	0.2	0.6	0.6	0.3	0.3	0.6	0.5
31.03.2001	0.5	0	0	0	0	0	0	0	0
01.04.2001	9.9	5.1	9.7	6.6	6.1	5.4	6.8	6.1	9.2
02.04.2001	14.1	10.5	15.4	11.7	16	14.5	18.1	16	17.9
03.04.2001	12.8	12.6	14	11.6	14.3	11	11.1	14.3	13.5
04.04.2001	9.3	9.6	15.5	8.4	0	8.6	8.4	0	14.3
05.04.2001	2.8	6.8	3.6	1.8	6.9	9	7.8	6.9	6.7
06.04.2001	1.5	2.9	2	2	2.3	3.5	4.1	2.3	1.6
07.04.2001	0	0	0	0	0	0	0	0	0
08.04.2001	0	0	0	0	0	0	0	0	0
09.04.2001	2.9	0	0.1	1.8	3	0	0.1	3	2.9
10.04.2001	4.9	0	0	7.2	1.3	0	0	1.3	0
11.04.2001	0	0	0	0	0	0	0	0	0
12.04.2001	1	0	0	2.9	3.1	0	0	3.1	3.1
13.04.2001	0.2	1	0	0	0	0.2	0	0	0
14.04.2001	0	0	0	0	0	0	0	0	0
15.04.2001	4.5	0	0.6	3.8	5	0	0.1	5	3
16.04.2001	4.9	6.8	7.8	8.6	5.9	6.1	6.8	5.9	4.9
17.04.2001	0.2	4.7	2	0.4	2.9	4.5	4.8	2.9	1.1
18.04.2001	3.1	8.7	17.1	0	12.8	16.3	1	12.8	0
19.04.2001	0.5	0.1	0	0	0	0.5	0	0	0
20.04.2001	0	0	0	0	0	0	0	0	0
21.04.2001	0	0	0	0	0	0	0	0	0
22.04.2001	0	0	0	0	0	0	0	0	0
23.04.2001	0	0	0	0	0	0	0	0	0
24.04.2001	0	0	0	0.2	0	0	0.1	0	0
25.04.2001	2.2	2.3	2.8	0	0	2.5	2.2	0	0
26.04.2001	0	1.3	0	0	0	0.1	0.1	0	0
27.04.2001	0.6	0	0	2.5	0.3	0	0	0.3	0.9
28.04.2001	0	0	0	0	1.1	0	0	1.1	0
29.04.2001	0	0	0	0	0	0	0	0	0
30.04.2001	3.6	1	2.9	3.5	2.8	1.6	1.9	2.8	3.6
01.05.2001	1.5	0	0.2	1.3	0.2	0	0.1	0.2	1.9
02.05.2001	0	2.6	9.1	10.5	9.8	4.5	4.5	9.8	12
03.05.2001	10.1	4.3	6.1	10.3	8.7	6.7	6.5	8.7	7.6
04.05.2001	2.4	1.1	2.3	1.3	1.3	1.2	0.1	1.3	2.4
05.05.2001	0.1	0	0	0	0	0	0	0	0
06.05.2001	0	0	0	0	0	0	0	0	0
07.05.2001	0	0	0	0	0	0	0	0	0
08.05.2001	0	0	0	0	0	0	0	0	0
09.05.2001	0	0	0	0	0	0	0	0	0
10.05.2001	0	0	0	0	0	0	0	0	0
11.05.2001	0	0	0	0	0	0	0	0	0
12.05.2001	0	0	0	0	0	0	0	0	0
13.05.2001	0	0	0	0	0	0	0	0	0
14.05.2001	0	0.1	0	0	0	0.1	0	0	0
15.05.2001	0	0	0	0	0	0	0	0	0
16.05.2001	0	0	0	0	0	0	0	0	0
17.05.2001	0	0	0	0	0	0	0	0	0
18.05.2001	0.6	2	1.7	0.6	0	2.4	2.9	0	2
19.05.2001	5.6	5.2	10.2	6.3	6	4.1	7.8	6	10.1
20.05.2001	7.9	6.4	4.9	3.8	9.4	9.9	10.3	9.4	5.3
21.05.2001	0.6	2.2	4.6	3.6	1.3	1.5	1.2	1.3	2.9
22.05.2001	3.7	3.6	4.4	4.7	4.2	3.2	3.6	4.2	5.2
23.05.2001	5.3	3.3	2	5.3	8.5	3.7	2.3	8.5	3.6
24.05.2001	12.8	14.7	11.2	13.9	18.9	15.5	17.3	18.9	16.9
25.05.2001	0.2	0	0	2.5	1.6	0	0	1.6	1.8
26.05.2001	0	0	0	0	0	0	0	0	0
27.05.2001	4.1	1.6	4.6	6.2	4.1	0.8	0.1	4.1	5.7
28.05.2001	8.7	6.1	8.7	13.6	6.6	7.2	4.1	6.6	9.2
29.05.2001	12.9	12.1	11.8	14.7	11	9.7	8	11	13.9
30.05.2001	5.5	1	3.2	6.9	4.4	2.4	3.2	4.4	5.5
31.05.2001	0.2	0.1	0.5	0.5	0.8	0.7	0.5	0.8	0.5
01.06.2001	6.9	6	5.4	7.8	8.6	7	7.4	8.6	7.6
02.06.2001	3.9	4.6	3.2	3.5	9.6	6.3	0.1	9.6	5
03.06.2001	6.9	3.3	11	6	5.5	8.3	0.1	5.5	10.9
04.06.2001	0.1	0.7	0.9	1.7	1.6	1.2	0	1.6	1.4
05.06.2001	1.5	0	0.8	3	9.8	0	0.1	9.8	4.2
06.06.2001	6.7	0.3	0.1	6.5	0.1	0.1	0.1	0.1	0.1
07.06.2001	0.4	7	6.6	1.8	0	6.9	5	0	5.9
08.06.2001	4.9	9.6	8	6.9	6.1	7.9	8	6.1	7.5
09.06.2001	2.3	4.7	5.7	0.8	5.8	8.6	6.5	5.8	3.8
10.06.2001	0.1	0	0	0.1	0.2	0	0	0.2	0
11.06.2001	0	0	0	0	0	0	0	0	0
12.06.2001	0.2	0	0	1.3	0	0	0	0	0
13.06.2001	0	0	0	0	0	0	0	0	0
14.06.2001	6	3.7	6.6	7.9	4.8	3.6	3.1	4.8	4.2
15.06.2001	0.3	0	0	5.2	1.5	0	0	1.5	0.1
16.06.2001	0	3	0	0	0	2.8	0	0	0
17.06.2001	0.1	0	0	0	0	0	0	0	0
18.06.2001	0	0	0	0	0	0	0	0	0
19.06.2001	0	0	0	0	0	0	0	0	0
20.06.2001	3.3	0	0	4.9	0.5	0	0	0.5	2.3
21.06.2001	13.2	5.5	11.1	10.5	9.5	5.3	7.8	9.5	11.5
22.06.2001	0.1	2.9	3.4	0	0	2.3	1.2	0	0
23.06.2001	0	0	0	0	0	0	0	0	0
24.06.2001	0	0	0	0	0	0	0	0	0
25.06.2001	0	1.6	0.4	0	0	1.1	0	0	0
26.06.2001	1.2	6.9	0.2	0.1	0	5.8	0	0	0
27.06.2001	0	0	0	0	0	0	0	0	0
28.06.2001	0	0	0	1.5	0.4	0	0	0.4	0.9
29.06.2001	4.6	0	0.5	5.2	4.9	0	0.2	4.9	6.2
30.06.2001	6.1	1.8	4.7	5.5	4.4	3.2	3.9	4.4	5.6
01.07.2001	11.8	5.6	8.1	8.8	8	5.3	5.7	8	7.7
02.07.2001	9.8	1.3	4.7	5.7	4	2.7	2.2	4	5.1
03.07.2001	7.2	3.3	6.1	9.7	9	4.9	3.4	9	6.8
04.07.2001	15.1	11.4	11.2	7.4	10.9	9.6	9.3	10.9	9
05.07.2001	0	0	0	0	0	0	0	0	0
06.07.2001	0	0.1	0	0	0	0.1	0	0	0
07.07.2001	0	0	0	0	0	0	0	0	0
08.07.2001	0	0	0	0	0	0	0	0	0
09.07.2001	3.6	0	0.3	2.6	6.4	0	0.1	6.4	4.1
10.07.2001	11.5	7.3	9.7	9.2	6.1	7.3	8.9	6.1	10.9
11.07.2001	5	0	0	6	1.5	0	0.1	1.5	0.8
12.07.2001	9.3	0.1	3.4	6.2	4.3	2.4	2	4.3	3.2
13.07.2001	10	9.4	6.7	9	11.8	11.1	10.2	11.8	7
14.07.2001	9.1	9.9	11.3	13.4	12.8	10.3	7.4	12.8	13.5
15.07.2001	3.3	0.7	1.2	2.3	1.4	0.8	0.7	1.4	1.2
16.07.2001	11.8	7.2	10.9	11.4	9.9	6.7	6.3	9.9	12
17.07.2001	2.3	4.3	2.3	0.7	1.3	3.2	3.4	1.3	1.5
18.07.2001	0	0	0	0	0	0	0.1	0	0.8
19.07.2001	0	2.9	0	0	0	1	0	0	0
20.07.2001	0	0	0	0	0	0	0	0	0
21.07.2001	0	0	0	0	0	0	0	0	0
22.07.2001	9.4	2.3	6	8.2	7.4	3.5	4.1	7.4	6.6
23.07.2001	5.3	3.9	5.7	4.6	4.3	4.5	6.5	4.3	5.8
24.07.2001	0.1	4.7	4	0.8	0	4.2	3.9	0	3.1
25.07.2001	10.1	1.3	5.4	9.1	8.1	2.1	0.1	8.1	6.5
26.07.2001	4.5	1.9	3.3	2.2	3.6	1.8	2.2	3.6	3.8
27.07.2001	0.3	0.5	0.9	2.2	0.9	0.5	0	0.9	1.2
28.07.2001	0	0	0	0	0	0	0	0	0
29.07.2001	1.9	0	0	0	1.8	0	0	1.8	0
30.07.2001	9.1	0.9	5.7	12.2	7.2	0.7	0.1	7.2	6.7
31.07.2001	15.7	10.4	13.4	14.9	19.4	13	11.7	19.4	16.1
01.08.2001	6.7	0.1	2.1	4.6	2.1	3.1	0.1	2.1	3.5
02.08.2001	2.7	0.8	1.5	0	3.3	4.9	0	3.3	0
03.08.2001	0	0	0	0	0	0	0	0	0
04.08.2001	3.6	5.7	5	2.4	5.2	4.5	6.8	5.2	4.8
05.08.2001	1.3	2.6	2.4	2.2	1.7	2.4	2.1	1.7	2.6
06.08.2001	1.1	5.2	2.4	2	6.4	5.3	0.4	6.4	4.4
07.08.2001	2	0.1	0.8	0.9	3.8	2.6	0.1	3.8	1.2
08.08.2001	0.2	3.8	3.1	0.1	2	3.3	0.3	2	2.7
09.08.2001	0.2	2.1	1.6	0	0	2.6	1.8	0	0
10.08.2001	2.1	1.5	1.4	0	5.2	4.1	2.7	5.2	0
11.08.2001	5.9	0.1	9.5	7.7	4.1	4.7	0.1	4.1	12.8
12.08.2001	12.4	5.8	8.3	11.3	7.5	4.9	5	7.5	8.8
13.08.2001	4.2	4.7	4.6	3	4.6	3.5	3.8	4.6	4.2
14.08.2001	10.4	7.6	9.1	11.6	12.1	7.6	6.7	12.1	9.6
15.08.2001	3.5	1.6	3.4	3.6	2.8	2.8	1.4	2.8	2.3
16.08.2001	13.2	7.1	9.8	10.6	11.8	8.8	9.6	11.8	12.3
17.08.2001	20.6	12.3	14	15.5	16.5	13.8	13.6	16.5	15.9
18.08.2001	10.8	30.1	18.6	7.3	23.6	24.3	24.9	23.6	15.1
19.08.2001	1.2	2.4	1.8	0.5	3	3.4	4.4	3	1.6
20.08.2001	0	0	0	0	0	0	0	0	0
21.08.2001	15.1	8.2	9.9	14.2	12.2	9.6	8.7	12.2	11.6
22.08.2001	0	0	0	0	0	0	0	0	0
23.08.2001	0	0	0	0	0	0	0	0	0
24.08.2001	0.7	0	0	0	0	0	0	0	0
25.08.2001	0	0	0	0	0	0	0	0	0
26.08.2001	17.1	9.1	11.8	15.3	13.9	10.3	10	13.9	12.7
27.08.2001	16	24.8	25.3	17.9	19	21.9	20.3	19	22.9
28.08.2001	4.6	14.8	8.1	3.1	9.6	15.6	15.7	9.6	5.7
29.08.2001	0	1.5	0	0	0	0.1	0	0	0
30.08.2001	1	0.3	0.1	1.1	0	0.3	0	0	1
31.08.2001	0.8	1.5	1.8	1.7	1.5	1.8	1.7	1.5	1.2
01.09.2001	18.9	10.7	14.1	16.8	16.1	11.3	11.7	16.1	14
02.09.2001	6.7	5.9	4.1	4.2	5	5.7	5.2	5	3.8
03.09.2001	4.6	3.2	6.2	6.6	4.6	4.6	5.2	4.6	7.1
04.09.2001	1.3	2.4	1.3	0.4	1.6	2.1	3.1	1.6	1.4
05.09.2001	0.2	1.7	3.9	2.6	0	1.1	0.6	0	2.5
06.09.2001	1.6	2.6	2	1.4	2.8	2.8	3	2.8	1.9
07.09.2001	4.5	2.6	6.7	7.2	4.6	2.4	3.1	4.6	2.8
08.09.2001	3.8	4.1	4.6	4.6	4.2	3.3	3.6	4.2	5.1
09.09.2001	0.4	0	0	0.4	0	0	0	0	0
10.09.2001	2.1	6.2	4.8	9.5	3.9	1.7	0.1	3.9	0.8
11.09.2001	2.6	5.7	5.7	2.2	5.2	5.3	3.2	5.2	4.1
12.09.2001	0	0.4	0.5	0.1	0	0.4	0.3	0	0
13.09.2001	0.3	1	2.5	0.2	0	1.5	2.1	0	1
14.09.2001	0	0	0	0	0.5	0	0	0.5	0
15.09.2001	0.6	0.4	0.6	1.2	0	0.1	0.4	0	1.2
16.09.2001	2	1.8	2.3	1.9	2.4	2	2.5	2.4	2.3
17.09.2001	1.6	0.2	0.2	0.9	1.1	0.1	0.2	1.1	0.2
18.09.2001	0.2	0	0	0	0	0	0	0	0
19.09.2001	0.2	0	0	0	0	0	0	0	0
20.09.2001	0.1	0	0	0	0	0	0	0	0
21.09.2001	0.3	2.2	2.5	2.7	2.1	2.3	0.1	2.1	1.6
22.09.2001	0.1	0	0	0	0	0	0	0	0
23.09.2001	0.1	0	0	0	0	0	0	0	0
24.09.2001	0.1	0	0	0	0	0	0	0	0
25.09.2001	0.1	0	0	0	0	0	0	0	0
26.09.2001	0.4	0	0	0.1	0	0	0.1	0	0.1
27.09.2001	0.1	0.1	0.9	0.8	0.4	0.1	0.1	0.4	0.2
28.09.2001	3.6	1.8	2.9	0.8	3.6	4.5	3.7	3.6	2.3
29.09.2001	0	3.2	5.2	0	0	0.1	0.1	0	3.6
30.09.2001	2.3	0	1.2	4	2.2	0	0.6	2.2	3.5
01.10.2001	3.6	0	0.1	3.6	1	0	0.1	1	0.5
02.10.2001	5.7	0	4.7	9.3	3.3	0	2.4	3.3	8.4
03.10.2001	12.1	7	11.8	9.9	12.9	9	9.2	12.9	13.2
04.10.2001	58	35.2	42.8	52.1	42.4	33.5	34.3	42.4	45.6
05.10.2001	11.2	5.5	6.9	10.2	9.7	6.7	7.1	9.7	8.4
06.10.2001	4	2.9	3.1	3.9	4.3	2.3	1.9	4.3	3.2
07.10.2001	0.6	0	0.5	1.8	0.5	0	0.1	0.5	1.7
08.10.2001	2.2	0	0	0.4	0	0	0	0	0
09.10.2001	2.6	0	0	6.8	4.2	0	0	4.2	3.2
10.10.2001	0.1	0	0	0.6	0	0	0	0	0
11.10.2001	15.4	6.8	11.5	15.4	17	9.3	8.9	17	12.9
12.10.2001	12.6	9.5	10	10.5	10.5	9	10.6	10.5	9.5
13.10.2001	3.2	0.9	3.5	3.8	3.4	0.4	0.5	3.4	3.8
14.10.2001	1.2	0	0.1	1.7	2	0	0.1	2	1.3
15.10.2001	0.1	0	0	0	0	0	0	0	0
16.10.2001	0.8	4.2	3.5	1.8	4.7	3.6	3.3	4.7	2.6
17.10.2001	2.3	2.5	4.6	3.1	0	1.9	2.3	0	4.6
18.10.2001	0.1	0	0	0	0	0	0	0	0
19.10.2001	0.1	0	0	0	0	0	0	0	0
20.10.2001	0.1	0	0	0	0	0	0	0	0
21.10.2001	0.2	0	0	0	0	0	0	0	0
22.10.2001	0.1	0	0	0	0	0	0	0	0
23.10.2001	0	0	0	0.1	0	0	0	0	0
24.10.2001	0	0	0	0	0	0	0	0	0
25.10.2001	0.7	2.4	1.3	0.1	1.3	2.2	1.9	1.3	0.9
26.10.2001	6.4	5.5	5.5	1.9	7.2	5.2	6.1	7.2	4.8
27.10.2001	4.1	4.3	4.5	6.9	4.7	4.9	6	4.7	6.1
28.10.2001	5.5	5.8	7	3.6	6.6	6.8	7.1	6.6	5.6
29.10.2001	7.6	2.3	5	8.1	7.1	5.9	5.8	7.1	4.8
30.10.2001	15.4	6.5	7.6	15.1	11.3	10.3	6.9	11.3	7.6
31.10.2001	3.3	4.9	3.1	3.6	3.9	4.6	4.8	3.9	3
01.11.2001	16.7	24.7	20.6	19.5	30.4	21.3	15.2	30.4	16.2
02.11.2001	20.2	2.1	11.2	21.3	10.9	6.4	1.4	10.9	12.1
03.11.2001	16.8	17.7	18	16.2	18.2	17.3	18	18.2	16.6
04.11.2001	21.9	29.3	20.5	18.5	25.6	25.5	22.6	25.6	16.4
05.11.2001	11.9	3	9.5	11.2	14.2	11.1	10.9	14.2	7.9
06.11.2001	3.5	0	0	1.7	2.8	0	0	2.8	0.1
07.11.2001	0.7	0.9	0.6	0.6	1.3	0.8	0.4	1.3	0.9
08.11.2001	6.7	3.3	4.8	7	7.4	4.2	3.9	7.4	6.8
09.11.2001	2.3	2.6	6.3	6.9	4.7	1.9	0.1	4.7	4.7
10.11.2001	15.7	9.3	10.7	13.8	16.2	14.8	15	16.2	10.5
11.11.2001	22.5	13	20.5	25.4	19.2	17.8	16	19.2	21.6
12.11.2001	25.4	11.8	16.2	18.7	18	13.8	6.9	18	14.2
13.11.2001	34.1	27.7	26.8	22	36.7	26.2	24.4	36.7	26
14.11.2001	5.8	9.4	5.6	3.7	10.8	8.4	0.1	10.8	4.6
15.11.2001	23	21.2	16.1	12.4	24.6	22.6	21.7	24.6	12.9
16.11.2001	5.5	9.9	8.1	8.8	7.1	8.8	8.9	7.1	7.6
17.11.2001	2.7	4	3.2	3.6	6.6	3.9	5	6.6	3.4
18.11.2001	3.3	0.1	2.4	4.1	4.6	5.1	0.1	4.6	4.2
19.11.2001	6.2	2.1	7.6	6.6	9.8	6.7	0.1	9.8	9
20.11.2001	1.5	0	0	0.5	2.2	0	0	2.2	0.3
21.11.2001	16.3	6.2	6.9	11	9.1	5.6	4.3	9.1	8.3
22.11.2001	38	8.5	22.7	30.7	20.9	13	4.7	20.9	20
23.11.2001	15.5	29.4	15.8	9.1	23.3	15.1	17	23.3	15.4
24.11.2001	3.9	2	4.5	5.9	7.1	3.8	3.3	7.1	6
25.11.2001	0.4	0.1	0.4	0.6	0.1	0.1	0.1	0.1	0.1
26.11.2001	14	1.8	6	13.6	7.2	2.7	0.1	7.2	5.1
27.11.2001	1.3	7.8	6.8	0.1	0	2.3	8	0	6.3
28.11.2001	0	0	0	0	0	0	0	0	0
29.11.2001	0	0	0	0.8	0.4	0	0	0.4	0.5
30.11.2001	10.7	2.3	8.4	9.8	7.6	4.1	3.9	7.6	9.1
01.12.2001	9.4	8.7	9.6	7.9	6.5	6.2	5.8	6.5	7.3
02.12.2001	8.4	11.5	9.7	4.7	8.7	10.2	10.9	8.7	7.1
03.12.2001	0.5	0	0	0.4	0	0	0.1	0	0.4
04.12.2001	0	0	0	0	0	0	0	0	0
05.12.2001	1.2	0	0	3.7	0	0	0.8	0	2.3
06.12.2001	2.2	3	2.9	1.8	2.6	2.8	2.6	2.6	3.3
07.12.2001	0.1	0.4	0	0	0	0.1	0	0	0
08.12.2001	0	0	0	7.2	2.8	0	0.1	2.8	0.2
09.12.2001	3	0	1.8	7.4	2.4	0	0.1	2.4	4.5
10.12.2001	7.4	0.1	4.7	8.8	3.8	0.9	0.1	3.8	4.4
11.12.2001	0.3	0	0	0.2	0	0	0	0	0.2
12.12.2001	0.2	0	0	0.1	0	0	0	0	0.1
13.12.2001	0.2	0	0	0	0	0	0	0	0
14.12.2001	0	0	0	0	0	0	0	0	0
15.12.2001	0	0	0	0	0	0	0	0	0
16.12.2001	0	0	0	0	0	0	0	0	0
17.12.2001	1.8	0	0	4.5	0.2	0	0	0.2	2
18.12.2001	8.8	21.4	8.9	1	16.2	21.7	1.2	16.2	13.7
19.12.2001	15.9	12.1	14.2	12.4	13.7	9.2	3.7	13.7	9.9
20.12.2001	4.9	4.6	4	5.7	7.7	5.9	6	7.7	5.3
21.12.2001	22.1	12.2	13	13.3	13.9	12.3	10.2	13.9	9.5
22.12.2001	3.2	4.8	6.6	3.5	3	4	5.2	3	5
23.12.2001	7.9	2.2	6.5	7	8.6	5.4	3.3	8.6	5.6
24.12.2001	4.8	9.9	6.6	6.2	8.8	7.3	6.6	8.8	6.2
25.12.2001	2.3	0.1	2.4	1.5	2.6	2.2	1.4	2.6	2.5
26.12.2001	6.8	3.2	5.4	7.4	5.6	3.3	0.1	5.6	6
27.12.2001	5.5	2.3	3.3	0.9	4.8	9.6	0.1	4.8	6.1
28.12.2001	0.1	0	0	0	0	0	0	0	0
29.12.2001	0	0	0	0	0	0	0	0	0
30.12.2001	0	0	0	0	0	0	0	0	0
31.12.2001	7.3	16.7	8.8	8.1	12.6	10.1	11.9	12.6	10.4
01.01.2002	31.5	38.1	34.9	32.4	35.1	36.8	31.9	35.1	30.8
02.01.2002	9.7	8.1	8.3	3.8	5.9	8.3	8.2	5.9	5.5
03.01.2002	0	0	0	0	0	0	0	0	0
04.01.2002	0	0	0	0	0	0	0	0	0
05.01.2002	0	0	0	0	0	0	0	0	0
06.01.2002	0.1	0	0	8.4	1.9	0	0	1.9	1.3
07.01.2002	0	0	0	0	0	0	0	0	0
08.01.2002	0.6	5.3	1.6	1.6	4.3	3.1	2.6	4.3	1.2
09.01.2002	3.8	1.9	11.4	15.3	1.3	1	0.9	1.3	8.7
10.01.2002	1.7	4.9	3.5	1.8	4.7	4.8	5.4	4.7	3.2
11.01.2002	0	0	0	0	0	0	0	0	0
12.01.2002	4.1	2.7	1.4	4.8	3.6	2.5	1.9	3.6	0.5
13.01.2002	1.9	0.1	1.1	1.4	1.5	0.5	1.8	1.5	1.2
14.01.2002	7.2	21.9	11.2	2.7	12.1	17	15.6	12.1	9.1
15.01.2002	4.3	4.2	3.6	2.4	3.2	3.8	3.2	3.2	2.2
16.01.2002	3.1	2.2	1.1	2.4	3	3.6	1.2	3	0.7
17.01.2002	2.4	0	0.1	1.5	2.9	0	0.1	2.9	2.6
18.01.2002	1.4	0.1	1	2.4	0.6	0.1	0.8	0.6	0.5
19.01.2002	0.6	0	0	0.4	0	0	0.1	0	0.1
20.01.2002	1.6	1.6	1.3	0.7	2.6	2	3.1	2.6	1
21.01.2002	5.3	3	5.3	6.9	3.8	3.5	4.1	3.8	6.7
22.01.2002	12	6.2	10.8	14.9	9.6	8.4	8.8	9.6	15
23.01.2002	16.7	17.6	15.6	13.7	13.1	15	14.7	13.1	14
24.01.2002	0	0	0	0	0	0	0	0	0
25.01.2002	6.8	1.1	2.8	6.4	5.3	2	1.3	5.3	2.5
26.01.2002	8.4	8.3	7.6	7.4	9.2	7.9	7.3	9.2	8.2
27.01.2002	0	0	0	0	0	0	0	0	0
28.01.2002	0.1	22.5	6.6	3.5	11.3	9.5	7.2	11.3	4.9
29.01.2002	14.4	8.5	9.4	9.3	8.6	9.8	11.1	8.6	8.2
30.01.2002	4.6	2.4	3.2	3	3.8	3.5	3.4	3.8	3.2
31.01.2002	4	1.8	4.5	4.2	2.1	2	3.2	2.1	2.1
01.02.2002	3.8	6.4	12	10	0	6.1	5.4	0	14.9
02.02.2002	14	13.1	13.9	9.9	12.8	11.6	12.3	12.8	12.9
03.02.2002	13.3	14.9	14.3	10.1	15.1	15.2	16.9	15.1	12.5
04.02.2002	1.1	9.5	4.2	0.7	5.9	8.1	8.5	5.9	3
05.02.2002	2	9.9	4.9	0.1	4.1	8.2	9	4.1	4.9
06.02.2002	19.1	6.9	9.6	10.6	11.8	9.4	11.5	11.8	9.2
07.02.2002	2.6	1.2	0.7	1.4	1.9	1.3	0.6	1.9	0.4
08.02.2002	5	0	0.1	2.8	2.6	0	0.1	2.6	0.1
09.02.2002	10	5.9	9.1	8.4	8.8	6.6	9	8.8	9.1
10.02.2002	3.3	5.8	7.1	8.9	11.5	7.5	7.7	11.5	7.9
11.02.2002	5.1	0	0.1	2.2	0.4	0	0.1	0.4	1.2
12.02.2002	9.3	5.3	6.7	6.2	4.9	4.8	6.2	4.9	6.4
13.02.2002	2.1	4.4	3.6	0	5.7	6.3	0.3	5.7	0
14.02.2002	0.1	0	0	0	0.6	0	0	0.6	0
15.02.2002	4.4	17.4	11	6.9	19.3	15.5	16.9	19.3	12.4
16.02.2002	12.9	18.4	7.9	6.5	32	18.7	23.7	32	14.1
17.02.2002	13.7	8.6	15.1	16.6	20	15	15.7	20	17.1
18.02.2002	16.6	6.5	7.3	9.9	8.4	9.1	8.3	8.4	4
19.02.2002	28.5	4	12	24.4	5.9	2	0.1	5.9	7.6
20.02.2002	2.7	0	0	1.4	0	0	0	0	0
21.02.2002	0.9	0.2	3.9	5.1	1.2	0.8	0.1	1.2	2.7
22.02.2002	7.8	16	10.5	2.7	10.1	14.4	15.8	10.1	7.8
23.02.2002	2.4	6.8	4.8	4.7	5.3	6.6	5.8	5.3	5.1
24.02.2002	6.3	20.4	18.1	13.3	21	14.4	10.5	21	15.4
25.02.2002	18	10.7	8.5	9	10.5	11.9	13.1	10.5	7
26.02.2002	1.1	2	2.5	2.9	2.1	2.4	1.7	2.1	1.3
27.02.2002	0.5	0	0	0	0	0	0	0	0
28.02.2002	0	0	0	0	0	0	0	0	0
01.03.2002	4.1	7.3	8	8.8	5	8.5	0.6	5	1.9
02.03.2002	5.6	8.1	5.2	2.8	8	10.2	11.5	8	3.6
03.03.2002	6.2	3.7	3.2	2.4	3.5	4.6	6.3	3.5	2.6
04.03.2002	15.3	10.3	10.7	9.8	13.2	10.2	12	13.2	10.4
05.03.2002	15.3	19.8	23.9	21.6	24.5	20.5	20.1	24.5	25.5
06.03.2002	17.2	10.4	10.2	8.8	8.6	9.2	10.6	8.6	9.5
07.03.2002	4.3	0	0	8.7	3.4	0	0	3.4	5.5
08.03.2002	19.2	25.9	23.9	21.4	21.5	19.5	14.9	21.5	22.3
09.03.2002	22.5	15.4	22.2	25.5	20.7	18.1	18.8	20.7	25.4
10.03.2002	21.1	48.7	31.3	18.8	27.2	30	21.6	27.2	20.9
11.03.2002	4.4	3.3	3.9	4.7	1.6	3.9	3.4	1.6	2.6
12.03.2002	8.2	8.8	5.7	4.5	5.8	8	7.1	5.8	3.9
13.03.2002	2.4	4.3	6.6	0	0	5.5	7.8	0	0
14.03.2002	0	0	0	0	0	0	0	0	0
15.03.2002	0	0	0	0	0	0	0	0	0
16.03.2002	0	0	0	0	0	0	0	0	0
17.03.2002	0.7	3	2.2	0.1	0	2.9	1.9	0	1.2
18.03.2002	8.4	7.9	9.6	7.6	9.6	7.3	8.8	9.6	8.5
19.03.2002	9	4.1	8.2	8	6.2	5.8	6.2	6.2	7.4
20.03.2002	1.6	6	0.5	0	5.3	7.6	1.4	5.3	0
21.03.2002	4.8	10.5	0.3	0	18.6	15.4	0	18.6	0
22.03.2002	2.2	4.7	4.2	4.5	3.9	3	0.2	3.9	2.1
23.03.2002	0	0	0	0	0	0	0	0	0
24.03.2002	0	0	0	0	0	0	0	0	0
25.03.2002	0	0	0	0	0	0	0	0	0
26.03.2002	0.3	0	0	6.7	2.9	0	0	2.9	3
27.03.2002	2.2	0.4	0	0.8	0	0.1	0	0	0
28.03.2002	2.7	0.1	5.9	7.8	0	0.1	0.1	0	1.8
29.03.2002	0	0	0	0.1	0	0	0	0	0
30.03.2002	0.1	0.1	0	0	0	0.1	0	0	0
31.03.2002	0	0	0	0	0	0	0	0	0
01.04.2002	0	0	0	0	0	0	0	0	0
02.04.2002	0.2	0	0	0	0	0	0	0	0
03.04.2002	1.4	0	0	1.1	0	0	0.1	0	0.6
04.04.2002	0	0	0	0	0	0	0	0	0
05.04.2002	0	0	0	0	0	0	0	0	0
06.04.2002	0	0	0	0	0	0	0	0	0
07.04.2002	0	2.1	0	0	0	0.1	0	0	0
08.04.2002	0	0	0	0	0	0	0	0	0
09.04.2002	3.7	0.9	3	3.9	4.4	1.5	2	4.4	1.6
10.04.2002	0	0	0	0	0	0	0	0	0
11.04.2002	0	0	0	0	0	0	0	0	0
12.04.2002	0	0	0	0	0	0	0	0	0
13.04.2002	0	0	0	0	0	0	0	0	0
14.04.2002	0	0	0	0	0	0	0	0	0
15.04.2002	1.5	0	0	1.7	1.3	0	0	1.3	0.3
16.04.2002	0	0	0	0	0	0	0	0	0
17.04.2002	0	0	0	0	0	0	0	0	0
18.04.2002	0	0	0	0	0	0	0	0	0
19.04.2002	0	0	0	0	0	0	0	0	0
20.04.2002	0	0	0	0	0	0	0	0	0
21.04.2002	0	0	0	0	0	0	0	0	0
22.04.2002	1.5	6.6	6.3	0	3.1	9.8	10	3.1	0
23.04.2002	15.7	11.6	14.7	14.4	17.5	12.3	19	17.5	18.7
24.04.2002	4.4	0	1.9	4.4	3.7	0	0.1	3.7	4.1
25.04.2002	0	0	0	0	0	0	0	0	0
26.04.2002	2.5	8.6	9.1	9.4	8.5	7.4	7.8	8.5	4.7
27.04.2002	0	0	0	0	0	0	0	0	0
28.04.2002	0	0	0	0	0	0	0	0	0
29.04.2002	0	0	0	0	0	0	0	0	0
30.04.2002	0.1	0	0	0	0	0	0	0	0
01.05.2002	2.1	20.1	10.4	0	16.9	17.7	6.1	16.9	0
02.05.2002	0.3	0	0	0.1	2	0	0	2	0
03.05.2002	0	0	0	0	0	0	0	0	0.8
04.05.2002	0	0	0	0	0	0	0	0	0
05.05.2002	0	0	0	0	0	0	0	0	0
06.05.2002	0	0	0	0	0	0	0	0	0
07.05.2002	0	0	0	0	0	0	0	0	0
08.05.2002	0	0	0	0	0	0	0	0	0
09.05.2002	0	0	0	0	0	0	0	0	0
10.05.2002	0	0	0	0	0	0	0	0	0
11.05.2002	0	0	0	0	0	0	0	0	0
12.05.2002	11.9	8.4	11.6	14.1	9.9	7.5	6.8	9.9	12.6
13.05.2002	0	3	0.1	0	0	0.7	2.2	0	0
14.05.2002	0	0	0	0	0	0	0	0	0
15.05.2002	0	0	0	0	0	0	0	0	0
16.05.2002	1	3.4	4.7	6.2	4	2.8	4.5	4	3.6
17.05.2002	2.8	6	4	2.5	4.6	6.6	8.6	4.6	4.5
18.05.2002	0	0	0	0	0	0	0	0	0
19.05.2002	0	0	0	0	0	0	0	0	0
20.05.2002	0	0	0	0	0	0	0	0	0
21.05.2002	0	0	0	0	0	0	0	0	0
22.05.2002	0	0	0	0	0	0	0	0	0
23.05.2002	0	0	0	0	0	0	0	0	0
24.05.2002	2.9	3.5	4.1	2.9	2.3	2.4	4.6	2.3	3.4
25.05.2002	0	2	0.2	0	0	0.3	0.2	0	0
26.05.2002	0.7	0	0	0	0	0	0	0	0
27.05.2002	0	0	0	0	0	0	0	0	0
28.05.2002	2.9	0	0	7	2.6	0	0.3	2.6	5.1
29.05.2002	0	0	0	0	0	0	0	0	0
30.05.2002	1.2	0	0.5	1.2	0.7	0	0.2	0.7	1.3
31.05.2002	1.8	2.4	2.2	0.6	1.6	2.2	3.2	1.6	2
01.06.2002	0	0	0	0	0	0	0	0	0
02.06.2002	0	0	0	0	0	0	0	0	0
03.06.2002	0	0	0	0	0	0	0	0	0
04.06.2002	0	0	0	0	0	0	0	0	0
05.06.2002	0	0	0	0	0	0	0	0	0
06.06.2002	0	0	0	0	0	0	0	0	0
07.06.2002	0.3	0.2	0.1	0	0	0.2	0	0	0
08.06.2002	0	0	0	0	0	0	0	0	0
09.06.2002	0	0	0	0	0	0	0	0	0
10.06.2002	0.3	0	0	0	0	0	0	0	0
11.06.2002	0	11.2	2.6	0	0	2.2	4.1	0	0
12.06.2002	1.2	0	0.1	2.2	1.8	0	0.1	1.8	0.4
13.06.2002	1.4	0	0	6.2	0.2	0	0	0.2	0
14.06.2002	0.3	2.2	1.2	0.2	2.9	1.3	0.1	2.9	1.5
15.06.2002	0	0	0	0	0	0	0	0	0
16.06.2002	1.8	0.1	3.1	4	1.5	0.2	0.1	1.5	2.8
17.06.2002	5.6	1.2	2.7	5.2	4.3	2.3	0.9	4.3	3.5
18.06.2002	2.7	7.1	4.9	2.1	3.3	3.9	4.1	3.3	3.3
19.06.2002	2	4.4	2.8	1.8	3.8	4.1	5.5	3.8	3.3
20.06.2002	17.2	0	3.8	20.6	13.5	0	0.1	13.5	14.4
21.06.2002	1.3	0	0	1.4	0.3	0	0	0.3	0
22.06.2002	1.2	0	0	5.5	1.2	0	0	1.2	3.1
23.06.2002	1.9	2.8	4.7	1.2	0	3	0.3	0	2
24.06.2002	2.2	6	11	14.7	7	4.5	4.7	7	9.4
25.06.2002	1	3	2.7	4.3	2.9	2.8	3.1	2.9	4
26.06.2002	30	9.2	14.7	17.3	16.9	11.2	13.8	16.9	15
27.06.2002	5.5	4	5	5.2	6.2	4.4	4.4	6.2	5.4
28.06.2002	6.5	8.5	9.3	6.8	8.2	9	6.8	8.2	8.1
29.06.2002	0	1.7	4	1.8	3.1	1.8	0.1	3.1	3.7
30.06.2002	0.2	0	0	0	0	0	0	0	0
01.07.2002	0.3	0	0	0	0	0	0	0	0
02.07.2002	2.7	0.3	2	4.9	3.4	2.7	2	3.4	3
03.07.2002	7.1	2	4.9	6.6	8.9	4	4.4	8.9	5.1
04.07.2002	8.6	3.3	5.2	6.4	6.1	4.1	4	6.1	5.6
05.07.2002	16.1	17.4	18.4	18.2	19.3	18.6	16.3	19.3	18
06.07.2002	5.2	6.2	4.6	1.1	4.5	6.5	8.1	4.5	4
07.07.2002	4.6	3.9	3.7	3	5.6	4.2	4.4	5.6	4.5
08.07.2002	0	0	0	1.4	0.3	0	0	0.3	0.2
09.07.2002	3.8	0	0	8	2.3	0	0	2.3	0
10.07.2002	2.8	9.7	8.1	4	5.8	6.6	11.6	5.8	6.9
11.07.2002	0.1	1.7	0.2	0.8	1.7	1.7	2.4	1.7	0.2
12.07.2002	2.8	0	0.9	4	2.4	0	0.5	2.4	4.1
13.07.2002	0	0	0	0.6	0.2	0	0	0.2	0
14.07.2002	1.9	0	0	2.8	0.6	0	0.5	0.6	1.6
15.07.2002	0.6	0.1	0	0.3	0.1	0.1	0	0.1	0
16.07.2002	0	0	0	0	0	0	0	0	0
17.07.2002	0	0	0	0	0	0	0	0	0
18.07.2002	0	0.1	0.1	0	0	0.1	0.1	0	0
19.07.2002	0	0	0	0	0	0	0	0	0
20.07.2002	0	6.5	0.1	0	0	2.1	7.4	0	0
21.07.2002	0	4.3	0	0	0	3.1	0	0	0
22.07.2002	0.8	2.9	4.4	2.9	0	1.6	1.1	0	4.6
23.07.2002	3.2	13.3	5.9	5.3	4.6	9	8.5	4.6	3.3
24.07.2002	4.3	7.4	7.4	10.1	9.4	6.3	5.9	9.4	8.1
25.07.2002	0.5	1.1	0	0.2	0	0.2	0	0	0
26.07.2002	3	0.8	2.5	3	2.8	0.8	0.4	2.8	2.8
27.07.2002	0	0	0	0.4	0.2	0	0	0.2	0
28.07.2002	0	0	0	0	0	0	0	0	0
29.07.2002	0.1	0	0	6.3	2.7	0	0	2.7	3.2
30.07.2002	0.4	2.7	2.2	2.6	1.9	1	0	1.9	1.7
31.07.2002	0	0.3	2.6	0	0	1.4	0.1	0	1.3
01.08.2002	0	0	0	0	0	0	0	0	0
02.08.2002	0	0	0	0	0	0	0	0	0
03.08.2002	0	0	0	0	0	0	0	0	0
04.08.2002	0	0	0	0	0	0	0	0	0
05.08.2002	0	0	0	0	0	0	0	0	0
06.08.2002	9.5	5	6	8.1	1.5	5.2	3.5	1.5	2.8
07.08.2002	0	7.1	2.8	0	3.5	4.2	1.7	3.5	0
08.08.2002	0	0.1	3.9	0	0	0.1	1.9	0	1
09.08.2002	2.3	5.1	1.2	0.1	7.1	9.8	5.5	7.1	0
10.08.2002	0	0	0	0	0	0	0	0	0
11.08.2002	0	0	0	0	0	0	0	0	0
12.08.2002	6	2.6	4.6	5.4	5.9	3.3	3.1	5.9	5.3
13.08.2002	0	0	0	2.6	0.6	0	0.1	0.6	1.1
14.08.2002	0	0.4	0.1	0	0	0.1	0.1	0	0
15.08.2002	0	0	0	0	0	0	0	0	0
16.08.2002	3.5	1.1	6.6	6.1	4.2	3.6	4.6	4.2	3.3
17.08.2002	1.5	0	0.1	0.8	1.2	0	0.1	1.2	1.1
18.08.2002	0	0	0	0	0	0	0	0	0
19.08.2002	0	0	0	0	0	0	0	0	0
20.08.2002	0	0	0	0	0	0	0	0	0
21.08.2002	4.1	3.2	3.2	2.4	3.8	4.3	5.7	3.8	4.2
22.08.2002	0	0	0	1.6	0.4	0	0	0.4	0
23.08.2002	0.4	0	0	0	0	0	0	0	0
24.08.2002	0.2	0	0	0	0	0	0	0	0
25.08.2002	0	0	0	0	0	0	0	0	0
26.08.2002	0.5	0	0	0.1	0	0	0	0	0
27.08.2002	0	0	0	0	0	0	0	0	0
28.08.2002	0.1	3.1	1.6	0.7	3.5	2.4	0.7	3.5	2
29.08.2002	0.2	0.1	0.3	0.5	0	0.1	0	0	0.5
30.08.2002	16	13	12	15	18.6	11.7	10.6	18.6	13
31.08.2002	12.7	10.1	11.8	14.2	14.9	10.1	10.3	14.9	12.9
01.09.2002	10.5	5.9	8.5	10.7	12.9	10.1	9.1	12.9	9.4
02.09.2002	7.1	1.5	2.5	2.3	2.7	2.3	2.5	2.7	3.6
03.09.2002	3.2	0.1	0.1	1.5	1.4	4.2	3.1	1.4	2
04.09.2002	0.8	1.2	0	0.3	1.5	2.9	0	1.5	0
05.09.2002	0.6	5.5	3.3	0.1	3.6	4.2	2.4	3.6	0
06.09.2002	5.3	4.1	5.6	7.3	7.5	4.5	6.2	7.5	4.9
07.09.2002	7.9	1.9	4.1	2.7	0	2.5	2.3	0	5.7
08.09.2002	0.9	0	0.4	2.1	1.1	0	0.1	1.1	0.1
09.09.2002	0	0	0	0	0	0	0	0	0
10.09.2002	0	0	0	0	0	0	0	0	0
11.09.2002	0	0	0	0	0	0	0	0	0
12.09.2002	0	0	0	0	0	0	0	0	0
13.09.2002	0	0	0	0	0	0	0	0	0
14.09.2002	0.1	0	0	1.7	2	0	0	2	1.8
15.09.2002	1.1	1.5	0.1	0	0	2.8	0	0	0
16.09.2002	2.1	5.5	5.3	4.5	6.6	4.9	3.9	6.6	4.7
17.09.2002	4.1	2.7	2.9	2.3	2.3	2.6	1.7	2.3	2.4
18.09.2002	0.1	1.5	2.5	0.9	1.1	2.3	5.1	1.1	2.7
19.09.2002	1.6	4	3.7	4.3	1.7	2.9	2.3	1.7	3.5
20.09.2002	2.9	5.2	4.6	4.7	7.3	5.2	4.9	7.3	5.4
21.09.2002	5.1	3.3	3	4.3	2.3	2.4	1.8	2.3	3.3
22.09.2002	0.6	2.9	2.4	1.1	1.9	2.8	0.1	1.9	2.3
23.09.2002	0.3	0.1	0.2	0.1	0	0.1	0.1	0	0.2
24.09.2002	5.3	3.8	4.5	4.1	7.1	5.1	4.9	7.1	5.3
25.09.2002	5.1	12.9	15.4	6.8	15.6	16.9	16.9	15.6	17.2
26.09.2002	8.1	0	0	0	0	0	0	0	0
27.09.2002	0.2	0	0	0	0	0	0	0	0
28.09.2002	3.3	7	3.9	7.4	9.4	7.8	8	9.4	5.9
29.09.2002	11.8	33.1	21.2	28.7	45.8	28.5	24.1	45.8	22.7
30.09.2002	14.1	14	11.4	18.4	14	9.4	9.2	14	14.7
01.10.2002	8.8	12.3	10.2	10.3	10.6	11.9	8.5	10.6	8.5
02.10.2002	2.7	0	0.4	1	0.1	0	0.2	0.1	0.1
03.10.2002	0	1.2	0.8	0.2	1.3	0.8	0.1	1.3	0.5
04.10.2002	4.9	6.9	7.4	6.6	8.5	7	6.6	8.5	8.3
05.10.2002	3.1	0.1	1.4	1.9	1.1	0.7	0.7	1.1	1.5
06.10.2002	0.4	3.3	3.3	0.1	0	2.3	0.3	0	2.3
07.10.2002	0	0	0	0	0	0	0	0	0
08.10.2002	0	0	0	0	0	0	0	0	0
09.10.2002	0	0	0	0	0	0	0	0	0
10.10.2002	0	0	0	0	0	0	0	0	0
11.10.2002	0	0	0	0	0	0	0	0	0
12.10.2002	0	0	0	0	0	0	0	0	0
13.10.2002	0	0	0	0	0	0	0	0	0
14.10.2002	0	0	0	0	0	0	0	0	0
15.10.2002	0	0	0	0	0	0	0	0	0
16.10.2002	0	0	0	0	0	0	0	0	0
17.10.2002	0	0	0	0	0	0	0	0	0
18.10.2002	0	2.4	0.1	0	0	0.3	0.1	0	0
19.10.2002	0	0	0	0	0	0	0	0	0
20.10.2002	3.5	0.2	0.5	4.5	1.1	0.1	0.1	1.1	0.5
21.10.2002	2.8	4.9	10.7	11.1	6.6	5	9.8	6.6	5.7
22.10.2002	0	0	0	0	0	0	0	0	0
23.10.2002	0	13.1	0.6	0	0	2.3	4.4	0	0
24.10.2002	5.8	6	7.8	7	5.4	4.1	5.8	5.4	7.5
25.10.2002	28.9	1.6	11	17.7	8.6	5.8	4	8.6	10.7
26.10.2002	5	15.2	11.9	10	7	10.5	10.1	7	8.8
27.10.2002	16.2	1.2	9.9	12.4	9.2	13.5	12.1	9.2	11.3
28.10.2002	0.3	0.1	2.4	3.4	1.9	2.9	0.1	1.9	0.8
29.10.2002	5.3	0.2	4.3	8.8	5.1	1.1	0.1	5.1	2.5
30.10.2002	0	0.5	0	0	0	0.5	0	0	0
31.10.2002	20.9	14.8	14.9	14.7	15.3	12.5	12.5	15.3	14.7
01.11.2002	21.3	34.2	25.6	22.6	30.5	27.8	22.8	30.5	23
02.11.2002	0.2	0	0	0	0	0	0	0	0
03.11.2002	0.2	0	0	0	0	0	0	0	0
04.11.2002	0	0	0	0	0	0	0	0	0
05.11.2002	0	0	0	0	0	0	0	0	0
06.11.2002	1.1	2.5	2.9	2.4	2.6	1.8	3.5	2.6	2.5
07.11.2002	7.7	0	0	22.8	11.5	0	1.8	11.5	14.5
08.11.2002	2.3	0	0.1	0.7	1.3	0	0.1	1.3	1.1
09.11.2002	0	0	0	0	0	0	0.1	0	0
10.11.2002	0	0	0	0	0	0	0	0	0
11.11.2002	0	0	0	0	0	0	0	0	0
12.11.2002	0	0	0	0	0	0	0.1	0	0.7
13.11.2002	0.4	0	0	0.2	0.1	0	0.1	0.1	0
14.11.2002	0	0	0	0	0	0	0	0	0
15.11.2002	0	0	0	0	0	0	0	0	0
16.11.2002	0	0	0	1.3	0.1	0	0.4	0.1	2.3
17.11.2002	10.4	3.8	9.8	12.9	9.1	10.2	9.2	9.1	10.1
18.11.2002	4.5	0	1.4	2.7	3	0	0.1	3	3.4
19.11.2002	0	0	0	0	0	0	0	0	0
20.11.2002	0	0	0	0	0	0	0	0	0
21.11.2002	0	0	0	0	0	0	0	0	0
22.11.2002	0	0	0	0	0	0	0	0	0
23.11.2002	0	0	0	0	0	0	0	0	0
24.11.2002	0	0	0	0	0	0	0	0	0
25.11.2002	0	0	0	0	0	0	0	0	0
26.11.2002	0	0	0	0	0	0	0	0	0
27.11.2002	0	0	0	0	0	0	0	0	0
28.11.2002	0	0	0	0	0	0	0	0	0
29.11.2002	0	0	0	0	0	0	0	0	0
30.11.2002	0	0	0	0	0	0	0	0	0
01.12.2002	0	0	0	0	0	0	0	0	0
02.12.2002	0	0	0	0	0	0	0	0	0
03.12.2002	0	0	0	0	0	0	0	0	0
04.12.2002	0	0	0	0	0	0	0	0	0
05.12.2002	0	0	0	0	0	0	0	0	0
06.12.2002	0	0	0	0	0	0	0	0	0
07.12.2002	0	0	0	0	0	0	0	0	0
08.12.2002	0	0	0	0	0	0	0	0	0
09.12.2002	0	0	0	0	0	0	0	0	0
10.12.2002	0	0	0	0	0	0	0	0	0
11.12.2002	0	0	0	0	0	0	0	0	0
12.12.2002	0	0	0	0	0	0	0	0	0
13.12.2002	0	0	0	0	0	0	0	0	0
14.12.2002	0	0	0	0	0	0	0	0	0
15.12.2002	0	0	0	0	0	0	0	0	0
16.12.2002	0	0	0	0	0	0	0	0	0
17.12.2002	0	0	0	0	0	0	0	0	0
18.12.2002	18.2	8.6	13.3	16.5	13.2	11.7	9.7	13.2	12.2
19.12.2002	0.4	5.1	0.9	0.1	3.1	3.8	4	3.1	0
20.12.2002	16.3	14	5.1	13.5	21.2	11.9	6.4	21.2	4.8
21.12.2002	2.1	0.2	4.2	0.1	1.9	5.8	5.2	1.9	0
22.12.2002	0.4	4.1	0.1	0.1	1.3	3	0.1	1.3	0
23.12.2002	0	0	0	0	0	0	0	0	0
24.12.2002	0	0	0	0	0	0	0	0	0
25.12.2002	0	0	0	0	0	0	0	0	0
26.12.2002	3.1	0	0.6	1.7	1.6	0	0.1	1.6	1.9
27.12.2002	0	0	0	0	0	0	0	0	0
28.12.2002	0	28.9	18.1	0	0	14.4	16.7	0	0
29.12.2002	0	0	0	0	0	0	0	0	0
30.12.2002	0	0	0	0	0	0	0	0	0
31.12.2002	0	0	0	0	0	0	0	0	0
01.01.2003	3.2	7.2	4.9	3.1	8.1	9.2	11	8.1	5.9
02.01.2003	5.9	8.7	6.3	4.9	7.6	6	6.1	7.6	5.2
03.01.2003	0	0	0	0	0	0	0	0	0
04.01.2003	0	0	0	0	0	0	0	0	0
05.01.2003	10.1	11.9	11.3	9.7	13.1	10.8	10.5	13.1	10.2
06.01.2003	0	0.1	0	0	0	0.1	0	0	0
07.01.2003	2.4	2.1	1.4	2.5	1.6	2	0.8	1.6	0.9
08.01.2003	4.9	7.1	4.7	2.3	8.1	7.8	9.2	8.1	5.8
09.01.2003	10.6	22.5	14.8	11.5	20.9	18.8	15.4	20.9	12
10.01.2003	8	4.5	6.6	6.7	8.1	5.2	4.3	8.1	5.6
11.01.2003	9.5	8.3	8	10.7	11.6	11.6	10.8	11.6	7.7
12.01.2003	19.2	8.2	16.6	21.6	17.5	11.2	8.2	17.5	16.2
13.01.2003	16.8	4.3	10.4	13.4	13.5	8	5.8	13.5	11.3
14.01.2003	33.9	11.1	13.8	21.8	11.5	9.4	10	11.5	13.1
15.01.2003	34	16.6	23.6	29.3	20.6	19.7	16.4	20.6	22.3
16.01.2003	26	12.2	17.2	19.5	15.1	11.5	8.6	15.1	16.3
17.01.2003	22.4	7.3	12.1	15.5	14.7	9.9	8.3	14.7	12.1
18.01.2003	47.6	13.9	29.3	39.5	36	22.1	25.3	36	34.5
19.01.2003	16.9	12.7	12.1	5.1	9.3	11.1	10.6	9.3	10.6
20.01.2003	0	10.4	0.6	0	0	2.2	8.8	0	0
21.01.2003	3.4	4.2	5.2	3.6	6.3	4.3	7.1	6.3	4.8
22.01.2003	16.9	5.4	6.2	8.4	13.2	17.2	14.9	13.2	3.7
23.01.2003	7.1	11	10.9	12.1	11.6	11.1	8.4	11.6	11.3
24.01.2003	0.5	0	0	0.5	0	0	0.1	0	0
25.01.2003	12.3	2.4	3.8	6.1	6	4.3	3.2	6	3.8
26.01.2003	6.8	4.9	3.7	6.1	9.6	6.1	7	9.6	3.8
27.01.2003	8.9	5	4	6.6	7.5	6.3	9.9	7.5	5.3
28.01.2003	7.3	6.5	5.7	4.1	8.6	6.8	9.5	8.6	5.7
29.01.2003	1.2	1.3	1.2	0.5	0.9	1.8	2	0.9	1.3
30.01.2003	0	0.4	0	0	0	0.1	0	0	0
31.01.2003	1.4	0	0	0.1	0	0	0	0	0
01.02.2003	0.6	11.9	7.8	0.9	9.1	11.1	5.6	9.1	0
02.02.2003	0.6	19	7.8	0.1	10.2	11.9	5.7	10.2	0
03.02.2003	0.5	0	0	0	0	0	0	0	0
04.02.2003	0	0	0	0	0	0	0	0	0
05.02.2003	0	0	0	0	0	0	0	0	0
06.02.2003	0	0	0	0	0	0	0	0	0
07.02.2003	0.2	0	0	0.1	0.3	0	0.7	0.3	0
08.02.2003	4.2	4.7	4.3	3.6	4.6	6.2	5.8	4.6	1.6
09.02.2003	5.4	4.7	3.2	0.5	8.2	7.4	10.4	8.2	3.6
10.02.2003	13.9	6.8	5.6	5	11.5	11	14.7	11.5	6.9
11.02.2003	0.4	0	1	2.6	4.6	0	0.5	4.6	1.8
12.02.2003	0	0	0	0	0	0	0	0	0
13.02.2003	0	0	0	0	0	0	0	0	0
14.02.2003	0	0	0	0	0	0	0	0	0
15.02.2003	0	0	0	0	0	0	0	0	0
16.02.2003	0	0	0	0	0	0	0	0	0
17.02.2003	0	0	0	0	0	0	0	0	0
18.02.2003	0	0	0	0	0	0	0	0	0
19.02.2003	0	0	0	0	0	0	0	0	0
20.02.2003	0	0	0	0	0	0	0	0	0
21.02.2003	0	0	0	0	0	0	0	0	0
22.02.2003	0	0	0	0	0	0	0	0	0
23.02.2003	0	0	0	0	0	0	0	0	0
24.02.2003	0	0	0	0	0	0	0	0	0
25.02.2003	0	0	0	0	0	0	0	0	0
26.02.2003	0	0	0	0	0	0	0	0	0
27.02.2003	0	0	0	0	0	0	0	0	0
28.02.2003	0	0	0	0	0	0	0	0	0
01.03.2003	0	0	0	0	0	0	0	0	0
02.03.2003	0	0	0	0	0	0	0	0	0
03.03.2003	0	0	0	0	0	0	0	0	0
04.03.2003	0	0	0	0	0	0	0	0	0
05.03.2003	0	0	0	0.5	0.3	0	0.3	0.3	0
06.03.2003	0	0	0	0	0	0	0	0	0
07.03.2003	5	1.7	3.7	2.9	3.2	2.4	3.1	3.2	3.6
08.03.2003	0.5	3	5.4	1	0.6	1	0.1	0.6	0
09.03.2003	0.2	0	0	0.1	0	0	0	0	0
10.03.2003	25.3	11.4	16.2	17.9	17.3	9.5	10.4	17.3	16.5
11.03.2003	19.8	0.1	13.2	12.6	6.5	12.4	12.7	6.5	13.2
12.03.2003	1.9	6	2.3	0.5	4.7	6.8	8.5	4.7	0
13.03.2003	0	0.1	0	0.6	1.2	0.4	0	1.2	0.3
14.03.2003	0	0	0	0	0	0	0	0	0
15.03.2003	0	0	0	0	0	0	0	0	0
16.03.2003	0	0	0	0	0	0	0	0	0
17.03.2003	1.3	0.7	2.6	1.6	2.1	1.7	0.1	2.1	2.5
18.03.2003	0	0.1	0	0.7	2.5	1.3	0	2.5	2.1
19.03.2003	0	0	0	0	0	0	0	0	0
20.03.2003	0	0	0	0	0	0	0	0	0
21.03.2003	0	0	0	0	0	0	0	0	0
22.03.2003	0.3	0	0	0.1	0.2	0	0	0.2	0
23.03.2003	0	0	0	0	0	0	0	0	0
24.03.2003	0	0	0	0	0.4	0	0	0.4	0
25.03.2003	0	0	0	0	0	0	0	0	0
26.03.2003	0	0	0	0	0	0	0	0	0
27.03.2003	2.4	1	1.2	1.8	3.4	2.5	0.1	3.4	2.1
28.03.2003	1	0	0	0.4	1.3	0	0	1.3	0.1
29.03.2003	1.8	1.4	1.6	1.6	3.3	2.9	1.9	3.3	0.9
30.03.2003	16.3	2.1	10.2	14	7.8	4.7	1.4	7.8	10.1
31.03.2003	8.1	5.6	5.1	6.7	7	5	3.9	7	5.1
01.04.2003	0.5	0	0.1	0.1	1.1	0	0.1	1.1	0.5
02.04.2003	9.1	8.9	8.1	5.3	10.4	11.2	13.1	10.4	7
03.04.2003	4.1	6.6	7.8	2.9	4.2	5.2	0.1	4.2	6.6
04.04.2003	3.3	2.5	1.6	4.2	5.4	3	2.6	5.4	1.6
05.04.2003	4.3	7.8	5.7	1.8	8.3	6.4	6.1	8.3	4.9
06.04.2003	0	0.1	0.1	0	1.4	3.5	0	1.4	0
07.04.2003	0	0	0	0	0	0	0	0	0
08.04.2003	0	0	0	0	0	0	0	0	0
09.04.2003	0	0	0	0	0	0	0	0	0
10.04.2003	0	0	0	0	0	0	0	0	0
11.04.2003	0	0	0	0	0	0	0	0	0
12.04.2003	0	0	0	0	0	0	0	0	0
13.04.2003	0	0	0	0	0.7	0	0	0.7	0
14.04.2003	0	0	0	0	0	0	0	0	0
15.04.2003	0	0	0	0	0	0	0	0	0
16.04.2003	0	0	0	0	0	0	0	0	0
17.04.2003	0	0	0	0	0	0	0	0	0
18.04.2003	0	0	0	0	0	0	0	0	0
19.04.2003	0	0	0	0	0	0	0	0	0
20.04.2003	0	0	0	0	0	0	0	0	0
21.04.2003	0	0	0	0	0	0	0	0	0
22.04.2003	0	0	0	0	0	0	0	0	0
23.04.2003	0	0	0	0	0	0	0	0	0
24.04.2003	0	0	0	0	0	0	0	0	0
25.04.2003	0	0	0	0	0	0	0	0	0
26.04.2003	0	0	0	0	0	0	0	0	0
27.04.2003	0.4	0	0	0.1	0	0	0.7	0	0
28.04.2003	4.7	2.2	3.6	4.6	2.9	2.4	2	2.9	3.8
29.04.2003	0	0	0	0	0	0	0	0	0
30.04.2003	5	1.7	3.5	7.1	4.7	2.8	3	4.7	6
01.05.2003	8.3	6.8	7.1	6	7.9	6.8	6	7.9	6.3
02.05.2003	0.3	4.4	1.3	2.8	1.8	1.7	0.3	1.8	0.8
03.05.2003	0	0	0	0	0	0	0	0	0
04.05.2003	0	0	0	0	0	0	0	0	0
05.05.2003	5.5	4.7	5.4	3.6	4.3	3.3	4	4.3	4.5
06.05.2003	7.5	14.8	10.4	8.4	12.6	11	12.8	12.6	10.9
07.05.2003	11.1	3.7	6	9.8	7.9	5.7	4.3	7.9	7.7
08.05.2003	1.4	1.2	1	2.4	2.3	1	1.7	2.3	1.5
09.05.2003	15.8	7.2	10	8.5	11	10.7	8.7	11	9.9
10.05.2003	1.6	0.1	0.1	1.6	0.1	0.1	0.1	0.1	0.1
11.05.2003	3.3	0.3	2.1	2	0.6	1.8	2.7	0.6	1.6
12.05.2003	0.5	0	0	3.6	1.6	0	0	1.6	0.7
13.05.2003	2.1	8.1	6.1	1.4	3.8	6	10.5	3.8	4.7
14.05.2003	2.6	8.9	5.3	5.8	6.5	7	7.7	6.5	5.4
15.05.2003	10.1	16.8	10.5	9.5	11.3	14.9	10.6	11.3	8.3
16.05.2003	0	0.1	0	0	0	0.1	0	0	0
17.05.2003	0	0	0	0	0	0	0	0	0
18.05.2003	0	0	0	0	0	0	0	0	0
19.05.2003	0	0	0	0	0	0	0	0	0
20.05.2003	0.1	0	0	0.1	0.1	0	0	0.1	0
21.05.2003	1.4	3	2.8	2.5	3.1	5.1	4.8	3.1	2.3
22.05.2003	1.5	15.9	8.9	3.4	11.3	13.8	10.2	11.3	5.5
23.05.2003	0	0.1	0.5	0.9	2.3	1.2	0	2.3	0.8
24.05.2003	0.5	0	0	3.4	0.6	0	0.1	0.6	1.2
25.05.2003	0.5	0	0	1.9	1.3	0	0	1.3	0.8
26.05.2003	7.8	4	6.3	7.6	8.2	5.6	5.5	8.2	6.9
27.05.2003	4.9	4.9	4.2	5.9	7.8	5.2	6.4	7.8	6.3
28.05.2003	5.2	5.1	3.7	1.6	4.8	5.8	5.9	4.8	3.5
29.05.2003	1.6	4.7	6.9	6.7	4	3.1	3	4	4.8
30.05.2003	8.1	1.9	4.2	7.7	7.1	4.9	5.2	7.1	5.3
31.05.2003	0.1	0	0	0	0	0	0	0	0
01.06.2003	0	0	0	0	0	0	0	0	0
02.06.2003	0	0	0	0	0	0	0	0	0
03.06.2003	0	0	0	0	0	0	0	0	0
04.06.2003	0.9	0	0	0	0	0	0.5	0	0
05.06.2003	0.3	0	0	0	0	0	0	0	0
06.06.2003	13.3	6.6	10.1	12.1	11.7	7.1	8.7	11.7	10.9
07.06.2003	7.5	3.8	5.6	6.8	5	4	4.2	5	6.1
08.06.2003	2.6	1.2	2.4	4.1	2.4	1.7	2.3	2.4	3.7
09.06.2003	0	0	0	0	0	0	0	0	0
10.06.2003	0	5	0.3	0	0	2.1	2.7	0	0
11.06.2003	2.1	2.3	2.5	1.4	2.8	2.2	2.8	2.8	2.5
12.06.2003	2.3	4.2	6	6.3	5.5	4.3	4.7	5.5	6.5
13.06.2003	8	0	1.8	6.8	3.6	0	0.1	3.6	5.4
14.06.2003	5.3	2.8	4.8	8.3	8.3	9.5	0.1	8.3	8.3
15.06.2003	2.1	1.4	2.6	3.1	1.8	1.8	0.1	1.8	3.4
16.06.2003	0	0	0	0	0	0	0	0	0
17.06.2003	0	0	0	0	0	0	0	0	0
18.06.2003	0	0	0	0	0	0	0	0	0
19.06.2003	6.3	3.4	4	4.9	6.3	4.3	4.7	6.3	4.5
20.06.2003	10.7	16.4	14	12.8	12.2	15.6	15.2	12.2	13.2
21.06.2003	0.6	0	0	3.4	0	0	0	0	0
22.06.2003	3.9	0	0	6	0.4	0	0.2	0.4	0.4
23.06.2003	0	0	0	0	0	0	0	0	0
24.06.2003	1.7	3.3	1.6	2.5	3.2	2.6	1.7	3.2	1.7
25.06.2003	4.7	2.7	2.8	4	3	3.4	4	3	3.2
26.06.2003	0	0	0	0	1.1	0	0	1.1	0
27.06.2003	0	0	0	0	0	0	0	0	0
28.06.2003	0	0	0	0	0	0	0	0	0
29.06.2003	0	0	0	0	0	0	0	0	0
30.06.2003	2.8	0	1.1	6.1	8.1	0	0.1	8.1	5.7
01.07.2003	2.3	0	0	5.4	6.6	0	0	6.6	3.2
02.07.2003	0	0	0	0	0	0	0	0	0
03.07.2003	0	0	0	0	0	0	0	0	0
04.07.2003	0.2	0	0	0	0	0	0	0	0
05.07.2003	0	0	0	0	0	0	0	0	0
06.07.2003	0	0	0	0	0	0	0	0	0
07.07.2003	0	0	0	0	0	0	0	0	0
08.07.2003	2.4	1.9	1.7	2.9	2.4	2.4	2.6	2.4	2.5
09.07.2003	15.1	9.9	10.3	9.3	8.9	8.2	6.9	8.9	9.7
10.07.2003	0.6	0.1	2.7	2.8	2.3	1.3	0.4	2.3	2.7
11.07.2003	1	3.3	3.5	6.5	3.6	3.8	3.1	3.6	5.1
12.07.2003	9.4	6.5	7.4	3.4	7.8	6.5	7.7	7.8	0.1
13.07.2003	0	0	0	0	0	0	0	0	0
14.07.2003	0	0	0	0	0	0	0	0	0
15.07.2003	0	0	0	0	0	0	0	0	0
16.07.2003	0	0	0	0	0	0	0	0	0
17.07.2003	0	0	0	0	0.4	0	0	0.4	0
18.07.2003	0	0.1	0	0	0	0.1	0.1	0	0
19.07.2003	0	0	0	0	0	0	0	0	0
20.07.2003	4.6	0	0	3	0.5	0	0	0.5	0
21.07.2003	3.5	2.1	8.5	5.5	2.2	5.3	0.7	2.2	7.7
22.07.2003	1.6	3.4	2.7	0.9	3.6	3.8	4.5	3.6	2.5
23.07.2003	0.1	0.8	1.2	3.6	1	0.6	0.7	1	0.5
24.07.2003	2	0	0.9	4.1	2.3	0	0.2	2.3	2.3
25.07.2003	0	0	0	0	0.3	0	0	0.3	0
26.07.2003	1.4	0.4	2.1	2.6	0.1	0.5	1.4	0.1	0.1
27.07.2003	2.1	5.2	5	2.5	5.2	5.2	5.3	5.2	4.3
28.07.2003	12.2	10	10.2	12.5	16.9	11.3	10.8	16.9	11
29.07.2003	5.1	0.6	2.4	2.5	1.9	2.3	2.7	1.9	2.6
30.07.2003	0	0	0	0	0	0	0	0	0
31.07.2003	0	0	0	0	0	0	0	0	0
01.08.2003	1.9	0	0	5.9	3.5	0	0.2	3.5	0.3
02.08.2003	14.6	5.7	9.1	14.6	11.8	8.4	6.9	11.8	9.1
03.08.2003	2	3.6	1.8	4.1	6	3.6	4.7	6	4
04.08.2003	2.5	5.8	2.8	3.9	6.5	4.1	3.5	6.5	4.3
05.08.2003	1.5	2.3	0.1	1.5	4.1	3.9	2.3	4.1	0.1
06.08.2003	0.1	0	0	0.9	0.4	0	0	0.4	0
07.08.2003	0	0	0	0	0	0	0	0	0
08.08.2003	0.2	0	0	0	0	0	0	0	0
09.08.2003	0	0	0	0	0	0	0	0	0
10.08.2003	0	0	0	0	0.3	0	0	0.3	0
11.08.2003	0.3	0	0	1.1	0.3	0	0	0.3	0.4
12.08.2003	5.9	7.4	8.2	5.6	0	6.4	6.4	0	8
13.08.2003	0	0.4	0	0	0	0.1	0	0	0
14.08.2003	12.3	21.8	15.2	10.7	14.9	18.4	18.8	14.9	15.1
15.08.2003	17.1	39.9	22	17.8	39.5	32.1	24.7	39.5	21.3
16.08.2003	31.3	36.1	31.1	27.7	28.2	27.6	18.9	28.2	22.9
17.08.2003	1.2	2.4	5.5	3.8	5.5	1.2	0.1	5.5	5.7
18.08.2003	0.3	0	0	0	0	0	0	0	0
19.08.2003	2	1.7	1.5	3	5.3	3.6	3.7	5.3	2.1
20.08.2003	14.5	6.3	9.1	12.5	11.1	9.1	9.3	11.1	9.1
21.08.2003	7.5	5.9	8.8	17	15.6	9	8.6	15.6	15.3
22.08.2003	4.9	3.2	4.6	6.2	5.2	4.5	5.4	5.2	5.4
23.08.2003	7.2	0	0.1	5.8	4.9	0	0.1	4.9	3.3
24.08.2003	9.6	0.3	5.5	7.3	4.5	5.7	0.1	4.5	5.1
25.08.2003	0	1	0	0	0.1	2.6	0	0.1	0
26.08.2003	6.5	4.8	5	2.3	6.3	8.6	0.4	6.3	4.7
27.08.2003	14.7	18.9	13.1	13	17.6	12.9	9.8	17.6	12.2
28.08.2003	0.2	0.4	1	3	1.3	0.3	0.1	1.3	0.5
29.08.2003	0	2.8	4.9	1.7	6.8	4.9	0.1	6.8	3
30.08.2003	0	0.1	0	0	0	0.1	0	0	0
31.08.2003	0	0.2	0	0	0	0.1	0	0	0
01.09.2003	0.6	1.5	4.5	3.9	0	1.5	0.1	0	4.1
02.09.2003	0	0.5	0	0	0	0.2	0	0	0
03.09.2003	0.1	0.1	2.1	3.9	1.7	0.6	0	1.7	2.3
04.09.2003	2.7	5.9	1.8	7	10.3	10.7	0	10.3	7.8
05.09.2003	0.1	0.2	0.2	1.2	1.3	0.5	0.1	1.3	0.4
06.09.2003	0	0	0	0	0	0	0	0	0
07.09.2003	1.5	2.8	5.3	5	3.8	2.3	4.1	3.8	4.2
08.09.2003	4.9	6.4	6.8	5.1	7.7	5.7	8.8	7.7	6.1
09.09.2003	5	4.6	5.3	3.9	4.6	3.9	6.8	4.6	5
10.09.2003	0	0	0	0	0	0	0	0	0
11.09.2003	0.1	0	0	0	0	0	0	0	0
12.09.2003	0	0	0	0	0	0	0	0	0
13.09.2003	2.9	2.8	4.2	4.3	2.8	2.6	2.7	2.8	3.9
14.09.2003	1	0	0	7.6	5	0	0	5	3.7
15.09.2003	10.3	3.3	6.7	12.1	6.5	3.6	2.4	6.5	8.4
16.09.2003	23.6	16.5	22.4	25.1	20.7	18.8	17.3	20.7	26.1
17.09.2003	1.3	4.1	2.8	1	3.2	3.3	3.7	3.2	2.3
18.09.2003	13.2	10.8	9.8	13.1	10.1	11	10.2	10.1	9.6
19.09.2003	4.8	11.4	8.8	11.7	7.1	9.3	5	7.1	7.2
20.09.2003	0.9	2.3	2	1.9	1.9	1.4	0.1	1.9	0.9
21.09.2003	7.6	5.4	6.5	6	7.8	6.5	6.6	7.8	6.4
22.09.2003	9.7	1.1	4.5	13.1	6	1.3	0.1	6	5.3
23.09.2003	17.4	10.8	13.6	15.9	13.6	11.1	12.4	13.6	16.1
24.09.2003	21.7	28.8	23.6	20	23	22.4	14.7	23	18.3
25.09.2003	23.7	17.6	21.7	34.6	23.8	17.5	16.3	23.8	26.2
26.09.2003	59.6	21	38.3	50.9	36.7	26.1	11.7	36.7	38
27.09.2003	4.6	8.7	7.3	8.7	8.7	7.6	7.5	8.7	8.3
28.09.2003	0.7	0	0	0	0	0	0	0	0
29.09.2003	0	0	0	0	0	0	0	0	0
30.09.2003	3.8	2.7	3.6	4.4	3.8	2.7	3.6	3.8	3.9
01.10.2003	11.5	8.7	8.7	8.9	11.9	10	11.1	11.9	9.4
02.10.2003	1.3	0.8	1.3	1.9	1.7	1.3	1.6	1.7	2.2
03.10.2003	4.3	3.7	3.1	4.1	5.9	4.3	4.1	5.9	3.1
04.10.2003	12.3	0	0.1	8.9	5.4	0	0.1	5.4	4
05.10.2003	4.1	13.5	5.9	2.7	9.6	15.2	12.7	9.6	4.9
06.10.2003	2.8	1.1	2.3	2.7	4.7	5.6	0.1	4.7	2.3
07.10.2003	0	0	0	0	0.3	0	0	0.3	0
08.10.2003	0	0	0	0	0	0	0	0	0
09.10.2003	6.9	0.1	2.6	5.9	6.2	5.8	3.9	6.2	3.5
10.10.2003	4.6	2.5	2.8	3	3	3.4	4.2	3	3.3
11.10.2003	6.6	6.2	8.5	8.8	8.4	7.4	6.9	8.4	9.1
12.10.2003	14.1	20	10	7.2	18.2	21.1	22.7	18.2	9.3
13.10.2003	0.9	1.5	1.2	1.2	1.4	1.7	2.5	1.4	1.5
14.10.2003	0.2	0	0	0	0	0	0	0	0
15.10.2003	0.2	0	0	0	0	0	0	0	0
16.10.2003	0	0	0	0	0	0	0	0	0
17.10.2003	0	0	0	0	0	0	0	0	0
18.10.2003	0.9	1.4	2	4.5	4.9	4.7	0	4.9	2.4
19.10.2003	0.1	0	0	0.1	0.1	0	0	0.1	0
20.10.2003	0	0.1	0.8	0	2	2.9	0	2	0
21.10.2003	0	0	0	0	0	0	0	0	0
22.10.2003	0	0	0	0	0	0	0	0	0
23.10.2003	0	0	0	0	0	0	0	0	0
24.10.2003	0.1	1.1	0.2	1.3	2.2	0.1	0.3	2.2	0.5
25.10.2003	4	6.2	2.4	2.5	6.7	5.1	4.4	6.7	3.2
26.10.2003	0	0	0	0	0	0	0	0	0
27.10.2003	14.3	8.2	9.2	11.2	8	7.8	6.2	8	8.4
28.10.2003	15	16.3	13.7	21.7	20.5	13.2	8.7	20.5	15.1
29.10.2003	4.5	0.1	0.6	3.6	3	0.5	0.1	3	0.6
30.10.2003	0.1	0	0	0	0	0	0.1	0	0
31.10.2003	0	0	0	0	0	0	0	0	0
01.11.2003	0.1	0	0	0	0	0	0	0	0
02.11.2003	0	0	0	0	0	0	0	0	0
03.11.2003	0.8	8.3	8.8	1.5	0	7.2	6.5	0	6.7
04.11.2003	2.7	0	0.2	1.3	2.6	0	0.1	2.6	2.8
05.11.2003	0.3	0	0	0.7	0	0	0.5	0	0.4
06.11.2003	0	0	0	0	0	0	0	0	0
07.11.2003	0	0	0	0	0	0	0	0	0
08.11.2003	0	0	0	0	0	0	0	0	0
09.11.2003	0	0	0	0	0	0	0	0	0
10.11.2003	0	0	0	0	0	0	0	0	0
11.11.2003	0	0	0	0	0	0	0	0	0
12.11.2003	0	0	0	0	0	0	0	0	0
13.11.2003	0	0	0	0	0	0	0	0	0
14.11.2003	2.7	0	1	4.1	1.9	0	0.1	1.9	2.6
15.11.2003	0	0	0	0	0	0	0	0	0
16.11.2003	0	0	0	0	0	0	0	0	0
17.11.2003	0	1.7	0	0.3	3.3	2.5	0	3.3	0
18.11.2003	0	0	0	0	0	0	0	0	0
19.11.2003	18.1	7.3	11.5	17.6	14.1	13	13.2	14.1	14.7
20.11.2003	7.7	4.4	3.7	5.7	6.8	7.2	8.2	6.8	4.1
21.11.2003	0.9	1.5	2	0.8	0	2.6	0.8	0	2.1
22.11.2003	1.5	0	0	0.1	0	0	0.1	0	0
23.11.2003	0.2	0	0	0	0	0	0	0	0
24.11.2003	1	0	0.2	0.9	0.1	0	0.1	0.1	2.1
25.11.2003	0	0	0	0	0	0	0	0	0
26.11.2003	0	0	0	0	0	0	0	0	0
27.11.2003	0	0	0	0	0	0	0	0	0
28.11.2003	0	14.5	0.7	0	0	6.1	6.5	0	0
29.11.2003	0.2	0	0	0.1	0	0	0.1	0	0
30.11.2003	0.3	0	0	0.4	0	0	0.5	0	0
01.12.2003	3.4	4.4	4.3	3.8	4.4	4.3	4.2	4.4	4.2
02.12.2003	0	0.1	0.2	0	0	0.4	0	0	0.7
03.12.2003	0	3.4	3.3	1.1	4.2	3.9	3.7	4.2	3.4
04.12.2003	10.5	12.7	9.1	8.5	9.5	9.6	9.6	9.5	8
05.12.2003	26.7	15.3	14.6	13.1	12.4	14	11.4	12.4	13.2
06.12.2003	14.4	10.3	12.1	14.3	14.1	9.7	8.8	14.1	12.6
07.12.2003	0.2	0	0	1.1	0.1	0	0	0.1	0
08.12.2003	16.3	12.9	13.6	16	21.9	15.7	15.6	21.9	13.7
09.12.2003	2.1	8.9	3.1	2	3.9	5	3.9	3.9	2.5
10.12.2003	5.8	6.5	6	4.8	9.1	7	6.6	9.1	4.3
11.12.2003	53.5	30.2	40.1	42.7	37.8	33	33.3	37.8	41.1
12.12.2003	12.6	10	9	8.8	10.4	7.8	6.4	10.4	6.1
13.12.2003	4.1	6.3	9.5	9.1	4.4	3.7	4.4	4.4	4.8
14.12.2003	28.2	11.1	15.4	23.1	17.8	14.1	11.6	17.8	15
15.12.2003	22.5	21.4	22.5	20.5	21.7	18.8	18.3	21.7	21.2
16.12.2003	6.8	14.7	13.1	9	12.7	10	8	12.7	11.6
17.12.2003	17.2	5.4	7.9	10.8	11.1	12.8	13.3	11.1	12.3
18.12.2003	39.9	15.1	26.2	40	27.8	20.6	18.6	27.8	30.4
19.12.2003	36.4	36.8	25.6	25.9	38.7	33.4	30	38.7	24.7
20.12.2003	10.8	7.7	6.7	13.9	8.8	6.1	2.2	8.8	6.8
21.12.2003	4.9	0	1.9	4.4	1.5	0	0.1	1.5	1.2
22.12.2003	1.1	2.2	3.5	1.9	3.6	3.1	0.1	3.6	2.9
23.12.2003	3.4	0	0.3	3.4	1	0	0.1	1	0.1
24.12.2003	13.5	2.5	4.8	8	5.3	3.9	4.1	5.3	5.7
25.12.2003	27.6	18.2	19.8	19.3	21.6	16.6	18.8	21.6	19.8
26.12.2003	15.4	12.4	13.3	14.3	18.1	15.3	15.6	18.1	15.6
27.12.2003	7.4	6.7	6.3	5.8	7	7	9.3	7	7.5
28.12.2003	2	3	3.9	5.1	1.9	4	4.1	1.9	0.9
29.12.2003	0	0	0	0	0	0	0	0	0
30.12.2003	3.1	2.1	1.6	3.4	9.3	4.5	4.1	9.3	2.7
31.12.2003	0.1	0	0	2.5	2	0	0	2	0
01.01.2004	0	0	0	0	0	0	0	0	0
02.01.2004	0	0	0	0	0	0	0	0	0
03.01.2004	0.9	11.2	10.7	5.8	4.9	8.3	10.1	4.9	4.3
04.01.2004	5.6	4	4.4	8.9	9.2	4.6	4.3	9.2	6.4
05.01.2004	6	0	0	5.4	5.2	0	0	5.2	3.6
06.01.2004	0.5	0	0	0.1	0	0	0.3	0	0
07.01.2004	5	0	0.1	4.7	1.5	0	0.1	1.5	3.7
08.01.2004	0.4	0	0	0	0	0	0	0	0
09.01.2004	0	1.1	0	0	0	0.4	0	0	0
10.01.2004	0	0	0	0	0	0	0	0	0
11.01.2004	0	0	0	0	0	0	0	0	0
12.01.2004	2.8	0	1	0.2	0.9	0	2.2	0.9	3
13.01.2004	3	0	0.2	4.8	0.9	0	0.2	0.9	0.3
14.01.2004	0.5	0	0	0	0	0	0	0	0
15.01.2004	0	0	0	0	0	0	0	0	0
16.01.2004	0	0	0	0	0	0	0	0	0
17.01.2004	0	0	0	0	0	0	0	0	0
18.01.2004	0	0	0	0	0	0	0	0	0
19.01.2004	14.4	3.7	5.8	9.2	11.3	6.9	8.1	11.3	7.2
20.01.2004	0	0	0	0	0	0	0	0	0
21.01.2004	0	0	0	0	0	0	0	0	0
22.01.2004	0.2	0	0.3	0.2	0.4	0	0.1	0.4	0.8
23.01.2004	4.3	0	0	10.1	4.1	0	0	4.1	7
24.01.2004	0	6.2	7	3.1	6.8	5.8	4.4	6.8	6.3
25.01.2004	1.4	7.8	2.1	0.7	6.3	5.5	4.8	6.3	1.4
26.01.2004	3.9	1.6	3.3	4.5	2.5	4.9	4.1	2.5	2.7
27.01.2004	2.7	6.8	3.5	0.7	4	5.5	4.2	4	2.4
28.01.2004	2.8	2.7	2.4	2.6	4	3.3	3.4	4	2.1
29.01.2004	0.4	7.6	1.6	0	0	5.7	0.3	0	0
30.01.2004	0	1.6	0	0	0	0.5	0	0	0
31.01.2004	2.4	2.8	4.2	0.1	4.4	0.1	10.5	4.4	3.2
01.02.2004	7.9	11.1	8.8	5.1	8.8	11.3	14	8.8	8.3
02.02.2004	1.5	1.1	1.6	1	1.3	1.7	2.1	1.3	1.3
03.02.2004	3.3	5.4	3.9	2.8	4.4	5.5	5.4	4.4	3.7
04.02.2004	25.2	20.9	21.8	22.4	25.7	21.4	21.1	25.7	21.9
05.02.2004	33.1	6.3	15.2	21.7	18	12.2	13.2	18	18.6
06.02.2004	3.4	10.1	4	0.4	7.1	9.7	9.4	7.1	3.2
07.02.2004	3.4	11.6	12.3	10.5	6.9	8	6.4	6.9	6.8
08.02.2004	2.7	7.9	5	4.5	6	5.9	3.8	6	4.9
09.02.2004	14.3	8.7	11	13.9	12.7	7.4	4.8	12.7	10.9
10.02.2004	9.4	0.1	7.2	7.6	6.7	3.2	0.1	6.7	6.4
11.02.2004	3.6	9.4	5.7	2.5	6	4.9	4.7	6	5.5
12.02.2004	8.5	6.8	8.2	8.1	7.9	7.5	7.7	7.9	7.3
13.02.2004	0.6	0	0	0.3	0.6	0	0	0.6	0.6
14.02.2004	1.9	0	0	1.6	1	0	0	1	0.4
15.02.2004	0	0.2	0	0	0	0.1	0	0	0
16.02.2004	0	0.2	0	0	0	1.6	0	0	0.1
17.02.2004	6.4	3	3.8	6.2	5.9	5.4	4.4	5.9	3.5
18.02.2004	6.3	12.5	15.7	5.7	5.3	9.8	0.8	5.3	10.2
19.02.2004	0.3	0	0	0	0	0	0	0	0
20.02.2004	0	0	0	0	0	0	0	0	0
21.02.2004	0	4.8	2.2	0	0	1	4.3	0	0
22.02.2004	8.9	10.3	4.6	6.5	10.7	9.5	0.4	10.7	6.5
23.02.2004	13	12	14.1	8.2	8.8	9.7	0.1	8.8	11.7
24.02.2004	14.3	10.2	7.8	9.9	10	10.9	10.4	10	6.6
25.02.2004	28.4	26.7	27.7	24	26.2	25.8	18.1	26.2	22.8
26.02.2004	9.2	13.6	10.3	10.5	11.6	11.7	6.4	11.6	7.4
27.02.2004	1	3.1	3.6	2.2	2.3	2.7	0.6	2.3	2.9
28.02.2004	0.1	0.1	0.1	0	0	0.1	0	0	0
29.02.2004	0.2	0	0	0	0	0	0	0	0
01.03.2004	5.8	4.9	2.9	5.8	11.1	10.3	10.4	11.1	5.3
02.03.2004	2.9	0	0.3	4.7	4.7	0	0.1	4.7	2.9
03.03.2004	0	3.6	0	0	0	0.7	0	0	0
04.03.2004	0	0	0	0	0	0	0	0	0
05.03.2004	0	0	0	0	0	0	0	0	0
06.03.2004	0	0	0	0.3	0.5	0	0	0.5	0
07.03.2004	0	0	0	0	0	0	0	0	0
08.03.2004	0	0	0	0	0	0	0	0	0
09.03.2004	0	0	0	0	0	0	0	0	0
10.03.2004	0	0	0	0	0	0	0	0	0
11.03.2004	0	0	0	0	0	0	0	0	0
12.03.2004	0	0	0	0	0	0	0	0	0
13.03.2004	0	0	0	0	0	0	0	0	0
14.03.2004	0	0	0	0	0	0	0	0	0
15.03.2004	0	0	0	0	0	0	0	0	0
16.03.2004	10.8	4	7.7	6.8	9	6.5	9	9	9.4
17.03.2004	9.3	3.4	4	5.5	6.1	5.4	6.4	6.1	4.5
18.03.2004	31.6	13.2	17.6	18.2	22.9	15.5	14.4	22.9	18.5
19.03.2004	5.2	3.7	3.5	2.2	2.6	3.5	2.8	2.6	2.2
20.03.2004	3.4	0	0	8.3	5.4	0	0	5.4	3
21.03.2004	0	0	0	0	0	0	0	0	0
22.03.2004	1	0	0	1.6	0	0	0.1	0	1.6
23.03.2004	0	0	0	0	0	0	0	0	0
24.03.2004	0	0	0	0	0	0	0	0	0
25.03.2004	0	0	0	0	0	0	0	0	0
26.03.2004	0	0	0	0	0	0	0	0	0
27.03.2004	12.6	1.4	2.1	8.4	5.9	3.9	3.1	5.9	3.4
28.03.2004	1.2	0.1	2.8	1.7	1.6	2.1	0.1	1.6	2
29.03.2004	3.5	0	0.2	4.1	2.9	0	0.1	2.9	3.4
30.03.2004	1.4	0	0	0.5	1.1	0	0	1.1	0.2
31.03.2004	0.3	0	0	0	0	0	0	0	0
01.04.2004	0	0	0	0	0	0	0	0	0
02.04.2004	0	0	0	0	0	0	0	0	0
03.04.2004	0	0	0	0	0	0	0	0	0
04.04.2004	0	0	0	0	0.4	0	0.1	0.4	0
05.04.2004	0.1	6.3	10.3	5.9	0.7	1.8	3.2	0.7	5.5
06.04.2004	2.4	0	0	0.1	0	0	0	0	0
07.04.2004	0	0	0	0	0	0	0	0	0
08.04.2004	0	0	0	0	0	0	0	0	0
09.04.2004	1.3	0	0.1	1.7	0.5	0	0.1	0.5	0.4
10.04.2004	3.1	3.1	1.6	4.7	7.6	10.3	0	7.6	3.5
11.04.2004	6.2	0.1	6.2	9.4	2.7	3.5	0.1	2.7	2.4
12.04.2004	3.4	2.6	2.8	1.6	2.1	3.7	0	2.1	4.4
13.04.2004	0	0.4	0	0	0	0.2	0	0	0
14.04.2004	20	6.4	6.9	7	11.9	13	12.4	11.9	8.6
15.04.2004	2.8	0	0.5	5.3	2.7	0	0.1	2.7	5.7
16.04.2004	0	0	0	0	0	0	0	0	0
17.04.2004	6.9	3.7	4.4	8	6.8	5.4	5.7	6.8	5.9
18.04.2004	2.3	0	1	2	2.1	0	0.4	2.1	3.4
19.04.2004	0	0	0	0	0	0	0.9	0	0
20.04.2004	0	0	0	0	0	0	0	0	0
21.04.2004	0.7	0	0	0.1	0	0	0	0	0
22.04.2004	0	0	0	0	0	0	0	0	0
23.04.2004	0.6	0	0	0.3	0	0	0.1	0	0
24.04.2004	0.4	0	0	0	0	0	0	0	0
25.04.2004	5.9	6.3	6.1	5.1	8.4	6.5	5.6	8.4	5.5
26.04.2004	6.3	3.9	5.5	5.4	5.7	6.6	6.4	5.7	5.3
27.04.2004	0	0	0	0	0	0	0.1	0	0.1
28.04.2004	1.7	0	0	0.1	0.5	0	0	0.5	0.1
29.04.2004	0.1	0	0	0.5	0.9	0	0	0.9	0.1
30.04.2004	0	0	0	0	0	0	0	0	0
01.05.2004	0.1	0	0	0	0	0	0	0	0
02.05.2004	0.6	3.9	2.7	0.3	1.1	2.4	0.1	1.1	0
03.05.2004	0	0	0	0	1.6	0	0	1.6	0
04.05.2004	0.5	0	0.1	1	0.4	0	0.1	0.4	0.9
05.05.2004	0	2.7	1.8	0	0	0.7	0.5	0	0.5
06.05.2004	1.8	1.5	1.7	2.2	1.8	2.4	1.3	1.8	2
07.05.2004	0	0	0	0	0	0	0	0	0
08.05.2004	0	0	0	0	0	0	0	0	0
09.05.2004	0	0	0	0	0	0	0	0	0
10.05.2004	0	0	0	0	0	0	0	0	0
11.05.2004	0	0	0	0	0	0	0	0	0
12.05.2004	0	0	0	0	0	0	0	0	0
13.05.2004	0	0	0	0	0	0	0	0	0
14.05.2004	2	3.7	1.4	1	3.1	3.5	3.8	3.1	1.4
15.05.2004	5.8	3.3	3.9	6	6.9	5.3	5.5	6.9	5.2
16.05.2004	4.8	5.4	5.4	7.1	8.4	5.1	4.5	8.4	6.4
17.05.2004	15.5	10.3	12.4	16.8	20.4	14.2	12.7	20.4	13.6
18.05.2004	17.1	7.4	10.2	15.3	17.1	13.6	14.5	17.1	12.4
19.05.2004	20	26.2	26.5	25.3	25.4	23	20.9	25.4	23.6
20.05.2004	3.9	7.5	6.2	4.6	8.4	7.5	5.3	8.4	5
21.05.2004	7.7	1	4.3	6.1	7.9	8.2	0.1	7.9	7.4
22.05.2004	11.6	22.4	13.8	8	16	13.7	10	16	8.3
23.05.2004	0	0.5	0	0	0.9	2.3	0	0.9	0
24.05.2004	0	11.5	1.5	0	3.5	8.9	4.2	3.5	0
25.05.2004	2.2	0	0	1.7	0	0	0	0	0
26.05.2004	0.4	0	0	0	0	0	0	0	0
27.05.2004	0.2	0	0	0	0	0	0	0	0
28.05.2004	0	1	0	0	0	0.4	0	0	0
29.05.2004	0.2	0	0	0	0	0	0	0	0
30.05.2004	0	0	0	0	0	0	0	0	0
31.05.2004	0	0	0	0	0	0	0	0	0
01.06.2004	0	0	0	0	0	0	0	0	0
02.06.2004	0	0	0	0	0	0	0	0	0
03.06.2004	0	0	0	0	0	0	0	0	0
04.06.2004	0	0	0	0	0	0	0	0	0
05.06.2004	1.3	0	0	1.3	0.7	0	0	0.7	1.7
06.06.2004	0.2	3	0.2	0.2	2.1	3.5	0	2.1	0
07.06.2004	6.9	3.1	5.3	7.8	4.9	4	1.5	4.9	4.6
08.06.2004	13.1	6.4	5.5	9.9	5.9	7.9	9	5.9	6.1
09.06.2004	0.7	1.1	0.8	0.7	1.2	0.9	0.3	1.2	0.5
10.06.2004	7.8	5.9	7.1	10.7	8.6	4.3	2.4	8.6	7
11.06.2004	19.1	16.3	18.1	23.3	21.1	14.8	13.2	21.1	22
12.06.2004	0	0	0	0	0	0	0	0	0
13.06.2004	0	0	0	0	0	0	0	0	0
14.06.2004	19.1	7	11	16.5	15	10.5	10.4	15	12.6
15.06.2004	8.7	3.2	3.5	6	6.1	5.5	6.6	6.1	5.2
16.06.2004	13.6	25.4	21.1	13.4	21.8	21.1	18.2	21.8	14.8
17.06.2004	1.3	0.4	7.4	1.9	4.6	5.7	0.1	4.6	6.2
18.06.2004	0	0	0	0	0	0	0	0	0
19.06.2004	0	3.4	5	1.8	3.2	3.4	4.9	3.2	4.3
20.06.2004	0	0	0	0	0	0	0	0	0
21.06.2004	0.1	1.8	1.2	2.2	1.5	0.3	0.2	1.5	1.5
22.06.2004	5.4	2.8	3.8	5.3	3	3.8	4.3	3	4.3
23.06.2004	7.9	0	1.1	3.3	1.9	0	0.3	1.9	2
24.06.2004	0	2.5	0	0	0	2.3	0	0	0
25.06.2004	2.1	5.1	3.3	3	3.7	4.3	0.7	3.7	2.6
26.06.2004	7	8.2	8.1	9.4	8.2	6.8	1.2	8.2	10.6
27.06.2004	0	3.4	3.3	0	0	2.5	3.8	0	0.6
28.06.2004	0	0	0	0	0	0	0	0	0
29.06.2004	0	0	0	0	0	0	0	0	0
30.06.2004	0	0	0	0	0	0	0	0	0
01.07.2004	0	0	0	0	0	0	0	0	0
02.07.2004	2.9	5	3.1	5.8	3.9	4.9	5.3	3.9	4
03.07.2004	29	20.5	18.3	24.7	22.7	19.6	19.2	22.7	19.6
04.07.2004	0.9	0	0	7.5	1.9	0	0.2	1.9	2.6
05.07.2004	0.2	0	1	2.8	1.5	0	0.1	1.5	0.4
06.07.2004	0.8	3.3	3.8	4.3	0.9	1.4	0.6	0.9	2.4
07.07.2004	2.1	1	6.1	3.6	1.7	2	0.1	1.7	6.4
08.07.2004	0.6	0	0	1.3	0.7	0	0	0.7	1.7
09.07.2004	0.1	0	0	0	0	0	0	0	0
10.07.2004	0	0	0	0	0	0	0	0	0
11.07.2004	0	0	0	0	0	0	0	0	0
12.07.2004	0	0	0	0	0	0	0	0	0
13.07.2004	0	0.5	0	0	0.3	1.2	0	0.3	0
14.07.2004	4.4	2.6	6.1	9.7	7.8	5.2	4.6	7.8	9.4
15.07.2004	6.6	0.1	4	5.8	2.7	2.1	0.1	2.7	4.4
16.07.2004	1.4	1.2	3.6	8.6	2.4	2	1.7	2.4	6.1
17.07.2004	1.7	3.1	1.4	1.5	1.8	3.5	3	1.8	1.3
18.07.2004	9.3	0	0.1	5.9	14.2	0	0.1	14.2	12.2
19.07.2004	0.1	0	3.4	0.8	1.1	0	2.2	1.1	1.3
20.07.2004	1.9	7.6	5.8	6.8	6.5	4.3	4.5	6.5	1.8
21.07.2004	0	0	0	0	0	0	0	0	0
22.07.2004	0	0	0	0	0	0	0	0	0
23.07.2004	0	0	0	0	0	0	0	0	0
24.07.2004	11.9	5.8	6.5	9.6	8.8	8.1	8.6	8.8	7.8
25.07.2004	2.4	7.9	8.5	1.4	4.3	4.9	0.1	4.3	0
26.07.2004	6.6	2.3	1.4	3	3.5	3.1	3.9	3.5	1.5
27.07.2004	5.2	1.5	1.5	3.5	2.6	2.6	0.2	2.6	2.4
28.07.2004	0	0	0	0	0	0	0	0	0
29.07.2004	0	0	0	0	0	0	0	0	0
30.07.2004	0	0	0	0	0	0	0	0	0
31.07.2004	0	0	0	0	0	0	0	0	0
01.08.2004	0	0	0	0	0	0	0	0	0
02.08.2004	0	0.1	1.3	0	0	3	0	0	9
03.08.2004	0	0	0	0	0	0	0	0	0
04.08.2004	0.6	1.8	4	6	0	0.2	0.1	0	5.1
05.08.2004	0	17.5	13.1	0	0	16.7	12.3	0	8.7
06.08.2004	6.8	1.7	4.1	6.7	4.8	4.3	3	4.8	4
07.08.2004	6.7	0	0.1	5.5	5.6	0	0.1	5.6	5.3
08.08.2004	0	0	0	0	0.1	0	0	0.1	0
09.08.2004	0	0	0	0	0	0	0	0	0
10.08.2004	0	0	0	0	0	0	0	0	0
11.08.2004	0	0	0	0	0	0	0	0	0
12.08.2004	0	0	0	0	0	0	0	0	0
13.08.2004	0	0	0	0	0	0	0	0	0
14.08.2004	0	0	0	0	0	0	0	0	0
15.08.2004	0	0	0	0	0	0	0	0	0
16.08.2004	0.3	0.3	0.3	0.1	0.7	0.4	0	0.7	0
17.08.2004	0.3	0.1	0.7	0.1	0.2	1.9	1.9	0.2	0
18.08.2004	0	0	0	0	0	0	0	0	0
19.08.2004	2.5	4.4	2.7	0.7	2.6	3	3.4	2.6	2.2
20.08.2004	6.1	3.7	5	5.5	6.4	5.5	6	6.4	5
21.08.2004	23.8	9.2	12.6	21.4	17.4	12.2	11	17.4	15
22.08.2004	16.9	11.4	17.4	13.9	14.9	14.7	15.6	14.9	17.7
23.08.2004	2.4	8.6	3.7	6.8	5.2	7.5	0.8	5.2	5.9
24.08.2004	0.2	0	0	0	0	0	0	0	0
25.08.2004	0	0	0	0	0	0	0	0	0
26.08.2004	1.5	5.4	6.5	6	5.3	4.2	3.7	5.3	2.8
27.08.2004	0.8	0	0.1	0.4	0.7	0	0.1	0.7	0.4
28.08.2004	0.8	0	0	6.6	3.6	0	0.3	3.6	5
29.08.2004	13.3	7.4	8.7	14.5	9.8	10.5	12.4	9.8	10.5
30.08.2004	0.8	0	0.1	0.4	0.8	0	0.1	0.8	0.1
31.08.2004	0.5	0	0	0.7	0	0	0	0	0
01.09.2004	0	0	0	0	0	0	0.1	0	0
02.09.2004	2.8	1.2	1.9	4.6	3.7	2.2	1.4	3.7	2.1
03.09.2004	0.5	0.5	1	1.1	0.7	0.8	0.8	0.7	0.7
04.09.2004	0	0	0	0	0	0	0	0	0
05.09.2004	4	6.6	4.3	3.1	3.6	5.8	5.4	3.6	3
06.09.2004	1.8	5.4	3.4	1.1	4.7	5.3	8.8	4.7	4.4
07.09.2004	1.7	2.6	1.5	1	3	2.7	0.1	3	2
08.09.2004	6.9	1.1	6.7	5.6	6.2	8.5	0.9	6.2	5.6
09.09.2004	0.4	0	0	0.1	0	0	0	0	0
10.09.2004	0	0	0	0	0	0	0	0	0
11.09.2004	0	0	0	0	0	0	0	0	0
12.09.2004	2.2	6	4.5	3.2	5.4	4.8	4.6	5.4	4.7
13.09.2004	23	13.8	14.1	15.9	23.1	17.5	15.1	23.1	13.7
14.09.2004	25.2	10.8	12.3	16.4	18.1	13.9	14.7	18.1	12.4
15.09.2004	19.4	12.5	14	16.2	15	12.6	9.8	15	12.4
16.09.2004	0.4	0	0	5.1	3	0	0	3	4.9
17.09.2004	0.5	13.8	6.8	1.7	0	8.5	8.4	0	6.9
18.09.2004	11.2	3.9	8	9.9	8.7	7.4	8.8	8.7	9.7
19.09.2004	11.7	9.4	7.1	12.8	13.2	8.4	8.5	13.2	8.6
20.09.2004	18.7	15.6	13.1	8	17.3	20	22.5	17.3	11.5
21.09.2004	13	9.6	13.1	16.8	12	13.2	15.5	12	15.9
22.09.2004	16.8	12.5	13	13.9	16.1	16.5	14.5	16.1	13.6
23.09.2004	10.4	8.4	7.4	7.9	10.1	8.9	9.5	10.1	8.9
24.09.2004	19.3	15.6	15.4	19.2	22.1	20.3	17.2	22.1	11
25.09.2004	1.5	19.6	7.5	0.7	11.4	10	11.2	11.4	4.8
26.09.2004	1.2	4.4	3.8	4.5	3.5	2.9	1.9	3.5	3.9
27.09.2004	23.7	10	17.3	25.4	22.9	16.9	17.2	22.9	20.5
28.09.2004	20.5	20.9	22.8	22.2	39.1	30.1	30.1	39.1	23.5
29.09.2004	0.8	0.9	1	1.3	1.3	1.4	0.8	1.3	0.6
30.09.2004	0	0	0	0	0	0	0	0	0
01.10.2004	0.1	0	0	0	0	0	0	0	0
02.10.2004	0	0	0	0	0	0	0	0	0
03.10.2004	0	0	0	0	0	0	0	0	0
04.10.2004	0	6	0.3	0	0	1.8	1.8	0	0
05.10.2004	1.9	6	3.5	3.2	5.4	5.6	7.3	5.4	4.5
06.10.2004	14.2	8.2	7.9	10.5	13.1	10.2	11.4	13.1	8.1
07.10.2004	0	5.5	2.4	0	0	2.7	1.3	0	0.4
08.10.2004	1	0.5	0.1	0.7	0.9	1.1	0.1	0.9	0.1
09.10.2004	0	0	0	0	0.2	0	0	0.2	0
10.10.2004	0.1	1.3	0	0	0	0.8	0	0	0
11.10.2004	0	0	0	0	0	0	0	0	0
12.10.2004	0.2	0	0	0	0	0	0	0	0
13.10.2004	0.1	0	0	0	0	0	0	0	0
14.10.2004	0	0	0	0	0	0	0	0	0
15.10.2004	0	0	0	0	0	0	0	0	0
16.10.2004	0	0	0	0	0	0	0	0	0
17.10.2004	0	0	0	0	0	0	0	0	0
18.10.2004	0	0	0	0	0	0	0	0	0
19.10.2004	0	0	0	0	0	0	0	0	0
20.10.2004	0	0	0	0	0	0	0	0	0
21.10.2004	0	0	0	0	0	0	0	0	0
22.10.2004	3.7	1.8	3.4	4.2	1.2	0.7	1.1	1.2	2.8
23.10.2004	0.3	0	0	0.4	0	0	0	0	0
24.10.2004	0.2	1.2	0.5	0	0	1.7	1.2	0	0
25.10.2004	0.4	0	0	1.2	0.2	0	0	0.2	0.3
26.10.2004	4.9	4.5	4.5	6	4.3	4.8	4.7	4.3	5.3
27.10.2004	0.2	0	0.2	1.6	0.6	0	0.1	0.6	0.6
28.10.2004	1.5	12.7	5.7	0.1	5.5	11.2	10.4	5.5	1.3
29.10.2004	0	0	0	0	0	0	0	0	0
30.10.2004	0	0	0	0	0	0	0	0	0
31.10.2004	1.9	0.5	2	3.3	4.1	1	1.4	4.1	1.7
01.11.2004	7.8	7.5	5.7	5.4	7.4	6.7	5.7	7.4	4.7
02.11.2004	3.8	4.9	4.9	3.2	6.7	6.4	6.7	6.7	4.3
03.11.2004	0	0	0	0	0	0	0	0	0
04.11.2004	7.2	2.8	3.7	3.6	4.8	3.7	4.7	4.8	2.9
05.11.2004	7.5	3.3	3.5	5.1	9	6.3	6.3	9	3.1
06.11.2004	19.8	14.1	14.4	12.9	19	18.2	18.4	19	13.9
07.11.2004	2.1	0	0	0	0	0	0	0	0
08.11.2004	3.3	2.6	2.8	2.9	4.3	3.4	3.4	4.3	3.7
09.11.2004	0	0	0	0	0	0	0	0	0
10.11.2004	0	0	0	0	0	0	0	0	0
11.11.2004	0	0	0	0	0	0	0	0	0
12.11.2004	46	41.1	41.7	38	45.9	39	38.5	45.9	43.4
13.11.2004	10.7	24	23.3	18.7	20.6	16.9	17	20.6	20.5
14.11.2004	7.6	9.2	13.4	13.7	12.3	16.9	17	12.3	11.2
15.11.2004	49.4	35.8	37.1	36.6	33.4	35.7	32.9	33.4	33.6
16.11.2004	14.2	15.1	11.8	10.7	16	12.4	9.2	16	9.2
17.11.2004	3.6	11.8	10.5	4.5	10.8	10.8	11.7	10.8	10.6
18.11.2004	5.6	5.9	2.2	4.1	7.1	4.8	5.7	7.1	2.9
19.11.2004	7.7	14.8	11.1	7.8	13.3	12.2	12.2	13.3	9.9
20.11.2004	16.3	23.3	21.4	21.2	22.3	18.5	15.4	22.3	19
21.11.2004	3.3	9.9	6.3	4.3	6.7	9.2	10.4	6.7	5.8
22.11.2004	1.1	20.5	14.4	4.1	0	15.2	5.5	0	4.9
23.11.2004	6.3	0	1.8	3.9	4.1	0	0.1	4.1	4.5
24.11.2004	2	0	0.3	4.3	2.8	0	0.1	2.8	2.6
25.11.2004	18.9	6.7	12.8	17.6	10.5	9.8	9	10.5	11.8
26.11.2004	16.8	8.8	18	22.7	20.1	14.2	13.6	20.1	23
27.11.2004	10.5	10.5	7.2	12.3	12.9	10.1	11.2	12.9	9.4
28.11.2004	2.5	5.5	2.3	4.4	3.6	3.5	2.3	3.6	1.9
29.11.2004	0	0.5	1	0	0	1.4	0.1	0	0.7
30.11.2004	6.8	0	0.1	3.6	1.8	0	0	1.8	1.7
01.12.2004	8.9	3.9	4.6	8.2	6.8	6	5.8	6.8	6
02.12.2004	1.3	0	0.3	2.1	0.8	0	0.4	0.8	1
03.12.2004	1.1	0	0	3.7	0.5	0	0	0.5	0
04.12.2004	10.7	18.3	10.5	3.9	17.6	19.6	27.4	17.6	13.8
05.12.2004	68	20	24.3	46.8	39.9	31.1	33.9	39.9	32.3
06.12.2004	9.1	0	2.5	8.7	7.3	0	0.1	7.3	6.6
07.12.2004	34.7	22.9	16.9	21.6	26.1	22	20	26.1	21.3
08.12.2004	17.8	6.7	13.7	13.5	10.1	15	11.8	10.1	11.6
09.12.2004	3.8	0	0.1	2.1	2.5	0	0	2.5	2.8
10.12.2004	0.8	0	0	0.5	0	0	0.1	0	0
11.12.2004	5.5	3.2	1.7	3	6.5	4.9	6.3	6.5	3.5
12.12.2004	9.8	10.2	4.5	7.1	16.6	13.6	15.3	16.6	7.6
13.12.2004	5.3	3.3	2	4.3	6.1	4.8	5.3	6.1	3.1
14.12.2004	0	0	0	0	0	0	0	0	0
15.12.2004	31.6	15.2	18	22.9	37.7	22.9	25	37.7	25.1
16.12.2004	12	9.2	6.8	9.7	9.7	8.1	8.8	9.7	8.5
17.12.2004	4.4	1	0.3	6.1	1.9	1.6	0.5	1.9	0.4
18.12.2004	13	16.6	13.4	13.1	15.3	13.7	11.5	15.3	12.8
19.12.2004	9.7	17.5	14.7	7.5	19.1	17.3	18.1	19.1	13.4
20.12.2004	3.4	2.7	3.6	2.1	4.6	3.6	3	4.6	2.9
21.12.2004	0	0	0	0	0	0	0	0	0
22.12.2004	16.6	6	7.1	16.6	14.5	9	5.8	14.5	8.5
23.12.2004	12.5	19.9	12.5	8	13.3	15.4	15.1	13.3	10.9
24.12.2004	11.5	16.8	14	10.7	13.7	15.9	13.9	13.7	10.4
25.12.2004	1.6	0.9	1.4	7.1	0	0.1	0.1	0	4.3
26.12.2004	1.1	0.8	0.5	0	0	0.8	0	0	0
27.12.2004	0	0	0	0	0	0	0	0	0
28.12.2004	8.3	0	0	10.3	0.1	0	0	0.1	0
29.12.2004	2.3	5.5	1.6	3.5	6	2.6	0.9	6	0.3
30.12.2004	25.5	22.6	15.3	12.7	25.7	18.8	20.4	25.7	16.4
31.12.2004	13	7.9	10.7	9.5	10.4	9.3	8	10.4	9.2
01.01.2005	3.5	0	0.1	0.6	2.6	0	0.1	2.6	2.2
02.01.2005	16.3	15.5	17.3	21.5	17.9	16.5	13.8	17.9	17.8
03.01.2005	9.9	23.8	19.4	14.1	16.7	18.7	14.3	16.7	13
04.01.2005	5.8	6.8	8	10	9.4	6.9	6.7	9.4	8.8
05.01.2005	24.7	11	12.4	16.2	16.4	13.5	10.5	16.4	16.3
06.01.2005	23.2	13.3	12.8	15.2	19.1	12.5	12.4	19.1	15.5
07.01.2005	36.6	27.8	25.9	23.7	28.2	30.2	35.1	28.2	29.3
08.01.2005	21.4	10.5	15.8	11.4	10.9	15.2	15.5	10.9	15.8
09.01.2005	11.3	23.6	13.7	13.2	19.2	14.4	14.1	19.2	15
10.01.2005	10.9	4.2	8.3	8.1	9.7	10.1	10.5	9.7	9.1
11.01.2005	46.2	25.7	29.7	35.4	30.1	23.4	24.7	30.1	34
12.01.2005	3.7	1.9	2.7	4.1	3.9	3.7	4.2	3.9	3.2
13.01.2005	32.8	31.6	26.7	35.2	34.4	22.9	13.6	34.4	26.2
14.01.2005	11.1	36.7	22.1	5.2	26.8	31.1	36.2	26.8	17.9
15.01.2005	0.1	3.9	0.2	0.1	3.9	7	0	3.9	0
16.01.2005	16.9	12.6	14.3	15.6	12.7	13	15.9	12.7	17.2
17.01.2005	23.2	11.5	15	13.8	21.1	14.5	14.4	21.1	13.6
18.01.2005	23.6	12.9	12.1	11.8	16.2	16.1	17.5	16.2	12.9
19.01.2005	0.1	0	0	2.3	0.1	0	0	0.1	0.2
20.01.2005	3.3	7.7	7.1	5.8	3.6	5.6	1.4	3.6	2
21.01.2005	8.2	0	2.7	7.1	3.2	0	0.1	3.2	7.3
22.01.2005	16	14.3	14.8	14.7	13.2	12.7	10.2	13.2	13
23.01.2005	29.6	11.8	25.7	25.1	17.7	19.3	17.7	17.7	26.3
24.01.2005	22.2	19.7	19.7	15.8	22.9	17.3	16.8	22.9	19.1
25.01.2005	0.5	1.5	4	0.2	1	2.7	0.1	1	1.8
26.01.2005	1	2.2	1.6	1	1.7	3.2	3.4	1.7	1.7
27.01.2005	6.7	11.8	13.5	8.2	10.8	15	14.9	10.8	8.8
28.01.2005	3.9	5.6	5.9	2.9	5.5	7.2	6.8	5.5	5.2
29.01.2005	3.8	3.8	4.8	3.8	3.7	3.4	0.1	3.7	3.2
30.01.2005	3.2	7.7	8.7	5.4	7.6	11.9	10.4	7.6	6.2
31.01.2005	17	26.4	14.3	19.5	23.2	17.4	12	23.2	14.5
01.02.2005	16.1	23.2	19.3	14.4	23.6	15.8	14.6	23.6	18.7
02.02.2005	5.1	3.6	9.2	9.2	5.2	0.2	0.1	5.2	6.4
03.02.2005	2.4	0.9	1.6	1.7	3.4	3.3	4.3	3.4	1.7
04.02.2005	8.9	4.1	4	5.5	7.6	7.4	9.4	7.6	3.9
05.02.2005	22	10.1	12.9	13	17.6	13.1	13.8	17.6	14.5
06.02.2005	15.2	10.6	9.7	7.4	10.2	12.6	13.7	10.2	9.7
07.02.2005	0.4	0	0	0.1	0	0	0	0	0
08.02.2005	0.2	0	0	0	0	0	0	0	0
09.02.2005	1	0	0	3.7	1.1	0	0	1.1	0.1
10.02.2005	23	10.1	6.7	6.3	15.4	15.3	18.6	15.4	6
11.02.2005	17.9	5.2	13.3	17.1	14.2	10.8	10.4	14.2	12
12.02.2005	10.8	29.9	12.3	8.3	29.7	28.2	36.1	29.7	17.2
13.02.2005	5.2	0.1	1.5	5.4	2.9	2.6	0.1	2.9	0
14.02.2005	1.7	1.2	2.4	0.8	1	2.3	1.7	1	2.1
15.02.2005	1	0	0	0	0	0	0	0	0
16.02.2005	0	0	0	0	0	0	0	0	0
17.02.2005	0.7	11.1	2.3	0.3	0	10.2	5.4	0	0
18.02.2005	13.8	3.9	4.7	10.9	10.5	7	6.5	10.5	4
19.02.2005	14.1	9.3	12.6	12.3	10	10.8	8.3	10	11.6
20.02.2005	5.4	11.7	11.8	1.7	8.1	11.3	8.9	8.1	11.9
21.02.2005	0.7	0	0	0.1	0	0	0	0	0
22.02.2005	0	0	0	0	0	0	0	0	0
23.02.2005	0	0	0	0	0	0	0	0	0
24.02.2005	0	0	0	0	0	0	0	0	0
25.02.2005	0	0	0	0	0	0	0	0	0
26.02.2005	0.2	0	0	0	0	0	0	0	0
27.02.2005	0	0	0	0	0	0	0	0	0
28.02.2005	4.3	1.1	0.5	1.8	1.3	1.6	3.2	1.3	1.6
01.03.2005	3.4	1.1	3.2	2.2	2.5	2.6	3	2.5	3.1
02.03.2005	0.2	0	0	0	0	0	0	0	0
03.03.2005	0.7	0	0	2.3	0.3	0	0	0.3	0
04.03.2005	1.4	6.8	4.3	0.1	2.3	5.8	3.3	2.3	0.3
05.03.2005	4.2	0	1	2.2	3.5	0	0.1	3.5	3.1
06.03.2005	0	0	0	0	0	0	0	0	0
07.03.2005	2.7	0	0.2	3.3	6.1	0	0	6.1	2.9
08.03.2005	0.7	0	0	3.8	1.3	0	0	1.3	0
09.03.2005	2.2	0	0	2.4	0	0	0.1	0	1.9
10.03.2005	1.2	0	0.1	1	4	0	0	4	4.4
11.03.2005	7.9	14.3	9.9	5.5	8.5	12	7.9	8.5	5.8
12.03.2005	1.5	0	1.8	2	0.6	0	0.1	0.6	2.4
13.03.2005	0.1	0	0	0	0	0	0	0	0
14.03.2005	0.6	0	0.3	1	2.2	0	0.1	2.2	0.8
15.03.2005	0.9	0	0.2	1.4	2.3	0	0.1	2.3	2
16.03.2005	0	0	0	0	0	0	0	0	0
17.03.2005	14.5	15.8	14.2	13.2	13.1	15.2	16.8	13.1	14.8
18.03.2005	1.5	1.6	2.9	2.7	0.9	0.7	0.1	0.9	1.5
19.03.2005	0	4	0	0	0	3.7	0	0	0
20.03.2005	3.7	0	0	9.1	1.1	0	0	1.1	0.2
21.03.2005	0.8	0	0.4	1.4	1.6	0	0.1	1.6	1.1
22.03.2005	0	0	0	0	0	0	0	0	0
23.03.2005	0	0	0	0	0	0	0	0	0
24.03.2005	1.6	0	0	2.7	0.4	0	0	0.4	0
25.03.2005	0	0	0	0	0	0	0	0	0
26.03.2005	0	0	0	0	0	0	0	0	0
27.03.2005	0	0	0	0	0	0	0	0	0
28.03.2005	0	0	0	0	0	0	0	0	0
29.03.2005	0	0	0	0	0	0	0	0	0
30.03.2005	0	0	0	0	0	0	0	0	0
31.03.2005	0	0	0	0	0	0	0	0	0
01.04.2005	0	0	0	0	0	0	0	0	0
02.04.2005	0	0	0	0	0	0	0	0	0
03.04.2005	0	0	0	0	0.2	0	0.3	0.2	0
04.04.2005	0	2.1	3.2	1.9	3.3	3.2	1.6	3.3	2.7
05.04.2005	12.9	8.6	4.5	5.1	12.8	9.2	10.1	12.8	5.5
06.04.2005	13.1	4.2	6.5	8.3	8	6.6	6.2	8	7.4
07.04.2005	0	13.8	13.4	5.1	16.4	13.9	5.6	16.4	7.9
08.04.2005	1.2	11.4	6.6	1	5.7	8.7	11.1	5.7	5.5
09.04.2005	0.7	4.9	3.8	1.9	1.8	2.2	1.6	1.8	2.2
10.04.2005	0.2	0	0	2.1	0.3	0	0	0.3	0.6
11.04.2005	14.4	23.8	15.1	11.4	20.7	17.4	16.9	20.7	13.9
12.04.2005	32.2	10.8	14.5	17.3	22.7	16.6	15.4	22.7	14.4
13.04.2005	33.9	17.7	13.2	15.1	22.2	20.8	26.5	22.2	16
14.04.2005	27.2	10.6	8.3	16.7	15.2	15.2	18.3	15.2	10.5
15.04.2005	0	0	0	0	0	0	0	0	0
16.04.2005	0	0	0	0	0	0	0	0	0
17.04.2005	0	0	0	0	0	0	0	0	0
18.04.2005	0	0	0	0	1.5	0	0	1.5	0
19.04.2005	1	0	0	0.1	0	0	0.2	0	0.1
20.04.2005	0	0	0	0	0	0	0	0	0
21.04.2005	0	0	0	0	0	0	0	0	0
22.04.2005	0	0	0	0	0	0	0	0	0
23.04.2005	0	0	0	0	0	0	0	0	0
24.04.2005	0	0	0	0	0	0	0	0	0
25.04.2005	0	0	0	0	0	0	0	0	0
26.04.2005	0	0	0	0	0	0	0	0	0
27.04.2005	0	0	0	0	0	0	0	0	0
28.04.2005	0	0	0	0	0	0	0	0	0
29.04.2005	0	0	0	0	0	0	0	0	0
30.04.2005	0	0	0	0.9	1.1	0	0	1.1	0
01.05.2005	2.1	7.4	8.7	7.7	6.1	6.8	4.2	6.1	4.2
02.05.2005	2.6	3.6	2.6	2.5	2.6	3.3	2.5	2.6	2.1
03.05.2005	5.8	0.6	1.8	5	4.1	3.1	2.9	4.1	1.5
04.05.2005	9.8	5.7	7.7	8.4	9.6	7.4	6.9	9.6	7.5
05.05.2005	1.6	4.4	6	4.9	3.5	3.6	0.2	3.5	3.6
06.05.2005	6.5	7.5	1.3	0.8	9.1	7.1	4.2	9.1	0
07.05.2005	3.7	0	0.1	2.7	1.9	0	0.1	1.9	0.9
08.05.2005	0	4.5	1.9	0	0	0.6	0.1	0	0
09.05.2005	1.5	0	0	0	0	0	0	0	0
10.05.2005	0.3	2.9	3.9	0.5	1	1.8	2.7	1	0
11.05.2005	4.6	3.7	1.4	7.7	0	6.2	0	0	7.1
12.05.2005	1.7	3.9	2.8	1.6	3.1	4.1	3.8	3.1	1.3
13.05.2005	0	0	0	0	0	0	0	0	0
14.05.2005	0	0	0	0	0	0	0	0	0
15.05.2005	0.4	0	0	2.9	2.3	0	0	2.3	2.1
16.05.2005	10.3	8.9	11.3	13.8	13.6	9.6	9.8	13.6	12.8
17.05.2005	1.3	0	0	4	1.8	0	0	1.8	1
18.05.2005	1.3	0	0	1.3	3.5	0	0	3.5	0.1
19.05.2005	0.1	0	0.8	2.8	0.7	0	0.1	0.7	0.6
20.05.2005	0.9	0	0	0.8	0	0	0	0	0
21.05.2005	2.3	19.2	10.8	3.3	8.8	11	5.4	8.8	0
22.05.2005	0	9.6	7	0	3.9	7.1	5.6	3.9	0
23.05.2005	0	0	0	2.1	0.6	0	0	0.6	0
24.05.2005	1.7	0	0.1	1.3	2.5	0	0.1	2.5	0.9
25.05.2005	0	0	0	2.4	0.3	0	0	0.3	0.7
26.05.2005	10.4	0	0.1	2.9	0.1	0	0.2	0.1	0.4
27.05.2005	7.6	0	5.1	14.5	11.6	0	0.6	11.6	14.4
28.05.2005	2.9	0	0	0.3	3.2	0	0	3.2	0.5
29.05.2005	1.5	3	2.1	1.3	2.5	4.1	3.6	2.5	1.5
30.05.2005	5.9	7.4	9.2	11	11.3	9.4	8.4	11.3	10.6
31.05.2005	0.2	0.2	0.1	0.1	0	0.1	0.1	0	0.1
01.06.2005	0	0	0	0	0	0	0	0	0
02.06.2005	0	0	0	0	0	0	0	0	0
03.06.2005	0.2	0	0	0	0	0	0	0	0
04.06.2005	1.2	0	0	7.2	2	0	0	2	0
05.06.2005	1.7	0	0	1	0.6	0	0	0.6	1.1
06.06.2005	0	0	0	0	0.4	0	0	0.4	0
07.06.2005	1.2	0.1	4.9	2.9	0.6	3.5	3.1	0.6	2.2
08.06.2005	0	2.7	0.3	1.1	8.6	7.3	0	8.6	0
09.06.2005	0	5.1	0.1	0.1	5.6	5.1	3.1	5.6	0
10.06.2005	6.6	7.8	3.9	6.6	13.2	10.1	10.5	13.2	7.5
11.06.2005	7.8	11	8.3	5.7	10.3	10.9	10.8	10.3	10.9
12.06.2005	1.9	0	0	1.1	0	0	0	0	0.1
13.06.2005	1.7	0	0	2.1	0	0	0	0	1.2
14.06.2005	0	0	0	0	0	0	0	0	0
15.06.2005	0	0	0	0	0	0	0	0	0
16.06.2005	0	0	0	0	0	0	0	0	0
17.06.2005	2.2	0	1.4	7.1	3.6	0	0.5	3.6	2.7
18.06.2005	2.3	5.7	4	2.8	5.1	4.2	4	5.1	5.1
19.06.2005	0	0	0	0	2.7	0	0	2.7	0
20.06.2005	1.8	0	1.8	4.1	6.4	0	0.1	6.4	3.3
21.06.2005	13	10.3	11.6	4.4	3.3	8.3	5.9	3.3	0.1
22.06.2005	2.2	1.3	3.5	6	2.4	2.5	2.6	2.4	4.5
23.06.2005	2.5	0	0.1	3.1	2.5	0	0.1	2.5	1.1
24.06.2005	4.1	4.2	4.7	4.2	4.9	3.2	3.1	4.9	4.3
25.06.2005	0	3.7	2.9	0	0.8	4.2	5.1	0.8	0
26.06.2005	2.2	4.6	1.6	0.1	4.4	5.7	8.1	4.4	2.7
27.06.2005	1.4	0	0	2.5	1.8	0	0	1.8	1
28.06.2005	0.4	5.2	2.2	2.2	5	3.2	2.8	5	2.5
29.06.2005	7.7	0	0	6.5	0.2	0	0	0.2	0
30.06.2005	0	0	0	0	0	0	0	0	0
01.07.2005	0	0	0	0	0	0	0	0	0
02.07.2005	0.2	0	0	0.2	0	0	0	0	0
03.07.2005	0.1	0	0	0	0	0	0	0	0
04.07.2005	0.1	1.3	2	2.4	0.4	0.4	1.1	0.4	1
05.07.2005	0	3.4	3.8	0	0	4.8	4.8	0	1.1
06.07.2005	0.2	0	0	0.7	0	0	0	0	0
07.07.2005	0.7	0	0	0.1	0	0	0	0	0
08.07.2005	0	0	0	0	0	0	0	0	0
09.07.2005	0	0	0	0	0	0	0	0	0.5
10.07.2005	3.2	5.1	6.5	8.7	4.7	4.1	3	4.7	5.5
11.07.2005	5.8	3.6	3.9	5.3	4.6	4.2	3.7	4.6	4.4
12.07.2005	0	0	0	0	0	0	0	0	0
13.07.2005	5.8	2.5	7.6	14.5	9.4	6.3	0	9.4	9.8
14.07.2005	0.5	0.1	0.5	0.4	0.6	0.2	1.7	0.6	0.2
15.07.2005	3.8	1.9	3.8	5.4	2.7	1.3	0.3	2.7	2.8
16.07.2005	3.6	3.6	4.5	0	0	3.3	2	0	0
17.07.2005	0	0	0	0	0	0	0	0	0
18.07.2005	0	0	0	0	0	0	0	0	0
19.07.2005	0	0.1	0	0	0	0.1	0	0	0
20.07.2005	4.9	9.5	5.3	2.1	4.3	11.8	11.6	4.3	2.6
21.07.2005	1.6	0	0.9	0.4	1.7	0	1	1.7	2.5
22.07.2005	0	0	0	0	0.1	0	0	0.1	0
23.07.2005	0	0	0	0	0	0	0	0	0
24.07.2005	0	0	0	0	0	0	0	0	0
25.07.2005	0	0	0	0	0	0	0	0	0
26.07.2005	2.7	0	0	1.2	0	0	0	0	0
27.07.2005	1.2	5.4	6.2	1.5	4.6	5.2	3.4	4.6	4
28.07.2005	0	0	0	0	0	0	0	0	0
29.07.2005	0	0	0	0	0	0	0	0	0
30.07.2005	0	0	0	0	0	0	0	0	0
31.07.2005	0	0	0	0	0	0	0	0	0
01.08.2005	0	0	0	0	0	0	0	0	0
02.08.2005	0	0	0	0	0	0	0	0	0
03.08.2005	0	0	0	0	0	0	0	0	0
04.08.2005	5.2	5.2	4.2	4.2	5.9	7.9	10.5	5.9	6.8
05.08.2005	15	7.1	9	9.5	10.5	8.5	10.4	10.5	9.8
06.08.2005	4.1	5.2	6.9	4.2	8.5	6.8	9	8.5	7.2
07.08.2005	1.5	9.9	3.2	0.1	6.1	8.6	9.7	6.1	3.9
08.08.2005	0	3.5	9.8	3.1	6.1	2.4	3.8	6.1	12
09.08.2005	0	0	0	0.2	0	0	0	0	0
10.08.2005	0	0	0	0	0	0	0	0	0
11.08.2005	0	9.3	8.9	2	10.6	7.7	0.1	10.6	8.1
12.08.2005	1.1	13.8	9.8	2.2	6.7	9	7	6.7	6.8
13.08.2005	0	3.4	3.7	0	0	2.8	0.1	0	1.7
14.08.2005	0	0	0	0	0	0	0	0	0
15.08.2005	0.2	0	0	0	0	0	0	0	0
16.08.2005	4.3	3	2.5	6.1	4.4	4.1	2.9	4.4	3.1
17.08.2005	3	0	2.1	4.2	2.3	0	0.2	2.3	3.8
18.08.2005	2.8	0	0.1	1.6	2.5	0	0.1	2.5	1.6
19.08.2005	0	3.1	0.2	0	0	6	0	0	0.4
20.08.2005	0.7	0.2	1.2	2.9	0.9	3.7	3	0.9	0.6
21.08.2005	2.7	0	1.4	2.7	2.6	0	0.2	2.6	2
22.08.2005	0	0	0	0	0	0	0	0	0
23.08.2005	9.9	6.3	4.9	9	9.1	6.4	6	9.1	5.4
24.08.2005	0.7	1.5	1.7	0.9	1	1.1	0.6	1	1.7
25.08.2005	2	4	4.5	4.1	4.8	5.2	5.3	4.8	3.9
26.08.2005	0.9	2.9	1.9	1.7	2.8	3.3	4.3	2.8	2.2
27.08.2005	2.5	0	0.2	2.8	2.6	0	0.1	2.6	2.3
28.08.2005	4.3	1	5.1	6	3.6	3.7	0.4	3.6	4.3
29.08.2005	20.8	15.5	14.9	23.7	15.8	12	9.7	15.8	15.9
30.08.2005	31.6	24.3	30.4	32.5	25.3	25.5	22	25.3	28.3
31.08.2005	1	1.4	2.7	2.8	1.6	2.5	3	1.6	3
01.09.2005	0	0	0	0	0	0	0	0	0
02.09.2005	13.6	0	5.4	16.6	12.9	0	1.4	12.9	13.8
03.09.2005	5.7	7.4	5.5	3.3	5.5	4.4	5.3	5.5	5.9
04.09.2005	0	0	0	0	0	0	0	0	0
05.09.2005	43.2	34	35.9	53.8	39.2	33	34.9	39.2	45.3
06.09.2005	2.6	10.3	6	7	7.8	6.8	7.5	7.8	6.2
07.09.2005	11.6	3.9	5.3	7.5	9.6	4.9	3.5	9.6	5.6
08.09.2005	16.3	6.9	11.4	15.1	12.3	10.5	9.1	12.3	11.9
09.09.2005	16.1	12.7	9	12.5	20.8	14.9	11.2	20.8	10.5
10.09.2005	2.4	3.7	3	3.5	3.7	5.2	7.1	3.7	3.5
11.09.2005	0	0	0	0	0	0	0	0	0
12.09.2005	2	4.4	2.9	2.3	9.2	5.2	5.1	9.2	4.3
13.09.2005	1.4	1.2	2.8	3.7	3.3	1.9	2.2	3.3	3.9
14.09.2005	53.3	17.1	27.3	43.5	30.2	25	28.5	30.2	35
15.09.2005	11.1	22.2	23.2	19.5	23.4	19.8	17.8	23.4	21.5
16.09.2005	5.4	6.1	7.7	2.9	6.5	7.6	9.2	6.5	6.6
17.09.2005	4.3	11.9	12	5.1	9.5	16.8	18.1	9.5	6.7
18.09.2005	1.9	8.8	6.5	3.6	9.3	12.5	12.3	9.3	6.4
19.09.2005	12.2	4.1	8.5	8.5	12	11	12.1	12	8.7
20.09.2005	5	1	3.2	6.1	3	0.7	2.3	3	4.4
21.09.2005	20.6	11.5	13.2	16.2	17.6	9.2	9.8	17.6	16.9
22.09.2005	1.9	0.3	1.4	1.7	0.6	1.2	1.9	0.6	1.6
23.09.2005	6.4	12.5	9.3	2.9	13.5	16.6	18.2	13.5	9.2
24.09.2005	6.4	3.2	4.2	6.9	6.5	6.7	4.9	6.5	4.4
25.09.2005	0.2	0	0	2.7	0.6	0	0	0.6	0
26.09.2005	0.7	0	0	2.1	0.8	0	0	0.8	0
27.09.2005	0	0	0	1.7	1.2	0	0	1.2	0
28.09.2005	13.4	0	1.6	16	10.9	0	0.1	10.9	7.3
29.09.2005	2.1	12	5.2	0.2	6.4	10.5	9.9	6.4	3.6
30.09.2005	1.6	4.3	3.4	3.2	5.6	3.7	4.1	5.6	3.4
01.10.2005	52.9	52.1	71.4	97.8	22.7	46.6	38.1	22.7	71.8
02.10.2005	0.1	1.6	1.7	2.1	0.1	3.1	2.6	0.1	1.3
03.10.2005	10	4.7	8.2	10.4	11	8.8	9.7	11	11.1
04.10.2005	9.8	1.4	1.4	6	3.2	7.5	8.4	3.2	1.1
05.10.2005	0	0	0	0	0	0	0	0	0.3
06.10.2005	0	0	0	0	0	0	0	0	0
07.10.2005	0	0	0	0	0	0	0	0	0
08.10.2005	0	0	0	0	0	0	0	0	0
09.10.2005	11.3	12.5	13	13.3	12.7	11.1	10.7	12.7	13.5
10.10.2005	0.8	0	0	0	0	0	0	0	0
11.10.2005	0	0	0	0	0	0	0	0	0
12.10.2005	0.3	0	0	0	0	0	0	0	0
13.10.2005	0	0	0	0	0	0	0	0	2.6
14.10.2005	15.6	9.9	9.1	14.3	16.8	10.8	10.2	16.8	11
15.10.2005	0.7	2.5	2.5	2.6	2.3	3.3	2.8	2.3	2.6
16.10.2005	0	0	0	0	0	0	0	0	0
17.10.2005	0	0	0	0	0	0	0	0	0
18.10.2005	0	0	0	0	0	0	0	0	0
19.10.2005	0	0	0	0	0	0	0	0	0
20.10.2005	0	0	0	0	0	0	0	0	0
21.10.2005	5.2	7.2	3.6	4.5	6.3	7.1	8.9	6.3	4.3
22.10.2005	6.7	5.4	4.3	5.7	4.4	4.3	5	4.4	4.3
23.10.2005	0	0	0	0	0	0	0	0	0
24.10.2005	0	0	0	0	0	0	0	0	0
25.10.2005	0	2.5	1.5	0	0	2.5	2.5	0	0
26.10.2005	2.3	0	0.1	2.8	2.7	0	0.1	2.7	5.2
27.10.2005	1.9	0	0.4	4.3	1.3	0	0	1.3	1.8
28.10.2005	0	0	0	1.3	0	0	0.1	0	2.4
29.10.2005	9.8	0	0.4	11.1	11.4	0	0.1	11.4	8.7
30.10.2005	11.3	13.1	10.8	6.7	12.2	11.1	10.6	12.2	10
31.10.2005	9	5.1	7.8	8	10.9	6.9	9.4	10.9	9.1
01.11.2005	3.4	2.8	2.5	4.8	3.3	2.9	3.5	3.3	2.6
02.11.2005	9	0.1	6	12.7	6.7	0.2	0.1	6.7	4.9
03.11.2005	0.9	0	0	2.9	0	0	0	0	0.7
04.11.2005	0	0	0	7.1	0.8	0	1.5	0.8	2.1
05.11.2005	5.8	6.8	11.3	6.4	6.8	7	7.5	6.8	14.1
06.11.2005	2.1	4.5	4	2.3	3.8	4.2	3.6	3.8	3.6
07.11.2005	1.8	4.2	2.6	1.9	4.3	5.3	4.4	4.3	2
08.11.2005	2.6	3	1.3	1.2	4.5	4.6	6.2	4.5	2
09.11.2005	43.1	10.5	22.8	42.8	33.2	20.3	17.4	33.2	28.4
10.11.2005	21	13.6	15.4	13.4	16.3	14.6	15	16.3	16
11.11.2005	26.4	6.3	11.6	20.5	14.3	6.6	6.4	14.3	16.4
12.11.2005	5.5	6.4	6.3	3.1	7.9	7.2	6.2	7.9	5.5
13.11.2005	5.9	6.4	3.1	8.2	8.1	6.9	5.7	8.1	2.5
14.11.2005	54.5	35.6	29.2	35.2	45.5	36.5	36.1	45.5	29.3
15.11.2005	54.5	62.8	56.6	43.1	59.2	57.8	54.9	59.2	49.3
16.11.2005	11	17.3	12	14.1	23.5	17.4	16.9	23.5	14.5
17.11.2005	9.4	22.3	15	8	18.4	18.1	18.3	18.4	10.4
18.11.2005	2.5	5.8	7.2	3.3	3.6	4.8	2.5	3.6	4.2
19.11.2005	4.1	12.4	7.8	0.1	12	13.2	18.1	12	9.5
20.11.2005	1.9	0	0	6	3.7	0	0	3.7	4.1
21.11.2005	4.1	2.5	1.7	2.5	2.6	3.5	4	2.6	2.4
22.11.2005	8.2	0	0.9	13.3	4.8	0	0.1	4.8	7.5
23.11.2005	0.5	0	0	1	0.5	0	0	0.5	0.3
24.11.2005	14.6	4.4	6.7	16.1	7.6	9.5	11.3	7.6	9
25.11.2005	4.9	4.7	0.9	2.9	2.4	2.7	3.6	2.4	1
26.11.2005	0	0	0	0	0	0	0	0	0
27.11.2005	0	0	0	0	0	0	0	0	0
28.11.2005	0.9	0	0.1	1.1	0.6	0	0.1	0.6	0.5
29.11.2005	0.1	0	0	7.3	1.5	0	0	1.5	3.2
30.11.2005	19.2	0	6	15.9	15.6	0	1.3	15.6	16.1
01.12.2005	0.1	0	1.4	2.7	2.5	0	2.1	2.5	2.8
02.12.2005	4.7	0	0.5	3.5	1.5	0	0.1	1.5	4.8
03.12.2005	0	0	0	0	0.1	0	0	0.1	0
04.12.2005	0	0	0	0	0	0	0	0	0
05.12.2005	0	0	0	0	0	0	0	0	0
06.12.2005	0	0	0	0	0	0	0	0	0
07.12.2005	0	0	0	0	0	0	0	0	0
08.12.2005	0	0	0	0	0	0	0	0	0
09.12.2005	0	0	0	0	0	0	0	0	0
10.12.2005	38.4	0	3.2	15	3.9	0	0.1	3.9	8.1
11.12.2005	15.2	20.5	16.5	12.5	28.4	19	18.6	28.4	12.5
12.12.2005	12.5	7.1	10.1	13	8.4	7.9	4.6	8.4	7
13.12.2005	41.3	7.6	7.6	14.2	4.3	8.8	5.2	4.3	6.7
14.12.2005	10.2	9.3	7.7	6.6	10	10.8	13.3	10	6.9
15.12.2005	27.3	26	22.3	26.2	29.5	19.4	18.7	29.5	25.9
16.12.2005	5.8	7.7	5.8	3.4	10.4	10.4	11.2	10.4	4.5
17.12.2005	26.3	22.4	25.2	37.4	19.9	25.1	23.4	19.9	25
18.12.2005	38.5	19.9	20.1	21.3	27.6	15.1	13.6	27.6	22.3
19.12.2005	0.4	0	0	3.3	0.8	0	0	0.8	0
20.12.2005	0.9	0	0.3	5.4	2.3	0	0.1	2.3	1.6
21.12.2005	0	0	0	0	0.7	0	0	0.7	0
22.12.2005	13.7	8.8	9.4	5.7	5.7	6.1	7	5.7	9.2
23.12.2005	1.9	3	3.4	5.6	1.9	2.8	3.5	1.9	4.2
24.12.2005	21.2	10.8	12.7	9.9	14.8	14.7	15.1	14.8	12.2
25.12.2005	4.5	11.5	6.2	1	5.9	6.9	6.8	5.9	2.8
26.12.2005	2.2	7.7	11.4	1.7	3	6.1	10.4	3	6.5
27.12.2005	0	0	0	0	0	0	0	0	0
28.12.2005	0	0	0	0	0	0	0	0	0
29.12.2005	0	0	0	0	0	0	0	0	0
30.12.2005	0	0	0	0	0	0	0	0	0
31.12.2005	0	0	0	0	0	0	0	0	0
01.01.2006	0	0	0	0	0	0	0	0	0
02.01.2006	0	0	0	0	0	0	0	0	0
03.01.2006	0	0	0	0	0	0	0	0	0
04.01.2006	0	0.5	0	0	0	0	0.1	0	0
05.01.2006	0	0	0	0	0	0	0	0	0
06.01.2006	0.1	0	0	0	0	0	0	0	0
07.01.2006	0	0	0	0	0	0	0	0	0
08.01.2006	0	0	0	0	0	0	0	0	0
09.01.2006	0	0	0	0	0	0	0	0	0
10.01.2006	3.4	0.4	1.6	2.4	7.6	0.1	5.6	7.6	1.3
11.01.2006	4.2	8.9	3.2	7.1	12.2	10.1	9.3	12.2	1.6
12.01.2006	16.9	12.6	17.6	17.2	13.4	10.3	8.9	13.4	17.7
13.01.2006	14.3	0.4	11.9	11.5	13	10.7	6.5	13	11
14.01.2006	3.8	0	0.1	1	3.4	0	0.4	3.4	2.3
15.01.2006	1.2	0.1	0.4	2.4	2.2	0.7	3.6	2.2	0.1
16.01.2006	0.3	0	0	0	0	0	0	0	0
17.01.2006	0	0	0	0	0	0	0	0	0
18.01.2006	0.2	0	0	0	0	0	0	0	0
19.01.2006	0.3	0	0	0.6	0.1	0	0	0.1	0
20.01.2006	4	4.7	4.9	6.9	6.8	6.1	7.3	6.8	5.7
21.01.2006	0.2	0.5	0.4	0.4	0.4	0.2	0.1	0.4	0.2
22.01.2006	0	0	0	0	0.1	0	0	0.1	0
23.01.2006	2.1	1.6	4.2	1.6	0.5	1.6	1.9	0.5	0
24.01.2006	0.2	0	0	0.2	0.1	0	0	0.1	0.5
25.01.2006	6.4	2.7	4.6	6	4.7	5.1	5.1	4.7	3.9
26.01.2006	0.1	0	0	0.1	0.2	0	0	0.2	0
27.01.2006	0	0	0	0	0	0	0	0	0
28.01.2006	0	0	0	0	0	0	0	0	0
29.01.2006	5.6	2.5	6.1	5.5	8	4.9	5.9	8	5.6
30.01.2006	0.3	0	4.3	8.5	4.8	0.1	0	4.8	6.4
31.01.2006	0	0	0	0	1.4	0	0	1.4	0.1
01.02.2006	0	0	0	0	0.3	0	0	0.3	0
02.02.2006	2.2	2.4	2.3	2	2.3	1.7	0.9	2.3	0.7
03.02.2006	12.1	21.1	18.5	8.7	18.4	22.4	23.6	18.4	16
04.02.2006	3.8	2.9	3.6	3.7	3.6	3	3	3.6	3.8
05.02.2006	7.7	4.6	5	6.9	6.2	6.4	6	6.2	5.8
06.02.2006	36.6	19.3	22.4	32	25.2	23.5	22.2	25.2	24.6
07.02.2006	25.2	15.1	18.9	24.6	24	18.4	18.5	24	21.9
08.02.2006	1.7	1.6	2.6	2.5	2.1	1.7	1.8	2.1	2.7
09.02.2006	9.1	5.4	7.2	7.5	6.7	6.8	6.3	6.7	7.2
10.02.2006	1.9	0.1	0.4	2.8	1.1	2.4	0	1.1	0.3
11.02.2006	0	0	0	0	0	0	0	0	0
12.02.2006	0	0	0	0	0	0	0	0	0
13.02.2006	0	0	0	0	0	0	0	0	0
14.02.2006	0	0	0	0	0	0	0	0	0
15.02.2006	0	0	0	0	0	0	0	0	0
16.02.2006	0	0	0	0	0	0	0	0	0
17.02.2006	0	0	0	0	0	0	0	0	0
18.02.2006	0	0.7	0	0	0.3	0.6	0	0.3	0
19.02.2006	0.6	0.9	0.9	0.8	0.9	1	0.3	0.9	0.3
20.02.2006	0.1	0	0	0	0	0	0	0	0
21.02.2006	0	0	0	0	1.1	0.4	0	1.1	0
22.02.2006	0	0	0	0	0	0	0	0	0
23.02.2006	0	0	0	0	0	0	0	0	0
24.02.2006	0	0	0	0	0	0	0	0	0
25.02.2006	0	0	0.2	0.7	1.9	1.3	0	1.9	2.1
26.02.2006	4.5	4.5	5.7	3.2	5.6	6.2	6.4	5.6	5.3
27.02.2006	5.3	2.9	5.8	6.8	4.8	2.2	0.1	4.8	3.6
28.02.2006	0.8	0.8	0.8	0.1	1.2	1.7	1.7	1.2	0.1
01.03.2006	0	0	0	0	0	0	0	0	0
02.03.2006	0	0	0	0	0	0	0	0	0
03.03.2006	0	0	0	0	0	0	0	0	0
04.03.2006	0	0	0	0	0	0	0	0	0
05.03.2006	0.2	0.4	0.5	0.6	1.1	0.9	0.8	1.1	0.3
06.03.2006	5.7	1.5	4.8	6.9	5.2	0.1	1.3	5.2	4.8
07.03.2006	0	0	0	0	0	0	0	0	0
08.03.2006	0.1	0	0	0	0	0	0	0	0
09.03.2006	1.6	0	0.3	1.5	1.4	0	0	1.4	1.6
10.03.2006	0	0	0	0	0	0	0	0	0
11.03.2006	0	0	0	0	0	0	0	0	0
12.03.2006	0	0	0	0	0	0	0	0	0
13.03.2006	0	0	0	0	0	0	0	0	0
14.03.2006	0	0	0	0	0	0	0	0	0
15.03.2006	0	0	0	0	0	0	0	0	0
16.03.2006	0	0	0	0	0	0	0	0	0
17.03.2006	0	0	0	0	0	0	0	0	0
18.03.2006	0.3	0	0	0.1	0.3	1.2	0	0.3	0
19.03.2006	6.9	10.3	5.9	5	9.1	8.4	9.7	9.1	5.9
20.03.2006	2.8	1.7	4.8	3.3	2.9	4.4	4	2.9	3.5
21.03.2006	3.6	10	3.5	4.1	8.5	10.2	10.1	8.5	2.7
22.03.2006	4.8	4	3.3	3.3	5.1	5.6	6	5.1	3.4
23.03.2006	6.6	0.8	1.9	5	5.6	1.8	0.1	5.6	1.7
24.03.2006	8	0	1.9	5.1	2.4	0	1.2	2.4	3.9
25.03.2006	0	0	0	0	0	0	0	0	0
26.03.2006	0	0	0	0	0	0	0	0	0
27.03.2006	0	0	0	0	0	0	0	0	0
28.03.2006	0.6	0	0	0.4	0	0	0.1	0	0.1
29.03.2006	2.2	0.7	1.2	2.2	1.9	1.2	2	1.9	1.4
30.03.2006	8.1	4.4	5.9	7.6	9.3	6.5	6	9.3	6.4
31.03.2006	4.6	3.8	6.4	6.7	6.3	4.5	2.9	6.3	7.6
01.04.2006	0.1	0	0	1.8	0.4	0	0	0.4	0.2
02.04.2006	0	0	0	0	0	0	0	0	0
03.04.2006	0.1	0	0	1.9	0.2	0	0	0.2	0
04.04.2006	3.5	5	5.4	5	4.6	5.2	5.5	4.6	6.4
05.04.2006	0.7	0	0	0	0	0	0	0	0
06.04.2006	0.3	0	0	0.2	0.1	0	0	0.1	0
07.04.2006	5.6	0	6.1	6.9	4.8	0.1	10.6	4.8	5.7
08.04.2006	0.7	0	0	0	0	0	0	0	0
09.04.2006	0.2	0	0	0	0	0	0	0	0
10.04.2006	0.4	0.1	0.1	0.7	0.5	2.8	0	0.5	0.1
11.04.2006	0.3	0	0	0	0	0	0	0	0
12.04.2006	0	0	0	0	0	0	0	0	0
13.04.2006	1.8	0	0	1	1.9	0	0	1.9	0.1
14.04.2006	3.2	4.7	4.4	3.8	5.6	6.1	7.2	5.6	5.2
15.04.2006	17.4	9.7	4.5	10.1	15.9	13.1	12.6	15.9	7
16.04.2006	1.2	0	0.1	0.7	0.2	0	0.9	0.2	0.4
17.04.2006	13.3	1.1	5.4	7.2	7.4	7.5	10.4	7.4	7.1
18.04.2006	5.2	1.4	3.1	4.9	3.7	5.9	5.2	3.7	2.8
19.04.2006	1.2	1.2	0.7	0.2	0.1	0.7	0.4	0.1	0.1
20.04.2006	0.6	0	1.4	2.5	2	0.1	0	2	0.8
21.04.2006	0	0.9	0	0	0	0	0	0	0
22.04.2006	0	0	0	0	0	0	0	0	0
23.04.2006	3.7	0	0	2.7	2.6	0	0	2.6	0.1
24.04.2006	3.6	0	0	0	0	0	0	0	0
25.04.2006	0	0	0	0	0	0	0	0	0
26.04.2006	0	0	0	1.3	13.4	0	0.1	13.4	0
27.04.2006	7.3	4.1	5.7	8	6.4	5.4	5	6.4	5.7
28.04.2006	1	0	0.4	0.1	0	0	0	0	2.7
29.04.2006	0	0	0	0	0.4	0	0	0.4	0
30.04.2006	0	0	0	0	0	0	0	0	0
01.05.2006	0	0	0	0	0	0	0	0	0
02.05.2006	0	0	0	0	0	0	0	0	0
03.05.2006	0	0	0	0	0	0	0	0	0
04.05.2006	0	0	0	0.1	0.4	0	0	0.4	0
05.05.2006	0	0	0	0	0	0	0	0	0
06.05.2006	0	0	0	0	0	0	0	0	0
07.05.2006	0	0	0	0	0	0	0	0	0
08.05.2006	0	0	0	0	0	0	0	0	0
09.05.2006	0	0	0	0	0	0	0	0	0
10.05.2006	0	0	0	0	0	0	0	0	0
11.05.2006	0	0	0	0	0	0	0	0	0
12.05.2006	0.5	2.3	2.6	3.1	2.7	1.3	0.2	2.7	1.8
13.05.2006	2.3	0.3	1.8	3.6	2.4	1.8	0.9	2.4	2.5
14.05.2006	3.8	2.1	6.2	3.4	2.2	2.1	2.3	2.2	3
15.05.2006	0.9	6.4	6.2	2.8	3.4	5.2	5.8	3.4	4.2
16.05.2006	0	0	0.2	0.1	0.2	0.2	0.1	0.2	0.1
17.05.2006	0	0	0	0	0	0	0	0	0
18.05.2006	0	0	0	0	0	0	0.1	0	0
19.05.2006	3.5	2.1	1.6	1.9	2.8	3	3.6	2.8	1.5
20.05.2006	0.1	0	0	0.1	0.1	0	0	0.1	0
21.05.2006	1.1	1.7	1.4	1.6	1.4	1.7	1.5	1.4	1.1
22.05.2006	0	0.6	0.1	0	0	0.2	0.1	0	0
23.05.2006	2.2	0.9	2.3	3.2	2.9	1.4	1.2	2.9	2.3
24.05.2006	7.5	11	12.7	11.6	11.3	9.6	9.2	11.3	12.9
25.05.2006	0.1	1.5	0.8	0.4	0.3	0.7	0.6	0.3	0.1
26.05.2006	0	0	0	0	0	0	0	0	1.5
27.05.2006	0	0	0	0	0	0	0	0	0
28.05.2006	0	0	0	0	0	0	0	0	0
29.05.2006	0.6	0.9	0.3	0.2	1.5	0.7	0.6	1.5	0.1
30.05.2006	0	0	0	0	0	0	0	0	0
31.05.2006	0.1	0	0	0.1	0.1	0	0	0.1	0
01.06.2006	0.2	0	0	0	0	0	0	0	0
02.06.2006	0.1	0	1.1	0.8	0.7	0.3	0	0.7	1.3
03.06.2006	13.5	3.5	6.9	12.7	9.5	5.3	3.9	9.5	8.1
04.06.2006	1	3.8	3.5	0.6	8	7.5	5.1	8	4.6
05.06.2006	0	0	0	0	0	0	0	0	0.2
06.06.2006	0	0	0	0	0	0	0	0	0
07.06.2006	0.6	1.2	0.9	0.9	1.1	1.3	0.2	1.1	0.3
08.06.2006	0	0	0	0	0	0	0	0	0
09.06.2006	0	0	0	0	0	0	0	0	0
10.06.2006	0	0	0	0	0	0	0	0	0
11.06.2006	0	0	0	0	0	0	0	0	0
12.06.2006	0	0	0	0	0	0	0	0	0
13.06.2006	1.4	0	0	2.2	2.3	0	0	2.3	0.9
14.06.2006	4.1	4.7	3.2	3	4.8	3.7	3.9	4.8	3.8
15.06.2006	0.3	0	0	0	0	0	0	0	0
16.06.2006	0.1	0.2	1.3	0.1	0.1	0.1	0.1	0.1	0
17.06.2006	0	0	0	0	0	0	0	0	0
18.06.2006	5.8	2.1	3.8	4.9	4.6	3.6	4.1	4.6	4.3
19.06.2006	4.2	0	5.6	4.2	5.5	6.8	6.9	5.5	5.4
20.06.2006	4.8	3.5	5.2	6.4	4.5	3.3	2.8	4.5	5.3
21.06.2006	0.1	0.7	0.6	0.4	0.3	1.2	1.3	0.3	0.1
22.06.2006	6.8	5.6	8.1	9.2	9.4	6	5.3	9.4	8.8
23.06.2006	0.7	2.7	2.1	1.1	2.7	3.4	4.6	2.7	3.1
24.06.2006	1	0.2	1.2	0.6	0.8	1.7	1.4	0.8	0.9
25.06.2006	4.5	1.7	2.7	4.1	3.8	3.1	3.4	3.8	3.4
26.06.2006	0.8	1	0.2	0.1	0	0.1	0.1	0	1.1
27.06.2006	0.2	0	0	0	0	0	0	0	0
28.06.2006	0	0	0	0	0	0	0	0	0
29.06.2006	0	0	0	0	0	0	0	0	0
30.06.2006	0	0	0	0	0	0	0	0	0
01.07.2006	0	0	0	0	0	0	0	0	0
02.07.2006	0	0	0	0	0	0	0	0	0
03.07.2006	0	0	0	0	0	0	0	0	0
04.07.2006	33.7	11.1	19.3	27.1	22	10.2	7.1	22	21.9
05.07.2006	0	0	0	0	0	0	0	0	0
06.07.2006	0	0	0	0	0	0	0	0	0
07.07.2006	4	2.9	2.7	3.1	3.6	3.1	2.3	3.6	1.7
08.07.2006	6.8	5.5	6.9	8.1	9.7	6.4	6	9.7	7.7
09.07.2006	2.5	1.6	3	3.5	4.4	2.6	2.5	4.4	3.7
10.07.2006	12.2	8.6	9.3	12.5	11.4	9.9	10	11.4	10.1
11.07.2006	4.5	3.2	5.9	5	5.3	4	3.9	5.3	6.1
12.07.2006	5.5	2.2	1.4	3.4	5.5	4	4.5	5.5	0.9
13.07.2006	9.3	4.8	7.9	9.6	9.8	6.2	5.1	9.8	8.8
14.07.2006	4.4	2.3	4.7	5.7	8.3	3.2	1.4	8.3	4.6
15.07.2006	0	0	0	0	0.4	0	0	0.4	0.3
16.07.2006	0	0	0	0	0	0	0	0	0
17.07.2006	5.2	1.4	2.8	3.5	3.9	4.3	2.2	3.9	3.3
18.07.2006	3.8	0.6	1.9	3.8	3.1	1	1.2	3.1	2.1
19.07.2006	0	0	0	0	0	0	0	0	0
20.07.2006	0	0	0	0	0	0	0	0	0
21.07.2006	0	0	0	0	0	0	0	0	0
22.07.2006	0	0	0	0	0	0	0	0	0
23.07.2006	0	0	0	0	0	0	0	0	0
24.07.2006	0	0	0	0	0	0	0	0	0
25.07.2006	0	0	0	0	0	0	0	0	0
26.07.2006	0	0	0	0	0	0	0	0	0
27.07.2006	0	0	0	0	0	0	0	0	0
28.07.2006	8.1	5.6	6.9	9	7.2	8	8.2	7.2	7.8
29.07.2006	0.7	3.3	0.6	0.9	0.4	4.8	4.7	0.4	0.1
30.07.2006	0	0.2	0	0	0	0	0	0	0
31.07.2006	4.6	6	6.5	7.9	5	6.2	6.7	5	6.6
01.08.2006	4.9	13.1	8.6	4.6	8.2	9.5	9.1	8.2	6.9
02.08.2006	0	0	0	0	0	0	0	0	0
03.08.2006	0	0	0	0	0	0	0	0	0
04.08.2006	0	0	0	0	0	0	0	0	0
05.08.2006	0	0	0	0	0	0	0	0	0
06.08.2006	0	0	0	0	0	0	0	0	0
07.08.2006	6.5	4	4.9	6.9	5.3	3.8	2.3	5.3	5.9
08.08.2006	0.1	0.7	0.7	0.1	0.8	1.2	0.9	0.8	0.6
09.08.2006	0.3	1.3	0.8	0.6	0.7	1.1	1.2	0.7	0.8
10.08.2006	3.7	7	6	4.4	4	5.5	5.5	4	4.8
11.08.2006	0.1	2.5	0	0	0	0.2	1.1	0	0
12.08.2006	0	0	0	0	0	0	0	0	0
13.08.2006	0.1	0	0	0	0	0	0	0	0
14.08.2006	0	0	0	0	0	0	0	0	0
15.08.2006	0.1	0	0.1	0.2	0	0	0.6	0	1.1
16.08.2006	0.3	0.1	0.1	0.1	0.1	1.5	3.2	0.1	0.1
17.08.2006	7	1.9	3.1	4.6	5.6	3.1	2.8	5.6	3.7
18.08.2006	11.2	3.5	6.9	11.4	6.4	2.8	2	6.4	9
19.08.2006	0	0	0	0	0	0	0	0	0
20.08.2006	0	0	0	0	0	0	0	0	0
21.08.2006	0	1.8	0.2	0	0	1.4	2.3	0	0
22.08.2006	0	0.6	0	0	0	0	0	0	0
23.08.2006	0	4.7	0.3	0	0.3	5.5	0.2	0.3	0
24.08.2006	0	2.7	0	0	0	0.2	0.6	0	0
25.08.2006	1.3	0.8	1.7	1	1.6	0.7	1	1.6	2.4
26.08.2006	0.3	4.1	1.9	0.1	0.8	3.4	4.1	0.8	0.8
27.08.2006	3.2	2.2	2.9	5.1	2	2.5	2.7	2	3.7
28.08.2006	0.2	3.2	0	0	0	0	0	0	0
29.08.2006	0.3	0	0.1	0.1	0	0	0	0	2
30.08.2006	3.8	0	0.1	4.1	3.2	3.2	0	3.2	3.3
31.08.2006	7.4	2.7	2.8	6.5	7.1	4.3	2.2	7.1	3.2
01.09.2006	2.5	1.2	1.9	2.4	3.5	1.2	0.6	3.5	1.4
02.09.2006	0.2	0	0	0.4	0.4	0	0	0.4	0.5
03.09.2006	6.8	3.6	4.4	5.9	5.6	5.2	6.5	5.6	6.4
04.09.2006	3.1	2.6	3.9	4.3	4.8	3.6	1.8	4.8	3
05.09.2006	12.9	12.8	16.8	14.3	10.8	9.6	5.1	10.8	12.7
06.09.2006	1.4	6	3.5	0.4	4.9	6.5	8.8	4.9	3.8
07.09.2006	2.3	3.3	3	2.6	2.5	3.1	3.4	2.5	3.3
08.09.2006	0.9	2.1	2.7	1.7	1.2	1	0.1	1.2	1
09.09.2006	3	5.2	5.3	4.3	8.2	8.7	9.7	8.2	5.9
10.09.2006	0.6	0	0	0.3	0	0	0	0	0
11.09.2006	0.1	0	0.4	0.2	2.1	0	0	2.1	1
12.09.2006	0.1	0	0	0.1	0.4	0	0	0.4	0.4
13.09.2006	13.3	3.5	5.9	8.2	7.3	5.2	3.9	7.3	6.5
14.09.2006	1	0.1	0.1	0.7	0.2	0.9	1.1	0.2	0.2
15.09.2006	0	0	0	0	0	0	0	0	0
16.09.2006	0	0	0	0	0	0	0	0	0
17.09.2006	0	0	0	0	0	0	0	0	0
18.09.2006	0	0.4	0	0	0	0	0.7	0	0
19.09.2006	3.9	2.2	3.1	3.6	4.4	2.6	2.4	4.4	3
20.09.2006	23.6	16.5	16.7	22.3	22.3	17.2	15.6	22.3	17.8
21.09.2006	12.3	5.4	7.1	7.9	5.9	6.3	5.1	5.9	7.6
22.09.2006	2.5	8	5	2	5.3	8.4	10.4	5.3	5.1
23.09.2006	0	0	0	0	0	0	0	0	0
24.09.2006	0.1	0	0	0	0	0	0	0	0
25.09.2006	0.9	1.3	0.1	0.1	0	0.7	2	0	0.7
26.09.2006	0.2	0.3	0.2	0.1	0.2	0.4	0.4	0.2	0.1
27.09.2006	0.9	0.2	1.4	0.9	1.4	0.1	3.1	1.4	1.8
28.09.2006	4	3.9	5.2	5.6	5.2	3.7	2.9	5.2	5.6
29.09.2006	6.1	3.5	4.7	5.1	5	4.7	5.5	5	4.9
30.09.2006	0.1	2	1.4	0.9	1.1	1.5	1.2	1.1	0.9
01.10.2006	6.8	3.8	4.7	7	5.7	4	2.8	5.7	6.2
02.10.2006	0.2	0	0.4	0.5	0.5	0	0	0.5	0.6
03.10.2006	1	2.7	2.1	1.3	2.1	1.8	1.8	2.1	2.1
04.10.2006	0.2	0.7	0.6	0.3	0.5	0.5	0.2	0.5	0.5
05.10.2006	0.2	0	0.1	0.1	0	0	2.2	0	0.1
06.10.2006	1	0	0	0.7	1.8	0	0	1.8	0
07.10.2006	3.7	4.1	3.6	2.5	3.4	3.6	4.1	3.4	4.3
08.10.2006	22.3	16.1	14	18.1	23.4	21.4	19.7	23.4	11.5
09.10.2006	8.9	4.4	5	7.2	4.4	6.7	5.1	4.4	3.5
10.10.2006	8.1	3.9	4.3	5.6	4.5	3.5	3.6	4.5	4.7
11.10.2006	0	0	0	0	0	0	0	0	0
12.10.2006	0	0	0	0	0	0	0	0	0
13.10.2006	0	1.4	0.1	0	0	0.3	0.2	0	0
14.10.2006	0	0	0	0	0	0	0	0	0
15.10.2006	0	0	0	0	0	0	0	0	0
16.10.2006	0	0	0	0	0	0	0	0	0
17.10.2006	0	0	0	0	0.4	0.2	0	0.4	0
18.10.2006	2.4	4.4	4.7	3.7	3.5	3.5	3.5	3.5	4.5
19.10.2006	3.7	3.3	2	2.6	2.7	3.9	3.1	2.7	0.9
20.10.2006	0	0	0	0	0	0	0	0	0
21.10.2006	0.8	0.8	1.3	0.9	0.1	0.1	0.1	0.1	0.5
22.10.2006	1	1.5	1.5	1.1	2.2	2.5	2.7	2.2	1.4
23.10.2006	0.9	0.2	0.4	0.8	1.1	0.5	0.3	1.1	0.3
24.10.2006	0.3	0.6	1	0.8	0.6	0.2	0.1	0.6	0.8
25.10.2006	0.3	1.4	0.1	0.6	0.8	0.5	0.4	0.8	0.1
26.10.2006	1.2	2.8	5.5	3.9	2	1.6	0.6	2	3.4
27.10.2006	15.9	13.7	14.9	13.9	15.5	14.4	14.3	15.5	14.2
28.10.2006	4.7	2.1	4.1	4	3.7	1.7	0.1	3.7	1.8
29.10.2006	0.2	0	0	0	0	0	0	0	0
30.10.2006	8.9	6.6	8.7	11.4	8.1	8.5	6.8	8.1	9.1
31.10.2006	23.1	14	12.1	18.3	20.5	18.9	20.1	20.5	14.1
01.11.2006	3.3	4.5	4.2	2.5	2.4	3.2	2.6	2.4	2.1
02.11.2006	6.9	5.8	6.2	5.6	10.5	7.9	3.2	10.5	5.6
03.11.2006	0.3	0	0.4	0.9	2.8	0.1	0	2.8	1.4
04.11.2006	10.1	11.8	7.2	7.4	12.9	12.9	13.8	12.9	9.6
05.11.2006	28.1	15	17.3	25.2	17.6	15.8	14.7	17.6	19.4
06.11.2006	24.8	19.3	24.7	27.4	28.5	21.8	20.9	28.5	24
07.11.2006	22.9	19.2	17	18.3	27.9	18	17.4	27.9	19.3
08.11.2006	7.1	3.4	5.7	6.3	8.8	4.3	3.9	8.8	5
09.11.2006	11.1	3.5	5.5	7.3	6	8.2	9.3	6	6
10.11.2006	5.9	2.9	4.8	4.1	7.1	6.5	2.5	7.1	3.7
11.11.2006	6	2.2	1.8	2.6	5.4	5	6	5.4	2.5
12.11.2006	5.9	6.1	7.5	8.3	5.8	6.6	2.2	5.8	2.2
13.11.2006	15.3	9.1	15.4	13.4	11.5	8	8.5	11.5	11.4
14.11.2006	13.2	1.5	2.5	6.5	3.2	5	4	3.2	3.6
15.11.2006	16	0.1	10.7	11.6	11.3	0.1	14	11.3	8.9
16.11.2006	5.1	2.1	1.7	3.4	1.5	4.2	4.9	1.5	0.1
17.11.2006	5.1	4.5	3.2	3.6	6.4	6.4	7.7	6.4	3.2
18.11.2006	4.1	4.2	4.6	5.3	5.6	5.6	4.9	5.6	4.1
19.11.2006	22.3	11.5	5.9	12.2	14.1	8.6	7.8	14.1	5.9
20.11.2006	0.2	0	0	0	0	0	0	0	0
21.11.2006	0.1	0.8	0	0.4	1.5	0.1	0.1	1.5	0
22.11.2006	0.1	0	0	0	0	0	0	0	0
23.11.2006	0.1	0	0	0	0	0	0	0	0
24.11.2006	0	0	0	0	0	0	0	0	0
25.11.2006	0.8	1.4	2.5	0.4	4.2	0.1	8.5	4.2	0.9
26.11.2006	8.2	13.3	10.4	12.1	14.1	14.5	13.8	14.1	8.7
27.11.2006	17.4	9.7	8.6	15.6	10.7	9.8	10.9	10.7	10.1
28.11.2006	0	0	0.9	1.7	4.9	0	3.5	4.9	4
29.11.2006	4.9	6.4	3.8	7.1	8.6	5.2	4.9	8.6	3.9
30.11.2006	15.8	12.6	11.5	12.4	16.1	10.8	12.1	16.1	14.9
01.12.2006	18.1	8.4	11.1	13.3	14.2	12	11.5	14.2	11.6
02.12.2006	4.8	5.1	3.4	3.9	7.5	8.4	9	7.5	2.8
03.12.2006	5.7	0.6	1.9	4.4	1.7	1.2	0.5	1.7	1.3
04.12.2006	0	0	3	4.7	11.7	0	5.9	11.7	7.7
05.12.2006	31.5	10.2	14	24.3	22.1	13.9	12.3	22.1	18.6
06.12.2006	16.1	5.9	7.7	12.7	8.6	9.3	9	8.6	8
07.12.2006	6.2	3.3	4	4.9	5.3	4.6	5	5.3	4.3
08.12.2006	0	0	0	0	0	0	0.1	0	0.4
09.12.2006	2	2.6	2.5	1.4	3.8	3.1	3.3	3.8	2.1
10.12.2006	16	11.5	9.9	11.2	11.8	14.9	17.2	11.8	10.6
11.12.2006	14.8	12.3	12.8	13.3	29.8	17.5	20.8	29.8	15.3
12.12.2006	52.8	20.8	37.3	47.3	34.4	23.4	19.9	34.4	40.7
13.12.2006	27.4	12.7	15.8	23.9	21	16	15.8	21	17.6
14.12.2006	3.1	3.6	3.6	3.9	7	5.2	6.2	7	4.2
15.12.2006	9.8	17.5	20.6	13.5	15.9	17.6	18.2	15.9	17.7
16.12.2006	13.1	9.8	11.4	12.7	14.3	12.5	13.4	14.3	11.6
17.12.2006	6.4	4.7	4.3	5.8	6.6	5	4.4	6.6	5.1
18.12.2006	1.6	0.1	0.1	0.9	1.1	0.4	0.7	1.1	0.2
19.12.2006	11.6	13.5	7.8	6.9	15.2	12.3	13.1	15.2	8.9
20.12.2006	17.2	5.7	9.5	16.5	12.1	8.6	5	12.1	10.4
21.12.2006	1.5	0	0	5.3	0.1	0.1	0	0.1	0.1
22.12.2006	6.3	3.7	6	7.1	4.8	3.9	3.2	4.8	5.5
23.12.2006	3.8	2.5	3.9	4.4	6.6	3.7	4.6	6.6	4
24.12.2006	17	4.7	10.5	13.1	15.4	13.6	15.7	15.4	12
25.12.2006	3.9	2.3	3.8	4.2	6.6	4.8	2.5	6.6	4.1
26.12.2006	1.6	0	2	0.8	2.6	3.1	2.2	2.6	1.4
27.12.2006	14.3	7.7	12.9	15	16.8	20.5	22.8	16.8	13.4
28.12.2006	6.9	2.9	3.5	4.6	4.3	6	6.3	4.3	2.8
29.12.2006	0.1	0	0	0	0	0	0	0	0
30.12.2006	0.2	0	0.7	0.5	0.4	0	1.1	0.4	0.5
31.12.2006	17.8	6.7	10.8	16.9	9.6	7.7	4.4	9.6	8.8
01.01.2007	15.3	2.8	6.5	9.8	5.7	4.7	5.2	5.7	8.1
02.01.2007	12.9	6	7.2	12.1	12.8	7.9	6.7	12.8	5.2
03.01.2007	9.7	3.7	7.9	8.3	5.9	6.4	4.2	5.9	5.5
04.01.2007	12.4	7.9	8.7	11.8	13.6	12.6	11.3	13.6	8.4
05.01.2007	4.7	2.4	5.2	6.7	3	2.9	0.6	3	3.2
06.01.2007	16.2	3.6	6.6	11.8	5.1	6.1	5.6	5.1	8.4
07.01.2007	19.1	12.5	8.5	10	11.7	16.3	18	11.7	9.3
08.01.2007	7.4	4.3	1.8	3.9	7	5.6	5.6	7	2.7
09.01.2007	19.1	11.9	14	17	18.4	13.4	11.9	18.4	14.7
10.01.2007	11.7	20	27	21	31.5	23.5	23.4	31.5	24
11.01.2007	0.6	2.1	1.2	0.7	2.2	2.2	2.6	2.2	1
12.01.2007	3.4	2.3	2.1	3.8	4.4	3.7	3.9	4.4	2.4
13.01.2007	21.8	15.4	18.7	21.9	23.6	18.4	19.5	23.6	20.4
14.01.2007	5.7	7.7	8.6	6.6	12.4	9.7	10.4	12.4	7.9
15.01.2007	19.6	10.1	12.4	15.7	15.4	12.8	12.5	15.4	12.6
16.01.2007	31.8	17	22.1	28.1	26.2	22.8	22.1	26.2	22.1
17.01.2007	6.1	4.5	5.4	6.1	6.1	4.4	3.9	6.1	5.3
18.01.2007	1.5	1.5	0.9	2.2	1.6	2.6	3.6	1.6	0.3
19.01.2007	4	1.4	3	3.7	4.9	1.6	1	4.9	1.8
20.01.2007	4.9	0	1.3	2.6	0	0	0	0	3.9
21.01.2007	0.2	0	0.2	0	0	0	1.7	0	0.5
22.01.2007	0.4	1.1	1	1.1	1.2	1.7	1	1.2	0.1
23.01.2007	8.7	9	9.6	7.1	12.7	8.2	4.2	12.7	5.5
24.01.2007	6.2	2.8	4.1	4.9	4.6	3.2	2.7	4.6	3.9
25.01.2007	0	0	0	0	0	0	0	0	0
26.01.2007	4.9	8.6	10.3	8.9	11.3	9.8	9.2	11.3	9.4
27.01.2007	10.6	12.3	14.3	12	18.4	10.4	10.5	18.4	13.7
28.01.2007	15.2	5.3	11.2	15.8	14.6	6.2	1.9	14.6	11
29.01.2007	14.7	13.4	15.2	14.7	12.5	12.4	11	12.5	14.7
30.01.2007	13.1	9.3	16.5	18.8	18.5	10	8.7	18.5	17.5
31.01.2007	29.2	4.8	10.7	18.5	11.4	9.3	9.9	11.4	11.6
01.02.2007	4.8	7	6.1	3.6	4.6	6.4	7.7	4.6	5.2
02.02.2007	13.2	4.1	8	13.1	8.7	8.5	8.1	8.7	9.4
03.02.2007	13.6	8.7	17.5	17.8	13.7	11.8	8.8	13.7	17.6
04.02.2007	9.2	5.5	16.2	14	14.5	17.5	17.7	14.5	15.6
05.02.2007	12.8	10.6	10.7	13.7	17.6	13	10.6	17.6	12.3
06.02.2007	16.3	9.4	13.7	14.1	16.3	10.2	8.5	16.3	12.8
07.02.2007	0.1	0	0.4	0	0	0	0.1	0	0.4
08.02.2007	0.1	0	0.1	0	0	0	0.2	0	0.1
09.02.2007	0	0	0	0	0	0	0	0	0
10.02.2007	0	0	0	0	0	0	0	0	0
11.02.2007	0	0	0	0	0	0	0	0	0
12.02.2007	0	0	0	0	0	0	0	0	0
13.02.2007	0.1	0	0	0	0	0	0	0	0
14.02.2007	0	0	0	0	0	0	0	0	0
15.02.2007	0	0	0	0	0	0	0	0	0
16.02.2007	0	0	0	0	0	0	0	0	0
17.02.2007	1.8	0.1	1.6	3.8	3.6	0.1	0.6	3.6	0.3
18.02.2007	10.8	4.3	6.2	9.6	7.8	7.7	6.9	7.8	7.5
19.02.2007	2	1.4	2.6	1.9	2.9	1.1	0.5	2.9	2.1
20.02.2007	1.4	2.4	2.3	1.8	2.6	3	3.6	2.6	2.4
21.02.2007	0.4	0.1	2.8	3.7	1	0.2	0.4	1	2.2
22.02.2007	0.4	0	0	0.4	0	0	0	0	0
23.02.2007	0	0	0	0	0	0	0	0	0
24.02.2007	0	0	0	0	0	0	0	0	0
25.02.2007	0	0	0	0	0	0	0	0	0
26.02.2007	0.1	0	0	0	0	0	0	0	0
27.02.2007	5.2	3.3	4.6	5.4	6.1	4.3	3.3	6.1	5
28.02.2007	1	1.4	1	1.5	1.8	2.1	0.8	1.8	1.3
01.03.2007	0	3.1	4.8	0	0.3	1.3	7.8	0.3	1.4
02.03.2007	1.4	1.2	3	3.2	2.1	0.9	0.3	2.1	3.2
03.03.2007	0.2	1.8	0	0	0	0.6	0	0	0
04.03.2007	1.1	0.3	3.7	3.4	2.3	0.3	1.8	2.3	1.8
05.03.2007	1.9	0	0	0.4	0	0	0	0	0
06.03.2007	0	0	0	0	0	0	0	0	0
07.03.2007	0.1	0	1	3	4.3	0.8	1.3	4.3	0.3
08.03.2007	0.2	0	0	0.1	0.1	0	0	0.1	0.2
09.03.2007	0	0	0	0	0	0	0	0	0
10.03.2007	10.7	3.4	5.1	7.4	7.3	6.2	7.4	7.3	5.4
11.03.2007	23.6	14.8	18.4	23.5	17.7	16.2	16.3	17.7	18.4
12.03.2007	12.1	2.1	3.7	9.7	3.8	3.7	0.4	3.8	1.8
13.03.2007	16	9.4	12.8	14.8	13.3	10.2	9.9	13.3	13.1
14.03.2007	30.3	12.6	19.6	22.9	22.4	22.9	30.2	22.4	24.9
15.03.2007	22.5	22.4	7.6	9.1	25.9	27	31.8	25.9	12.4
16.03.2007	19.9	10.4	15.8	16.6	20.4	13.7	13.8	20.4	17
17.03.2007	36.2	19.1	19.9	27.8	27.7	20	18.8	27.7	22.1
18.03.2007	11.1	4.9	5.7	7.8	9.4	6.9	6.2	9.4	5.2
19.03.2007	7.8	2.2	3.7	5.1	5.7	3.3	1.7	5.7	3.4
20.03.2007	13.8	17	21.2	18.3	25.7	16.9	14.3	25.7	20.4
21.03.2007	6.9	1.8	7.7	6	7.8	7	0.1	7.8	5.9
22.03.2007	2.1	0	0.2	2.2	0.7	0.1	0	0.7	1
23.03.2007	0	0	0	0	0	0	0	0	0
24.03.2007	0	0	0	0	0	0	0	0	0
25.03.2007	0	0	0	0	0	0	0	0	0
26.03.2007	0	0	0	0	0	0	0	0	0
27.03.2007	0	0	0	0	0	0	0	0	0
28.03.2007	0	0	0	0	0	0	0	0	0
29.03.2007	0	0	0	0	0	0	0	0	0
30.03.2007	0.2	0	0	0	0	0	0	0	0
31.03.2007	0.5	0	0	0.1	0	0.1	0	0	0
01.04.2007	0	0	0	0	0	0	0	0	0
02.04.2007	1.1	0	1.9	1	2	2.2	0.1	2	2.1
03.04.2007	1.3	0.1	4.1	2.7	3.1	2.6	1.1	3.1	3
04.04.2007	1.3	0.5	1	2.4	3.4	1.6	0.6	3.4	0.6
05.04.2007	2.4	1.2	3.4	2.9	1.1	0.8	1.1	1.1	2.4
06.04.2007	4.5	10.5	8	3.8	6.7	8.6	9.1	6.7	4.3
07.04.2007	2.4	6.6	10	7.4	7.5	6.1	3.1	7.5	6.3
08.04.2007	1.6	1.7	2.4	1.3	2.5	2.8	1.4	2.5	1.3
09.04.2007	2	0.2	1.5	1.6	0.9	0.1	4.3	0.9	1.6
10.04.2007	9	4.2	4.9	7.4	10.1	7.3	8.9	10.1	6.5
11.04.2007	9.8	6.5	7.5	8.1	6.9	6.6	6.3	6.9	6.7
12.04.2007	3.4	1.8	3.2	3.8	3.8	3.7	2.3	3.8	3.6
13.04.2007	0	0	0.1	0.2	0.4	0	0	0.4	0.4
14.04.2007	0	0	0	0	0	0	0	0	0
15.04.2007	0	0	0	0	0	0	0	0	0
16.04.2007	3	0	4.9	2.5	5.2	0.6	3.1	5.2	5.3
17.04.2007	3.8	1.3	1	2.9	2	2.1	1.8	2	1.7
18.04.2007	1.2	3.1	4.3	5.1	6	3.9	3.8	6	4.9
19.04.2007	10.3	5.3	5.8	10.5	9.7	8.8	9.4	9.7	6.7
20.04.2007	15.4	12.2	18.3	14.5	15.1	14	11.1	15.1	16.1
21.04.2007	1.9	2.9	2.8	1.3	1.3	3	1.4	1.3	1.2
22.04.2007	0.7	1.6	2.3	0.8	2.6	2.7	2.9	2.6	1.6
23.04.2007	8.9	4.5	2.1	7.3	8.2	7.1	9.8	8.2	3.4
24.04.2007	0.6	0	0.1	0.6	1.1	0	0.8	1.1	1.1
25.04.2007	2.6	0	4	2.3	4.1	3.3	2.1	4.1	3
26.04.2007	2.3	2.6	2.8	2.1	4.3	3.5	3.8	4.3	3
27.04.2007	2	1	2	1.7	2.1	1.7	2.2	2.1	2
28.04.2007	0.7	0.1	0.1	0.1	1	0.6	0.1	1	0.8
29.04.2007	0.6	0	0	0	0	0	0	0	0
30.04.2007	0.5	0	0	0	0	0	0	0	0
01.05.2007	0	0	0	0	0	0	0	0	0
02.05.2007	0	0	0	0	0	0	0	0	0
03.05.2007	0	0	0	0	0	0	0	0	0
04.05.2007	0	0	0	0	0	0	0	0	0
05.05.2007	0	0	0	0	0	0	0	0	0
06.05.2007	0	0	0	0	0	0	0	0	0
07.05.2007	2.2	0	0	3.9	4.1	0	0	4.1	0.1
08.05.2007	6.6	2.1	2.4	3.2	4.2	3.5	4.9	4.2	2.6
09.05.2007	0.5	0.5	0.9	0.1	0.4	0.4	0.2	0.4	0.2
10.05.2007	0.4	2.7	2.1	0.3	1	2.7	2.1	1	1.4
11.05.2007	0	0	0	0	0	0	0	0	0
12.05.2007	0	0	0	0	0	0	0	0	0
13.05.2007	0	0	0	0	0	0	0	0	0
14.05.2007	0.4	0	0	0	0	0.2	0	0	0.8
15.05.2007	7.8	5.4	9.9	9.6	6	4.2	3.1	6	9.4
16.05.2007	4.7	1.8	4.5	3.7	5	6.7	4.5	5	4.9
17.05.2007	0.8	1	1.5	1.5	0.4	0.6	0.6	0.4	0.8
18.05.2007	0	0	0	0	0	0	0	0	0
19.05.2007	5.2	5.5	4.8	4.9	7.6	6.3	6.2	7.6	2.7
20.05.2007	25.7	14.5	14.6	23.1	21.8	13.1	12.4	21.8	18.2
21.05.2007	6.3	2.4	6.5	8.9	7.2	4	4.5	7.2	9
22.05.2007	0	0	0	0	0	0	0	0	0
23.05.2007	18	2.9	5.2	9.6	11.6	5.7	6.1	11.6	7.3
24.05.2007	22.1	4.7	4.5	17.2	7.7	6.5	2.8	7.7	3.9
25.05.2007	11.1	3.7	7.2	11.9	7.6	4.7	5.4	7.6	9.5
26.05.2007	4.2	2.2	2.6	4.5	5.1	2.6	2.4	5.1	3.5
27.05.2007	3.9	1.8	1.4	3	4.5	3.3	3.7	4.5	2.9
28.05.2007	0	0	0	0	0	0	0	0	0
29.05.2007	0	0	0	0	0	0	0	0	0
30.05.2007	0	0	0	0	0	0	0	0	0
31.05.2007	6.1	8.6	8.7	7.1	7	7.6	7.2	7	8.4
01.06.2007	0.1	2.6	1.7	0.4	0.3	1.1	1.1	0.3	0.3
02.06.2007	0.3	0	0	0	0	0	0	0	0
03.06.2007	0	0	0	0	0	0	0	0	0
04.06.2007	0	0	0	0	0	0	0	0	0
05.06.2007	0	0	0	0	0	0	0	0	0
06.06.2007	0	0	0	0	0	0	0	0	0
07.06.2007	0	0	0	0	0	0	0	0	0
08.06.2007	0	0	0	0	0	0	0	0	0
09.06.2007	0	0	0	0	0	0	0	0	0
10.06.2007	0	0	0	0	0	0	0	0	0
11.06.2007	0	0	0	0	0	0	0	0	0
12.06.2007	0	0	0	0	0	0	0	0	0
13.06.2007	1.2	3.2	3.4	1.1	4.2	5.7	6.6	4.2	3.1
14.06.2007	11.8	8.7	13.6	15.3	9.7	8	7.8	9.7	13.9
15.06.2007	0.7	0.1	0.3	1.7	0.6	0.5	0	0.6	0.8
16.06.2007	0	0	0	0	0	0	0	0	0
17.06.2007	0	0	0	0	0	0	0	0	0
18.06.2007	0.2	0	0	0	0	0.6	0	0	0
19.06.2007	0	0	0	0	0	0	0	0	0
20.06.2007	0	0	0	0	0	0	0	0	0
21.06.2007	0	0	0	0	0	0	0	0	0
22.06.2007	3.7	2.8	2.9	3.9	2.7	2.6	2.2	2.7	3.2
23.06.2007	2.6	3.9	3.7	2	3.8	5	6.5	3.8	4.4
24.06.2007	6.6	8.6	9	9.5	8.7	8	7.5	8.7	9.5
25.06.2007	1.2	3.5	3.3	2	1.3	2.6	2.6	1.3	2.4
26.06.2007	0	0	0	0	0.8	0	0	0.8	0
27.06.2007	0	0	0	0	0	0	0	0	0
28.06.2007	0	0	0	0	1	0	0	1	2
29.06.2007	0.2	0	0.2	0.1	0.2	0	0	0.2	0.1
30.06.2007	0	0	0	0	0	0	0	0	0
01.07.2007	1.2	0	0.2	1.3	1.2	0	0	1.2	0.8
02.07.2007	0.6	0	0	0	0	0	0	0	0
03.07.2007	0.5	0	0	0	0	0	0	0	0
04.07.2007	0	0	0	0	0	0	0	0	0
05.07.2007	0	0	0	0	0	0	0	0	0
06.07.2007	0	0	3	0	0.1	0	0.1	0.1	0
07.07.2007	0	0	0	0	0	0	0	0	0
08.07.2007	0	0	0	0	0	0	0	0	0
09.07.2007	11.7	12.6	11.4	9.3	8.7	8.5	10.2	8.7	15.4
10.07.2007	6.6	4.9	4.3	4.4	4	4.4	4.6	4	3.8
11.07.2007	4	3.8	5	4.7	4.3	3.8	4	4.3	4.9
12.07.2007	22	11.6	15.3	15.8	13.7	12.9	13.3	13.7	15.3
13.07.2007	2.8	3.7	4.8	3.9	4.4	3.3	3.7	4.4	4.1
14.07.2007	0.3	1.3	3.9	2	4.4	3.6	0	4.4	4.7
15.07.2007	4.2	3	2.8	3.2	3.5	4.6	6	3.5	3.5
16.07.2007	1.5	3.3	3.2	2	2.6	2.9	2.1	2.6	2.4
17.07.2007	1.6	0.2	1.1	1.2	1.2	0.3	0.5	1.2	1.3
18.07.2007	21.5	22	21.2	23.1	24.9	24.9	23.4	24.9	20.9
19.07.2007	0	8.3	8	4.4	7.4	7.6	8.7	7.4	9.4
20.07.2007	0	2.9	2.6	0	2.6	7.9	0.1	2.6	0
21.07.2007	0	0	0	0	0	0	0	0	0
22.07.2007	0	0	0	0	0	0	0	0	0
23.07.2007	0	0	0	0	0	0	0	0	0
24.07.2007	0.4	2.2	1.3	0.2	0.9	3.4	3.8	0.9	0.3
25.07.2007	3.6	2	3.9	5.8	8.1	2.9	2.9	8.1	4.7
26.07.2007	9.7	1.1	2.4	4.7	10	8.2	0	10	7.3
27.07.2007	0.1	1.1	0.6	1.1	0.8	0.9	1.4	0.8	0.5
28.07.2007	1.4	1.2	2.1	1.8	3	4.5	2.8	3	1.8
29.07.2007	22.7	9.8	12.1	17.8	16.5	10.6	11	16.5	13.3
30.07.2007	4.4	6.6	6	5.2	9.4	7.3	7.1	9.4	6.2
31.07.2007	4	8.3	8.3	5.4	6.7	8.6	5.6	6.7	6
01.08.2007	1.4	1.9	3.4	3.6	3.3	1.8	1.8	3.3	3.9
02.08.2007	0.8	1.2	1.5	0.2	2.2	2.9	4.5	2.2	2
03.08.2007	7.6	0	9.3	7.9	9.3	7.7	10.9	9.3	8.3
04.08.2007	0	0	0	0	2.6	0	0	2.6	0.1
05.08.2007	7.4	3.5	4.5	6.4	6.1	5.6	5.7	6.1	5.3
06.08.2007	5.1	2.1	3.3	4.1	4.8	4.1	5.2	4.8	4.2
07.08.2007	0	0	0	0	0	0	0	0	0
08.08.2007	0	0	0	0	0.1	0	0	0.1	0
09.08.2007	3	3.1	3.8	3	3.1	2.9	2.6	3.1	3.6
10.08.2007	0.3	0	0	0.2	0.2	0	0	0.2	0
11.08.2007	0	0	0	0	0	0	0	0	0
12.08.2007	1.8	0.4	2.3	2.9	1.5	0.1	1.2	1.5	3.3
13.08.2007	11.2	10.7	9.3	11.6	11.3	11.1	11.7	11.3	10.7
14.08.2007	9.5	6.2	9.5	11.9	7.8	6	5.6	7.8	10.9
15.08.2007	2	4.8	3.3	2.4	4.6	4.8	6.3	4.6	2.7
16.08.2007	6.2	4.6	3.6	5.5	8.7	6.7	8.3	8.7	3.4
17.08.2007	7.3	3.9	5.5	5.2	11	7.1	8.5	11	6.3
18.08.2007	19.5	0.1	7.9	11.7	11.6	9.4	11.9	11.6	9.2
19.08.2007	2.4	0	0.1	2.5	2.8	3.1	0	2.8	1.9
20.08.2007	9	6	7.8	9.5	7.9	6.1	6.4	7.9	8.8
21.08.2007	0.3	0.1	0.5	0.3	0.2	0.1	0.9	0.2	0.3
22.08.2007	0	0	0	0	0	0	0	0	0
23.08.2007	0	0	0	0	0	0	0	0	0
24.08.2007	0.6	0	0	1	1.1	0	0	1.1	0
25.08.2007	1.8	0	2.6	0.9	3.5	3.3	6	3.5	1.9
26.08.2007	7.4	3.4	5.1	8.4	3	8.3	5.6	3	5.6
27.08.2007	10.9	9.6	10.5	12.5	11.9	11.5	9.7	11.9	11.7
28.08.2007	15.8	12.9	16.3	16.9	15.4	11.6	7.3	15.4	13.7
29.08.2007	1.4	0.5	0.1	2.4	1.8	3.5	2.7	1.8	0.2
30.08.2007	1.4	3.8	3.9	3.4	3.6	3.4	3	3.6	3.4
31.08.2007	0.9	0.5	1.1	0.6	2.1	2	2.1	2.1	1.7
01.09.2007	0	0	0	0	0	0	0	0	0
02.09.2007	8.1	4.7	2.3	9.5	9.1	6.7	5.7	9.1	3.5
03.09.2007	16.1	5.1	14.3	17.1	16.5	13.2	12.6	16.5	14.9
04.09.2007	15.4	17.6	21.3	17.1	21.1	19.7	17.7	21.1	19.1
05.09.2007	1.1	0.9	1.5	1.4	1.4	1.2	1.3	1.4	1.6
06.09.2007	2.3	0	3.1	2.5	2.7	2.9	2	2.7	2.9
07.09.2007	15.9	14.8	13.7	17.6	24	16.3	14.2	24	15.6
08.09.2007	21.4	15.7	19.6	23.1	24.5	16.8	14.4	24.5	22.8
09.09.2007	5.9	3.9	9.9	8.7	7.8	3.1	3.6	7.8	8.5
10.09.2007	16.2	8.2	10.4	14.6	11	11.5	11.5	11	10.8
11.09.2007	0.9	0.6	6.3	2.7	1.3	2.4	1.5	1.3	5.7
12.09.2007	2.8	2	3.3	4.9	4.7	4.2	4.4	4.7	3
13.09.2007	0.1	0.1	2	1.3	1.9	1.2	0.5	1.9	1.3
14.09.2007	11.9	4	7.7	6.1	13.6	13.4	15.8	13.6	6.6
15.09.2007	28.8	23.1	32.6	34.4	32.7	23.1	16.4	32.7	29.9
16.09.2007	3.9	8	7.9	5.3	7.7	7.5	8.2	7.7	7.9
17.09.2007	3.7	5.9	6.1	6.3	6.8	5.9	5.5	6.8	5.9
18.09.2007	2.9	16.3	14.2	6.6	10.4	16.5	16.3	10.4	9
19.09.2007	0.9	0.4	0.7	1.1	1.5	2.1	1.2	1.5	1.1
20.09.2007	2	0.1	1	2.7	1.4	1.9	1.8	1.4	0.7
21.09.2007	26.7	12.7	19.2	25.6	23.6	16	13.7	23.6	22.4
22.09.2007	37.7	15.8	19.9	32.5	26.8	12.6	5.5	26.8	21.6
23.09.2007	2.6	1.5	3.8	5	1.1	1.1	0.4	1.1	2.4
24.09.2007	7.9	3.7	4.9	5.5	7.2	5.8	5.7	7.2	4.6
25.09.2007	1	4.3	1.8	2.7	5.9	4.8	5.1	5.9	0.8
26.09.2007	11	11.6	8.5	8.6	15.2	17.6	18.6	15.2	9.3
27.09.2007	0.5	0.1	0.1	0.1	0.7	2.1	2.5	0.7	0.1
28.09.2007	0	0	0	0	0	0	0	0	0
29.09.2007	0	0	0	0	0	0	0	0	0
30.09.2007	0	0	0	0	0	0	0	0	0
01.10.2007	4.5	3.6	4.8	5.9	4.7	4.1	4	4.7	5.6
02.10.2007	1	1.5	0.7	0.9	1.2	0.9	1	1.2	0.8
03.10.2007	0	0	0	0	0.1	0.1	0	0.1	0
04.10.2007	0	0	0	0	0	0	0	0	0
05.10.2007	0	0	0	0	0	0	0	0	0
06.10.2007	0	0	0	0	0	0	0	0	0
07.10.2007	1.5	3	2.7	2.3	2.7	3.5	3.2	2.7	1.7
08.10.2007	5.4	5.8	8.1	6.2	9	5.2	5	9	6.3
09.10.2007	0.2	2.9	2.5	0.2	0.4	1.7	3.7	0.4	0.6
10.10.2007	0.1	0	0	0.1	0.8	0	0	0.8	0
11.10.2007	9.3	6.8	6.2	7.8	8.9	7.5	7.4	8.9	7
12.10.2007	22.2	10.8	14.3	17.1	15.3	14.5	14.6	15.3	15.8
13.10.2007	0	0	0	0	0	0	0	0	0
14.10.2007	0.4	0.8	1.1	0.8	2.7	0.5	0.2	2.7	0.4
15.10.2007	13.6	5.4	6.1	12.5	9.6	6	4.6	9.6	7.6
16.10.2007	8.9	4.7	5.9	8.3	7.8	6.3	6.4	7.8	6.4
17.10.2007	29.4	16.7	19.6	26.5	26	18.6	17.7	26	23.6
18.10.2007	6.3	13.9	9.5	7.8	12	14.1	12.7	12	5.9
19.10.2007	0.9	0.1	0.1	0.1	0.2	0.1	0.1	0.2	0.1
20.10.2007	0.1	1.9	1.2	3	2	1	0.2	2	0.2
21.10.2007	1.6	0.3	1.1	2.2	0.9	0.4	0.3	0.9	1.3
22.10.2007	0	0	0	0	0	0	0	0	0
23.10.2007	0	0	0	0	0	0	0	0	0
24.10.2007	0	0	0	0	0	0	0	0	0
25.10.2007	0	0	0	0	0	0	0	0	0
26.10.2007	0	0	0	0	0	0	0	0	0
27.10.2007	5.1	5.4	3.6	2.9	11.2	10.1	12.3	11.2	4.3
28.10.2007	22.5	18.5	13.5	20.5	37.4	25.3	24.8	37.4	15.8
29.10.2007	30.4	26.6	30.8	32.7	33.7	27.9	27	33.7	32
30.10.2007	27.9	6.6	9	16.8	16.2	10.4	9.4	16.2	11.6
31.10.2007	11.8	7.6	11.1	12.1	13.7	13.1	13.7	13.7	11.5
01.11.2007	37.3	14.6	26.9	35.7	24.2	32.4	29.6	24.2	29.2
02.11.2007	2.4	1.6	4.2	1.1	3.1	3.9	0.1	3.1	5.4
03.11.2007	35.9	28.6	34.1	39	37	28.6	28.3	37	35.5
04.11.2007	0.6	1.1	4.2	3.2	5.8	1.5	0.6	5.8	3.3
05.11.2007	0.2	0	0.4	0.8	1.4	0	0	1.4	1.2
06.11.2007	15.4	10.3	11.6	12.5	15.7	12	11.1	15.7	11.8
07.11.2007	12.9	8	11.1	14.6	15.1	8	3.9	15.1	9.7
08.11.2007	18.7	8.4	13.8	14.5	11.4	8.9	10.1	11.4	11.3
09.11.2007	19.4	7.4	11.1	12.7	11.2	10.2	11.4	11.2	12
10.11.2007	24.5	18.4	25.6	22.4	20.9	21.4	21.7	20.9	24.2
11.11.2007	12.4	12.9	13.9	12.6	14	11.7	8.7	14	8.9
12.11.2007	23	12.7	18.5	20.6	20.3	14.5	12.2	20.3	17.3
13.11.2007	1.3	5	4.5	3	4.3	4.7	2.3	4.3	1.3
14.11.2007	0	0	0	0	0	0	0	0	0
15.11.2007	0.4	0	0	0.1	0.5	0	0	0.5	0
16.11.2007	2	0.5	2.5	0.8	4.5	4	6.3	4.5	2.4
17.11.2007	0.1	0	3.3	2.9	1.9	2.1	0.8	1.9	0.6
18.11.2007	0	0	0	0	0	0	0	0	0
19.11.2007	0	0	0	0	0	0	0	0	0
20.11.2007	0	0	0	0	0	0	0	0	0
21.11.2007	0	0	0	0	6.7	0	0	6.7	0
22.11.2007	5.7	4.3	4.7	5.8	6.3	5.8	6.1	6.3	5.7
23.11.2007	8	9.8	11.7	13.1	11.1	9.4	5.9	11.1	11.4
24.11.2007	1.2	6	0.7	1.1	4.6	6.3	1.7	4.6	0
25.11.2007	11.4	5.6	5.5	7.7	8.5	7.3	8.3	8.5	4.5
26.11.2007	9.6	15.9	20.8	14	23.1	15.3	15.4	23.1	20.4
27.11.2007	0.1	3.6	4.4	3.7	6.6	3.4	1.8	6.6	4.3
28.11.2007	0.8	2	2.8	2.5	4.2	2.4	2.9	4.2	2.7
29.11.2007	30.3	10.5	12.8	20.4	15.1	12.9	13	15.1	14.4
30.11.2007	2.4	0	0	5.3	3.4	0	1.6	3.4	1.7
01.12.2007	4.9	1.3	4.1	5	3.6	0.1	6.9	3.6	3.8
02.12.2007	4.5	6.5	3.6	5.1	6.8	7.4	7.7	6.8	4
03.12.2007	0	0	0	0	0	0	0	0	0
04.12.2007	1	0	0	0	0	0	0	0	0
05.12.2007	9.1	5.8	6.8	7.3	6.5	7.2	7.8	6.5	7.2
06.12.2007	35.8	14.9	22.9	27.3	27.1	19.1	19.3	27.1	26.8
07.12.2007	15.9	3.4	7.3	10.5	6	5.6	5.5	6	9.2
08.12.2007	0.5	0	0.1	1	0.2	0.1	0	0.2	0
09.12.2007	0.2	0	0	0.1	0.1	0	0	0.1	0
10.12.2007	0	0	0	0	0	0	0	0	0
11.12.2007	0	0	0	0	0	0	0	0	0
12.12.2007	0	0	0	0	0	0	0	0	0
13.12.2007	0	0	0	0	0	0	0	0	0
14.12.2007	0	0	0	0	0	0	0	0	0
15.12.2007	0	0	0	0	0	0	0	0	0
16.12.2007	0	0	0	0	0	0	0	0	0
17.12.2007	0	0	0	0	0	0	0	0	0
18.12.2007	0	0	0	0	0	0	0	0	0
19.12.2007	0	0	0	0	0	0	0	0	0
20.12.2007	0	0	0	0	0	0	0	0	0
21.12.2007	0	0	0	0	0	0	0	0	0
22.12.2007	0	0	0	0	0	0	0	0	0
23.12.2007	0.4	0	0.9	0.4	0.8	1.2	1	0.8	0.6
24.12.2007	1.2	0	5.4	1.7	2.9	1.3	3.6	2.9	5.6
25.12.2007	28.7	14.2	13.2	19.7	19.6	19.4	24	19.6	16
26.12.2007	0.1	0.1	1	0.1	0.9	0.1	2.3	0.9	1.1
27.12.2007	28	11.3	9.9	20.3	17.1	9.9	5.6	17.1	1
28.12.2007	32.2	25.1	30.7	35.7	34.3	26.8	25.3	34.3	33.8
29.12.2007	3.9	0.9	3.9	2	3.5	5.7	7.2	3.5	4.9
30.12.2007	10.4	12.6	16.8	13.8	23.1	14.4	12.7	23.1	15.1
31.12.2007	4.4	6.7	8.3	7	12.7	5.7	7.1	12.7	9.5
01.01.2008	0	0	0	0	0	0	0	0	0
02.01.2008	0	0	0	0	0	0	0	0	0
03.01.2008	0	0	0	0	0	0	0	0	0
04.01.2008	0	0	0	0	0	0	0	0	0
05.01.2008	0	0	0	0	0	0	0	0	0
06.01.2008	0	0	0	0	0	0	0	0	0
07.01.2008	0.2	0.3	0.1	0.1	0.4	0.2	1.1	0.4	0.1
08.01.2008	0	0	0	0	0	0	0	0	0
09.01.2008	0.2	0	0	0.1	0.7	0	0.1	0.7	0
10.01.2008	2.8	0.5	3.3	3.7	1.6	0.1	2.2	1.6	1.8
11.01.2008	18.2	7.8	10.2	12.8	14.2	10.1	10.4	14.2	11.1
12.01.2008	4.9	0	4.5	2.6	5.4	8.5	11	5.4	1.8
13.01.2008	4	1.5	3.2	4	6.4	3.6	2.1	6.4	3.9
14.01.2008	11.9	6.4	3.1	5.7	18.4	9.8	11.5	18.4	5.4
15.01.2008	2.1	2.5	1.9	4	3.3	3.9	3.5	3.3	0.6
16.01.2008	3.4	3.7	3	3.1	3.9	4	5.2	3.9	3.1
17.01.2008	0.4	4.8	2.7	1	2.2	5.1	6.2	2.2	2.3
18.01.2008	0.2	1.2	0.4	0.1	0.7	1.2	1.7	0.7	0.1
19.01.2008	2.2	2.5	3.4	2.4	3.8	5.5	5.9	3.8	2.2
20.01.2008	13.7	8.1	16.1	18.5	13.1	8.5	5.1	13.1	14.9
21.01.2008	16.6	13.2	15.9	18.6	21.4	12.9	12.1	21.4	19.6
22.01.2008	3	5.4	4.3	2.4	5	4.8	5.2	5	3.1
23.01.2008	0.1	0	0	0	0	0	0	0	0
24.01.2008	24.7	13.8	15	19.5	16.5	16.6	15.5	16.5	15
25.01.2008	19.7	15	16.2	15.6	15.1	15.9	15.8	15.1	14.3
26.01.2008	30.4	20.4	23	23.5	17.7	17.8	16	17.7	20.2
27.01.2008	8.3	9.2	11	9.8	9.9	8.8	8.8	9.9	9.2
28.01.2008	1.6	0.1	0.1	1.4	0.5	0.1	0.1	0.5	0.1
29.01.2008	48.7	20.4	34.4	38.6	43.3	28.6	31.3	43.3	42.5
30.01.2008	1.5	3.2	2.3	1.7	2.9	3.7	3.9	2.9	2.2
31.01.2008	2.5	4.1	1.2	1.3	3.7	7.1	8.1	3.7	0.8
01.02.2008	0.4	0.1	0.9	0.5	0.7	0.6	1	0.7	0.2
02.02.2008	4	1.1	3.4	4.9	8	5.4	0.8	8	1.1
03.02.2008	1.2	0	1.3	1.3	0.8	2	1.3	0.8	0.3
04.02.2008	12.2	10.7	9.8	12.3	12.7	11.6	11.8	12.7	11.2
05.02.2008	0	0	0	0	0	0	0	0	0
06.02.2008	0.7	0	0	0	0	0	0	0	0
07.02.2008	12.1	7.7	9.4	10.8	10.8	9.2	8.3	10.8	9.1
08.02.2008	1.9	0.7	0.7	0.9	1.3	0.2	1	1.3	0.2
09.02.2008	6.1	1.2	3.9	3.1	7.2	6.2	7.3	7.2	2.3
10.02.2008	1.7	1.4	0.6	1.7	3.8	3.2	3.5	3.8	2
11.02.2008	3	0	0	0.3	0	0	0	0	0
12.02.2008	0	0	0	0	0	0	0	0	0
13.02.2008	4.6	2.8	6.9	3.8	8.8	8.2	10.7	8.8	9.2
14.02.2008	1.7	0	0	0	0	0	0	0	0
15.02.2008	4.9	0	0	2.9	0.1	0	0	0.1	0
16.02.2008	0	0	0	0	0	0	0	0	0
17.02.2008	9.2	21.6	18.5	24.7	35.5	27.9	23.4	35.5	21.7
18.02.2008	11.2	29.5	28.9	20.6	30.4	27.8	29.6	30.4	29.3
19.02.2008	6	7.8	16.3	12.9	13	15.1	14	13	16.1
20.02.2008	3.6	9.4	6.5	2.6	8.8	10.7	15.2	8.8	8.1
21.02.2008	1	1.6	1.7	0.1	3.1	0.1	6.1	3.1	0.1
22.02.2008	44.4	29.3	31.1	32.6	32.5	28.7	27.9	32.5	30.1
23.02.2008	15.4	12.1	17.4	17.2	13.6	16.5	15	13.6	14.8
24.02.2008	11.3	8.1	5.4	13.5	10.7	4.7	1.1	10.7	3.7
25.02.2008	17.9	13.7	15.6	17.8	25.4	13.9	12.9	25.4	18.5
26.02.2008	9.6	2.5	3.5	5.3	3.3	3.4	4.5	3.3	3.5
27.02.2008	6.2	5.2	3.4	5.8	6.5	5.2	4	6.5	2.1
28.02.2008	8	10	12.7	9.7	15.5	11.2	7.9	15.5	9.4
29.02.2008	15.7	8.9	10	13.7	13	9.8	9.1	13	10.1
01.03.2008	6.8	6.3	3.8	2.2	4.9	6.8	6.8	4.9	2.9
02.03.2008	2.6	4	4.6	3.9	6	6.1	6	6	1.2
03.03.2008	8.8	5.5	10	8.9	10.3	9.1	8.5	10.3	9.1
04.03.2008	8.2	9.1	8.7	5.7	7.1	7.8	7.9	7.1	6.6
05.03.2008	13.2	10.1	14.3	13.2	12.4	8.9	8.2	12.4	12.6
06.03.2008	10.3	6.4	8.7	10.4	13.4	8.5	8.4	13.4	6.2
07.03.2008	2.6	1.1	2.6	2.8	2.5	1.3	0.4	2.5	2.2
08.03.2008	0	0	0	0	0.3	0	0	0.3	0
09.03.2008	2.3	0.1	1.8	2.1	3.7	0.1	5.1	3.7	1.3
10.03.2008	5.5	2.6	2.2	3.4	2.8	2.9	2.6	2.8	1.7
11.03.2008	0	0	0	0	0	0	0	0	0
12.03.2008	0	0	0	0	0	0	0	0	0
13.03.2008	0	0	0	0	0	0	0	0	0
14.03.2008	3.3	1	1.1	2.3	1.8	1.8	1.7	1.8	0.9
15.03.2008	0	0	0	0	0	0	0	0	0
16.03.2008	0	0	4.2	0	3.8	7.5	0	3.8	7.2
17.03.2008	18	12.2	19.2	16.3	16.4	12.6	11.3	16.4	14.3
18.03.2008	10.5	10.7	11.2	9.5	12.6	10.3	9.7	12.6	9.4
19.03.2008	5	5.1	7.4	3.8	4.8	7.2	7.4	4.8	5.3
20.03.2008	3.7	2	3	2.4	2.8	2.9	1.1	2.8	2.3
21.03.2008	3.1	0	3.7	7.6	5.7	0.3	0.2	5.7	4.1
22.03.2008	0	0	0	0	0	0	0	0	0
23.03.2008	0	0	0	0	0	0	0	0	0
24.03.2008	3.9	3.3	2.3	4	3.5	4.4	2.6	3.5	2
25.03.2008	0	0	0	0	0	0	0	0	0
26.03.2008	0	0	0	0	0	0	0	0	0
27.03.2008	0	0	0	0	0	0	0	0	0
28.03.2008	0.5	0	0	0.2	0.1	0	0	0.1	0
29.03.2008	0.2	0	0	0.2	0.1	0	0	0.1	0
30.03.2008	0.2	0	0	0.4	0	0	0	0	0
31.03.2008	1.7	0.7	0.5	1.3	2	1.9	3	2	0.1
01.04.2008	0	0	0	0	2.3	0	0	2.3	0
02.04.2008	0	0	0	0	0	0	0	0	0
03.04.2008	0	0	0	0	0	0	0	0	0
04.04.2008	4.9	2.9	4.2	5.1	7.4	6.2	6.9	7.4	5.7
05.04.2008	26.2	11.2	14.7	21.1	24.2	22.3	20.7	24.2	15.6
06.04.2008	4	6.4	6.3	2.7	10.3	9.4	11.3	10.3	5.2
07.04.2008	0	0	0	0	0	0	0	0	0
08.04.2008	0	0	0	0.2	0.8	0	0	0.8	0
09.04.2008	0	0	0	0	0	0	0	0	0
10.04.2008	1	2.2	1.6	1.9	4.1	2.4	2.5	4.1	1.5
11.04.2008	0	0	0	0	0	0	0	0	0
12.04.2008	0	0	0	0	0	0	0	0	0
13.04.2008	0	0	0	0	0	0	0	0	0
14.04.2008	1.8	0	1.6	5.7	4.6	0.2	2.1	4.6	5.3
15.04.2008	3.9	5.2	3	2.6	3.7	5.6	5.6	3.7	3.8
16.04.2008	0	0	0	0	0	0	0	0	0
17.04.2008	0	0	0	0	0	0	0	0	0
18.04.2008	0	0	0	0	0	0	0	0	0
19.04.2008	0	0	0	0	0	0	0	0	0
20.04.2008	0	0	0	0	0	0	0	0	0
21.04.2008	0	0	0	0	0	0	0	0	0
22.04.2008	0	0	0	0	0	0	0	0	0
23.04.2008	0	0	0	0	0	0	0	0	0
24.04.2008	0	0	0	0	0	0	0	0	0
25.04.2008	0	0	0	0	0	0	0	0	0
26.04.2008	0.3	0	0	0.5	0.1	0	0	0.1	0
27.04.2008	3.6	3.4	3.3	2	4.7	4.7	6.9	4.7	3.3
28.04.2008	3.5	0.1	1.2	2.3	2	1.1	2.4	2	1.8
29.04.2008	1.3	2	2.1	2.1	1.2	1.4	1.9	1.2	1.5
30.04.2008	0	0	0	0	0	0	0	0	0
01.05.2008	0	0	0	0	0	0	0	0	0
02.05.2008	1.6	0	0.4	0.5	1.5	0	3	1.5	2.3
03.05.2008	1.2	3.9	6.1	5.4	1.7	4.6	5.9	1.7	4.6
04.05.2008	0	0	0	0	0	0	0	0	0
05.05.2008	0.3	0	0	0	0	0	0	0	0
06.05.2008	1.2	2.8	3.6	3.4	2.5	2.2	0.8	2.5	1.4
07.05.2008	0.2	0	0	0	0	0	0	0	0
08.05.2008	0	0	0	0	0	0	0	0	0
09.05.2008	0	0	0	0	0	0	0	0	0
10.05.2008	0.4	0	0	0	0	0	0	0	0
11.05.2008	5.7	1.6	4	4.8	3.8	2.2	2.1	3.8	3.3
12.05.2008	0.1	0.1	0.2	2.1	1	0.8	0	1	1.4
13.05.2008	0	0	0	0	0	0	0	0	0
14.05.2008	0.5	0	0	0.9	0.4	0.1	0	0.4	0
15.05.2008	0.8	1	2.9	1.1	4.2	3.6	1.3	4.2	2
16.05.2008	21.2	10.2	15.8	20.4	15	9.5	6.4	15	17.7
17.05.2008	0.1	0.4	1.7	0.2	0.1	0.1	0.1	0.1	0
18.05.2008	0.1	0.1	0	0	0	0.1	0.1	0	0
19.05.2008	0.8	0.1	0	2.2	1.8	1.3	0	1.8	0.5
20.05.2008	1.4	6.4	3.7	0.9	3.2	6.1	7.2	3.2	2.7
21.05.2008	2.6	2	2.1	2.7	2	2.1	2.7	2	3.5
22.05.2008	1.8	0.7	1.4	1.9	2.8	2.8	1.8	2.8	1.7
23.05.2008	0.2	0	0.1	0	0	0	0.1	0	0.1
24.05.2008	0.3	0	0	0	0	0	0	0	0
25.05.2008	0	0	0	0	0	0	0	0	0
26.05.2008	0.3	0	0	0	0	0	0	0	0
27.05.2008	1	0	0.8	0.8	0.9	1.6	0	0.9	1.9
28.05.2008	0	0	0	0	0	0	0	0	0
29.05.2008	0	0	0	0	0	0	0	0	0
30.05.2008	0	0	0	0	0	0	0	0	0
31.05.2008	0	0	0	0	0	0	0	0	0
01.06.2008	4.7	2.2	4.4	4.5	3.2	3.2	3.9	3.2	4.8
02.06.2008	0	0	0	0	0	0	0	0	0
03.06.2008	0	0	0	0	0	0	0	0	0
04.06.2008	0	0	0	0	0	0	0	0	0
05.06.2008	0	0	0	0	0	0	0	0	0
06.06.2008	0	0	0	0	0	0	0	0	0
07.06.2008	0	0	0	0	0	0	0	0	0
08.06.2008	0	0	0	0	0	0	0	0	0
09.06.2008	5.6	5.3	4.6	6	7.6	5.2	2.5	7.6	2.3
10.06.2008	10.9	3.7	5.7	6.8	7.4	5.7	7.9	7.4	6.6
11.06.2008	12.1	14.1	16.6	16.9	20.7	16.6	12.5	20.7	13
12.06.2008	2.2	2.1	3.2	2.2	3.5	1.3	0.9	3.5	1.3
13.06.2008	4.3	4	6.9	3.8	5.1	6.2	7.7	5.1	7.7
14.06.2008	0.6	0.4	0.1	0.1	0.4	0.7	1.5	0.4	0.1
15.06.2008	0.2	0	0	2.5	0.2	0	0	0.2	0.2
16.06.2008	0	0	0	0	0	0	0	0	0
17.06.2008	0	0	0	0.4	12.7	4	0	12.7	0
18.06.2008	1	0.1	1.5	2.4	1.2	1	0.1	1.2	0.5
19.06.2008	0.2	0.2	0.1	0.2	0.9	0.1	0.1	0.9	0.1
20.06.2008	3.3	3.3	2.6	3.6	4.8	4.2	3.9	4.8	2.2
21.06.2008	6.8	5.1	7.5	5.7	8.4	6.6	7.1	8.4	6.5
22.06.2008	2.3	0.1	2.6	4.9	2.9	2.5	2.4	2.9	2.4
23.06.2008	4.2	2.2	4	3	4.8	3	3.2	4.8	4.5
24.06.2008	7.4	6.5	8.4	10.3	5.5	9	11.4	5.5	10
25.06.2008	3	0.6	6.7	3.6	4.7	4.4	2.2	4.7	6
26.06.2008	0	0	0	0	0	0	0	0	0
27.06.2008	2.4	0.2	2.4	2.6	3.1	0.5	2	3.1	2
28.06.2008	0.1	0	3.3	6.1	5.2	0.3	0	5.2	4.4
29.06.2008	0	0	0.7	4	9.8	0.2	0	9.8	4.7
30.06.2008	1.6	5.8	4.6	2	4.8	5.6	5.6	4.8	3.6
01.07.2008	1.3	4.4	1.4	2.8	2.7	0.5	0.3	2.7	1.1
02.07.2008	0.1	0.3	0.1	0.1	0.4	0.2	0.1	0.4	0
03.07.2008	0	0	0	0	0	0	0	0	0
04.07.2008	0	0	0	0	0	0	0	0	0
05.07.2008	0	0	0	0	0	0	0	0	0
06.07.2008	0	0	0	0	0	0	0	0	0
07.07.2008	1.5	3.4	0.1	0.1	0	0.2	7.8	0	0.4
08.07.2008	0	0	0	0	0	0	0	0	0
09.07.2008	0	0	0	0	0	0	0	0	0
10.07.2008	0	0	0	0	0	0	0	0	0
11.07.2008	0	0	0	0	0	0	0	0	0
12.07.2008	0	5.7	0.3	0	0.2	1.8	0.4	0.2	0
13.07.2008	2.8	5	8.4	7.6	9.7	3.5	2.5	9.7	7.8
14.07.2008	1	1.1	2.5	1.1	0.4	0.3	0.2	0.4	1.6
15.07.2008	3.4	1.8	1.6	4.4	4.3	4.7	4	4.3	1.7
16.07.2008	21.1	8.8	13.9	16.3	13.7	12.5	14.7	13.7	17
17.07.2008	15.6	2.4	6.2	11.8	9.5	8.2	8.7	9.5	7.4
18.07.2008	9	2.7	5.1	8.2	5	3.6	3.3	5	6
19.07.2008	1.2	3	3.1	2.2	3.1	2.6	3.4	3.1	3.5
20.07.2008	0	0	0	0	0	0	0	0	0
21.07.2008	0	0.1	0	0	0	0	0	0	0
22.07.2008	0	0	0	0	0	0	0	0	0
23.07.2008	0	0	0	0	0	0	0	0	0
24.07.2008	0	0	0	0	0	0	0	0	0
25.07.2008	0	0	0	0	0	0	0	0	0
26.07.2008	0	0	0	0	0	0	0	0	0
27.07.2008	0	0	0	0	0	0	0	0	0
28.07.2008	0	0	0	0	0	0	0	0	0
29.07.2008	0	0	0	0	0	0	0	0	0
30.07.2008	0	0	0	0	0	0	0	0	0
31.07.2008	3.1	12.7	0	0.2	0	3.9	0	0	0
01.08.2008	0	0	0	0	0	0	0	0	0
02.08.2008	0	0	0	0	0	0	0	0	0
03.08.2008	11.2	8	5.6	8.2	8.1	9.6	8.6	8.1	5.1
04.08.2008	20.8	8.7	9.5	13.5	4.7	9.4	9	4.7	9.1
05.08.2008	0	0	0	0	0	0	0	0	0
06.08.2008	0.3	0.5	0.3	0.9	0.2	0.1	0.3	0.2	0.1
07.08.2008	0.3	0.6	1.4	1.6	1.1	0.6	0.4	1.1	1
08.08.2008	0	0.1	0	0	0	0	0	0	0
09.08.2008	0.4	4.1	0.8	0.3	1.5	2.7	2.2	1.5	0.1
10.08.2008	0	1.1	0.5	0	0	0.2	0.3	0	0.3
11.08.2008	0.7	1.1	0.7	0.5	0.6	1.3	1.7	0.6	0.6
12.08.2008	5.7	6.1	4.3	4.8	8.2	7.3	9.7	8.2	5.6
13.08.2008	0.1	0.6	1.3	1.4	0.1	0.3	0.1	0.1	0.4
14.08.2008	23	8.2	11.9	18.6	11.3	8.7	7.4	11.3	13.4
15.08.2008	2.9	7.8	8.4	7	6.7	6.8	6.5	6.7	8.7
16.08.2008	0.3	0.4	0.9	0.5	0.7	0.6	0.5	0.7	0.6
17.08.2008	0	0	0	0	0	0	0	0	0
18.08.2008	0	0	0	0	0	0	0	0	0
19.08.2008	0	0	0	0	0	0	0	0	0
20.08.2008	0	0	0	0	0	0	0	0	0
21.08.2008	0	0	0	0	0	0	0	0	0
22.08.2008	0	0	0	0	0	0	0	0	0
23.08.2008	0	0	0	0	0	0	0	0	0
24.08.2008	0	0	0	0	0	0	0	0	0
25.08.2008	0	0	0	0	0	0	0	0	0
26.08.2008	1.5	2.5	3	3.3	7	3.7	3.7	7	3.3
27.08.2008	1.4	0	0.7	1.4	0.7	0.1	0	0.7	1.2
28.08.2008	4.7	5.8	8.1	5.4	7.2	7.1	7.1	7.2	5.8
29.08.2008	2.1	1.5	3.6	3.5	5.3	3.1	1.1	5.3	4
30.08.2008	1.4	1	1.3	1.5	2.1	0.8	0.3	2.1	1.3
31.08.2008	2.8	4.4	5	3.6	3.6	3.7	3.6	3.6	4.7
01.09.2008	0	0.2	0	0	0	0	0	0	0
02.09.2008	2.3	0.1	0.6	1.3	1	0.1	1.2	1	0.7
03.09.2008	12.9	11	11.4	11.7	11.9	11.1	11.6	11.9	11.2
04.09.2008	3.5	7.7	8	8.2	9.1	7.4	6.2	9.1	7.2
05.09.2008	1	4.6	2.6	0.6	3.9	3.2	2.3	3.9	1.2
06.09.2008	0.5	2.3	2.6	1.4	1.8	1.4	0.5	1.8	1.8
07.09.2008	0	0	0	0	0	0	0	0	0
08.09.2008	0	0	0	0	0	0	0	0	0
09.09.2008	0	0	0	0	0	0	0	0	0
10.09.2008	0	0	0	0	0	0	0	0	0
11.09.2008	0	0	0	0	0	0	0	0	0
12.09.2008	0	0	0	0	0	0	0	0	0
13.09.2008	0.5	0	0	0	0	0	0	0	0
14.09.2008	0	0	0	0	0	0	0	0	0
15.09.2008	0	0	0	0	0	0	0	0	0
16.09.2008	0	0	0	0	0	0	0	0	0
17.09.2008	0	0	0	0	0	0	0	0	0
18.09.2008	0.9	0	0	0.6	0.6	0	0	0.6	0.1
19.09.2008	7.6	1.9	3.6	5.4	5.4	3.2	2.6	5.4	3.3
20.09.2008	1.9	1.6	2	1.7	2.9	2.1	2.7	2.9	2
21.09.2008	0	0	0	0	0.3	0.1	0	0.3	0
22.09.2008	0.9	0.6	1.2	1.9	3.3	1.3	1.1	3.3	1.5
23.09.2008	0.9	0.6	1.3	0.6	1.9	1.9	1.1	1.9	1.2
24.09.2008	0	0	0	0	0.2	0	0	0.2	0
25.09.2008	0.2	0	0	0.2	0.2	0	0	0.2	0.1
26.09.2008	3.5	1.1	2.1	2.3	2.6	2.1	2.8	2.6	2.8
27.09.2008	1.4	2.4	2	0.8	1.3	2.6	2.6	1.3	1.3
28.09.2008	18.4	19.5	28.1	31.7	23.8	17.9	1.1	23.8	18.3
29.09.2008	3.5	1.9	0.7	9.2	9.4	8.9	0	9.4	3.5
30.09.2008	0.3	0	0	0.3	1.6	0	0	1.6	0
01.10.2008	0	0	0	0	0	0	0	0	0
02.10.2008	0	0	0	0	0.3	0	0	0.3	0
03.10.2008	0	1.3	1.1	0	0.4	2.1	1.1	0.4	0
04.10.2008	3.5	3.9	4.2	6.2	4.2	3.6	3.4	4.2	5
05.10.2008	1.9	4.3	3.1	2.7	4.9	4.4	4.7	4.9	2.5
06.10.2008	18.6	15.2	20.5	21.5	24.9	16.8	10.9	24.9	16.2
07.10.2008	2.8	10	6.3	2.7	7.9	10.8	10.3	7.9	5.3
08.10.2008	7	0	2.8	3.5	2.3	2.3	1.5	2.3	2.3
09.10.2008	3.3	3.3	3.5	3.3	6.1	5	5.6	6.1	4
10.10.2008	0.7	0	0	0.4	0.6	0	0	0.6	0.1
11.10.2008	10.7	9.3	10.6	9.3	10.2	11	12.7	10.2	11.8
12.10.2008	24.9	12.3	15.1	22	15.9	12.7	9.6	15.9	15
13.10.2008	10.3	0.5	2.8	7.8	6.2	3.8	0.2	6.2	1.5
14.10.2008	28.7	12.1	19.2	25.6	19.7	16.8	18.2	19.7	24
15.10.2008	6	2.1	4	5.9	4.4	4.2	2.9	4.4	4.5
16.10.2008	1.5	0.7	0.7	1.8	0.7	1.6	1.1	0.7	0.1
17.10.2008	1.3	0	0.1	1.1	1.6	0	0.1	1.6	1.8
18.10.2008	1.7	0	0	2.8	2.1	0	0	2.1	0
19.10.2008	16	22.4	10.7	10.7	23.3	28.6	27.8	23.3	14.5
20.10.2008	4	0	0	2.7	0.1	0	0	0.1	0
21.10.2008	30.5	21.7	28.9	33.9	32.3	25.6	28	32.3	33.2
22.10.2008	32.7	12.1	18.8	25.9	20.6	15.1	15.5	20.6	22.8
23.10.2008	10.8	3.5	5.9	11.3	8.6	6.9	7	8.6	8.4
24.10.2008	5.1	5.2	4.2	5	6	7.9	9.8	6	4.2
25.10.2008	45.8	21.7	31.7	40	30.3	24.7	22.9	30.3	38
26.10.2008	19.8	20.2	22.4	19.2	11.7	19.3	20	11.7	20.9
27.10.2008	20.8	7.4	14.9	22.5	10.9	7.3	4.1	10.9	11
28.10.2008	3	5.1	7.9	5.2	4.9	3.9	2.1	4.9	4.9
29.10.2008	0	1.7	2.5	1.4	2.7	1.6	1.3	2.7	2.6
30.10.2008	0	0	0	0	0	0	0	0	0
31.10.2008	0	0	0	0	0	0	0	0	0
01.11.2008	0.8	0	0	0	0	0	0	0	0
02.11.2008	5	7	4.1	2.8	5.6	7.9	7.4	5.6	2.9
03.11.2008	3.7	0	0.1	1.2	5.6	4.6	0	5.6	4.8
04.11.2008	2	1.7	2.1	1.4	3.6	1	1.4	3.6	1.8
05.11.2008	0	0.2	0.1	0	0	0	0.2	0	0.1
06.11.2008	0	0	0	0	0	0	0	0	0
07.11.2008	0	0	0	0	0	0	0	0	0
08.11.2008	0	0.1	0	0.1	0.2	0.3	0.3	0.2	0
09.11.2008	0	0	0	0	0	0	0	0	0
10.11.2008	1.3	1.3	2.1	2.1	3.5	1.7	2.8	3.5	2.2
11.11.2008	0.5	1.5	0.2	0.5	1.8	1	0.1	1.8	0.1
12.11.2008	0	0	0	0	0	0	0	0	0
13.11.2008	0	0	0	0	0	0	0	0	0
14.11.2008	5.8	3.1	3.2	3.9	4.9	4.3	5	4.9	3.3
15.11.2008	14.7	13.4	13.3	13.7	16.7	16.3	16.7	16.7	13.2
16.11.2008	24	20.9	23.6	24.9	24.1	24.2	22.7	24.1	24.6
17.11.2008	5	2	3.9	3.6	2.3	1.2	1	2.3	1.6
18.11.2008	13	4	7.3	10.5	6.6	4.5	2.4	6.6	5.9
19.11.2008	12	6.4	7.9	10.4	10.5	8.2	5.3	10.5	7
20.11.2008	30.7	25.1	28.2	30.9	23.5	23.4	19.7	23.5	29
21.11.2008	16.9	10.9	14.1	14	10.4	11.7	12.3	10.4	13.2
22.11.2008	14.3	14	20	16	13.9	17.3	8.9	13.9	11.4
23.11.2008	2.3	15.1	9.2	0.4	10.8	13.4	18.7	10.8	8.8
24.11.2008	0	0	0	0	0	0	0	0	0
25.11.2008	3.3	1	0.1	0.9	0.7	0.1	0.1	0.7	0.1
26.11.2008	13.8	6	7.6	10.5	9.4	9.2	10.3	9.4	7.4
27.11.2008	43.7	29.4	33.4	28	37.9	33	32.6	37.9	31.1
28.11.2008	10	16.1	16.4	13.6	17.5	17.8	21.3	17.5	20.6
29.11.2008	0	6.7	0.3	0.8	2.4	0.7	0.1	2.4	0
30.11.2008	0	0	0	0	0	0	0	0	0
01.12.2008	0	6.3	3.4	0.4	6	6.9	5.3	6	3
02.12.2008	0	0	0	0	0	0	0	0	0
03.12.2008	0	0	0	0	0	0	0	0	0
04.12.2008	0	0	0	0	0	0	0	0	0
05.12.2008	0	0	0	0	0	0	0	0	0
06.12.2008	0	0	0	0	0	0	0	0	0
07.12.2008	0	0	0	0	0	0	0	0	0
08.12.2008	12.3	3.1	4.6	6.6	10.4	7.8	6.5	10.4	5.1
09.12.2008	5.8	6.7	7.9	8	9.4	9.3	9.3	9.4	8.6
10.12.2008	0.5	1	1.7	1.1	0.4	0.1	0.6	0.4	0.4
11.12.2008	0	0	0	0	0	0	0	0	0
12.12.2008	0	0	0	0	0	0	0	0	0
13.12.2008	0	0	0	0	0	0	0	0	0
14.12.2008	0	0	0	0	0	0	0	0	0
15.12.2008	0	0	0	0	0	0	0	0	0
16.12.2008	0	0	0	0	0	0	0	0	0
17.12.2008	20.2	3.7	5.1	11.5	8.9	4.9	2.7	8.9	3
18.12.2008	18.4	9.3	11.3	18.6	15	14.6	16	15	14.3
19.12.2008	23.4	18.1	20.7	22.1	19.6	19.5	18.3	19.6	23.5
20.12.2008	8.7	2.7	4.1	4.5	1.8	2.1	2.8	1.8	2.5
21.12.2008	12.4	13.7	14.1	11.3	15.4	13.1	11.3	15.4	11.7
22.12.2008	22.2	21.6	21	19.8	24	24.5	22.2	24	19.8
23.12.2008	2	4.6	7.3	3	4.3	2.8	3.9	4.3	4.9
24.12.2008	1.3	2.9	5.7	8	2.3	2.4	2.1	2.3	4.7
25.12.2008	0.8	1.7	0.2	0.2	0	1.1	2.2	0	1.4
26.12.2008	0.9	0	0	0	0	0	0	0	0
27.12.2008	0.2	0	0	0	0	0	0	0	0
28.12.2008	0	0	0	0	0	0	0	0	0
29.12.2008	0	0	0	0	0	0	0	0	0
30.12.2008	0	0	0	0	0	0	0	0	0
31.12.2008	0.3	7	0	0	0	1.4	4.2	0	0
01.01.2009	2	8.8	4.4	2.6	7.3	10.3	9	7.3	3.6
02.01.2009	1.9	1	3.9	2.3	1.7	0.4	1.8	1.7	4
03.01.2009	9.2	8.9	8.9	8.2	10.2	9.1	11.3	10.2	7.5
04.01.2009	1.6	1.1	2.1	1.6	1.3	0.1	0.1	1.3	1.4
05.01.2009	0	0	0	0	0.9	0	0	0.9	0
06.01.2009	11.1	2.7	3.7	8	11.4	6.6	7.5	11.4	4.8
07.01.2009	14.3	8.7	12.4	14.5	12.4	9.8	8.1	12.4	11
08.01.2009	6.6	4	5.4	7.4	5.5	4.1	3.6	5.5	4.5
09.01.2009	28.9	13.3	14.7	22.9	17.1	14.3	11.7	17.1	12.8
10.01.2009	4.9	6.9	3.6	3	5.9	8.2	9.1	5.9	4
11.01.2009	6.9	4	5.7	9.1	8.7	7.1	6	8.7	7.5
12.01.2009	52.5	27.4	36.9	43.4	42.2	32.7	32.7	42.2	40.1
13.01.2009	34.9	14.4	21.6	28.1	20.1	17.4	18.9	20.1	25.8
14.01.2009	15.1	3.2	8.8	12.7	7.9	5.3	5.1	7.9	9
15.01.2009	0	0	0	0	0	0	0	0	0
16.01.2009	0	0	0	0	0	0	0	0	0
17.01.2009	0	0	0	0	0	0	0	0	0
18.01.2009	0	0	0	0	0	0	0	0	0
19.01.2009	0	0	0	0	0	0	0	0	0
20.01.2009	0	0	0	0	0	0	0	0	0
21.01.2009	0.1	1.2	2.5	2.6	1.2	0.5	0.3	1.2	0.9
22.01.2009	3.1	4.4	6.8	7.1	3.8	4.1	3	3.8	3.6
23.01.2009	0	0	0	0	0	0	0.1	0	0
24.01.2009	0	0	0	0	0	0	0	0	0
25.01.2009	0	0	0	0	0	0	0	0	0
26.01.2009	0	0	0	0	0	0	0	0	0
27.01.2009	0.5	0	0	0	0	0	0	0	0
28.01.2009	0.7	0	0	0	0	0	0	0	0
29.01.2009	1	2.5	2.1	2	2.4	2.4	0.7	2.4	1.1
30.01.2009	0	0	0	0	0	0	0	0	0
31.01.2009	0	0	0	0	0	0	0	0	0
01.02.2009	0	0	0	0	0	0	0	0	0
02.02.2009	0	0	0	0	0	0	0	0	0
03.02.2009	0	0	0	0	0	0	0	0	0
04.02.2009	0	0	0	0	0	0	0	0	0
05.02.2009	3.2	4.1	2.6	3.3	3.7	4.7	4	3.7	3
06.02.2009	0	0	0	0	0	0	0	0	0
07.02.2009	0	0	0	0	0	0	0	0	0
08.02.2009	0	0	0	0	0	0	0	0	0
09.02.2009	4.5	4.1	3.6	3.9	5.1	3.6	4	5.1	3.6
10.02.2009	3.4	10.7	5.4	3.1	6	10.7	11.9	6	3.9
11.02.2009	0	0	0	0	0.2	0	0	0.2	0
12.02.2009	1.7	4.5	1.7	4	4.8	5.4	4.2	4.8	1.7
13.02.2009	0.1	0.1	0.3	1.1	0.4	0.1	0.1	0.4	0.3
14.02.2009	0.2	0.4	2.4	3.6	1.7	0.1	0.1	1.7	1.2
15.02.2009	5.8	4.6	6.2	6.8	6.2	4.7	4.8	6.2	6.4
16.02.2009	6.1	3.3	3.2	5.5	3.5	4.4	4.8	3.5	3.5
17.02.2009	0.2	0.6	0.4	0.1	0.2	0.4	0.4	0.2	0.1
18.02.2009	3.9	1.9	1.2	2.6	1.9	1.4	2.2	1.9	1.5
19.02.2009	0.9	1.7	1.6	0.9	1.9	1.6	1.1	1.9	1.1
20.02.2009	2.5	2.2	3.2	3.6	4	3.2	2.4	4	2.8
21.02.2009	9.7	4.6	4.8	6.3	5.3	5.5	5.9	5.3	4.3
22.02.2009	14	10.7	10.5	13	18.1	14.1	15.4	18.1	10.9
23.02.2009	12	5.5	10.4	10.5	8.2	9.3	9.7	8.2	10.3
24.02.2009	4.9	6.9	3.8	3.8	5.2	7.4	7.7	5.2	4.2
25.02.2009	3	8.7	2.5	0.8	8.5	7.6	10.1	8.5	4.4
26.02.2009	10.9	2.8	4.6	7.4	3.8	3.1	1.6	3.8	4.8
27.02.2009	1.9	1.6	2.2	2.1	2.8	2.1	1.4	2.8	2.1
28.02.2009	2.7	3.7	0.3	0	0	0.6	0.5	0	0
01.03.2009	11.9	4.1	5.8	9	5.4	4.2	2.4	5.4	4.8
02.03.2009	5.9	0	0	3.7	5.7	0	0	5.7	0
03.03.2009	1.9	0.7	1.7	3.5	2.3	1.6	1.2	2.3	2.2
04.03.2009	3.4	0.8	0	0	0	0	2.4	0	0
05.03.2009	0	0	0	0	0	0	0	0	0
06.03.2009	0	0	0	0	0	0	0	0	0
07.03.2009	0	0.8	0	0.6	1.4	0.5	0.3	1.4	0
08.03.2009	0	2	0.7	0	1.1	0.4	1.2	1.1	0
09.03.2009	1	0.1	0.1	0.4	0.1	0.1	0.1	0.1	0
10.03.2009	1.6	0	0	0	0	0	0	0	0
11.03.2009	0.8	2.8	1.2	0.6	2.9	3.6	4	2.9	1.2
12.03.2009	0.7	4.5	2.4	1.3	2.6	4.4	2.9	2.6	1.3
13.03.2009	5.4	0.8	1.6	3.1	3.1	2	1.6	3.1	1.5
14.03.2009	2.5	0	0	0.1	0	0	0	0	0
15.03.2009	0	0	0	0	0	0	0	0	0
16.03.2009	11.8	5.6	8.1	11.7	13.2	8.4	8.7	13.2	9.6
17.03.2009	7.7	5.9	8.9	11.3	10.1	8.1	5.9	10.1	9.5
18.03.2009	12.6	10.6	14.4	13.6	14.4	10	7.8	14.4	12.5
19.03.2009	0	11.6	4.6	0	4.6	12.8	8.2	4.6	2.7
20.03.2009	0	0	0	0	0	0	0	0	0
21.03.2009	0	0	0	0	0	0	0	0	0
22.03.2009	2.5	6.1	7.5	7.5	5.6	7.8	7	5.6	7.8
23.03.2009	8.6	14.7	10.9	13.3	13.9	17.7	4	13.9	6.3
24.03.2009	2.7	0.4	1.8	1.9	0.7	0.2	0.1	0.7	1.4
25.03.2009	0	0	0	0	0	0	0	0	0
26.03.2009	0	0	0	0	0	0	0	0	0
27.03.2009	0	0	0	0	0	0	0	0	0
28.03.2009	0	0	0	0	0	0	0	0	0
29.03.2009	6	5.8	3.6	4.3	5.6	5.5	4.8	5.6	3.7
30.03.2009	1	0	0	0.6	0.7	0	0	0.7	0.2
31.03.2009	28.9	14.9	18.1	21.8	20.7	17.2	15.1	20.7	19.8
01.04.2009	8.4	1.7	3.3	7.5	3.2	1.7	0.6	3.2	3.4
02.04.2009	1.2	6.1	4.9	3.7	3.7	5.1	5.8	3.7	4.3
03.04.2009	0.5	0	0	0.2	0.4	0	0	0.4	0.1
04.04.2009	0	0	0	0	0	0	0	0	0
05.04.2009	0	0	0	0	0	0	0	0	0
06.04.2009	9.8	11.3	14.6	13.2	13.9	13	6.7	13.9	8.7
07.04.2009	0.2	3.8	0.7	0.1	1	3.1	3.3	1	0.1
08.04.2009	0.2	0	0	0.1	0.1	0	0	0.1	0
09.04.2009	0	0	0	0	0	0	0	0	0
10.04.2009	3.6	1.4	1.8	2.6	2.7	2.5	3.3	2.7	2.2
11.04.2009	0.6	0.4	0.2	0.8	0.9	0.8	0.2	0.9	0.1
12.04.2009	7.1	3.5	5.4	9.2	8.3	4.7	5	8.3	6.7
13.04.2009	0	0	0	0	0	0	0	0	0
14.04.2009	0	0	0	0	0	0	0	0	0
15.04.2009	0	0	0	0	0	0	0	0	0
16.04.2009	0.5	0.2	0.6	0.3	0.4	0.4	0.4	0.4	0.3
17.04.2009	0.4	1.6	1.3	0.1	1.3	1.3	1.8	1.3	1.1
18.04.2009	0	0	0	0	0	0	0	0	0
19.04.2009	0	0	0	0	0	0	0	0	0
20.04.2009	0	0	0	0	0	0	0	0	0
21.04.2009	0	0	0	0	0	0	0	0	0
22.04.2009	1.1	0.7	1.2	1.5	1.4	0.8	0.8	1.4	1.3
23.04.2009	0.2	0	0	0.1	0.6	0	0	0.6	0.1
24.04.2009	0	0	0	0	0	0	0	0	0
25.04.2009	0	0	0	0	0	0	0	0	0
26.04.2009	0	0	0	0	0.2	0	0	0.2	0
27.04.2009	0	2.6	3	0.4	3.8	2.4	0.6	3.8	0
28.04.2009	0.1	1.5	0.8	0.1	1.3	1.6	2.4	1.3	0.5
29.04.2009	0	0	0	0	0	0	0	0	0
30.04.2009	0	0	0	0	0	0	0	0	0
01.05.2009	0	0	0	0	0	0	0	0	0
02.05.2009	5.6	2.6	3.9	5.5	5.3	3.7	3.8	5.3	4.8
03.05.2009	8.9	3	5	7.1	8.5	4.8	4.3	8.5	5.8
04.05.2009	2	0	0.1	2.3	2.5	0	0.2	2.5	0.6
05.05.2009	3.7	7.7	1.5	1.7	6.1	12.9	13.8	6.1	1.6
06.05.2009	23.4	18.7	16.3	17.1	23.5	22.5	21	23.5	18.1
07.05.2009	6.3	8.5	3.5	4.2	10.2	11	10.5	10.2	5.9
08.05.2009	9.1	3.2	5.4	7.3	7.6	4.8	5.3	7.6	6.5
09.05.2009	17.4	9.2	13.1	15.8	14.4	12.4	11.4	14.4	14.8
10.05.2009	12.8	4.6	4.9	10.2	7.4	2.1	0.1	7.4	2.8
11.05.2009	1.5	5.4	2.8	1.3	4	6.7	7.5	4	2.5
12.05.2009	3	7.1	4	1.3	5.7	8.5	10.5	5.7	4
13.05.2009	0	0	0	0	1.8	0	0	1.8	0
14.05.2009	0	0	0	0	0	0	0	0	0
15.05.2009	0	0	0	0	0	0	0	0	0
16.05.2009	0	0	0	0	0	0	0	0	0
17.05.2009	0	0	0	0	0	0	0	0	0
18.05.2009	0	0	0	0	0	0	0	0	0
19.05.2009	0	0	0	0	0	0	0	0	0
20.05.2009	1.1	2.6	1	0.1	3	4.4	5.3	3	1.7
21.05.2009	0	0	0	0	1.5	0	0	1.5	0
22.05.2009	0	0	0	0	0	0	0	0	0
23.05.2009	0	0	0	0	0	0	0	0	0
24.05.2009	0	0	0	0.8	1.6	0	0	1.6	0
25.05.2009	0.7	1.9	1.3	1	1.6	1.9	1.3	1.6	0.7
26.05.2009	4.2	3.2	3.4	5.3	4.7	4.5	4.5	4.7	3.9
27.05.2009	24.3	21.2	23.4	22.8	23.8	21	20.8	23.8	23.5
28.05.2009	14.2	5	6.9	9.6	14.1	5.1	6.1	14.1	8.3
29.05.2009	4.8	3.6	3.3	4.2	3.5	1.8	1.4	3.5	2.3
30.05.2009	0	0	0	0	0	0	0	0	0
31.05.2009	0	0	0	0	0	0	0	0	0
01.06.2009	0	0	0	0	0	0	0	0	0
02.06.2009	0	0	0	0	0	0	0	0	0
03.06.2009	4.3	2	3.3	2.8	2.1	1	1.1	2.1	2
04.06.2009	3.5	13	7.7	7.2	6.1	13.2	8.1	6.1	1.5
05.06.2009	0.5	0	0	0.5	0.1	0	0	0.1	0
06.06.2009	0	0	0	0	0	0	0	0	0
07.06.2009	0	0	0	0	0	0	0	0	0
08.06.2009	4.2	0.1	3.2	3.2	4.6	2.2	1.6	4.6	2.6
09.06.2009	3.2	3.6	4.4	3.9	3	3.5	3.1	3	4.1
10.06.2009	2.3	1.1	1.7	2.1	2.4	1.8	2.3	2.4	2.1
11.06.2009	11.6	10.1	9.1	11.4	14.2	12.3	12.7	14.2	13.1
12.06.2009	1.3	4.4	3.8	2.9	2.8	4.4	4	2.8	3.2
13.06.2009	1.5	3.3	3.1	2	3	3	3	3	1.9
14.06.2009	0	0	0	0	0	0	0	0	0
15.06.2009	0.9	4.5	1.8	0.7	2.7	4.1	2.6	2.7	0
16.06.2009	0.9	7.3	3	2.5	3.2	7.9	5.6	3.2	0.4
17.06.2009	0.3	2.8	0.7	0.1	1.6	4.3	4.9	1.6	0.1
18.06.2009	1.1	1.5	5.4	1.2	0.1	0.2	0.1	0.1	2.5
19.06.2009	1.4	0	0	4	1.9	0	0	1.9	0.5
20.06.2009	2.6	0	2.9	9.3	5.8	0.2	0	5.8	9.1
21.06.2009	0.3	0	0	0.7	0.8	0	0	0.8	0.1
22.06.2009	0	0	0	0	0	0	0.2	0	0
23.06.2009	0.5	3.2	1.6	1.3	1.7	3.3	1	1.7	0.3
24.06.2009	0	0	0	0	0	0	0	0	0
25.06.2009	0	0	0	0	0	0	0	0	0
26.06.2009	0	0	0	0	0	0	0	0	0
27.06.2009	0	0	0	0	0	0	0	0	0
28.06.2009	0	0	0	0	0	0	0	0	0
29.06.2009	0	0	0	0	0	0	0	0	0
30.06.2009	2.1	2.6	3	3	3.3	2.5	2.6	3.3	3
01.07.2009	0	0.1	0	0	0	0	0.6	0	0
02.07.2009	0	0	0	0	0	0	0	0	0
03.07.2009	0	0	0	0	0	0	0	0	0
04.07.2009	0	0	0	0	0	0	0	0	0
05.07.2009	0	0	0	0	0	0	0	0	0
06.07.2009	0	0	0	0	0	0	0	0	0
07.07.2009	0	0	0	0	0	0	0	0	0
08.07.2009	0	0.1	0	0	0	0	2.9	0	0.1
09.07.2009	0	0	0	0	0	0	0	0	0
10.07.2009	0	0	0	0	0	0	0	0	0
11.07.2009	0	0	0	0	0	0	0	0	0
12.07.2009	3.6	1.7	3.7	1.9	2.5	2.5	1.3	2.5	0
13.07.2009	4.9	7.4	5.1	5.8	7.1	10.8	10.8	7.1	7.1
14.07.2009	2	1.3	2.9	3.5	0.9	0.1	0.1	0.9	1.9
15.07.2009	0	0	0	0	0	0	0	0	0
16.07.2009	6.1	6.7	6.8	7.4	8.3	7.2	7	8.3	7.7
17.07.2009	8.2	5.7	6.9	9.1	10	7.3	5.5	10	6.3
18.07.2009	0	0	0	0	0	0	0	0	0
19.07.2009	3	9.8	6.3	4.6	6.8	10	1.9	6.8	2.3
20.07.2009	9.8	14.3	13.3	12.4	12.7	13.4	11.8	12.7	12.1
21.07.2009	14.4	19.2	15.8	14.9	18.5	17.4	16.7	18.5	15.5
22.07.2009	1.7	2.2	1.9	1.7	1.9	2.1	2.4	1.9	1.3
23.07.2009	2.1	0.8	1.2	1.7	2.1	1.4	1.7	2.1	1.3
24.07.2009	1.1	0.7	0.8	0.6	1.4	0.9	1.4	1.4	1
25.07.2009	3.5	0.1	5	2.6	4	2.6	1.7	4	3.2
26.07.2009	0	1.3	0.3	0	0	1.9	1.3	0	0.8
27.07.2009	1.1	0	0.6	0.9	1.8	0	0	1.8	1.5
28.07.2009	4.6	5.3	3.8	5.6	8.2	5.4	4.7	8.2	4.5
29.07.2009	5.1	0	5.5	6.3	8.7	5	3	8.7	5.2
30.07.2009	2.1	0	2	0.1	4.6	0.1	2.2	4.6	2.8
31.07.2009	0.6	0.9	1	0.7	1.1	1.5	1.6	1.1	0.5
01.08.2009	6.9	4.9	7.5	9.3	8.1	5.9	4.6	8.1	7.8
02.08.2009	0	0	0	0	0	0	0	0	0
03.08.2009	0	3	0.4	0	0.1	3	0.1	0.1	0
04.08.2009	3.2	3.3	1.9	2.6	3.5	2.7	3.4	3.5	2.5
05.08.2009	0	0	0	0	0	0	0	0	0
06.08.2009	0.7	0	0.3	0.7	1	0.7	0.4	1	0.6
07.08.2009	0	0	0	0	0.1	0	0	0.1	0
08.08.2009	0	0	0	0	0	0	0	0	0
09.08.2009	1.7	0	0	4.6	3.2	0	0	3.2	0.8
10.08.2009	0	3.9	5	0.6	3.4	3.5	0.7	3.4	0
11.08.2009	0.8	2.9	5.3	3.2	2.5	3.1	3.9	2.5	5.1
12.08.2009	4.1	5.4	7	5.5	7.1	5.9	4.5	7.1	6.3
13.08.2009	9.8	7.1	8.3	8.9	8.5	8.8	7.8	8.5	9.4
14.08.2009	9.5	23.3	12.4	9.5	16.2	23.9	23	16.2	10.8
15.08.2009	0.9	8.6	4.4	1	5	9.9	10.4	5	3.7
16.08.2009	16.5	15.1	16.1	17.2	17.8	16	15.9	17.8	18.5
17.08.2009	12.8	9.4	8.2	11.6	10.8	11.2	11.5	10.8	9.1
18.08.2009	6.8	5.4	9.6	6.5	7.4	5.4	3.7	7.4	8.2
19.08.2009	0	1.9	2.1	0.8	3.1	1.6	0.1	3.1	0
20.08.2009	0.1	0	0	0.1	0.2	0	0	0.2	0.1
21.08.2009	10.6	9.1	10.5	13.4	14	10.2	10.9	14	12.5
22.08.2009	4.4	0.1	5.7	3.5	5	4.4	3.2	5	4.3
23.08.2009	0	0	0	0	2.4	0	0	2.4	0
24.08.2009	8.1	6.6	6.8	7.1	6.1	5.5	5.2	6.1	5.4
25.08.2009	0.2	0.5	0.6	0.2	1.1	0.2	0.2	1.1	0.2
26.08.2009	4.6	7	6.5	5.1	5.2	6.5	5.9	5.2	4.3
27.08.2009	3	2.1	2.4	3.6	2.9	2.7	2.5	2.9	3.3
28.08.2009	1.5	0.9	1.6	1.4	1.9	1.3	1.5	1.9	2
29.08.2009	14.9	6.9	11.2	12.5	10.2	8.4	8.3	10.2	9.7
30.08.2009	18.3	0	13.9	13.1	15.8	12.5	6.2	15.8	12.9
31.08.2009	53.2	18.9	30.9	37.9	34.5	26.1	27.3	34.5	33.9
01.09.2009	15.4	10.1	6.9	12.6	16.5	11.7	11.4	16.5	8.3
02.09.2009	14.2	18	15.8	12.9	16.7	17.7	19.6	16.7	15.9
03.09.2009	2.1	0	3.8	1.7	6.1	6.9	4	6.1	1.8
04.09.2009	0	0	0	0	0	0	0	0	0
05.09.2009	1.8	6.4	5.8	3.4	2.6	4.4	3.7	2.6	4.7
06.09.2009	0	0	0	0	0	0	0	0	0
07.09.2009	5.2	10.6	8	5.1	8.7	10.9	12.1	8.7	7.4
08.09.2009	4	3.4	3.3	5.8	7.4	4.2	3.5	7.4	3.5
09.09.2009	23.9	13.4	18.2	20.4	23.6	18.5	18	23.6	20
10.09.2009	11	4.2	5.6	8.1	7.7	6.1	6.5	7.7	6.6
11.09.2009	0.6	4.9	2.9	1.2	3.4	5	4.8	3.4	1.6
12.09.2009	14.4	9.6	14.1	15.8	15.8	8.1	7.6	15.8	14
13.09.2009	9	9.3	11.8	9.8	11.2	9.7	9.6	11.2	10
14.09.2009	0	0	0	0	0.2	0	0	0.2	0
15.09.2009	0	0	0	0	0	0	0	0	0
16.09.2009	5.7	7.5	2.6	4.3	7.3	8	7.3	7.3	4
17.09.2009	3.8	15.5	6.4	4.1	9.7	13.7	13.2	9.7	5.8
18.09.2009	5	12.4	6.2	2.9	12.2	15.2	18.5	12.2	7.3
19.09.2009	0	0	0	0	0	0	0	0	0
20.09.2009	3.6	0	3.9	2.3	3.9	2.6	2.1	3.9	4.4
21.09.2009	2.1	0	1.6	2.2	4.8	3.3	2	4.8	1.4
22.09.2009	11.3	2.4	5.7	7.5	4.7	4.9	3.6	4.7	6.1
23.09.2009	28.6	12.3	20.1	23.7	22.4	15.9	13.7	22.4	22
24.09.2009	35.1	17.2	23.3	29.8	23.2	17.9	15.6	23.2	25.4
25.09.2009	8.2	4.1	5.3	6.9	8.4	5.7	6.1	8.4	6.1
26.09.2009	0.4	6	1.9	1.5	5.4	6	4.2	5.4	0.9
27.09.2009	12.4	1.3	4.5	8.8	5.8	3.9	7.7	5.8	4.4
28.09.2009	9	14.5	14.1	14.5	17.3	16.3	17	17.3	14.9
29.09.2009	12.3	17.4	18.3	15.6	22.5	20.4	16.2	22.5	14.6
30.09.2009	4.3	3.5	6.3	5.6	3.8	5.9	4.1	3.8	2.2
01.10.2009	8.1	3.4	4.3	6.3	5.9	5.5	4	5.9	4.4
02.10.2009	3.2	7.5	3.7	3.7	5	10.1	7.8	5	2.2
03.10.2009	0.7	6.4	4	1.3	4.4	7.5	6.2	4.4	1.9
04.10.2009	3.1	3.2	3.9	3.6	3.9	3.7	4.7	3.9	4.3
05.10.2009	5.6	15.6	7.5	5.9	11.4	17.5	13.7	11.4	5.5
06.10.2009	6	8.9	5	6.9	9.3	10.2	9.7	9.3	5.9
07.10.2009	16.4	6.7	7.8	11	10.5	9.7	11.8	10.5	8.9
08.10.2009	18.9	16	16.1	15.4	17.7	15.6	13.9	17.7	14.3
09.10.2009	9.5	7.5	9.9	8.9	10.7	10	8.6	10.7	9.5
10.10.2009	0	0	0	0	0	0	0	0	0
11.10.2009	0	0	0	0	0	0	0	0	0
12.10.2009	0	2.5	2.2	0	0.7	3.5	1.9	0.7	0
13.10.2009	0	11.7	6.2	0	7.3	13.2	12.5	7.3	3.7
14.10.2009	0	0	0	0	0	0	0	0	0
15.10.2009	0	0	0	0	0	0	0	0	0
16.10.2009	16.9	11.8	13.7	17	15.1	14.1	11.8	15.1	15.7
17.10.2009	1.9	15	11.1	7.5	7.2	11.1	1.3	7.2	4
18.10.2009	0	0	0	0	0	0	0	0	0
19.10.2009	0.8	2.9	1.2	1.1	1.7	4.6	4.7	1.7	1.5
20.10.2009	0.3	0.9	0.1	0	0	0.4	0.3	0	0
21.10.2009	0	0	0	0	0	0	0	0	0
22.10.2009	0	0	0	0	0	0	0	0	0
23.10.2009	0	0	0	0	0	0	0	0	0
24.10.2009	0	0	0	0	0	0	0	0	0
25.10.2009	0	0	0	0	0	0	0	0	0
26.10.2009	0	0	0	0	0	0	0	0	0
27.10.2009	0.9	0	0.7	1.9	3.6	2.2	0	3.6	2.7
28.10.2009	0.6	6.4	1.5	1.3	4.4	6.7	2.2	4.4	0.1
29.10.2009	0.8	0	0	0	0	0	0	0	0
30.10.2009	0	0	0	0	0	0	0	0	0
31.10.2009	0	0	0	0	0	0	0	0	0
01.11.2009	0.6	1.1	1.4	1.6	1.7	1.6	0.7	1.7	0.5
02.11.2009	0.1	3	1.1	0.9	0.9	2.2	1.9	0.9	0.2
03.11.2009	0	0	0	0	6.8	0	0	6.8	0
04.11.2009	0	0	0	0	0	0	0	0	0
05.11.2009	0	0	0	0	0	0	0	0	0
06.11.2009	0	0	0	0	0	0	0	0	0
07.11.2009	0	0	0	0	0	0	0	0	0
08.11.2009	0	0	0	0	0	0	0	0	0
09.11.2009	0	0	0	0	0	0	0	0	0
10.11.2009	0	0	0	0	0	0	0	0	0
11.11.2009	0	0	0	0	0	0	0	0	0
12.11.2009	0	0	0	0	0	0	0	0	0
13.11.2009	0	0	0	0	0	0	0	0	0
14.11.2009	0	0	0	0	0	0	0	0	0
15.11.2009	0.1	2.7	6.1	5	2.2	4.1	0.8	2.2	2.5
16.11.2009	0.1	3.4	2.8	2.6	1.7	3.1	2.7	1.7	1.3
17.11.2009	0	0	0	0	0	0	0	0	0
18.11.2009	0.1	1.7	2.9	3.3	1.1	0.7	0.8	1.1	0.4
19.11.2009	0	0	0	0	0	0	0	0	0
20.11.2009	11	5.1	6.5	6.9	8.7	7.2	10.5	8.7	8
21.11.2009	9.8	7.8	10.5	10.1	15.4	10.7	11.1	15.4	11.5
22.11.2009	14	6.5	9.8	13.4	16.3	9.1	7.3	16.3	10
23.11.2009	1.4	2.7	0.6	1.2	2.6	3	2	2.6	0.1
24.11.2009	0.6	0.5	0.5	0.6	0.6	0.7	0.6	0.6	0.5
25.11.2009	0.1	0.1	0.1	0.8	1.9	1.3	1.4	1.9	0.1
26.11.2009	15.3	7.4	10	12.8	12.8	11.1	12.7	12.8	10.8
27.11.2009	26.2	7.4	8.8	15.6	12.2	9.4	9.9	12.2	10.2
28.11.2009	0.1	3	4.3	2.4	1.7	1.2	0.1	1.7	1.8
29.11.2009	0	1.5	1	0	0	0.1	1.1	0	0.8
30.11.2009	0.6	0	0	0	0	0	0	0	0
01.12.2009	9.3	6.9	6.2	9.2	7.7	5	3.3	7.7	5.8
02.12.2009	0	0	0	0	0	0	0	0	0
03.12.2009	0	0	0	0	0	0	0	0	0
04.12.2009	0	0	0	0	0	0	0	0	0
05.12.2009	0	0	0	0	0	0	0	0	0
06.12.2009	0	0	0	0	0	0	0	0	0
07.12.2009	0	0	0	0	0	0	0	0	0
08.12.2009	0	0	0	0	0	0	0	0	0
09.12.2009	0	0	0	0	0	0	0	0	0
10.12.2009	0.4	0	0	0.3	0.1	0	0	0.1	0
11.12.2009	0	0	0	0.5	0.7	0	0	0.7	0
12.12.2009	0	0	0	0	0	0	0	0	0
13.12.2009	0.3	2	4.1	4	1.2	1	1.2	1.2	1.5
14.12.2009	3.5	4.4	3	3.6	3.3	3.8	3.8	3.3	3
15.12.2009	4.6	7.7	8.1	6.2	6.5	6.3	6	6.5	7.7
16.12.2009	0	3.4	3.2	0	2.2	3.3	3.1	2.2	1.8
17.12.2009	0	0	0	0	0	0	0	0	0
18.12.2009	0	0	0	0	0	0	0	0	0
19.12.2009	3.2	3	4.4	5.4	5	3	2.1	5	3
20.12.2009	0.4	2.1	1.6	0.1	0.1	2	2.4	0.1	0
21.12.2009	0	0	0	0	0	0	0	0	0
22.12.2009	0	0	0	0	0	0	0	0	0
23.12.2009	0	0	0	0	0	0	0	0	0
24.12.2009	0	0	0	0	0	0	0	0	0
25.12.2009	0	0	0	0	0	0	0	0	0
26.12.2009	0	2	0	0	1.5	0.1	0.1	1.5	0
27.12.2009	0.1	1.6	0.3	0.2	0.5	1.9	2.9	0.5	0.2
28.12.2009	3.2	6	5.4	5.1	8.3	6.7	6.3	8.3	5.5
29.12.2009	4.5	8.8	6.5	7	8.4	7.4	6.9	8.4	6.7
30.12.2009	2.4	0	0	4	0.1	0	0	0.1	0
31.12.2009	0.1	6.8	5.4	5.5	1.1	3.9	4.7	1.1	0.1
01.01.2010	3.5	1.2	2.1	3.6	4	1.4	0.7	4	2.6
02.01.2010	0	0.7	0.6	0.1	1.2	0.9	0.6	1.2	0
03.01.2010	1.3	0.1	2	0.8	1.8	2	0	1.8	3.5
04.01.2010	8.7	4.1	6	6.4	5.7	3.2	3.7	5.7	4.5
05.01.2010	2.1	1.5	2.9	4.2	3.4	1.2	0.2	3.4	1.9
06.01.2010	0.3	0	0	0	0	0	0	0	0
07.01.2010	0	0	0	0	0	0	0	0	0
08.01.2010	0	0	0	0	0	0	0	0	0
09.01.2010	0	0	0	0	0	0	0	0	0
10.01.2010	0	0	0	0	0	0	0	0	0
11.01.2010	0	0	0	0	0	0	0	0	0
12.01.2010	0	0	0	0	0	0	0	0	0
13.01.2010	0	0	0	0	0	0	0	0	0
14.01.2010	1.1	0	0	0	0	0	0	0	0
15.01.2010	0	0	0	0	0	0	0	0	0
16.01.2010	0	0	0	0	0	0	0	0	0
17.01.2010	0	0	0	0	0	0	0	0	0
18.01.2010	0	0	0	0	0	0	0	0	0
19.01.2010	0.9	1.4	0.2	1.3	1.4	0.2	0.1	1.4	0.1
20.01.2010	0.2	0	0	0	0	0	0	0	0
21.01.2010	0	0	0	0	0	0	0	0	0
22.01.2010	0	0	0	0	0	0	0	0	0
23.01.2010	0	0	0	0	0	0	0	0	0
24.01.2010	0	0	0	0	0	0	0	0	0
25.01.2010	0.8	0.6	0.8	0.6	0.8	0.1	0.1	0.8	0.3
26.01.2010	0	0	0	0	0	0	0	0	0
27.01.2010	9.7	5.3	4.7	7.2	7.7	6.6	7	7.7	4.7
28.01.2010	26.9	17.8	21	21.8	25.4	14.8	12.2	25.4	21.4
29.01.2010	9.5	3.5	4.8	6	5.6	3.1	0.1	5.6	2.2
30.01.2010	4.1	3.4	4.6	5	6.6	5.6	5.4	6.6	4.5
31.01.2010	3.2	1.6	3.8	4.6	1.7	0.2	0.8	1.7	2.1
01.02.2010	0	0	0	0	0.6	0	0	0.6	0
02.02.2010	0	0	0	0	0.3	0	0	0.3	0
03.02.2010	0	0	0	0	0	0	0	0	0
04.02.2010	0	0	0	0	0	0	0	0	0
05.02.2010	0.1	0.9	1.2	2.2	1.3	0.7	0.5	1.3	0.3
06.02.2010	0	0	0	0	0	0	0	0	0
07.02.2010	0.1	0	0	0.1	0.1	0	0	0.1	0
08.02.2010	4.7	10	6.6	2.5	11.6	14.3	13.6	11.6	7.9
09.02.2010	10.3	20.3	16.9	8.2	21.3	19.6	18.1	21.3	15.1
10.02.2010	0.1	0	0	0	0	0	0	0	0
11.02.2010	3.1	3	3	5	2.6	3.3	2.1	2.6	2.9
12.02.2010	1	1.8	2.9	1.4	3.3	1.5	1.8	3.3	2.1
13.02.2010	0	0	0	0	0	0	0	0	0
14.02.2010	0	6.5	0.3	0	1.9	7.4	1.3	1.9	0
15.02.2010	0	0	0	0	0	0	0	0	0
16.02.2010	0	0	0	0	0	0	0	0	0
17.02.2010	0	0	0	0	0	0	0	0	0
18.02.2010	0	0	0	0	0	0	0	0	0
19.02.2010	0	0	0	0	0	0	0	0	0
20.02.2010	0	0	0	0	0	0	0	0	0
21.02.2010	0	0	0	0	0	0	0	0	0
22.02.2010	0.1	0	0	0	0	0	0	0	0.1
23.02.2010	0	0	0	0	0	0	0	0	0
24.02.2010	0	0	0	0	0	0	0	0	0
25.02.2010	0	0	0	0	0	0	0	0	0
26.02.2010	0	0	0	0	0	0	0	0	0
27.02.2010	0.1	0	0	0	0	0	0	0	0
28.02.2010	0.1	0	0	0	0	0	0	0	0
01.03.2010	0	0	0	0	0	0	0	0	0
02.03.2010	0	0	0	0	0.2	0	0	0.2	0
03.03.2010	4	2.1	2.5	4	4.7	3.7	3.6	4.7	2.7
04.03.2010	0.9	1.4	1.1	0.7	1.3	0.8	1.3	1.3	1.1
05.03.2010	3.7	1.6	1.9	3.7	3.7	3.1	2.9	3.7	2.2
06.03.2010	0.9	1.8	3.3	5.3	1.1	1.5	0.3	1.1	2
07.03.2010	0	0	0	0	0	0	0	0	0
08.03.2010	0.1	0	0	0.1	4.1	0.4	2.1	4.1	0
09.03.2010	5.1	9.4	5.8	4.8	9.9	9.4	10.8	9.9	6.9
10.03.2010	3.5	9.8	4.9	2	7.5	12.3	14.3	7.5	4.7
11.03.2010	11.4	25	9.8	6.2	23.8	35	41.5	23.8	11.6
12.03.2010	7.5	10.5	6.8	6.3	11.3	8.4	13.5	11.3	8.5
13.03.2010	7.9	4.5	6.6	5.1	6.1	4.3	4.9	6.1	5.4
14.03.2010	2.6	0.9	2.2	3.1	2.2	2.8	1.1	2.2	1.8
15.03.2010	6.5	8.9	10.2	7.3	8.3	7.4	7	8.3	8
16.03.2010	5	19	10.3	3.6	11.3	19.8	21.3	11.3	7.7
17.03.2010	9.2	6.2	6.3	8.2	7.9	7.5	7.4	7.9	6.5
18.03.2010	3.5	0.1	1	4.5	0.7	5.1	5.3	0.7	0.7
19.03.2010	18.2	9.4	14.2	13.7	12.8	10.6	11.2	12.8	17.4
20.03.2010	31.8	12.3	11.1	18.7	16.3	15.7	16.7	16.3	9.1
21.03.2010	8	4.1	6.7	10	5.9	7.1	5.9	5.9	6.9
22.03.2010	0.3	0	0	0	0	0	0	0	0
23.03.2010	0.5	1.5	0.6	1.2	0.8	0.4	0.5	0.8	0.2
24.03.2010	3.4	2.3	2.1	2.9	3.1	2.4	3.5	3.1	1.9
25.03.2010	1	0.9	0.4	0.1	2.2	2.5	3.7	2.2	0.4
26.03.2010	5.1	2.7	2.5	4.4	4.4	4	3.9	4.4	2.6
27.03.2010	4.4	3.4	2.2	2.8	2.8	4.7	4.7	2.8	2.6
28.03.2010	2.8	0	0	1.8	3.6	0	0	3.6	0
29.03.2010	3.6	2.4	2.9	3.3	2.4	3.3	2.6	2.4	2.5
30.03.2010	3.2	4.8	3.6	3.2	4.7	5.7	5.9	4.7	4
31.03.2010	0	0	0	0	0	0	0	0	0
01.04.2010	0	0	0	0	0	0	0	0	0
02.04.2010	0	0	0	0	0	0	0	0	0
03.04.2010	0.6	0	0	0.4	0.2	0	0	0.2	0
04.04.2010	0	0	0	0	0	0	0	0	0
05.04.2010	0	0	0	0	0	0	0	0	0
06.04.2010	0.1	0.9	0.4	0.5	0.4	0.5	0.1	0.4	0.1
07.04.2010	0.1	0	0	0	0	0	0	0	0
08.04.2010	10.5	0	12.2	12	9.6	6.7	4.6	9.6	11.8
09.04.2010	1.2	1.1	1.8	2	2	1.2	0.6	2	0.4
10.04.2010	0	7.1	2.9	0	3.3	8.4	2.5	3.3	0
11.04.2010	0	0	0	0	0	0	0	0	0
12.04.2010	0	0	0	0	0	0	0	0	0
13.04.2010	0.8	2.3	0.4	0.1	2.1	3.4	4.3	2.1	0.9
14.04.2010	0	0	0	0	0	0	0	0	0
15.04.2010	0.6	3.6	1.4	0.4	3	4.6	4.6	3	0.8
16.04.2010	11.7	8.4	11.4	13.2	9.9	7.5	4.8	9.9	8.8
17.04.2010	16.7	6.8	10.3	16.1	7.2	11.1	12.7	7.2	9.3
18.04.2010	14.5	14.9	17.3	19.9	16.3	15.5	14	16.3	17.7
19.04.2010	2.7	5.6	5.6	4.3	4	5.8	5.6	4	2.7
20.04.2010	0	0	0	0	0	0	0	0	0
21.04.2010	0	0	0	0	0	0	0	0	0
22.04.2010	0	0	0	0	0	0	0	0	0
23.04.2010	0.6	0	0.1	0.4	0.3	0	0	0.3	0.1
24.04.2010	3.9	0	0	3.4	2.8	0	0	2.8	0
25.04.2010	0	1.4	2.5	0.2	2.4	0.3	0.4	2.4	0
26.04.2010	0	0	0	0	0	0	0	0	0
27.04.2010	4.1	2.4	2.8	4.7	4.9	3.9	4.5	4.9	3
28.04.2010	0.3	2.9	1.8	1.3	1.2	2.8	2.1	1.2	0.4
29.04.2010	12.6	6.5	7.5	13.4	10.7	9.4	8.7	10.7	8.3
30.04.2010	12	9	7.4	10.2	10.4	10.7	7.4	10.4	8
01.05.2010	3.7	1.9	4.3	8.5	4.8	3.4	1.9	4.8	6
02.05.2010	0.6	7.4	4.3	1	4.1	10.4	2.9	4.1	0
03.05.2010	1.1	4.1	2.9	1.4	2.7	3.6	3.7	2.7	2.3
04.05.2010	0.1	0.7	2	0.8	0.3	1.6	0.8	0.3	0.6
05.05.2010	0	0	0	0	0	0	0	0	0
06.05.2010	0	4	1.1	0.4	6	4.1	1.9	6	0
07.05.2010	0	0	0	0	0	0	0	0	0
08.05.2010	0	0	0	0	0	0	0	0	0
09.05.2010	0	0	0	0	0	0	0	0	0
10.05.2010	0.9	1.2	2.5	1.7	1.7	1.1	0.8	1.7	2.4
11.05.2010	1.5	3.1	1.1	0.6	1.7	4	5.3	1.7	0.9
12.05.2010	1.6	3.2	1.8	1.7	2.2	3.4	2.1	2.2	0.1
13.05.2010	0.1	0	0	0	0	0	0	0	0
14.05.2010	0	0	0	0	0	0	0	0	0
15.05.2010	0	0	0	0	0	0	0	0	0
16.05.2010	2.8	4.2	4	3.5	3.7	3.8	3.3	3.7	3
17.05.2010	5.5	2.8	4.3	4.4	4.7	3.8	3.9	4.7	4.6
18.05.2010	2.3	0.1	3.7	2.3	3	2.7	2.1	3	3.3
19.05.2010	0.1	0	0	0	0	0	0	0	0
20.05.2010	0	0	0	0	0	0	0	0	0
21.05.2010	0	0	0	0	0	0	0	0	0
22.05.2010	0	0	0	0	0	0	0	0	0
23.05.2010	10.1	8.1	9.5	9.7	9.2	7.8	7	9.2	10
24.05.2010	0.2	4	1.5	0.1	3.4	3.8	3.9	3.4	1.2
25.05.2010	0.5	0	2.5	2.1	3.1	2	0	3.1	4.6
26.05.2010	0.8	4.4	2.9	1.2	2.1	3.5	3.5	2.1	2.5
27.05.2010	0	0	0	0	0	0	0	0	0
28.05.2010	0	0	0	0	0	0	0	0	0
29.05.2010	0	0	0	0	0	0	0	0	0
30.05.2010	0.2	0	0	0	0	0	0	0	0
31.05.2010	0	0	0	0	0	0	0	0	0
01.06.2010	0	0	0	0	0	0	0	0	0
02.06.2010	0	0	0	0	0	0	0	0	0
03.06.2010	11.4	5.2	7.3	10.4	9.7	6.6	6.6	9.7	7.9
04.06.2010	1.3	5	3.3	1.8	4.9	6.2	6	4.9	2.9
05.06.2010	0	0	0	0	0	0	0	0	0
06.06.2010	0	0	0	0	0	0	0	0	0
07.06.2010	0	0	0	0	0	0	0	0	0
08.06.2010	0	2.1	3.9	1.3	2.7	1.7	1.3	2.7	3.6
09.06.2010	0.2	2.3	0	0	0	0	1	0	0
10.06.2010	0.1	0	0	0	0	0	0	0	0
11.06.2010	5.9	9.3	5.1	5.1	10.2	7.1	7.9	10.2	7.3
12.06.2010	15.4	16.1	18.2	19.2	17	16.7	18.6	17	21.3
13.06.2010	5.7	3.9	5.6	5.8	5.9	4.8	3.1	5.9	7.1
14.06.2010	0.3	1.9	3.5	1.6	2.1	3.7	3.3	2.1	2.2
15.06.2010	0	0.5	0.4	0	0.4	0.1	0.3	0.4	0
16.06.2010	0	0	0	0	0	0	0	0	0
17.06.2010	0	0	0	0	0	0	0	0	0
18.06.2010	9.8	12.8	13.9	13.5	13.7	9.7	5.5	13.7	10
19.06.2010	10.2	32.3	16.1	4.7	14.6	32.4	32.3	14.6	9.1
20.06.2010	0	0	0	0	1	0	0	1	0
21.06.2010	0	0	0	0	0	0	0	0	0
22.06.2010	0.1	0.5	0.3	0.1	0.2	0.5	0.2	0.2	0
23.06.2010	0.1	0.2	0.1	0.1	0.3	0.1	0.1	0.3	0
24.06.2010	0.2	0.6	0.5	0.5	0.4	0.5	0.1	0.4	0.2
25.06.2010	2.9	6.5	4.7	2.7	5.1	7.6	7	5.1	2.6
26.06.2010	11.1	6.5	11.1	15	11.9	6	4.2	11.9	11.2
27.06.2010	0	2	2.1	0	0.5	0.9	0.5	0.5	0.3
28.06.2010	0.4	0	0	0.4	2	0	0	2	0
29.06.2010	6.1	4.7	6.5	5.4	5.4	5.5	5.3	5.4	6.4
30.06.2010	0.1	1.2	0.1	0.1	0.7	2.1	2.2	0.7	0.1
01.07.2010	0.6	2.4	2.7	2.8	1.5	1.9	1.5	1.5	1.7
02.07.2010	0	0	0	0	0	0	0	0	0
03.07.2010	0	0	0	0.3	2.4	0	0	2.4	0
04.07.2010	0.3	0	0	0.3	0.2	0	0	0.2	0.2
05.07.2010	1	5.7	3.7	2.3	4.7	5.6	4.3	4.7	2.8
06.07.2010	3.1	0	4.7	2.6	6.4	4	1.9	6.4	3.7
07.07.2010	1.3	0	0	1.1	1.7	0	0	1.7	0.1
08.07.2010	1.9	1.3	1	1.6	1.9	1.2	0.3	1.9	0.6
09.07.2010	3.5	0	3.5	3.3	3.6	2.3	1.6	3.6	3.8
10.07.2010	7.3	4.6	5.5	4.4	7.1	5.7	4.9	7.1	5
11.07.2010	0.1	0	0	0	0	0	0	0	0
12.07.2010	1.6	12.6	8.4	7.2	6.5	11.8	4.2	6.5	2.9
13.07.2010	9.9	8.4	8.6	9.8	9.1	8.6	8.9	9.1	9.5
14.07.2010	6	7	7.5	6.3	6.2	6.9	6.7	6.2	7.7
15.07.2010	0.4	0	0.1	0.3	1	1.2	0	1	0.4
16.07.2010	1.9	4.8	5.4	6.5	5.7	6.4	4	5.7	0.4
17.07.2010	0.7	0	0	0	0	0	0	0	0
18.07.2010	6.2	2.8	6.5	8.4	4.8	3.3	2.4	4.8	7.8
19.07.2010	4.2	0	3	2.9	2.7	1.5	1.9	2.7	3.1
20.07.2010	0.6	0	0.3	0.7	0.5	1.5	0.9	0.5	0.1
21.07.2010	12.4	8.3	8.8	11.9	12.6	10.6	11.5	12.6	9.6
22.07.2010	59.3	48.1	56.6	58.9	61.5	50	48.4	61.5	61.5
23.07.2010	0	4.7	7	5.6	13.1	7.1	4.9	13.1	7.8
24.07.2010	0	0	0	0	0	0	0	0	0
25.07.2010	0	0	0	0	0	0	0	0	0
26.07.2010	0.4	1.3	1	2.3	2	1.1	0.7	2	1.1
27.07.2010	0	0	0	0	0	0	0	0	0
28.07.2010	0.3	0	0	0	0	0	0	0	0
29.07.2010	0	8	0.2	0	1.7	6.2	1.4	1.7	0
30.07.2010	0	0	0	0	0	0	0	0	0
31.07.2010	4.3	2.7	3.8	4.2	4.2	2.7	3.2	4.2	4.5
01.08.2010	4.4	5.6	4.1	4.7	6.2	6.2	7.7	6.2	5.2
02.08.2010	7	4	5.9	6.9	9.5	4	4.6	9.5	5.8
03.08.2010	3.9	0	0.2	3.1	3.1	1.8	0	3.1	0.9
04.08.2010	0.5	0	0	0.5	0.4	0	0	0.4	0
05.08.2010	0.2	2.4	1.8	0.9	1.4	2.1	1.5	1.4	1.3
06.08.2010	2.4	3.7	2.9	2.6	2.7	3.9	4	2.7	2.7
07.08.2010	4.9	3.5	4.1	5	5.2	3.6	3.9	5.2	4.6
08.08.2010	1.3	0	0.2	1	1.1	0	0.4	1.1	0.7
09.08.2010	0	1.1	0.8	0	0.5	0.5	0.5	0.5	0
10.08.2010	0.8	0	0.1	0.5	0.2	0	0	0.2	0.2
11.08.2010	1	4.2	2.8	1.7	1.6	3.6	3.3	1.6	2.3
12.08.2010	1.3	2.9	1	2.2	2.3	2.6	3.4	2.3	0.2
13.08.2010	0	0	0	0	0.1	0.1	0	0.1	0
14.08.2010	0.6	0	0.5	1.3	4.1	0	3.9	4.1	2.3
15.08.2010	0	0	0	0	0	0	0	0	0
16.08.2010	0	0	0	0	0	0	0	0	0
17.08.2010	0	0	0	0	0	0	0	0	0
18.08.2010	0	0	0	0	0	0	0	0	0
19.08.2010	0	0	0	0	0	0	0	0	0
20.08.2010	3.8	6	2.8	1.8	4.2	6.7	6.4	4.2	2.1
21.08.2010	6.3	6.6	7.2	8.2	6.9	7.1	6.8	6.9	8.3
22.08.2010	6.7	6.2	3.5	2.9	10.1	6.4	6.4	10.1	3.1
23.08.2010	7.3	2.2	3.1	6.7	5	4.6	5.7	5	3.9
24.08.2010	0	0.7	0.1	0	0.4	0.7	0.6	0.4	0.1
25.08.2010	1.1	1.6	1.4	0.7	1.1	3	3.1	1.1	0.5
26.08.2010	4.4	0	6.2	4.5	3.4	3	1.7	3.4	5.3
27.08.2010	2.3	0.5	0.3	1.2	1.7	1.1	1	1.7	0.6
28.08.2010	4.8	3.7	3.8	4	2.8	4	3.9	2.8	4.3
29.08.2010	3.4	7.6	3.8	3.6	6.5	4.4	6.1	6.5	5.6
30.08.2010	0	0	0	0	0	0	0	0	0
31.08.2010	5.6	5.4	7	8.3	7.9	5	2.5	7.9	6.3
01.09.2010	2.5	2.7	4.6	3.8	4.4	2.2	0.1	4.4	3.6
02.09.2010	0	0	0	0	0.1	0	0	0.1	0
03.09.2010	0	0	0	0	0	0	0	0	0
04.09.2010	0	0	0	0	0	0	0	0	0
05.09.2010	0	0.2	0	0	0	0.1	0.1	0	0
06.09.2010	0	0	0	0	0	0	0	0	0
07.09.2010	0	0	0	0	0	0	0	0	0
08.09.2010	0	0	0	0	0	0	0	0	0
09.09.2010	0	0	0	0	0	0	0	0	0
10.09.2010	0	0	0	0	0	0	0	0	0
11.09.2010	0.7	1.4	0.9	0.7	0.7	1.4	1.6	0.7	0.7
12.09.2010	13	9.3	12.4	16.3	17.4	12.1	12	17.4	14.8
13.09.2010	2.3	0	4.6	2.8	4.1	4.2	3.9	4.1	4.2
14.09.2010	1.2	1.4	0.1	1.8	2.1	1.5	2.9	2.1	0.1
15.09.2010	7.5	4.4	6.7	10.6	5.2	9.4	8.2	5.2	6.4
16.09.2010	20.8	7.4	7.2	13.9	12.9	9.7	8.8	12.9	9.9
17.09.2010	5.7	4.4	6.5	6.3	5.1	5.5	4.9	5.1	6.6
18.09.2010	3.7	2.9	3.3	2.9	3.6	4.6	5.4	3.6	4
19.09.2010	7.1	2.1	4.9	8.4	7.4	6.2	2.7	7.4	4.2
20.09.2010	7.6	4.4	7.1	8.5	10.3	4.2	4.1	10.3	8.6
21.09.2010	0.3	4.2	1.7	0.6	2.5	3.5	3.2	2.5	1.5
22.09.2010	2.6	2.4	2.3	2.2	4.7	3.4	3.3	4.7	2.1
23.09.2010	34.6	14.3	21.8	26.6	20.7	19.6	16.3	20.7	23.2
24.09.2010	1.6	14.1	8.9	2.5	9.2	12.7	13	9.2	6.8
25.09.2010	0	4.1	11.8	0	0.1	0.1	0.8	0.1	4.9
26.09.2010	0	0	0	0	0	0	0	0	0
27.09.2010	0	0	0	0	0	0	0	0	0
28.09.2010	0.1	0	0	0	0	0	0	0	0
29.09.2010	0	0	0	0	0	0	0	0	0
30.09.2010	0	0	0	0	0	0	0	0	0
01.10.2010	0.1	0	0	0	0	0	0	0	0
02.10.2010	0	0	0	0	0	0	0	0	0
03.10.2010	2.6	1.1	4	7.1	1.3	0.4	0.1	1.3	4.4
04.10.2010	0	16.5	1.4	1.4	7.4	7.1	5.1	7.4	0
05.10.2010	3.6	17.1	18.8	16.9	11.6	12.8	9.8	11.6	10
06.10.2010	0.1	3.7	3.6	3.5	3.7	3	2.9	3.7	2.4
07.10.2010	11.5	12	7.7	10.5	16.6	13.2	13.3	16.6	6
08.10.2010	0.6	0	0	0.4	0.7	0	0	0.7	0
09.10.2010	0	0	0	0	0	0	0	0	0
10.10.2010	0	0	0	0	0	0	0	0	0
11.10.2010	0.4	0	0	0	0	0	0	0	0
12.10.2010	0.1	0	0	0	0	0	0	0	0
13.10.2010	0.2	0	0	0	0	0	0	0	0
14.10.2010	3.2	1.3	5	5.4	3.1	0.4	0.1	3.1	3.7
15.10.2010	0.8	3.2	2	0.7	3.3	2.8	3.7	3.3	1.4
16.10.2010	0.6	0	0	0	0	0	0	0	0
17.10.2010	0	0	0	0	1	0	0	1	0
18.10.2010	8.4	7.9	3.9	4.5	9.2	8.2	9.7	9.2	3.4
19.10.2010	17.8	8.7	10.6	15.3	13.4	10.6	11.9	13.4	11.9
20.10.2010	1.3	0.7	2.9	2.1	1.2	1.1	0.8	1.2	1.1
21.10.2010	2.7	6.7	3.7	2.3	5.5	8.6	7.5	5.5	2.9
22.10.2010	4	0.7	0.4	3.1	1.2	2.4	3.3	1.2	0.9
23.10.2010	5.6	2.6	3.1	5	3	3.3	4.3	3	3.8
24.10.2010	0.1	0.2	0.7	3.1	1.3	0.1	0.1	1.3	0.3
25.10.2010	6	10.7	4.4	4.4	9.6	14.4	13.5	9.6	4.5
26.10.2010	1.4	0	0	1.2	0.1	0	0	0.1	0
27.10.2010	1.9	0.6	1	1.8	2.1	1.3	1.3	2.1	0.9
28.10.2010	33.6	13.7	21.7	24.7	26.9	19.7	22.7	26.9	26.4
29.10.2010	1.8	13	7.2	3.5	9.2	14.1	12.8	9.2	5.4
30.10.2010	14.3	6.2	8.8	8.7	8.3	8.4	9.1	8.3	9.3
31.10.2010	1.5	2	1.2	2.5	2	2.1	1.8	2	0.1
01.11.2010	10.3	2.6	7	8.2	7.4	3.3	1.8	7.4	6.8
02.11.2010	0.1	6.9	1.9	0.1	0	4.5	7.7	0	3.3
03.11.2010	28	10	9.8	17.4	22.6	12.2	14.4	22.6	14.2
04.11.2010	24.5	8.1	8.4	19.7	18.7	15.7	19	18.7	13.2
05.11.2010	5.4	2.7	1.9	4.3	4.3	3.7	7	4.3	2.1
06.11.2010	3.4	0.5	4.2	5	2.9	5.8	2.9	2.9	2.8
07.11.2010	8.6	2.9	9.8	8.9	2.6	4.4	0.2	2.6	5.9
08.11.2010	0.1	0	0.1	3.5	1.7	0.2	0	1.7	0.2
09.11.2010	0	0	0	0	0	0	0	0	0
10.11.2010	0	0	0	0	0	0	0	0	0
11.11.2010	0	0	0	0	0	0	0	0	0
12.11.2010	0	0	0	0	0	0	0	0	0
13.11.2010	0	0	0	0	0	0	0	0	0
14.11.2010	0.1	6.1	2.9	0.1	4.1	5.8	3.3	4.1	0
15.11.2010	0.3	5.2	1.8	0.2	3.1	4.8	1.4	3.1	0
16.11.2010	2.8	9.3	3.4	1.8	6.4	12	14	6.4	3.1
17.11.2010	1.3	1.7	1.1	0.8	2.8	3.4	4.1	2.8	0.3
18.11.2010	0	0	0	0	0	0	0	0	0
19.11.2010	0	0	0	0	0	0	0	0	0
20.11.2010	0	0	0	0	0	0	0	0	0
21.11.2010	0	0	0	0	0	0	0	0	0
22.11.2010	0	0	0	0	0	0	0	0	0
23.11.2010	0	0	0	0	0	0	0	0	0
24.11.2010	0	0	0	0	0	0	0	0	0
25.11.2010	0	0	0	0	0	0	0	0	0
26.11.2010	0	0	0	0	0	0	0	0	0
27.11.2010	0	0	0	0	0	0	0	0	0
28.11.2010	0	0	0	0	0	0	0	0	0
29.11.2010	0	0	0	0	0	0	0	0	0
30.11.2010	0	0	0	0	0	0	0	0	0
01.12.2010	0	0	0	0	0	0	0	0	0
02.12.2010	0	0	0	0	0	0	0	0	0
03.12.2010	0	0	0	0	0	0	0	0	0
04.12.2010	0	0	0	0	0	0	0	0	0
05.12.2010	6.3	3.9	6.3	7	10.6	3.4	3.3	10.6	6.4
06.12.2010	1.2	1.7	1.5	1.1	2.6	1.8	2.2	2.6	1.7
07.12.2010	0.2	0	0	1.2	1.6	0	0	1.6	0
08.12.2010	0	0	0	0	0	0	0	0	0
09.12.2010	13	9.3	10.6	10.7	10.4	10.2	9.8	10.4	10.7
10.12.2010	4.3	3.1	3.7	3.4	4	3.5	4	4	3.8
11.12.2010	18	12.2	14.2	19.3	13.5	16.1	14.4	13.5	14.8
12.12.2010	3.2	7.6	4.5	2.7	5.9	9.8	7.4	5.9	3
13.12.2010	2.6	3.4	3.5	3.1	4.7	3.7	3.3	4.7	3.3
14.12.2010	0.2	1.3	1.6	0.2	1.8	0.7	0.9	1.8	1.4
15.12.2010	0	0	0	0	1.3	0	0	1.3	0.6
16.12.2010	13.2	7.5	11.6	13.4	11.9	10.9	9	11.9	12.2
17.12.2010	6.1	1.6	3.4	5.2	1.4	2.3	3.9	1.4	3.2
18.12.2010	0.4	1	0	0	0	0.1	0	0	0
19.12.2010	0	0	0	0	0	0	0	0	0
20.12.2010	0	0	0	0	0	0	0	0	0
21.12.2010	1.7	2.4	3.1	2.5	5.8	2	2	5.8	4
22.12.2010	2.3	2.7	3.1	3.5	4.1	2.9	2.5	4.1	3.1
23.12.2010	1.4	1.2	2.2	3.1	2.7	1.4	1.5	2.7	3
24.12.2010	0	0	0	0	0	0	0.1	0	0
25.12.2010	0	0	0	0	0	0	0	0	0
26.12.2010	0.1	0.3	0	0	0	0	0.1	0	0
27.12.2010	0.3	0.2	0	0	0	0.1	0	0	0
28.12.2010	0.4	0	0	0	0	0	0	0	0
29.12.2010	2.7	0	0	0	0	0	0.4	0	2.2
30.12.2010	6.5	3	3.7	6.3	5	2.7	4.1	5	3.6
31.12.2010	5.6	6.2	2.9	4.4	5.5	8	7.7	5.5	2.6
01.01.2011	33.1	22	32.9	36.3	37	23.6	21.6	37	31.5
02.01.2011	9.8	13.8	18.7	12	18.1	5.3	6	18.1	15.1
03.01.2011	1.4	6	3.7	1.2	6.2	5.3	5	6.2	2.9
04.01.2011	13.1	10.3	11	16.5	15.7	11.5	11.8	15.7	12.7
05.01.2011	0	3.1	2.4	1.2	4.3	3.4	2.3	4.3	0
06.01.2011	0.1	2.4	0	0	0	0	0.6	0	0
07.01.2011	2.1	2.1	3.2	1.2	4	2.6	3.3	4	2.5
08.01.2011	2.2	0.2	0.6	0.9	1.3	0.2	0.1	1.3	0.1
09.01.2011	0.2	0.9	1	1.3	0.9	0.3	0.4	0.9	0
10.01.2011	16.3	7.6	7.8	11.6	4.8	8	7.5	4.8	7.4
11.01.2011	0.1	2.8	0.1	0.1	1.4	0.6	0.4	1.4	0.1
12.01.2011	0.3	3.2	0.1	0.1	0	0.3	2.9	0	0.6
13.01.2011	0	0	0	0	0	0	0	0	0
14.01.2011	0	0	0	0	0	0	0	0	0
15.01.2011	0.4	0.3	0	0	0	0	0.8	0	0
16.01.2011	11	6.4	6.6	7.5	9.9	6	6.4	9.9	7.1
17.01.2011	31	13.7	16.9	20.7	13.5	15.5	17	13.5	18.6
18.01.2011	17.7	6.6	10.7	17	13.3	9.2	7.2	13.3	12
19.01.2011	8.3	15.8	8.9	7.4	17.3	18	21.3	17.3	10.4
20.01.2011	1.7	1.1	1.9	1.5	2.4	0.9	0.1	2.4	1.3
21.01.2011	0.1	9.7	7.5	9	3	6.3	7.7	3	2.8
22.01.2011	7.1	14	9.7	5	14.9	19.2	20.6	14.9	10.5
23.01.2011	15.4	25.7	18	10.6	21.7	34.1	34.8	21.7	19.4
24.01.2011	3.6	8.4	5.3	3.2	7.5	10	12.4	7.5	6.3
25.01.2011	12.5	4.9	9.5	14.4	10.8	6.7	1	10.8	8.3
26.01.2011	0	0	0	0	0	0	0	0	0
27.01.2011	0.8	4.5	1.5	0.9	2	4.6	1.5	2	0
28.01.2011	0.3	0	0	0	0	0	0	0	0
29.01.2011	6.8	5	6	7.1	8.1	6.1	6.3	8.1	5.6
30.01.2011	4.1	3	4.9	4.7	4	2.8	1.8	4	4.8
31.01.2011	8.8	7.7	7.5	6.8	6.5	7	9.8	6.5	7
01.02.2011	8	2.3	4.8	5.6	5.1	3.6	4.2	5.1	4.3
02.02.2011	18.9	9.9	16.5	19.9	18.9	8	9.6	18.9	19.1
03.02.2011	9.2	3.6	2.6	5.9	4.8	4.8	4.9	4.8	2.9
04.02.2011	6.9	2.9	4.7	4.8	3.8	6	7.5	3.8	3.3
05.02.2011	27.8	12.7	17.3	21.1	17.9	12.1	11.4	17.9	24.5
06.02.2011	8.6	16.7	19.3	14	33	16	16.2	33	22.8
07.02.2011	8.4	3.9	2.5	5.9	6.6	5.9	6	6.6	1.8
08.02.2011	18.2	9.2	13.1	15.3	17.2	11.2	10.6	17.2	12.6
09.02.2011	7.8	6.1	8.5	7.7	5.9	4.6	2.8	5.9	7.2
10.02.2011	4.1	3.9	2.8	4.1	5.5	3.8	5	5.5	2.8
11.02.2011	12.4	7.1	9.6	12.2	10	7.9	7.9	10	11.1
12.02.2011	0	0	0	0	0	0	0	0	0
13.02.2011	0.3	0	0	0	0	0	0	0	0
14.02.2011	0	0	0	0	0	0	0	0	0
15.02.2011	0	0	0	0	0	0	0	0	0
16.02.2011	0	0	0	0	0	0	0	0	0
17.02.2011	0	0	0	0	0	0	0	0	0
18.02.2011	0.4	0.1	0	0	0	0	0.2	0	0
19.02.2011	0	0	0	0	0	0	0	0	0
20.02.2011	0	0	0	0	0	0	0	0	0
21.02.2011	0.1	0	0	0	0	0.1	0	0	0
22.02.2011	0	0	0	0	0	0	0	0	0
23.02.2011	0	0	0	0	0	0	0	0	0
24.02.2011	0.3	0.7	0.9	2.2	1.5	0.7	0.3	1.5	0.8
25.02.2011	5.2	1.1	1	4.1	2.7	1.6	0.1	2.7	0.5
26.02.2011	10.9	6.7	5.6	10.3	11.3	6.2	4.7	11.3	6.9
27.02.2011	1.1	4.3	6	5.3	3.3	1.9	0.1	3.3	2.9
28.02.2011	0.2	0	1.5	1.5	0.2	0.8	0.5	0.2	1.2
01.03.2011	0.2	0	0	0.1	0.1	0	0	0.1	0
02.03.2011	0.9	0.2	0	0	0	0	0.5	0	0
03.03.2011	4.1	2.2	2.6	3.8	5.1	1.7	3.1	5.1	2.8
04.03.2011	3.1	6.7	3.6	1.9	6.2	4.9	4.9	6.2	3
05.03.2011	17.6	8.9	13.8	17.7	17.4	12.5	9.2	17.4	13.7
06.03.2011	4.3	1.4	4.6	5.9	8	5.7	4.8	8	3.3
07.03.2011	7.3	7.3	6	9.9	5	9.9	10.4	5	6
08.03.2011	6.9	3.1	3.8	4.8	2.8	0.1	0.1	2.8	1
09.03.2011	13.4	6.7	8.1	13.4	15.6	12	12.9	15.6	9.6
10.03.2011	22.9	8.5	14.2	19.6	15.6	9	7.8	15.6	18.2
11.03.2011	0.3	0	0.9	0.9	1.1	1.1	0.5	1.1	0.3
12.03.2011	8.5	7.7	3.8	6.4	12.3	8.2	9	12.3	6.7
13.03.2011	2	2.8	1	1	3.8	3.8	2.6	3.8	0.6
14.03.2011	0.1	2.5	2.1	1.7	1.3	2.3	1.2	1.3	0.8
15.03.2011	0	0	0	0	0	0	0	0	0
16.03.2011	0.1	0	0	0	0	0	0	0	0
17.03.2011	0	0	0	0	0	0	0	0	0
18.03.2011	3.6	3.7	4.5	5.6	5.2	3.6	1.8	5.2	3.2
19.03.2011	3.9	5.4	6.3	7.7	4.2	3.4	1.8	4.2	3.9
20.03.2011	0	0	0	0	0	0	0	0	0
21.03.2011	26.6	11.6	16.7	22.3	15.6	15.9	14.5	15.6	19.7
22.03.2011	81.3	47.5	52	47.1	55.1	46.5	48.7	55.1	35.1
23.03.2011	7.1	7	8.4	7.5	9.8	7.5	6.8	9.8	7.1
24.03.2011	23.9	23.5	26.8	24.2	22.6	27.3	29	22.6	29.1
25.03.2011	2	1.3	2.6	2.2	3.1	1.9	0.1	3.1	1.4
26.03.2011	1.3	0.1	1.3	0.8	1.4	0.1	0.9	1.4	0.9
27.03.2011	2.3	5.7	3	0.4	3.2	7.7	7	3.2	0.1
28.03.2011	8.4	4.5	5.3	6.8	5.6	4.1	3.2	5.6	5.3
29.03.2011	11.2	5.3	5.8	9.6	7.1	7	4.6	7.1	5
30.03.2011	1.7	0	0.8	0.5	2.6	4.1	0	2.6	2.8
31.03.2011	0	0	0	0	0	0	0	0	0
01.04.2011	0	0	0	0	0	0	0	0	0
02.04.2011	1.1	0	0	0.1	0	0	0.1	0	0.1
03.04.2011	20.9	17.6	15.5	17.9	26.1	19.1	19	26.1	18.3
04.04.2011	7.8	7.2	3.1	3.9	7.5	7.1	6.9	7.5	3.8
05.04.2011	13.8	7.9	12.1	13.9	12.8	8.5	7.1	12.8	14.3
06.04.2011	18.1	6.8	8.2	12.3	13.6	8.8	9.3	13.6	9.5
07.04.2011	13.2	7.8	9.2	10.5	12.3	10.2	9.5	12.3	8.9
08.04.2011	12.5	11.4	11.7	12.9	16.6	14.2	13.7	16.6	10.6
09.04.2011	3.1	3.5	5.8	3.7	5.3	1.9	4.3	5.3	5.3
10.04.2011	1.7	11	5.4	2.7	5.9	11.6	12.9	5.9	4
11.04.2011	0.8	2.9	1.6	1.7	1.2	2.9	3.4	1.2	1.4
12.04.2011	13.2	10.5	13.9	15.6	14.3	12.1	12.1	14.3	15.7
13.04.2011	1.5	0.1	1.5	0.5	4.2	3.5	0	4.2	4.5
14.04.2011	0	0	0	0	0	0	0	0	0
15.04.2011	1.6	0	0.2	1.9	3.5	0	0.1	3.5	1.4
16.04.2011	2.3	0	0.9	2.1	0.9	1.4	0.1	0.9	0.1
17.04.2011	4.7	15	7.2	2.5	15.2	19.6	19.1	15.2	5.9
18.04.2011	12.3	19.7	15	8.2	21.2	23.2	28.3	21.2	16.3
19.04.2011	0	0	0	0	0	0	0	0	0
20.04.2011	1.5	0	1.6	1.9	1.3	0.8	0.6	1.3	1.4
21.04.2011	0.1	0.7	0	0.1	0.2	1.2	0	0.2	0
22.04.2011	4.1	2.8	5.4	6.7	4.3	1.8	0.2	4.3	4.3
23.04.2011	0	0	0	0	0	0	0	0	0
24.04.2011	0	0	0	0	0	0	0	0	0
25.04.2011	0	0	0	0	0	0	0	0	0
26.04.2011	0.1	4	0.4	0	0	2	1.7	0	0
27.04.2011	0.2	0	0	0	0	0	0	0	0
28.04.2011	0	0	0	0	0	0	0	0	0
29.04.2011	0	0	0	0	0	0	0	0	0
30.04.2011	0	0	0	0	0	0	0	0	0
01.05.2011	0	0	0	0	0	0	0	0	0
02.05.2011	0	0	0	0	0	0	0	0	0
03.05.2011	0	0	0	0	0	0	0	0	0
04.05.2011	0	0	0	0	0	0	0	0	0
05.05.2011	0	0	0	0	0	0	0	0	0
06.05.2011	0	0	0	0	0	0	0	0	0
07.05.2011	3.4	2.6	3.3	3.7	3.6	2.7	3	3.6	3.3
08.05.2011	0	0	0	0	0	0	0	0	0
09.05.2011	0	0	0	0	0	0	0	0	0
10.05.2011	0.9	1.5	0.9	0.8	1.1	1.9	0.4	1.1	0.3
11.05.2011	0.1	0	0	0.1	0.7	0	0	0.7	0.3
12.05.2011	0	1.1	0	0	0	0	0	0	0
13.05.2011	0.8	1.5	1.1	1.6	1.8	2.2	2.4	1.8	1
14.05.2011	1.7	3.7	2.1	1.7	3.4	2.5	2.8	3.4	1.9
15.05.2011	0.1	4	0	0	0	0.3	2.7	0	0
16.05.2011	7.5	9.7	10.8	8.9	6.5	7.9	6.2	6.5	9.3
17.05.2011	2.1	0	1.9	2.7	2.7	0	1	2.7	2.8
18.05.2011	2.7	4.1	4.7	4	5.1	4.2	4	5.1	4.3
19.05.2011	7.3	2.8	3.3	6.7	8.2	5.2	4.5	8.2	4
20.05.2011	25.6	5.3	16.4	20.9	16.2	4.5	6.3	16.2	20.6
21.05.2011	7.8	2.9	3.6	5.6	4.2	3.9	3.6	4.2	4.2
22.05.2011	10.8	0	10	6.4	11	11.2	8.2	11	7.5
23.05.2011	5.6	3.9	5.1	6.2	8.6	5.5	5.9	8.6	5.9
24.05.2011	1.2	3.7	1.8	3.7	3.2	4.4	3.7	3.2	0.5
25.05.2011	33	11.6	18.8	26	21.3	14	13.9	21.3	22.7
26.05.2011	3.7	3.4	4.7	4.9	7.3	4.2	4.2	7.3	4.7
27.05.2011	0	1.8	0.5	0.4	2.1	1.8	0.5	2.1	0
28.05.2011	1.2	1.2	1.6	1.1	1.9	1	1.7	1.9	1
29.05.2011	2.1	0	0	3	2.7	0	0	2.7	0
30.05.2011	8.8	3.8	5.1	7.1	8	5.7	4.8	8	5.4
31.05.2011	2.3	1.8	1.7	1.8	2.9	2.5	3.3	2.9	1.7
01.06.2011	3.1	3.2	5.2	4.2	3	4.6	2.9	3	3.5
02.06.2011	3.3	0	3.9	1.7	4.6	4.4	4.6	4.6	2.5
03.06.2011	0.5	9.1	2.6	0.1	6.4	12.2	3.6	6.4	0
04.06.2011	5.5	3.6	5	5.5	5.5	5.2	5.6	5.5	5.4
05.06.2011	0	12	7	0	3.9	11.9	2.2	3.9	0
06.06.2011	0	0	0	0	0	0	0	0	0
07.06.2011	11.5	7.3	10	11.2	12.8	8.4	8.8	12.8	11.1
08.06.2011	4.4	2.7	3.6	3.8	3.4	2.8	3.8	3.4	3.4
09.06.2011	2.6	0.8	2.2	3.6	2.4	0.7	0.4	2.4	2.4
10.06.2011	16.8	12.3	15.3	17.2	18.4	14.9	15.7	18.4	17.5
11.06.2011	14.8	8.5	10	12.8	10.7	10.3	12.9	10.7	13
12.06.2011	3.2	6.9	5.1	3	7.7	7.5	9.5	7.7	5
13.06.2011	3.8	2.5	4.2	3.5	3.9	2.9	3.4	3.9	5.4
14.06.2011	0.8	0	0	1.2	1.3	0	0	1.3	0.2
15.06.2011	6	2.1	2.8	3.2	3.2	3.6	4	3.2	3.1
16.06.2011	0.7	0	0	0	0	0	0	0	0
17.06.2011	0.2	0	0	0	0	0	0	0	0
18.06.2011	8.3	9.2	6.6	4.2	9.3	9.8	10.3	9.3	7.2
19.06.2011	0.1	1	1	0.7	0.5	0.6	0.1	0.5	0.3
20.06.2011	3.9	6	7.9	5.9	9.7	5.6	5.1	9.7	8
21.06.2011	0.1	4.2	8.1	0.1	6	3.5	2.9	6	3.2
22.06.2011	0	0	0	0	0	0	0	0	0
23.06.2011	0.1	0.6	1.2	0.1	1	0.3	1.9	1	0.2
24.06.2011	5	6.9	9.5	7.3	7	7.2	7.2	7	11.5
25.06.2011	0	0	0	1	7.8	0.1	0	7.8	5.4
26.06.2011	0.3	0	0	0.1	0.1	0	0	0.1	0.1
27.06.2011	1.8	1.1	0.7	1.6	1.9	1.6	2	1.9	0.7
28.06.2011	20.2	10.6	15.1	17.7	20.9	15.3	14	20.9	15.4
29.06.2011	24.5	14.6	20.8	25.5	21	16.6	12.4	21	23.8
30.06.2011	21.9	16.3	22.4	22.1	21.3	16.9	17.1	21.3	24.3
01.07.2011	4	4	5.7	5.4	5.4	4.2	4.4	5.4	6.2
02.07.2011	1.2	0.9	1.4	1	1	0.9	1.1	1	1.8
03.07.2011	1.9	0	2.7	1.9	2	1.5	1.1	2	2.3
04.07.2011	2	3.4	2.5	2.7	4.6	3.1	4.7	4.6	3.2
05.07.2011	0.3	0	0	0.2	0.1	0	0	0.1	0
06.07.2011	0	0	0	0	0	0	0	0	0
07.07.2011	1.8	0	0	1.9	0.9	0	0	0.9	0
08.07.2011	6.8	9.5	6	5.5	7.5	11.7	12.8	7.5	6.1
09.07.2011	7.6	6.2	5.5	8.3	8.4	5.1	5	8.4	6.4
10.07.2011	0.1	0.3	0.3	0.6	0.6	0.3	0.1	0.6	0.1
11.07.2011	2	0.5	0.6	1.6	1.3	1.8	1.9	1.3	0.6
12.07.2011	15.9	7.6	9.5	11.2	11.1	10.1	9.3	11.1	9
13.07.2011	0	0	0	0	0	0	0	0	0
14.07.2011	0	0	0	0	0	0	0	0	0
15.07.2011	0	0	0	0	0	0	0	0	0
16.07.2011	0	0	0	0	0	0	0	0	0
17.07.2011	0.6	2	0	0.2	0	0.1	0.8	0	0
18.07.2011	2.2	1.5	0.1	1.1	2.7	2.7	3.6	2.7	0.1
19.07.2011	0.5	0	0	0	0	0	0	0	0
20.07.2011	9.7	5.9	4.8	7.8	6	7.5	6.9	6	5
21.07.2011	6.7	3.3	6.3	8.4	6.9	5.1	4.1	6.9	7.4
22.07.2011	0.3	0.4	0.7	1	0.7	0.7	0.8	0.7	0.3
23.07.2011	6	15.3	10.2	7.2	12.2	13.5	15.4	12.2	8.5
24.07.2011	1.5	6	3.1	1.2	2.1	3.2	4.3	2.1	1.7
25.07.2011	77.2	28.1	41.6	56.2	33.8	31.8	25.7	33.8	47.1
26.07.2011	5.3	8	4.1	3.9	6.8	9.5	10.1	6.8	2.8
27.07.2011	1	1.8	2.2	2	1.4	1.6	0.8	1.4	1.5
28.07.2011	0	0	0	0	0.1	0	0	0.1	0
29.07.2011	0	9.1	3.7	0	2.5	8.1	5.7	2.5	0
30.07.2011	0	0	0	0	0	0	0	0	0
31.07.2011	0	0	0	0	0	0	0	0	0
01.08.2011	0.2	0	0	0.1	0.2	0	0	0.2	0.1
02.08.2011	0	0	0	0	0	0	0	0	0
03.08.2011	0.5	4	4.3	3.1	3.2	5	3.1	3.2	1.9
04.08.2011	6.2	3.6	4.9	6	4.5	4.9	4.6	4.5	4.5
05.08.2011	0	3.4	0.2	0	0.1	1.8	0.1	0.1	0
06.08.2011	2.9	0.5	0.3	1.7	0.5	1.6	1.8	0.5	0.1
07.08.2011	2.8	0	1.8	2.4	5.3	0.1	0	5.3	3.8
08.08.2011	0.9	1.9	0.7	0.2	0.8	2	2.2	0.8	0.1
09.08.2011	3.3	1.9	3.1	3.5	3.6	7.2	4.8	3.6	2.8
10.08.2011	1.2	0.1	6.6	3.6	0.1	0.1	0.1	0.1	1.6
11.08.2011	0.7	0	1.4	1.4	2.7	2.1	0	2.7	1.1
12.08.2011	0.2	0	0	0.1	0.2	0	0	0.2	0
13.08.2011	0	0	0	0	0	0	0	0	0
14.08.2011	0	0	0	0	0	0	0	0	0
15.08.2011	3	4	1.9	1.8	3.7	4.4	5.3	3.7	2
16.08.2011	12	11.8	15.7	17.1	22.5	13.6	12.5	22.5	17.6
17.08.2011	0.3	1	0.3	0.6	1.3	1.1	1.6	1.3	0.3
18.08.2011	4.6	2.5	4.2	3.9	3.1	2.2	1.7	3.1	4
19.08.2011	2.1	0	2.9	1.5	1.9	1.7	1.7	1.9	2.7
20.08.2011	0.8	3	2.4	1	2.4	2.7	2.6	2.4	1.8
21.08.2011	3.4	0.1	4.1	3.5	3.3	2.9	2.1	3.3	3.8
22.08.2011	8	0	7.7	6.1	10.2	8.5	6.3	10.2	6.6
23.08.2011	1.7	0	1.7	2	2.6	0	1.9	2.6	2.3
24.08.2011	0	0	0	0	0.2	0	0	0.2	0
25.08.2011	1.5	3.1	1.5	1.7	3.3	3.3	3.9	3.3	1.2
26.08.2011	2.4	0	3.8	3.3	4.5	3	2.1	4.5	3.4
27.08.2011	4.9	6.9	3.2	4.4	8.5	6.4	6.2	8.5	4.8
28.08.2011	24.9	20.5	20.9	25.4	22.6	19.5	18.2	22.6	22.5
29.08.2011	18.1	18.7	19.8	20.1	19.5	18.2	15.8	19.5	19.6
30.08.2011	1.4	0	1.8	0.8	1.2	1.5	0.9	1.2	1.6
31.08.2011	2.5	2.9	3.6	3.5	3.8	4.2	3.7	3.8	3.2
01.09.2011	0.1	0	0	0	0	0	0	0	0
02.09.2011	0	0	0	0	0	0	0	0	0
03.09.2011	3.9	6.7	4.4	1.5	5.7	8.3	9.4	5.7	4.3
04.09.2011	7.3	5.3	6.4	5.3	11	8.2	9	11	6.4
05.09.2011	6.3	14.7	7.4	2.3	10.2	17.4	16.3	10.2	5.6
06.09.2011	10	6.5	6.4	7.7	8.3	8.2	8.3	8.3	7
07.09.2011	0.1	1.4	1.3	1.1	2.1	2	1.4	2.1	0.1
08.09.2011	7.5	2.2	4.6	7.4	7.6	4.4	4	7.6	5.7
09.09.2011	3.9	5.9	3.3	2.3	6.7	6.5	6.7	6.7	4.1
10.09.2011	0.1	0.9	1.5	1.4	0.9	0.7	0.4	0.9	0.7
11.09.2011	3.5	1.8	2.4	2.8	2.6	2.2	2	2.6	2.4
12.09.2011	4.7	5.8	5.7	4.2	6.5	6.4	7.1	6.5	5.8
13.09.2011	3.5	3.1	3.2	3.1	3.3	3.1	3.3	3.3	2.9
14.09.2011	12.9	7.8	12.6	14.1	6.6	15.4	12.3	6.6	12.5
15.09.2011	3.5	4	5.2	5.6	5.8	5.6	4	5.8	5.5
16.09.2011	2.4	6.4	3.8	1.4	3.9	11.7	11.3	3.9	4
17.09.2011	0	0	0	0	0	0	0	0	0
18.09.2011	0	0	0	0	0	0	0	0	0
19.09.2011	1.7	6.6	3.4	2.4	3.7	6.3	4.9	3.7	1
20.09.2011	5.1	2.2	2.6	3.1	4.7	3.5	3.9	4.7	2.7
21.09.2011	6.6	0	6	4.2	4.6	3.7	2.4	4.6	5.6
22.09.2011	1.2	0.6	1.3	0.5	2.2	2.7	3.6	2.2	1.3
23.09.2011	11.5	6.7	8.9	13.8	13.1	9.9	12.2	13.1	10.6
24.09.2011	0.1	0	0.7	1.5	1.1	0.8	0.3	1.1	0.2
25.09.2011	1	0	1.5	1.7	1.6	1.6	0.7	1.6	1.1
26.09.2011	1.4	0	2.6	0.1	3.4	3.9	2.2	3.4	1.6
27.09.2011	25.7	13.8	19.5	21.9	23.5	15	15	23.5	22.4
28.09.2011	14.7	6.6	7.7	12.1	9.8	10	11.8	9.8	7.7
29.09.2011	1.4	5.6	2.1	2.4	2.3	6.8	6.2	2.3	0.7
30.09.2011	0	0	0	0	0.4	0	0	0.4	0
01.10.2011	0	0	0	0	0.5	0	0	0.5	0
02.10.2011	25.8	17.3	24.5	26.6	28.7	17.5	15.4	28.7	27.7
03.10.2011	0.1	4.9	2.2	0.1	6.5	7.8	3	6.5	0
04.10.2011	20.5	8.5	15.3	19	16.4	11.4	8.3	16.4	17.5
05.10.2011	41.3	16	24.5	31.5	26.3	20	20.4	26.3	29
06.10.2011	28.4	11.1	17.7	23.4	17.9	14.8	13.6	17.9	20.4
07.10.2011	51.1	20.9	32.8	44.9	39.8	22.8	18.6	39.8	39
08.10.2011	33.3	28.6	37.4	32.4	32.8	31.7	20.6	32.8	37.6
09.10.2011	0.1	1.4	1.9	1.8	1.5	1.1	0.6	1.5	0.9
10.10.2011	28.7	12.5	16.3	18.5	20.4	14.7	13.5	20.4	17
11.10.2011	31.2	14.4	18.7	25.4	19.8	15.9	16.6	19.8	21.1
12.10.2011	22.2	19.7	23.5	25.3	26.4	20.6	15.2	26.4	22.6
13.10.2011	5.1	18.4	11.4	4.2	11.8	20.3	21.5	11.8	10.3
14.10.2011	0.7	0	0	0	0	0	0	0	0
15.10.2011	0	0	0	0	0	0	0	0	0
16.10.2011	0	0	0	0	0	0	0	0	0
17.10.2011	0.3	0	0	0.2	0.3	0	0	0.3	0.1
18.10.2011	1.4	2.5	0.9	1	1	3.9	4.2	1	0.1
19.10.2011	14.7	13.9	8.8	12.7	14	17.8	15	14	9.9
20.10.2011	18.8	17.5	22.2	20.1	25.3	22.9	13.5	25.3	20.5
21.10.2011	3.2	6.9	4.9	3.1	5.3	7.7	7.2	5.3	3.4
22.10.2011	3.7	3.7	6.5	4	6.6	4.5	5.7	6.6	7.7
23.10.2011	1.1	0	1.7	0.4	1.8	0.2	1.6	1.8	0.8
24.10.2011	0	0	0	0	0	0	0	0	0
25.10.2011	0	0	0	0	0	0	0	0	0
26.10.2011	0	0	0	0	0	0	0	0	0
27.10.2011	1.9	1.1	2.4	3.8	1.4	1	0.7	1.4	1.7
28.10.2011	0.1	1.8	1.4	1.2	0.4	3	2	0.4	0.2
29.10.2011	12.5	3.3	5.7	8.1	6.5	4.9	4.4	6.5	6.2
30.10.2011	5	3.1	5.3	3.8	6.6	5	7.6	6.6	6.5
31.10.2011	13.9	8.9	13.7	15.4	15.4	10	8	15.4	15.3
01.11.2011	9.8	5	8	9.2	5.5	5.6	5.4	5.5	8.8
02.11.2011	11.1	4	9.6	12.3	9	7.2	7.6	9	12.4
03.11.2011	0.1	0	0	0	0	0	0	0	0
04.11.2011	0	0	0	0.9	3.6	0	0	3.6	0.4
05.11.2011	0.4	2.8	2.7	0.3	0.5	3.4	3.4	0.5	0.2
06.11.2011	10.5	5.8	4.5	5.2	8.9	7.1	7	8.9	4.5
07.11.2011	1.5	3.9	1.9	0.4	3.2	4.4	5.8	3.2	2
08.11.2011	0	0	0	0	0	0	0	0	0
09.11.2011	0	0	0	0	0	0	0	0	0
10.11.2011	0.1	0	0	0.1	0.2	0	0	0.2	0
11.11.2011	0	0	0	0	0	0	0	0	0
12.11.2011	0	0	0	0	0	0	0	0	0
13.11.2011	1.2	1.8	1.3	1.3	0.9	1.4	0.8	0.9	0.5
14.11.2011	0.7	3	2.2	3.1	2.9	3.1	1.1	2.9	1.7
15.11.2011	0.1	0	0	0	0	0	0	0	0
16.11.2011	0	0	0	0	0	0	0	0	0
17.11.2011	0	0	0	0	0	0	0	0	0
18.11.2011	0.9	0	0	2.2	2.6	0.1	0	2.6	0.7
19.11.2011	17	7.9	9.7	13.9	10.1	10.5	8.5	10.1	10
20.11.2011	6.2	3.7	5.3	8.7	8.2	5	5.6	8.2	6.8
21.11.2011	0.8	1	0.9	1.7	1.9	0.6	0.6	1.9	1.1
22.11.2011	0.8	0	0	0.5	0.7	0	0	0.7	0.1
23.11.2011	0.1	0	0	0.1	0.1	0	0	0.1	0
24.11.2011	28.7	18.1	19.6	23.7	25.5	20.3	21.5	25.5	21.9
25.11.2011	23.2	9.6	17	21	19.7	14.6	14.4	19.7	20.4
26.11.2011	24.4	19.7	19	17.6	17.3	21.3	19.8	17.3	17
27.11.2011	27	23.7	28.4	30.2	27	26.7	26.1	27	31.4
28.11.2011	13.3	14.2	16.6	13.7	16.1	15.9	16.3	16.1	14.6
29.11.2011	10.5	8.8	3.4	5.5	12.7	10	8.7	12.7	3.4
30.11.2011	24.6	14.5	16.3	23.1	27	21.2	22.3	27	16.4
01.12.2011	20.9	15.6	14.9	21.2	23.2	19.7	19.7	23.2	15.7
02.12.2011	12.2	14.9	17.4	18.1	18	16.6	13.9	18	16.8
03.12.2011	2.6	1.9	2.6	2.7	0.1	1.1	0.5	0.1	0.7
04.12.2011	30.7	8	14.2	24.2	17.4	13.7	11.6	17.4	16.4
05.12.2011	17.4	12.6	15.1	17.7	13.9	14	11	13.9	11.8
06.12.2011	16.6	12.4	15.2	17.9	11.7	11.6	7.4	11.7	14.2
07.12.2011	2.7	3.6	0.5	2.8	3.6	3.6	4.8	3.6	0.2
08.12.2011	0.1	0	0	0.2	0.1	0.1	0	0.1	0
09.12.2011	0.6	1.3	0.1	0	0	0	1.1	0	0
10.12.2011	0.8	1.6	1.3	0.8	1.5	1.5	1.4	1.5	1.3
11.12.2011	0.2	4.6	0	0	0	2.6	0	0	0
12.12.2011	1.3	0.5	0.6	0.9	1.7	2.5	2.3	1.7	0.1
13.12.2011	0.1	1.8	4.7	5.6	1.1	0.9	1.1	1.1	3.7
14.12.2011	0	0	0	0	0	0	0	0	0
15.12.2011	11.4	13.2	8.7	9.8	19	18.3	18	19	5.1
16.12.2011	7.9	9.9	6.1	4.9	8.9	9.2	9	8.9	5.4
17.12.2011	0	0	0	0	2.9	0	0	2.9	0
18.12.2011	2	0.6	2.3	3.8	3.4	1.8	0.1	3.4	2.1
19.12.2011	20.1	9.8	20.9	21.2	23.9	16.8	14.2	23.9	20.8
20.12.2011	10.5	8.2	6.7	7.1	7.9	11	8.3	7.9	8.1
21.12.2011	0.2	2.2	3.9	2.9	0.9	0.8	0.1	0.9	1
22.12.2011	3.7	2.8	3.3	3.8	3.8	2.6	3	3.8	3.2
23.12.2011	14.5	7.8	15.7	14.8	18.8	10.9	10.9	18.8	19.1
24.12.2011	19.9	12.2	15.7	17.3	13.4	8.7	10.3	13.4	17
25.12.2011	19.2	11.2	14.4	16.9	12.3	9.2	7.4	12.3	13.9
26.12.2011	30.4	18.7	20.4	22.9	24.7	20.3	20.7	24.7	21.6
27.12.2011	40.5	36.8	36.9	37.9	35.4	39	37.2	35.4	36.3
28.12.2011	3.9	2.6	4.4	4.6	2.8	4	3.4	2.8	4.3
29.12.2011	7	4.7	3.9	4.5	7	6.2	7.3	7	4.3
30.12.2011	3	2.8	5.3	3.6	4.5	2.5	1.4	4.5	4.7
31.12.2011	1.4	5.8	2.7	1	4.9	5.2	5	4.9	1.8
01.01.2012	7.8	6.1	6	5.4	7.8	7.2	6.9	7.8	5.8
02.01.2012	3.1	1.7	1.4	1.2	2.6	3.7	3.1	2.6	1.6
03.01.2012	6.9	2.4	3.4	4.2	7.5	4.1	5.1	7.5	5.2
04.01.2012	5.2	4.1	4.8	5.3	5.6	5.2	4	5.6	4.1
05.01.2012	9.2	5.9	9.1	10.3	5.9	4.8	3.6	5.9	7.9
06.01.2012	2.4	1.9	2.4	1.7	1.8	1.5	1.5	1.8	1.8
07.01.2012	7.4	5.1	10.6	10.7	12.7	7.9	7.5	12.7	9.1
08.01.2012	2.2	1	0.6	2.6	0.3	2.8	2.8	0.3	0.2
09.01.2012	2.3	2	2.8	2.4	3.6	2.2	1.8	3.6	2.2
10.01.2012	10	5.6	7.5	9.6	8.3	6.8	5.8	8.3	8.2
11.01.2012	18.3	13.9	15.8	18.9	20.4	15.4	14.3	20.4	14.5
12.01.2012	23	23.2	21.6	20.2	26.3	20.4	18.8	26.3	21.4
13.01.2012	15.5	16	18.9	16.4	22.7	18.3	16.8	22.7	18.4
14.01.2012	6.2	2.8	5.6	7	9.6	4.6	2.7	9.6	6.5
15.01.2012	0.1	0.6	3.4	2.4	0.8	0.1	0.1	0.8	1
16.01.2012	0.6	0	0	0.7	1.4	0	0	1.4	0
17.01.2012	0	0	0	0	0	0	0	0	0
18.01.2012	0.1	0	0	0	0	0	0	0	0
19.01.2012	24.4	14.3	16.4	16.8	18.1	15.9	14.3	18.1	15.8
20.01.2012	18.6	12.5	9	12.4	13	8.2	11.6	13	12.9
21.01.2012	0.7	0	0	0	0	0	0.1	0	0
22.01.2012	0	0	0	0	0	0	0	0	0
23.01.2012	0	0	0	0	0	0	0	0	0
24.01.2012	0	0	0	0	0	0	0	0	0
25.01.2012	0	0	0	0	0	0	0	0	0
26.01.2012	0	0	0	0	0	0	0	0	0
27.01.2012	0	0	0	0	0	0	0	0	0
28.01.2012	0	0	0	0	0	0	0	0	0
29.01.2012	0	0	0	0	0	0	0	0	0
30.01.2012	0	0	0	0	0	0	0	0	0
31.01.2012	0	0	0	0	0	0	0	0	0
01.02.2012	0	0	0	0	0	0	0	0	0
02.02.2012	0.2	0	0	0.3	1.2	0	0	1.2	0.1
03.02.2012	10.7	4.4	8.8	10.6	6.8	5.6	6.3	6.8	10.6
04.02.2012	0	1.4	0	0	0	0.6	1	0	0
05.02.2012	0	0	0	0	0.5	0	0	0.5	0
06.02.2012	3.5	2.5	2.3	2.4	2.7	2.7	3.1	2.7	1.4
07.02.2012	0	0	0	0	2.2	0.1	0	2.2	2.2
08.02.2012	0	0	0	0	0	0	0	0	0
09.02.2012	0	0	0	0	0	0	0	0	0
10.02.2012	0.1	0.9	0.6	0.1	0.5	0.4	0.6	0.5	0.5
11.02.2012	0	0	0	0	0	0	0	0	0
12.02.2012	4.3	5.1	2.6	3.1	5.4	8.1	7.6	5.4	2.4
13.02.2012	4	3.1	3.5	3.2	2.5	3.4	3.8	2.5	2.7
14.02.2012	9.1	7.9	9.4	11.4	15.2	9.2	5.1	15.2	9.1
15.02.2012	19.8	18	19.1	19.8	20.4	22.9	22.1	20.4	20.2
16.02.2012	4.9	4.8	3.8	4.8	6	3.9	5.2	6	3.8
17.02.2012	6.1	4.4	4.7	6.2	8.4	4.6	3.2	8.4	4.2
18.02.2012	9.3	8.6	3.3	6.3	13.3	8.7	9.3	13.3	5.4
19.02.2012	15.7	7.9	13.3	15.4	20.5	11.1	11.1	20.5	14.6
20.02.2012	7.7	7.1	4	4.7	13.9	8.4	8.5	13.9	5.5
21.02.2012	19.4	10.2	14.7	13.6	17.9	10.1	12.8	17.9	14
22.02.2012	9.9	6.9	9.4	10.3	8.8	7.8	7	8.8	10.4
23.02.2012	23.3	16.5	21.9	22.1	23.4	17.4	16.9	23.4	24.7
24.02.2012	11.9	5.2	6.4	11.6	9.3	7.7	8.3	9.3	5.9
25.02.2012	27.2	13.5	25.7	29.6	20.3	12.9	13.8	20.3	27.1
26.02.2012	1.1	0.9	1.5	1.6	1.9	1.1	0.8	1.9	1
27.02.2012	1.2	1.2	0.9	1.1	0.1	0.8	0.8	0.1	0.1
28.02.2012	18.3	6.7	9	16.5	13.8	9.8	8.3	13.8	10
29.02.2012	14.2	21.8	13.4	12.7	22.4	28.2	26.8	22.4	15.3
01.03.2012	1.2	2.9	1.8	1.2	3.7	4.7	6.1	3.7	1.9
02.03.2012	3.8	8.7	12.9	14.8	15.9	9.5	5.2	15.9	8.4
03.03.2012	0	0	0	0	0	0	0	0	0
04.03.2012	0	0	0	0	0	0	0	0	0
05.03.2012	0	0	0	0	0	0	0	0	0
06.03.2012	0	0.9	0.1	0	0.9	0.2	0.1	0.9	0
07.03.2012	0	0	0	0	1.6	1.3	0	1.6	0
08.03.2012	2.9	0.9	4.4	2.9	2.3	0.1	0.1	2.3	3.1
09.03.2012	15.4	20.6	21.4	18.6	29.1	34.9	33.7	29.1	24.3
10.03.2012	29.9	15.5	24.2	24.4	34.7	22.2	26.4	34.7	31.5
11.03.2012	10.9	3.2	4.7	9.3	9.5	7.6	5.9	9.5	5.3
12.03.2012	3.3	14.3	2.6	3.5	14.5	14.2	9.8	14.5	6.8
13.03.2012	13.9	16.1	19.2	17.5	19.3	12.2	9.6	19.3	16.1
14.03.2012	4.8	1.8	6	3.6	5.5	4.3	5.9	5.5	3.5
15.03.2012	0.9	0	0	4.3	3	0	0	3	0.7
16.03.2012	2.7	0.1	2.8	2.2	4.9	3.3	4.6	4.9	3.1
17.03.2012	7.1	2.7	5.5	6.7	3.9	4.4	6.4	3.9	5.6
18.03.2012	3.2	1.2	1.2	2.4	3.6	2.9	2.6	3.6	1.6
19.03.2012	11	1.5	4.4	8.8	9	6.3	3.4	9	6.4
20.03.2012	9.9	2.8	3.5	8.8	7.4	7.3	5.4	7.4	4.3
21.03.2012	21.6	16.5	10.9	18.1	24.2	18	17.8	24.2	15.5
22.03.2012	4.3	11	4.4	2.8	12.2	13.8	15	12.2	5.4
23.03.2012	1.5	2.5	0.9	0.7	4.7	3.4	3.9	4.7	2.4
24.03.2012	0	0	0	0	0	0	0	0	0
25.03.2012	0	0	0	0	0.1	0	0	0.1	0
26.03.2012	0	0	0	0	0	0	0	0	0
27.03.2012	8.4	21.8	14.2	9.3	16.8	22.5	23.2	16.8	14.1
28.03.2012	2.4	2.2	2.5	2.5	3.3	2.5	2.1	3.3	2.3
29.03.2012	11.9	8.7	15	13.7	15.5	7.5	9.1	15.5	15.4
30.03.2012	9.5	25.7	11.4	8.9	19.6	29.4	26.3	19.6	6.9
31.03.2012	4.7	5.5	4.8	4.1	8.1	8	6.7	8.1	3.3
01.04.2012	6	17.5	8.2	4.1	9	19.1	20.9	9	6.6
02.04.2012	14.2	7.9	10.7	12.4	14	7.5	5.7	14	9.3
03.04.2012	5.3	15.5	9	5	10.3	13.8	12.8	10.3	4.8
04.04.2012	0.2	4.2	0	0	0	2.6	0	0	0
05.04.2012	2.8	4.4	1.7	0.6	3.4	4.7	6.3	3.4	1.9
06.04.2012	2.6	7.1	3.2	1.5	4.5	8.5	8.2	4.5	2.4
07.04.2012	0.1	0	0	0	0	1.6	0	0	0
08.04.2012	0	0	0	0	0	0	0	0	0
09.04.2012	2.5	3	4.1	4.6	1.8	2.1	1.4	1.8	2.3
10.04.2012	1.1	0.1	0.3	0.9	0.2	0.1	0.1	0.2	0.1
11.04.2012	0.1	2.2	0.2	0.6	1.2	1.6	0.5	1.2	0.3
12.04.2012	0.5	1.5	2.4	1.3	1.4	1.8	2.7	1.4	3.6
13.04.2012	0.8	1.4	2.3	0.2	0.2	0.3	0.4	0.2	0
14.04.2012	14.9	12.9	11.9	10.3	14.5	13.9	15.5	14.5	14.4
15.04.2012	0	3.4	4.3	0	1.8	2.9	0.8	1.8	0
16.04.2012	0	0	0	0	0	0	0	0	0
17.04.2012	0	0	0	0	0	0	0	0	0
18.04.2012	0	0	0	0	0	0	0	0	0
19.04.2012	0	0	0	0	0	0	0	0	0
20.04.2012	0	0	0	0	0	0	0	0	0
21.04.2012	0.9	0.6	1	1.2	0.8	0.3	0.2	0.8	1.1
22.04.2012	1.6	1.4	1.7	2.5	1.5	0.9	0.4	1.5	1.1
23.04.2012	0	0	0	0	0	0	0	0	0
24.04.2012	0.8	1.6	2	1.7	1.6	1.8	2.1	1.6	2.6
25.04.2012	2	0.9	1.9	1.3	1.4	0.7	1	1.4	2
26.04.2012	10.1	7.4	6.3	8.1	7.1	5.6	6.9	7.1	7.4
27.04.2012	3.3	1.5	2.5	4.1	2.6	1.6	1.7	2.6	3.3
28.04.2012	3.4	1.5	2.5	4	3.5	2.5	2.2	3.5	2.7
29.04.2012	9.1	3.4	6.7	7.5	3.8	3.1	2	3.8	5.4
30.04.2012	0	0	0	0	0	0	0	0	0
01.05.2012	0	0	0	0	0	0	0	0	0
02.05.2012	0	0	0	0	0	0	0	0	0
03.05.2012	0	0	0	0	0	0	0	0	0
04.05.2012	5.6	5.9	5.7	6.4	6.9	5.6	5.9	6.9	7.3
05.05.2012	0	4.7	1.8	0	2.2	6	1.6	2.2	0
06.05.2012	4	7.7	5	4.8	5.4	8.4	3.7	5.4	2.9
07.05.2012	3.6	10	4.6	2.1	9	11.1	10.4	9	3.2
08.05.2012	0.2	5.1	0.2	0.6	3.8	7.2	2.9	3.8	0
09.05.2012	0.7	1.5	3.2	2.2	0.7	0.1	0.1	0.7	1.3
10.05.2012	0	0.1	0	0.3	2.5	2.5	0	2.5	0
11.05.2012	0	0	0	0	0	0	0	0	0
12.05.2012	3.9	5	5.1	4	3.6	4.1	3.5	3.6	4.4
13.05.2012	0.3	6	1.7	0.4	2.6	6.7	1.9	2.6	0
14.05.2012	5.3	1.7	0.7	6.2	6.5	6.8	4.2	6.5	1.2
15.05.2012	22.4	18.8	19.6	23.9	26.4	18.7	16.6	26.4	21.8
16.05.2012	0.5	2	1.5	0.5	1.9	2.8	0.1	1.9	0
17.05.2012	0.2	3	0.1	0.3	4.7	3.5	0.1	4.7	0
18.05.2012	3.1	5.4	2.9	3.8	5	9.1	6.3	5	4.6
19.05.2012	0.7	6.6	3.3	2.9	4.8	7.1	4.8	4.8	0.9
20.05.2012	0.3	3.8	0.3	0	0	0.6	1.4	0	0
21.05.2012	0.1	0.4	0	0	0	0	0.2	0	0
22.05.2012	0	0	0	0	0	0	0	0	0
23.05.2012	0	0	0	0	0	0	0	0	0
24.05.2012	0.1	0	0	0	0	0	0.1	0	0
25.05.2012	0.1	0.2	0	0	0	0	0	0	0
26.05.2012	1	0.7	0.5	0.6	0.7	1	0.3	0.7	0
27.05.2012	0.3	0.2	0	0	0	0.1	0	0	0
28.05.2012	1.4	11.1	6.9	1.1	6.3	11.2	3.8	6.3	1.1
29.05.2012	0.5	5.1	1	0.4	2.6	5.1	2	2.6	0
30.05.2012	0.1	5.2	0.4	0	0	2.2	2.1	0	0
31.05.2012	0.4	0.8	0.5	0.3	0	0.6	0.8	0	0.6
01.06.2012	0.7	5.4	1.9	0.1	3.9	7.4	7.9	3.9	2.9
02.06.2012	0.6	7.3	3.5	0.3	3.3	7.4	3.3	3.3	0
03.06.2012	0.1	5.8	3.3	0.1	4.7	7	8.7	4.7	3
04.06.2012	8.1	12.1	4.7	3.9	11.4	14.3	11.3	11.4	7.3
05.06.2012	4.6	3.8	2.2	2.2	2.8	3.5	3	2.8	2.8
06.06.2012	2.1	2	3.1	3.6	2.5	1.7	1.2	2.5	2.9
07.06.2012	0.7	0	0	0	0	0	0	0	0
08.06.2012	0	0	0	0	0	0	0.1	0	0
09.06.2012	0	0	0	0	0	0	0	0	0
10.06.2012	0	0	0	0	0	0	0	0	0
11.06.2012	0	3.7	0.3	0	1.4	2.1	3.6	1.4	0
12.06.2012	0	0	0	0	0	0	0	0	0
13.06.2012	0	0	0	0	0	0	0.1	0	0
14.06.2012	0	3.8	0.5	0	0	0.2	1.7	0	0
15.06.2012	0	0	0	0	0	0	0	0	0
16.06.2012	0	6.4	1.2	0	1.3	2.5	2.2	1.3	0
17.06.2012	0.5	0	0	0.3	0	0	0	0	0
18.06.2012	0.7	3.3	1.3	1.6	2.6	4.4	1.5	2.6	0.4
19.06.2012	4.3	4.6	6.2	4.8	4.5	4.1	5.3	4.5	6.8
20.06.2012	0.1	2.2	0.9	0.5	0.5	1.8	0.8	0.5	0.1
21.06.2012	3.1	4.5	2.8	3	4.6	6.6	8.1	4.6	4.3
22.06.2012	0	0	0	0	0	0	0	0	0
23.06.2012	0	0	0	0	0	0	0	0	0
24.06.2012	0.1	0	0	0	0	0	0	0	0
25.06.2012	1.3	1.9	1.9	1.9	1.2	1.6	0.7	1.2	1.1
26.06.2012	2.3	7.4	5.2	3	7.1	8.2	9.9	7.1	5.8
27.06.2012	0.2	0.3	1	0.3	1	1	1.4	1	0.6
28.06.2012	0	0	0	0	0	0	0	0	0
29.06.2012	0.1	0.8	0	0.2	1.1	0.2	0	1.1	0
30.06.2012	3.9	6.5	6	4.4	10.6	9.3	9.9	10.6	4.1
01.07.2012	15.5	0	14.7	10.1	15.2	12	8.7	15.2	12.6
02.07.2012	4.1	0.1	5.1	3.8	3.9	1.7	0.9	3.9	4.4
03.07.2012	0.5	0	0	0.1	1.2	0	0	1.2	0.7
04.07.2012	0	0.5	0	0	0	0	0	0	0
05.07.2012	0.9	0.5	1.1	0.8	0.3	0.1	0.8	0.3	0.7
06.07.2012	0	0	0	0	0	0	0	0	0
07.07.2012	0	0	0	0	2.6	0	0	2.6	0
08.07.2012	1.7	5.1	4.2	2.7	3.9	5.6	4	3.9	3.2
09.07.2012	1	2.3	2.7	0.3	0	2.5	3.6	0	4.5
10.07.2012	0	11.6	17.2	9.9	1.7	6.6	15.8	1.7	15.4
11.07.2012	0.2	1.8	0.1	0.1	0.9	3	5.1	0.9	0.1
12.07.2012	2.8	2.9	1.9	2.5	2.4	3.5	3.6	2.4	1.8
13.07.2012	0.5	3.4	1.9	0.5	1.2	3.7	4.7	1.2	1.3
14.07.2012	1.2	0.1	2.7	1.7	4.4	6.8	4.4	4.4	2.5
15.07.2012	0.8	0.1	2.8	2.5	2.9	3	0.6	2.9	1.7
16.07.2012	1.8	4.4	2.6	1.3	4.7	5.3	6.8	4.7	3.1
17.07.2012	4	3.9	3.1	4	3.7	4.5	5.9	3.7	3.9
18.07.2012	10.1	7.4	7.2	9.5	6.2	7.5	3.4	6.2	5.4
19.07.2012	0	0	0	0	0.1	0	0	0.1	0
20.07.2012	0	6.5	6.2	0	0	7.3	9	0	5
21.07.2012	0.1	0.1	2.9	0.1	0	4.5	1.9	0	1.9
22.07.2012	8.3	5	7.4	10	11.8	7.6	9.2	11.8	9.6
23.07.2012	18.6	4.4	8	13.6	11.8	8.4	9.2	11.8	10
24.07.2012	0.5	0	2.4	1.6	0.6	0.1	0.1	0.6	1.6
25.07.2012	0	0	0	0	0.3	0	0	0.3	0
26.07.2012	1.1	0	0	1.3	1	0	0	1	0.1
27.07.2012	0.2	0.3	0.2	0.1	0.2	0.3	0.1	0.2	0
28.07.2012	7.6	4.5	7.2	8.3	9.2	5.9	5.3	9.2	7.8
29.07.2012	17.5	11.8	18.1	24.1	19.7	9.3	7.7	19.7	22.8
30.07.2012	0.1	0	0	0.1	0.1	0	0	0.1	0
31.07.2012	0	6.6	0.8	0	0.8	5.9	1.9	0.8	0
01.08.2012	1.8	0.1	1.7	2.6	2.1	0.1	2.3	2.1	2.3
02.08.2012	0.7	3.4	2.1	4.8	5.5	1.3	1.3	5.5	1.5
03.08.2012	0	0	0	0.1	0.5	0	0	0.5	0
04.08.2012	25	18.6	18.2	19.9	28.9	19.1	9.1	28.9	14
05.08.2012	1.5	0	3.8	1.3	2	1.3	0.4	2	3.1
06.08.2012	2.6	0.2	1	2.3	2	0.3	0.2	2	1
07.08.2012	0.1	0.3	3.4	0.1	0.1	0.2	3.6	0.1	0.5
08.08.2012	1.2	0.1	0.7	0.1	1.1	1	0.5	1.1	0.3
09.08.2012	1.2	1.7	2.4	2.7	4.6	2.6	1.3	4.6	2.2
10.08.2012	3.1	5.4	5.3	5.5	5.5	5.1	3.2	5.5	3.4
11.08.2012	0.3	0.8	1.2	1.1	0.2	0.3	0.2	0.2	0.5
12.08.2012	0	0	0	0	0	0	0	0	0
13.08.2012	0	0	0	0	0.1	0	0	0.1	0
14.08.2012	0	3.4	0	0	0	0.7	0	0	0
15.08.2012	1.2	2.7	2.3	1.8	3	3.8	1.7	3	0
16.08.2012	0.2	0	0	0	0	0	0	0	0
17.08.2012	0	0	0	0	0	0	0	0	0
18.08.2012	1.5	2	2.3	1.4	3	2.1	1.2	3	1.8
19.08.2012	21.9	18.2	17	19.7	23.8	20	21.3	23.8	17.1
20.08.2012	0	0	0	0	0	0	0	0	0
21.08.2012	7.6	3.3	4.9	5.4	6.8	2.2	3.7	6.8	4.3
22.08.2012	4.5	7	5.9	6.4	5.5	6.9	3.2	5.5	4.8
23.08.2012	12.8	8.1	11.8	16.7	12.9	10.1	8	12.9	13.7
24.08.2012	0	0.1	1.1	0.7	1.4	1.1	1.3	1.4	1.3
25.08.2012	0.5	0	1.1	0.6	2.6	1.8	1.4	2.6	1.3
26.08.2012	4.4	3.2	3.1	4	4.5	3.6	3.9	4.5	4.3
27.08.2012	0.3	0	2.3	1.2	1.6	1.7	0.4	1.6	1.6
28.08.2012	0	0	0	0.9	2.1	0	0	2.1	0
29.08.2012	5.9	4.3	6.2	6.3	7.9	5	5.8	7.9	5.7
30.08.2012	0	1.5	0	0	0	0	1.1	0	0
31.08.2012	1.3	1.9	3	1.8	2.5	1.2	1.8	2.5	2.1
01.09.2012	0.4	0	0	0.4	0	0	0	0	0
02.09.2012	10	5.5	9	10.8	9.4	6.7	5.7	9.4	10.5
03.09.2012	11.8	5.2	7.5	9.7	11.8	7.2	5.5	11.8	8.4
04.09.2012	1.6	0	2.7	0.8	3.6	4.3	2.8	3.6	2.2
05.09.2012	27.1	14.4	22.1	29.5	22.7	21.9	23.4	22.7	27.3
06.09.2012	2.9	12.6	9.1	5.9	7.2	14.6	11.8	7.2	6.4
07.09.2012	6.4	3.4	4.2	5.3	5.5	5.7	7.6	5.5	4.5
08.09.2012	7.4	12.1	4.7	3.1	9.2	8.9	12	9.2	7.3
09.09.2012	6.6	4.4	5.5	5.8	5.7	5.8	5.4	5.7	5.7
10.09.2012	0.6	2.8	1.9	1.5	2	3.2	2.1	2	0.5
11.09.2012	12	4.4	7.6	11.5	10.8	7.1	6.6	10.8	8.9
12.09.2012	29.8	9.5	15.2	22.5	16	12.6	11.8	16	16.3
13.09.2012	6.2	1	3.2	5.8	6.5	2.1	2.4	6.5	3.5
14.09.2012	5	3	5.7	5.2	6	3	3.9	6	4.9
15.09.2012	17	6.2	11.5	15	15.3	10.6	7.6	15.3	13.2
16.09.2012	33.3	8.4	16.5	22.8	25.4	14.1	14.4	25.4	20.2
17.09.2012	28.2	12.8	19.4	25.1	23.6	17.2	15.1	23.6	22.6
18.09.2012	12	1.7	2.5	7.1	6.3	5.7	7.1	6.3	2.8
19.09.2012	3.6	2.9	4.4	4	4.5	3.4	3.1	4.5	4.5
20.09.2012	4.7	0	3.8	5.1	3.1	2.7	1.6	3.1	3
21.09.2012	4.9	0	0	6.4	3.2	0	0	3.2	1.8
22.09.2012	0	0.1	0	0	0.2	0	0.1	0.2	0
23.09.2012	0	0	0	0	0.2	0	0	0.2	0
24.09.2012	0	0	0	0	0	0	0	0	0
25.09.2012	0	0	0	0	0	0	0	0	0
26.09.2012	0	0	0	0	0	0	0	0	0
27.09.2012	0.8	0.2	1.2	1.2	1.4	0.1	0.1	1.4	0.7
28.09.2012	2.7	2.4	2.7	2.8	2.3	1.9	2.2	2.3	3
29.09.2012	2.2	4.1	2.1	0.1	7.5	5.4	8.9	7.5	3.3
30.09.2012	0.1	0	2.4	0.6	1.9	0.6	0.3	1.9	0
01.10.2012	3.3	0	0.8	1.4	2.1	2.3	2.2	2.1	0.8
02.10.2012	1.3	0	3.2	1.4	1.6	1	0.5	1.6	1.7
03.10.2012	3.4	0	3.8	3.1	3.8	4.1	2.7	3.8	0.9
04.10.2012	5	4.8	3.4	4.4	7	6.6	7	7	4.1
05.10.2012	0.2	0	0	0.2	0.1	0	0	0.1	0.1
06.10.2012	0	0	0	0	0	0	0	0	0
07.10.2012	1.8	5.2	1.8	2.5	4.1	6.6	7.6	4.1	1.5
08.10.2012	16.8	19.2	20.5	16.4	26.1	21.7	10	26.1	15.8
09.10.2012	16.6	7.7	9.5	12.6	9.1	8.3	8.5	9.1	10.5
10.10.2012	1.9	4	1.8	0.5	2.5	4.2	6.9	2.5	2.7
11.10.2012	1.3	2.5	1	0.9	2.3	2.5	2.8	2.3	1.4
12.10.2012	0	0.1	0.1	0	0.1	0.1	0.1	0.1	0
13.10.2012	0	0	0	0	0	0	0	0	0
14.10.2012	0	0	0	0	0.1	0	0	0.1	0
15.10.2012	0	0	0	0	0	0	0	0	0
16.10.2012	0.1	0	0	0	0	0	0	0	0
17.10.2012	0	0	0	0	0	0	0	0	0
18.10.2012	0.9	0.1	0.4	0.3	0.3	0.3	0.5	0.3	0.5
19.10.2012	7.1	7.7	7.6	5.8	6.1	7.4	9.2	6.1	8.1
20.10.2012	0.3	0	0	0.9	0.1	0	0	0.1	0
21.10.2012	1.4	3.6	4.4	4.2	2.3	2.5	1.9	2.3	2.8
22.10.2012	5.8	3.8	3.2	4.5	4.6	3.7	3.7	4.6	3.7
23.10.2012	2	1	1	2.3	1.9	1.3	0.8	1.9	1.1
24.10.2012	11.2	6	8.8	11.7	11	8.6	5.8	11	9
25.10.2012	2.7	1.7	3.1	2.4	4.2	2.6	1	4.2	2.6
26.10.2012	24.3	24	21.3	23.8	35.9	41.3	32.5	35.9	22.8
27.10.2012	17.8	12.1	19	19.1	18.7	10.9	3.9	18.7	17.4
28.10.2012	1.6	3.9	7.4	4.8	4.9	8	1.3	4.9	3.1
29.10.2012	0	0	0	0	0	0	0	0	0
30.10.2012	0.1	0	0	0	0	0	0	0	0
31.10.2012	0	0	0	0	0	0	0	0	0
01.11.2012	0	1	2.8	0.2	5.7	0.1	4.2	5.7	3.2
02.11.2012	0	0	0	0	0	0	0	0	0
03.11.2012	1.3	0	0	0.4	0	0	0	0	0
04.11.2012	0.1	0	0	0	0	0	0	0	0
05.11.2012	0	0	0	0	0	0	0	0	0
06.11.2012	0	0	0	0	0	0	0	0	0
07.11.2012	9.5	2.2	5.1	7.9	5.3	3.4	0.6	5.3	4.7
08.11.2012	19.2	12.7	14.4	18.9	18	15.3	17.8	18	18.2
09.11.2012	0.2	1.8	0	0	0	0.6	0.2	0	0
10.11.2012	3.8	3.4	4.7	2.5	9.7	6	6.9	9.7	3.7
11.11.2012	0.9	1.4	0.9	1.7	2	1.6	0.6	2	0.1
12.11.2012	7.6	3.9	5	4.7	9.3	5.4	6.3	9.3	6.5
13.11.2012	3.1	0.1	5.6	4.1	6.9	6.3	3.7	6.9	4.7
14.11.2012	20	8.5	14.6	15.7	14.4	9.8	7.9	14.4	16.6
15.11.2012	18.8	11.2	17.5	17.8	17.6	11.7	9.7	17.6	18.1
16.11.2012	1.6	4.7	2.9	1.6	4.8	4.5	5.2	4.8	1.8
17.11.2012	11	3	5.5	5.1	6.5	4.7	4.4	6.5	5.9
18.11.2012	8.9	4	5.7	6.1	8	5.5	5.9	8	6
19.11.2012	24.9	12.1	17.9	22.6	22.2	13.8	14.3	22.2	20.5
20.11.2012	4.5	0.1	0.2	1.5	1.7	2.8	2.2	1.7	0.1
21.11.2012	0.8	3.8	4	2.9	5	5.5	3.7	5	1.1
22.11.2012	5.3	4	3.2	3.8	4.9	4.9	5.4	4.9	3.3
23.11.2012	2	1.4	0.9	1.2	1.8	1.7	2	1.8	0.7
24.11.2012	4.7	4	3.4	4.4	4.1	4.1	5.8	4.1	4
25.11.2012	0	0	0	0	0	0	0	0	0
26.11.2012	0	0	0	0	0	0	0	0	0
27.11.2012	0	0.2	0	0	0	0.1	0.1	0	0
28.11.2012	0	0	0	0	0	0	0	0	0
29.11.2012	0	0	0	0	0	0	0	0	0
30.11.2012	0	0	0	0	0	0	0	0	0
01.12.2012	0	0	0	0	0	0	0	0	0
02.12.2012	0	0	0	0	0	0	0	0	0
03.12.2012	0	0	0	0	0	0	0	0	0
04.12.2012	0	0	0	0	0	0	0	0	0
05.12.2012	0	0	0	0	0	0	0	0	0
06.12.2012	0.2	0.5	0.3	0.1	0.2	0.2	0.1	0.2	0.1
07.12.2012	0	0	0	0	0	0	0	0	0
08.12.2012	0	0	0	0	0	0	0	0	0
09.12.2012	0.3	1.6	1.7	0.5	2.8	3.5	2.1	2.8	0
10.12.2012	0	0	0	0	0	0	0	0	0
11.12.2012	0.7	1.6	2.7	1.7	1.4	1	0.1	1.4	1.3
12.12.2012	1.3	1.7	1.8	0.6	0	1	1	0	2.4
13.12.2012	0	0	0	0	0	0	0	0	0
14.12.2012	0	0	0	0	0	0	0	0	0
15.12.2012	0	0	0	0	0	0	0	0	0
16.12.2012	0.1	10.5	4.9	0	0	10.3	4.2	0	0
17.12.2012	0	0	0	0	0	0	0	0	0
18.12.2012	0	0	0	0	0	0	0	0	0
19.12.2012	0	0	0	0	0	0	0	0	0
20.12.2012	0	0	0	0	0	0	0	0	0
21.12.2012	0	0	0	0	0	0	0	0	0
22.12.2012	0	0	0	0	0	0	0	0	0
23.12.2012	0	0	0	0	0	0	0	0	0
24.12.2012	0	0	0	0	0	0	0	0	0
25.12.2012	0.8	2	1.5	1.4	2	3.1	2.1	2	0.7
26.12.2012	2.7	6.9	5.8	2.4	5.9	7.8	8.2	5.9	4.2
27.12.2012	9.3	8.7	10.8	12.1	11.2	8.1	7.5	11.2	12
28.12.2012	16.9	12.3	11.8	10.6	17.8	12.1	8.9	17.8	10.8
29.12.2012	0.1	4.1	1.2	0.2	5.4	7	7.3	5.4	0.2
30.12.2012	23.9	12	11.5	14.2	17.1	12.8	13.5	17.1	12.4
31.12.2012	5.8	5.4	4.9	5.7	4.5	5	6.8	4.5	3.9
01.01.2013	4.5	5.5	3.9	3.8	5.6	5.9	6.4	5.6	3.9
02.01.2013	7.5	14.3	8.1	6.9	13.6	16.4	17.2	13.6	8.1
03.01.2013	7.3	3.9	4	5.7	5.8	3.5	5	5.8	3.6
04.01.2013	27.6	13.8	18.8	24.2	20.1	15.1	15.6	20.1	20.5
05.01.2013	6.6	5.3	9.4	9.3	11.3	4.4	5.2	11.3	8.8
06.01.2013	0.6	0.7	0.7	0.8	0.8	0.6	0.1	0.8	0.6
07.01.2013	0.9	4.4	3	2.4	3.5	3.8	1.4	3.5	1.8
08.01.2013	5.3	6.7	7.1	6.9	6.9	5.8	2.5	6.9	2.5
09.01.2013	0.9	0	0	0	0	0	0	0	0
10.01.2013	0	0	0	0	0	0	0	0	0
11.01.2013	0	0	0	0	0	0	0	0	0
12.01.2013	0	0	0	0	0	0	0	0	0
13.01.2013	0	0	0	0	0	0	0	0	0
14.01.2013	0	0	0	0	0	0	0	0	0
15.01.2013	0	0	0	0	0	0	0	0	0
16.01.2013	0	0	0	0	0	0	0	0	0
17.01.2013	0	0	0	0	0	0	0	0	0
18.01.2013	0	0	0	0	0	0	0	0	0
19.01.2013	0	0	0	0	0	0	0	0	0
20.01.2013	0	0	0	0	0	0	0	0	0
21.01.2013	0	0	0	0	0	0	0	0	0
22.01.2013	0	0	0	0	0	0	0	0	0
23.01.2013	0	0	0	0	0	0	0	0	0
24.01.2013	0	0	0	0	0	0	0	0	0
25.01.2013	0	0	0	0	0	0	0	0	0
26.01.2013	0.2	0	0	0.5	0.2	0	0	0.2	0
27.01.2013	0	0.1	0	0	0	0	0	0	0
28.01.2013	1.7	0.5	1.2	1.1	2.3	3.1	3	2.3	0.9
29.01.2013	5	0	0	5.6	7.3	0.1	0	7.3	0.2
30.01.2013	3	3.6	0.8	3.2	5.2	3.9	4.8	5.2	0.8
31.01.2013	10.8	5	4.5	6.5	5.9	7.3	8.2	5.9	4.7
01.02.2013	2.4	11.2	5.8	2	6.3	10.2	12.8	6.3	4.1
02.02.2013	14.4	7.2	9.2	12.7	13.7	10.4	10.7	13.7	10.2
03.02.2013	11.6	12.5	10	9.1	16.8	14.4	9	16.8	9.4
04.02.2013	0.6	0.1	0.1	0.4	0.1	0.4	0.2	0.1	0.1
05.02.2013	7.4	1.6	1.6	2.8	5.1	8.8	8.3	5.1	2.3
06.02.2013	0.9	1.9	0.2	0	0	0.7	0.6	0	0
07.02.2013	1.3	0	0	3.3	2.6	0	0	2.6	0.3
08.02.2013	0	0	0	0	0	0	0	0	0
09.02.2013	0	0	0	0	0	0.1	0	0	0
10.02.2013	0	0	0	0	0	0	0	0	0
11.02.2013	0	0	0	0	0	0	0	0	0
12.02.2013	0	0	0	0	0	0	0	0	0
13.02.2013	0	0	0	0	0	0	0	0	0
14.02.2013	0	0	0	0	0	0	0	0	0
15.02.2013	0	0	0	0	0	0	0	0	0
16.02.2013	0.3	0	0	0.2	1	0.2	0	1	0
17.02.2013	8.2	4.2	4.9	7.3	4.3	4	4.4	4.3	4.9
18.02.2013	7.3	2.9	5.1	9.5	9.5	5.7	4.2	9.5	5.5
19.02.2013	7.3	5.4	7.7	8.3	8.3	6.8	6.2	8.3	7.7
20.02.2013	0	0	0	0	0	0	0	0	0
21.02.2013	0	0	0	0	0	0	0	0	0
22.02.2013	0	0	0	0	0	0	0	0	0
23.02.2013	0	0	0	0	0	0	0	0	0
24.02.2013	0	0	0	0	0	0	0	0	0
25.02.2013	0	0	0	0	0	0	0	0	0
26.02.2013	0	0	0	0	0	0	0	0	0
27.02.2013	0	0	0	0	0	0	0	0	0
28.02.2013	2.8	9.5	6.2	0.6	5.1	9.6	11.8	5.1	2.3
01.03.2013	6.7	5.2	5.9	6	7.8	7	0.3	7.8	3.7
02.03.2013	15	3.3	4.6	12.6	11.6	6.1	5.8	11.6	5.3
03.03.2013	10.5	11.9	14.2	13.5	17.6	14.9	5.7	17.6	11.7
04.03.2013	3.7	6.8	1.9	3.2	4.9	8.8	7.8	4.9	1.2
05.03.2013	0.1	6.1	0.1	0.1	0.1	3.1	1.2	0.1	0
06.03.2013	2.9	3.4	2.2	1.6	2.6	3.2	1.8	2.6	0
07.03.2013	0.6	10.7	5.8	0.5	6.4	10.5	3.1	6.4	0
08.03.2013	0	0	0	0	0	0	0	0	0
09.03.2013	0	0	0	0	0	0	0	0	0
10.03.2013	0	0	0	0	0	0	0	0	0
11.03.2013	0	0	0	0	0	0	0	0	0
12.03.2013	6.5	10.1	7.8	6.7	7.7	11.6	11.3	7.7	6.8
13.03.2013	4.5	3.2	3.4	3.5	4	2.9	2.2	4	3.5
14.03.2013	1.1	4.7	2.5	2.6	1.8	4.1	1.1	1.8	0.2
15.03.2013	1.2	1.3	2.3	1.3	3.4	0.4	2	3.4	2.4
16.03.2013	0.2	0.5	0.8	0.9	0.3	0.8	0.1	0.3	0.1
17.03.2013	0.1	2	0.2	0	0	1.7	0.4	0	0
18.03.2013	0	0	0	0	0	0	0	0	0
19.03.2013	0	0	0	0	0	0	0	0	0
20.03.2013	0	0	0	0	0	0	0	0	0
21.03.2013	0	0	0	0	0	0	0	0	0
22.03.2013	0	0	0	0	0	0	0	0	0
23.03.2013	0	0	0	0	0	0	0	0	0
24.03.2013	0	0	0	0	0	0	0	0	0
25.03.2013	0	0	0	0	0	0	0	0	0
26.03.2013	0	0	0	0	0	0	0	0	0
27.03.2013	0	0	0	0	0	0	0	0	0
28.03.2013	0	0	0	0	0	0.3	0	0	0
29.03.2013	0	0	0	0	0	0	0	0	0
30.03.2013	0	0	0	0	0	0	0	0	0
31.03.2013	0	0	0	0	0	0	0	0	0
01.04.2013	4	3.9	3.5	4.3	4.4	3.5	5.2	4.4	4.4
02.04.2013	0	0	0	0	0	1	0	0	0
03.04.2013	0	0	0	0	0	0	0	0	0
04.04.2013	0.2	0	0	0	0	0	0	0	0
05.04.2013	0	0	0	0	0	0	0	0	0
06.04.2013	0.9	3.9	1.5	0.3	3.6	4.3	3.9	3.6	1.3
07.04.2013	2.8	7.4	4.8	1.8	5.9	7.1	9.2	5.9	5.3
08.04.2013	0.7	2.7	2.9	0.5	1.9	3.4	3.8	1.9	1.8
09.04.2013	0	0	0	0	0	0	0	0	0
10.04.2013	0	0	0	0	0	0	0	0	0
11.04.2013	0	0	0	0	0	0	0	0	0
12.04.2013	0	0	0	0	0	0	0	0	0
13.04.2013	0	0	0	0	0	0	0	0	0
14.04.2013	0	0	0	0	0	0	0	0	0
15.04.2013	3.9	8.9	5.8	5.9	16.7	11.9	14	16.7	5.6
16.04.2013	2.2	2.3	1.6	1.3	3.9	3.3	3.1	3.9	1
17.04.2013	7.1	2.6	4.6	5.8	3.7	2.9	3.4	3.7	2.9
18.04.2013	9.3	4.1	4.7	7.7	10.2	5.8	5.6	10.2	5.3
19.04.2013	5.9	4.9	8.6	8	6.8	6.6	4.9	6.8	8.3
20.04.2013	1	1.7	2	0.1	3.5	1.9	3	3.5	0.1
21.04.2013	0.1	0.8	0	0	0	0.7	0	0	0
22.04.2013	0	0	0	0	0	0	0	0	0
23.04.2013	27.3	8.2	13.7	19.5	15	9.5	12.5	15	16.9
24.04.2013	18.8	12.5	21	24.7	18.4	14.6	15.1	18.4	23.7
25.04.2013	22.7	8.2	12.4	19.6	22.9	11.3	11.9	22.9	14.9
26.04.2013	4	2.9	2.8	4.6	4	3.6	4.3	4	3.6
27.04.2013	0	5.6	0	0	0	2.2	4	0	0
28.04.2013	0	0	0	0	0	0	0	0	0
29.04.2013	7.7	3.1	2.9	3.7	6.1	3.5	5.4	6.1	4
30.04.2013	2.2	4.4	6.2	6.2	6.5	4.4	3.8	6.5	4.3
01.05.2013	6.6	12.7	9.7	6.4	10	13.2	13	10	9
02.05.2013	11.6	4.1	6.8	10	7.9	6	8.3	7.9	9.2
03.05.2013	5.2	4	2.2	3.7	5.6	3.7	3.9	5.6	2.8
04.05.2013	8.2	6.3	6.3	7.5	8.6	6.8	6.7	8.6	7.2
05.05.2013	1.6	0.2	1	1.2	0.8	0.3	0.1	0.8	0.2
06.05.2013	2.3	4.9	2.2	1.3	2.6	5.8	6.4	2.6	2
07.05.2013	21	7.4	17.2	20.4	15.6	11.5	11.5	15.6	20.9
08.05.2013	0.2	2.4	1.4	0.8	1.2	2.2	2.5	1.2	1.4
09.05.2013	6.8	3.3	4.1	5.1	5.3	3.1	3.8	5.3	4.9
10.05.2013	6.4	4	5.1	5.8	4.5	3.7	3.3	4.5	5.9
11.05.2013	0.4	1.1	1	0.7	0.8	1.3	0.3	0.8	0.3
12.05.2013	4	1.1	1.3	2.8	3.9	2.7	2.6	3.9	2.1
13.05.2013	0	0	0	0	0	0	0	0	0
14.05.2013	3.6	3.5	3.5	3.3	4.1	3.1	4.8	4.1	3.4
15.05.2013	0	1.5	0.6	0	0	1.1	0.2	0	0
16.05.2013	1.4	16	6.7	2.6	7.7	12.5	16.4	7.7	3.9
17.05.2013	0	4	0	0	0	0.1	0	0	0
18.05.2013	0.2	1.5	0.8	0.1	0	1.8	1.5	0	0.4
19.05.2013	0	0	0	0	0	0	0	0	0
20.05.2013	0	0	0	0	0	0	0	0	0
21.05.2013	0.4	11.4	5	0.1	0	11.6	11.2	0	4.8
22.05.2013	5.2	12.4	5.1	2.4	9.8	13.9	16.5	9.8	5.9
23.05.2013	6.3	17.7	13.6	10.2	16.4	17.8	17.8	16.4	12.1
24.05.2013	0.9	1.4	2	1.7	1.6	1.4	0.9	1.6	1.4
25.05.2013	0	0	0	0	0	0	0	0	0
26.05.2013	0	0.9	0	0	0	0.2	0.3	0	0
27.05.2013	0	1.4	0.1	0	0	0.4	0.3	0	0
28.05.2013	0.5	6.6	4.1	0	0	6.7	3.8	0	0
29.05.2013	0	0.7	0.1	0	0	0.2	0.2	0	0
30.05.2013	0	1.4	0.3	0	0	0.5	0.7	0	0
31.05.2013	0.1	4	0.6	0	0	5	3.1	0	0.1
01.06.2013	0.5	1.9	1	0.1	0	2.1	1.9	0	0.1
02.06.2013	16.1	8.8	12.2	16	10.4	10.3	10.4	10.4	14.4
03.06.2013	4	10.2	8.6	5	8.9	9.6	8.7	8.9	7.1
04.06.2013	2	8.9	5.2	3.6	4.9	7.5	6.1	4.9	2.5
05.06.2013	0.2	5.1	0.7	0	0	5.3	0.1	0	0
06.06.2013	0.1	3.4	0.8	0	0	3.7	1.6	0	0
07.06.2013	1.1	0.5	0.2	1	2.2	1.5	2.4	2.2	0.5
08.06.2013	6	2.6	3.8	6.2	7.5	3.6	2.5	7.5	5.2
09.06.2013	5.5	16.6	9.9	5.2	11.5	17.5	13.9	11.5	8.5
10.06.2013	2	8.5	5.2	1.9	6.2	14.1	14	6.2	3.9
11.06.2013	0.5	0.6	0.1	0	0	0.4	0.1	0	0
12.06.2013	0.4	0.5	0.1	0	0	0.5	0.2	0	0
13.06.2013	1.3	2.3	0.2	0.4	0	0.4	0.1	0	0
14.06.2013	7.5	9.5	10.4	9.1	8.6	9.5	10.4	8.6	9.6
15.06.2013	3.7	3.7	3.2	2	9.7	2.3	7.9	9.7	3.1
16.06.2013	0.1	0	0	0	0	0	0	0	0
17.06.2013	0.7	2.1	1.6	1	0	1	1.1	0	1.4
18.06.2013	4.1	1.6	2.8	3.7	3.4	2.1	1.6	3.4	3.2
19.06.2013	0.4	0	0	0	0	0	0.1	0	0
20.06.2013	2.2	1.8	2.3	3	1.8	1.9	2.4	1.8	2.9
21.06.2013	0	0	0	0	0	0	0	0	0
22.06.2013	21	20	19.9	20.4	20.6	18.1	21.2	20.6	21.4
23.06.2013	4.6	3.3	4.2	4.5	4.6	3.6	3.7	4.6	4.3
24.06.2013	14.1	6.7	6.6	9.1	8.7	9.2	8.3	8.7	5.4
25.06.2013	25.8	17.2	20	21.9	22.3	20.6	14.8	22.3	17.6
26.06.2013	4.8	3.7	4	3.7	4.1	3.6	4.3	4.1	4
27.06.2013	0.6	1.6	1.1	0.5	0.9	2.1	2.8	0.9	1.3
28.06.2013	0	0	0	0	0	0	0	0	0
29.06.2013	6.8	6.7	7.7	7.4	11	7.7	7.5	11	8
30.06.2013	4.5	6.1	4.2	4.7	5.5	5.6	4.4	5.5	4.4
01.07.2013	0	0	0	0	0.2	0.2	0	0.2	0
02.07.2013	3.1	2.5	2.4	2.3	2.6	2.2	2.5	2.6	2.1
03.07.2013	0	5.9	0.5	0.3	0.8	2.2	2.3	0.8	0
04.07.2013	2.1	0.9	1.8	1.8	4.9	1.6	1.9	4.9	2
05.07.2013	3.3	1.3	1.9	3.3	3.4	3.3	3.4	3.4	2.2
06.07.2013	1	1.9	1.7	1.3	1.9	0.6	1	1.9	0.3
07.07.2013	0	0	0	0	3.5	1.3	0	3.5	0
08.07.2013	0	0	0	0	0	0	0	0	0
09.07.2013	2	9	4.3	2.9	5.5	8.4	0.2	5.5	0.4
10.07.2013	16.9	9.8	8.4	11.8	14.9	17.5	13.9	14.9	8.8
11.07.2013	0	0	0	0	0	0	0	0	0
12.07.2013	0	0	0	0	0	0	0.1	0	0
13.07.2013	0.4	0.9	0.8	1.2	1.5	0.5	0.6	1.5	1.1
14.07.2013	3.6	2.3	1.4	2.2	3.9	3.1	3.2	3.9	1.5
15.07.2013	13.2	3.7	1.3	9.4	7.1	6.5	4.5	7.1	1.2
16.07.2013	2.2	2.2	0.7	3.5	3.8	4.1	3.3	3.8	2
17.07.2013	3	1.7	4.8	6.1	3.8	2.1	2.2	3.8	3.4
18.07.2013	6.2	4	1.6	4.8	6.5	3.8	3.4	6.5	2.2
19.07.2013	10.3	4.3	9.3	11.4	9.2	5.3	7.8	9.2	11.7
20.07.2013	0.9	0	0	0.7	2.3	0.2	0	2.3	0
21.07.2013	0.2	1.3	2.9	0.1	0.1	1.2	2	0.1	1.4
22.07.2013	0	1.7	0	0	0	1.1	0.8	0	0
23.07.2013	0	0	0	0	0	0	0	0	0
24.07.2013	0	0	0	0	0	0	0	0	0
25.07.2013	0	0.8	0	0	0	0.1	0.1	0	0
26.07.2013	2.7	5.2	2.8	6.6	6.9	6.8	4.7	6.9	2
27.07.2013	2.4	13	9.6	7.9	23.1	18.7	11.8	23.1	9.1
28.07.2013	0.4	8.3	3	0.1	6.1	9.2	4.2	6.1	0
29.07.2013	0.5	0.3	0.1	0.1	0.7	0.2	3.9	0.7	0.1
30.07.2013	1.6	4.5	0.3	0.6	3.6	5.4	7.3	3.6	0.1
31.07.2013	13.7	11.5	12.2	12.7	12.8	14.9	9.8	12.8	10.2
01.08.2013	3.9	3.1	2.8	4.6	3.3	4.3	4.5	3.3	3
02.08.2013	0.8	1.2	0.1	0.4	0.8	1.8	1.9	0.8	0.1
03.08.2013	8.8	7.4	8	8.5	10.3	7.1	7.2	10.3	9.3
04.08.2013	9.4	6.4	7.9	8.3	8.7	6.6	8.6	8.7	9.6
05.08.2013	3.7	7.1	5.7	2.3	5.3	7.6	9.3	5.3	5.5
06.08.2013	1.5	2.4	2.4	2	3.4	3.5	4.1	3.4	0.1
07.08.2013	12	4.3	4.5	6.7	3.4	6.2	6.2	3.4	4.2
08.08.2013	0	4	0.1	0	1.6	3.6	0.2	1.6	0
09.08.2013	9.7	9.9	8.5	9.6	6.7	7.2	8.2	6.7	8.2
10.08.2013	1.1	2.4	2	2.2	1.9	2	0.8	1.9	0.6
11.08.2013	0.1	6.5	0.1	0	0	1.4	2	0	0
12.08.2013	18.8	22.6	20.6	20.5	25.3	23.4	20.7	25.3	19.7
13.08.2013	8.2	9.8	9.8	8.9	12.9	12.2	6.3	12.9	8.8
14.08.2013	0.3	1.7	1.5	0.5	0.8	1	0.1	0.8	0.7
15.08.2013	0	0	0	0	0	0	0	0	0
16.08.2013	0.7	0.8	0.6	0.9	1.4	0.7	0.2	1.4	0.1
17.08.2013	8.4	3.4	2.2	4.9	7	6.2	8.3	7	1.7
18.08.2013	1.4	1.8	2.2	1.1	3.7	3.9	3.6	3.7	1.5
19.08.2013	18.6	11.3	13.2	14.9	17	11.6	13.4	17	13.6
20.08.2013	4.5	0.9	3.7	6.1	5.4	1.9	2.3	5.4	5.2
21.08.2013	2.8	2.3	2.1	3	3.1	4	0.8	3.1	1.1
22.08.2013	7.1	10.5	6.3	5.8	7.7	10.9	13.6	7.7	6.3
23.08.2013	0	0.5	0.2	0	0.2	0.3	0.3	0.2	0
24.08.2013	0.1	0.2	0.1	0	0	0.2	0.1	0	0
25.08.2013	0	0	0	0	0	0	0	0	0
26.08.2013	0.1	0.6	0.3	0	0	0.6	0.4	0	0
27.08.2013	0	0	0	0	0	0	0	0	0
28.08.2013	4.3	4.2	5.4	6.1	8.2	3.8	2.8	8.2	6.1
29.08.2013	0.1	1.6	0.9	0	0	0.9	0.7	0	0
30.08.2013	0	0	0	0	0	0	0	0	0
31.08.2013	3.2	3	6	8.7	7.4	4	2.9	7.4	7.3
01.09.2013	7	6.3	5.4	5.6	5.6	6.7	7.6	5.6	5.8
02.09.2013	7.9	3.5	7.4	11.3	6.8	6.8	6	6.8	8.4
03.09.2013	0.8	0.1	0.8	2.2	3.1	0.9	2.3	3.1	1.4
04.09.2013	0.4	1.1	0.8	0.8	0.9	0.6	0.8	0.9	0.1
05.09.2013	0.2	0	0	0	0	0	0	0	0
06.09.2013	0.8	5	2.1	0.3	3.4	5.6	6.4	3.4	2.4
07.09.2013	3.7	0.2	2.4	3.1	1.9	3.1	4.4	1.9	3
08.09.2013	0.5	1.3	0.4	0.3	0.9	1.3	2	0.9	0.5
09.09.2013	0	0	0	0	0	0	0	0	0
10.09.2013	0.4	0	0	0	0	0	0.2	0	0
11.09.2013	0.6	2.7	0	0.6	1	2.4	0	1	0
12.09.2013	0	0.3	0	0	0	0.1	0.1	0	0
13.09.2013	0.8	1.9	1.1	0.4	0.8	1.9	2	0.8	0.6
14.09.2013	4.5	2.9	3.3	3.5	4.4	5.5	4	4.4	3.3
15.09.2013	6.5	4.6	6.2	5.5	6.7	5.1	8	6.7	6.7
16.09.2013	2.3	5.1	3.3	2.4	5.5	3.9	4.9	5.5	2.1
17.09.2013	23.4	14.5	20.4	22.5	22.4	15.7	18.5	22.4	24.2
18.09.2013	0	0	0	0	0	0	0	0	0
19.09.2013	0.2	0	0	0	0	0	0	0	0
20.09.2013	0.1	3.7	0	0	0	1.9	1.6	0	0
21.09.2013	0	0.1	0	0	0	0	1.8	0	0
22.09.2013	12.6	5.9	6.4	8.3	13.5	7.6	9	13.5	8.1
23.09.2013	1.9	1.7	2.6	3	2.4	2	1.4	2.4	3.2
24.09.2013	3.5	7.1	2.8	2.5	4	9.6	8.7	4	1.9
25.09.2013	0	0.2	0.4	0	0.1	0.4	0.3	0.1	0
26.09.2013	0	0	0	0	0	0	0	0	0
27.09.2013	0	0	0	0	0	0	0	0	0
28.09.2013	0	0	0	0	0	0	0	0	0
29.09.2013	0	0	0	0	0	0	0	0	0
30.09.2013	0.6	0	0.5	0.5	0.2	0	1.5	0.2	0.8
01.10.2013	0	0	0	0	0	0	0	0	0
02.10.2013	0	0.2	0	0	0	0	0.2	0	0
03.10.2013	0.1	0	0	0	0	0	0	0	0
04.10.2013	0	0	0	0	0	0	0	0	0
05.10.2013	19	6.6	9.2	11.8	5.4	8.4	7.8	5.4	11.7
06.10.2013	5.3	1.4	2.2	2.9	1.3	1.4	0.9	1.3	2
07.10.2013	31.1	16.3	18	23.3	21	17.7	16.9	21	16.6
08.10.2013	25.8	15.7	21.3	27.2	22	18.2	16.5	22	21.3
09.10.2013	20.5	12.8	15.3	20.6	20	16.4	17	20	18.2
10.10.2013	3.6	5.1	5.1	6.4	7.5	5.4	4.2	7.5	6
11.10.2013	0	2.1	0	0	0	0.5	0.5	0	0
12.10.2013	0	0	0	0	0	0	0	0	0
13.10.2013	0	0.3	0	0	0	0.1	0.2	0	0
14.10.2013	0	0	0	0	0	0	0	0	0
15.10.2013	0.1	3.2	0.1	0.1	1.5	2.6	0.5	1.5	0
16.10.2013	0.1	0	0	0	0	0	0	0	0
17.10.2013	0	7.1	6.9	1.9	6.2	6.8	4.2	6.2	6.4
18.10.2013	3.4	2.5	2.4	2.3	2.8	4.9	2.9	2.8	1.1
19.10.2013	0.3	8.9	7	0.2	5	11.8	6.7	5	3.1
20.10.2013	0	0	0	0	0	0	0	0	0
21.10.2013	0	0	0	0	0	0	0	0	0
22.10.2013	0	0.9	0	0	0	0.2	0.2	0	0
23.10.2013	20.2	16.6	15.1	13.1	18.1	18.3	19.8	18.1	14.3
24.10.2013	15.6	5.6	8.8	10.8	11.9	8	7.5	11.9	10.2
25.10.2013	6.7	11	8.8	7.6	8.1	9.9	11.1	8.1	9.9
26.10.2013	2.5	2.8	2.1	1.5	1	2	1.9	1	0.1
27.10.2013	2.7	3.6	4.2	3.7	2.7	2.4	1.7	2.7	3.1
28.10.2013	5.2	2.5	3.9	5.5	3.5	1.9	0.3	3.5	2.3
29.10.2013	3.8	1.5	2.7	4.7	3.3	4.9	3.3	3.3	2.4
30.10.2013	5	3	5.2	6.8	5.6	3.6	3.3	5.6	6.6
31.10.2013	1.7	1.5	1.3	1.2	1.8	2.8	2.2	1.8	0.8
01.11.2013	8.3	3.3	3.7	4.8	5.3	4.4	6.3	5.3	3.9
02.11.2013	12.2	7.4	7.1	6.8	12.6	15.1	15.3	12.6	6.4
03.11.2013	5	6	3	1.5	3.6	7.1	7.1	3.6	2.5
04.11.2013	0	0	0	0	0	0	0	0	0
05.11.2013	2.3	1	1.2	1.9	2.3	2.6	2.1	2.3	1.5
06.11.2013	0.6	2.1	0.8	0.5	1.8	3.2	3.5	1.8	1.1
07.11.2013	0	0	0	0	0	0	0	0	0
08.11.2013	8.4	3.5	5.1	7.3	4.6	5	5.7	4.6	5.8
09.11.2013	15.6	7.5	9.6	13.9	10.2	7.4	8.9	10.2	12
10.11.2013	0.4	4.1	0.1	0.3	0.6	1.9	0.1	0.6	0
11.11.2013	1.5	7.5	3.9	1	4.2	9	10.5	4.2	3.8
12.11.2013	18.5	5.6	10	12.7	10.3	7.3	9.1	10.3	12.5
13.11.2013	36.7	13.7	24.6	29	23.1	15.7	15.1	23.1	28.9
14.11.2013	5	7.9	5.3	5.2	5	7.9	9	5	5.2
15.11.2013	2.2	6.1	2.9	2.7	4.7	7.4	8.2	4.7	2.4
16.11.2013	95.9	37.5	50.7	69.3	53	43.7	40.8	53	54.8
17.11.2013	18.5	10.7	15.8	18.3	13.4	10.9	9.1	13.4	18.2
18.11.2013	2	8	5.6	5.7	5.2	7.3	2.5	5.2	2.5
19.11.2013	12.5	2.7	5.8	10.2	9.1	5.8	3.9	9.1	6.6
20.11.2013	3.5	4	5.2	5.2	4.9	5.5	3.4	4.9	5.6
21.11.2013	0	0	0	0	0	0	0	0	0
22.11.2013	0	0	0	0	0	0	0	0	0
23.11.2013	0.6	3.7	1	0.1	2	3.3	5.8	2	1.1
24.11.2013	12.3	4.6	9.4	9.4	15.7	15.7	12.6	15.7	7.5
25.11.2013	9.1	5.5	7.9	6.6	14.5	8.3	6.4	14.5	6.4
26.11.2013	0.9	5.8	2.4	0.3	4.5	7.6	7.4	4.5	1.2
27.11.2013	2.3	5	1.3	2	5.4	5.6	5.5	5.4	0.9
28.11.2013	15.3	12.1	11.9	14	13.9	13.6	12.6	13.9	11.5
29.11.2013	13.3	9.6	10.8	9.4	15.1	15	8.7	15.1	8.1
30.11.2013	4.5	3.4	4.3	5.1	5.3	5.8	3.4	5.3	3.7
01.12.2013	14	10.1	11.8	13.3	9.4	14.6	13	9.4	12.2
02.12.2013	6.5	5	5.7	6.8	7.5	6.3	4.7	7.5	5.5
03.12.2013	26.9	15.7	16.1	20.3	16.7	11.6	14.4	16.7	17.7
04.12.2013	6.3	5.8	7.6	5.2	4.1	7.1	6.2	4.1	6.4
05.12.2013	17.3	18.3	18	16.9	18.4	16.3	18.2	18.4	18.4
06.12.2013	14.8	10.6	14.8	14.4	14.9	12.2	11.6	14.9	15.6
07.12.2013	16.9	13.2	18.7	17.8	26.7	16.4	13.7	26.7	19.1
08.12.2013	2.8	4.4	5.8	3.1	4.6	6.2	5.7	4.6	4.3
09.12.2013	3.1	3.7	2.6	3.2	3	5	3.6	3	2.8
10.12.2013	9.2	3.4	3.6	7.9	7.7	5.8	6.4	7.7	4.8
11.12.2013	0	0	0	0	0	0	0	0	0
12.12.2013	1.2	2.6	0.1	0.5	2.8	1.5	2.5	2.8	0.1
13.12.2013	8.2	6.1	5.2	4.9	4.8	6.2	3.5	4.8	3.1
14.12.2013	3.3	2.9	2.7	2.9	3.1	3.4	3.9	3.1	2.1
15.12.2013	7.7	2.6	3	5.3	3.4	2.8	3	3.4	0.7
16.12.2013	10.3	3.6	5.9	8.3	8	4.3	6	8	6.1
17.12.2013	41.9	20.9	27.1	30.2	21.2	20.7	22.5	21.2	29.9
18.12.2013	16.9	19	17.2	18	15.9	8.3	13.8	15.9	20.2
19.12.2013	0	0	0	0	0	0	0	0	0
20.12.2013	5.5	5.7	5.6	5.3	5.7	5.3	6.5	5.7	6.2
21.12.2013	0.1	1.2	1.6	0.1	0.8	0.1	5.7	0.8	0.6
22.12.2013	32.4	13.8	16.7	22.3	18.2	15.4	16.2	18.2	17.1
23.12.2013	18.8	9.6	10.6	14.3	13.1	11.1	8.9	13.1	11.1
24.12.2013	8.6	5.8	6.1	8.2	6.9	5.6	5.8	6.9	6.7
25.12.2013	3.9	6.1	3.6	5.1	5.2	5.2	6.7	5.2	2.9
26.12.2013	13.3	8.4	12.2	15.1	18.6	9.4	13.2	18.6	14.7
27.12.2013	14.7	10.7	12.4	17.7	13.8	8.7	10.2	13.8	15.6
28.12.2013	0	5.6	5.3	1	10.6	9.4	7.3	10.6	5.8
29.12.2013	6.8	0.7	5.9	6.6	1.3	0.1	0.1	1.3	2.9
30.12.2013	1.4	1.3	1.8	2.4	3.3	1.5	1.4	3.3	2.1
31.12.2013	1.7	3.7	3.1	0.9	6.2	6.9	7	6.2	2.7
01.01.2014	1.6	1.7	1.2	1.3	2.3	2.4	2.7	2.3	1
02.01.2014	0	0	0	0	0	0	0	0	0
03.01.2014	0	0	0	0	0	0	0	0	0
04.01.2014	0	0	0	0	0	0	0	0	0
05.01.2014	1.8	3.1	0.9	0.1	4.9	5	7.8	4.9	1.9
06.01.2014	0	0	0	0	0	0	0	0	0
07.01.2014	0.3	1.2	0.7	0.2	1.3	3.7	3.7	1.3	0.1
08.01.2014	0.5	1	0.1	0.1	2.3	4.4	4	2.3	0.1
09.01.2014	2.2	0.2	0.6	2	2.1	1.5	0.9	2.1	0.6
10.01.2014	0.6	0	1	0.8	0.3	0.5	0.1	0.3	0.3
11.01.2014	3.8	4.2	5.1	3.9	5.6	6.9	6.1	5.6	5.2
12.01.2014	0	2.4	0.1	0	0	0.7	0.1	0	0
13.01.2014	0.6	0	0	0	0	0.1	0	0	0.1
14.01.2014	0	0	0	0	0	0	0	0	0
15.01.2014	0	1.7	0	0	0	0.4	0.2	0	0
16.01.2014	0	0	0	0	0	0	0	0	0
17.01.2014	0	0	0	0	0	0	0	0	0
18.01.2014	0	0	0	0	0	0	0	0	0
19.01.2014	0	0	0	0	0	0	0	0	0
20.01.2014	0	0	0	0	0	0	0	0	0
21.01.2014	0	0	0	0	0	0	0	0	0
22.01.2014	0	0	0	0	0	0	0	0	0
23.01.2014	0	0	0	0	0	0	0	0	0
24.01.2014	0	0	0	0	0	0	0	0	0
25.01.2014	0	0	0	0	0	0	0	0	0
26.01.2014	0	0	0	0	0	0	0	0	0
27.01.2014	0	0	0	0	0	0	0	0	0
28.01.2014	0	0	0	0	0	0	0	0	0
29.01.2014	0	0	0	0	0	0	0	0	0
30.01.2014	0	0.1	0	0	0	0.1	0	0	0
31.01.2014	0	0	0	0	0	0	0	0	0
01.02.2014	0	0	0	0	0	0	0	0	0
02.02.2014	0	2.1	0	0	0	0.9	0	0	0
03.02.2014	7	8	3.2	2.1	0	2.5	6.9	0	7
04.02.2014	0	0	0	0	0	0	0	0	0
05.02.2014	0	0	0	0	0	0	0	0	0
06.02.2014	0	0	0	0	0	0	0	0	0
07.02.2014	0	0	0	0	0	0	0	0	0
08.02.2014	0	2.6	0	0	0	0.9	0.1	0	0
09.02.2014	0	0	0	0	0	0	0	0	0
10.02.2014	0	0.1	0	0	0	0.1	0	0	0
11.02.2014	2.2	6.4	5	4.7	8	10.6	7.4	8	1.9
12.02.2014	0	0	0	0	0	0	0	0	0
13.02.2014	0	0.1	0	0	0	1.6	0	0	0
14.02.2014	0	0	0	0	0	0	0	0	0
15.02.2014	0.2	9	0.1	0	0	0.1	0.4	0	0
16.02.2014	1	4.9	3	0.6	3.3	4.4	4.2	3.3	1.5
17.02.2014	6.4	2.6	5	8.1	8.9	7.2	7.3	8.9	4.2
18.02.2014	1.9	5.2	5.6	4.5	5.3	7.2	5.7	5.3	3.9
19.02.2014	0	0	0	0	0	0	0	0	0
20.02.2014	0	0	0	0	0	0	0	0	0
21.02.2014	0.7	2.6	1.9	0.8	1	1.9	2.4	1	0.8
22.02.2014	0	1.5	0	0	0	1	1.5	0	0
23.02.2014	15.6	10.1	6.2	11.7	7.7	4	3.5	7.7	4
24.02.2014	11.6	10.3	8.3	15.8	31.9	13.6	14.1	31.9	13.1
25.02.2014	21.4	8.2	10.3	15.6	13.4	9.6	11.1	13.4	10.1
26.02.2014	0	0	0	0	0	0	0	0	0
27.02.2014	0.8	2.4	1	0.1	2	2.7	3.5	2	1
28.02.2014	0	0	0	0	0	0	0	0	0
01.03.2014	0	0	0	0	0	0	0	0	0
02.03.2014	0	0	0	0	0	0	0	0	0
03.03.2014	0	0	0	0	0	0	0	0	0
04.03.2014	0	0	0	0	0	0	0	0	0
05.03.2014	0	0	0	0	0	0	0	0	0
06.03.2014	2.4	9.2	3.1	0.1	7	11.7	14.2	7	3.3
07.03.2014	6.6	5.3	4	3.5	6.8	5.4	9.3	6.8	5.2
08.03.2014	22.3	14.9	20.2	21.5	22.7	17.1	16.8	22.7	21.1
09.03.2014	8.5	1.5	3.3	5.1	5	2.1	1.6	5	3
10.03.2014	22.3	9.3	15.2	16.8	16.3	10.1	11.1	16.3	18
11.03.2014	7.3	4.7	6.6	8	7	5.9	3.9	7	6.8
12.03.2014	0	0	0	0	0	0	0	0	0
13.03.2014	0	0	0	0	0	0	0	0	0
14.03.2014	6.5	12.9	8	7	11.8	12.3	12.4	11.8	7.2
15.03.2014	17.3	12.2	13	15.4	17.2	15.2	12.6	17.2	14.4
16.03.2014	12.6	11.7	11.2	11	14.2	17.6	9.2	14.2	8.4
17.03.2014	17.2	14.5	18.7	19.6	29.6	16.8	15.6	29.6	18.6
18.03.2014	8.6	7.4	8	8.5	13.5	9.4	5.2	13.5	7
19.03.2014	1.6	1.9	1.4	2	2.2	2.5	2.9	2.2	1.2
20.03.2014	35.1	15.7	22.3	27.9	22.8	18.2	22.9	22.8	27.1
21.03.2014	53.2	13.9	27.9	35.9	29.9	21.2	21	29.9	31.3
22.03.2014	24.9	8.4	14.3	21.9	19.7	12.1	11.9	19.7	18.1
23.03.2014	1.7	2.7	1.7	0.5	2.4	3.8	2.8	2.4	1
24.03.2014	4	4	2.8	2.9	4.4	5.8	5	4.4	2.5
25.03.2014	0	0.4	0	0	0	0.2	0.1	0	0
26.03.2014	0	0.3	0	0	0	0.1	0.2	0	0
27.03.2014	0	0	0	0	0	0	0	0	0
28.03.2014	0.1	0.5	0.2	0	0	0.6	0.1	0	0
29.03.2014	0	0	0	0	0	0	0	0	0
30.03.2014	0	0.2	0	0	0	0.1	0.1	0	0
31.03.2014	0	0	0	0	0	0	0	0	0
01.04.2014	0	0	0	0	0	0	0	0	0
02.04.2014	0	0	0	0	0	0	0	0	0
03.04.2014	0	0	0	0	0	0	0	0	0
04.04.2014	0	0.3	0	0	0	0.1	0.1	0	0
05.04.2014	0	0	0	0	0	0	0	0	0
06.04.2014	0.5	1.2	0.1	0.1	0	0.1	1	0	0.7
07.04.2014	8.4	5.2	6.6	8.4	6.6	5.6	5.7	6.6	7.5
08.04.2014	0.1	0	0	0	0	1	0	0	0
09.04.2014	4.4	2.9	2.4	1.5	4.9	6.4	8	4.9	3.1
10.04.2014	0.2	0	0	0	0	1.1	1.9	0	0
11.04.2014	31.3	15.6	16.3	19.6	15	9.8	13	15	14.4
12.04.2014	4.1	2	0.1	1.6	5.7	2.7	0.9	5.7	0.1
13.04.2014	35.3	11.1	22.9	28.3	24.6	15.8	12.3	24.6	25.6
14.04.2014	18.2	10.4	15.8	19.5	17.5	16.9	14	17.5	14
15.04.2014	0.8	11.3	4.4	2.8	10.2	16.4	10.6	10.2	2.3
16.04.2014	0	0	0	0	0	0	0	0	0
17.04.2014	3.2	14.1	4.7	0.1	10.9	16.1	17.1	10.9	3.2
18.04.2014	8.1	11.7	7.2	6.1	9.9	13.6	13.9	9.9	6.4
19.04.2014	0	0	0	0	0	0	0	0	0
20.04.2014	0	0	0	0	0	0.1	0	0	0
21.04.2014	0	0.2	0	0	0	0.1	0.1	0	0
22.04.2014	0	0.5	0	0	0	0.3	0.2	0	0
23.04.2014	0	0.5	0	0	0	0.2	0.2	0	0
24.04.2014	0	0	0	0	0	0	0	0	0
25.04.2014	0	0	0	0	0	0	0	0	0
26.04.2014	0	0.4	0	0	0	0.2	0.1	0	0
27.04.2014	0	0.5	0	0	0	0.3	0.2	0	0
28.04.2014	0	0.2	0	0	0	0.1	0.1	0	0
29.04.2014	1.7	3.4	4.8	4.4	2.8	3.9	3.4	2.8	4.2
30.04.2014	0	1.9	0	0	0	1	0.1	0	0
01.05.2014	0.4	5.8	3.3	0.6	0	6.9	4.6	0	3.3
02.05.2014	0	3.3	2.3	0	0.6	4.8	2.6	0.6	0
03.05.2014	0.2	4	2.7	0.5	1.6	3.6	1.4	1.6	2
04.05.2014	0.7	5.1	2.1	0.7	1.8	7.1	8.1	1.8	1.4
05.05.2014	0	0	0	0	0	0	0	0	0
06.05.2014	5.5	4	4.6	6.5	4.6	4	4.6	4.6	5.7
07.05.2014	2.3	3.6	2	0.4	3.9	4.3	6.3	3.9	2.3
08.05.2014	0	0	0	0	0	0	0	0	0
09.05.2014	0	0	0	0	0	0	0	0	0
10.05.2014	1.5	1.3	1.5	1.4	1.1	1.1	0.3	1.1	1.1
11.05.2014	0	0	0	0	0	0	0	0	0
12.05.2014	5	0	0	0	0	0	0.1	0	0
13.05.2014	3.3	1.3	1.4	1.9	0.5	0.9	1	0.5	1.8
14.05.2014	0	0.5	0	0	0	0.2	0.1	0	0
15.05.2014	0	0	0	0	0	0	0	0	0
16.05.2014	27.2	4.8	9.5	16.6	14	7	12.2	14	11.6
17.05.2014	2.9	3.4	2	0.2	2.6	5	4.1	2.6	1.1
18.05.2014	0	1.7	1	0	0.4	1.7	0.9	0.4	0
19.05.2014	0	0	0	0	0	0	0	0	0
20.05.2014	0	0	0	0	0	0.1	0	0	0
21.05.2014	0	0	0	0	0	0	0	0	0
22.05.2014	1.7	1.4	1.7	1	3.4	3.6	3.6	3.4	1.6
23.05.2014	2.3	6.1	4.1	2.4	4.1	4.9	5.8	4.1	3.4
24.05.2014	2	2.3	1.4	1.3	3	3	4.3	3	1.5
25.05.2014	0	2.2	0	0	0	0.7	1.1	0	0
26.05.2014	0	0	0	0	0	0	0	0	0
27.05.2014	0	0.5	0.2	0	0	0.2	0.4	0	0
28.05.2014	0	0.4	0	0	0	0.2	0.1	0	0
29.05.2014	0	0	0	0	0	0	0	0	0
30.05.2014	0	0	0	0	0	0	0	0	0
31.05.2014	0	0	0	0	0	0	0	0	0
01.06.2014	0	0	0	0	0	0	0	0	0
02.06.2014	0	0	0	0	0	0	0	0	0
03.06.2014	0	0	0	0	0	0.1	0	0	0
04.06.2014	0	0	0	0	0	0	0	0	0
05.06.2014	0	1.6	0	0	0	0.1	0	0	0
06.06.2014	0.2	3.7	1	0	0	1.8	3.4	0	0.1
07.06.2014	0.1	0.8	1.8	0.2	2.3	2.2	3.1	2.3	0.5
08.06.2014	0	0	0	0	0	0	0	0	0
09.06.2014	3.9	2.4	2.5	3.2	3.1	2.4	2.4	3.1	3
10.06.2014	0	0	0	0	0	0	0	0	0
11.06.2014	3.1	2.6	3.6	3.5	3.7	1.8	1.5	3.7	3.4
12.06.2014	18.9	5.9	9.3	12.4	12.4	8.4	11	12.4	11.5
13.06.2014	23.8	15.4	23.2	23.8	27.4	23.4	17.6	27.4	22.3
14.06.2014	0	0.8	0.7	0	0.8	1.1	0.4	0.8	0
15.06.2014	0	0	0	0	0	0	0	0	0
16.06.2014	0.3	2.1	0	0	0	4.2	0	0	0
17.06.2014	0	0	0	0	0	0	0	0	0
18.06.2014	2.6	1.1	2.6	2.1	1.6	0.9	0.9	1.6	2.5
19.06.2014	10.9	5.8	10.2	12.8	11.1	7.1	6.1	11.1	11.1
20.06.2014	0.2	1.7	1.8	0.9	2.1	3.1	0.6	2.1	1.5
21.06.2014	0.6	3.2	4	1.7	3.2	4.2	4	3.2	4
22.06.2014	1.2	21.9	6.5	1.7	13	27.4	9.6	13	0
23.06.2014	2.8	5.6	4.8	2.4	6.3	6.3	3.4	6.3	3.2
24.06.2014	0.1	1.5	1.2	0.1	0.1	1.2	0.5	0.1	0
25.06.2014	0.1	0.5	0.1	0	0	0.7	0.2	0	0
26.06.2014	0	0	0	0	0	0	0	0	0
27.06.2014	0	0	0	0	0	0	0	0	0
28.06.2014	3.6	2.3	2.7	3	1.6	1.5	1.3	1.6	2.5
29.06.2014	0.1	3	2.9	0.1	6.5	3.5	2.7	6.5	0
30.06.2014	6.7	3.9	6	8	4.8	4.9	3.8	4.8	6.6
01.07.2014	3.1	1.7	1.9	1.2	2.3	2.9	3.3	2.3	0.9
02.07.2014	0.2	2	5.3	0	0	0.1	0.6	0	2
03.07.2014	10.1	5.4	6.2	7.6	7.5	4.8	4.8	7.5	8
04.07.2014	3.1	4.5	2.2	1.5	4.9	5	5.3	4.9	2.6
05.07.2014	0	2.4	2.9	0	2.1	1.8	1.5	2.1	2
06.07.2014	0.2	3.8	9.2	1.4	3.5	6.3	6.3	3.5	3.8
07.07.2014	0.1	4.3	2.7	0.1	1.2	2.7	3.4	1.2	0.9
08.07.2014	8.2	4.1	4.9	6	6.6	4.9	6.1	6.6	5
09.07.2014	0.1	0	0.2	0	0	0.5	1.5	0	0
10.07.2014	0	0	0	0	0	0	0	0	0
11.07.2014	0.1	2.3	0.3	0	0	2.3	0.1	0	0
12.07.2014	0	0	0	0	0	0	0	0	0
13.07.2014	1.2	6.7	6.6	4.8	6.6	12.8	3	6.6	0.7
14.07.2014	0	0	0	0	0	0	0	0	0
15.07.2014	11.5	20	15.9	14.4	15	20.7	19.6	15	13.5
16.07.2014	5.8	7	8.7	7.2	6.2	5.7	5.9	6.2	8.2
17.07.2014	2.2	3.5	2.5	3	3.8	5.1	5.4	3.8	3.6
18.07.2014	5.9	4.7	3.6	3.8	6.1	4.7	4	6.1	3
19.07.2014	1	1.5	1.9	0.4	2.3	3.2	0.1	2.3	0.1
20.07.2014	0.3	0.8	0.1	0	0	0.7	0.2	0	0
21.07.2014	0.3	0.9	0.1	0	0	0.8	0.1	0	0
22.07.2014	0.2	0.5	0.1	0	0	0.5	0.1	0	0
23.07.2014	0	0	0	0	0	0	0	0	0
24.07.2014	0	0	0	0	0	0	0	0	0
25.07.2014	0	0	0	0	0	0	0	0	0
26.07.2014	0.1	1.5	1.2	0.6	1.7	1.7	0.3	1.7	0.8
27.07.2014	0	1.2	0	0	0	0.1	0	0	0
28.07.2014	1.5	6.7	4.7	6.4	4.1	9.3	5.5	4.1	0.1
29.07.2014	0	12	9.2	0	0	13.6	9.9	0	2
30.07.2014	0.3	2.7	2.5	0.2	1.1	2.5	2.7	1.1	0.4
31.07.2014	5.9	1.6	3.7	4.6	3.9	2.6	0.7	3.9	4.3
01.08.2014	16.3	7.1	7.1	10.5	8.7	7.1	7.3	8.7	8.4
02.08.2014	4.2	1.3	2.6	3.1	1.9	1.2	0.3	1.9	2.7
03.08.2014	11	6.9	6.2	6.6	12.1	11.5	12.9	12.1	8.6
04.08.2014	2.8	1.6	1.7	1.7	2.8	1.3	2.1	2.8	1.7
05.08.2014	3.8	3.8	5	3.8	4.1	3.8	4.3	4.1	5.3
06.08.2014	0.1	0.1	0.3	0	0	2.6	0.1	0	0
07.08.2014	0.1	3.6	0.8	0	0	2.6	0.1	0	0
08.08.2014	8.3	5.5	6.5	8.2	7.1	5	5.4	7.1	7
09.08.2014	1.9	2.7	2.3	4.2	4.2	3.1	0.1	4.2	1.9
10.08.2014	1.6	5.6	2.3	0.2	3.6	7	7.6	3.6	2.2
11.08.2014	0.7	4	2.6	0.1	0	4.2	1.1	0	0
12.08.2014	2.7	2.2	0.9	1.3	1.2	1.5	1.6	1.2	0.1
13.08.2014	0.9	1.6	0.9	0.3	1.1	1.4	1	1.1	0.8
14.08.2014	1.4	2.7	1.8	2.1	1.9	2.5	1.8	1.9	1.1
15.08.2014	0	2.2	3.5	0.8	3.4	2.6	1.7	3.4	3.4
16.08.2014	0.2	2.3	1.9	1.5	1.6	2.1	1.1	1.6	1.2
17.08.2014	2.9	1.4	1.5	2.3	2.6	1.7	1.7	2.6	1.6
18.08.2014	4.6	5.2	5.6	6.6	4	4.8	5.2	4	6.4
19.08.2014	9.5	9.8	9.7	8.6	13.9	25.9	13.6	13.9	6.2
20.08.2014	28.6	5.2	13.9	22.1	19.4	9.2	8	19.4	15.2
21.08.2014	4.5	2.7	5.3	5.4	4.7	3.5	2.7	4.7	5.4
22.08.2014	1.6	3.4	2.3	3	8.5	4.7	3.7	8.5	2.3
23.08.2014	0	3.5	6.5	6.4	7.2	2.9	3	7.2	7.3
24.08.2014	10.4	4.6	6.9	8.3	7.2	5.6	4.7	7.2	7.6
25.08.2014	7.3	7.1	3.6	2.6	2.6	4.6	5.2	2.6	2.3
26.08.2014	0	2.7	2.6	0	0.7	3	1.5	0.7	0
27.08.2014	0	0	0	0	0	0	0	0	0
28.08.2014	0	0.6	0	0	0	0.2	0.2	0	0
29.08.2014	0	0.3	0	0	0	0.2	0.2	0	0
30.08.2014	0.1	0	0	0	0	0	0	0	0
31.08.2014	0	0	0	0	0	0	0	0	0
01.09.2014	0	0	0	0	0	0	0	0	0
02.09.2014	3	1.4	2.2	2.4	2.7	1.8	1.6	2.7	2.6
03.09.2014	0.5	1.1	0.4	0.3	1.9	1.5	1.7	1.9	0.9
04.09.2014	0	0	0	0	0	0	0	0	0
05.09.2014	0.1	0.1	0	0	0	0	0.1	0	0
06.09.2014	0	0	0	0	0	0	0.1	0	0
07.09.2014	0.1	1.7	0.7	0.1	0	2.3	1	0	0.1
08.09.2014	0	0	0	0	0	0	0	0	0
09.09.2014	2.8	2.7	5.8	7.7	3	5.1	4.4	3	7.7
10.09.2014	1	0.1	2.9	1.4	4.6	2.6	2.5	4.6	3.5
11.09.2014	0	0.1	0.1	0	0.1	0.1	0.1	0.1	0
12.09.2014	0	0.4	1.1	0.5	0.1	0.1	0.8	0.1	1
13.09.2014	0	0.2	0	0	0	0.2	0.1	0	0
14.09.2014	0	0	0	0	0	0	0	0	0
15.09.2014	0	0.3	0.1	0	0	0.2	0.2	0	0
16.09.2014	0	0.4	0.2	0	0	0.2	0.3	0	0
17.09.2014	0	0.2	0.1	0	0	0.1	0.1	0	0
18.09.2014	0	0	0	0	0	0	0	0	0
19.09.2014	0	0	0	0	0	0	0	0	0
20.09.2014	0	0	0	0	0	0	0	0	0
21.09.2014	7.6	6.8	6.9	7.3	10.5	12.1	9.8	10.5	6.6
22.09.2014	3.5	7.1	7.4	7.2	9.9	8.4	2.6	9.9	4.1
23.09.2014	0	0.3	0.1	0	0.2	0.3	0.1	0.2	0
24.09.2014	0.1	0.3	0.7	0.8	0.9	0.3	0.3	0.9	0.6
25.09.2014	4.9	1.9	5	6.7	5	3	4.4	5	6.7
26.09.2014	10.3	2.3	4.9	6.4	4.3	3.7	2.4	4.3	5
27.09.2014	40	30.1	34.7	33	22.9	26.8	29.2	22.9	35.2
28.09.2014	29.2	21.4	20.7	28.3	27.1	18.2	15.1	27.1	20.3
29.09.2014	8.5	3.9	4	6.5	8.2	5.7	4.4	8.2	4.1
30.09.2014	1.4	4.4	1.7	1.2	4.3	3.4	3	4.3	1.8
01.10.2014	0.1	0.3	0.2	0.3	0.6	0.4	0.3	0.6	0.1
02.10.2014	9.6	7	10.1	10.8	17.1	9.1	8.9	17.1	10
03.10.2014	0.3	0	0	0.2	0.1	0	0	0.1	0
04.10.2014	5.4	0	11.6	11.3	15.7	15.9	8.6	15.7	3.8
05.10.2014	0	0	0	0	0	0.1	0	0	0
06.10.2014	1.5	2.7	2.8	1.4	4.1	2.8	3.2	4.1	1.9
07.10.2014	0	0	0	0	0	0.1	0	0	0
08.10.2014	0	1.8	0	0	0	0.1	0	0	0
09.10.2014	2.9	0	1.4	1.3	1.5	2.9	2	1.5	0.9
10.10.2014	2.9	2.5	2.3	3.2	1.9	3.2	3.3	1.9	2.1
11.10.2014	1.2	0.1	0.1	0.9	0.1	0.1	0.1	0.1	0.1
12.10.2014	1.9	2.4	2	1.1	2.5	2.1	2.9	2.5	1.9
13.10.2014	0.9	0.4	0.6	0.8	1.1	0.5	0.5	1.1	0.5
14.10.2014	1.2	2.2	1.9	1.5	2.9	2.4	1.3	2.9	2
15.10.2014	0.1	0	0.1	0.1	0	0	0.1	0	1.2
16.10.2014	0	0	0	0	0	0	0	0	0.1
17.10.2014	0	0	0	0	0	0	0	0	0
18.10.2014	0	0	0	0	0	0	0	0	0
19.10.2014	17.1	11.2	10	10.8	7.6	11.3	11.8	7.6	9.3
20.10.2014	32	14.6	19	22.6	22.7	18	20.4	22.7	21.1
21.10.2014	1	1	2.9	4.3	3.2	0.1	0.1	3.2	1.3
22.10.2014	4.6	1.4	1.2	3.5	1.4	1.1	0.7	1.4	0.9
23.10.2014	9.6	5.7	6.5	8.7	9.7	6	6.2	9.7	7.6
24.10.2014	12.9	6.9	10.7	10.3	16.6	9.2	12.7	16.6	12.1
25.10.2014	6.7	2.6	4.1	8.6	6.1	3.4	1	6.1	3.5
26.10.2014	14.7	6.4	11	14.6	18.1	9.9	12.3	18.1	14.5
27.10.2014	58.4	39.9	39.4	45.7	54.2	32	34.2	54.2	46.4
28.10.2014	38.3	18	35.9	40.7	30	26.2	29.5	30	42.1
29.10.2014	49.7	36.7	47.9	54.5	49.2	42.9	37.7	49.2	54.2
30.10.2014	11.6	16.1	8.4	7.9	10.9	16.2	19.4	10.9	8.2
31.10.2014	0	0	0	0	0.7	0.1	0	0.7	0
01.11.2014	3.5	2.7	2.6	3.3	3.4	3.6	3.2	3.4	2.4
02.11.2014	11.5	6.8	8	9.2	10.9	8.6	8	10.9	8.4
03.11.2014	7.6	3.5	5.3	7.9	9.8	6	5.4	9.8	6.3
04.11.2014	0	5.8	5.5	0	0.9	10.7	12.3	0.9	3.7
05.11.2014	0	0.4	0	0	0	0.1	0.1	0	0
06.11.2014	0	0	0	0	0	0	0	0	0
07.11.2014	0	0	0	0	0	0	0	0	0
08.11.2014	0.1	0.1	0.1	0	0	0.1	0.1	0	0.1
09.11.2014	1.1	0.8	0.6	0.6	1.6	1.4	0.3	1.6	0.1
10.11.2014	2.2	3.5	2.3	4.5	7	4	4.7	7	1.9
11.11.2014	1.5	5.5	5.4	4.4	7.2	3.7	7.7	7.2	0.5
12.11.2014	0	0	0	0	0	0	0	0	0
13.11.2014	0	0	0	0	0	0	0	0	0
14.11.2014	2.7	3.8	5.7	6	3.8	3.7	0.5	3.8	2.1
15.11.2014	0	0	0	0	0	0	0	0	0
16.11.2014	0	0	0	0	0	0	0	0	0
17.11.2014	0	0	0	0	0	0	0	0	0
18.11.2014	0	0	0	0	0	0	0	0	0
19.11.2014	0	0	0	0	0	0	0	0	0
20.11.2014	0	0	0	0	0	0	0	0	0
21.11.2014	0	0.5	0	0	0	0.1	0.2	0	0
22.11.2014	0	0	0	0	0	0	0	0	0
23.11.2014	0.1	1.2	0.8	0.1	0	1.7	1.1	0	0.9
24.11.2014	7.2	8.6	3.6	8.1	10	7.8	10.7	10	5.5
25.11.2014	10.6	11.2	11.6	10	15.1	15.9	13.9	15.1	9.3
26.11.2014	3.7	2.5	2.7	3.4	3.1	2.3	3.2	3.1	3
27.11.2014	0	0	0	0	0	0	0	0	0
28.11.2014	0	0	0	0	0	0	0	0	0
29.11.2014	0	0	0	0	0	0	0	0	0
30.11.2014	0	0	0	0	0	0	0	0	0
01.12.2014	0	0.1	0	0	0	0.1	0	0	0
02.12.2014	0.6	0.9	0.1	0.1	1	2.3	2.2	1	0.1
03.12.2014	4.9	3.1	2.8	4.5	4.4	4.5	5.5	4.4	3.1
04.12.2014	22.5	4.9	4.4	9.8	15.3	7.8	5.5	15.3	5.9
05.12.2014	0	0.5	0.8	0.3	0.8	0.5	0.4	0.8	0.8
06.12.2014	8.2	5.4	9.2	9	8.3	6.5	4.5	8.3	8.9
07.12.2014	13.1	4.8	7.8	9.3	9.3	7.6	6	9.3	7.9
08.12.2014	28.5	10.7	15.5	21.4	12.9	12.5	11.3	12.9	17.4
09.12.2014	14.6	7.7	12.7	14.3	15.5	10.5	7.4	15.5	12.8
10.12.2014	15.9	8.4	13.2	16.6	15.1	11.1	11.4	15.1	15.3
11.12.2014	15.4	7.9	7.5	11.4	8.8	8.9	12.6	8.8	5.2
12.12.2014	2.6	5	4.3	4.1	5.6	6.4	3.3	5.6	0.4
13.12.2014	6.7	4.3	5.3	6.6	8.8	5.5	6.9	8.8	5.7
14.12.2014	7	6.4	7.9	7.5	9.6	11.7	6.1	9.6	4.7
15.12.2014	26.6	13.7	19.2	27	22.5	18	21.1	22.5	24.6
16.12.2014	10.8	6	5.6	8.5	8.9	7	9	8.9	7.9
17.12.2014	1.4	1.9	2.4	1	2.1	5.3	4.5	2.1	1.1
18.12.2014	10.5	8.5	7.7	7.5	8.2	10.9	11.5	8.2	7.9
19.12.2014	28.7	15.8	21.1	23.7	14.3	17.4	18.9	14.3	21.5
20.12.2014	24.7	9.3	15.9	23.5	20.1	12	11.2	20.1	18.8
21.12.2014	14.9	14.4	14.4	13.5	22.4	15.8	12.6	22.4	14.8
22.12.2014	20.7	16	21	21.9	21	15.6	15.5	21	23.3
23.12.2014	16.6	12.9	17.1	16.7	19.2	13.6	13.9	19.2	16.7
24.12.2014	6.1	3.1	4.7	7	7.5	5.1	3.6	7.5	4.5
25.12.2014	0	0	0	0	0	0	0	0	0
26.12.2014	0.2	5.2	0	0	0	0.1	0.1	0	0
27.12.2014	5.4	3	4.1	5.2	3.9	3.1	1.8	3.9	3.6
28.12.2014	5.9	3.2	4.8	5.8	3.3	3.8	2.8	3.3	4.5
29.12.2014	12.1	10.6	13.9	14.5	20.6	13.6	11.3	20.6	14.2
30.12.2014	4.9	1.8	3.9	4.6	4.6	3.6	1.5	4.6	4
31.12.2014	4.8	7.4	6.2	6.5	14.5	10.4	6.9	14.5	6.2
01.01.2015	2.9	6.6	2.1	2.1	2.4	5.7	7	2.4	0.9
02.01.2015	34	15.5	21.7	25.2	19.4	17.9	15.3	19.4	23.5
03.01.2015	9.2	18.8	16.7	13.3	19.1	24	17	19.1	12.2
04.01.2015	13.1	18.9	17.5	13.9	27.2	23.9	11.6	27.2	16.3
05.01.2015	5.7	9.6	6.6	4.7	5.9	8.6	9.1	5.9	6.3
06.01.2015	2.5	2.7	2.1	1.7	2.9	3.5	2.9	2.9	1.7
07.01.2015	7.9	6.2	8.2	8	11	8	8.3	11	8.9
08.01.2015	12.3	4.2	6.1	9.5	7.7	5.6	6.3	7.7	7.3
09.01.2015	28.9	14.3	22.3	29.7	17.2	14.9	16.2	17.2	25.6
10.01.2015	0.6	2.2	0.1	0.1	0.9	2.9	0.1	0.9	0
11.01.2015	14.9	10	10.8	14.5	12.4	14	16.6	12.4	12
12.01.2015	5.3	4.5	2.9	3.1	4.3	5.5	4.9	4.3	2.9
13.01.2015	22.3	15.7	17.8	16.9	16.6	16.4	16.2	16.6	18
14.01.2015	32.6	9	16.9	24.4	23.1	9.7	10.1	23.1	18
15.01.2015	11.1	9.4	10.6	12.7	13.7	11.7	11.2	13.7	11.5
16.01.2015	0.3	2	0	0	0	0.1	0	0	0
17.01.2015	16.3	6.4	10.8	12.9	8.4	9	10.1	8.4	11.8
18.01.2015	2.7	10	4.8	1.4	4.9	9.8	10.9	4.9	3.6
19.01.2015	0	0	0	0	0	0	0	0	0
20.01.2015	0	0	0	0	0	0	0	0	0
21.01.2015	0	0	0	0	0	0	0	0	0
22.01.2015	0	0	0	0	0	0	0	0	0
23.01.2015	0	0	0	0	0	0	0	0	0
24.01.2015	4.3	1.3	0.5	2.7	2.1	2.5	4.8	2.1	0.4
25.01.2015	11.4	5.2	4.5	8.1	7.1	6.1	5.6	7.1	5.6
26.01.2015	10.3	1.9	5.8	7.9	4	5.4	6.4	4	6.9
27.01.2015	9.9	1.9	4.8	7.9	5.2	3.2	1.4	5.2	4.9
28.01.2015	21.4	7.2	7.9	11.9	8.5	8.2	10.9	8.5	9.7
29.01.2015	6.1	3	3.7	3.9	3.7	4.8	4.8	3.7	2.4
30.01.2015	3.9	5.2	4.3	2.8	6.9	5.6	4.5	6.9	2.9
31.01.2015	0.3	3.4	0.1	0	0	1.5	1.1	0	0
01.02.2015	0	0	0	0	0	0	0	0	0
02.02.2015	2.5	3.2	4.1	2	2.2	4.4	1.8	2.2	1.7
03.02.2015	5.1	4.2	3.8	3.8	5.3	4.8	4.9	5.3	2.8
04.02.2015	0.7	0	0	1	0.1	0	0	0.1	0
05.02.2015	1.4	0.3	0.4	0.6	0.4	0.6	0.5	0.4	0.3
06.02.2015	1	2.3	3.1	2.6	0.1	1.4	0.2	0.1	0.9
07.02.2015	5.3	3.9	4.7	5.8	8.4	4.9	4.8	8.4	4.6
08.02.2015	11.4	13.8	12.8	10.6	17.5	14.7	13	17.5	12.7
09.02.2015	11	10	15	14.2	14.8	14.7	7.5	14.8	13.4
10.02.2015	7.5	3.9	6.1	6.5	8.4	2.5	3.9	8.4	5.7
11.02.2015	6.3	12	3.2	3.6	9.9	2.7	9.7	9.9	2.6
12.02.2015	1.3	0	0	0.9	0.4	0	0	0.4	0
13.02.2015	8.7	7.5	4.2	6.6	6.5	8.4	7.7	6.5	5.6
14.02.2015	0.6	1.3	1.2	0.9	1.6	1.5	0.8	1.6	0.6
15.02.2015	0	0	0	0	0	0	0	0	0
16.02.2015	0	0	0	0	0	0.1	0	0	0
17.02.2015	4.1	2.9	2.4	0.7	6.6	6.6	7.4	6.6	1.8
18.02.2015	20.1	14.6	18.1	19.5	20	16.2	15.9	20	18.9
19.02.2015	38.5	5.6	23.2	33.1	15.3	10.4	4.7	15.3	27.8
20.02.2015	22.9	9.3	16.4	17.8	16	9.2	11.9	16	20.1
21.02.2015	9.2	1.8	4.3	5.5	5.5	7	5.5	5.5	3.7
22.02.2015	3.8	3.8	5.5	5.9	5.2	3.8	3.6	5.2	5.8
23.02.2015	0.7	0.1	0	1	0.1	0	0.6	0.1	0
24.02.2015	0.2	0.6	0	0	0	0.1	0.2	0	0
25.02.2015	0.3	0.4	0	0	0	0.1	0	0	0
26.02.2015	0.8	2.2	0	0	0	0.3	0.4	0	0
27.02.2015	2.5	11.4	13.3	13.4	18.6	15.5	6.9	18.6	5.4
28.02.2015	4.1	4.1	2.8	1.7	5.7	5.7	5.5	5.7	1.5
01.03.2015	0.1	4.1	2.8	7.7	7.9	8.9	3.8	7.9	0.5
02.03.2015	12.4	7.2	9.1	9	10.3	9.4	8.5	10.3	9.3
03.03.2015	0.8	1.7	1.4	0.7	1.9	3.2	3	1.9	1.3
04.03.2015	0	0	0	0	0	0	0	0	0
05.03.2015	2.5	5.5	3.3	3.1	5	5.2	6.1	5	2.9
06.03.2015	26.8	9	18.1	21.3	15.3	10.2	9.1	15.3	19.6
07.03.2015	7	9.7	11.1	11.1	21.4	17.7	16.3	21.4	11.5
08.03.2015	72.9	37.5	51.8	57.6	42.9	35.2	34.8	42.9	56.8
09.03.2015	19	10.6	12.9	14.3	13.6	10	10.2	13.6	13.5
10.03.2015	1.5	2	1.6	1.3	2.2	3	2.8	2.2	0.5
11.03.2015	27.2	17.3	23.1	24	16.3	20.9	20.3	16.3	22.6
12.03.2015	1.3	3	1.5	1.2	3.2	3.5	4.5	3.2	1
13.03.2015	0	0	0	0	0	0.2	0	0	0
14.03.2015	0	0	0	0	0	0.1	0	0	0
15.03.2015	0	0	0	0	0	0.4	0	0	0
16.03.2015	0	0	0	0	0	0.1	0	0	0
17.03.2015	0	0	0	0	0	0	0	0	0
18.03.2015	0	0	0	0	0	0.1	0	0	0
19.03.2015	0	1.2	0	0	0	0.4	1.2	0	0
20.03.2015	6.5	3.1	5.2	8.3	7.6	3.9	3.6	7.6	5.8
21.03.2015	2.4	2.9	3.5	3.5	3.4	4	3.3	3.4	2.8
22.03.2015	6.8	5.7	4.6	4.3	5.7	6.5	7.8	5.7	4.9
23.03.2015	21.3	7.8	10.4	12.3	8.7	6.7	8.1	8.7	11.6
24.03.2015	9.3	3.2	6.1	6.2	5	3.3	1.9	5	5.4
25.03.2015	0	0.4	0	0	0	0.3	0.2	0	0
26.03.2015	0	0	0	0	0	0.2	0	0	0
27.03.2015	0.2	6.4	5.4	0	0	9.3	1.7	0	0
28.03.2015	0.2	0	0	0.2	0.1	0	0	0.1	0
29.03.2015	0.7	1.4	0.5	0.1	0.9	2.3	2	0.9	0.1
30.03.2015	1.2	3	3.1	4.1	1.6	4.3	4.8	1.6	2.9
31.03.2015	0.9	2.2	1.9	2.1	2.6	2.3	2.4	2.6	1.5
01.04.2015	1.6	1.9	1.4	1.4	2.4	2.3	2.4	2.4	1
02.04.2015	4.1	2.2	4.3	4	3.7	3.9	2.9	3.7	4.3
03.04.2015	6.8	10.4	7.9	6.8	12	12.7	10	12	5.9
04.04.2015	0.5	0	0	0	0	0	0	0	1
05.04.2015	1.7	2.2	1.3	1.9	3.4	4.1	3.2	3.4	1.7
06.04.2015	1.8	1.8	1.8	1.8	2.1	1.6	1.2	2.1	1.9
07.04.2015	4.4	3.5	3.1	3.1	4.8	3.6	4	4.8	2.5
08.04.2015	3.6	7.9	4	3	6.9	7.6	9	6.9	3
09.04.2015	0.7	0	0	0.5	0.1	0	0	0.1	0
10.04.2015	3.1	6.2	1.6	2.9	4.8	5.8	0.2	4.8	0
11.04.2015	0	0	0	0	0	0	0	0	0
12.04.2015	6	4.5	6	7.4	9.5	5.3	5.2	9.5	6.6
13.04.2015	17.5	7	11.6	14.3	12.4	9.7	7.2	12.4	11.9
14.04.2015	1.4	6	3.6	2.8	3.4	5.4	2.5	3.4	1.8
15.04.2015	6.8	6.3	6.7	9	9.8	7.2	9.3	9.8	7.5
16.04.2015	9.5	9	8.6	9.2	14.1	11.4	7.7	14.1	7.8
17.04.2015	1.2	2.2	1.3	0.4	2.2	3.3	3	2.2	0.1
18.04.2015	0	1.2	0	0	0	0.5	0.4	0	0
19.04.2015	0.7	1.2	1.2	1.3	0.4	1.1	1.7	0.4	1.2
20.04.2015	0.2	1	0.7	0	0	1.1	0.8	0	0.4
21.04.2015	0	0	0	0	0	0	0	0	0
22.04.2015	0.2	0.7	0	0	0	0.7	0	0	0
23.04.2015	13.6	10.4	13	16.9	12.7	10.5	8.2	12.7	13
24.04.2015	1.5	7.4	2.8	1.3	3	8.1	7.4	3	1.5
25.04.2015	8.5	5.6	6.4	6.9	7	5.4	6.3	7	6.8
26.04.2015	10	7.5	9.1	8.7	10.2	7.6	8.3	10.2	9.1
27.04.2015	5.3	4.2	3.2	3.8	5.5	6.5	3.6	5.5	2.5
28.04.2015	0	1.5	0.2	0	0	0.9	0.7	0	0
29.04.2015	0	0.2	0	0	0	0.1	0	0	0
30.04.2015	0	3.2	0.3	0	0	0.6	1.5	0	0
01.05.2015	0.5	0.9	0.7	0.6	0.5	1.3	0.4	0.5	0.1
02.05.2015	0.1	1.1	0.3	0.1	0.4	1	0.1	0.4	0
03.05.2015	0	0	0	0	0	0	0	0	0
04.05.2015	0	0	0	0	0	0	0	0	0
05.05.2015	2	1	1.2	1.5	0.9	0.8	1.4	0.9	1.2
06.05.2015	0.1	2	2.1	0.1	2.5	3.4	4.4	2.5	0.1
07.05.2015	0.1	0.6	0.7	0	0	0.6	0.2	0	0
08.05.2015	0.8	2.1	1.7	0.8	4.3	3.3	2.7	4.3	1.6
09.05.2015	2.6	7.3	3.9	1.9	2.8	7.2	4.6	2.8	2.2
10.05.2015	0	0.7	0	0	0	0.5	0	0	0
11.05.2015	5.9	3.8	5.3	5.8	7	4.7	3.3	7	3
12.05.2015	21.6	4.4	12.9	18.4	7.5	5.1	3.8	7.5	16.9
13.05.2015	3.1	1.9	1.5	1.3	2.5	2	3.6	2.5	1.5
14.05.2015	0.5	3.6	3.8	4.3	5.1	11.6	6.1	5.1	0.7
15.05.2015	0.1	0.4	0.1	0.1	0.1	1.2	0.1	0.1	0
16.05.2015	0.4	0	0	0	0	0	0	0	0
17.05.2015	6.1	1.9	3	4.3	2.8	2.8	3.3	2.8	3.3
18.05.2015	0	0	0	0	0.3	0	0	0.3	0
19.05.2015	0	0	0	0	0	0	0	0	0
20.05.2015	3	1.2	3.6	4.7	1.2	2.5	1.3	1.2	1.8
21.05.2015	7.3	4.6	8.2	8.5	8.1	5.3	5.9	8.1	8.8
22.05.2015	11.1	8.3	8	5.7	7.6	5.7	9.2	7.6	9.6
23.05.2015	32.7	14.2	19.6	17.9	20.9	19.1	20.5	20.9	18.1
24.05.2015	0.8	2	1.2	0.9	2.3	2.9	2.1	2.3	0.4
25.05.2015	5.3	2.2	3.5	5.3	6.5	3.2	2.2	6.5	3.7
26.05.2015	0.1	1.1	1.4	0.7	1	1.1	1.5	1	1.3
27.05.2015	2.3	1.9	0.8	1.8	4.1	3	4.4	4.1	1.7
28.05.2015	1.3	0	0	1.7	0	0	0	0	0
29.05.2015	1.8	1.8	3.7	3.1	2.7	2.5	3.5	2.7	3.4
30.05.2015	0.4	0	0	0	0	0	0	0	0
31.05.2015	0.9	3.5	4.7	2.3	4.3	5.1	4.6	4.3	5.3
01.06.2015	2.1	2.2	2.7	1.3	2.8	2.6	2.7	2.8	2.5
02.06.2015	9.3	3	4.8	5.7	6.7	3.3	2.4	6.7	6.1
03.06.2015	3.7	2.3	2.9	3	2.4	2.8	2.9	2.4	3.6
04.06.2015	9.9	7.4	12.8	10.4	12.1	8.3	10.1	12.1	11.3
05.06.2015	2.4	2.4	1.1	0.4	1.7	3.3	4	1.7	0.9
06.06.2015	1.7	2.4	2.8	1.5	2.8	2.1	3	2.8	2.7
07.06.2015	9.3	0	8.4	6.7	5.1	5.8	4.7	5.1	8
08.06.2015	6.5	5	4.9	5.5	7.7	6.9	5.8	7.7	4.7
09.06.2015	0.3	1	0.3	0.2	0.1	1	0.1	0.1	0
10.06.2015	0.7	0	0.1	0.7	2.9	0	0	2.9	1
11.06.2015	12	7	13.3	15.3	13.7	6.2	7.8	13.7	15.3
12.06.2015	2.1	8.8	6	4.7	5.6	7.4	3.9	5.6	3.3
13.06.2015	1.4	0.8	1	1.7	1.4	1.6	1.9	1.4	0.8
14.06.2015	0	3.4	0.9	0	0	1.7	0.4	0	0.5
15.06.2015	0.1	0.4	0.2	0.4	2.1	2.2	1	2.1	0.4
16.06.2015	0.4	1.5	3.3	1.7	3.8	1.8	2	3.8	3
17.06.2015	0.5	0	0	0.8	0	0	0	0	1
18.06.2015	1.4	1.6	2.1	2.4	2.5	1.9	2	2.5	2.5
19.06.2015	0	0	0	0	0	0	0	0	0
20.06.2015	0	0	0	0	0	0	0	0	0
21.06.2015	0	0.4	0.2	0	0	0.4	0.1	0	0
22.06.2015	0	0	0	0	0	0	0	0	0
23.06.2015	0	0	0	0	0	0	0	0	0
24.06.2015	0	0	0	0	0	0	0	0	0
25.06.2015	2.8	1.2	1.8	3.7	0.7	1.6	1.4	0.7	3.3
26.06.2015	0.1	0.8	0.8	0.6	1	1.5	1.5	1	0.5
27.06.2015	0	0	0	0	0	0	0	0	0
28.06.2015	0	0	0	0	0	0	0	0	0
29.06.2015	1.7	2.6	2.2	1.7	2.4	2.6	2.5	2.4	1.8
30.06.2015	4.5	2.5	3.2	4	3.5	3.1	3.2	3.5	3.5
01.07.2015	2.1	1.5	1.6	2.4	2.3	1.8	1.6	2.3	1.6
02.07.2015	0	2.8	0.1	0	0.6	2	0.1	0.6	0
03.07.2015	2.1	1.1	0.7	1.5	2.5	1.7	1.7	2.5	1.2
04.07.2015	1	2.1	1.5	1.3	2	2.8	2.8	2	1.7
05.07.2015	0	0	0	0	0	0	0	0	0
06.07.2015	0	1.2	3.7	1.1	0	4.9	2.8	0	2.1
07.07.2015	12.2	16.9	14	11.7	16	16.2	17.9	16	12.4
08.07.2015	1	4.5	2.5	1.1	3.7	3.3	3.8	3.7	1.8
09.07.2015	4	3.9	3.9	4.2	4.3	3.9	3.5	4.3	4.4
10.07.2015	1.1	3.2	2	1.1	3.6	3.2	2.6	3.6	1.2
11.07.2015	0	2.1	2.3	0	0.8	2.1	0.2	0.8	0
12.07.2015	3.5	2.3	2.5	3.2	3	2.8	3.3	3	3.2
13.07.2015	2	0	1.8	1.7	2.4	3.7	2.7	2.4	1.3
14.07.2015	3.2	2.5	3.6	3.5	4.9	3.4	3.1	4.9	3.9
15.07.2015	4.8	5.6	6.8	6.8	6.9	5.4	3.9	6.9	8
16.07.2015	12	11.8	11.3	12.8	16.1	13.4	10	16.1	13.3
17.07.2015	1.4	2.9	2.9	2.9	2.1	2.9	2.9	2.1	3
18.07.2015	3.2	2	1.9	2.7	2.2	2.6	3.9	2.2	2
19.07.2015	10.2	5.5	7.2	8.3	9.1	6.5	8.3	9.1	7.2
20.07.2015	0	0.4	1.2	1.7	0	0	0.6	0	2
21.07.2015	0.8	0	0	3.4	4.4	0.1	0	4.4	1.1
22.07.2015	10.4	5	6.8	8.1	8.5	5.6	6.7	8.5	7.3
23.07.2015	4.9	2.4	4	5.8	6.6	1.8	2.9	6.6	4.5
24.07.2015	2.8	0	1.7	1.4	3.8	4.2	3.1	3.8	1.5
25.07.2015	5.4	2	3.4	4.8	5	3.5	3.8	5	4.3
26.07.2015	0	2.7	0	0	0	1.7	1.6	0	0
27.07.2015	0.3	1.2	1.3	0.8	0.9	0.8	0.8	0.9	1.1
28.07.2015	0	2.2	0	0	0	1	1.2	0	0
29.07.2015	0	0	0	0	0	0	0	0	0
30.07.2015	1.1	1.6	1.2	0.1	1.2	2.7	2.7	1.2	0.9
31.07.2015	0.8	0	3.6	2	2.4	1.8	1.6	2.4	3.1
01.08.2015	0.8	0.6	0.5	0.9	1.9	0.9	0.9	1.9	0.5
02.08.2015	1.1	1.9	2.1	0.9	1.8	2.8	3.3	1.8	1.5
03.08.2015	0.1	0.1	1.5	0.3	0.2	1.3	1.3	0.2	2
04.08.2015	0.1	1	0.2	0	0	0.6	0.3	0	0
05.08.2015	4.3	2.9	3.1	3.5	4.3	3.2	4.2	4.3	3.4
06.08.2015	0	0	0	0	0.4	0	0	0.4	0
07.08.2015	4.6	2.8	3.6	3.9	4.4	3.9	3.7	4.4	3.2
08.08.2015	2.7	0	3.8	3	5	2.5	2.8	5	4.4
09.08.2015	1.2	0.9	1	0.8	1.4	1.1	1.6	1.4	0.8
10.08.2015	0	0	0	0	0.2	0	0	0.2	0
11.08.2015	1.4	0.8	1.2	0.8	2	1	1.6	2	0.9
12.08.2015	4.6	4.3	4.4	4.7	6.6	5.4	5.4	6.6	4.3
13.08.2015	0.1	0.1	0.1	0.1	0.2	0.1	0.1	0.2	0.1
14.08.2015	0	0.1	0	0	0	0.1	0.1	0	0
15.08.2015	0	0	0	0	0	0	0	0	0
16.08.2015	2.5	0.1	4.3	2.7	3.3	4.5	4.5	3.3	3.2
17.08.2015	0.1	0.5	0.1	0.1	0.3	1	1.1	0.3	0.2
18.08.2015	0	0	0	0	0	0	0	0	0
19.08.2015	0	0	0	0	0	0	0	0	0
20.08.2015	0	0	0	0	0	0	0	0	0
21.08.2015	0	0	0	0	0	0	0	0	0
22.08.2015	0.5	0.5	0.5	0.7	0.3	0.4	0.1	0.3	0.2
23.08.2015	0	0.8	0	0	0	0.4	0.4	0	0
24.08.2015	0	0	0	0	0	0	0	0	0
25.08.2015	0	0	0	0	0	0	0	0	0
26.08.2015	3	1	3.8	3.4	1.8	2.8	4.2	1.8	3.4
27.08.2015	0.8	1.7	1.3	1.4	3.1	3	4.5	3.1	1.1
28.08.2015	8.6	8.6	7.8	7.7	7.9	8.2	7.7	7.9	7.3
29.08.2015	5.3	0	3.9	6.6	3.2	3.4	3.4	3.2	5.2
30.08.2015	10.2	4.5	5	7.4	7.8	6.1	5.7	7.8	5.7
31.08.2015	4.6	2.3	4.1	4.3	3.7	3	3.8	3.7	4.7
01.09.2015	0.7	0	0.4	0.4	0.2	0.4	0.5	0.2	0.4
02.09.2015	0	3.4	0	0	0	2.3	2.3	0	0
03.09.2015	0.1	0.1	0.1	0	0	0.8	0.6	0	0
04.09.2015	0.1	0.1	0.1	0.1	0.1	0.5	1.2	0.1	0.1
05.09.2015	12.2	7.7	8.8	9.5	11.3	10.7	9.1	11.3	8.6
06.09.2015	0.1	0.1	3.7	0.7	2	1.3	0.4	2	2.8
07.09.2015	1.7	1.8	2.1	1.4	1.9	2.2	1.9	1.9	1.9
08.09.2015	1.2	2.2	2.4	1.2	2.6	2	1.9	2.6	1.9
09.09.2015	0	0	0	0	0.4	0	0	0.4	0.1
10.09.2015	0.1	0.2	0.1	0	0	0.2	0.1	0	0.1
11.09.2015	0	0.3	0.2	0	0	0.3	0.2	0	0.1
12.09.2015	0	0.2	0	0	0	0	0.1	0	0
13.09.2015	0	0.1	0	0	0	0	0	0	0
14.09.2015	2.1	2.1	2.4	3.4	6.4	2.4	1.7	6.4	3.1
15.09.2015	0	2.3	2.3	0	1	1.9	0.6	1	0
16.09.2015	7.7	5.1	4.9	5.8	5.8	6.3	7.3	5.8	5
17.09.2015	0	0	0	0	0	0	0	0	0
18.09.2015	0.3	2	0.1	0.2	0.1	1.4	1.7	0.1	0.1
19.09.2015	2.5	3.8	7.1	2.6	7	8.7	7.5	7	4.6
20.09.2015	1.7	6.2	6.2	2.9	7.4	8	6	7.4	4.4
21.09.2015	0	0.6	0.1	0	0.4	0.7	0.5	0.4	0.1
22.09.2015	0	0	0	0	0	0	0	0	0
23.09.2015	0	0	0	0	0	0	0	0	0
24.09.2015	0.1	0.7	0.2	0.1	0.7	0.9	1	0.7	0.1
25.09.2015	8	5.3	6.2	7.5	6.9	5.2	5.8	6.9	7
26.09.2015	11.4	5.4	7.6	12.7	11.1	8.9	10	11.1	8.9
27.09.2015	0.5	1.3	1.6	2.7	2.4	0.6	0.1	2.4	1.5
28.09.2015	0	0	0	0	0.2	0	0	0.2	0
29.09.2015	0	0.2	0	0	0	0.1	0.1	0	0
30.09.2015	0.1	0.1	0	0.1	0.1	0.9	0.1	0.1	0
01.10.2015	4.3	2.7	0.7	2.2	3.7	4.1	3.8	3.7	0.1
02.10.2015	0.4	1.9	0.1	0.1	0.1	1.9	0.5	0.1	0
03.10.2015	9.2	3.2	3.8	6.7	5.4	3.6	3.2	5.4	4.1
04.10.2015	3.7	2.3	3.2	3.5	3.2	2.2	3.1	3.2	3.6
05.10.2015	0	0	0.2	0.4	0.7	0.3	0	0.7	0.3
06.10.2015	0	0	0	0	0	0	0	0	0
07.10.2015	0	0	0	0	0	0	0	0	0
08.10.2015	0	0	0	0	0	0	0	0	0
09.10.2015	0	0.4	0.5	0	0	0.1	0.3	0	0.2
10.10.2015	0	0	0	0	0	0	0	0	0
11.10.2015	0	0.1	0	0	0	0.1	0.1	0	0
12.10.2015	0	0.1	0.1	0	0	0.1	0.1	0	0.1
13.10.2015	0	0	0	0	0	0	0	0	0
14.10.2015	0	0	0	0	0	0	0	0	0
15.10.2015	0	0	0	0	0	0	0	0	0
16.10.2015	0	0	0	0	0	0	0	0	0
17.10.2015	0	0	0	0	0	0	0	0	0
18.10.2015	0	0	0	0	0	0	0	0	0
19.10.2015	0	0	0	0	0	0	0	0	0
20.10.2015	0	0	0	0	0	0	0	0	0
21.10.2015	1	0	1.4	0.7	0.9	1.2	0.5	0.9	0.6
22.10.2015	10.1	8	9.1	8.4	9.4	8.7	8.9	9.4	8.8
23.10.2015	23.6	17.3	25.2	23.2	26.4	20.8	21.4	26.4	26.2
24.10.2015	0	1.2	1.3	0	1.1	0.8	0.3	1.1	0
25.10.2015	12.7	6.6	10.3	14.5	14.2	9.2	8.5	14.2	12.7
26.10.2015	12.8	5.1	6.8	9.1	6.5	6.2	7.2	6.5	7.7
27.10.2015	1.9	1.9	0.2	1.5	1.7	2.9	2.8	1.7	0.9
28.10.2015	0	0	0	0	0.2	0	0	0.2	0.1
29.10.2015	0	0	0	0	0	0	0	0	0
30.10.2015	0	0	0	0	0	0	0	0	0
31.10.2015	2.4	2.5	2.6	3.1	5.6	2.7	2.8	5.6	2.7
01.11.2015	10.2	6.7	8.4	6.5	9.4	7	7.8	9.4	8.4
02.11.2015	1.9	2.5	0.7	1.8	1.8	2.2	2	1.8	0.3
03.11.2015	0	0	0	0	0.4	0	0	0.4	0
04.11.2015	4.5	2.7	1.9	4.2	4.2	5.1	5.5	4.2	2.2
05.11.2015	5.8	1.4	2	4.1	2	1.6	1.6	2	2.2
06.11.2015	0	0	0	0	0	0	0	0	0
07.11.2015	8	6.6	5.9	5.4	3.5	5.9	7.3	3.5	4.7
08.11.2015	1.2	1.1	1.2	1.9	3.1	1.4	1.5	3.1	1.4
09.11.2015	10	8.5	11.4	10.6	10.4	8	9.4	10.4	11.9
10.11.2015	31.2	7.3	13.6	20.8	15	9.8	11.4	15	16.4
11.11.2015	11.5	6.1	5.5	9.2	9.3	7.2	6.9	9.3	7.3
12.11.2015	19.4	8.6	11.2	14.6	10.3	8	10.2	10.3	12.3
13.11.2015	3.9	4.4	4.2	5.1	4.8	4.5	5.9	4.8	4.1
14.11.2015	9.9	3.2	4.8	7.8	4.1	4.9	4.7	4.1	6.2
15.11.2015	34.1	22.9	26	28.6	20	24.4	23.5	20	27.8
16.11.2015	0.8	0.9	0.8	0.5	0.5	0.9	0.1	0.5	0.4
17.11.2015	5.9	6.6	7.3	2.7	3.8	4.6	6.5	3.8	5
18.11.2015	28.1	8.3	14.3	20.9	17	10.6	9.3	17	17
19.11.2015	0	0	0	0	0	0	0	0	0
20.11.2015	0.4	0	0	0.2	0.8	0	0	0.8	0
21.11.2015	2.7	2.2	2.6	3.1	2.1	2.1	1	2.1	2.5
22.11.2015	1.7	1.7	1.7	3.6	3.2	2.6	0.1	3.2	0.1
23.11.2015	1.2	0.8	0.6	0.3	1.3	1	1.6	1.3	0.1
24.11.2015	1.4	1.5	1.1	0.8	2.2	1.8	2.1	2.2	0.5
25.11.2015	4.6	2.2	2	2.6	2.6	2.7	2.2	2.6	2.1
26.11.2015	1.9	1.5	1.1	2.1	0.3	1.2	1.5	0.3	0.3
27.11.2015	52.7	25.2	29.6	41.4	33.8	31.5	34.5	33.8	31.8
28.11.2015	47.5	18.7	28.8	43.3	37.5	25.2	24.4	37.5	36.6
29.11.2015	3.9	4.2	3	1.8	5.6	6.3	6	5.6	1.9
30.11.2015	11	5.2	7.9	8.7	8.7	5.9	7	8.7	9.3
01.12.2015	16.2	17.8	22	23.5	28.8	19.4	17.8	28.8	26.1
02.12.2015	9.5	9.6	10.9	10	11	9.6	9.6	11	9.4
03.12.2015	17.9	11.6	15.4	15.6	15.2	12.9	12.7	15.2	17.1
04.12.2015	8.3	4.5	4.3	5.1	4.9	4.6	5.6	4.9	3.9
05.12.2015	29.7	12.8	20.9	24.6	25.8	16.1	18.6	25.8	23.3
06.12.2015	34.1	19.7	23	29.9	23.4	21	21	23.4	26.9
07.12.2015	19.8	18	19.9	17.9	18.9	19.2	15.8	18.9	19.8
08.12.2015	1.3	2.2	2.3	1.5	1.7	1.9	2	1.7	2
09.12.2015	11.1	3.1	5.3	7.8	6.1	4.4	6.5	6.1	6
10.12.2015	25.5	16.2	19.6	22.8	23.3	18.4	18.6	23.3	20.6
11.12.2015	24.4	21.5	25.1	24.2	20.8	20.2	22.5	20.8	25.9
12.12.2015	18.9	6.9	10.2	15.1	11.2	8.6	7.8	11.2	12.8
13.12.2015	5	3	4.8	7.8	5.3	3.9	2.5	5.3	6.4
14.12.2015	1	1.1	1.3	1.6	1	1.5	1.3	1	0.5
15.12.2015	1.7	1	0.6	1.4	1.2	1.1	1.1	1.2	0.7
16.12.2015	0	0	0	0	0	0	0	0	0
17.12.2015	7.5	4.3	5.3	6.7	6.7	5.2	6.4	6.7	5.7
18.12.2015	13.8	7.8	10.5	10.5	9	8	8.3	9	12.6
19.12.2015	30.5	11.1	11.9	21.3	9	12.8	10.6	9	13.2
20.12.2015	23.5	10.9	14.6	13.8	12.9	11.7	13.2	12.9	15.4
21.12.2015	34.7	14.2	23.2	24.3	22.6	18.4	22.8	22.6	24.1
22.12.2015	12.5	6.3	8.3	9.8	8.2	6.4	7.9	8.2	9.8
23.12.2015	19.2	8.5	13.1	15	15.5	10.1	11	15.5	14.8
24.12.2015	26.3	12.1	17	22.8	17.5	14.5	14	17.5	19.8
25.12.2015	18.5	8.6	13.1	16.8	13.6	11.1	14.1	13.6	15.9
26.12.2015	18.4	14.1	18	20.4	21	16.7	12.6	21	19
27.12.2015	0.3	0.1	0	0.1	0.1	0.2	0.1	0.1	0
28.12.2015	0	0	0	0	0	0	0	0	0
29.12.2015	0	0	0	0	0	0	0	0	0
30.12.2015	0	1.6	0.8	0	0	2.7	3	0	0
31.12.2015	0.5	0.1	0.1	0.3	0.2	1.1	2.1	0.2	0.2
01.01.2016	0.7	0.8	0.4	0.3	0.3	1.5	2.7	0.3	0.6
02.01.2016	2.6	2.3	3.8	3.8	1.6	2	2.1	1.6	2.4
03.01.2016	0	0	0	0	0	0	0	0	0
04.01.2016	0	0	0	0	0.9	0	0	0.9	0
05.01.2016	0	0	0	0	0	0	0	0	0
06.01.2016	0	0	0	0	0	0	0	0	0
07.01.2016	0	0	0	0	0	0	0	0	0
08.01.2016	0	0	0	0	0	0	0	0	0
09.01.2016	0	0	0	0	0	0	0	0	0
10.01.2016	0	0	0	0	0	0	0	0	0
11.01.2016	0.1	3.2	2.8	0	0	2.1	1.1	0	0
12.01.2016	0	0	0	0	0	0	0	0	0
13.01.2016	0.7	0.8	0.5	1	0.4	0.6	0.3	0.4	0.4
14.01.2016	0.2	0.4	0.3	0.3	0.5	0.5	0.6	0.5	0.2
15.01.2016	1.5	1.5	1.2	1.4	2.1	1.4	1	2.1	1.1
16.01.2016	4.3	4.2	5	5.8	5.1	4.3	4.6	5.1	6
17.01.2016	0.4	0	0	0.3	0.9	0	0	0.9	0
18.01.2016	15.2	10.3	11.7	12.6	14.1	12	9.7	14.1	10.7
19.01.2016	1.4	1.4	1.6	1.5	1	2.6	2.4	1	0.6
20.01.2016	3.9	1.7	4.3	3.2	4	4.1	4.4	4	2.5
21.01.2016	1.2	1.8	0.3	0.5	0.8	1.9	0.8	0.8	0.1
22.01.2016	0	0	0	0	0	0	0	0	0
23.01.2016	0.3	2.5	1.8	0.7	1.8	2	2	1.8	1
24.01.2016	3.3	1.6	1.6	2	1.8	2.1	2.6	1.8	1.5
25.01.2016	3.8	2.6	3.1	4.4	4.9	3	3.4	4.9	3.4
26.01.2016	13.7	7.1	9.3	12.5	12	9.1	8.9	12	11
27.01.2016	7.5	8.5	10.8	6.6	9.7	7.1	10.7	9.7	9.6
28.01.2016	4.4	3.3	3.4	3.7	3.9	6.5	6.3	3.9	3
29.01.2016	20.4	7.8	11.1	14.8	9.9	8.9	10.4	9.9	13.8
30.01.2016	42.5	24.1	33.1	42.2	32.1	26.7	26.9	32.1	39.3
31.01.2016	18.3	11.8	14.8	16.3	14.2	11.2	12.3	14.2	16.9
01.02.2016	12.6	4.1	6.2	12	10.3	5.6	4.8	10.3	8.5
02.02.2016	18.5	12	18.8	19.6	18.3	14.6	16.5	18.3	19.5
03.02.2016	2.4	3.4	2.9	2.4	5.6	6.5	4.2	5.6	2.5
04.02.2016	22.3	14.3	21.2	23.6	29.3	16.5	13.5	29.3	24.4
05.02.2016	6.7	3.6	2.8	4.5	4.4	4.5	3.5	4.4	2.9
06.02.2016	4.4	6.9	6.7	4	6.1	6.9	6.7	6.1	5.6
07.02.2016	5.4	7.3	8	5.9	8.6	6.8	7.2	8.6	6.7
08.02.2016	0.8	3.4	2.4	1.9	1.5	3.4	3.5	1.5	2.2
09.02.2016	0.2	3.9	3.5	0.2	1.5	3.1	3	1.5	0
10.02.2016	4.3	2.8	3.2	4.6	4.9	3	2.7	4.9	2.7
11.02.2016	1	1.9	1.5	0.1	0	1.3	0.7	0	0.6
12.02.2016	0	0	0	0	0	0	0	0	0
13.02.2016	0	2.3	2.7	0	2.2	2.4	1.6	2.2	1.5
14.02.2016	0	0	0	0	0	0	0	0	0
15.02.2016	0	0	0	0	0	0	0	0	0
16.02.2016	1	2.8	2.7	0.9	2.5	3	2	2.5	2.5
17.02.2016	0.5	2.9	0.1	0.3	2.1	3.2	1.9	2.1	0.1
18.02.2016	0.3	0.8	0.1	0.1	0.2	0.6	0.2	0.2	0.3
19.02.2016	0	0.1	0.1	0	0.6	0.7	0.1	0.6	0
20.02.2016	0	5.3	6	1.5	5.3	3.6	3	5.3	4.7
21.02.2016	3.5	3.4	2.7	2.3	3.6	3.9	4	3.6	1.8
22.02.2016	16.8	3.8	6.4	10.8	7.4	6	6.9	7.4	8
23.02.2016	7.6	4.1	7.4	9.3	12.7	6.1	5.9	12.7	8.8
24.02.2016	20.5	16.7	15.4	17.9	26.9	23.2	18.7	26.9	13.2
25.02.2016	8.2	6.7	6.3	7	10	10.7	7.9	10	4.9
26.02.2016	34.1	33.9	30.3	30	41.2	40.9	35.3	41.2	25.4
27.02.2016	3.9	3.3	4.6	4.1	5.1	7.2	9.6	5.1	2.2
28.02.2016	3.6	4.4	2.4	2.8	3.7	5.4	4.2	3.7	1.4
29.02.2016	0.1	0	0	0	0	0	0	0	0
01.03.2016	0	0	0	0	0	0	0	0	0
02.03.2016	0	4.6	5.2	0	2.5	1.9	3.9	2.5	1.3
03.03.2016	0	0	0	0	0	0	0	0	0
04.03.2016	0.3	2	1.4	1.3	0.1	0.9	1.3	0.1	0.6
05.03.2016	2.3	1.9	2.2	2.9	4.6	2.8	2.6	4.6	2.3
06.03.2016	0.4	0.4	0.2	1.7	0.5	0.4	0	0.5	0.4
07.03.2016	0	0	0	0	0	0	0	0	0
08.03.2016	0	0	0	0	0	0	0	0	0
09.03.2016	0	0	0	0	0	0	0	0	0
10.03.2016	0	0	0	0	0	0	0	0	0
11.03.2016	0	0	0	0	0	0	0	0	0
12.03.2016	0	0	0	0	0	0	0	0	0
13.03.2016	1.2	0.1	0.1	0.6	0.1	0.6	0.9	0.1	0.2
14.03.2016	9.5	10.5	11.8	13.4	16.1	11.6	8.9	16.1	12.7
15.03.2016	0.4	0.5	0.9	0.4	0.7	0.2	0.1	0.7	0.6
16.03.2016	0	0	0	0	0	0	0	0	0
17.03.2016	0	0	0	0	0	0	0	0	0
18.03.2016	2.1	3.1	2.6	1.9	3.5	3.5	3.1	3.5	2.2
19.03.2016	1.1	2.7	2.3	1	2	2.3	1	2	1.4
20.03.2016	3.5	9.3	6.3	4.1	7.6	13.5	12.1	7.6	4.1
21.03.2016	4.2	5.6	4.3	4.6	7.1	7.3	6.2	7.1	3.4
22.03.2016	5	5.3	4.9	4.8	6.2	6.9	5.5	6.2	5
23.03.2016	1.1	2.4	1.3	1.3	2.2	2.7	0.7	2.2	0.8
24.03.2016	0	0	0	0	0	0	0	0	0
25.03.2016	1.8	0.8	0.3	0.9	0.8	1.2	1.2	0.8	0.1
26.03.2016	2.1	1.4	0.8	1.3	1.2	1.9	1.7	1.2	0.6
27.03.2016	3.7	6.5	8.2	5.6	6.3	5.8	7.2	6.3	6.1
28.03.2016	1.4	3	1.3	1.9	0.2	2.9	3.2	0.2	1
29.03.2016	0	5.5	0	0	0	1.8	3.5	0	0
30.03.2016	4.5	2	2.6	2.4	2.6	2.6	3	2.6	2.3
31.03.2016	2.4	1.2	1.8	1.7	1.9	1.2	1.1	1.9	2
01.04.2016	2.3	1.9	2	1.8	2.3	1.7	0.9	2.3	1.4
02.04.2016	0.1	4.7	2.4	0.2	0.6	4.1	4.9	0.6	0.4
03.04.2016	2.7	1.3	1.8	1.9	2	1.4	2.2	2	1.3
04.04.2016	0.2	1.4	1	0	0	1.1	1.1	0	0.3
05.04.2016	0.6	1.3	0.7	0.5	0.9	1.4	2.4	0.9	0.1
06.04.2016	0.4	1	0.6	0.3	0.3	1.1	1.2	0.3	0.2
07.04.2016	5.2	4.5	5.7	5.3	6.9	5.7	4.6	6.9	5.5
08.04.2016	0.4	0.6	1.2	0.2	0.6	0.6	0.1	0.6	0.7
09.04.2016	0	0	0	0	0	0	0	0	0
10.04.2016	0.1	0.5	0	0	0	0.5	0	0	0
11.04.2016	0.1	0	0	0	0	0	0	0	0
12.04.2016	0	0	0	0	0	0	0	0	0
13.04.2016	0	0.3	0.2	0	0	0.2	0.3	0	0
14.04.2016	0	0	0	0	0	0	0	0	0
15.04.2016	1	1.2	0.6	0.8	0.6	1	0.9	0.6	0.1
16.04.2016	4.7	1.6	2	3.2	2.8	2.1	1.9	2.8	2.3
17.04.2016	0	0	0	0	0	0	0	0	0
18.04.2016	1.2	2	0.9	0.7	0.9	1.4	1.2	0.9	0.5
19.04.2016	8.6	4.6	3.9	6	5	6.3	6.1	5	4.5
20.04.2016	1.2	3.8	4.7	2.5	6.4	7.1	5.9	6.4	3.1
21.04.2016	6.8	3.9	3.7	7.2	7.6	5.8	3.4	7.6	4.8
22.04.2016	10.5	7.1	10.5	10.5	14.5	12.8	9.5	14.5	8.6
23.04.2016	4.4	3.6	2.5	3.9	3.8	4.5	3.1	3.8	2.2
24.04.2016	0.4	1.1	0	0.3	0.9	1.6	0.2	0.9	0
25.04.2016	0.5	0	0	0.6	0.7	0.3	0	0.7	0
26.04.2016	0	0	0	0	0	0	0	0	0
27.04.2016	0.1	0	0	0	0	0	0	0	0
28.04.2016	0	0	0	0	0	0	0	0	0
29.04.2016	0	0.5	0	0	0	0	0	0	0
30.04.2016	0.7	2.8	1.1	0.3	1.2	2.9	3.4	1.2	0.3
01.05.2016	0.1	0.4	0.5	0	0	0.4	0.4	0	0
02.05.2016	0	0.8	0	0	0	0.1	0.2	0	0
03.05.2016	0.3	1.4	2	0.1	0.2	0.7	2.6	0.2	0.7
04.05.2016	2.9	2.2	3.2	3.2	3.7	2.4	2.9	3.7	2.9
05.05.2016	0	0	0	0	0	0	0	0	0
06.05.2016	0	0	0	0	0	0	0	0	0
07.05.2016	0	0	0	0	0	0	0	0	0
08.05.2016	0.2	0	0.1	0.9	0.4	0.4	0.2	0.4	0.1
09.05.2016	0	0	0	0	0	0	0	0	0
10.05.2016	0	0	0	0	0	0	0	0	0
11.05.2016	0	0.3	0.3	0	0	0.2	0.1	0	0.1
12.05.2016	0	0	0	0	0	0	0	0	0
13.05.2016	1	1.1	0.8	1.1	0.9	1.3	0.6	0.9	0.1
14.05.2016	0	1.7	0.2	0	0	2	0.1	0	0
15.05.2016	1.4	0	0	1.6	2.3	0	0	2.3	2.1
16.05.2016	0	0	0	0	0	0	0	0	0
17.05.2016	0.4	0.6	0.5	0.2	1.2	0.9	0.7	1.2	0.5
18.05.2016	1.3	0	0.3	0.9	0.5	0.2	0	0.5	0.7
19.05.2016	0.9	1.5	2.1	1.4	1.3	1.1	1.4	1.3	2.1
20.05.2016	1	0	0.5	0.6	0.7	1.1	1	0.7	0.3
21.05.2016	3.6	2.4	2.3	2.8	2.9	2.9	3.9	2.9	2.2
22.05.2016	1.6	0	1.7	0.9	2.3	0.5	1.4	2.3	1.4
23.05.2016	4.8	5.5	6.6	5.9	4.2	5.3	6.9	4.2	7.7
24.05.2016	0	0	0	0	0	0	0	0	0
25.05.2016	0.1	0	0.2	0	0	0.3	0.3	0	0
26.05.2016	0	0	0	0	0	0	0	0	0
27.05.2016	0	0	0	0	0	0	0.1	0	0
28.05.2016	0	0	0	0	0	0	0	0	0
29.05.2016	2.2	2.3	1.2	0.1	0	2.7	3.7	0	0.6
30.05.2016	0	0	0	0	0	0	0	0	0.3
31.05.2016	11.6	4.1	7	10.4	9	5.2	5.6	9	8.5
01.06.2016	0.3	0.5	0.3	0.8	0.9	0.9	1.3	0.9	0.1
02.06.2016	0.2	0.7	0.2	0.6	1.3	1.5	0.9	1.3	0.3
03.06.2016	0	0.4	0.3	0	0	0.3	0.3	0	0
04.06.2016	0.1	0.3	0.3	0	0	0.2	0.2	0	0.1
05.06.2016	0	0	0	0	0	0	0.3	0	0
06.06.2016	0	0	0	0	0	0	0.3	0	0
07.06.2016	0	0.2	0	0	0	0.1	0.2	0	0
08.06.2016	0	1.8	2.7	0	0	3.4	3.4	0	2.3
09.06.2016	0	0	0	0	0	0	0	0	0
10.06.2016	0	0	0	0	0	0	0	0	0
11.06.2016	0	0	0	0	0	0	0	0	0
12.06.2016	0	0	0	0	0	0	0	0	0
13.06.2016	0	0	0	0	0.4	0	0	0.4	0
14.06.2016	0.1	0.3	0.3	0	0	0.2	0.2	0	0
15.06.2016	0.1	0.1	0.2	0	0	0.1	0.1	0	0
16.06.2016	0	0	0	0	0	0	0	0	0
17.06.2016	0	0.1	0	0	0	0.1	0.1	0	0
18.06.2016	0.1	0	0	0	0	0	0	0	0
19.06.2016	1.2	0	1.4	0.1	0	0.9	0.7	0	1.1
20.06.2016	0.8	1.2	1	0.1	0	1.5	0.8	0	0.7
21.06.2016	4.9	2.8	3.7	3.5	3.9	2.6	3.6	3.9	3.5
22.06.2016	0.8	0.4	0.5	0.6	0.5	0.5	0.3	0.5	0.3
23.06.2016	0.3	0.6	0.3	0.3	0.5	0.4	0.4	0.5	0.2
24.06.2016	1	0.2	0.4	1	0.6	1.1	1.1	0.6	0.1
25.06.2016	12.3	8.3	7.1	8	6.9	8.4	8.8	6.9	6.4
26.06.2016	1.5	0.5	0.6	1.5	0.7	0.5	0.3	0.7	0.9
27.06.2016	12.9	12.2	11.4	10.1	14.9	11	11.3	14.9	13
28.06.2016	3.7	2.5	4	4.4	4.2	2.5	2.7	4.2	4.2
29.06.2016	0.5	0.5	0.3	0.3	0.5	0.6	0.6	0.5	0.3
30.06.2016	1.1	1.6	1.3	0.7	1.1	1.4	1.4	1.1	1.1
01.07.2016	0	4.3	5.1	1.9	4.6	2.1	2.5	4.6	5
02.07.2016	1.4	2.4	3.3	1.1	2.1	1.6	2.8	2.1	2.5
03.07.2016	9.1	7	6.7	6.6	5.3	8.4	8.1	5.3	5.5
04.07.2016	2.2	0.8	1.5	1.9	2.9	1.2	1.1	2.9	1.6
05.07.2016	1	0.1	0.2	0.6	0.7	0.3	1	0.7	0.4
06.07.2016	0.6	4.2	3.7	2	7	3.2	4	7	3.4
07.07.2016	0.1	0	0.9	0.3	0.7	0.5	0.1	0.7	0.6
08.07.2016	1.5	1	1.1	1.4	1.6	1.2	1.2	1.6	1.3
09.07.2016	2.6	2.4	1.8	1.6	1.5	2.8	2.3	1.5	1.3
10.07.2016	3.1	1.2	1.5	2.2	2.2	1.8	1.5	2.2	1.4
11.07.2016	0.9	3.3	2.3	1.1	1.8	2.8	3.1	1.8	1.5
12.07.2016	2.4	9.1	5.4	4.8	14.4	8.9	6	14.4	5.5
13.07.2016	1.6	2.8	3.9	6.5	3.2	2.4	2.3	3.2	5.3
14.07.2016	0	1.8	1.9	0	2.7	1.5	0.1	2.7	1.5
15.07.2016	0.2	0	1	0.9	0.5	0	0	0.5	1.3
16.07.2016	4.6	3.4	3.2	4	3.5	4.1	3.9	3.5	3.3
17.07.2016	15.2	6	9.5	12.4	13.1	8.1	10	13.1	11.6
18.07.2016	2.1	2.1	2.9	3.3	3.2	4.1	5.1	3.2	2.7
19.07.2016	0.5	1	0.1	0.3	1	1.1	0.5	1	0
20.07.2016	4.4	3.6	5.1	6.3	8.9	4.7	4.5	8.9	5.5
21.07.2016	0	0	0	0	0	0	0	0	0
22.07.2016	0.1	0.8	0.7	0.4	0.4	0.5	0.5	0.4	0.7
23.07.2016	4.3	4.9	4.4	4.9	6.8	6.5	5.3	6.8	3.4
24.07.2016	0	0	0	0	0	0	0	0	0
25.07.2016	0	0	0	0	0	0	0	0	0
26.07.2016	13.7	5.3	10.3	14.5	11.4	6.4	8	11.4	12.8
27.07.2016	0.9	3.2	2.8	1.6	3.1	2.9	2.8	3.1	2.4
28.07.2016	6	7.2	7.7	6.7	10	5.8	6.7	10	7.1
29.07.2016	5.4	2.8	2.3	3.8	3.2	3.8	3	3.2	1.4
30.07.2016	6.3	6	5.4	5.4	4.9	4.7	5.7	4.9	5.3
31.07.2016	0.6	0.2	0.3	0.3	1.8	0.4	1.8	1.8	0.2
01.08.2016	1.9	2.4	2.6	1.6	3.5	2.3	2.9	3.5	2
02.08.2016	1	1.7	1.1	1.1	1.2	1.7	2.3	1.2	0.9
03.08.2016	0.9	1.3	1.1	0.6	1.8	1.6	1.4	1.8	0.9
04.08.2016	0	0	0	0	0	0	0	0	0
05.08.2016	0	3.5	4.4	3.6	4.6	2.3	0.2	4.6	5.4
06.08.2016	9.3	9.1	13	11.1	8.7	8.6	9.3	8.7	12.9
07.08.2016	1.1	1.5	1.6	1.4	2.3	1.2	2.4	2.3	1.9
08.08.2016	8.3	0.5	6.3	6.7	10	6.4	6.6	10	6
09.08.2016	31.8	12	16.1	23.3	25	17.4	14.3	25	19.1
10.08.2016	11	17	16.6	13.2	25.6	22.4	14	25.6	13.7
11.08.2016	9.8	6	9	9.7	10.1	9.4	11.3	10.1	9.1
12.08.2016	1	0	1.1	1.7	1.3	0.9	0.6	1.3	1.6
13.08.2016	19.4	16	15.7	17.3	19.9	18.9	16.6	19.9	15.8
14.08.2016	20.1	12.5	17.6	21.3	18.5	15.6	13.3	18.5	20.5
15.08.2016	0.1	0.8	0	0	0	0.1	0	0	0
16.08.2016	0	0	0	0	0	0	0	0	0
17.08.2016	0	0	0	0	0	0	0	0	0
18.08.2016	0	0	0	0	0	0	0	0	0
19.08.2016	0	5.4	2.9	0	0	4.2	4.7	0	2.2
20.08.2016	0.7	1.6	1	1.2	1.6	1.3	1.4	1.6	0.4
21.08.2016	1	0.4	0.6	0.1	0	0.4	0.3	0	0.5
22.08.2016	0.2	0.3	0.3	0.2	0.1	0.1	0.2	0.1	0
23.08.2016	0	1.7	0	0	0	0.6	2	0	0
24.08.2016	0.2	0	0.1	0.1	0	0	0.2	0	0.1
25.08.2016	3.8	2.8	2.4	4.1	1.9	3.2	1.4	1.9	3.5
26.08.2016	0	0	1	0	1	0.5	0.6	1	0.5
27.08.2016	39	32.5	33.1	33.5	35.4	34.5	30.5	35.4	32.7
28.08.2016	4.8	2.9	1.6	3.2	2.8	3	0.4	2.8	1.4
29.08.2016	3.1	5.3	4	3.9	4.2	6.1	4.3	4.2	4.1
30.08.2016	10.2	3.2	4.9	7.7	6.9	4.1	4	6.9	5.9
31.08.2016	5.3	4.4	3.1	6.6	4.5	7.6	8.5	4.5	3
01.09.2016	14.6	11.6	10.3	13	14.3	11.8	9.9	14.3	13.2
02.09.2016	25	8.2	12.9	20.7	18.7	11.3	10.7	18.7	16.7
03.09.2016	4.9	3.5	5.7	6.4	8.1	4.6	6.1	8.1	6.6
04.09.2016	5.8	1.7	3.2	4.5	4.5	2.7	2.4	4.5	4
05.09.2016	0	0.4	0.2	0	0.6	0.4	0.1	0.6	0.1
06.09.2016	0	0	0	0	0	0	0	0	0
07.09.2016	3.3	2.7	2	3.2	5.7	3.8	3.4	5.7	2.2
08.09.2016	0.4	0	0	0.2	0.1	0	0	0.1	0.1
09.09.2016	4.3	2.1	2.9	4.4	5.8	3.5	3.6	5.8	3.6
10.09.2016	0.2	1.4	1.1	0.3	0.5	2.2	1.9	0.5	0
11.09.2016	2.6	3.9	3	2.2	3.9	3.7	6.4	3.9	2.3
12.09.2016	4.4	1.3	1.9	3	1.7	1.6	1.8	1.7	2.4
13.09.2016	0.3	0	0	0	0	0	0	0	0
14.09.2016	0	0	0	0	0	0	0	0	0
15.09.2016	0.2	0.4	2.7	0.7	1.3	2.3	2.7	1.3	3.4
16.09.2016	0	0	0	0	0.3	0	0	0.3	0
17.09.2016	1	0	0.1	1	0.9	0.2	0	0.9	0.3
18.09.2016	2.5	1.4	1.1	2.3	1.8	1.7	0.3	1.8	1.6
19.09.2016	0.2	0	0	0	0	0	0	0	0
20.09.2016	0.2	0	0	0	0	0	0	0	0
21.09.2016	0.5	0	0	0	0	0	0	0	0
22.09.2016	3.6	2.4	2.8	3.5	3.3	2.2	2.2	3.3	2.7
23.09.2016	0.7	1.8	1.4	0.8	1.5	1.4	1.5	1.5	1.1
24.09.2016	1	1.2	0.4	0.9	1.9	2.3	2.1	1.9	1
25.09.2016	0.5	0.2	0.5	0.5	1	0.3	0.2	1	0.5
26.09.2016	1.3	1.5	2.2	1.6	2.8	1.7	2.1	2.8	2.1
27.09.2016	0.7	0.6	0.2	0.5	0.6	1	0.6	0.6	0.1
28.09.2016	33.1	18.9	23.3	28.1	28.9	19.9	22	28.9	26.1
29.09.2016	10	9.6	11.2	11.7	11.3	10.3	11.3	11.3	12.3
30.09.2016	41.6	24.3	29.9	36.6	32	27.9	27.9	32	32.5
01.10.2016	46.2	21.1	29.1	34	30.3	26.5	25.5	30.3	30.8
02.10.2016	0.7	5.4	9	8.7	26	6.3	4.1	26	9.8
03.10.2016	0	0.2	0.3	0	0.5	0.3	0.1	0.5	0.3
04.10.2016	0.6	0	0	0.5	0	0	0	0	0
05.10.2016	0	0	0	0	1.7	0	0	1.7	1.1
06.10.2016	0.2	0	0	0	0	0	0	0	0
07.10.2016	0	0	0	0	0	0	0	0	0
08.10.2016	0.4	0	0	0	0	0.1	0	0	0.1
09.10.2016	0	0	0	0	0	0	0	0	0
10.10.2016	0	0	0.1	0	0	0	0.1	0	0
11.10.2016	0	0	0	0	0	0	0	0	0
12.10.2016	0	0	0	0	0	0	0	0	0.1
13.10.2016	0	0	0	0	0	0	0	0	0.1
14.10.2016	0	0	0	0	0	0	0	0	0
15.10.2016	0	0	0.1	0	0.6	0.3	0	0.6	0.5
16.10.2016	0	0	0	0	0	0	0	0	0
17.10.2016	0	0	0	0	0	0	0	0	0
18.10.2016	0.1	0.7	0.7	0	0	0.6	0.4	0	0
19.10.2016	0	0.1	0	0	0	0	0.1	0	0
20.10.2016	0	0	0	0	0	0	0	0	0
21.10.2016	0	0	0	0	0	0	0	0	0
22.10.2016	0	0	0	0	0	0	0	0	0
23.10.2016	0	0	0	0	0	0	0	0	0
24.10.2016	0	0	0	0	0	0	0	0	0
25.10.2016	0	0	0	0	0	0	0	0	0
26.10.2016	0	0	0	0	0	0	0	0	0
27.10.2016	18.1	7.9	12.6	14.3	15.6	8.9	10.4	15.6	13.4
28.10.2016	52.9	30.6	41.3	44	42.4	33	35.2	42.4	45.1
29.10.2016	20.8	24.9	25	20.6	28.7	28	23.3	28.7	23.1
30.10.2016	0	4	3.5	1.8	5	4	0.1	5	3.8
31.10.2016	5	3.5	5	6.5	10.5	4.8	4.2	10.5	5.6
01.11.2016	16.2	11	14.5	17	14.8	13	12.7	14.8	16.7
02.11.2016	0.1	1.3	0.8	0.3	1.5	1.6	0.3	1.5	0.7
03.11.2016	0.1	0	0	0.1	0	0	0	0	0.3
04.11.2016	0	3.8	2.4	0	2	3.3	2	2	2.3
05.11.2016	0	4.3	0.4	0	0	0.8	4.5	0	0
06.11.2016	0	1.7	1.1	0	0	0.7	1.5	0	0.1
07.11.2016	0	0	0	0	0	0	0	0	0
08.11.2016	0	0	0	0	0	0	0	0	0
09.11.2016	0	0	0	0	0	0	0	0	0
10.11.2016	0	0	0	0	0	0	0	0	0
11.11.2016	0	0	0	0	0	0	0	0	0
12.11.2016	1.7	1.3	1.5	1.9	1.7	1.1	1.1	1.7	1.7
13.11.2016	0.9	1.9	1.5	0.6	0.9	1.8	2	0.9	0.8
14.11.2016	1.9	1.7	1.9	2.8	3	2.5	1.8	3	1.6
15.11.2016	11.5	5.6	5	9.5	6.3	8	9.4	6.3	6
16.11.2016	12.6	4.7	6.7	7.9	7.4	5.8	7.8	7.4	7.5
17.11.2016	8.3	3.3	3.5	5.9	4.2	5.2	6.2	4.2	3.3
18.11.2016	0.9	0.3	0.6	0.3	0.3	1.3	1.5	0.3	0.1
19.11.2016	0	1.6	2	0	0	0.1	1.3	0	0.4
20.11.2016	1.6	0.1	1.3	0.6	1.4	0.4	2.1	1.4	1.1
21.11.2016	0	0	0	0	0	0	0	0	0
22.11.2016	1.4	1.6	1.4	1.5	1.2	2.1	3	1.2	1.4
23.11.2016	19	16.2	19.8	20.8	23.4	18.2	17.8	23.4	21.6
24.11.2016	5.5	3.3	4.3	6	6.4	4.9	4.3	6.4	4.5
25.11.2016	23.6	11	15.8	23.5	22.1	13.4	15.5	22.1	17.6
26.11.2016	25.1	13.2	16.4	26.2	22.3	19.4	14.1	22.3	21.1
27.11.2016	13.2	11	14.4	16.9	23	15.2	9.7	23	14.5
28.11.2016	3	0.7	0.9	1.4	1.2	1.3	0.8	1.2	0.8
29.11.2016	0.1	0	0.9	0	0	0.7	0.9	0	0
30.11.2016	21.4	14.5	20.1	20.5	21.7	15.6	13.3	21.7	18.6
01.12.2016	6.8	8.5	11	9.3	11.7	9.3	8	11.7	9.4
02.12.2016	14.6	15	14.8	13.4	22.1	19.9	12.3	22.1	13.4
03.12.2016	6.2	7.8	8.1	6.7	10.7	9.6	6.8	10.7	6.3
04.12.2016	5.5	5.7	7.2	8.4	8.6	9.4	5.3	8.6	7
05.12.2016	10.3	18.6	16.9	17.9	27.8	27.6	23.7	27.8	12.9
06.12.2016	1.6	1.7	1.5	2	1.9	2.6	1.8	1.9	1.8
07.12.2016	0.3	0	0.8	0.7	2.7	0.9	1	2.7	0.1
08.12.2016	24.5	13.2	17.1	23	23.7	17.2	19.4	23.7	21
09.12.2016	14.1	11.1	13.7	17.4	22.5	17	14.5	22.5	14.4
10.12.2016	6.6	3.9	5.2	7.9	9	7.3	8.4	9	5.7
11.12.2016	11.6	4.5	3.9	10.1	7.7	9.7	9.3	7.7	5.5
12.12.2016	1.7	1.7	2.6	1.8	1.6	1.2	1	1.6	2.4
13.12.2016	3.9	4.8	3.7	3.3	5.3	5.2	4.3	5.3	3.5
14.12.2016	2.6	4.2	3.1	2.1	5.1	4.2	3.1	5.1	2.5
15.12.2016	1	0.9	1.4	0.9	0.4	0.8	1	0.4	1
16.12.2016	3.1	2.7	4.4	4.2	1.7	1.3	1.8	1.7	5.1
17.12.2016	2.6	1.6	0.3	1.7	0.7	2.7	1.2	0.7	0.7
18.12.2016	2.4	1.7	4.4	3.1	1.8	1.8	2.6	1.8	6.5
19.12.2016	6.3	4.1	5.3	7.2	6.6	4.2	4.1	6.6	6
20.12.2016	2.7	1.4	1.5	2.1	2.6	3	3.5	2.6	1.5
21.12.2016	0.1	1.3	2.7	0	0	1	1.8	0	0
22.12.2016	14.6	13.4	14.9	15.3	16	14.1	14.7	16	15
23.12.2016	27.1	23.7	27	29.4	25.9	23.9	23.4	25.9	28.5
24.12.2016	20.6	12.4	17.1	17.6	14	12.1	15.9	14	18.4
25.12.2016	33.6	21.7	29.4	28.9	19.4	16.2	22.4	19.4	27.6
26.12.2016	18.4	19.9	17.5	17	20.2	19.7	20.8	20.2	16.3
27.12.2016	28.3	27.1	28	25.3	30.8	29.2	23.4	30.8	26.8
28.12.2016	2.3	1.7	1.7	3.1	3.6	2.6	2.1	3.6	2
29.12.2016	0.1	0	0.4	0.8	3.1	3.5	3.4	3.1	0.3
30.12.2016	14.5	3.3	6.1	9.6	9.6	7.1	7.6	9.6	9
31.12.2016	42.3	26.8	23.4	35.1	32.1	28.5	26.8	32.1	29.8
01.01.2017	17	11.5	15.5	17.8	21.6	14.8	12.8	21.6	15.4
02.01.2017	15.7	8.3	11.4	12.5	19.5	13.7	10.5	19.5	6.9
03.01.2017	5.6	3.5	5.2	8	13.1	5.2	4.6	13.1	6.1
04.01.2017	25	20	26.3	28.5	34.7	21.5	16.6	34.7	26.4
05.01.2017	2.1	1.4	2.3	2.4	3.9	1.5	1.1	3.9	2.4
06.01.2017	0.9	0.1	0.5	0.9	1.6	0.8	0.9	1.6	0.5
07.01.2017	6.2	5.7	6.4	5.9	7.1	6.4	6.7	7.1	5.6
08.01.2017	0.4	0.7	0.3	0.3	0.4	1.5	1.3	0.4	0.1
09.01.2017	3.5	1.4	0.9	2.1	3.7	3	3.4	3.7	0.8
10.01.2017	2.2	2.9	3.2	1.3	2.4	2.8	3.4	2.4	2.2
11.01.2017	6	5.5	4.8	4.8	5.1	6	5.2	5.1	4.7
12.01.2017	6.5	5	4.7	6.4	6.8	8.4	8.4	6.8	4.8
13.01.2017	7.3	1.9	3	5.1	3.8	2.9	3.7	3.8	4
14.01.2017	9	4.5	5.9	8.2	11.7	7.6	7.2	11.7	6.9
15.01.2017	12.8	7.9	8.8	9.8	16.7	11.1	8.3	16.7	9
16.01.2017	0	0.8	0	0	0	0.1	0	0	0
17.01.2017	0.7	1.3	0.1	0.4	1.2	4	2.6	1.2	0.1
18.01.2017	4.8	3.2	5.4	6.8	5.4	3.8	5.8	5.4	5.6
19.01.2017	25.9	2.9	4.4	14.5	11.4	7.3	8.2	11.4	5.6
20.01.2017	20.6	30.4	30.7	35.4	45.9	35.9	29.3	45.9	29.8
21.01.2017	5.4	7.4	7.4	10.3	9.7	8.5	6.6	9.7	9.2
22.01.2017	0	0.9	1.4	0.7	0.5	0.7	0.2	0.5	1.8
23.01.2017	0.7	2	1.1	0.1	0.6	2	3.3	0.6	0.5
24.01.2017	0.4	1	0.5	0.5	0.2	1	1.2	0.2	0.2
25.01.2017	0.2	1.3	2.2	0.2	0.3	1.3	1.5	0.3	0.7
26.01.2017	0	1.1	0	0	0	1.1	2.1	0	0
27.01.2017	0	0	0	0	0	0	0	0	0
28.01.2017	0	0	0	0	0	0	0	0	0
29.01.2017	0	6	6.5	1.7	5.5	4	5.5	5.5	4.7
30.01.2017	0	0.4	0	0	0	0.2	0.1	0	0
31.01.2017	0	0.8	0	0	0	0.2	0.3	0	0
01.02.2017	0	0.2	0	0	0	0.1	0	0	0
02.02.2017	2.1	2.2	2.3	1.3	1.9	2.5	3.3	1.9	1.8
03.02.2017	0.6	0.2	0.2	0.2	0	0.4	0.4	0	0.3
04.02.2017	0	0	0	0	0	0	0	0	0
05.02.2017	0	0	0	0	0	0.3	0	0	0
06.02.2017	0	0	0	0	0	0	0	0	0
07.02.2017	0	0	0	0	0	0.1	0.1	0	0
08.02.2017	0	0	0	0	0	0	0	0	0
09.02.2017	0	0	0	0	0	0	0	0	0
10.02.2017	0	0	0	0	0	0	0	0	0
11.02.2017	0	0	0	0	0	0	0	0	0
12.02.2017	0	0.1	0	0	0	0.1	0	0	0
13.02.2017	0	0	0	0	0	0	0	0	0
14.02.2017	0	0	0	0	0	0	0	0	0
15.02.2017	0	0	0	0	0	0	0	0	0
16.02.2017	0.4	2	1.3	0.4	0.8	1.9	3.1	0.8	0.5
17.02.2017	4.2	3	4.1	3.9	4.1	3.4	3.4	4.1	4.6
18.02.2017	1.3	1.8	1.1	0.6	1	1.1	0.8	1	0.8
19.02.2017	13.7	7.1	7.7	11.3	11.4	10.1	8.2	11.4	8.2
20.02.2017	17.1	8	7.3	12.7	12.3	10.2	6.8	12.3	8.7
21.02.2017	11.9	8.3	9.8	12.7	13.7	11.9	9	13.7	10.7
22.02.2017	6.8	4.4	4.4	4.7	4.7	4.7	4.8	4.7	4
23.02.2017	5	2.2	2.8	3.6	3.3	3.1	2.8	3.3	2.7
24.02.2017	3.9	4	3.4	3.4	3.9	5.3	3.6	3.9	2.3
25.02.2017	1.7	3.6	3.7	1.3	4.1	4	2.2	4.1	1.1
26.02.2017	4.5	4.8	3.9	3.9	3.7	4.8	5.4	3.7	3
27.02.2017	0.5	1.7	1.1	0.2	0.4	1.6	2.3	0.4	0.3
28.02.2017	0.7	0.9	0.9	0.5	0.1	0.4	0.1	0.1	0.7
01.03.2017	7	3.9	3.2	3.9	6.1	5.3	4.4	6.1	3.8
02.03.2017	1.9	1	1.1	1.3	0.2	1	0.8	0.2	0.8
03.03.2017	0	0	0	0	0	0.1	0.1	0	0
04.03.2017	0	0	0	0	0	0	0	0	0
05.03.2017	0	0.3	0	0	0	0.2	0	0	0
06.03.2017	0	0	0	0	0	0	0	0	0
07.03.2017	0	0	0	0	0	0	0.1	0	0
08.03.2017	0	0	0	0	0	0	0	0	0
09.03.2017	0.2	1.1	0.3	0.1	0	0.6	0.1	0	0.1
10.03.2017	4.3	5	5.3	4.8	4.9	4.7	4.2	4.9	5.3
11.03.2017	0.4	1	1.1	0.2	0.2	0.9	1.6	0.2	0.6
12.03.2017	0.1	0.9	0.4	0.1	2	2.2	1.6	2	0.1
13.03.2017	0.8	1.2	0.6	0.1	0	0.7	1.5	0	0.5
14.03.2017	12.1	3.6	4.5	7.6	5.9	5	6.5	5.9	5.1
15.03.2017	19	23.7	26	18.3	23.9	22.7	23.4	23.9	24.4
16.03.2017	6.9	9.8	11.7	9.6	12.7	11.2	9.2	12.7	10.8
17.03.2017	28.2	17.1	24.6	25.9	25.2	17.4	18.5	25.2	27.7
18.03.2017	13.6	12.5	14.7	15.8	15.8	14	11	15.8	15.5
19.03.2017	1.1	1.1	1.6	0.8	0.7	1.7	1.2	0.7	0.6
20.03.2017	4.9	4.8	4	3.3	3.5	4.9	4.9	3.5	3.6
21.03.2017	5.7	4.1	3.3	3.5	2.2	3.7	3.8	2.2	2.9
22.03.2017	3.8	1.2	1.4	3.3	2.1	3.5	4.3	2.1	0.7
23.03.2017	11.7	7	8.5	9.1	10.3	11.5	8.8	10.3	6.9
24.03.2017	3.4	2.6	2	2.1	2.8	2.7	2.7	2.8	1.8
25.03.2017	9.2	2.8	2.7	6	7.4	6.2	3.4	7.4	2.3
26.03.2017	3.5	3.6	3.9	3.3	7.3	3.1	3.3	7.3	4
27.03.2017	4.8	3.1	4.6	4.6	3.9	2.8	2.7	3.9	4.6
28.03.2017	0.6	0.7	0.2	0.1	0.9	1.2	0.8	0.9	0.4
29.03.2017	0	0	0	0	0	0	0	0	0
30.03.2017	0	0	0	0	0	0	0	0	0
31.03.2017	4.2	4.7	4.6	3.6	3.9	3.9	4.2	3.9	4.2
01.04.2017	7.9	5.6	5.6	4.9	3.7	5.3	6.7	3.7	5
02.04.2017	6.5	3.3	5.4	7.7	9.3	5.1	5.4	9.3	6.5
03.04.2017	2.1	0.7	1.3	2.8	2.1	1.4	1.9	2.1	2.2
04.04.2017	0.2	0	0.6	0.8	1.9	0.6	0	1.9	0.3
05.04.2017	25.2	13.9	21.8	24.9	20.2	14.6	14.3	20.2	26.3
06.04.2017	11.7	8.1	10.4	12	14	9.8	8.4	14	11.6
07.04.2017	13.6	10.4	10.8	13.1	16.9	13	13.3	16.9	10.1
08.04.2017	1.3	1.8	1.3	0.6	1.7	1.5	1.1	1.7	0.2
09.04.2017	2.8	0.6	0.1	1.3	1.5	1.4	1	1.5	0.1
10.04.2017	8.9	4.1	6.6	8.3	8.2	5.5	5	8.2	7.3
11.04.2017	10.5	13.3	12.2	10	19.2	16.4	11.7	19.2	9.2
12.04.2017	1.9	4.3	3.7	1.9	3.6	4.2	3.6	3.6	2.6
13.04.2017	2.4	2.9	3.4	3.6	3.4	3.6	2.8	3.4	3.8
14.04.2017	1.7	0.7	0.9	0.1	0	0.6	0.9	0	0.8
15.04.2017	0	0.2	0	0	0	0.1	0.1	0	0
16.04.2017	11.5	5.1	9.6	13.1	5.8	5.8	6.4	5.8	12.8
17.04.2017	0	0.4	0	0	0	0.1	1.2	0	0
18.04.2017	0	0.6	0	0	0	0.4	0	0	0
19.04.2017	0	0	0	0	0	0	0	0	0
20.04.2017	8.1	2.8	3.2	4.5	4.4	3.5	3.5	4.4	3.2
21.04.2017	19.5	12.9	11.9	15.7	14.9	17.2	10.8	14.9	12.3
22.04.2017	10.4	8.2	9.8	9.6	12.8	9	6.1	12.8	9.6
23.04.2017	9.5	8.7	6.7	3.4	0	11.8	6.6	0	4.7
24.04.2017	4.5	5.5	5.3	4.5	4	5.2	4.8	4	4.7
25.04.2017	0.1	2.3	2	0.2	0	2.8	0.9	0	0.4
26.04.2017	0.7	1.4	0.8	0.1	1.1	1.4	0.4	1.1	0.1
27.04.2017	0.4	1.9	0.7	0.1	0.7	1.9	1.3	0.7	0.1
28.04.2017	0	1.2	0.6	0.2	0	1.7	1	0	0.6
29.04.2017	0.1	0	0.6	0.1	0	0.3	0.6	0	0.4
30.04.2017	0	0	0	0	0	0	0	0	0
01.05.2017	0	1.7	0	0	0	0.8	0	0	0
02.05.2017	0	0	0	0	0	0.2	0	0	0
03.05.2017	0	0.7	0	0	0	0.5	0	0	0
04.05.2017	0	0.4	0	0	0	0.1	0	0	0
05.05.2017	0	0.8	0	0	0	0.5	0	0	0
06.05.2017	0	0.6	0	0	0	0.3	0	0	0
07.05.2017	0	0.9	0	0	0	0.5	0	0	0
08.05.2017	0	0	0	0	0	0	0	0	0
09.05.2017	0	4.4	2.5	0	5	4.8	1.3	5	0
10.05.2017	0	2.1	1.6	0	2.2	1.5	0.8	2.2	0.1
11.05.2017	0	3.1	2	0.1	0	3.2	2.4	0	2.1
12.05.2017	0	0.2	0	0	0	0.1	0	0	0
13.05.2017	0	0.4	0	0	0	0.2	0	0	0
14.05.2017	0	0	0	0	0	0.2	0	0	0
15.05.2017	0.1	4.1	2.4	0.5	1.5	3.3	3.7	1.5	1.3
16.05.2017	0.7	1.6	1.2	0.3	0	0.9	1.1	0	0.6
17.05.2017	12.9	9.3	11.5	13.6	8.8	8.4	9.1	8.8	14
18.05.2017	1.3	1	1.4	1.1	0.7	2.1	3.3	0.7	1.9
19.05.2017	8.9	7.8	9.6	9	9.1	7.1	6.5	9.1	10.3
20.05.2017	0	0.5	0	0	0	0	0	0	0
21.05.2017	3	3.4	3.2	3.1	4.3	3.6	3.3	4.3	3
22.05.2017	5.7	6	7.5	8.3	7.5	5.8	5.4	7.5	8.7
23.05.2017	0	1.1	1.2	0.4	1.3	1.5	1.1	1.3	1.4
24.05.2017	0.5	0.1	0.6	0.5	0.6	0.7	0.8	0.6	0.5
25.05.2017	3.8	3.4	3.7	3.6	5.4	3.9	4.2	5.4	4
26.05.2017	2.5	4.5	5.7	3.9	7.7	5.1	5.4	7.7	4.8
27.05.2017	0	0.3	2.3	0	1.7	3.4	0	1.7	0
28.05.2017	0	0.9	0	0	0	0.6	0.7	0	0
29.05.2017	8.7	4.6	8.4	8.5	8.8	4.6	4.6	8.8	9.1
30.05.2017	0.4	0.6	1.5	0.1	0	0.7	0.7	0	0.6
31.05.2017	0	8.9	5.3	0	8.6	4.8	6.8	8.6	5
01.06.2017	0.4	0.4	0.2	0.1	0.3	0.7	0.8	0.3	0.2
02.06.2017	0.3	1.2	1.1	0.3	0.8	0.7	0.7	0.8	0.7
03.06.2017	3.5	4.8	4.9	4.3	4.9	4.9	5.1	4.9	5
04.06.2017	3.2	2.4	2.5	3.3	3.5	3.5	3.5	3.5	3.1
05.06.2017	8.3	5	6.8	9.6	6	5.3	5.1	6	8.5
06.06.2017	0.8	0.5	0.5	0.2	1	1.5	2.2	1	0.2
07.06.2017	1.8	3.5	3.6	1.1	2.5	3	4.7	2.5	2.5
08.06.2017	0.1	0.1	1.5	0.3	0	0.1	1.4	0	0.4
09.06.2017	0	6.1	8.3	0	4	3.9	4.1	4	0
10.06.2017	0.1	1.2	0.4	0.1	0.6	1.7	2	0.6	0.1
11.06.2017	1.4	3.6	2.6	2.1	3.1	3.1	3.7	3.1	2.2
12.06.2017	4.3	4.4	5.3	3.1	4.2	3.2	3.5	4.2	4.7
13.06.2017	3.4	4.2	5	4.6	4.9	5	4	4.9	5.2
14.06.2017	1	0.5	0.4	0.2	0.1	0.7	1.4	0.1	0.1
15.06.2017	0.1	0	0.1	0.2	0.9	1	0	0.9	0.3
16.06.2017	3.6	3.9	4	2.7	2.2	3.3	5.2	2.2	3.1
17.06.2017	4.3	2.7	4.5	3.7	3.4	4	3.3	3.4	4.2
18.06.2017	4.1	1.9	3.2	5.7	2	3.5	4.2	2	3.9
19.06.2017	7.2	3.3	4.6	7.9	8.6	3.2	2.8	8.6	5
20.06.2017	11.9	4.9	6.7	11.8	9.4	7.4	8	9.4	8.5
21.06.2017	1	1.6	4.9	4.2	11.4	6.2	6.5	11.4	5.3
22.06.2017	1.2	0.7	0.6	0.6	0.6	0.7	0.6	0.6	0.6
23.06.2017	0.3	0.3	1.1	0.2	0	0.8	0.7	0	0.7
24.06.2017	8	6.7	9.5	7.5	7.8	5.3	6.4	7.8	9.4
25.06.2017	0.7	1.6	0.5	0.1	1.9	2.9	3.3	1.9	0.5
26.06.2017	1.9	5.3	4	1.8	4.1	5	4.3	4.1	2.5
27.06.2017	0.5	0.2	0.1	0.2	0.7	5.7	3.7	0.7	0.1
28.06.2017	0.2	0.2	0.4	0.2	0.1	0.2	0.2	0.1	0.1
29.06.2017	0	2.4	0.5	0	0	1.7	1.4	0	0
30.06.2017	0.1	0.6	2.8	0.6	0	2.5	2.2	0	1.6
01.07.2017	0	0.3	0	0	0	0.3	0	0	0
02.07.2017	0.5	1.1	0.9	1.8	1.3	1.2	0.8	1.3	1.4
03.07.2017	15.2	11.5	11.8	13.5	18.2	14.3	11.5	18.2	14.3
04.07.2017	1	1.5	2.2	2.1	1.7	1.6	1.6	1.7	2.7
05.07.2017	0.5	1	1	0.3	1.1	1	1.2	1.1	0.7
06.07.2017	0	0	0.3	0	0	0.6	0.6	0	0
07.07.2017	0.1	0.2	0.3	0.1	0	0.3	0.3	0	0.1
08.07.2017	9.4	7	8.7	10.7	9.9	8.5	7.1	9.9	10.3
09.07.2017	0.9	2.1	3.1	2.3	3.1	1.2	1	3.1	3.8
10.07.2017	1.3	2.1	3.3	1	1.4	2.8	2.9	1.4	2.8
11.07.2017	1.5	1	0.9	1.1	1.1	1.1	1	1.1	0.7
12.07.2017	1.5	8.6	9	6.7	5.8	8.4	9.1	5.8	8.6
13.07.2017	1.9	6.5	7	4.6	5.3	10.3	7.7	5.3	5.8
14.07.2017	0.1	1.5	0.9	0.5	1.3	1.6	1	1.3	0.7
15.07.2017	0	0.1	0	0	0	0.1	0	0	0
16.07.2017	1.5	1.7	1.8	1	3.1	2.6	3.2	3.1	1.4
17.07.2017	22.8	8.4	13.1	17.6	12.3	8.3	10.5	12.3	17.1
18.07.2017	19	7.8	11.4	17.2	11.8	9.1	10	11.8	14
19.07.2017	0.4	0.7	0.2	0.1	0.2	0.4	0.4	0.2	0.1
20.07.2017	0	0.7	0.3	0	0	0.6	0.5	0	0.1
21.07.2017	0	0	0	0	0	0.2	0.2	0	0
22.07.2017	0	0.1	0	0	0	0.1	0.1	0	0
23.07.2017	0	0.8	0	0	0	0.8	1.2	0	0
24.07.2017	22.2	20.8	29.1	30.5	21.9	16.5	23.6	21.9	41.3
25.07.2017	16.1	6	8.6	10	2.4	4.9	6.3	2.4	8.5
26.07.2017	0.1	2.7	1.9	0.1	0.9	2.7	3.4	0.9	0.1
27.07.2017	0	3.4	3.9	0	3.8	2.5	3.2	3.8	0
28.07.2017	3	7.1	5.9	2.9	6.1	5.6	7.2	6.1	4.2
29.07.2017	1.8	0.8	1.1	1.3	1.1	1	1.3	1.1	0.9
30.07.2017	0.9	1.2	0.7	0.8	0.5	1.3	1.3	0.5	0.4
31.07.2017	3.3	3.2	3.9	2.4	2.5	2.5	4.3	2.5	2.9
01.08.2017	6.7	3.6	3.1	3.6	7.2	4.7	4.3	7.2	3
02.08.2017	1.2	2.6	2.5	1.4	1.8	3.2	4.2	1.8	2.1
03.08.2017	2.8	1.1	2.1	2	2.3	1.2	1.2	2.3	2.1
04.08.2017	0	2	1.9	0.1	0	1.6	3.8	0	1.1
05.08.2017	2.5	9.3	4	2.5	3.8	6.6	5.6	3.8	1.9
06.08.2017	17.6	7	9.4	11.3	8.3	6.1	8.3	8.3	9.3
07.08.2017	1.1	2.6	1	0.7	1.2	1.9	2.2	1.2	0.5
08.08.2017	2.2	2.5	3	1.7	2.7	2.7	2.9	2.7	2.3
09.08.2017	0.4	0.3	1.1	0.1	1.2	1.4	1.2	1.2	0.1
10.08.2017	7.6	2.9	2.7	4.8	1.5	3.7	2.8	1.5	1.8
11.08.2017	6.9	2.9	2.4	3.7	5.3	3.8	4.2	5.3	2.8
12.08.2017	5.5	3.9	5.7	4.1	5.6	5.3	6.1	5.6	4.9
13.08.2017	2.4	4	5.2	4.7	7.4	5.1	3.7	7.4	5.4
14.08.2017	3.5	1.9	1.9	3.2	4	2.9	4	4	2.1
15.08.2017	0.1	0.6	0.1	0.1	0.5	0.9	1.3	0.5	0.1
16.08.2017	10.1	7.5	9.2	9.8	9.1	7	8.6	9.1	9.6
17.08.2017	0.8	1.8	1	0.9	2	3.2	3.4	2	1.3
18.08.2017	1.6	4.4	3.5	1.2	1.6	2.4	4.7	1.6	2.2
19.08.2017	1.2	1.5	1.5	1.7	3.4	2	1.7	3.4	1.2
20.08.2017	0.7	2.5	2.1	0.6	2.3	2.7	2.4	2.3	1.3
21.08.2017	6.3	5.5	5.4	5.3	7.5	7.8	6.2	7.5	4.9
22.08.2017	0	0.9	0	0	0	0.1	0.1	0	0
23.08.2017	0	0.3	0	0	0	0.1	0.1	0	0
24.08.2017	0	1.1	0	0	0	0.1	0	0	0
25.08.2017	0	0.4	0.1	0	0	0.4	0.1	0	0.1
26.08.2017	0	0	0	0	0	0	0	0	0.1
27.08.2017	0	0.2	0	0	0	0.1	0.2	0	0
28.08.2017	0.1	0.2	0.2	0.1	0.3	0.2	0.3	0.3	0.2
29.08.2017	4.2	3.3	5.8	6.4	4.5	2.9	3.6	4.5	6.7
30.08.2017	2	2.5	1.2	1.7	3.6	4.1	3.5	3.6	1.6
31.08.2017	2.1	1.8	1.5	1.3	1.7	2.2	2.2	1.7	1.4
01.09.2017	9.5	5	7.5	8.8	8.7	6.1	5.1	8.7	8.1
02.09.2017	0.4	0.8	0.8	0.4	0.9	1	0.9	0.9	0.8
03.09.2017	0.4	0.2	0.2	0.3	0.1	0.2	0.1	0.1	0.2
04.09.2017	0	0.7	0.6	0	0	0.4	0.5	0	0
05.09.2017	0.1	0	0.3	0.1	0.1	0.6	0.3	0.1	0.2
06.09.2017	10.7	11.2	8	5.5	10.8	12	13.6	10.8	4.6
07.09.2017	2.6	3.1	3.3	1.7	2.4	2.6	3.4	2.4	2.5
08.09.2017	0.3	0.1	0.1	0.1	0.1	1	1.2	0.1	0.1
09.09.2017	0	0	0	0	0	0	0	0	0
10.09.2017	1.7	1.7	0.1	0.1	0	1	0.8	0	0.2
11.09.2017	0.4	0	0.1	0.2	0	0.1	0.3	0	0.1
12.09.2017	3.8	6.1	6.2	3.5	4.2	5.4	9.9	4.2	5.4
13.09.2017	6.2	3.7	5.2	4.3	3.8	3.7	5.2	3.8	4.8
14.09.2017	0.1	0.7	0.4	0.1	0.3	0.5	0.4	0.3	0.1
15.09.2017	2.3	3.1	2.7	2.5	4.6	3.8	2	4.6	2.7
16.09.2017	0	3.5	3.7	2.4	5.8	3.1	1	5.8	3.7
17.09.2017	0	0	0	0	0	0	0.2	0	0
18.09.2017	0.6	1.4	1	0.6	1.4	1.6	1.2	1.4	0.8
19.09.2017	0.2	0.9	1.1	0.9	1.5	1.1	0.9	1.5	1.3
20.09.2017	2.3	6	2.5	1.5	2.3	5.3	5	2.3	1.4
21.09.2017	0	7.3	5.8	1.5	10.5	7.2	10.1	10.5	7.4
22.09.2017	2.3	1.3	1.3	1.3	1.3	1.2	1.3	1.3	1
23.09.2017	1	0.9	1.1	1.9	2.7	1.5	0.9	2.7	1.3
24.09.2017	0	0	0	0	0	0	0	0	0
25.09.2017	0	0	0.1	0	0	0	0.7	0	0
26.09.2017	0	0	0	0	0	0	0	0	0
27.09.2017	0.2	0.1	0.4	0.2	0	0.3	0.3	0	0.2
28.09.2017	0	0.1	0	0	0	0.1	0.1	0	0
29.09.2017	0	0	0	0	0	0	0	0	0
30.09.2017	0.7	1.1	1.4	0.2	0	0.3	0.4	0	0.1
01.10.2017	1.1	2.6	2.7	0.4	1	1.3	3.2	1	1.6
02.10.2017	3.6	8.9	7.2	1.3	8.2	10	14.7	8.2	3.7
03.10.2017	6.2	3.7	3.5	4	4.3	5.1	5.8	4.3	3.2
04.10.2017	29.5	17.9	17.9	31.5	21.9	23.5	17.6	21.9	23.3
05.10.2017	1.5	2.8	2.3	1.6	2.5	1.9	2.5	2.5	1.9
06.10.2017	6.1	8.5	8	6.6	9.8	13.3	7.6	9.8	7.1
07.10.2017	4.3	5.1	6.4	5.2	6.5	5.5	4.4	6.5	6.7
08.10.2017	0.6	5.4	3.1	1.2	4.7	6.8	4.7	4.7	1.7
09.10.2017	0	0	0	0	0	0	1.3	0	0
10.10.2017	0	0	0	0	0	0	0	0	0
11.10.2017	3	1.4	0.1	0.8	1	2.9	2.8	1	0.1
12.10.2017	10.1	5	8.1	9.6	6.6	5.1	5.4	6.6	10.3
13.10.2017	0.8	0.8	0.8	0.8	0.8	0.7	0.5	0.8	0.8
14.10.2017	12.6	8.7	9.5	12.9	9	9.1	11	9	10.6
15.10.2017	31.3	15.4	25.4	24.1	15.9	15.8	14.2	15.9	27.2
16.10.2017	10.2	10.1	11.8	9.8	11.8	10.4	11.2	11.8	11.5
17.10.2017	6.3	4.5	4.5	5	5.2	4.9	5.8	5.2	4.3
18.10.2017	13.3	10.8	13.7	13.5	13	11.3	10.6	13	14.5
19.10.2017	0	0	0.1	0	0	0.1	0.5	0	0.1
20.10.2017	0.4	0	0.5	0.1	0	0.4	0.3	0	0.5
21.10.2017	0.7	1.3	1.6	0.8	1.1	1	2.2	1.1	1.4
22.10.2017	1.2	0.8	0.6	0.1	0	1.6	2.1	0	0.5
23.10.2017	0	0	0	0	0	0	0	0	0
24.10.2017	2.5	3.5	3.6	2.1	2.7	3	4.5	2.7	2.6
25.10.2017	2.3	7	5.8	1.3	3.9	4.6	6.1	3.9	4.1
26.10.2017	18.4	6.1	11.8	18.9	10.3	11.3	14.1	10.3	14.7
27.10.2017	4.4	1.8	3.7	5	3.7	1.5	1.2	3.7	4.7
28.10.2017	32.5	23.4	26.2	29.4	33.2	24.1	23.7	33.2	25
29.10.2017	12.3	14.7	14.9	14.9	20.5	19.4	14.6	20.5	14.4
30.10.2017	12.5	13.2	11.5	9.3	23.3	25.3	18.4	23.3	8.6
31.10.2017	3.8	1.9	1.9	2.8	3.3	5	3.2	3.3	1.5
01.11.2017	6.1	2.8	3.6	7.2	5.3	4.3	2.9	5.3	4.2
02.11.2017	23.4	11.3	17.4	22.1	17.1	16.2	17.4	17.1	19.6
03.11.2017	0	0.1	0.4	0	0.9	2.3	1.4	0.9	0
04.11.2017	1.6	0	0.1	0.5	0.9	3.8	2	0.9	0.1
05.11.2017	11	5.2	7.5	8.9	8.8	6.6	7	8.8	8
06.11.2017	2	3.3	3.7	2.4	4.8	4.7	2.9	4.8	2.8
07.11.2017	0.3	0.5	0.2	0.1	0	1.1	0.7	0	0
08.11.2017	0.1	0.3	0.1	0.1	0.5	0.7	1	0.5	0.1
09.11.2017	15	6.7	11.3	14.7	17.1	9	10.1	17.1	11.8
10.11.2017	36.5	25.8	33.4	34.5	29.1	23.6	21.9	29.1	33.2
11.11.2017	14.6	3.4	5.3	11.3	13.8	6.9	6.2	13.8	7.3
12.11.2017	26.5	15.6	16.9	23.9	26.3	22.3	16.8	26.3	19.7
13.11.2017	8.9	15	15.3	8	25.6	17.7	14.9	25.6	9.5
14.11.2017	4.1	3.3	3.1	3.4	5.3	4.2	3.9	5.3	2.7
15.11.2017	21.9	11.1	15	20.5	17	13.8	15.5	17	15.6
16.11.2017	5.1	3.9	3.4	5.4	6.2	5.2	3.8	6.2	3.1
17.11.2017	24.1	13.5	16.7	18.4	17.8	15.5	17.4	17.8	17.1
18.11.2017	15.5	14.9	18.9	16.3	22.7	14.9	16.4	22.7	19.4
19.11.2017	21	14.2	15.4	21.2	20	15.3	14.6	20	17.8
20.11.2017	2	1.9	1.7	1.6	2.6	3.2	3	2.6	1.4
21.11.2017	2	1.4	1.7	1.9	2.1	2.1	1.5	2.1	1.6
22.11.2017	0.1	3.7	1.3	0.1	4.4	5.7	1.4	4.4	0.1
23.11.2017	7.1	11.6	9.1	6.4	7.2	8.1	8	7.2	9.2
24.11.2017	24.8	14.5	18.2	24.1	22.2	17.3	18.6	22.2	19.8
25.11.2017	29.5	10.6	18.3	24.4	25.7	13.7	11.2	25.7	20.5
26.11.2017	1.7	4.4	2.2	2.4	4	5.5	4.3	4	1.7
27.11.2017	0	0.3	0	0	0	1.3	0.8	0	0
28.11.2017	0	0.2	0	0	0	0	0	0	0
29.11.2017	0	0	0	0	0	0	0	0	0
30.11.2017	0	0	0	0	0	0	0	0	0
01.12.2017	0	0	0	0	0	0	0	0	0
02.12.2017	0.2	1.2	0.1	0.2	1.5	2	1.5	1.5	0.1
03.12.2017	6.3	5.5	2.7	4	6.3	8.2	4.8	6.3	2.1
04.12.2017	13.1	10.6	13.7	14.9	22.5	14	10.2	22.5	13.2
05.12.2017	7.7	9.1	14	12.2	14.4	9.5	9	14.4	11.1
06.12.2017	7.5	5.4	5.4	5.4	5.2	6.6	4.8	5.2	4.9
07.12.2017	27.4	15.9	21.7	25.3	23.9	19.5	17.3	23.9	24.9
08.12.2017	8.8	5.1	6.8	7.5	7.7	7.8	9.9	7.7	6.8
09.12.2017	25.2	23	27.6	31.5	24.6	30.5	25.5	24.6	28.6
10.12.2017	9.6	5.7	6.4	9.4	10.6	6.7	3.7	10.6	7.3
11.12.2017	0.6	0.9	0.2	0.3	1.3	2.3	1.8	1.3	0.1
12.12.2017	3.9	6.5	4.3	5.4	9.8	5.3	5.6	9.8	6.1
13.12.2017	0	0	0	0	0	0	0	0	0
14.12.2017	0.6	1.8	1.4	0.5	1.5	2.3	1.6	1.5	1.3
15.12.2017	0	0.2	0	0	0	0	0	0	0
16.12.2017	0.1	3.1	1.5	0.1	0	5.5	0.7	0	0
17.12.2017	0.6	0.3	0.1	0.3	1.2	2.2	0.4	1.2	0.1
18.12.2017	2	1.3	0.8	0.9	1.4	2.2	1.3	1.4	0.4
19.12.2017	3.8	3.7	4.5	5.2	8	4.9	4.2	8	4.9
20.12.2017	6.6	3.4	3.1	8.2	9.3	7	5.6	9.3	4.1
21.12.2017	12.9	9.5	10.4	9.7	13.5	9.2	8.5	13.5	10.1
22.12.2017	8.8	11.9	9.4	13.7	14.3	15.1	10.7	14.3	8.9
23.12.2017	45.3	33.9	37.9	46.2	39.7	40.7	35.1	39.7	40.3
24.12.2017	20	12.4	18.5	20.5	14.5	13.7	14	14.5	18.9
25.12.2017	15.4	9.6	10.5	13.8	12.7	10.7	8.7	12.7	10.7
26.12.2017	4.4	3.7	1.9	3.7	1.3	3.4	5	1.3	2.5
27.12.2017	0.9	7.8	5.2	0.5	3.7	6.7	4.8	3.7	2.8
28.12.2017	0	2.1	1.2	0	0	3.1	2.4	0	0.1
29.12.2017	0.5	2.6	1.2	0.3	2.2	3.8	1.7	2.2	0.8
30.12.2017	1.1	1.6	1.8	1.6	2	2.2	1.8	2	1.8
31.12.2017	0	1.3	0	0	0	1.5	0	0	0
01.01.2018	0.5	4.4	4.2	0.4	2.4	4.5	4.2	2.4	3
02.01.2018	3.9	3.4	4.1	3.2	3.8	4.4	4	3.8	3.2
03.01.2018	0	0.3	0	0	0	0.2	0.1	0	0
04.01.2018	0	0	0	0	0	0	0	0	0
05.01.2018	0	1.2	0	0	0	0.8	0	0	0
06.01.2018	0	0	0	0	0	0	0	0	0
07.01.2018	2.5	2.1	2.9	3.1	6.9	5.3	3.5	6.9	2.2
08.01.2018	15.2	11.8	12.9	16.8	18.6	16.3	10	18.6	14.6
09.01.2018	0.2	0.7	2.2	0.1	0	5.4	4.1	0	0
10.01.2018	0	0	0	0	0	0	0	0	0
11.01.2018	0	0.3	0	0	0	0.1	0	0	0
12.01.2018	0	0.6	0	0	0	0.4	0.1	0	0
13.01.2018	0	0	0	0	0	0	0	0	0
14.01.2018	0	0	0	0	0	0	0	0	0
15.01.2018	0	0.1	0	0	0	0	0.1	0	0
16.01.2018	0.1	2.9	0.8	0.1	0.1	7.2	6.9	0.1	0.1
17.01.2018	0	0.1	0	0	0	0	0.1	0	0
18.01.2018	0	0	0	0	0	0	0	0	0
19.01.2018	0.3	0.6	0.3	0.2	0.6	1.1	0.5	0.6	0
20.01.2018	0	1.4	0.2	0	0	1.3	0.6	0	0
21.01.2018	0	0.5	0.1	0	0	0.2	0.3	0	0
22.01.2018	0	0	0	0	0	0	0	0	0
23.01.2018	1.5	3.9	3.3	2	3.5	4.1	4	3.5	2.6
24.01.2018	5.8	6.6	7.4	4	7.3	6.4	8.3	7.3	5.8
25.01.2018	22.1	17	22	22.7	20.6	15.3	18.8	20.6	22.1
26.01.2018	2.8	5.4	8.6	6.1	4.2	9.3	5	4.2	6.4
27.01.2018	1.1	1.2	1.3	0.9	1.1	1.4	1.1	1.1	0.7
28.01.2018	1.7	3.8	1.6	1.5	2.3	4.1	1.8	2.3	1.1
29.01.2018	7.8	4.8	2.3	7.9	9.6	7.6	5.8	9.6	3.5
30.01.2018	11.8	6	6.6	11.1	12.6	7.4	7.7	12.6	8.1
31.01.2018	1.6	5.6	1.1	1.3	3.5	8.3	5.8	3.5	0.2
01.02.2018	0.9	3.3	4.9	2.1	0	1.1	2	0	0
02.02.2018	0	0	0	0	0	0	0	0	0
03.02.2018	0	0	0	0	0	0	0	0	0
04.02.2018	0.1	2	0	0.1	0	3.6	0	0	0.1
05.02.2018	0.6	1.1	0.9	0.5	1.1	1.2	0.6	1.1	0.6
06.02.2018	0	0	0	0	0	0	0	0	0
07.02.2018	0.6	0.4	0.4	0.7	0.8	0.7	0.5	0.8	0.2
08.02.2018	1.7	1.9	1.2	2	2.5	2.7	1.5	2.5	0.9
09.02.2018	0.7	5.8	3.9	0.3	2.1	7.1	5.3	2.1	2.9
10.02.2018	8.6	7.1	10.7	9.8	11.7	7.3	6.2	11.7	11.8
11.02.2018	0	2.7	0.5	0	0	2.8	1.7	0	0
12.02.2018	0.4	3.9	5.8	1.5	0	0.6	2.4	0	0
13.02.2018	1.4	1.2	0.5	2.2	1.7	0.5	0.5	1.7	1.4
14.02.2018	1.8	3.6	1.1	0.1	0	5.3	3.6	0	0.9
15.02.2018	0.1	0.8	1.2	0.1	0.8	2.3	3.4	0.8	0.3
16.02.2018	0	0.1	0	0	0	0	1.9	0	0
17.02.2018	0.9	0.9	1.1	1.1	2.6	1.4	1.5	2.6	1.5
18.02.2018	0	2.7	2	0	0	2.9	1.6	0	0
19.02.2018	0	1.5	1.7	0	1.6	1.2	0.9	1.6	0
20.02.2018	0	0	0	0	0	0	0	0	0
21.02.2018	2.4	2.2	2.8	4.3	4.3	3.5	3.6	4.3	2.6
22.02.2018	0.1	1.4	0.6	0.4	2.5	3.3	1.4	2.5	0.4
23.02.2018	0	0	0	0	0	0	0	0	0
24.02.2018	0	0	0	0	0	0	0	0	0
25.02.2018	0	0	0	0	0	0	0	0	0
26.02.2018	4	2.5	3.6	3.5	3	2.7	2.8	3	4.1
27.02.2018	0.7	0.8	0.1	0.1	0	1.3	0.5	0	0.3
28.02.2018	0	0	0	0	0	1.2	0	0	0
01.03.2018	0	0	0	0	0	0	0	0	0
02.03.2018	0	0	0	0	0	0	0	0	0
03.03.2018	0	0.1	0	0	0	2.2	2.4	0	0
04.03.2018	0.9	0.9	0.7	1.1	0.5	0.8	0.8	0.5	0.9
05.03.2018	0	0.3	0	0	0	0.2	0	0	0
06.03.2018	0	0	0	0	0	0	0	0	0
07.03.2018	0	0.9	0	0	0	0.5	0.1	0	0
08.03.2018	0	4	3.3	0	5.6	4.7	2.5	5.6	1.2
09.03.2018	0.5	1.4	0.8	0.5	1.4	1.6	1	1.4	0.5
10.03.2018	0.9	1.2	0.3	0.9	2.1	0.9	0.6	2.1	0.4
11.03.2018	0	0	0	0	0	0	0	0	0
12.03.2018	0	0.1	0	0	0	0	0	0	0
13.03.2018	0	1.1	0	0	0	0.1	0.6	0	0
14.03.2018	0	0	0	0	0	0	0	0	0
15.03.2018	0	0	0	0	0	0	0	0	0
16.03.2018	0	0	0	0	0	0	0	0	0
17.03.2018	0	0	0	0	0	0	0	0	0
18.03.2018	0	0	0	0	0	0.1	0	0	0
19.03.2018	9.3	7.6	10.8	12.5	12.1	8.6	5.5	12.1	11.5
20.03.2018	5.5	4.9	5	3.9	5.9	7.1	3.9	5.9	3.9
21.03.2018	4.3	2.7	2.3	3.9	5.5	3.7	3.4	5.5	2.4
22.03.2018	4.4	2.2	0.5	2.6	3.7	3.7	3.1	3.7	0.6
23.03.2018	0	3.7	0	0	0	3.8	0	0	0
24.03.2018	1.1	2.4	0.1	0.8	2.2	4.8	2.5	2.2	0.1
25.03.2018	12.5	3.3	4.5	7.2	5.6	5.3	5.1	5.6	5.5
26.03.2018	1.3	1.4	1.6	1.7	1.3	1.1	0.9	1.3	2.1
27.03.2018	0	0	0	0	0	0	0	0	0
28.03.2018	0	0	0	0	0	0	0	0	0
29.03.2018	0	0	0	0	0	0	0	0	0
30.03.2018	0	0	0	0	0	0	0	0	0
31.03.2018	0	0	0	0	0	0	0	0	0
01.04.2018	0	0	0	0	0	0	0	0	0
02.04.2018	0.2	0.2	0	0.1	0	1.9	0	0	0
03.04.2018	0.2	0.5	0.4	0.2	0.1	0.2	0.1	0.1	0.1
04.04.2018	2.5	3.4	3.1	2.3	1.9	2.8	2.9	1.9	2.4
05.04.2018	5.6	4.5	5	6.1	5.6	5.3	4.1	5.6	5.2
06.04.2018	8.2	6.5	9	10.7	14.3	8.2	6.5	14.3	10.1
07.04.2018	0.6	1.3	1.1	0.6	1.3	1.2	0.8	1.3	0.8
08.04.2018	2.5	3.6	3.2	3.5	4.9	5.1	3.2	4.9	3.4
09.04.2018	1.5	2.7	2.2	1.8	3.3	3.2	2.1	3.3	1.7
10.04.2018	2	3.1	2.3	0.4	0	3	3	0	1.6
11.04.2018	0	0	0	0	0	0	0	0	0
12.04.2018	0	0	0	0	0	0	0	0	0
13.04.2018	0	0	0	0	0	0	0	0	0
14.04.2018	0	0	0	0	0	0	0	0	0
15.04.2018	0	0	0	0	0	0	0	0	0
16.04.2018	0	0	0	0	0	0	0	0	0
17.04.2018	0	0	0	0	0	0	0	0	0
18.04.2018	1.4	1.5	1.3	0.7	1.4	1.5	1.5	1.4	0.9
19.04.2018	0.8	2.3	1.8	0.1	0	1.8	1.3	0	1.3
20.04.2018	0.4	0.1	0.2	0.5	0.9	0.2	0.3	0.9	0.3
21.04.2018	4.4	3.2	2.5	6.2	2.4	6.4	6.6	2.4	3.2
22.04.2018	1	0.9	0.4	1.2	0.6	1.9	1	0.6	0.5
23.04.2018	3.6	3.2	3.9	2.3	2.3	2.6	4.1	2.3	3.1
24.04.2018	4.6	2.5	0.7	2.1	3.3	4.3	4.2	3.3	0.6
25.04.2018	2.9	2.7	0.3	1.5	5.3	4.1	4.5	5.3	0.6
26.04.2018	1	0.9	0.4	1	1.1	1.2	1	1.1	0.4
27.04.2018	0	0	0.7	0.4	4.4	0	0	4.4	0.1
28.04.2018	1.3	0.6	0.3	0.7	0.7	0.8	0.3	0.7	0.6
29.04.2018	3.7	3.9	3	1.2	0	3.7	2.1	0	2.8
30.04.2018	0	0.9	1.1	0	0	0.1	0.3	0	0.4
01.05.2018	0	0	0	0	0	0	0	0	0
02.05.2018	0.2	0.9	0.7	0.2	0.2	0.5	0.9	0.2	0.5
03.05.2018	0	1	0.4	0	0	0.2	1.5	0	0
04.05.2018	4.1	2	2.6	2.7	3.6	1.8	2.2	3.6	2.3
05.05.2018	2.2	1.3	0.7	1.7	1.1	1.9	2.2	1.1	0.5
06.05.2018	0.7	0.8	1.2	1.7	2.4	1.7	2.3	2.4	1.1
07.05.2018	7.7	6	5.7	5.3	5.6	5.3	6.3	5.6	6.3
08.05.2018	0	0.1	0.7	0	1.7	1.2	1.1	1.7	0
09.05.2018	0	0	0	0	0	0	0	0	0
10.05.2018	0	0	0	0	0	0	0	0	0
11.05.2018	14.1	13.4	13.1	13.8	15.2	13.8	13.6	15.2	13.5
12.05.2018	0	0	0	0	0	0	0	0	0
13.05.2018	0	0	0	0	0	0	0	0	0
14.05.2018	0	0	0	0	0	0	0	0	0
15.05.2018	0	0	0	0	0	0	0	0	0
16.05.2018	0	0.6	0.3	0	0	0.7	0.6	0	0
17.05.2018	0.4	0.1	0.1	0.1	0.7	0.4	0	0.7	0.3
18.05.2018	0	0	0	0	0	0	0	0	0
19.05.2018	0	0	0	0	0	0	0	0	0
20.05.2018	0	0	0	0	0	0	0	0	0
21.05.2018	0	0	0	0	0	0	0	0	0
22.05.2018	0	0	0	0	0	0	0	0	0
23.05.2018	0	0	0	0	0	0	0	0	0
24.05.2018	0	0	0	0	0	0	0	0	0
25.05.2018	0	0	0	0	0	0	0	0	0
26.05.2018	0.1	0.1	0	0.1	0	0.2	0	0	0.1
27.05.2018	0	0	0	0	0	0	0	0	0
28.05.2018	0	0	0	0	0	0	0	0	0
29.05.2018	0	0	0	0	0	0	0	0	0
30.05.2018	0	0.2	0	0	0	0	0.3	0	0
31.05.2018	0	0	0	0	0	0	0	0	0
01.06.2018	0.1	0.3	2.1	0.1	0	1.2	2.3	0	0.8
02.06.2018	0	1.8	2.1	0	0	0.8	1.6	0	0
03.06.2018	0	1.4	1.3	0	0	0.2	2.1	0	0
04.06.2018	0	0.1	0	0	0	0.3	0.2	0	0
05.06.2018	0.3	0.1	0.5	0.3	0	0.4	0.5	0	0.4
06.06.2018	0	0	0	0	0	0	0	0	0
07.06.2018	0	0	0	0	0	0	0	0	0
08.06.2018	0.2	0	0	0.2	0	0.1	0	0	0.1
09.06.2018	0	0	0	0	0	0	0	0	0
10.06.2018	0	0	0	0	0	0	0.2	0	0
11.06.2018	0	5.9	3	0	0	4.5	5.6	0	0.2
12.06.2018	0	0	0	0	0	0	0	0	0
13.06.2018	0	0	0	0	0	0	0	0	0
14.06.2018	0.1	0	0.8	0.4	1.9	0.9	0.3	1.9	0.5
15.06.2018	22.3	13.5	19.7	19.9	21.3	14.9	18.8	21.3	20.5
16.06.2018	19.5	9.9	19.3	21.6	18.6	10.7	11.7	18.6	24.1
17.06.2018	0.5	0	0.4	1.2	1.5	1.1	1.5	1.5	0.6
18.06.2018	0.9	0.8	1.1	1	2.4	1.1	1.4	2.4	1.2
19.06.2018	21.7	8.3	13.7	17.7	14.9	9.7	8.3	14.9	17.2
20.06.2018	33.9	18.8	25.4	25.4	27.8	18.6	21.2	27.8	26.6
21.06.2018	0.8	0.7	0.3	0.3	1.4	1.8	2.3	1.4	0.4
22.06.2018	2.1	2.9	3.6	2.3	4.4	3.9	1.9	4.4	3.1
23.06.2018	1.5	1.2	0.1	0.8	1.5	1.5	1.3	1.5	0.3
24.06.2018	0.4	0	0	0.5	0.1	0	0	0.1	0.2
25.06.2018	3.5	1.8	2.3	2.9	3.9	2.6	2.9	3.9	2.8
26.06.2018	1.4	0	0.7	1	0.6	0.4	0.4	0.6	0.6
27.06.2018	0.9	0	0.4	0.6	0	0.4	0.3	0	0.5
28.06.2018	0.2	0.1	0.2	0.1	0	0.1	0.1	0	0.1
29.06.2018	3	3.1	3.3	2.4	4	4.1	3.1	4	2.4
30.06.2018	0	0	0	0	0	0	0	0	0
01.07.2018	0	0	0	0	0	0	0	0	0
02.07.2018	1.2	0	0.8	0.9	0	0.3	0	0	0.9
03.07.2018	0.5	0	0	0.4	0	0.4	0	0	0.3
04.07.2018	0.9	0.1	0.4	0.6	0	0.4	0.4	0	0.5
05.07.2018	0.6	0	0.4	0.5	0	0.2	0	0	0.5
06.07.2018	0.7	0.1	0.1	0.4	0	0.7	0	0	0
07.07.2018	0.1	0.1	0.1	0.1	0	1	0	0	0
08.07.2018	0.4	0	0.2	0.4	0	0.4	0	0	0.4
09.07.2018	0.8	1.4	0.9	0.9	1.5	1.6	1.6	1.5	0.6
10.07.2018	0.6	0	0.5	0.5	0	0.2	0	0	0.4
11.07.2018	0.5	0	0.4	0.4	0	0.2	0	0	0.4
12.07.2018	5.7	3.5	2.9	3.2	0	5.2	4	0	3.1
13.07.2018	1	1.2	0.3	0.1	0	1.2	0.6	0	0.2
14.07.2018	0.2	0.7	0.8	0.4	0.1	0.3	0.4	0.1	0.3
15.07.2018	0	0	0	0	0	0	0	0	0
16.07.2018	0	0	0	0	0	0	0	0	0
17.07.2018	0.3	0	0.3	0.2	0	0.1	0	0	0.3
18.07.2018	13	6.6	9.9	11.1	12.5	7.1	7.8	12.5	10.5
19.07.2018	11.6	8.2	9.6	11.3	9.7	8.7	9.4	9.7	10.8
20.07.2018	2.5	1.2	0.9	1.6	0	0.8	0.2	0	1.3
21.07.2018	1.6	1.5	1.1	1.1	0	1.5	1.6	0	0.6
22.07.2018	0	0.6	0	0	0	0	0	0	0
23.07.2018	0	0	0.5	0	1.1	1.2	0.9	1.1	0.4
24.07.2018	0	4	5.4	4.1	8.5	2.8	2.9	8.5	7
25.07.2018	21.6	16.8	16.2	16.6	20.8	16.3	16.3	20.8	18.4
26.07.2018	0	0.1	1.3	0.9	0.7	0.3	0.2	0.7	1
27.07.2018	0	0	0	0	0	0	0	0	0
28.07.2018	0	0	0	0	0	0	0	0	0
29.07.2018	4.7	5.9	6.9	4.7	6	5.4	7.7	6	6.2
30.07.2018	0	1.1	1.7	1.5	0	1.8	1.3	0	2.8
31.07.2018	0	0	0.9	0.2	0	0	0.9	0	0.8
01.08.2018	15.5	11.6	13	15	14.6	19.5	23.1	14.6	12.5
02.08.2018	0	0	0	0	0	0	0	0	0
03.08.2018	0	0.7	1.2	0.8	1.5	0.9	1	1.5	1.5
04.08.2018	15.6	8.8	11.3	16.3	14.2	12.4	10.6	14.2	13.7
05.08.2018	4.9	4.7	4.3	5.5	10.7	6.8	5.8	10.7	5.2
06.08.2018	5.3	1.8	2	3.4	3.8	2.2	2.2	3.8	2.3
07.08.2018	0.6	1.3	1.7	1.6	4.5	1.7	1.9	4.5	1.6
08.08.2018	0.1	2.4	2.6	0.1	3.7	2	0.1	3.7	0
09.08.2018	15.4	6.4	9.5	14	13.8	8.7	8	13.8	11.2
10.08.2018	5.6	6.4	6.2	6.2	7.2	5.8	6.9	7.2	6.1
11.08.2018	14.2	22.6	22.1	16.4	23.3	24	21.8	23.3	21
12.08.2018	2.2	1.4	1.9	3.4	2.7	3.3	2.3	2.7	2.4
13.08.2018	0	1.4	2	0	3.4	1.3	1.1	3.4	1.7
14.08.2018	0	0.6	0	0	0	0	0.6	0	0
15.08.2018	0.1	0.2	0.1	0.2	0.6	0.4	0.4	0.6	0.2
16.08.2018	12.6	5.8	6.3	7.7	10.6	7.3	9	10.6	6.9
17.08.2018	16.5	13.9	17.8	17.3	16.8	12.4	13.9	16.8	20
18.08.2018	0.6	2.2	2.4	0.9	2.5	2.3	1.6	2.5	2.1
19.08.2018	28.8	13	19.3	23.2	24.2	16.3	17.1	24.2	22.5
20.08.2018	0.1	0.9	0.8	0.4	1.8	1.2	1.4	1.8	0.7
21.08.2018	1.3	2.1	2.4	1.7	3.1	1.6	1.4	3.1	2.1
22.08.2018	3.2	2	2.1	0.9	1.1	2.2	2.9	1.1	1.3
23.08.2018	19.1	8.7	13.8	19.6	12.7	10.4	8.4	12.7	18.6
24.08.2018	2.3	3.4	3.7	3.3	3.2	3.8	4	3.2	3.6
25.08.2018	6.7	3.1	4.9	7.2	6.1	3.9	3.2	6.1	6.2
26.08.2018	1	1.7	1.6	1.2	2.1	2.6	2.9	2.1	1.5
27.08.2018	1	0.5	0.1	0.5	0.4	1.2	0.8	0.4	0.4
28.08.2018	4	2.3	3.9	3.6	3.3	2	3	3.3	4.2
29.08.2018	0	0.3	0	0	0	0	0.1	0	0
30.08.2018	5.7	5.2	6.4	6.7	8.9	5.9	5.5	8.9	6.8
31.08.2018	0	1.6	1.4	0.9	2	1.6	1	2	1.4
01.09.2018	0	0.2	0.2	0	0	0	1.1	0	0
02.09.2018	1.7	0.9	0.8	1	0.9	1.2	1.1	0.9	0.7
03.09.2018	0	0	0	0	0	0	0	0	0
04.09.2018	1.7	1.5	2.3	2.3	2.9	1.6	2	2.9	2.7
05.09.2018	1.2	2.5	2.2	1.6	1.6	2.2	2.5	1.6	2.1
06.09.2018	0	1.9	1.7	0	1.2	1.6	2.4	1.2	0.4
07.09.2018	2.8	2	2.8	2.2	1.9	1.5	2.3	1.9	2.5
08.09.2018	0	0	0	0	0	0	0	0	0
09.09.2018	1.1	0.5	1.5	0.9	1.8	0.3	1.6	1.8	1.1
10.09.2018	2.8	6.1	5.3	3.2	6.1	10.9	17	6.1	5.3
11.09.2018	9.8	2.9	3.5	4.7	4.4	4.4	5.9	4.4	3.3
12.09.2018	26.2	12.5	19.1	23.3	20.8	13.4	16.7	20.8	21.3
13.09.2018	33	19.4	27.8	31	32.3	24.2	26.3	32.3	30.4
14.09.2018	41.9	12.7	21.5	30.9	24.5	17	13.8	24.5	27.3
15.09.2018	13.3	5.1	7.8	9.5	10.4	6.8	9.3	10.4	9.4
16.09.2018	12.6	4.2	4.4	9.1	8.9	7.1	8.5	8.9	6.2
17.09.2018	7	5.1	7.7	6.1	8.8	4.9	6.8	8.8	7.6
18.09.2018	8.2	5.8	6.8	5.4	9.4	7.1	8.6	9.4	5.9
19.09.2018	7.4	4.3	4.7	5.5	5.1	5.1	3.7	5.1	5.1
20.09.2018	16.3	13.6	17.3	17.3	20	13.5	15.8	20	19
21.09.2018	22.3	10.2	15.6	18.7	17.3	10.6	10.4	17.3	19.6
22.09.2018	22.2	22	25	22.2	27	25.2	25.9	27	24.6
23.09.2018	20.9	21.3	24.3	26.9	28.6	30	26.1	28.6	22.8
24.09.2018	13.4	14.9	12.1	9.7	20.7	21.3	11	20.7	8.8
25.09.2018	3.7	4.4	2.7	3.4	5.1	6.8	3.2	5.1	2.5
26.09.2018	45.1	35.4	36.4	41	43.7	35.2	28.8	43.7	38
27.09.2018	2.5	10.9	9.4	6.5	11.2	11.3	9	11.2	8.9
28.09.2018	14.6	18.2	19.3	18.1	26.2	21.9	17.4	26.2	18.6
29.09.2018	13.1	7.7	7.2	7	9.7	7.2	4.4	9.7	8.8
30.09.2018	32.6	15.6	17.3	23.2	20.7	15.9	10.3	20.7	21.8
01.10.2018	11.6	2.9	5	9.6	7	6.5	5.9	7	6.8
02.10.2018	0.6	1.4	0.1	0.4	0.2	0.7	0.3	0.2	0.1
03.10.2018	2.1	3	3.5	2.7	4	3.4	2.4	4	2.8
04.10.2018	6.2	3.3	5.2	6.3	10.3	6.1	3.9	10.3	3.8
05.10.2018	46.6	30	38.5	45.6	41.6	35.1	32	41.6	45.2
06.10.2018	45.9	12.6	20.4	30.1	27.3	16.4	15.6	27.3	25.9
07.10.2018	5	1.4	2.2	3.5	3.8	2	1.7	3.8	2.8
08.10.2018	9.3	5.6	7.7	6.6	6.9	5.7	7.2	6.9	7.2
09.10.2018	14.1	8.6	10.8	12.1	11.5	8.8	8	11.5	12.3
10.10.2018	35.3	18.2	31.7	39.2	28.2	24.9	20.5	28.2	37.2
11.10.2018	0	1.7	1.7	0.2	1.9	0.7	0.8	1.9	1.2
12.10.2018	0	0	0	0	0	0	0	0	0
13.10.2018	13.8	11.9	14	12.5	14.1	12.3	11.9	14.1	14
14.10.2018	23	20.3	21.6	21.7	22	21	18.5	22	23.5
15.10.2018	23.3	18.9	22.9	25.2	25.2	21.5	19.8	25.2	25.1
16.10.2018	0	0	0	0	0	0	0	0	0
17.10.2018	2.6	1.1	1.7	0.6	0	0.6	1.6	0	1.1
18.10.2018	9.3	4	5.5	6.5	8	5.6	5.5	8	6.2
19.10.2018	1.4	2.4	0.1	0.7	2.4	2.7	2.1	2.4	0.5
20.10.2018	1	0.9	0.7	0.7	0.2	0.9	1.1	0.2	0.4
21.10.2018	19.1	12	9.2	16.2	15	14.6	10.4	15	9.7
22.10.2018	41.7	23.5	27	32.1	29.1	25.5	25.7	29.1	28.8
23.10.2018	31.3	24.8	25.1	28.2	28.8	30.2	23.9	28.8	24.7
24.10.2018	12.1	10.1	11.6	12.8	21.1	13.7	8.7	21.1	11.2
25.10.2018	5.8	7.9	9.4	7.2	9.5	7.3	7.6	9.5	7.3
26.10.2018	3.7	3.7	3.4	3.2	4.3	4.2	3.3	4.3	3.2
27.10.2018	0	0.1	0.4	0	0	1	0.5	0	0.1
28.10.2018	0	2.1	1.3	0	0	16.1	8.5	0	0.1
29.10.2018	0	0	0	0	0	0	0	0	0
30.10.2018	0	0	0	0	0	0	0	0	0
31.10.2018	0	1.7	1.3	0.1	0	1.4	2.1	0	1.6
01.11.2018	1.3	0.4	0.8	1.1	0.6	0.5	0.4	0.6	0.9
02.11.2018	3.5	5.2	5.6	2.9	3.3	3.6	5.3	3.3	4.3
03.11.2018	6.7	5.1	5.8	6.5	5.4	5.7	5.5	5.4	6.1
04.11.2018	0.9	2.9	2.6	0.2	1.1	2.1	2.3	1.1	1.2
05.11.2018	0	0	0	0	0	0	0	0	0
06.11.2018	0	0	0	0	0	0.1	0.1	0	0
07.11.2018	0	0	0	0	0	0	0	0	0
08.11.2018	0	0	0	0	0	0	0	0	0
09.11.2018	1.4	0	0.6	0.1	0	0.5	0.5	0	0.3
10.11.2018	0	0	0	0	0	0	0	0	0
11.11.2018	0.2	4.8	2.7	0.1	1.7	2.6	5.6	1.7	0.4
12.11.2018	1.5	5.2	4.9	0.6	1.8	2.7	7.2	1.8	2.8
13.11.2018	4.4	2.6	3	3.6	2.6	2.4	1.9	2.6	3.6
14.11.2018	0.3	0.1	0.7	0.2	0.1	0.1	0.8	0.1	0.1
15.11.2018	1.4	0.4	1.5	0.1	0	1.8	2.3	0	0.9
16.11.2018	0.4	0.4	0.8	0.1	0.6	1.2	2	0.6	0.5
17.11.2018	0.5	1.1	1.3	0.5	1.2	1.7	2	1.2	0.8
18.11.2018	0	0.2	0.1	0	0	0.2	0.1	0	0
19.11.2018	0	0	0	0	0	0	0	0	0
20.11.2018	0.5	0	0.3	0.4	0	0	0	0	0.4
21.11.2018	0	0	0	0	0	0	0	0	0
22.11.2018	0	0	0.2	0	0	0.2	0.2	0	0.1
23.11.2018	0	0	0	0	0	0	0	0	0
24.11.2018	0	0	0	0	0	0	0	0	0
25.11.2018	0	0	0	0	0	0	0	0	0
26.11.2018	0	0	0	0	0	0	0	0	0
27.11.2018	0	0	0	0	0	0	0	0	0
28.11.2018	0	0	0	0	0	0	0	0	0
29.11.2018	0.1	4.9	4.7	0.6	0	2.2	4.6	0	2.4
30.11.2018	0	3.8	3.8	0.8	0	3.7	4.3	0	2.7
01.12.2018	1.8	0.5	0.1	0.3	0.1	3.4	5.9	0.1	0.3
02.12.2018	10.2	2.1	3	5.5	3.5	3.1	4.8	3.5	3.3
03.12.2018	3.2	3.6	3.5	2.2	2.3	3.7	4.5	2.3	2.7
04.12.2018	13	11.2	12.2	13.5	14.2	14.1	10.8	14.2	13.6
05.12.2018	8.9	8.4	8.5	9	13.4	11.6	7.6	13.4	8.5
06.12.2018	5.9	4.7	4.6	6.7	8.5	5	5.3	8.5	5.2
07.12.2018	0.1	1.3	0.6	0.1	1.1	1	0.8	1.1	0.5
08.12.2018	0.4	2.7	2.4	0.8	1.6	2.6	3.7	1.6	1.2
09.12.2018	3.2	5.5	6.3	4.3	5.4	5.2	4.9	5.4	6.2
10.12.2018	16.8	21.9	15.5	19.4	34.8	24.4	15.4	34.8	14.4
11.12.2018	9.6	7.4	7.9	9.4	15.6	12.4	8.5	15.6	6.9
12.12.2018	0	0	0	0	0	0	0	0	0
13.12.2018	0	0	0	0	0	0	0	0	0
14.12.2018	0	0	0	0	0	0	0	0	0
15.12.2018	0	0	0	0	0	0	0	0	0
16.12.2018	0.2	0.9	0	0.2	0	0.1	0	0	0.1
17.12.2018	0	0	0	0	0	0	0	0	0
18.12.2018	0	0	0	0	0	0	0	0	0
19.12.2018	0	0	0	0	0	0	0	0	0
20.12.2018	0	2.3	0	0	0	0	1.1	0	0
21.12.2018	0	0	0	0	0	0	0	0	0
22.12.2018	0	0.1	0	0	0	0	0.2	0	0
23.12.2018	4.8	4	5	5.5	5	3.6	3.8	5	5.9
24.12.2018	0.1	0.8	0.3	0.3	1.1	2	1.7	1.1	0.1
25.12.2018	9.1	12.3	8.8	16.6	22	20.4	13.1	22	9.5
26.12.2018	0.5	2	0.4	1.5	1.1	2.3	2.3	1.1	0.8
27.12.2018	2.7	2.4	4	4	3.5	1.7	3.2	3.5	4.3
28.12.2018	1.7	2.2	1.1	2.9	3.5	3.4	3.8	3.5	1.6
29.12.2018	2.2	2.5	2.2	1.4	2.1	2.8	3.5	2.1	1.6
30.12.2018	7.2	6.1	7.6	9.6	7.3	12.3	7.5	7.3	7.1
31.12.2018	9.8	7.2	9	9.9	8.4	9.4	7.5	8.4	8.8
01.01.2019	53.4	43.1	43.9	44.1	53.5	49.3	37	53.5	47.1
02.01.2019	16.2	21.1	15	16.4	22.6	25.4	20.3	22.6	13.8
03.01.2019	3.3	3.1	1.2	2.1	4.8	4.8	3.7	4.8	1.4
04.01.2019	3.3	3	1.7	4.2	6.7	3.9	1.4	6.7	2.9
05.01.2019	9.8	5.5	7.7	10.5	11.9	7.9	5.2	11.9	9.7
06.01.2019	0.9	0	0.2	1.7	1.7	2.2	1.7	1.7	1.1
07.01.2019	2	0.1	1.7	1.6	4.9	4.4	2.5	4.9	2.3
08.01.2019	1.7	2.6	3.1	1.7	2.6	2.3	2.6	2.6	2.5
09.01.2019	2.8	1.5	0.9	1.2	3.9	3.9	2.9	3.9	1.1
10.01.2019	2.6	3.8	3.5	3.9	7.2	4.3	3.4	7.2	3.4
11.01.2019	5.9	3.2	5.5	7.5	9.2	7.6	6.6	9.2	5.9
12.01.2019	1.8	1.5	0.8	1	2	3.9	3.1	2	0.6
13.01.2019	5	3.8	3.5	3.8	7.1	4.5	5.9	7.1	3.5
14.01.2019	14.9	15	15.8	15.6	23.8	22.2	18.2	23.8	16.2
15.01.2019	11.4	9.9	10.2	10.1	13.8	11.8	10.1	13.8	9.7
16.01.2019	6	6.5	8.6	7.6	9.6	6.3	7.4	9.6	8.6
17.01.2019	7.4	6.9	8.9	8.1	8.2	6.4	7.4	8.2	10.4
18.01.2019	10.9	11.8	13.3	11.6	18.7	13.3	11.3	18.7	10.5
19.01.2019	14.3	10.5	13	17.9	28.2	13.6	12.3	28.2	14.5
20.01.2019	1.4	2	1.6	1.1	0.8	2.2	1.5	0.8	0.7
21.01.2019	2.3	2.6	2.1	2	6	3.6	3.8	6	2
22.01.2019	0.5	0.5	0.5	0.7	0.4	0.6	0.4	0.4	0.5
23.01.2019	0	0	0	0	0	0	0	0	0
24.01.2019	0	0	0	0	0	0	0	0	0
25.01.2019	0.1	0	0.4	0.1	0	0.7	1	0	0
26.01.2019	0.1	7.9	4.7	0.8	0	10.8	3.2	0	0
27.01.2019	0.3	1.3	0	0.2	0	1.1	0	0	0.2
28.01.2019	0	0	0	0	0	0	0	0	0
29.01.2019	1.1	1	0.4	0.9	0.2	0.9	0.3	0.2	0.3
30.01.2019	0.1	0.1	0.6	0.1	0	1.2	0.9	0	0
31.01.2019	0.1	0.5	0.5	0.1	0	0.2	0.1	0	0
01.02.2019	0	0.3	0	0	0	0	0.1	0	0
02.02.2019	0.1	0	0	0.1	0	0.3	0	0	0
03.02.2019	0	0.1	0	0	0	0	0	0	0
04.02.2019	1.4	0.6	0.4	0.5	0.6	1	1.3	0.6	0.5
05.02.2019	0	0.8	0	0	0	0.2	0.5	0	0
06.02.2019	0	0	0	0	0	0	0	0	0
07.02.2019	10.6	6.6	8.2	10.1	10.2	8	7.8	10.2	9.9
08.02.2019	0	3	0.5	0	0	0.5	0.1	0	0
09.02.2019	0.5	3.2	3.6	0.8	0	1.4	3.5	0	2.2
10.02.2019	0	0.1	0	0	0	0.1	0.1	0	0
11.02.2019	3.2	2.7	2	2	4	3.8	2.2	4	1.4
12.02.2019	10.7	13.8	12.8	11.5	19	16.5	10.4	19	11.5
13.02.2019	16.2	16.4	14.2	14.7	19.1	19.2	17.8	19.1	14.1
14.02.2019	0.3	1.9	1.8	0.9	1.1	3.9	3	1.1	0.9
15.02.2019	6.8	3.7	3.3	4.8	6.7	6.5	6.6	6.7	5.2
16.02.2019	3.8	2.4	4.5	4.7	6.7	2.7	2.8	6.7	5.3
17.02.2019	6.4	3.8	5	7.1	5.6	4.5	3.5	5.6	6
18.02.2019	0.1	0.5	0.8	0.1	0.2	0.4	1	0.2	0
19.02.2019	0.8	0.8	0.1	0.1	0.4	2.3	3.4	0.4	0.1
20.02.2019	4.4	3.4	4.3	3.7	5.3	3.9	3.2	5.3	4.3
21.02.2019	6.9	4.9	6.2	7.3	8.2	5.4	5.5	8.2	6.6
22.02.2019	1.4	2.9	1.5	1.5	1.1	2.6	2.3	1.1	1.1
23.02.2019	0.1	0.2	3.5	1.1	4.6	2.6	2.2	4.6	1.9
24.02.2019	7.7	2	3.6	4.5	4.9	3	3.5	4.9	4.1
25.02.2019	0.1	2.1	1.6	0.3	0	1.4	1.3	0	1.1
26.02.2019	1.6	1.2	1.6	2.1	2.9	1.6	1.7	2.9	2.2
27.02.2019	0	0	0	0	0	0	0	0	0
28.02.2019	6.3	5.6	4.8	5.7	9.9	8.1	5.8	9.9	5.4
01.03.2019	0.7	0.4	1.2	0.4	0.1	0.3	0.1	0.1	0.2
02.03.2019	0.2	0	0.7	0.2	0.1	2.1	0	0.1	0.1
03.03.2019	1.6	2.4	2.3	2.1	2.7	1.5	1.6	2.7	1.6
04.03.2019	1	2.3	2.8	0.8	0.5	1.8	2.7	0.5	2
05.03.2019	0	0	0	0	0	0	0	0	0
06.03.2019	0.7	1.1	0.5	0.8	0.9	1	1	0.9	0.5
07.03.2019	0.4	1.7	2	0.2	0	0.1	1	0	0.9
08.03.2019	4.3	3.5	4.6	4.1	2.6	3.3	3.8	2.6	4.8
09.03.2019	1.2	1.9	1.5	1	3.3	2.7	2.3	3.3	1.5
10.03.2019	0	0	0	0	0	0	0	0	0
11.03.2019	0.7	0.9	2	0.8	0.1	2.4	2.1	0.1	0.2
12.03.2019	0	0.8	0	0	0	0.8	0	0	0
13.03.2019	0.3	6	5	0.2	0	1	1.8	0	1
14.03.2019	1.9	1.7	1.3	1	1.4	2	2.6	1.4	1
15.03.2019	0	0	0	0	0	0	0	0	0
16.03.2019	1.6	0.4	0.8	0.5	0.4	0.8	1.3	0.4	0.7
17.03.2019	0.3	1.7	0.8	0.6	0	2.2	1.3	0	0.1
18.03.2019	1.5	1	0.6	0.4	1	1.7	1.8	1	0.1
19.03.2019	0.8	0.4	0.1	0.3	0.2	1.3	0.7	0.2	0.2
20.03.2019	7	5.1	5.9	6.5	5.7	5.1	4.8	5.7	6.5
21.03.2019	22.3	15.5	17.3	17.4	16.1	15.2	16.1	16.1	17.9
22.03.2019	2.2	2.3	3.1	2.5	2.3	2.4	3	2.3	3.2
23.03.2019	26.2	14.3	17.9	20.1	14.2	16	18.5	14.2	20.1
24.03.2019	20.9	17	19.4	17.3	18.4	15	16.8	18.4	19.9
25.03.2019	5.9	2.6	3.5	3.5	2.9	4.1	4.6	2.9	3.6
26.03.2019	1.3	1.7	1	1	2	2.3	1.3	2	0.8
27.03.2019	5.7	4.8	4.6	5.6	6.3	5.2	6.3	6.3	5
28.03.2019	0.4	1.2	0.1	0.7	0.3	0.9	0.1	0.3	0.3
29.03.2019	14.1	8.8	5.9	8.7	11.7	8.5	8.4	11.7	9.6
30.03.2019	45.9	19.9	21.7	28.6	23.5	23.2	22.1	23.5	24.5
31.03.2019	13.4	9.9	10.6	14.5	16.7	13.2	11.2	16.7	12.2
01.04.2019	4.7	2.4	2.7	3.3	5	3.2	2.7	5	2.5
02.04.2019	0.7	0.1	1.8	0.5	0	2.4	2.2	0	0.6
03.04.2019	0.1	0	0.1	0.1	0	0	0	0	0.1
04.04.2019	0	0	0	0	0	0	0	0	0
05.04.2019	0	0	0	0	0	0	0	0	0
06.04.2019	0	0	0	0	0	0	0	0	0
07.04.2019	0	0.1	0.4	0	0	0.4	0.4	0	0
08.04.2019	0	0	0	0	0	0	0	0	0
09.04.2019	0	0	0	0	0	0	0	0	0
10.04.2019	0	0	0	0	0	0	0	0	0
11.04.2019	0	0	0	0	0	0	0	0	0
12.04.2019	0	0	0	0	0	0	0	0	0
13.04.2019	0	0	0	0	0	0	0	0	0
14.04.2019	0	0	0	0	0	0	0	0	0
15.04.2019	0	0	0	0	0	0	0	0	0
16.04.2019	0	0	0	0	0	0	0	0	0
17.04.2019	0	0	0	0	0	0	0	0	0
18.04.2019	0	0	0	0	0	0	0	0	0
19.04.2019	0	0	0	0	0	0	0	0	0
20.04.2019	0	0	0	0	0	0	0	0	0
21.04.2019	1.1	0	0.9	0.7	0.6	1.3	0.8	0.6	0.9
22.04.2019	3.6	2.3	2.5	2.9	4.2	2.8	3.3	4.2	3
23.04.2019	0	0	0	0	0	0	0	0	0
24.04.2019	0	0	0	0	0	0	0	0	0
25.04.2019	0	0	0	0	0	0	0	0	0
26.04.2019	1.2	0.5	2.3	0.1	0	1.2	2.3	0	1.5
27.04.2019	0	0	0	0	0	0	0	0	0
28.04.2019	0.8	0.4	0.7	0.5	1.1	0.3	0.3	1.1	0.5
29.04.2019	0.1	0	0	0.2	0	0	0	0	0.2
30.04.2019	0.1	0.1	0	0.1	0	0.1	0	0	0.1
01.05.2019	0	0	0	0	0	0	0	0	0
02.05.2019	6.5	11.9	11.1	6.7	15.3	17.4	10.8	15.3	7.5
03.05.2019	8.3	10.8	8.4	8.3	15.4	16	9.8	15.4	7.3
04.05.2019	3.6	5	4	2.3	5.6	6.4	4.7	5.6	2.6
05.05.2019	2.9	9.1	2.6	2	13.6	9.1	5.8	13.6	1.6
06.05.2019	3.9	3.2	3.4	3.6	4.2	4.4	3.3	4.2	3.7
07.05.2019	0.2	0.7	0.1	0.2	0.1	1.1	0.1	0.1	0
08.05.2019	0	1.7	0.5	0.1	1.6	0.9	0.8	1.6	1.3
09.05.2019	0.5	0	0	0.1	0	0	0	0	0
10.05.2019	0.8	4.8	4.6	0.7	2	2	3.4	2	2.5
11.05.2019	15.5	14.3	18.3	16.3	17.5	15.3	13.4	17.5	19.1
12.05.2019	0.4	1	0.8	0.1	0.7	1.2	1.1	0.7	1
13.05.2019	2.1	1.7	0.8	1.1	1.5	1.9	1.9	1.5	0.4
14.05.2019	0.2	0.6	0.1	0.1	0	0.6	0.4	0	0.1
15.05.2019	0.1	0	0	0.1	0	0	0	0	0
16.05.2019	0.1	0	0	0.1	0	0	0	0	0.1
17.05.2019	0	0	0	0	0	0	0	0	0
18.05.2019	0.1	0	0	0.1	0	0	0	0	0
19.05.2019	1.4	0	0.1	0.1	0	0.1	0.8	0	0.4
20.05.2019	0	0.1	1	1.3	0	0.1	0.7	0	1.4
21.05.2019	0.3	1.4	1.9	0.6	0	1	0.6	0	1.4
22.05.2019	1.9	1.3	1.5	1.5	1.2	0.7	1	1.2	1.4
23.05.2019	10.3	7.9	10.8	8.8	6	5.6	7.3	6	11.1
24.05.2019	0.3	0.1	1.1	0.4	0	2.4	0.7	0	0.2
25.05.2019	0	0.7	0.9	0.4	1.5	0.8	0.6	1.5	0.9
26.05.2019	0.8	2.2	2.1	0.7	1.3	2.5	2.1	1.3	2.1
27.05.2019	0	0.9	1.4	1.3	0	1.1	1.1	0	1.6
28.05.2019	0	3.2	3	0.6	0	3.5	1.6	0	2.5
29.05.2019	0.7	0.8	1	0.7	0.9	1.3	1.2	0.9	0.9
30.05.2019	22.3	3.1	5.4	8.5	6.1	4.6	5.9	6.1	4.9
31.05.2019	14.9	12.1	12.5	15.9	18.2	13.4	12.5	18.2	14.1
01.06.2019	4.2	3.2	3.2	2.9	2.9	2.9	3.5	2.9	3.1
02.06.2019	2.3	2.5	2.3	2.3	2.3	2.5	3.3	2.3	2.2
03.06.2019	7.9	5.4	7.6	6.4	7.4	5.5	7	7.4	7.8
04.06.2019	0.6	2.3	1.9	0.1	0.5	1.8	3.1	0.5	0.5
05.06.2019	2.1	1.2	1.4	0.7	1.6	1.9	2.7	1.6	1.1
06.06.2019	1.1	1.9	2.3	0.8	1.1	1	1.9	1.1	1.9
07.06.2019	4.6	5	5.5	4	4.7	4.5	5.9	4.7	4.2
08.06.2019	2.5	3.1	4.3	2.2	2.4	2	4.3	2.4	3.6
09.06.2019	3.8	4.1	3.7	2.5	3.6	3.1	2.9	3.6	3.5
10.06.2019	2.1	2.7	2.6	2.6	3.8	3.1	3.3	3.8	2.5
11.06.2019	0.4	0.1	1	0.5	1.1	1.1	1.4	1.1	0.9
12.06.2019	0	0	0	0	0	0	0	0	0
13.06.2019	0.9	3.1	3	0.9	1.4	1.1	2.5	1.4	2.1
14.06.2019	0.3	1.7	2.8	0.7	0.2	0.9	2	0.2	2
15.06.2019	0	2.1	0.5	0	0	0.1	1.6	0	0
16.06.2019	1.2	2.3	4.1	0.4	0	0.2	2	0	4
17.06.2019	7.8	9.4	12.6	9.2	9.1	7.6	8.5	9.1	11.7
18.06.2019	9	8.3	10.9	7.9	11	7.3	10	11	9.9
19.06.2019	11	6.1	9.3	9.8	10.7	7.4	7.5	10.7	10.2
20.06.2019	1	0.2	1.6	0.8	1.3	1.2	1.2	1.3	1.1
21.06.2019	4.8	4.5	7.1	6.7	5.3	4.6	4.9	5.3	7.1
22.06.2019	9.2	6.3	7.1	6	3.7	5.3	4.8	3.7	7.1
23.06.2019	7.9	4.9	4.7	7.3	3	6	5.7	3	5.1
24.06.2019	1.8	2.2	2.6	2.2	2.4	2.3	2.5	2.4	2.3
25.06.2019	2.4	3.8	4.2	2.9	2.9	3.1	3.6	2.9	4.2
26.06.2019	1.2	1.8	2.7	1.9	1.1	1.1	1.9	1.1	2.7
27.06.2019	0	0	1.8	0.1	0	0	2.8	0	1.9
28.06.2019	0	0	0	0	0	0	0	0	0
29.06.2019	0	0	0	0	0	0	0	0	0
30.06.2019	7.7	6.1	6.7	6.5	7	6.7	5.6	7	7.1
01.07.2019	20.3	16.7	17.3	20.3	23.5	19.7	18.9	23.5	18.9
02.07.2019	9.6	8	11.1	12	11.9	10.5	9.2	11.9	13.2
03.07.2019	10.6	6	6.9	12	8.1	9.1	7.4	8.1	10.1
04.07.2019	15.6	7.6	7.1	11.5	7	10	10.8	7	9
05.07.2019	0.9	4.2	4.3	2.1	3.8	7.3	4.6	3.8	2.8
06.07.2019	0	1.9	1.4	0.5	1.6	2.1	2.3	1.6	1.5
07.07.2019	0.3	2.5	1.5	0.2	0.1	1.1	0.8	0.1	0.2
08.07.2019	0	0.7	0	0	0	0	0	0	0
09.07.2019	0	0	0	0	0	0	0	0	0
10.07.2019	0	0	0	0	0	0	0	0	0
11.07.2019	0.1	0	0.1	0.1	0	0.1	0.1	0	0.1
12.07.2019	0	0	0	0	0	0	0	0	0
13.07.2019	0	0	0.1	0	0	0.1	0.1	0	0
14.07.2019	0	0	0	0	0	0	0	0	0
15.07.2019	0.1	0.1	0.5	0.1	0	0.7	0.3	0	0.1
16.07.2019	0.1	0.7	1.4	1.4	0.1	2.8	0.6	0.1	0.1
17.07.2019	0	0	0	0	0	0	0	0	0
18.07.2019	0.1	0	0	0.1	0	0.2	0.2	0	0
19.07.2019	1.4	0.6	1.3	1	3.3	3.2	4.4	3.3	0.8
20.07.2019	2.4	1.5	1.7	2	1.7	1.8	2.2	1.7	1.7
21.07.2019	3.5	1.5	3.4	1.8	2.6	1.1	6.4	2.6	2.9
22.07.2019	5.9	3.9	4.2	4	6.7	6.7	8.8	6.7	3.5
23.07.2019	2.3	1.9	2	2.2	2.3	2	2.4	2.3	2.1
24.07.2019	0.1	0	0.2	0.1	0.1	0.1	0.1	0.1	0.1
25.07.2019	0.1	0	0	0.1	0	0	0	0	0
26.07.2019	0	0.1	0	0	0	0.1	0.1	0	0
27.07.2019	0	0	0	0	0	0	0	0	0
28.07.2019	0.1	0.2	0.1	0.1	0	0.2	0.2	0	0
29.07.2019	0	0.1	0	0	0	0	0	0	0
30.07.2019	0.4	0.3	0.3	0.5	0.2	1	0.9	0.2	0.3
31.07.2019	72.3	23.3	26.7	46.6	23.4	19.9	18.3	23.4	31.7
01.08.2019	2.4	1.1	0.9	0.8	0.1	1.1	1.2	0.1	0.4
02.08.2019	0	0	0	0	0	0	0	0	0
03.08.2019	0	0	0	0	0	0	0	0	0
04.08.2019	0.1	0	0	0.1	0	0	0	0	0.1
05.08.2019	0	0	0	0	0	0	0	0	0
06.08.2019	0	0	0	0	0	0	0	0	0
07.08.2019	27.9	10.8	11.5	18.6	10.2	13.6	13	10.2	13.1
08.08.2019	1.5	3.8	3.9	3.1	8.1	4	4	8.1	5.5
09.08.2019	0	5.4	5.1	0	4.5	2.6	3.2	4.5	3.1
10.08.2019	2	0.8	1.1	0.1	0	0.5	0.8	0	0.9
11.08.2019	0.4	0.3	0.1	0.4	0.1	1.7	1.4	0.1	0.1
12.08.2019	4.3	5.3	5.3	4.4	7.2	8	7.9	7.2	4.3
13.08.2019	5	4.5	7.6	5.8	4.2	4.8	6.2	4.2	7.8
14.08.2019	8.4	6	7.8	8.6	10.6	6.8	6.3	10.6	8.7
15.08.2019	0.5	0	0.4	0.1	1.2	1.5	1.6	1.2	0.1
16.08.2019	5.2	4.1	4.5	4.3	5	3.8	4.4	5	4.5
17.08.2019	1.3	0	0.7	0.6	1.2	1.4	2.1	1.2	0.7
18.08.2019	9.3	4.8	8.4	7.6	10.5	5	7.9	10.5	8.1
19.08.2019	0.2	0	0.3	0.1	0.5	0.3	1	0.5	0.2
20.08.2019	23.8	7.3	12.7	14.8	18.5	9.7	12.7	18.5	12.8
21.08.2019	5.8	2.6	4.5	6.7	5	3.2	3.7	5	6.5
22.08.2019	0	0.8	1	0	0.9	0.8	0.8	0.9	0.4
23.08.2019	8.7	5.6	7.1	8.4	6	6.4	7.1	6	8.2
24.08.2019	2.9	1.9	2.1	3.2	3.3	2.8	2.7	3.3	2.7
25.08.2019	1.7	1.7	2.7	1.8	2.9	2	1.4	2.9	2.1
26.08.2019	0	0.7	0.5	0	0.7	0.7	0.4	0.7	0
27.08.2019	0	0.1	0	0	0	0	0.1	0	0
28.08.2019	0	0.1	0	0	0	0	0	0	0
29.08.2019	18.8	8	12.6	16	14.5	10	13	14.5	14.6
30.08.2019	8	5.1	7.7	9.7	10.3	6.7	7.2	10.3	9.5
31.08.2019	18.6	9.9	16.3	18.3	17.5	13.1	13.4	17.5	19.6
01.09.2019	7.2	4.2	6	8.5	7.5	4.5	4.3	7.5	7.6
02.09.2019	2.1	1.1	1.4	1.4	1.7	1.7	1.7	1.7	1.3
03.09.2019	0.1	1.6	2.5	0.7	0.2	1.4	3.8	0.2	1.7
04.09.2019	0.1	0.6	0.1	0.1	0.6	1.1	1	0.6	0.1
05.09.2019	14.8	11.5	12.3	12.8	10.2	10.6	12	10.2	12.3
06.09.2019	1.5	3.9	2.4	2.7	6.9	6.9	5	6.9	2.7
07.09.2019	4.8	3.6	4	3.3	3.8	4.5	4	3.8	3.9
08.09.2019	0	0.8	0.6	0	1.5	1.5	1	1.5	0.4
09.09.2019	0	0	0	0	0	0	0	0	0
10.09.2019	0	0.2	0	0	0	0.1	0.1	0	0
11.09.2019	0	0.1	0.4	0.2	0	0.1	0.1	0	0.2
12.09.2019	15.4	5.4	8.1	12.4	13.9	7.8	8.8	13.9	10.3
13.09.2019	25.6	20.4	21.3	22.9	27.8	23	20.8	27.8	24.2
14.09.2019	25.7	20.4	24.3	28.3	31.8	21.7	22.4	31.8	26.9
15.09.2019	46.4	30	36.8	34.8	36.8	31.1	29.2	36.8	40.1
16.09.2019	43.9	41.1	46.7	50.4	54.2	43	31.2	54.2	49.3
17.09.2019	9.6	5.1	5.2	7.2	8.4	8.1	9	8.4	6.2
18.09.2019	15.4	12	12.8	13.2	20.3	15.2	11.1	20.3	10.1
19.09.2019	5	12.3	8.7	4.2	9.6	15.4	10.6	9.6	5.6
20.09.2019	4.3	6.7	3.8	4.4	6.4	7.6	6.5	6.4	3.3
21.09.2019	0.4	2.4	0.1	0.3	0.1	1.6	0.1	0.1	0.1
22.09.2019	0	0.3	0	0	0	0.1	0.2	0	0
23.09.2019	0	0.1	0	0	0	0.1	0.1	0	0
24.09.2019	0	0.4	0.2	0	0	0.1	0.1	0	0
25.09.2019	0	0.2	0.1	0.1	0	0.1	0.1	0	0.1
26.09.2019	0	0.8	0.2	0.1	0	0.4	0.2	0	0.2
27.09.2019	0	3.3	1.9	0.2	0	2.4	3	0	1.6
28.09.2019	0.1	1.6	0.1	0.1	0.3	2.1	2.2	0.3	0.1
29.09.2019	0	0.1	0	0	0	0.2	0.4	0	0
30.09.2019	2	4.9	4.1	1.7	4.3	6.3	4.9	4.3	3.8
01.10.2019	26.1	33.9	35.4	31.6	36.7	36.1	26.5	36.7	33.4
02.10.2019	9.1	10.9	9.5	9.2	14.7	12.7	9.3	14.7	8.8
03.10.2019	1	1.8	2.4	2.4	1.8	1.4	1.7	1.8	2.9
04.10.2019	0	0.2	0.1	0	0	0.6	1.7	0	0.1
05.10.2019	0	0.1	0.1	0	0	0.1	0.1	0	0.1
06.10.2019	0	0	0	0	0	0	0	0	0.1
07.10.2019	0	0.1	0.1	0	0	0.1	0.1	0	0.1
08.10.2019	1.6	1	0.8	1.6	0.7	1.5	1.5	0.7	0.8
09.10.2019	1.5	1.1	0.4	1.4	1	1	0.3	1	0.5
10.10.2019	1	0.9	1	0.1	0	0.8	0.8	0	0.7
11.10.2019	3.9	1.7	2.4	2.1	2.4	2	2.6	2.4	2.3
12.10.2019	8.2	8.3	8.7	8.6	10.7	9.6	9.9	10.7	8.8
13.10.2019	3.6	2.9	3.7	4.5	3	3.6	3.4	3	4.3
14.10.2019	0	0	0	0	0	0	0	0	0
15.10.2019	0.5	0.1	0.1	0.3	0.2	0.2	0.1	0.2	0.1
16.10.2019	0	0	0	0	0	0	0.1	0	0
17.10.2019	0	0.6	0.1	0	0	0.2	1.1	0	0
18.10.2019	3.2	1.8	2.5	3.1	1.6	2.2	2.2	1.6	2.7
19.10.2019	0	0	0	0	0	0	0	0	0
20.10.2019	0	0	0	0	0	0	0	0	0
21.10.2019	0	0	0.3	0	0	0.2	0.1	0	0.1
22.10.2019	5.6	2.7	3.2	3.6	2.9	4.8	5.5	2.9	3.1
23.10.2019	19.6	9.9	12.5	19	20.1	14.1	10.8	20.1	15.5
24.10.2019	1.2	0	1.2	0.5	0.1	1.2	1.5	0.1	0.1
25.10.2019	6.7	6.6	8.4	8.6	10.7	7.7	8.8	10.7	8.6
26.10.2019	2.4	1	0.1	1	0.1	2	1.6	0.1	0.1
27.10.2019	0	0	0	0	0	0	0	0	0
28.10.2019	0.1	2.1	0.1	0.5	2	4.3	1.4	2	0.1
29.10.2019	0	3.2	3	2	6	4.1	1.5	6	3.7
30.10.2019	0.5	0.4	0.1	0.4	0.6	1.1	1.2	0.6	0.1
31.10.2019	19.3	13.1	20.8	23.1	22.8	16.9	14.5	22.8	19.3
01.11.2019	0.6	2.4	0.7	0.7	4.6	3.2	1.6	4.6	0.7
02.11.2019	0	0	0	0	0	0	0	0	0.1
03.11.2019	0	0	0	0	0	0	0	0	0
04.11.2019	0	0	0	0	0	0	0	0	0
05.11.2019	0	0	0	0	0	0	0	0	0
06.11.2019	0	0	0	0	0	0	0	0	0
07.11.2019	0.8	0.8	1.1	0.4	0	0.7	0.9	0	0.8
08.11.2019	0.6	0	0.3	0.1	0	0.3	0.6	0	0.3
09.11.2019	0	0	0	0	0	0	0	0	0
10.11.2019	0	0	0	0	0	0	0	0	0
11.11.2019	0	0	0	0	0	0	0	0	0
12.11.2019	0	0	0	0	0	0	0	0	0
13.11.2019	1.4	1.2	1.3	1.3	1.2	1.5	1.6	1.2	1.2
14.11.2019	0.8	0.1	2	1.4	2.8	2.3	2.5	2.8	1.6
15.11.2019	0	0	0	0	0	0	0	0	0
16.11.2019	0	0	0	0	0	0	0	0	0
17.11.2019	0	0.1	0	0	0	0	0.1	0	0
18.11.2019	0	0	0	0	0	0	0	0	0
19.11.2019	5	8.7	7	5.4	6.1	7.7	8.4	6.1	6
20.11.2019	1.4	3.5	4.7	1.3	2.5	2.5	2.7	2.5	4.6
21.11.2019	0	0	0	0	0	0	0	0	0
22.11.2019	0	0.4	0	0	0	0	0.1	0	0
23.11.2019	0	4.2	0	0	0	0	0.4	0	0
24.11.2019	0	0.6	0	0	0	0	0.1	0	0
25.11.2019	0	0	0	0	0	0	0	0	0
26.11.2019	0.5	1.1	1.1	0.6	1.1	1	0.9	1.1	1
27.11.2019	0	0.4	0	0	0	0	0.2	0	0
28.11.2019	0	1.8	1.4	0	0	0.4	0.3	0	0
29.11.2019	2.3	3.1	3.6	1.7	5.9	4.4	2.8	5.9	1.7
30.11.2019	13.5	15	11.9	11	20.3	21.6	11.4	20.3	10.9
01.12.2019	1.5	1.6	0.3	0.7	1.1	2.2	1.3	1.1	0.1
02.12.2019	8.7	10.4	11.9	9	16.6	10.6	9.1	16.6	10.6
03.12.2019	12.6	9.3	10.2	8.6	9.8	9.4	8.7	9.8	9
04.12.2019	10.6	10.1	10.1	11.1	11.5	10.7	9.4	11.5	10
05.12.2019	32.9	16.8	25.6	29	27.8	18	18.6	27.8	29
06.12.2019	25.5	24.7	26.5	24.4	23.6	22.4	22.1	23.6	26.7
07.12.2019	2.6	4.7	4.9	3.1	3.9	4.1	5.5	3.9	5
08.12.2019	4.3	5.3	5	3.5	5.9	5.4	4.8	5.9	4.2
09.12.2019	14.6	12	13.8	11.5	8.3	8	8.7	8.3	14.7
10.12.2019	5.1	3.8	3.9	4.4	9.2	5.6	3.5	9.2	3.9
11.12.2019	15.5	10.5	15.1	16.7	15.1	9.3	13	15.1	17.5
12.12.2019	13.5	6.4	7.4	11	5.8	6.4	7.5	5.8	8.2
13.12.2019	1.4	0.7	0.1	0.1	0.1	3.1	2.2	0.1	0.3
14.12.2019	0	0.1	0	0	0	0	0	0	0
15.12.2019	0	0	0	0	0	0	0	0	0
16.12.2019	0.8	0	4.4	2.1	2.5	0.8	2.6	2.5	2.2
17.12.2019	0.8	2.5	2.4	1	0.9	1.4	1.3	0.9	1.2
18.12.2019	3.4	2.1	2.3	2.7	2.5	3.7	2.1	2.5	2.2
19.12.2019	3.6	2.1	2.4	2.6	0	0.7	1.4	0	3.8
20.12.2019	4.6	6.7	8	5	4.6	4.9	8.2	4.6	6.5
21.12.2019	2.8	7.5	8.2	4.5	5.3	5.8	6	5.3	7.1
22.12.2019	0	0.2	0	0	0	0.1	1.7	0	0
23.12.2019	0	0	0	0	0	0	0	0	0
24.12.2019	0	0	0	0	0	0	0	0	0
25.12.2019	0	0.6	0.9	0	0	0.1	0.1	0	0
26.12.2019	1.5	1.9	0.7	0.9	3	2.4	1.9	3	0.4
27.12.2019	0.8	0.1	0.7	0.1	0	0.4	0.5	0	0.5
28.12.2019	1.2	0.9	0.5	0.1	0	0.6	1.4	0	0.7
29.12.2019	3.3	4.6	6.1	2.2	4.6	4.7	7.3	4.6	6.2
30.12.2019	80.6	36.4	46.1	50.8	54.3	33.5	33.4	54.3	48
31.12.2019	19.3	16.7	17.6	17.6	21.7	21	16.4	21.7	16.5
01.01.2020	8	4.2	3.5	6	6.3	5.3	4.4	6.3	4.5
02.01.2020	6.5	3.6	4.1	4.3	5.6	4.4	4.4	5.6	4.3
03.01.2020	41.9	18.5	26.4	29.5	20.3	19.3	22.6	20.3	27.8
04.01.2020	17.6	23	21.6	16.8	18.7	20.4	20.5	18.7	20.1
05.01.2020	8.3	7.9	8.5	7	9.9	8.3	7.5	9.9	8.4
06.01.2020	26.8	17.9	20.1	22.8	19.8	20.3	17.2	19.8	21.7
07.01.2020	2.6	3.5	2.9	2.2	3.4	3.9	4.3	3.4	2.3
08.01.2020	32.4	24.7	31.9	30.6	26.5	24.7	20.4	26.5	36.9
09.01.2020	14.6	13.9	14.9	11.8	11.6	13.6	12.6	11.6	13.7
10.01.2020	0.1	0	1.7	0.1	0	0	2.6	0	0.5
11.01.2020	1.1	2.1	0.1	0.1	3	2.6	2.5	3	0.1
12.01.2020	22.7	31.9	33.8	34.3	41.1	33.2	28.8	41.1	37.4
13.01.2020	12.7	1.9	18.4	14	17.5	13.9	14.6	17.5	19.7
14.01.2020	4.9	0	3.2	3.3	0.9	0.4	3.3	0.9	0.6
15.01.2020	15	7.8	7.7	11	8.9	11.5	11.4	8.9	8.1
16.01.2020	10.3	0.6	9.8	11.6	14.2	11.1	12.6	14.2	11.6
17.01.2020	8.7	6.1	8.1	9.9	13.3	8	7.3	13.3	10.8
18.01.2020	0.1	0.9	1.3	0.5	0.3	0.1	1.2	0.3	1.1
19.01.2020	23	9.7	8.6	16.5	16.7	13.8	7.8	16.7	10.2
20.01.2020	14.1	3.9	6.2	9	8.8	5	5.5	8.8	6.8
21.01.2020	45.9	28.4	29.7	37.3	38.6	35.8	36.6	38.6	32.6
22.01.2020	12.7	16.1	13.3	13.3	20.5	20.9	14	20.5	11.8
23.01.2020	1.5	1.5	0.9	1	1.7	1.5	0.4	1.7	0.6
24.01.2020	27.5	12	16.2	19.6	21.7	15.2	14.1	21.7	17.9
25.01.2020	6.3	6.3	7.9	7.7	9.1	9.2	8.4	9.1	8
26.01.2020	2.6	0.1	1.2	2.3	2.9	3.4	1.8	2.9	1.3
27.01.2020	0	0.5	7	0.1	6.4	3.1	3.3	6.4	6.6
28.01.2020	0	0.3	2.1	0.3	0	2.5	1.9	0	2
29.01.2020	0	0.1	0	0	0	0	0.1	0	0
30.01.2020	0.2	0.7	0.7	0.3	0.6	0.9	0.8	0.6	0.3
31.01.2020	0	0	0	0	0	0	0.1	0	0
01.02.2020	38.7	15.1	22.3	26.7	21	18.8	18.1	21	26.2
02.02.2020	21.9	17.3	19.2	23.2	21.3	18.2	11.3	21.3	21.6
03.02.2020	2.6	7.6	4.9	4.7	12.6	8.2	3	12.6	3.9
04.02.2020	0	0	0	0	0	0	0	0	0
05.02.2020	4.4	4.6	6.4	5.9	12.1	5.9	3.9	12.1	5.4
06.02.2020	17.8	10.9	15.1	20.5	29.8	19.4	12.5	29.8	18.9
07.02.2020	0.8	2.8	1.5	1.5	3.2	3.8	1	3.2	1.3
08.02.2020	0	0	0	0	0	0	0	0	0
09.02.2020	1.2	3.8	3.5	3.7	4.2	3.5	3.9	4.2	2.3
10.02.2020	11.5	16.3	14	11.1	15.3	17	18.9	15.3	11.7
11.02.2020	10	7	3.4	6.7	7	10.6	6.7	7	4.2
12.02.2020	11.7	9.6	9.1	11.7	11.3	11.4	10.1	11.3	11.3
13.02.2020	12.5	15.4	6.3	11	30.4	12.6	7.2	30.4	9.3
14.02.2020	2.4	1.8	1.3	2.1	3.8	2.3	1.6	3.8	1
15.02.2020	8.4	5.4	6.7	8.2	8.1	5.7	6.1	8.1	7
16.02.2020	9.8	5.6	8.7	9.5	7.5	5.5	8.4	7.5	8.9
17.02.2020	14.3	10.4	10.7	10.9	10.1	9.1	10.6	10.1	10
18.02.2020	30.9	23.6	28.8	30.1	25.8	19	14.8	25.8	32.4
19.02.2020	14.9	9.9	10	13.9	14.4	10.4	7.2	14.4	14.8
20.02.2020	0	0.2	3.6	0	2.4	3	2.5	2.4	1.8
21.02.2020	15.9	9.5	11.9	14.8	15.9	11.1	10.4	15.9	12.4
22.02.2020	33.2	20.7	28.7	30.9	28.6	20.6	22	28.6	32.9
23.02.2020	20.7	15.5	18.9	20.3	17.5	14.3	13.6	17.5	20.9
24.02.2020	2.1	10.3	6.9	4.6	14.7	11.6	7.4	14.7	5.5
25.02.2020	2.3	1.7	1.4	2.3	3.6	2.2	1.5	3.6	2.2
26.02.2020	0	0	0	0	0	0	0	0	0
27.02.2020	0	0	0	0	0	0	0	0	0
28.02.2020	0.5	0.3	1.8	0.7	1.7	1.6	1.8	1.7	1.5
29.02.2020	3.3	6.1	5.3	4.1	6.7	7.1	6.3	6.7	4
01.03.2020	0	0	0	0	0	0	0.8	0	0
02.03.2020	0	1.8	2.9	0	1.9	0.7	1.4	1.9	1.1
03.03.2020	0.3	0.8	4.1	1.2	0	3.1	2.4	0	0
04.03.2020	0	0	0	0	0	0	0	0	0
05.03.2020	0	0.4	0.5	0	0.5	0.4	0.1	0.5	0
06.03.2020	0	0	0	0	0	0	0	0	0
07.03.2020	0	0.1	0.5	0	0.9	0.5	0.3	0.9	0
08.03.2020	2.8	0.9	7.2	0.1	6	8.2	9.9	6	6.3
09.03.2020	15.9	5	6.7	11.2	3.7	8.5	7.8	3.7	7.8
10.03.2020	1.2	0.1	0.3	0.1	0.1	0.1	0.3	0.1	0.1
11.03.2020	7.2	3.7	5.2	4.4	4.4	5.8	7.4	4.4	5
12.03.2020	23.9	9.7	13.5	22.1	15.7	11.2	11.6	15.7	17.2
13.03.2020	4.6	5.1	4.5	4.2	6.1	6.2	5.7	6.1	3.6
14.03.2020	2.2	1.5	1.5	1.6	2.6	2.4	1.7	2.6	1.5
15.03.2020	0.1	1.1	0.4	1.1	3.2	3	1.5	3.2	0.3
16.03.2020	23.8	13.3	17	19.5	15.7	14.1	14.2	15.7	18.4
17.03.2020	7.2	2.6	5.4	5.8	3.4	4.5	5.7	3.4	6
18.03.2020	18.3	16.6	23.7	21.5	21.2	14.6	15.3	21.2	29.6
19.03.2020	24.1	13.6	16.9	22.8	22.3	16.7	13.8	22.3	20.2
20.03.2020	0	3.1	2.7	0.7	4.3	3.5	1.8	4.3	3
21.03.2020	0	0.4	0.1	0	0	1.4	0.4	0	0
22.03.2020	0.8	0	0.5	0.8	0	0.7	0	0	0.8
23.03.2020	0	0	0	0	0	0	0	0	0
24.03.2020	4.4	5.2	4.1	3	7.1	7	8	7.1	2.7
25.03.2020	23.6	11	14.6	16.1	20	13.5	11.6	20	17.5
26.03.2020	40.6	20.4	26.1	38.3	31.8	24.5	19.4	31.8	32.5
27.03.2020	1	0.7	0.1	0.1	0	1.3	1.8	0	0.1
28.03.2020	2.7	1.4	1.6	1.7	1.6	2.3	1.9	1.6	0.9
29.03.2020	3.5	7.6	3.5	3.3	12.5	7.7	4.8	12.5	2.7
30.03.2020	15.6	8.2	9.7	12.2	16.5	12	8.3	16.5	10.3
31.03.2020	0.9	0.1	2	0.6	0.1	1.6	1.1	0.1	0.7
01.04.2020	2.9	4.6	8.3	6.2	12.3	8.7	8.6	12.3	5.7
02.04.2020	18.8	10.6	11.7	14.8	16.1	13.2	13.6	16.1	12.8
03.04.2020	14	14	10.6	12.2	14.4	12.5	10.5	14.4	11.5
04.04.2020	3.7	9.8	5.5	3.6	9.5	12.2	10.2	9.5	5
05.04.2020	1	8.8	1.8	1.4	5.9	9.7	4.4	5.9	1
06.04.2020	0.3	0.3	0.2	0.1	0.1	0.3	0.6	0.1	0.1
07.04.2020	5.1	2.6	4.4	3.1	5.5	4.2	5	5.5	2.9
08.04.2020	13.4	9.5	9.8	11.7	13.1	10.7	11.1	13.1	11.8
09.04.2020	13	10.2	11.9	13.3	14.5	13.1	13.8	14.5	11.9
10.04.2020	1.1	0.6	1.6	0.9	2.2	4.3	6.4	2.2	1.4
11.04.2020	0	1.1	0	0	0	1.2	3.3	0	0
12.04.2020	7.3	3.2	3.7	5.4	4.9	4.5	5.4	4.9	4.4
13.04.2020	19.1	11.9	13.9	18.4	25.3	18.3	14.2	25.3	15.1
14.04.2020	4.4	5	3.8	3.8	7.8	6.9	4.5	7.8	3.2
15.04.2020	19.4	13.1	15.5	20.5	23	17.7	17.1	23	18.2
16.04.2020	24.6	20.5	18.3	20.5	25.3	28.3	20.5	25.3	17.7
17.04.2020	1.9	2.4	1.7	2	3.2	2.4	1.7	3.2	1.3
18.04.2020	0.3	0.5	0.7	0.2	0	1.3	1.8	0	0.1
19.04.2020	0	0	0	0	0	0	0	0	0
20.04.2020	0	0	0	0	0	0	0	0	0
21.04.2020	0	0	0	0	0	0	0	0	0
22.04.2020	0	0	0	0	0	0	0	0	0
23.04.2020	0	0	0	0	0	0	0	0	0
24.04.2020	0.3	0.6	0.3	0.1	0.4	0.5	1.1	0.4	0.2
25.04.2020	0	0	0	0	0.3	0	0	0.3	0
26.04.2020	0	0	0	0	0	0	0	0	0
27.04.2020	0	0	0	0	0	0	0	0	0
28.04.2020	0	0	0	0	0	0	0	0	0
29.04.2020	0	0.1	0.3	0	0	0.2	0.3	0	0.2
30.04.2020	0	0	0.5	0	0.8	0.2	0	0.8	0
01.05.2020	0	0	0	0	0	0	0	0	0
02.05.2020	11.8	5.9	8.5	12.6	12.9	6.5	6.1	12.9	10.8
03.05.2020	3.5	4.5	4.8	4.6	5.8	8.4	6.4	5.8	3.6
04.05.2020	0.9	2.1	2.7	3.1	4.2	3	2.2	4.2	2.5
05.05.2020	0.4	1.7	1.5	0.5	0.8	1.5	1.8	0.8	1.1
06.05.2020	0.6	1.4	1.5	0.3	1.7	1.6	2.5	1.7	0.7
07.05.2020	0.8	3	1.5	0.7	2.2	4.1	3.7	2.2	1.2
08.05.2020	2.2	2	1.3	1	3.8	2.4	2.7	3.8	1.4
09.05.2020	1.5	1.9	1.3	1	1	1.5	1.2	1	0.7
10.05.2020	1.3	2.2	2.1	1.7	0.8	2.6	0.8	0.8	1.2
11.05.2020	2.6	2.7	1.4	0.7	3.2	4.7	4.5	3.2	0.1
12.05.2020	12.4	9.6	8.9	9.5	13.7	9.6	8.5	13.7	9.3
13.05.2020	1.2	2.5	1.7	0.4	0.6	2.4	2.3	0.6	0.8
14.05.2020	2.4	2.9	1.8	2.6	5.3	3.7	2.6	5.3	1.7
15.05.2020	2.2	3.1	4.2	3.4	5.9	3.1	2.4	5.9	3.7
16.05.2020	7.8	6.3	5.7	7.8	8.2	7.6	5.6	8.2	6.6
17.05.2020	10.5	5.9	6	7.8	5	9.4	7.5	5	6.3
18.05.2020	4.2	9.3	8.6	7.5	12.3	10.1	6.8	12.3	7.9
19.05.2020	0	0	0	0	0	0	0	0	0
20.05.2020	0	0	0	0	0	0	0	0	0
21.05.2020	0	0	0	0	0	0	0	0	0
22.05.2020	0	0	0	0	0	0	0	0	0
23.05.2020	0.1	3.2	3.2	1.5	3.9	3.5	5.7	3.9	2.4
24.05.2020	0.4	0	2.3	0.5	1	0.1	1.8	1	0.7
25.05.2020	0	0.8	0.9	0.1	0	0.8	1.1	0	0.8
26.05.2020	0	0	0	0	0	0	0	0	0
27.05.2020	2.2	2	1.8	2.5	2.8	2.3	2.1	2.8	2
28.05.2020	2.8	2.7	3.5	3.9	5.9	3.8	3.3	5.9	3.7
29.05.2020	0.1	0	0	0.1	0.1	0	0	0.1	0.1
30.05.2020	0	0	0	0	0	0	0	0	0
31.05.2020	0	0	0	0	0	0	0	0	0
01.06.2020	0	0	0	0	0	0	0	0	0
02.06.2020	0	0	0	0	0	0	0	0	0
03.06.2020	0	0.1	0	0	0	0	0	0	0
04.06.2020	0	1.1	0.3	0.1	0	0.3	1.5	0	0.1
05.06.2020	0	0	0	0	0	0	0	0	0
06.06.2020	0	0.3	0.1	0.1	0	1.2	1.7	0	0.2
07.06.2020	0.6	1.8	2.6	0.5	1.1	1.6	1.8	1.1	1.7
08.06.2020	0	1.1	0.7	0.3	0	0.6	1.7	0	1.7
09.06.2020	0	0	0	0	0	0	0	0	0
10.06.2020	0	0	0	0	0	0	0	0	0
11.06.2020	0	0	0	0	0	0	0	0	0
12.06.2020	0	0	0	0	0	0	0	0	0
13.06.2020	0	0.1	0.1	0.1	0	0.1	0.1	0	0.1
14.06.2020	0	0	0	0	0	0	0	0	0
15.06.2020	0	0	0	0	0	0	0	0	0
16.06.2020	0	0	0	0	0	0	0	0	0
17.06.2020	0	0.3	0.2	0	0	0.2	0.3	0	0
18.06.2020	0	0	0	0	0	0	0	0	0
19.06.2020	0	0	0	0	0	0	0	0	0
20.06.2020	0	0	0	0	0	0	0	0	0
21.06.2020	2.6	0	1.6	1.4	3	0	0	3	2.2
22.06.2020	7.3	5.2	4.8	5.8	5.1	5	4.5	5.1	5
23.06.2020	0	0	1.2	0.3	0.9	0.6	0.8	0.9	0
24.06.2020	0	0	0	0	0	0	0	0	0
25.06.2020	0	0	0	0	0	0	0	0	0
26.06.2020	0	0	0	0	0	0	0	0	0
27.06.2020	0	0	0	0	0	0	0	0	0
28.06.2020	0.3	0	0	0.1	0	0	1.9	0	0
29.06.2020	2	3.8	3.4	2.7	4.2	4.4	3.7	4.2	2.7
30.06.2020	0	0	0	0	0	0	0	0	0
01.07.2020	3.7	1.9	3.3	4.4	1.7	2.5	3.1	1.7	4.1
02.07.2020	0.1	1.4	1.2	0.1	0	1.4	1.4	0	0.1
03.07.2020	7.6	5	6.1	6.8	7.7	5.7	5.2	7.7	6.9
04.07.2020	0	0	0	0.1	0.1	0	0	0.1	0.3
05.07.2020	0	0	0	0	0	0	0	0	0
06.07.2020	13.1	16.5	12.2	11.7	15.2	16.9	15.4	15.2	10.9
07.07.2020	2.5	12.4	7.5	2.7	8.8	10.6	9.6	8.8	5.6
08.07.2020	0.9	2	1.5	1.9	2.5	2.9	2.2	2.5	1.3
09.07.2020	2.7	0	3.3	4.6	4.2	0.8	0	4.2	4.4
10.07.2020	4	1.4	1.5	2.1	1.4	1.6	1.5	1.4	1.5
11.07.2020	1.7	0	2.6	2.8	3	0.9	0.1	3	3.8
12.07.2020	4.4	0	7.4	6.9	12.3	2.9	0.2	12.3	8.6
13.07.2020	2.4	2.8	3.4	4.1	5.4	3.3	2.4	5.4	3.6
14.07.2020	1.5	1.5	1.5	1.8	1.1	1.5	1.8	1.1	1.5
15.07.2020	0.3	0.1	0.8	0.1	0.7	0.1	0.4	0.7	0.6
16.07.2020	0	0.1	0	0	0	0	0	0	0
17.07.2020	1.3	0.8	0.8	0.9	0.9	0.8	1	0.9	0.9
18.07.2020	6.1	4.1	5.4	6.4	6.9	5.2	4.1	6.9	5.6
19.07.2020	3.2	3.3	3.3	3.2	4.3	3.2	3.7	4.3	2.9
20.07.2020	1.2	0.7	1.1	1	0.9	0.8	0.9	0.9	1.2
21.07.2020	4.6	4.6	5.3	6.2	4.2	5.1	4.9	4.2	5.4
22.07.2020	3.9	5.2	8.1	8.6	10	5.6	4.7	10	8.8
23.07.2020	1.6	2.5	3.2	2.5	5.5	4.4	3.5	5.5	2.7
24.07.2020	0	0	0	0	0	0	0	0	0
25.07.2020	0	0	0	0	0	0	0	0	0
26.07.2020	0	0	0	0	0	0	0	0	0
27.07.2020	10.6	13	11.4	14	12.5	13.3	15.2	12.5	12.2
28.07.2020	0	0	0	0.1	0.6	0	0	0.6	0
29.07.2020	0	0.4	1	0.1	0.7	0.5	1.7	0.7	0.1
30.07.2020	8.5	5.3	3	7.6	9	7.8	5.9	9	3.4
31.07.2020	0	0	0	0	0	0	0	0	0
01.08.2020	0	0	0	0	0	0	0	0	0
02.08.2020	0	0	0.6	0.4	0.5	0	0	0.5	1
03.08.2020	48.5	31	38.9	47.9	43.8	30.4	27.8	43.8	43.5
04.08.2020	7.6	3.5	6.7	8.7	7.8	4.8	3.6	7.8	7.3
05.08.2020	0	0.8	1.9	2.3	2.2	3.1	2.3	2.2	4.2
06.08.2020	11	5.4	4.8	8.4	5.1	5.3	4.9	5.1	5.5
07.08.2020	0	0	0	0	0.2	0	0	0.2	0
08.08.2020	0.4	0.9	0.5	0.5	0.6	0.9	0.7	0.6	0.8
09.08.2020	3.4	6.9	6.3	4.8	5.9	6.9	6	5.9	6.3
10.08.2020	0	0	0	0	0	0	0	0	0
11.08.2020	0	0	0	0	0	0	0	0	0
12.08.2020	0	0	0	0	0	0	0	0	0
13.08.2020	4.3	1	3.4	4.1	2.2	1.7	1.8	2.2	3.3
14.08.2020	3.6	4.6	5.6	5.2	7	6.1	5.9	7	5.1
15.08.2020	0	0	0	0	0	0	0	0	0
16.08.2020	0	0	0.1	0	0.2	0.1	0	0.2	0
17.08.2020	0	0	0	0	0	0	0	0	0
18.08.2020	0	0	0	0	0	0	0	0	0
19.08.2020	0	0	0	0	0	0	0	0	0
20.08.2020	9.1	0	3.7	7.2	6.4	3.5	6.7	6.4	4.8
21.08.2020	0.1	0	0	0.1	0	0	0	0	0
22.08.2020	3.3	6.8	5.3	3.6	6.5	6.9	7.5	6.5	5.2
23.08.2020	32.1	16.2	25.8	31.7	29.3	18.3	16.6	29.3	28.9
24.08.2020	8.2	12.5	10.6	10.5	14.8	10.2	7.9	14.8	12.1
25.08.2020	5	6.3	1.1	4.6	7.8	7.2	3.3	7.8	1.2
26.08.2020	0.2	0	0.1	0.4	0.2	1.7	0.4	0.2	0.1
27.08.2020	0	0	0	0	0	0	0	0	0
28.08.2020	0.1	0	0	0.1	0	0	0	0	0
29.08.2020	0.8	0	1.4	0.8	2	1.8	1.7	2	1.6
30.08.2020	3	3.7	1.7	2.2	1.1	4.1	3.6	1.1	1.7
31.08.2020	0	1.1	0.5	0	0.7	1.9	0.4	0.7	0
01.09.2020	0	0	0	0	0	0	0	0	0
02.09.2020	0	0	0	0	0	0	0	0	0
03.09.2020	0	0	0	0	0	0	0	0	0
04.09.2020	5.8	2.8	4.5	5.4	4.2	3.1	3.8	4.2	4.9
05.09.2020	8.8	3.8	2.9	5	5.1	5.7	5.2	5.1	3.6
06.09.2020	20.1	7.2	10.2	16.3	8.8	8.8	7.6	8.8	11.4
07.09.2020	0	0	1.4	0.9	1.4	0	0	1.4	2.2
08.09.2020	16.6	10.4	13.2	14.8	15.4	10.5	9.1	15.4	14.5
09.09.2020	16.5	12	14	15.5	19.1	11.6	8.7	19.1	14.8
10.09.2020	6.5	13	13.8	9.9	11.9	12.4	11.5	11.9	13.1
11.09.2020	0.2	3.1	2	1.2	1.2	1.5	0.1	1.2	0.9
12.09.2020	17.6	9.5	16.3	15.3	16.2	12.6	12.8	16.2	17.6
13.09.2020	38.5	19.9	25	33.9	24.6	18.4	16.2	24.6	29.7
14.09.2020	1.8	2.7	2	2.5	3.5	2.3	2	3.5	2.4
15.09.2020	8.2	9.3	6.6	7.5	7.9	10.9	9.1	7.9	6.1
16.09.2020	22.6	15.3	17.8	24.5	22.5	20.1	16.2	22.5	19.8
17.09.2020	0.7	0.1	0.1	0.1	0.3	0.2	0.7	0.3	0.3
18.09.2020	0	1.8	1.1	0.3	2	2.2	1.5	2	1.2
19.09.2020	3.3	4.6	6	6.3	9.5	5.5	4.1	9.5	6.3
20.09.2020	0	1	0.3	0.2	0.8	0.8	0.3	0.8	0.6
21.09.2020	0.6	1.9	1.2	1	2.2	2.9	2.1	2.2	0.8
22.09.2020	30.3	16.9	20.1	30.9	26.7	15.2	13.7	26.7	22.1
23.09.2020	3.5	4	3.8	3.9	4.9	4.7	4.5	4.9	3.7
24.09.2020	7.6	7.8	7.8	8.8	7.7	7.5	7	7.7	8.2
25.09.2020	16.6	18.4	18.8	18.2	14.8	16.8	16.6	14.8	18.2
26.09.2020	0.5	0	0.1	0.4	1.3	0.1	0	1.3	0.3
27.09.2020	0	0	0	0	0	0	0	0	0
28.09.2020	0	0	0	0	0	0	0	0	0
29.09.2020	0.2	0	0.5	0.5	0.7	0.7	1.1	0.7	0.4
30.09.2020	10.6	6.9	6.9	8.5	6.2	6.2	5.1	6.2	7.5
01.10.2020	0.1	0.5	0.5	0.1	0.2	0.4	1	0.2	0.1
02.10.2020	0.1	0	0	0.1	0	0	0	0	0
03.10.2020	0	0	0	0	0	0	0	0	0
04.10.2020	0	0	0	0	0	0	0	0	0
05.10.2020	0	2.1	1.5	0.3	0	0.5	1.3	0	0.3
06.10.2020	1.1	0.4	0.7	1.2	0.7	0.7	0.9	0.7	0.8
07.10.2020	0	0	0	0	0	0	0	0	0
08.10.2020	1.1	0.7	0.7	0.8	0.6	0.9	1.1	0.6	0.9
09.10.2020	3.6	1.9	2.4	3.9	3.9	2.7	2.4	3.9	2.7
10.10.2020	3.5	2.5	2.5	2.4	3	3.9	3.3	3	2.8
11.10.2020	0.3	0	0.7	0.6	0.3	0	0	0.3	0.8
12.10.2020	0.9	4.4	3.4	1	2.6	4.3	3.8	2.6	2.4
13.10.2020	0	0.3	0.2	0	0	0.1	0.6	0	0.1
14.10.2020	0	0.1	0.1	0	0	0.1	0.1	0	0.1
15.10.2020	0	0	0	0	0	0	0	0	0
16.10.2020	0	0	0	0	0	0	0	0	0
17.10.2020	0.2	0	1.4	0.2	0.6	0.2	1.6	0.6	0.1
18.10.2020	18.4	19.5	15.1	16.5	15.6	23	19.2	15.6	15.7
19.10.2020	1.2	6.5	8	2.4	8.3	9.5	10.7	8.3	4.9
20.10.2020	0	2	0	0	0	0.2	0.3	0	0
21.10.2020	9.7	11.3	10.8	9.6	11	12	12.8	11	11.1
22.10.2020	5.2	4	4.6	5.1	5.4	4.7	4.3	5.4	4.6
23.10.2020	0.2	1.6	1.3	1.1	1.3	1.2	1.3	1.3	1.2
24.10.2020	0.1	0	0.8	0.2	0.3	0.2	0.5	0.3	0.4
25.10.2020	9.5	10	10.1	10.3	10.5	11.3	14.4	10.5	8.6
26.10.2020	3.6	4	5.2	3.4	4.1	3.2	4.9	4.1	4.5
27.10.2020	0	0	0	0	0	0	0	0	0
28.10.2020	0	0	0	0	0	0	0	0	0
29.10.2020	6.9	3	2	3.4	5.5	4.7	5.8	5.5	1.9
30.10.2020	1.7	1.9	1.4	2	3.4	1.7	1.6	3.4	1.5
31.10.2020	3.6	1.8	2.6	3	3.5	2	2.4	3.5	2.8
01.11.2020	0	3.7	6.4	1.4	0.5	4.8	9	0.5	5.3
02.11.2020	3.8	8.5	7.8	4.4	6.2	6.8	10.8	6.2	5
03.11.2020	5.4	5.2	5.1	5.4	6.8	6.5	4.6	6.8	4.7
04.11.2020	26.3	10.1	10.8	15.6	14.1	11.2	8.9	14.1	14.3
05.11.2020	11.4	4.3	4.1	9.6	10.6	8.9	6.3	10.6	5.7
06.11.2020	3.3	7.7	3	3.4	11.7	5.8	2.2	11.7	4
07.11.2020	0	0	0	0	0	0	0	0	0
08.11.2020	0.7	2.4	1.9	1.8	3.1	2.6	2.5	3.1	1.8
09.11.2020	0.5	0.4	0.1	0.1	0.6	1.6	1.3	0.6	0.5
10.11.2020	0	0.3	0	0	0	0.1	0.1	0	0
11.11.2020	3.4	0.4	1.6	2.5	1.9	1	0.9	1.9	2
12.11.2020	0	0	0.9	0.1	0.3	0.3	0.2	0.3	0.8
13.11.2020	0	0	0	0	0	0	0	0	0
14.11.2020	0	3.4	0.8	0	2.1	3.3	4.4	2.1	0.1
15.11.2020	1.2	1.7	2.3	1.3	1.8	2.4	4.1	1.8	1.8
16.11.2020	3	5.9	7	4.9	3.1	3	4	3.1	5.5
17.11.2020	19.8	6.9	9.7	13	10.5	8.2	8.3	10.5	11.5
18.11.2020	21.1	17.3	19.9	20.2	19.7	17.8	16	19.7	21
19.11.2020	89.3	73.7	84.1	90.4	79.4	81.4	72	79.4	93.6
20.11.2020	19.1	23.6	19.6	18.9	23	22.1	20.7	23	20.2
21.11.2020	6.8	5.8	9.5	7.3	8.7	6.8	8.3	8.7	11.6
22.11.2020	39.1	28.1	30.5	38	29.7	21.8	19.1	29.7	34.7
23.11.2020	14	13.1	20.9	19.7	15.1	23.5	17.6	15.1	17.2
24.11.2020	11.4	6.5	5.6	6.7	9.5	7.2	7.7	9.5	7.3
25.11.2020	40.2	18.4	25.7	31.6	27.6	21	18.3	27.6	30.2
26.11.2020	16.1	10.9	14	16.2	15.4	10.6	9.7	15.4	15.5
27.11.2020	0	0.1	0	0	0	0.1	0.1	0	0
28.11.2020	0	0	0	0	0	0	0	0	0
29.11.2020	0	0	0	0	0	0	0	0	0
30.11.2020	2.5	0	13	0.8	0	0	8.4	0	9.5
01.12.2020	6.8	5.5	7.4	6.5	5.9	5.9	6.7	5.9	7.8
02.12.2020	0	0.8	1	0.8	1.7	1.2	0.9	1.7	1.2
03.12.2020	0.1	1.6	0.4	0.1	0.1	0.7	1.2	0.1	0.1
04.12.2020	0	2.7	0	0	0	0	1.4	0	0
05.12.2020	0	0	0	0	0	0	0	0	0
06.12.2020	0.4	1.8	1.7	0.6	0.6	0.8	1.5	0.6	1.2
07.12.2020	0.7	0.4	0.5	0.6	1	0.4	0.1	1	0.5
08.12.2020	0.2	1.2	0.7	0.2	0	0.8	0.3	0	0.2
09.12.2020	0.9	1.9	0.9	1	0.9	1.8	2.7	0.9	0.7
10.12.2020	0	0	0	0	0	0	0	0	0
11.12.2020	0	0.1	0	0	0	0	0	0	0
12.12.2020	0	0	0	0	0	0	0	0	0
13.12.2020	0	0	0	0	0	0	0	0	0
14.12.2020	0	0	0	0	0	0	0	0	0
15.12.2020	0.5	1.6	1.1	0.1	0	0.5	1.7	0	0.2
16.12.2020	0.1	0	0.9	0.5	0.7	0.6	0.9	0.7	0.5
17.12.2020	0	0.6	1.6	0.1	0	1.1	4.5	0	1.3
18.12.2020	0	4.5	6.1	0	3.2	2.6	5.4	3.2	0
19.12.2020	1.1	1.4	1.3	1	1.6	1.5	1.7	1.6	1
20.12.2020	0.4	0	1.3	1.7	2.6	0.5	2.1	2.6	2.1
21.12.2020	5.2	0	7.3	4.3	7.1	6	11.2	7.1	4.9
22.12.2020	0	4.9	4.8	0	8	5.1	3.3	8	0
23.12.2020	7.1	14.2	10.6	7.5	12.5	13.3	12.7	12.5	9.5
24.12.2020	2.8	5.2	5.6	4	6.4	6.4	4.5	6.4	3.6
25.12.2020	0.7	0.1	1.4	1.1	1.2	0.9	0.1	1.2	1.6
26.12.2020	1.3	2.3	2.3	1.1	1.8	1.5	2.5	1.8	1.9
27.12.2020	0.7	6.3	8	1	0.1	2.8	4.1	0.1	3.7
28.12.2020	0	7.6	3.6	0	0	3.4	6.7	0	0.1
29.12.2020	0	0	0	0	0	0	0	0	0
30.12.2020	0	0	0	0	0	0	0	0	0
31.12.2020	0	0.2	0	0	0	0.1	0.1	0	0
01.01.2021	0.1	0	0	0.2	0	0.1	0	0	0
02.01.2021	2.3	2	2.1	3.2	1.8	2.5	2.2	1.8	2.1
03.01.2021	0.1	1.5	0.2	0	0	1	1.9	0	0
04.01.2021	0	0	0	0	0	0	0	0	0
05.01.2021	0	0	0	0	0	0	0	0	0
06.01.2021	0	0	0	0	0	0	0	0	0
07.01.2021	0	0	0	0	0	0	0	0	0
08.01.2021	0	0	0	0	0	0	0	0	0
09.01.2021	0	0	0	0	0	0	0	0	0
10.01.2021	12.4	8	8.6	9.1	12.2	8.7	9.8	12.2	8.6
11.01.2021	8.1	4.6	5.7	7.4	4.1	4	3.7	4.1	5.6
12.01.2021	5.7	5.4	5.4	4.9	7.2	6.2	5.5	7.2	5.2
13.01.2021	15.4	9.2	8.9	9.5	15.8	12	9.8	15.8	9.1
14.01.2021	0	0	0	0	0	0	0	0	0
15.01.2021	0	0	0	0	0	0	0	0	0
16.01.2021	0	0	0	0	0	0	0	0	0
17.01.2021	0.4	0	0	0.2	0	0.1	0	0	0.4
18.01.2021	0.2	0	3.5	0.4	0	0	3	0	1.5
19.01.2021	0	0.1	0	0	0	0	0	0	0
20.01.2021	0	0	0	0	0	0	0	0	0
21.01.2021	2.2	7.9	10.8	2	6.4	4.5	9	6.4	9.4
22.01.2021	0.9	2.2	2.1	0.2	1.9	0.9	2	1.9	3.2
23.01.2021	1.1	4.5	4.4	1.8	2.6	3.3	5.2	2.6	4
24.01.2021	4.8	3.2	4	3.1	3.8	2.8	2.7	3.8	3.9
25.01.2021	0	0	0	0	0	0	0	0	0
26.01.2021	0.3	0	0.1	0.1	0.2	0.7	0.6	0.2	0.1
27.01.2021	0.2	0.1	0.1	0.6	0.1	0.1	0.1	0.1	0.1
28.01.2021	0	0	0	0	0	0	0	0	0
29.01.2021	0	0	0	0	0	0	0	0	0
30.01.2021	1.3	1.4	1.2	1.9	0.7	1	0.1	0.7	0.4
31.01.2021	15.4	10.2	7.7	7.7	23.5	12	11.3	23.5	10.1
01.02.2021	0	0.9	0	0	0	0.1	0.1	0	0
02.02.2021	0.4	0.7	0.1	0.1	1.5	1.5	0.1	1.5	0.1
03.02.2021	0	0.5	0	0	0	0	0	0	0
04.02.2021	0	0	0	0	0	0	0	0	0
05.02.2021	0	0	0	0	0	0	0	0	0
06.02.2021	0	0	0	0	0	0	0	0	0
07.02.2021	0	0	0	0	0	0	0	0	0
08.02.2021	0.1	0	0	0.1	0	0	0	0	0.1
09.02.2021	0	0	0	0	0	0	0	0	0
10.02.2021	0.1	0.8	0.9	0.4	0.1	0.7	0.1	0.1	0.1
11.02.2021	0	0	0	0	0	0	0	0	0
12.02.2021	0	0	0	0	0	0	0	0	0
13.02.2021	0	0	0	0	0	0	0	0	0
14.02.2021	0	0	0	0	0	0	0	0	0
15.02.2021	0	0	0	0	0	0	0	0	0
16.02.2021	0.4	1.3	1.6	0.6	0.6	1.1	1.5	0.6	1.3
17.02.2021	0	0	0	0	0	0	1.2	0	0
18.02.2021	0	0	0	0	0	0	0	0	0
19.02.2021	0	1.7	1	0	0.9	0.9	0.9	0.9	0
20.02.2021	3.5	0	5.4	2.2	2	3	4	2	2.6
21.02.2021	6.8	6.1	8	4.3	5.1	4	7.2	5.1	6.4
22.02.2021	0.1	1.2	1.2	0.6	1.6	0.9	0.6	1.6	0.9
23.02.2021	19.5	9.8	14.5	20.5	18.7	12.1	9.6	18.7	16.7
24.02.2021	14.5	8.7	13.3	13.4	12.7	9	7.5	12.7	14.8
25.02.2021	12.8	6.5	8.3	9.3	9.8	5	4.7	9.8	8.9
26.02.2021	23.1	21.4	25.9	20.7	23.3	22.4	22.3	23.3	24.3
27.02.2021	0.6	3.5	2.8	0.8	5.5	4.6	4.3	5.5	3.5
28.02.2021	1.4	3.1	2.8	1.7	1.2	0.4	0.5	1.2	2.6
01.03.2021	0.1	0	0.1	0.1	0.4	0	0	0.4	0.1
02.03.2021	10.6	9.5	11.6	13	20.5	10.4	7.5	20.5	10.8
03.03.2021	2	0.1	0.2	0.2	3.1	1.4	0.5	3.1	1.8
04.03.2021	1.9	6.3	5.2	2.1	8.6	4.6	4	8.6	4.8
05.03.2021	4.9	4.8	6.9	4.9	7.9	5.6	6.4	7.9	5.9
06.03.2021	3.8	4.2	6.8	6.7	8.5	5.2	3.9	8.5	7.4
07.03.2021	7.4	10.3	12.8	9.9	14.6	13.5	13.3	14.6	12.9
08.03.2021	0.4	0	1.2	0.1	1.4	2.4	2	1.4	1
09.03.2021	2.1	7	0	4.6	5.5	4.1	4.5	5.5	4.8
10.03.2021	0.1	0.3	0.3	0.1	0.1	0.1	0.1	0.1	0.1
11.03.2021	0	3.5	1.1	0	0	4	4	0	0.1
12.03.2021	2	0	1.9	0.7	0.5	0.1	0.7	0.5	0.2
13.03.2021	2	0	3	1.6	1.2	0	0	1.2	2
14.03.2021	0	0.5	0	0	0	0.1	0.1	0	0
15.03.2021	0	0	0	0	0	0	0	0	0
16.03.2021	2.5	1.5	3.3	2.9	2.5	2.8	2.1	2.5	3.1
17.03.2021	0.2	0.1	0.4	0.2	0.3	0.9	0.9	0.3	0
18.03.2021	0.4	0	0.1	0.3	1.4	1.7	0	1.4	0.1
19.03.2021	0.1	0.2	0.1	0.1	0.1	0.6	0.1	0.1	0.1
20.03.2021	0.4	0	1	0.4	0.9	0.2	1.4	0.9	0.7
21.03.2021	7.1	11.4	10.7	10.5	14.6	13.9	10.1	14.6	11.4
22.03.2021	3	1.7	3.6	2.4	5.2	2.2	2.5	5.2	3.3
23.03.2021	0.7	2.1	2	0.2	1.5	1.7	1.6	1.5	0.9
24.03.2021	1.2	1	0.9	0.8	1.5	1.4	1.8	1.5	0.7
25.03.2021	6.3	2.8	4.4	5.9	5.6	3.5	3.6	5.6	5
26.03.2021	1.2	1.8	1.3	0.7	1.5	1.5	1.1	1.5	0.3
27.03.2021	6.1	2.1	5.4	6.6	5	4.3	4.1	5	5.8
28.03.2021	0.6	0.5	1.3	0.7	0.5	0.5	0.2	0.5	0
29.03.2021	3.1	2.6	5.4	2.6	0.1	2.2	4.6	0.1	5.9
30.03.2021	21.8	13.1	14.5	15.4	16.6	10.2	11.9	16.6	15.6
31.03.2021	9.7	8	10.3	11.1	10.5	8.5	8.6	10.5	11.6
01.04.2021	0	1	0	0	0	0.2	0.3	0	0
02.04.2021	3.2	0.1	3.2	2.5	4.8	4.4	3.5	4.8	2.7
03.04.2021	0.2	0.2	2.1	0.9	2.6	2	1.4	2.6	1.7
04.04.2021	0.2	0.8	1.8	0.4	1.2	1.2	1.1	1.2	0.8
05.04.2021	48.1	36.7	38.9	42.5	42.9	34.5	34.5	42.9	45.5
06.04.2021	23.1	29.1	24.9	22.6	28.5	31.8	30	28.5	23.8
07.04.2021	7.6	7	8.3	8.9	9.2	10.9	8.6	9.2	8.3
08.04.2021	2.9	1.5	3.8	2.6	4.9	7.4	8.6	4.9	3.2
09.04.2021	6.2	4.2	5	5.7	6	4.5	5.9	6	5.2
10.04.2021	13.9	15.9	16.5	14.7	19.8	17.9	15.3	19.8	17.7
11.04.2021	9.3	5.2	7.4	12	11.4	7.3	4.2	11.4	9.3
12.04.2021	0	0	0	0	0	0	0	0	0
13.04.2021	0.2	1.4	1.3	0.6	1.3	1.2	1.3	1.3	0.9
14.04.2021	1.9	0.5	1.6	2.2	3.9	1.8	1	3.9	1.6
15.04.2021	0.1	0.4	0.1	0.1	0.1	0.6	0.3	0.1	0.1
16.04.2021	0	0.1	0	0	0	0	0.1	0	0
17.04.2021	0	0	0	0	0	0	0	0	0
18.04.2021	0	0	0	0	0	0	0	0	0
19.04.2021	0	0	0	0	0	0	0	0	0
20.04.2021	0	0	0	0	0	0	0	0	0
21.04.2021	9.2	5.8	7.3	8	8.6	6.7	6.7	8.6	7.8
22.04.2021	5.4	8.1	5.8	5	6.3	9.2	6.7	6.3	4.7
23.04.2021	3	4.6	3.1	3.6	6.7	4.2	2.4	6.7	3.3
24.04.2021	0.6	0.1	3	1.1	4.5	3.6	3.2	4.5	2.7
25.04.2021	0.3	0	0	0.5	1.1	4.6	0	1.1	0.1
26.04.2021	0	0.1	0	0	0	0	0	0	0
27.04.2021	0	0	0	0	0	0	0	0	0
28.04.2021	0	0	0	0	0	0	0	0	0
29.04.2021	0	0	0	0	0	0	0	0	0
30.04.2021	0	0	0	0	0	0	0	0	0
01.05.2021	0	0	0	0	0	0	0	0	0
02.05.2021	0.1	0	0	0.1	0	0	0	0	0.2
03.05.2021	4	3	4.6	6.6	6	3.7	3.2	6	6.2
04.05.2021	2	0.2	2.3	3.1	4.6	2.8	2.3	4.6	2.9
05.05.2021	0	0	0	0	0	0	0	0	0
06.05.2021	0	0	0	0	0	0	0	0	0
07.05.2021	0	0	0	0.1	0	0	0	0	0.9
08.05.2021	0	0.3	3.1	0	3.9	3.6	3.4	3.9	0
09.05.2021	0.3	0	0.3	0.5	0.3	0.5	0.4	0.3	0.4
10.05.2021	3.8	3.5	3.3	3.6	3.6	3.7	4	3.6	3.6
11.05.2021	2.3	4	3.4	2.4	4	3.9	5.8	4	3.1
12.05.2021	0	0	0	0	0	0	0	0	0
13.05.2021	0	0	0	0	0	0	0	0	0
14.05.2021	0	0	0	0	0	0	0	0	0
15.05.2021	0.3	0	0.6	0.3	0	0	0.9	0	0.3
16.05.2021	9.4	8.5	9.8	13.5	11.3	10.1	7.6	11.3	10.6
17.05.2021	7.7	7.8	9.3	12.7	12.7	7.5	5.3	12.7	10.4
18.05.2021	0	0	0	0	0	0	0	0	0
19.05.2021	2.6	0.1	1.3	3	2.6	0.7	0.1	2.6	2.4
20.05.2021	0.5	2.6	2.5	1.6	1.4	2.6	1.7	1.4	3.2
21.05.2021	3.3	1.5	1.6	3.3	3	2.3	2.3	3	2.1
22.05.2021	0	0	0	0	0	0	0	0	0
23.05.2021	0	0	0	0	0	0	0	0	0
24.05.2021	1	0	2.4	1	1.3	0.7	3.5	1.3	1.7
25.05.2021	0	0	0	0	0	0	0	0	0
26.05.2021	0	0	0	0	0	0	0	0	0
27.05.2021	0	0	0	0	0	0	0	0	0
28.05.2021	0	0	0	0	0	0	0	0	0
29.05.2021	0	0	0	0	0	0	0	0	0
30.05.2021	0	0	0	0	0	0	0	0	0
31.05.2021	0	0	0	0	0	0	0	0	0
01.06.2021	0.1	0	0.1	0.1	0	0.1	0	0	0.1
02.06.2021	0	0	0	0	0	0	0	0	0
03.06.2021	0	0	0	0	0	0	0	0	0
04.06.2021	0	0	0	0	0	0	0	0	0
05.06.2021	0	0	0	0	0	0	0	0	0
06.06.2021	3.2	0	2.9	2.1	3	2.3	2.9	3	2.2
07.06.2021	10.9	3.1	6	6.6	4.3	3.5	3.6	4.3	6
08.06.2021	0	0	0	0	0	0	0	0	0
09.06.2021	0	0	0	0	0	0	0	0	0
10.06.2021	0.3	0.3	0.3	0.2	0.6	0.5	0.9	0.6	0.3
11.06.2021	0.6	0	0.1	0.1	0	0.1	0	0	0.1
12.06.2021	10.9	9	9.2	13.5	14.9	11.5	10.4	14.9	11.7
13.06.2021	4.3	1.9	2.5	5.6	5.1	4.2	3.2	5.1	3.8
14.06.2021	17	6.5	11.4	15.3	15.1	9.6	8.6	15.1	13.1
15.06.2021	4.9	4.5	7.1	5.5	7.5	4.8	5.5	7.5	7.5
16.06.2021	0.3	1.7	2.7	2.1	3.5	2.5	2	3.5	2.3
17.06.2021	12.5	8.8	10.3	13.7	9.8	9.5	9.9	9.8	12.6
18.06.2021	6.4	4.4	5.4	6.3	5.3	4	4.3	5.3	6.2
19.06.2021	1	0.3	0.6	0.6	0.2	0.3	0.3	0.2	0.3
20.06.2021	0.6	1.3	1.9	0.3	1	1.2	4.2	1	1.3
21.06.2021	3.7	6.5	5.3	5.1	5	5.6	5.7	5	5.9
22.06.2021	2	0	0.1	0.4	0	0	0.1	0	0.4
23.06.2021	0	0	0	0	0	0	0	0	0
24.06.2021	0	0	0	0	0	0	0	0	0
25.06.2021	1.4	2	2.2	1.3	2.3	2	1.9	2.3	1.7
26.06.2021	0.5	0	1.1	0.5	0.3	0.6	1.5	0.3	0.5
27.06.2021	0.9	1.3	0.7	0.9	1.5	1	0.9	1.5	0.8
28.06.2021	0	0	0	0	0	0	0	0	0
29.06.2021	0.8	0	0.1	0.3	1	0.6	0	1	0.2
30.06.2021	0	0.1	0	0	0.5	0.8	0	0.5	0
01.07.2021	0	0	0	0	0	0	0	0	0
02.07.2021	0	0	0	0	0	0	0	0	0
03.07.2021	0	0	0	0	0	0	0	0	0
04.07.2021	0.1	0	0.1	0.1	0	0	0	0	0.1
05.07.2021	0	0	0	0	0	0	0	0	0
06.07.2021	0	0	0.2	0.3	0	0	1.9	0	1.1
07.07.2021	0.8	1.1	1	0.4	0.7	0.8	1.5	0.7	0.7
08.07.2021	2	2.2	3.8	3.5	1.3	1.9	1.1	1.3	2.7
09.07.2021	0.3	0.1	0.8	0.1	0.5	0.4	0.7	0.5	0.5
10.07.2021	1	0.1	1.1	1	1	0.3	0.5	1	1.2
11.07.2021	8.4	9	7.3	12.3	8.1	7.1	8	8.1	10.1
12.07.2021	1.4	0.1	0.6	1.8	0.8	0.4	0.3	0.8	0.9
13.07.2021	0	0	0	0	0	0	0	0	0
14.07.2021	1.9	1.9	2.1	2.3	2	2.2	1.9	2	2.2
15.07.2021	0.2	0	0.1	0.1	0.1	0.1	0.1	0.1	0
16.07.2021	0	0	0	0	0	0	0	0	0
17.07.2021	0.1	0	1.1	0.1	0	0	0	0	0.7
18.07.2021	5.7	3.5	5.5	5	6.5	4.8	3.1	6.5	5.7
19.07.2021	0.2	1.2	1.8	0.3	0.1	2	1.7	0.1	1.3
20.07.2021	0	0.7	1.3	0	4.2	1.5	1	4.2	0.8
21.07.2021	0	0.1	0.1	0	0	0.2	0.1	0	0
22.07.2021	0	0	0	0	0	0	0	0	0
23.07.2021	0	0	0	0	0	0	0	0	0
24.07.2021	0	0	0	0	0	0	0	0	0
25.07.2021	0.3	0	0.3	0.2	0	0	0	0	0.3
26.07.2021	0	8.6	9.6	10.3	13.8	5.6	6.1	13.8	12
27.07.2021	0.4	0	0.2	0.2	0	0	0	0	2.7
28.07.2021	0.8	0.3	0.5	0.3	1	0.3	1	1	0.2
29.07.2021	0	2.4	2.1	0	0	0.4	3	0	0
30.07.2021	1.1	2.7	1.9	0.8	2	2.1	2.5	2	1.3
31.07.2021	0	0	0	0	0	0	0	0	0
01.08.2021	0	4	0	0	0	1.2	0.3	0	0
02.08.2021	0	0	0	0	0	0	0	0	0
03.08.2021	0	0	0	0	0	0	0	0	0
04.08.2021	0.1	0	0.2	0.1	0	0.1	0	0	0.2
05.08.2021	0	0	0	0	0	0	0.1	0	0
06.08.2021	0.7	2	1	0.7	0.7	1.3	1.5	0.7	0.7
07.08.2021	0	0	0	0	0	0	0	0	0
08.08.2021	0	0	0	0	0	0	0	0	0
09.08.2021	0	0	0	0	0	0	0	0	0
10.08.2021	1	0	3	2.5	2.6	0.2	2	2.6	3
11.08.2021	7.6	4.1	5.7	9.2	5	2.7	2.2	5	7.3
12.08.2021	5.3	0.4	2.2	4.1	1.5	1.9	1.5	1.5	2.7
13.08.2021	2.6	1.4	2	1.8	1.2	1.4	1.6	1.2	1.9
14.08.2021	11.8	23.9	17.3	13.9	22.5	24.7	23.2	22.5	13.2
15.08.2021	9.6	10.6	10.5	8.8	8.8	9.1	8.6	8.8	9.1
16.08.2021	1.3	4	3.2	1.9	1.8	3.6	4.1	1.8	3
17.08.2021	0.8	0	0.4	0.3	0	0	0.4	0	0.5
18.08.2021	0.4	0.4	0.4	0	0.1	0.2	0.1	0.1	0.3
19.08.2021	1.2	6.6	4.8	3	3.7	4.7	3.8	3.7	4.7
20.08.2021	1.3	4.2	2.8	2	1.2	3.4	1.1	1.2	1.5
21.08.2021	3.3	4	2.5	0.4	0	2.4	0.8	0	1.1
22.08.2021	0.4	0	0	0.3	0	0	0	0	0.4
23.08.2021	0	0	0	0	0	0	0	0	0
24.08.2021	0.2	0.2	0.2	0.2	0	0.1	0.1	0	0.2
25.08.2021	8.5	8.8	8.6	7.3	11.3	12.1	8.4	11.3	7.8
26.08.2021	0.1	0.1	2.4	0.1	0.3	2.5	2.6	0.3	0.7
27.08.2021	0	0	0	0	0	0	0	0	0
28.08.2021	0.1	0	0.1	0.1	0	0	0	0	0.1
29.08.2021	0	0.1	0	0	0	0.1	0.1	0	0
30.08.2021	0	0	0	0	0	0	0.2	0	0
31.08.2021	0	0.1	0	0	0	0.1	0.1	0	0
01.09.2021	0	0	0	0	0	0	0	0	0
02.09.2021	0.3	5.9	3.1	0.8	2.5	7.3	6.6	2.5	2.4
03.09.2021	0.6	1.5	1.8	0.9	1	2.4	0.3	1	0.8
04.09.2021	0.9	1.4	1.3	1.5	1.6	1.4	1.2	1.6	1.5
05.09.2021	0	0	0	0	0	0	0	0	0
06.09.2021	0	0	0	0	0	0	0.2	0	0.1
07.09.2021	6.4	5.8	6.3	6.3	7.9	5.8	5.5	7.9	7
08.09.2021	2.2	1.3	1.8	2.4	2.5	1.8	1.3	2.5	1.9
09.09.2021	7.4	5.2	7.3	7.7	10.6	5.7	3.5	10.6	7.2
10.09.2021	8.1	6	7.3	9.2	5.7	8.6	11.2	5.7	7.2
11.09.2021	10.6	7.3	8.3	11.7	8.6	8.2	8.1	8.6	10
12.09.2021	13.7	15	12.1	12.8	10.8	12.4	12.7	10.8	12.6
13.09.2021	0	0	0	0	0	0	0	0	0
14.09.2021	0.4	0	0	0.4	0	0	0	0	0.4
15.09.2021	0	0	0	0	0	0	0.1	0	0
16.09.2021	0.7	0.1	0.6	0.5	0.2	0.1	0.1	0.2	0.3
17.09.2021	0.9	1.6	1.3	0.9	0.7	1.2	1.8	0.7	1.1
18.09.2021	0.1	0	0	0.1	0	0	0	0	0.1
19.09.2021	0	0.2	0	0	0.6	0.5	0	0.6	0
20.09.2021	0.9	0.4	0.5	0.5	0.5	0.7	0.6	0.5	0.2
21.09.2021	7.5	4.8	6	6.9	8.7	4.9	3.7	8.7	6.5
22.09.2021	4.8	3.1	4.3	4.2	4.8	3.3	3.1	4.8	4.6
23.09.2021	21.3	8.2	12.8	20.4	14.9	12.8	9.3	14.9	17.8
24.09.2021	3	3	3.2	2.7	2.8	3.2	3.2	2.8	2.6
25.09.2021	18.4	16.4	16.3	19.6	17.2	17.4	13.5	17.2	17.2
26.09.2021	0.1	0.4	0.5	0.4	0.3	0.7	0.8	0.3	0.7
27.09.2021	0	0	0	0	0	0	0	0	0
28.09.2021	8.7	8.3	11.3	9.8	5	6.9	7.5	5	12.6
29.09.2021	0.1	0	0	0.1	0	0	0	0	0.1
30.09.2021	1.2	1.5	1.6	0.1	0	1.2	2.5	0	1.3
01.10.2021	0	0	0	0	0	0	0	0	0
02.10.2021	2.2	6.6	8	4.9	1.7	4.4	7.1	1.7	7.3
03.10.2021	0	0	0.1	0	0	0	1.5	0	0
04.10.2021	7.4	11.5	13.9	10.5	8.9	8.5	13	8.9	14
05.10.2021	1.1	3.5	3.2	1.5	2.8	5.1	5.7	2.8	2.1
06.10.2021	0	2.5	3	0.7	4.7	3.7	2.7	4.7	2.8
07.10.2021	6.6	1	3.1	6.4	6.3	2.6	1.3	6.3	4.6
08.10.2021	13.6	7.3	8.8	11.3	10.5	7.8	8	10.5	11
09.10.2021	1.2	1.3	3.4	2.4	2.9	1.1	2.4	2.9	3.6
10.10.2021	9.1	5	7.1	9.7	10	6.7	5	10	8.4
11.10.2021	15.3	12.5	12.8	11.3	14.1	13	13	14.1	11.3
12.10.2021	0.8	4.3	3.4	0.8	3.5	4.6	4.6	3.5	2.3
13.10.2021	2.7	1.8	0.9	1.6	0.1	2.2	0.2	0.1	0.8
14.10.2021	20.5	14.9	19.3	18.1	25.7	14.9	13.2	25.7	15.9
15.10.2021	69	44.7	54.7	57.5	55.3	49.2	46.2	55.3	57.6
16.10.2021	9.6	10	13.1	12.9	17.7	12	8.9	17.7	12.3
17.10.2021	3.5	7.7	8.2	4.8	9.4	11	8	9.4	6.5
18.10.2021	0	4.5	5.1	0	2.9	3.8	3.1	2.9	0.8
19.10.2021	7	4	5.6	9.2	3.8	2.9	3.8	3.8	7.5
20.10.2021	30.3	25.2	24.8	27.9	26.9	26.3	25.7	26.9	29.3
21.10.2021	41.4	29.1	37.2	47.2	40.4	33.8	27.8	40.4	42.2
22.10.2021	22.9	34.5	38.9	37.2	54.4	36.2	29.5	54.4	45.4
23.10.2021	30	33.3	37.2	34.3	46.2	36	29.2	46.2	38.1
24.10.2021	0.6	1.8	4	1.2	1	3.3	3.1	1	1.7
25.10.2021	6.3	1.4	3.8	5.2	1.5	3.3	2.4	1.5	4.3
26.10.2021	16	7.8	10.9	14.9	12.2	11.4	11.1	12.2	13
27.10.2021	12.3	8.5	10.3	10.7	10.7	9.1	8.6	10.7	10.6
28.10.2021	8.1	5	7.4	7.1	5.4	4.5	3.7	5.4	8
29.10.2021	33	20	24.9	22.7	27.3	20.7	20.4	27.3	31.2
30.10.2021	2.4	1.1	0.7	0.9	1.3	1.1	1.3	1.3	0.7
31.10.2021	2.3	3.1	3	1.8	2.1	2.3	2.4	2.1	2.6
01.11.2021	0.7	3.4	2.9	0.3	1.6	2.5	3.9	1.6	1.9
02.11.2021	0	2.8	0	0	0	0.1	0.6	0	0
03.11.2021	0.5	0	1.3	0.7	1.5	1.2	1.8	1.5	1
04.11.2021	0	0	0	0	0	0	0	0	0
05.11.2021	0.4	1	1	0.4	1.1	1.4	1.5	1.1	0.9
06.11.2021	7.9	9.9	11.3	8.2	15.9	11.6	9	15.9	10.9
07.11.2021	0	0	0	0	0	0	0.1	0	0
08.11.2021	0	0	0	0	0	0	0	0	0
09.11.2021	3.9	4.6	6	4.4	7	4.7	4.8	7	5.8
10.11.2021	23.8	8	13.7	18.1	14.7	9.9	9.7	14.7	16.9
11.11.2021	16.9	12.4	14.7	17.1	15.4	15.2	13.2	15.4	17.3
12.11.2021	8.2	9	11.4	10.1	14.9	13.2	12.3	14.9	11
13.11.2021	0.1	0.1	0.1	0.1	0.1	0.2	0.3	0.1	0.1
14.11.2021	0	0	0	0	0	0	0	0	0
15.11.2021	0	0	0	0	0	0	0	0	0
16.11.2021	2.8	1.1	3.7	3.1	0.1	4.1	4	0.1	2.9
17.11.2021	4.9	3	5.3	7	6.8	4.6	3.5	6.8	5.6
18.11.2021	12.3	6.8	10	11.8	9.8	9.9	8.9	9.8	11.5
19.11.2021	18.8	16.1	14.5	14.6	21.5	15.1	14.5	21.5	15.9
20.11.2021	17	11.6	13.1	11.6	14.9	9.4	9.4	14.9	10.7
21.11.2021	0.9	4.4	4.6	2.7	5.9	3.6	6.5	5.9	3.4
22.11.2021	4.1	7.3	4	4.3	12.2	6.6	5.9	12.2	3.9
23.11.2021	7.8	12.2	11.5	9.5	16.5	14.5	11.9	16.5	10
24.11.2021	4.4	6.4	6.4	6.9	15.7	8.9	5.3	15.7	7.8
25.11.2021	19.9	13.3	15.6	18.3	22.2	19.5	17.6	22.2	16.5
26.11.2021	1.4	2.9	0.5	1.2	3.3	4.6	3.3	3.3	0.8
27.11.2021	0	0	0	0	0	0	0	0	0
28.11.2021	0	0	0	0	0	0	0	0	0
29.11.2021	0	0	0	0	0	0	0	0	0
30.11.2021	6	5.4	4.2	3.6	2	5.9	5.4	2	4.1
01.12.2021	0.8	1.4	2.2	1.3	0.1	1.2	1	0.1	1.3
02.12.2021	8.4	4.8	5.1	6.1	5.8	6.8	3.8	5.8	4.4
03.12.2021	5.9	4.5	5.1	5.1	4.6	4.9	4.9	4.6	5.1
04.12.2021	1.7	1.9	2.9	2.4	1.4	2.6	3.1	1.4	3.3
05.12.2021	0	0	0	0	0.1	0.1	0.1	0.1	0
06.12.2021	0.1	0	0	0	0	0	0.1	0	0
07.12.2021	0	0	0	0	0	0	0	0	0
08.12.2021	0	0.3	0	0	0	0.2	0.2	0	0
09.12.2021	0	0	0	0	0	0	0	0	0
10.12.2021	0	0	0	0	0	0	0	0	0
11.12.2021	0	0	0	0	0	0	0.1	0	0
12.12.2021	1.7	2.3	3.5	2.4	3.6	2.4	2.4	3.6	3.1
13.12.2021	0.4	3.4	3.9	0.2	1.6	2.3	4.6	1.6	3.5
14.12.2021	19.6	7.5	10.8	14.2	15.8	12.6	9.9	15.8	14.1
15.12.2021	30.6	12.3	17.6	23.6	23.4	23.5	20.1	23.4	22.6
16.12.2021	21.1	25.8	20.1	19.1	28.1	18.6	16.5	28.1	19.5
17.12.2021	4.6	0.9	1.6	0	4.5	4.5	3.6	4.5	1.6
18.12.2021	2.3	1.7	0.8	0	8	7.2	6.2	8	1.5
19.12.2021	4.8	3.4	5.7	5.5	11.8	14.4	9.1	11.8	6.2
20.12.2021	1.5	3.3	0	0	4	7.5	1.5	4	0
21.12.2021	0	0.6	1.1	0	0.3	0.1	0.1	0.3	0
22.12.2021	0.5	3.1	1.2	0.7	0.8	2.5	2.3	0.8	0.9
23.12.2021	4.1	3	3.5	4.6	3.4	2.7	3.5	3.4	4.7
24.12.2021	3.4	12.7	5.6	2.7	4.3	10.3	7	4.3	3.7
25.12.2021	4.4	16.2	6.2	4.7	4.9	12.2	3	4.9	5.1
26.12.2021	3.5	34	10.2	4	9.3	25.2	10.6	9.3	5.1
27.12.2021	0.4	1.5	0.3	0.4	1.2	2.5	0.3	1.2	1
28.12.2021	0.2	0	0	0.2	0	0	0	0	0.2
29.12.2021	0	0	0	0	0	0	0	0	0
30.12.2021	1.9	3.8	2.8	2	2	4.9	4.5	2	3
31.12.2021	11	24.8	15.5	11.8	20.3	20.7	16.9	20.3	14.8
01.01.2022	10.3	9.4	14.3	15.3	12.7	13.1	13.7	12.7	18.2
02.01.2022	26.4	0	16.9	19.3	23.6	14	23	23.6	22.9
03.01.2022	15	0	6.9	8.1	13.3	4.6	10.1	13.3	7.3
04.01.2022	6.4	7	7.7	6.6	9.4	7.7	8.5	9.4	7.1
05.01.2022	2.8	1.9	2.3	1.9	1.7	2.6	3.3	1.7	2.4
06.01.2022	8	0	1.6	4.1	15.6	3	7.8	15.6	6.5
07.01.2022	0.1	0	0	0.1	0	0	0	0	0.1
08.01.2022	0	0.6	0	0	0	0.6	0.7	0	0
09.01.2022	0	0.4	0.4	0	0.3	0.5	0.7	0.3	0.2
10.01.2022	0	0	0	0	0	0	0	0	0
11.01.2022	0.8	2.1	1.9	0.1	1.3	4	3.3	1.3	1.8
12.01.2022	20	6.7	10	12.5	8.3	6.3	5.5	8.3	12.7
13.01.2022	74.9	27.4	58.3	58.5	41.8	42.3	44.9	41.8	54.3
14.01.2022	22.3	11.3	26.6	29.3	49.6	30.9	26.6	49.6	27.1
15.01.2022	1	3.5	5.9	2.3	10.7	8.1	6.1	10.7	6.6
16.01.2022	3.7	5.1	4.3	3	4.8	3.7	3.8	4.8	3
17.01.2022	15.2	10.8	14.2	14.1	13.9	15.6	14.4	13.9	14.1
18.01.2022	1.5	12.3	3.7	1.8	4.7	9.2	5.7	4.7	2.2
19.01.2022	26.7	17.3	17.2	18.1	20.7	17.8	12.4	20.7	18
20.01.2022	34.6	25.5	32.4	31.3	55.1	32.1	23.8	55.1	32.9
21.01.2022	11	14.9	8.2	8.3	22	14.7	9.3	22	8.8
22.01.2022	7	9	7.3	7.2	6.5	7.4	6.3	6.5	7.8
23.01.2022	0.9	3.9	4.9	1.6	3	4	2.7	3	3.9
24.01.2022	12.9	8.8	12.8	10.4	9.1	11.1	12.2	9.1	14.7
25.01.2022	13.7	16.9	10.6	14.8	17.6	11.5	9.3	17.6	11.8
26.01.2022	15.1	11.6	15.9	15.3	16.1	13.2	13.7	16.1	16.8
27.01.2022	22.4	13.8	23.4	21.6	28.7	20.5	19.9	28.7	21.7
28.01.2022	18	23.4	22.6	20.2	38.3	30.5	28.6	38.3	23.7
29.01.2022	18.2	15.7	22.7	18	23.2	24.1	21.6	23.2	21
30.01.2022	44.7	65.5	44.3	42.9	75.9	45.2	43.6	75.9	50.3
31.01.2022	3.6	1.7	3.2	2.4	5	3.2	2.2	5	2.8
01.02.2022	3.5	9.6	4.7	4.9	5	5.2	2.5	5	5
02.02.2022	11.2	8.4	8.7	9.1	13.6	9.9	9.3	13.6	9.8
03.02.2022	3.4	3.5	3.8	4.1	8.2	4.2	3.9	8.2	3.8
04.02.2022	11.5	6.6	12.8	14.4	19.4	13.4	13.7	19.4	14.1
05.02.2022	27.9	10.3	14.3	22.3	17.4	14.5	11.3	17.4	18.6
06.02.2022	20.5	19.9	14.1	11.6	18	18.4	18.8	18	11.7

